
/root/.triton/cache/XH5W736JZZDUVMCA5H6YJSF3RD6GY3LNY7QKDSURBC74EGV2NXUQ/chunk_gated_delta_rule_fwd_kernel_h_blockdim64.hsaco:	file format elf64-amdgpu

Disassembly of section .text:

0000000000001900 <chunk_gated_delta_rule_fwd_kernel_h_blockdim64>:
	s_load_b256 s[8:15], s[0:1], 0x30                          // 000000001900: F40C0200 F8000030
	s_ashr_i32 s4, s3, 31                                      // 000000001908: 86049F03
	v_lshrrev_b32_e32 v235, 3, v0                              // 00000000190C: 33D60083
	s_lshr_b32 s4, s4, 27                                      // 000000001910: 85049B04
	v_mov_b32_e32 v1, 0                                        // 000000001914: 7E020280
	s_add_i32 s6, s3, s4                                       // 000000001918: 81060403
	v_and_b32_e32 v10, 7, v0                                   // 00000000191C: 36140087
	s_ashr_i32 s4, s6, 5                                       // 000000001920: 86048506
	s_and_not1_b32 s6, s6, 31                                  // 000000001924: 91069F06
	s_ashr_i32 s5, s4, 31                                      // 000000001928: 86059F04
	s_sub_i32 s6, s3, s6                                       // 00000000192C: 81860603
	s_lshl_b64 s[18:19], s[4:5], 2                             // 000000001930: 84928204
	v_dual_mov_b32 v6, 0 :: v_dual_lshlrev_b32 v9, 3, v10      // 000000001934: CA220080 06081483
	s_waitcnt lgkmcnt(0)                                       // 00000000193C: BF89FC07
	s_add_u32 s20, s12, s18                                    // 000000001940: 8014120C
	s_addc_u32 s21, s13, s19                                   // 000000001944: 8215130D
	s_lshl_b64 s[4:5], s[4:5], 3                               // 000000001948: 84848304
	s_delay_alu instid0(SALU_CYCLE_1)                          // 00000000194C: BF870009
	s_add_u32 s12, s14, s4                                     // 000000001950: 800C040E
	s_addc_u32 s13, s15, s5                                    // 000000001954: 820D050F
	s_lshl_b32 s16, s6, 14                                     // 000000001958: 84108E06
	s_add_u32 s4, s10, s18                                     // 00000000195C: 8004120A
	s_addc_u32 s5, s11, s19                                    // 000000001960: 8205130B
	s_load_b32 s3, s[4:5], null                                // 000000001964: F40000C2 F8000000
	s_waitcnt lgkmcnt(0)                                       // 00000000196C: BF89FC07
	s_lshl_b32 s4, s3, 19                                      // 000000001970: 84049303
	s_delay_alu instid0(SALU_CYCLE_1) | instskip(NEXT) | instid1(SALU_CYCLE_1)// 000000001974: BF870499
	s_ashr_i32 s5, s4, 31                                      // 000000001978: 86059F04
	s_lshl_b64 s[4:5], s[4:5], 1                               // 00000000197C: 84848104
	s_delay_alu instid0(SALU_CYCLE_1) | instskip(SKIP_2) | instid1(SALU_CYCLE_1)// 000000001980: BF8704B9
	s_add_u32 s3, s8, s4                                       // 000000001984: 80030408
	s_addc_u32 s8, s9, s5                                      // 000000001988: 82080509
	s_ashr_i32 s17, s16, 31                                    // 00000000198C: 86119F10
	s_lshl_b64 s[4:5], s[16:17], 1                             // 000000001990: 84848110
	s_delay_alu instid0(SALU_CYCLE_1)                          // 000000001994: BF870009
	s_add_u32 s7, s3, s4                                       // 000000001998: 80070403
	s_addc_u32 s14, s8, s5                                     // 00000000199C: 820E0508
	s_lshl_b32 s10, s2, 5                                      // 0000000019A0: 840A8502
	s_load_b64 s[4:5], s[0:1], 0x10                            // 0000000019A4: F4040100 F8000010
	s_load_b64 s[8:9], s[20:21], null                          // 0000000019AC: F404020A F8000000
	s_ashr_i32 s11, s10, 31                                    // 0000000019B4: 860B9F0A
	v_or_b32_e32 v4, s10, v235                                 // 0000000019B8: 3809D60A
	v_mov_b32_e32 v5, s11                                      // 0000000019BC: 7E0A020B
	s_cmp_gt_i32 s10, -1                                       // 0000000019C0: BF02C10A
	s_cselect_b32 s28, -1, 0                                   // 0000000019C4: 981C80C1
	s_delay_alu instid0(VALU_DEP_1) | instskip(SKIP_1) | instid1(VALU_DEP_2)// 0000000019C8: BF870121
	v_lshlrev_b64 v[7:8], 7, v[4:5]                            // 0000000019CC: D73C0007 00020887
	v_cmp_gt_i64_e32 vcc_lo, 0x80, v[4:5]                      // 0000000019D4: 7CA808FF 00000080
	v_or_b32_e32 v2, v7, v9                                    // 0000000019DC: 38041307
	s_delay_alu instid0(VALU_DEP_3) | instskip(SKIP_1) | instid1(VALU_DEP_1)// 0000000019E0: BF8700A3
	v_mov_b32_e32 v3, v8                                       // 0000000019E4: 7E060308
	s_and_b32 s17, s28, vcc_lo                                 // 0000000019E8: 8B116A1C
	v_lshlrev_b64 v[177:178], 1, v[2:3]                        // 0000000019EC: D73C00B1 00020481
	v_dual_mov_b32 v2, 0 :: v_dual_mov_b32 v3, 0               // 0000000019F4: CA100080 02020080
	s_delay_alu instid0(VALU_DEP_2) | instskip(NEXT) | instid1(VALU_DEP_1)// 0000000019FC: BF870092
	v_add_co_u32 v4, s2, s7, v177                              // 000000001A00: D7000204 00036207
	v_add_co_ci_u32_e64 v5, null, s14, v178, s2                // 000000001A08: D5207C05 000B640E
	scratch_store_b64 off, v[4:5], off offset:28               // 000000001A10: DC6D001C 007C0400
	v_mov_b32_e32 v4, 0                                        // 000000001A18: 7E080280
	s_and_saveexec_b32 s2, s17                                 // 000000001A1C: BE822011
	s_cbranch_execz 5                                          // 000000001A20: BFA50005 <chunk_gated_delta_rule_fwd_kernel_h_blockdim64+0x138>
	scratch_load_b64 v[1:2], off, off offset:28                // 000000001A24: DC55001C 017C0000
	s_waitcnt vmcnt(0)                                         // 000000001A2C: BF8903F7
	global_load_b128 v[1:4], v[1:2], off                       // 000000001A30: DC5E0000 017C0001
	s_or_b32 exec_lo, exec_lo, s2                              // 000000001A38: 8C7E027E
	v_and_b32_e32 v5, 8, v0                                    // 000000001A3C: 360A0088
	v_bfe_i32 v11, v0, 4, 1                                    // 000000001A40: D611000B 02050900
	v_and_b32_e32 v176, 32, v0                                 // 000000001A48: 376000A0
	v_and_b32_e32 v14, 0xc0, v0                                // 000000001A4C: 361C00FF 000000C0
	v_lshlrev_b32_e32 v16, 4, v10                              // 000000001A54: 30201484
	v_lshrrev_b32_e32 v12, 1, v5                               // 000000001A58: 32180A81
	v_and_b32_e32 v11, 0x208, v11                              // 000000001A5C: 361616FF 00000208
	v_lshrrev_b32_e32 v13, 4, v176                             // 000000001A64: 321B6084
	v_lshlrev_b32_e32 v15, 1, v14                              // 000000001A68: 301E1C81
	s_clause 0x2                                               // 000000001A6C: BF850002
	scratch_store_b32 off, v14, off offset:36                  // 000000001A70: DC690024 007C0E00
	scratch_store_b32 off, v15, off                            // 000000001A78: DC690000 007C0F00
	scratch_store_b32 off, v16, off offset:4                   // 000000001A80: DC690004 007C1000
	v_or3_b32 v10, v12, v13, v11                               // 000000001A88: D658000A 042E1B0C
	v_and_b32_e32 v11, 6, v0                                   // 000000001A90: 36160086
	v_lshlrev_b32_e32 v12, 3, v0                               // 000000001A94: 30180083
	v_lshrrev_b32_e32 v13, 1, v14                              // 000000001A98: 321A1C81
	v_and_b32_e32 v40, 16, v0                                  // 000000001A9C: 36500090
	v_or3_b32 v10, v10, v15, v16                               // 000000001AA0: D658000A 04421F0A
	scratch_store_b32 off, v11, off offset:40                  // 000000001AA8: DC690028 007C0B00
	v_mul_u32_u24_e32 v11, 0x210, v11                          // 000000001AB0: 161616FF 00000210
	scratch_store_b32 off, v13, off offset:8                   // 000000001AB8: DC690008 007C0D00
	v_and_or_b32 v12, 0x108, v12, v13                          // 000000001AC0: D657000C 043618FF 00000108
	v_xor_b32_e32 v13, 8, v10                                  // 000000001ACC: 3A1A1488
	v_xor_b32_e32 v14, 32, v10                                 // 000000001AD0: 3A1C14A0
	v_xor_b32_e32 v15, 40, v10                                 // 000000001AD4: 3A1E14A8
	v_add_nc_u32_e32 v197, 0, v10                              // 000000001AD8: 4B8A1480
	s_load_b64 s[18:19], s[12:13], null                        // 000000001ADC: F4040486 F8000000
	v_add_nc_u32_e32 v199, 0, v13                              // 000000001AE4: 4B8E1A80
	v_add_nc_u32_e32 v200, 0, v14                              // 000000001AE8: 4B901C80
	v_add_nc_u32_e32 v198, 0, v15                              // 000000001AEC: 4B8C1E80
	v_xor_b32_e32 v16, 64, v10                                 // 000000001AF0: 3A2014C0
	v_xor_b32_e32 v13, 0x48, v10                               // 000000001AF4: 3A1A14FF 00000048
	s_waitcnt vmcnt(0)                                         // 000000001AFC: BF8903F7
	ds_store_b16 v197, v1                                      // 000000001B00: D87C0000 000001C5
	ds_store_b16_d16_hi v199, v1                               // 000000001B08: DA840000 000001C7
	ds_store_b16 v200, v2 offset:1024                          // 000000001B10: D87C0400 000002C8
	ds_store_b16_d16_hi v198, v2 offset:1024                   // 000000001B18: DA840400 000002C6
	v_xor_b32_e32 v1, 0x60, v10                                // 000000001B20: 3A0214FF 00000060
	v_xor_b32_e32 v2, 0x68, v10                                // 000000001B28: 3A0414FF 00000068
	v_lshlrev_b32_e32 v10, 1, v5                               // 000000001B30: 30140A81
	v_lshrrev_b32_e32 v14, 2, v40                              // 000000001B34: 321C5082
	v_xor_b32_e32 v11, v11, v12                                // 000000001B38: 3A16190B
	v_add_nc_u32_e32 v201, 0, v1                               // 000000001B3C: 4B920280
	v_add_nc_u32_e32 v203, 0, v16                              // 000000001B40: 4B962080
	v_add_nc_u32_e32 v204, 0, v13                              // 000000001B44: 4B981A80
	v_add_nc_u32_e32 v202, 0, v2                               // 000000001B48: 4B940480
	v_or3_b32 v1, v10, v14, v11                                // 000000001B4C: D6580001 042E1D0A
	ds_store_b16 v203, v3 offset:2048                          // 000000001B54: D87C0800 000003CB
	ds_store_b16_d16_hi v204, v3 offset:2048                   // 000000001B5C: DA840800 000003CC
	ds_store_b16 v201, v4 offset:3072                          // 000000001B64: D87C0C00 000004C9
	ds_store_b16_d16_hi v202, v4 offset:3072                   // 000000001B6C: DA840C00 000004CA
	s_waitcnt lgkmcnt(0)                                       // 000000001B74: BF89FC07
	s_waitcnt_vscnt null, 0x0                                  // 000000001B78: BC7C0000
	s_barrier                                                  // 000000001B7C: BFBD0000
	v_xor_b32_e32 v2, 0x208, v1                                // 000000001B80: 3A0402FF 00000208
	buffer_gl0_inv                                             // 000000001B88: E0AC0000 00000000
	scratch_store_b32 off, v1, off offset:12                   // 000000001B90: DC69000C 007C0100
	v_add_nc_u32_e32 v205, 0, v1                               // 000000001B98: 4B9A0280
	v_add_co_u32 v1, vcc_lo, v7, v9                            // 000000001B9C: D7006A01 00021307
	v_add_nc_u32_e32 v206, 0, v2                               // 000000001BA4: 4B9C0480
	scratch_store_b32 off, v2, off offset:16                   // 000000001BA8: DC690010 007C0200
	v_add_co_ci_u32_e64 v2, null, 0, v8, vcc_lo                // 000000001BB0: D5207C02 01AA1080
	ds_load_2addr_b32 v[43:44], v205 offset1:32                // 000000001BB8: D8DC2000 2B0000CD
	ds_load_2addr_b32 v[41:42], v206 offset1:32                // 000000001BC0: D8DC2000 290000CE
	v_cmp_eq_u32_e64 s3, 0, v40                                // 000000001BC8: D44A0003 00025080
	v_mov_b32_e32 v3, 0                                        // 000000001BD0: 7E060280
	v_lshlrev_b64 v[179:180], 1, v[1:2]                        // 000000001BD4: D73C00B3 00020281
	v_mov_b32_e32 v4, 0                                        // 000000001BDC: 7E080280
	s_delay_alu instid0(VALU_DEP_2) | instskip(NEXT) | instid1(VALU_DEP_1)// 000000001BE0: BF870092
	v_add_co_u32 v1, vcc_lo, s7, v179                          // 000000001BE4: D7006A01 00036607
	v_add_co_ci_u32_e64 v2, null, s14, v180, vcc_lo            // 000000001BEC: D5207C02 01AB680E
	scratch_store_b64 off, v[1:2], off offset:20               // 000000001BF4: DC6D0014 007C0100
	v_dual_mov_b32 v1, 0 :: v_dual_mov_b32 v2, 0               // 000000001BFC: CA100080 01020080
	s_and_saveexec_b32 s2, s17                                 // 000000001C04: BE822011
	s_cbranch_execz 5                                          // 000000001C08: BFA50005 <chunk_gated_delta_rule_fwd_kernel_h_blockdim64+0x320>
	scratch_load_b64 v[1:2], off, off offset:20                // 000000001C0C: DC550014 017C0000
	s_waitcnt vmcnt(0)                                         // 000000001C14: BF8903F7
	global_load_b128 v[1:4], v[1:2], off offset:128            // 000000001C18: DC5E0080 017C0001
	s_or_b32 exec_lo, exec_lo, s2                              // 000000001C20: 8C7E027E
	s_waitcnt vmcnt(0) lgkmcnt(0)                              // 000000001C24: BF890007
	s_waitcnt_vscnt null, 0x0                                  // 000000001C28: BC7C0000
	s_barrier                                                  // 000000001C2C: BFBD0000
	buffer_gl0_inv                                             // 000000001C30: E0AC0000 00000000
	ds_store_b16 v197, v1                                      // 000000001C38: D87C0000 000001C5
	ds_store_b16_d16_hi v199, v1                               // 000000001C40: DA840000 000001C7
	ds_store_b16 v200, v2 offset:1024                          // 000000001C48: D87C0400 000002C8
	ds_store_b16_d16_hi v198, v2 offset:1024                   // 000000001C50: DA840400 000002C6
	ds_store_b16 v203, v3 offset:2048                          // 000000001C58: D87C0800 000003CB
	ds_store_b16_d16_hi v204, v3 offset:2048                   // 000000001C60: DA840800 000003CC
	ds_store_b16 v201, v4 offset:3072                          // 000000001C68: D87C0C00 000004C9
	ds_store_b16_d16_hi v202, v4 offset:3072                   // 000000001C70: DA840C00 000004CA
	s_waitcnt lgkmcnt(0)                                       // 000000001C78: BF89FC07
	s_barrier                                                  // 000000001C7C: BFBD0000
	buffer_gl0_inv                                             // 000000001C80: E0AC0000 00000000
	ds_load_2addr_b32 v[47:48], v205 offset1:32                // 000000001C88: D8DC2000 2F0000CD
	ds_load_2addr_b32 v[45:46], v206 offset1:32                // 000000001C90: D8DC2000 2D0000CE
	s_lshl_b32 s14, s8, 5                                      // 000000001C98: 840E8508
	s_sub_i32 s12, s9, s8                                      // 000000001C9C: 818C0809
	s_add_i32 s2, s14, s6                                      // 000000001CA0: 8102060E
	v_dual_mov_b32 v2, 0 :: v_dual_lshlrev_b32 v1, 12, v235    // 000000001CA4: CA220080 0201D68C
	s_lshl_b32 s20, s2, 7                                      // 000000001CAC: 84148702
	s_add_i32 s41, s12, 63                                     // 000000001CB0: 8129BF0C
	s_ashr_i32 s21, s20, 31                                    // 000000001CB4: 86159F14
	v_cmp_gt_i32_e32 vcc_lo, s12, v235                         // 000000001CB8: 7C89D60C
	s_lshl_b64 s[20:21], s[20:21], 1                           // 000000001CBC: 84948114
	v_dual_mov_b32 v7, 0 :: v_dual_lshlrev_b32 v8, 1, v1       // 000000001CC0: CA220080 07080281
	s_add_u32 s43, s4, s20                                     // 000000001CC8: 802B1404
	s_addc_u32 s44, s5, s21                                    // 000000001CCC: 822C1505
	s_cmp_gt_i32 s41, 63                                       // 000000001CD0: BF02BF29
	v_dual_mov_b32 v1, 0 :: v_dual_lshlrev_b32 v50, 1, v9      // 000000001CD4: CA220080 01321281
	v_dual_mov_b32 v3, 0 :: v_dual_mov_b32 v4, 0               // 000000001CDC: CA100080 03040080
	s_cselect_b32 s2, -1, 0                                    // 000000001CE4: 980280C1
	s_delay_alu instid0(SALU_CYCLE_1) | instskip(NEXT) | instid1(SALU_CYCLE_1)// 000000001CE8: BF870499
	s_and_b32 s9, vcc_lo, s2                                   // 000000001CEC: 8B09026A
	s_and_saveexec_b32 s4, s9                                  // 000000001CF0: BE842009
	s_cbranch_execz 12                                         // 000000001CF4: BFA5000C <chunk_gated_delta_rule_fwd_kernel_h_blockdim64+0x428>
	v_add_co_u32 v1, s5, s43, v8                               // 000000001CF8: D7000501 0002102B
	s_delay_alu instid0(VALU_DEP_1) | instskip(NEXT) | instid1(VALU_DEP_2)// 000000001D00: BF870111
	v_add_co_ci_u32_e64 v2, null, s44, 0, s5                   // 000000001D04: D5207C02 0015002C
	v_add_co_u32 v1, vcc_lo, v1, v50                           // 000000001D0C: D7006A01 00026501
	s_delay_alu instid0(VALU_DEP_1)                            // 000000001D14: BF870001
	v_add_co_ci_u32_e64 v2, null, 0, v2, vcc_lo                // 000000001D18: D5207C02 01AA0480
	global_load_b128 v[1:4], v[1:2], off                       // 000000001D20: DC5E0000 017C0001
	s_or_b32 exec_lo, exec_lo, s4                              // 000000001D28: 8C7E047E
	v_or_b32_e32 v236, 32, v235                                // 000000001D2C: 39D9D6A0
	v_dual_mov_b32 v10, 0 :: v_dual_mov_b32 v11, 0             // 000000001D30: CA100080 0A0A0080
	s_delay_alu instid0(VALU_DEP_2) | instskip(SKIP_1) | instid1(VALU_DEP_2)// 000000001D38: BF870122
	v_dual_mov_b32 v9, 0 :: v_dual_lshlrev_b32 v12, 13, v236   // 000000001D3C: CA220080 090DD88D
	v_cmp_gt_i32_e32 vcc_lo, s12, v236                         // 000000001D44: 7C89D80C
	v_add_co_u32 v12, s4, s43, v12                             // 000000001D48: D700040C 0002182B
	s_delay_alu instid0(VALU_DEP_1) | instskip(SKIP_2) | instid1(VALU_DEP_1)// 000000001D50: BF8700B1
	v_add_co_ci_u32_e64 v13, null, s44, 0, s4                  // 000000001D54: D5207C0D 0011002C
	s_and_b32 s13, vcc_lo, s2                                  // 000000001D5C: 8B0D026A
	v_add_co_u32 v21, s4, v12, v50                             // 000000001D60: D7000415 0002650C
	v_add_co_ci_u32_e64 v22, null, 0, v13, s4                  // 000000001D68: D5207C16 00121A80
	v_mov_b32_e32 v12, 0                                       // 000000001D70: 7E180280
	s_and_saveexec_b32 s4, s13                                 // 000000001D74: BE84200D
	s_cbranch_execz 2                                          // 000000001D78: BFA50002 <chunk_gated_delta_rule_fwd_kernel_h_blockdim64+0x484>
	global_load_b128 v[9:12], v[21:22], off                    // 000000001D7C: DC5E0000 097C0015
	s_or_b32 exec_lo, exec_lo, s4                              // 000000001D84: 8C7E047E
	s_load_b64 s[24:25], s[0:1], 0x8                           // 000000001D88: F4040600 F8000008
	v_dual_mov_b32 v13, 0 :: v_dual_mov_b32 v18, 0             // 000000001D90: CA100080 0D120080
	v_dual_mov_b32 v17, 0 :: v_dual_mov_b32 v20, 0             // 000000001D98: CA100080 11140080
	v_mov_b32_e32 v19, 0                                       // 000000001DA0: 7E260280
	s_and_saveexec_b32 s4, s9                                  // 000000001DA4: BE842009
	s_cbranch_execz 12                                         // 000000001DA8: BFA5000C <chunk_gated_delta_rule_fwd_kernel_h_blockdim64+0x4dc>
	v_add_co_u32 v8, s5, s43, v8                               // 000000001DAC: D7000508 0002102B
	s_delay_alu instid0(VALU_DEP_1) | instskip(NEXT) | instid1(VALU_DEP_2)// 000000001DB4: BF870111
	v_add_co_ci_u32_e64 v15, null, s44, 0, s5                  // 000000001DB8: D5207C0F 0015002C
	v_add_co_u32 v14, vcc_lo, v8, v50                          // 000000001DC0: D7006A0E 00026508
	s_delay_alu instid0(VALU_DEP_1)                            // 000000001DC8: BF870001
	v_add_co_ci_u32_e64 v15, null, 0, v15, vcc_lo              // 000000001DCC: D5207C0F 01AA1E80
	global_load_b128 v[17:20], v[14:15], off offset:128        // 000000001DD4: DC5E0080 117C000E
	s_or_b32 exec_lo, exec_lo, s4                              // 000000001DDC: 8C7E047E
	s_load_b64 s[22:23], s[0:1], 0x20                          // 000000001DE0: F4040580 F8000020
	v_dual_mov_b32 v14, 0 :: v_dual_mov_b32 v15, 0             // 000000001DE8: CA100080 0E0E0080
	v_mov_b32_e32 v16, 0                                       // 000000001DF0: 7E200280
	s_and_saveexec_b32 s4, s13                                 // 000000001DF4: BE84200D
	s_cbranch_execz 2                                          // 000000001DF8: BFA50002 <chunk_gated_delta_rule_fwd_kernel_h_blockdim64+0x504>
	global_load_b128 v[13:16], v[21:22], off offset:128        // 000000001DFC: DC5E0080 0D7C0015
	s_or_b32 exec_lo, exec_lo, s4                              // 000000001E04: 8C7E047E
	v_mov_b32_e32 v38, 0                                       // 000000001E08: 7E4C0280
	v_and_b32_e32 v8, 3, v0                                    // 000000001E0C: 36100083
	v_lshrrev_b32_e32 v237, 2, v0                              // 000000001E10: 33DA0082
	s_mov_b32 s42, 0                                           // 000000001E14: BEAA0080
	s_delay_alu instid0(VALU_DEP_3) | instskip(NEXT) | instid1(VALU_DEP_3)// 000000001E18: BF870193
	v_dual_mov_b32 v182, s11 :: v_dual_mov_b32 v153, v38       // 000000001E1C: CA10000B B6980126
	v_lshlrev_b32_e32 v21, 3, v8                               // 000000001E24: 302A1083
	v_dual_mov_b32 v155, v38 :: v_dual_and_b32 v8, 0xfc, v0    // 000000001E28: CA240126 9B0800FF 000000FC
	v_cmp_gt_i32_e32 vcc_lo, s12, v237                         // 000000001E34: 7C89DA0C
	s_delay_alu instid0(VALU_DEP_3) | instskip(NEXT) | instid1(VALU_DEP_3)// 000000001E38: BF870193
	v_or_b32_e32 v181, s10, v21                                // 000000001E3C: 396A2A0A
	v_dual_mov_b32 v154, v38 :: v_dual_lshlrev_b32 v37, 10, v8 // 000000001E40: CA220126 9A24108A
	v_mov_b32_e32 v156, v38                                    // 000000001E48: 7F380326
	s_clause 0x1                                               // 000000001E4C: BF850001
	scratch_store_b32 off, v21, off offset:48                  // 000000001E50: DC690030 007C1500
	scratch_store_b32 off, v8, off offset:44                   // 000000001E58: DC69002C 007C0800
	v_cmp_gt_i64_e64 s4, 0x80, v[181:182]                      // 000000001E60: D4540004 00036AFF 00000080
	v_add_co_u32 v185, s5, v37, v181                           // 000000001E6C: D70005B9 00036B25
	s_delay_alu instid0(VALU_DEP_1)                            // 000000001E74: BF870001
	v_add_co_ci_u32_e64 v186, null, 0, s11, s5                 // 000000001E78: D5207CBA 00141680
	s_and_b32 s19, s28, s4                                     // 000000001E80: 8B13041C
	s_waitcnt lgkmcnt(0)                                       // 000000001E84: BF89FC07
	s_add_u32 s26, s24, s20                                    // 000000001E88: 801A1418
	s_addc_u32 s27, s25, s21                                   // 000000001E8C: 821B1519
	s_and_b32 s4, s19, vcc_lo                                  // 000000001E90: 8B046A13
	s_delay_alu instid0(SALU_CYCLE_1) | instskip(NEXT) | instid1(SALU_CYCLE_1)// 000000001E94: BF870499
	s_and_b32 s5, s2, s4                                       // 000000001E98: 8B050402
	s_and_saveexec_b32 s4, s5                                  // 000000001E9C: BE842005
	s_cbranch_execz 9                                          // 000000001EA0: BFA50009 <chunk_gated_delta_rule_fwd_kernel_h_blockdim64+0x5c8>
	v_lshlrev_b64 v[21:22], 1, v[185:186]                      // 000000001EA4: D73C0015 00037281
	s_delay_alu instid0(VALU_DEP_1) | instskip(NEXT) | instid1(VALU_DEP_1)// 000000001EAC: BF870091
	v_add_co_u32 v21, vcc_lo, s26, v21                         // 000000001EB0: D7006A15 00022A1A
	v_add_co_ci_u32_e64 v22, null, s27, v22, vcc_lo            // 000000001EB8: D5207C16 01AA2C1B
	global_load_b128 v[153:156], v[21:22], off                 // 000000001EC0: DC5E0000 997C0015
	s_or_b32 exec_lo, exec_lo, s4                              // 000000001EC8: 8C7E047E
	s_load_b64 s[4:5], s[0:1], null                            // 000000001ECC: F4040100 F8000000
	s_ashr_i32 s15, s14, 31                                    // 000000001ED4: 860F9F0E
	s_delay_alu instid0(SALU_CYCLE_1) | instskip(NEXT) | instid1(SALU_CYCLE_1)// 000000001ED8: BF870499
	s_lshl_b64 s[14:15], s[14:15], 2                           // 000000001EDC: 848E820E
	s_add_u32 s14, s22, s14                                    // 000000001EE0: 800E0E16
	s_addc_u32 s15, s23, s15                                   // 000000001EE4: 820F0F17
	s_and_not1_b32 vcc_lo, exec_lo, s2                         // 000000001EE8: 916A027E
	s_ashr_i32 s7, s6, 31                                      // 000000001EEC: 86079F06
	s_cbranch_vccnz 14                                         // 000000001EF0: BFA4000E <chunk_gated_delta_rule_fwd_kernel_h_blockdim64+0x62c>
	s_min_u32 s22, s12, 64                                     // 000000001EF4: 8996C00C
	s_delay_alu instid0(SALU_CYCLE_1) | instskip(NEXT) | instid1(SALU_CYCLE_1)// 000000001EF8: BF870499
	s_lshl_b32 s22, s22, 7                                     // 000000001EFC: 84168716
	s_add_u32 s24, s14, s22                                    // 000000001F00: 8018160E
	s_addc_u32 s25, s15, 0                                     // 000000001F04: 8219800F
	s_lshl_b64 s[22:23], s[6:7], 2                             // 000000001F08: 84968206
	s_delay_alu instid0(SALU_CYCLE_1)                          // 000000001F0C: BF870009
	s_add_u32 s22, s24, s22                                    // 000000001F10: 80161618
	s_addc_u32 s23, s25, s23                                   // 000000001F14: 82171719
	s_add_u32 s22, s22, 0xffffff80                             // 000000001F18: 8016FF16 FFFFFF80
	s_addc_u32 s23, s23, -1                                    // 000000001F20: 8217C117
	s_load_b32 s42, s[22:23], null                             // 000000001F24: F4000A8B F8000000
	v_dual_mov_b32 v103, 0 :: v_dual_and_b32 v8, 0xc0, v0      // 000000001F2C: CA240080 670800FF 000000C0
	v_dual_mov_b32 v184, 0 :: v_dual_and_b32 v21, 15, v0       // 000000001F38: CA240080 B814008F
	s_lshl_b64 s[22:23], s[6:7], 2                             // 000000001F40: 84968206
	s_delay_alu instid0(VALU_DEP_2) | instskip(SKIP_2) | instid1(VALU_DEP_1)// 000000001F44: BF8700B2
	v_lshrrev_b32_e32 v8, 2, v8                                // 000000001F48: 32101082
	s_add_u32 s14, s14, s22                                    // 000000001F4C: 800E160E
	s_addc_u32 s15, s15, s23                                   // 000000001F50: 820F170F
	v_or_b32_e32 v238, v8, v21                                 // 000000001F54: 39DC2B08
	s_delay_alu instid0(VALU_DEP_1) | instskip(SKIP_1) | instid1(SALU_CYCLE_1)// 000000001F58: BF8704A1
	v_cmp_gt_i32_e32 vcc_lo, s12, v238                         // 000000001F5C: 7C89DC0C
	s_and_b32 s22, vcc_lo, s2                                  // 000000001F60: 8B16026A
	s_and_saveexec_b32 s7, s22                                 // 000000001F64: BE872016
	s_cbranch_execz 3                                          // 000000001F68: BFA50003 <chunk_gated_delta_rule_fwd_kernel_h_blockdim64+0x678>
	v_lshlrev_b32_e32 v8, 7, v238                              // 000000001F6C: 3011DC87
	global_load_b32 v103, v8, s[14:15]                         // 000000001F70: DC520000 670E0008
	s_or_b32 exec_lo, exec_lo, s7                              // 000000001F78: 8C7E077E
	s_bfe_u32 s7, s6, 0x10007                                  // 000000001F7C: 9307FF06 00010007
	v_dual_mov_b32 v21, 0 :: v_dual_lshlrev_b32 v8, 11, v235   // 000000001F84: CA220080 1509D68B
	s_add_i32 s6, s6, s7                                       // 000000001F8C: 81060706
	s_lshl_b32 s7, s8, 11                                      // 000000001F90: 84078B08
	s_bfe_i32 s6, s6, 0x80000                                  // 000000001F94: 9386FF06 00080000
	v_dual_mov_b32 v22, 0 :: v_dual_mov_b32 v23, 0             // 000000001F9C: CA100080 16160080
	s_sext_i32_i16 s6, s6                                      // 000000001FA4: BE860F06
	v_lshlrev_b32_e32 v8, 1, v8                                // 000000001FA8: 30101081
	s_lshl_b32 s6, s6, 6                                       // 000000001FAC: 84068606
	v_mov_b32_e32 v24, 0                                       // 000000001FB0: 7E300280
	s_and_b32 s6, s6, 0xffffff80                               // 000000001FB4: 8B06FF06 FFFFFF80
	s_delay_alu instid0(SALU_CYCLE_1) | instskip(NEXT) | instid1(SALU_CYCLE_1)// 000000001FBC: BF870499
	s_add_i32 s6, s7, s6                                       // 000000001FC0: 81060607
	s_ashr_i32 s7, s6, 31                                      // 000000001FC4: 86079F06
	s_delay_alu instid0(SALU_CYCLE_1)                          // 000000001FC8: BF870009
	s_lshl_b64 s[6:7], s[6:7], 1                               // 000000001FCC: 84868106
	s_waitcnt lgkmcnt(0)                                       // 000000001FD0: BF89FC07
	s_add_u32 s6, s4, s6                                       // 000000001FD4: 80060604
	s_addc_u32 s5, s5, s7                                      // 000000001FD8: 82050705
	s_and_saveexec_b32 s7, s9                                  // 000000001FDC: BE872009
	s_cbranch_execz 12                                         // 000000001FE0: BFA5000C <chunk_gated_delta_rule_fwd_kernel_h_blockdim64+0x714>
	v_add_co_u32 v21, s4, s6, v8                               // 000000001FE4: D7000415 00021006
	s_delay_alu instid0(VALU_DEP_1) | instskip(NEXT) | instid1(VALU_DEP_2)// 000000001FEC: BF870111
	v_add_co_ci_u32_e64 v22, null, s5, 0, s4                   // 000000001FF0: D5207C16 00110005
	v_add_co_u32 v21, s4, v21, v50                             // 000000001FF8: D7000415 00026515
	s_delay_alu instid0(VALU_DEP_1)                            // 000000002000: BF870001
	v_add_co_ci_u32_e64 v22, null, 0, v22, s4                  // 000000002004: D5207C16 00122C80
	global_load_b128 v[21:24], v[21:22], off                   // 00000000200C: DC5E0000 157C0015
	s_or_b32 exec_lo, exec_lo, s7                              // 000000002014: 8C7E077E
	v_dual_mov_b32 v29, 0 :: v_dual_lshlrev_b32 v28, 11, v236  // 000000002018: CA220080 1D1DD88B
	v_dual_mov_b32 v25, 0 :: v_dual_mov_b32 v26, 0             // 000000002020: CA100080 191A0080
	v_mov_b32_e32 v27, 0                                       // 000000002028: 7E360280
	s_delay_alu instid0(VALU_DEP_3)                            // 00000000202C: BF870003
	v_dual_mov_b32 v28, 0 :: v_dual_lshlrev_b32 v39, 1, v28    // 000000002030: CA220080 1C263881
	s_and_saveexec_b32 s7, s13                                 // 000000002038: BE87200D
	s_cbranch_execz 12                                         // 00000000203C: BFA5000C <chunk_gated_delta_rule_fwd_kernel_h_blockdim64+0x770>
	s_delay_alu instid0(VALU_DEP_1) | instskip(NEXT) | instid1(VALU_DEP_1)// 000000002040: BF870091
	v_add_co_u32 v25, s4, s6, v39                              // 000000002044: D7000419 00024E06
	v_add_co_ci_u32_e64 v26, null, s5, 0, s4                   // 00000000204C: D5207C1A 00110005
	s_delay_alu instid0(VALU_DEP_2) | instskip(NEXT) | instid1(VALU_DEP_1)// 000000002054: BF870092
	v_add_co_u32 v25, s4, v25, v50                             // 000000002058: D7000419 00026519
	v_add_co_ci_u32_e64 v26, null, 0, v26, s4                  // 000000002060: D5207C1A 00123480
	global_load_b128 v[25:28], v[25:26], off                   // 000000002068: DC5E0000 197C0019
	s_or_b32 exec_lo, exec_lo, s7                              // 000000002070: 8C7E077E
	s_clause 0x1                                               // 000000002074: BF850001
	s_load_b64 s[22:23], s[0:1], 0x18                          // 000000002078: F4040580 F8000018
	s_load_b64 s[24:25], s[0:1], 0x28                          // 000000002080: F4040600 F8000028
	v_add_co_u32 v239, s0, s6, v50                             // 000000002088: D70000EF 00026406
	s_delay_alu instid0(VALU_DEP_1)                            // 000000002090: BF870001
	v_add_co_ci_u32_e64 v240, null, s5, 0, s0                  // 000000002094: D5207CF0 00010005
	v_dual_mov_b32 v30, 0 :: v_dual_mov_b32 v31, 0             // 00000000209C: CA100080 1E1E0080
	v_mov_b32_e32 v32, 0                                       // 0000000020A4: 7E400280
	s_and_saveexec_b32 s1, s9                                  // 0000000020A8: BE812009
	s_cbranch_execz 7                                          // 0000000020AC: BFA50007 <chunk_gated_delta_rule_fwd_kernel_h_blockdim64+0x7cc>
	v_add_co_u32 v29, s0, v239, v8                             // 0000000020B0: D700001D 000211EF
	s_delay_alu instid0(VALU_DEP_1)                            // 0000000020B8: BF870001
	v_add_co_ci_u32_e64 v30, null, 0, v240, s0                 // 0000000020BC: D5207C1E 0003E080
	global_load_b128 v[29:32], v[29:30], off offset:128        // 0000000020C4: DC5E0080 1D7C001D
	s_or_b32 exec_lo, exec_lo, s1                              // 0000000020CC: 8C7E017E
	v_dual_mov_b32 v33, 0 :: v_dual_mov_b32 v34, 0             // 0000000020D0: CA100080 21220080
	v_dual_mov_b32 v35, 0 :: v_dual_mov_b32 v36, 0             // 0000000020D8: CA100080 23240080
	s_and_saveexec_b32 s1, s13                                 // 0000000020E0: BE81200D
	s_cbranch_execz 7                                          // 0000000020E4: BFA50007 <chunk_gated_delta_rule_fwd_kernel_h_blockdim64+0x804>
	v_add_co_u32 v33, s0, v239, v39                            // 0000000020E8: D7000021 00024FEF
	s_delay_alu instid0(VALU_DEP_1)                            // 0000000020F0: BF870001
	v_add_co_ci_u32_e64 v34, null, 0, v240, s0                 // 0000000020F4: D5207C22 0003E080
	global_load_b128 v[33:36], v[33:34], off offset:128        // 0000000020FC: DC5E0080 217C0021
	s_or_b32 exec_lo, exec_lo, s1                              // 000000002104: 8C7E017E
	v_lshrrev_b32_e32 v8, 4, v40                               // 000000002108: 32105084
	v_lshrrev_b32_e32 v39, 1, v176                             // 00000000210C: 324F6081
	v_dual_mov_b32 v40, s11 :: v_dual_lshlrev_b32 v53, 16, v47 // 000000002110: CA22000B 28345E90
	v_mov_b32_e32 v58, s11                                     // 000000002118: 7E74020B
	v_dual_mov_b32 v56, s11 :: v_dual_and_b32 v51, 0xffff0000, v45// 00000000211C: CA24000B 38325AFF FFFF0000
	s_delay_alu instid0(VALU_DEP_4) | instskip(SKIP_3) | instid1(VALU_DEP_4)// 000000002128: BF870244
	v_or_b32_e32 v49, v8, v39                                  // 00000000212C: 38624F08
	v_and_b32_e32 v52, 0xffff0000, v47                         // 000000002130: 36685EFF FFFF0000
	v_dual_add_f32 v212, 0, v53 :: v_dual_and_b32 v47, 0xffff0000, v48// 000000002138: C9246A80 D42E60FF FFFF0000
	v_mov_b32_e32 v60, s11                                     // 000000002144: 7E78020B
	v_or_b32_e32 v39, s10, v49                                 // 000000002148: 384E620A
	v_dual_mov_b32 v62, s11 :: v_dual_add_f32 v211, 0, v51     // 00000000214C: CA08000B 3ED26680
	s_delay_alu instid0(VALU_DEP_4) | instskip(NEXT) | instid1(VALU_DEP_3)// 000000002154: BF870194
	v_dual_mov_b32 v66, s11 :: v_dual_add_f32 v209, 0, v47     // 000000002158: CA08000B 42D05E80
	v_or_b32_e32 v57, 4, v39                                   // 000000002160: 38724E84
	v_or_b32_e32 v55, 2, v39                                   // 000000002164: 386E4E82
	v_or_b32_e32 v59, 6, v39                                   // 000000002168: 38764E86
	v_cmp_gt_i64_e64 s0, 0x80, v[39:40]                        // 00000000216C: D4540000 00024EFF 00000080
	v_or_b32_e32 v61, 8, v39                                   // 000000002178: 387A4E88
	v_cmp_gt_i64_e64 s4, 0x80, v[57:58]                        // 00000000217C: D4540004 000272FF 00000080
	v_and_b32_e32 v57, 0xffff0000, v43                         // 000000002188: 367256FF FFFF0000
	v_lshlrev_b32_e32 v58, 16, v43                             // 000000002190: 30745690
	v_lshlrev_b32_e32 v54, 16, v45                             // 000000002194: 306C5A90
	v_and_b32_e32 v45, 0xffff0000, v46                         // 000000002198: 365A5CFF FFFF0000
	v_cmp_gt_i64_e64 s1, 0x80, v[55:56]                        // 0000000021A0: D4540001 00026EFF 00000080
	v_and_b32_e32 v55, 0xffff0000, v41                         // 0000000021AC: 366E52FF FFFF0000
	v_lshlrev_b32_e32 v43, 16, v44                             // 0000000021B4: 30565890
	v_dual_add_f32 v215, 0, v57 :: v_dual_add_f32 v210, 0, v52 // 0000000021B8: C9087280 D7D26880
	v_add_f32_e32 v86, 0, v45                                  // 0000000021C0: 06AC5A80
	v_lshlrev_b32_e32 v56, 16, v41                             // 0000000021C4: 30705290
	v_and_b32_e32 v41, 0xffff0000, v44                         // 0000000021C8: 365258FF FFFF0000
	v_lshlrev_b32_e32 v48, 16, v48                             // 0000000021D0: 30606090
	v_cmp_gt_i64_e64 s5, 0x80, v[59:60]                        // 0000000021D4: D4540005 000276FF 00000080
	v_add_f32_e32 v214, 0, v55                                 // 0000000021E0: 07AC6E80
	v_dual_add_f32 v216, 0, v43 :: v_dual_lshlrev_b32 v59, 1, v0// 0000000021E4: C9225680 D83A0081
	s_and_b32 s29, s28, s0                                     // 0000000021EC: 8B1D001C
	v_cmp_eq_u32_e64 s0, 0, v5                                 // 0000000021F0: D44A0000 00020A80
	v_and_b32_e32 v5, 0xffff0000, v42                          // 0000000021F8: 360A54FF FFFF0000
	v_dual_add_f32 v213, 0, v41 :: v_dual_lshlrev_b32 v42, 16, v42// 000000002200: C9225280 D52A5490
	v_add_f32_e32 v208, 0, v48                                 // 000000002208: 07A06080
	v_dual_add_f32 v218, 0, v56 :: v_dual_and_b32 v59, 0x70, v59// 00000000220C: C9247080 DA3A76FF 00000070
	v_lshlrev_b32_e32 v44, 4, v0                               // 000000002218: 30580084
	v_or_b32_e32 v63, 10, v39                                  // 00000000221C: 387E4E8A
	v_or_b32_e32 v65, 12, v39                                  // 000000002220: 38824E8C
	v_or_b32_e32 v67, 14, v39                                  // 000000002224: 38864E8E
	v_lshlrev_b32_e32 v46, 16, v46                             // 000000002228: 305C5C90
	v_dual_mov_b32 v68, s11 :: v_dual_add_f32 v217, 0, v42     // 00000000222C: CA08000B 44D85480
	v_dual_add_f32 v219, 0, v58 :: v_dual_mov_b32 v64, s11     // 000000002234: C9107480 DB40000B
	v_add_f32_e32 v207, 0, v54                                 // 00000000223C: 079E6C80
	v_xor_b32_e32 v59, v44, v59                                // 000000002240: 3A76772C
	s_and_b32 s31, s28, s4                                     // 000000002244: 8B1F041C
	s_lshl_b32 s4, s18, 19                                     // 000000002248: 84049312
	v_add_f32_e32 v85, 0, v46                                  // 00000000224C: 06AA5C80
	v_cmp_gt_i64_e64 s6, 0x80, v[61:62]                        // 000000002250: D4540006 00027AFF 00000080
	v_cmp_gt_i64_e64 s7, 0x80, v[63:64]                        // 00000000225C: D4540007 00027EFF 00000080
	v_cmp_gt_i64_e64 s8, 0x80, v[65:66]                        // 000000002268: D4540008 000282FF 00000080
	v_cmp_gt_i64_e64 s9, 0x80, v[67:68]                        // 000000002274: D4540009 000286FF 00000080
	s_and_b32 s30, s28, s1                                     // 000000002280: 8B1E011C
	s_ashr_i32 s1, s41, 31                                     // 000000002284: 86019F29
	s_add_i32 s4, s4, s16                                      // 000000002288: 81041004
	s_lshr_b32 s1, s1, 26                                      // 00000000228C: 85019A01
	s_and_b32 s33, s28, s5                                     // 000000002290: 8B21051C
	v_dual_add_f32 v8, 0, v5 :: v_dual_add_nc_u32 v241, 0, v59 // 000000002294: C9200A80 08F07680
	s_ashr_i32 s5, s4, 31                                      // 00000000229C: 86059F04
	s_add_i32 s1, s41, s1                                      // 0000000022A0: 81010129
	s_lshl_b64 s[4:5], s[4:5], 1                               // 0000000022A4: 84848104
	s_and_b32 s34, s28, s6                                     // 0000000022A8: 8B22061C
	s_and_b32 s35, s28, s7                                     // 0000000022AC: 8B23071C
	s_and_b32 s36, s28, s8                                     // 0000000022B0: 8B24081C
	s_and_b32 s37, s28, s9                                     // 0000000022B4: 8B25091C
	s_ashr_i32 s28, s1, 6                                      // 0000000022B8: 861C8601
	v_add3_u32 v59, 0x2000, 0, v59                             // 0000000022BC: D655003B 04ED00FF 00002000
	s_waitcnt lgkmcnt(0)                                       // 0000000022C8: BF89FC07
	s_add_u32 s18, s24, s4                                     // 0000000022CC: 80120418
	s_addc_u32 s24, s25, s5                                    // 0000000022D0: 82180519
	v_cmp_eq_u32_e64 s1, 0, v176                               // 0000000022D4: D44A0001 00036080
	s_waitcnt vmcnt(0)                                         // 0000000022DC: BF8903F7
	s_waitcnt_vscnt null, 0x0                                  // 0000000022E0: BC7C0000
	s_barrier                                                  // 0000000022E4: BFBD0000
	buffer_gl0_inv                                             // 0000000022E8: E0AC0000 00000000
	v_add_nc_u32_e32 v242, 0, v44                              // 0000000022F0: 4BE45880
	ds_store_b128 v241, v[1:4]                                 // 0000000022F4: DB7C0000 000001F1
	ds_store_b128 v241, v[9:12] offset:4096                    // 0000000022FC: DB7C1000 000009F1
	ds_store_b128 v241, v[17:20] offset:8192                   // 000000002304: DB7C2000 000011F1
	ds_store_b128 v59, v[13:16] offset:4096                    // 00000000230C: DB7C1000 00000D3B
	v_add3_u32 v1, 0x4000, 0, v44                              // 000000002314: D6550001 04B100FF 00004000
	s_add_u32 s7, s22, s20                                     // 000000002320: 80071416
	v_add3_u32 v2, 0x6000, 0, v44                              // 000000002324: D6550002 04B100FF 00006000
	s_addc_u32 s16, s23, s21                                   // 000000002330: 82101517
	s_and_b32 s20, s37, vcc_lo                                 // 000000002334: 8B146A25
	s_and_b32 s21, s36, vcc_lo                                 // 000000002338: 8B156A24
	s_and_b32 s22, s35, vcc_lo                                 // 00000000233C: 8B166A23
	s_and_b32 s23, s34, vcc_lo                                 // 000000002340: 8B176A22
	s_and_b32 s25, s33, vcc_lo                                 // 000000002344: 8B196A21
	s_and_b32 s38, s31, vcc_lo                                 // 000000002348: 8B266A1F
	s_and_b32 s39, s30, vcc_lo                                 // 00000000234C: 8B276A1E
	s_and_b32 s40, s29, vcc_lo                                 // 000000002350: 8B286A1D
	s_cmpk_lt_i32 s41, 0x80                                    // 000000002354: B3A90080
	ds_store_b128 v242, v[21:24] offset:16384                  // 000000002358: DB7C4000 000015F2
	ds_store_b128 v242, v[29:32] offset:24576                  // 000000002360: DB7C6000 00001DF2
	ds_store_b128 v1, v[25:28] offset:4096                     // 000000002368: DB7C1000 00001901
	ds_store_b128 v2, v[33:36] offset:4096                     // 000000002370: DB7C1000 00002102
	s_cbranch_scc1 3032                                        // 000000002378: BFA20BD8 <chunk_gated_delta_rule_fwd_kernel_h_blockdim64+0x39dc>
	scratch_load_b32 v9, off, off offset:12                    // 00000000237C: DC51000C 097C0000
	v_bfe_u32 v1, v219, 16, 1                                  // 000000002384: D6100001 020521DB
	v_bfe_u32 v2, v215, 16, 1                                  // 00000000238C: D6100002 020521D7
	v_bfe_u32 v4, v218, 16, 1                                  // 000000002394: D6100004 020521DA
	v_cmp_o_f32_e32 vcc_lo, v58, v58                           // 00000000239C: 7C2E753A
	v_bfe_u32 v3, v214, 16, 1                                  // 0000000023A0: D6100003 020521D6
	v_add3_u32 v1, v219, v1, 0x7fff                            // 0000000023A8: D6550001 03FE03DB 00007FFF
	v_add3_u32 v2, v215, v2, 0x7fff                            // 0000000023B4: D6550002 03FE05D7 00007FFF
	v_add3_u32 v4, v218, v4, 0x7fff                            // 0000000023C0: D6550004 03FE09DA 00007FFF
	v_bfe_u32 v10, v216, 16, 1                                 // 0000000023CC: D610000A 020521D8
	v_add3_u32 v3, v214, v3, 0x7fff                            // 0000000023D4: D6550003 03FE07D6 00007FFF
	v_lshrrev_b32_e32 v1, 16, v1                               // 0000000023E0: 32020290
	v_lshrrev_b32_e32 v2, 16, v2                               // 0000000023E4: 32040490
	v_lshrrev_b32_e32 v4, 16, v4                               // 0000000023E8: 32080890
	s_add_i32 s4, 0, 0x8000                                    // 0000000023EC: 8104FF80 00008000
	v_lshrrev_b32_e32 v3, 16, v3                               // 0000000023F4: 32060690
	v_cndmask_b32_e32 v1, 0x7fff, v1, vcc_lo                   // 0000000023F8: 020202FF 00007FFF
	v_cmp_o_f32_e32 vcc_lo, v57, v57                           // 000000002400: 7C2E7339
	v_add3_u32 v10, v216, v10, 0x7fff                          // 000000002404: D655000A 03FE15D8 00007FFF
	v_bfe_u32 v11, v217, 16, 1                                 // 000000002410: D610000B 020521D9
	v_bfe_u32 v12, v8, 16, 1                                   // 000000002418: D610000C 02052108
	v_cndmask_b32_e32 v2, 0x7fff, v2, vcc_lo                   // 000000002420: 020404FF 00007FFF
	v_cmp_o_f32_e32 vcc_lo, v56, v56                           // 000000002428: 7C2E7138
	v_lshrrev_b32_e32 v10, 16, v10                             // 00000000242C: 32141490
	v_add3_u32 v11, v217, v11, 0x7fff                          // 000000002430: D655000B 03FE17D9 00007FFF
	v_add3_u32 v12, v8, v12, 0x7fff                            // 00000000243C: D655000C 03FE1908 00007FFF
	v_cndmask_b32_e32 v4, 0x7fff, v4, vcc_lo                   // 000000002448: 020808FF 00007FFF
	v_cmp_o_f32_e32 vcc_lo, v55, v55                           // 000000002450: 7C2E6F37
	s_delay_alu instid0(VALU_DEP_4) | instskip(NEXT) | instid1(VALU_DEP_4)// 000000002454: BF870214
	v_lshrrev_b32_e32 v11, 16, v11                             // 000000002458: 32161690
	v_lshrrev_b32_e32 v12, 16, v12                             // 00000000245C: 32181890
	v_cndmask_b32_e32 v3, 0x7fff, v3, vcc_lo                   // 000000002460: 020606FF 00007FFF
	v_cmp_o_f32_e32 vcc_lo, v43, v43                           // 000000002468: 7C2E572B
	v_cndmask_b32_e32 v10, 0x7fff, v10, vcc_lo                 // 00000000246C: 021414FF 00007FFF
	v_cmp_o_f32_e32 vcc_lo, v41, v41                           // 000000002474: 7C2E5329
	s_waitcnt vmcnt(0)                                         // 000000002478: BF8903F7
	v_add_nc_u32_e32 v13, s4, v9                               // 00000000247C: 4A1A1204
	v_bfe_u32 v9, v213, 16, 1                                  // 000000002480: D6100009 020521D5
	s_delay_alu instid0(VALU_DEP_1) | instskip(NEXT) | instid1(VALU_DEP_1)// 000000002488: BF870091
	v_add3_u32 v9, v213, v9, 0x7fff                            // 00000000248C: D6550009 03FE13D5 00007FFF
	v_lshrrev_b32_e32 v9, 16, v9                               // 000000002498: 32121290
	s_delay_alu instid0(VALU_DEP_1)                            // 00000000249C: BF870001
	v_cndmask_b32_e32 v14, 0x7fff, v9, vcc_lo                  // 0000000024A0: 021C12FF 00007FFF
	scratch_load_b32 v9, off, off offset:16                    // 0000000024A8: DC510010 097C0000
	v_cmp_o_f32_e32 vcc_lo, v42, v42                           // 0000000024B0: 7C2E552A
	v_cndmask_b32_e32 v15, 0x7fff, v11, vcc_lo                 // 0000000024B4: 021E16FF 00007FFF
	v_cmp_o_f32_e32 vcc_lo, v5, v5                             // 0000000024BC: 7C2E0B05
	v_perm_b32 v11, v14, v10, 0x5040100                        // 0000000024C0: D644000B 03FE150E 05040100
	v_perm_b32 v10, v3, v4, 0x5040100                          // 0000000024CC: D644000A 03FE0903 05040100
	v_cndmask_b32_e32 v5, 0x7fff, v12, vcc_lo                  // 0000000024D8: 020A18FF 00007FFF
	s_delay_alu instid0(VALU_DEP_1)                            // 0000000024E0: BF870001
	v_perm_b32 v12, v5, v15, 0x5040100                         // 0000000024E4: D644000C 03FE1F05 05040100
	s_waitcnt vmcnt(0)                                         // 0000000024F0: BF8903F7
	v_add_nc_u32_e32 v16, s4, v9                               // 0000000024F4: 4A201204
	v_perm_b32 v9, v2, v1, 0x5040100                           // 0000000024F8: D6440009 03FE0302 05040100
	ds_store_b32 v205, v9 offset:32768                         // 000000002504: D8348000 000009CD
	ds_store_b32 v13, v11 offset:128                           // 00000000250C: D8340080 00000B0D
	ds_store_b32 v206, v10 offset:32768                        // 000000002514: D8348000 00000ACE
	ds_store_b32 v16, v12 offset:128                           // 00000000251C: D8340080 00000C10
	s_waitcnt lgkmcnt(0)                                       // 000000002524: BF89FC07
	s_barrier                                                  // 000000002528: BFBD0000
	buffer_gl0_inv                                             // 00000000252C: E0AC0000 00000000
	s_and_saveexec_b32 s4, s17                                 // 000000002534: BE842011
	s_cbranch_execz 38                                         // 000000002538: BFA50026 <chunk_gated_delta_rule_fwd_kernel_h_blockdim64+0xcd4>
	ds_load_u16 v1, v197 offset:32768                          // 00000000253C: D8F08000 010000C5
	ds_load_u16 v2, v199 offset:32768                          // 000000002544: D8F08000 020000C7
	ds_load_u16 v3, v200 offset:33792                          // 00000000254C: D8F08400 030000C8
	ds_load_u16 v4, v198 offset:33792                          // 000000002554: D8F08400 040000C6
	ds_load_u16 v5, v203 offset:34816                          // 00000000255C: D8F08800 050000CB
	ds_load_u16 v13, v204 offset:34816                         // 000000002564: D8F08800 0D0000CC
	ds_load_u16 v14, v201 offset:35840                         // 00000000256C: D8F08C00 0E0000C9
	ds_load_u16 v15, v202 offset:35840                         // 000000002574: D8F08C00 0F0000CA
	s_waitcnt lgkmcnt(6)                                       // 00000000257C: BF89FC67
	v_perm_b32 v1, v2, v1, 0x5040100                           // 000000002580: D6440001 03FE0302 05040100
	s_waitcnt lgkmcnt(4)                                       // 00000000258C: BF89FC47
	v_perm_b32 v2, v4, v3, 0x5040100                           // 000000002590: D6440002 03FE0704 05040100
	s_waitcnt lgkmcnt(2)                                       // 00000000259C: BF89FC27
	v_perm_b32 v3, v13, v5, 0x5040100                          // 0000000025A0: D6440003 03FE0B0D 05040100
	v_add_co_u32 v13, vcc_lo, s18, v177                        // 0000000025AC: D7006A0D 00036212
	s_waitcnt lgkmcnt(0)                                       // 0000000025B4: BF89FC07
	v_perm_b32 v4, v15, v14, 0x5040100                         // 0000000025B8: D6440004 03FE1D0F 05040100
	v_add_co_ci_u32_e64 v14, null, s24, v178, vcc_lo           // 0000000025C4: D5207C0E 01AB6418
	global_store_b128 v[13:14], v[1:4], off                    // 0000000025CC: DC760000 007C010D
	s_or_b32 exec_lo, exec_lo, s4                              // 0000000025D4: 8C7E047E
	v_bfe_u32 v1, v212, 16, 1                                  // 0000000025D8: D6100001 020521D4
	v_bfe_u32 v2, v207, 16, 1                                  // 0000000025E0: D6100002 020521CF
	v_bfe_u32 v3, v210, 16, 1                                  // 0000000025E8: D6100003 020521D2
	v_cmp_o_f32_e32 vcc_lo, v53, v53                           // 0000000025F0: 7C2E6B35
	v_bfe_u32 v4, v211, 16, 1                                  // 0000000025F4: D6100004 020521D3
	v_add3_u32 v1, v212, v1, 0x7fff                            // 0000000025FC: D6550001 03FE03D4 00007FFF
	v_add3_u32 v2, v207, v2, 0x7fff                            // 000000002608: D6550002 03FE05CF 00007FFF
	v_add3_u32 v3, v210, v3, 0x7fff                            // 000000002614: D6550003 03FE07D2 00007FFF
	v_bfe_u32 v5, v208, 16, 1                                  // 000000002620: D6100005 020521D0
	v_add3_u32 v4, v211, v4, 0x7fff                            // 000000002628: D6550004 03FE09D3 00007FFF
	v_lshrrev_b32_e32 v1, 16, v1                               // 000000002634: 32020290
	v_lshrrev_b32_e32 v2, 16, v2                               // 000000002638: 32040490
	v_lshrrev_b32_e32 v3, 16, v3                               // 00000000263C: 32060690
	v_add_nc_u32_e32 v13, 0x8000, v206                         // 000000002640: 4A1B9CFF 00008000
	s_waitcnt_vscnt null, 0x0                                  // 000000002648: BC7C0000
	v_cndmask_b32_e32 v36, 0x7fff, v1, vcc_lo                  // 00000000264C: 024802FF 00007FFF
	v_cmp_o_f32_e32 vcc_lo, v54, v54                           // 000000002654: 7C2E6D36
	v_bfe_u32 v1, v209, 16, 1                                  // 000000002658: D6100001 020521D1
	s_barrier                                                  // 000000002660: BFBD0000
	buffer_gl0_inv                                             // 000000002664: E0AC0000 00000000
	v_cndmask_b32_e32 v37, 0x7fff, v2, vcc_lo                  // 00000000266C: 024A04FF 00007FFF
	v_cmp_o_f32_e32 vcc_lo, v52, v52                           // 000000002674: 7C2E6934
	v_lshrrev_b32_e32 v2, 16, v4                               // 000000002678: 32040890
	v_bfe_u32 v4, v85, 16, 1                                   // 00000000267C: D6100004 02052155
	v_add3_u32 v1, v209, v1, 0x7fff                            // 000000002684: D6550001 03FE03D1 00007FFF
	v_cndmask_b32_e32 v41, 0x7fff, v3, vcc_lo                  // 000000002690: 025206FF 00007FFF
	v_add3_u32 v3, v208, v5, 0x7fff                            // 000000002698: D6550003 03FE0BD0 00007FFF
	v_cmp_o_f32_e32 vcc_lo, v51, v51                           // 0000000026A4: 7C2E6733
	v_bfe_u32 v5, v86, 16, 1                                   // 0000000026A8: D6100005 02052156
	v_lshrrev_b32_e32 v1, 16, v1                               // 0000000026B0: 32020290
	v_cndmask_b32_e32 v42, 0x7fff, v2, vcc_lo                  // 0000000026B4: 025404FF 00007FFF
	v_lshrrev_b32_e32 v2, 16, v3                               // 0000000026BC: 32040690
	v_cmp_o_f32_e32 vcc_lo, v48, v48                           // 0000000026C0: 7C2E6130
	v_add3_u32 v3, v85, v4, 0x7fff                             // 0000000026C4: D6550003 03FE0955 00007FFF
	v_add3_u32 v4, v86, v5, 0x7fff                             // 0000000026D0: D6550004 03FE0B56 00007FFF
	s_delay_alu instid0(VALU_DEP_4) | instskip(SKIP_1) | instid1(VALU_DEP_4)// 0000000026DC: BF870224
	v_cndmask_b32_e32 v43, 0x7fff, v2, vcc_lo                  // 0000000026E0: 025604FF 00007FFF
	v_cmp_o_f32_e32 vcc_lo, v47, v47                           // 0000000026E8: 7C2E5F2F
	v_lshrrev_b32_e32 v2, 16, v3                               // 0000000026EC: 32040690
	s_delay_alu instid0(VALU_DEP_4)                            // 0000000026F0: BF870004
	v_lshrrev_b32_e32 v3, 16, v4                               // 0000000026F4: 32060890
	v_perm_b32 v4, v42, v37, 0x5040100                         // 0000000026F8: D6440004 03FE4B2A 05040100
	v_cndmask_b32_e32 v44, 0x7fff, v1, vcc_lo                  // 000000002704: 025802FF 00007FFF
	v_cmp_o_f32_e32 vcc_lo, v46, v46                           // 00000000270C: 7C2E5D2E
	v_perm_b32 v1, v41, v36, 0x5040100                         // 000000002710: D6440001 03FE4929 05040100
	v_cndmask_b32_e32 v46, 0x7fff, v2, vcc_lo                  // 00000000271C: 025C04FF 00007FFF
	v_cmp_o_f32_e32 vcc_lo, v45, v45                           // 000000002724: 7C2E5B2D
	v_perm_b32 v2, v44, v43, 0x5040100                         // 000000002728: D6440002 03FE572C 05040100
	v_cndmask_b32_e32 v45, 0x7fff, v3, vcc_lo                  // 000000002734: 025A06FF 00007FFF
	v_add_nc_u32_e32 v3, 0x8000, v205                          // 00000000273C: 4A079AFF 00008000
	s_delay_alu instid0(VALU_DEP_2)                            // 000000002744: BF870002
	v_perm_b32 v5, v45, v46, 0x5040100                         // 000000002748: D6440005 03FE5D2D 05040100
	ds_store_2addr_b32 v3, v1, v2 offset1:32                   // 000000002754: D8382000 00020103
	ds_store_2addr_b32 v13, v4, v5 offset1:32                  // 00000000275C: D8382000 0005040D
	s_waitcnt lgkmcnt(0)                                       // 000000002764: BF89FC07
	s_barrier                                                  // 000000002768: BFBD0000
	buffer_gl0_inv                                             // 00000000276C: E0AC0000 00000000
	s_and_saveexec_b32 s4, s17                                 // 000000002774: BE842011
	s_cbranch_execz 38                                         // 000000002778: BFA50026 <chunk_gated_delta_rule_fwd_kernel_h_blockdim64+0xf14>
	ds_load_u16 v1, v197 offset:32768                          // 00000000277C: D8F08000 010000C5
	ds_load_u16 v2, v199 offset:32768                          // 000000002784: D8F08000 020000C7
	ds_load_u16 v3, v200 offset:33792                          // 00000000278C: D8F08400 030000C8
	ds_load_u16 v4, v198 offset:33792                          // 000000002794: D8F08400 040000C6
	ds_load_u16 v5, v203 offset:34816                          // 00000000279C: D8F08800 050000CB
	ds_load_u16 v13, v204 offset:34816                         // 0000000027A4: D8F08800 0D0000CC
	ds_load_u16 v14, v201 offset:35840                         // 0000000027AC: D8F08C00 0E0000C9
	ds_load_u16 v15, v202 offset:35840                         // 0000000027B4: D8F08C00 0F0000CA
	s_waitcnt lgkmcnt(6)                                       // 0000000027BC: BF89FC67
	v_perm_b32 v1, v2, v1, 0x5040100                           // 0000000027C0: D6440001 03FE0302 05040100
	s_waitcnt lgkmcnt(4)                                       // 0000000027CC: BF89FC47
	v_perm_b32 v2, v4, v3, 0x5040100                           // 0000000027D0: D6440002 03FE0704 05040100
	s_waitcnt lgkmcnt(2)                                       // 0000000027DC: BF89FC27
	v_perm_b32 v3, v13, v5, 0x5040100                          // 0000000027E0: D6440003 03FE0B0D 05040100
	v_add_co_u32 v13, vcc_lo, s18, v179                        // 0000000027EC: D7006A0D 00036612
	s_waitcnt lgkmcnt(0)                                       // 0000000027F4: BF89FC07
	v_perm_b32 v4, v15, v14, 0x5040100                         // 0000000027F8: D6440004 03FE1D0F 05040100
	v_add_co_ci_u32_e64 v14, null, s24, v180, vcc_lo           // 000000002804: D5207C0E 01AB6818
	global_store_b128 v[13:14], v[1:4], off offset:128         // 00000000280C: DC760080 007C010D
	s_or_b32 exec_lo, exec_lo, s4                              // 000000002814: 8C7E047E
	v_or_b32_e32 v5, 64, v235                                  // 000000002818: 380BD6C0
	s_ashr_i32 s13, s12, 31                                    // 00000000281C: 860D9F0C
	v_add_co_u32 v243, s4, s43, v50                            // 000000002820: D70004F3 0002642B
	s_delay_alu instid0(VALU_DEP_1) | instskip(NEXT) | instid1(VALU_DEP_3)// 000000002828: BF870191
	v_add_co_ci_u32_e64 v244, null, s44, 0, s4                 // 00000000282C: D5207CF4 0011002C
	v_dual_mov_b32 v1, 0 :: v_dual_lshlrev_b32 v2, 12, v5      // 000000002834: CA220080 01020A8C
	v_cmp_gt_i64_e32 vcc_lo, s[12:13], v[5:6]                  // 00000000283C: 7CA80A0C
	v_dual_mov_b32 v69, 0 :: v_dual_mov_b32 v70, 0             // 000000002840: CA100080 45460080
	s_delay_alu instid0(VALU_DEP_3)                            // 000000002848: BF870003
	v_dual_mov_b32 v72, 0 :: v_dual_lshlrev_b32 v47, 1, v2     // 00000000284C: CA220080 482E0481
	v_mov_b32_e32 v71, 0                                       // 000000002854: 7E8E0280
	s_and_saveexec_b32 s5, vcc_lo                              // 000000002858: BE85206A
	s_cbranch_execz 7                                          // 00000000285C: BFA50007 <chunk_gated_delta_rule_fwd_kernel_h_blockdim64+0xf7c>
	s_delay_alu instid0(VALU_DEP_2) | instskip(NEXT) | instid1(VALU_DEP_1)// 000000002860: BF870092
	v_add_co_u32 v2, s4, v243, v47                             // 000000002864: D7000402 00025FF3
	v_add_co_ci_u32_e64 v3, null, 0, v244, s4                  // 00000000286C: D5207C03 0013E880
	global_load_b128 v[69:72], v[2:3], off                     // 000000002874: DC5E0000 457C0002
	s_or_b32 exec_lo, exec_lo, s5                              // 00000000287C: 8C7E057E
	v_or_b32_e32 v6, 64, v236                                  // 000000002880: 380DD8C0
	v_dual_mov_b32 v2, 0 :: v_dual_mov_b32 v3, 0               // 000000002884: CA100080 02020080
	s_delay_alu instid0(VALU_DEP_2) | instskip(NEXT) | instid1(VALU_DEP_1)// 00000000288C: BF870092
	v_lshlrev_b32_e32 v4, 13, v6                               // 000000002890: 30080C8D
	v_add_co_u32 v4, s4, s43, v4                               // 000000002894: D7000404 0002082B
	s_delay_alu instid0(VALU_DEP_1) | instskip(SKIP_1) | instid1(VALU_DEP_3)// 00000000289C: BF8701A1
	v_add_co_ci_u32_e64 v13, null, s44, 0, s4                  // 0000000028A0: D5207C0D 0011002C
	v_cmp_gt_i64_e64 s4, s[12:13], v[6:7]                      // 0000000028A8: D4540004 00020C0C
	v_add_co_u32 v34, s5, v4, v50                              // 0000000028B0: D7000522 00026504
	s_delay_alu instid0(VALU_DEP_1) | instskip(SKIP_1) | instid1(VALU_DEP_4)// 0000000028B8: BF870221
	v_add_co_ci_u32_e64 v35, null, 0, v13, s5                  // 0000000028BC: D5207C23 00161A80
	v_mov_b32_e32 v4, 0                                        // 0000000028C4: 7E080280
	s_and_saveexec_b32 s5, s4                                  // 0000000028C8: BE852004
	s_cbranch_execz 2                                          // 0000000028CC: BFA50002 <chunk_gated_delta_rule_fwd_kernel_h_blockdim64+0xfd8>
	global_load_b128 v[1:4], v[34:35], off                     // 0000000028D0: DC5E0000 017C0022
	s_or_b32 exec_lo, exec_lo, s5                              // 0000000028D8: 8C7E057E
	s_clause 0x1                                               // 0000000028DC: BF850001
	scratch_load_b32 v13, off, off offset:4                    // 0000000028E0: DC510004 0D7C0000
	scratch_load_b32 v15, off, off offset:8                    // 0000000028E8: DC510008 0F7C0000
	v_and_b32_e32 v7, 15, v0                                   // 0000000028F0: 360E008F
	v_cndmask_b32_e64 v14, 0x90, 0, s3                         // 0000000028F4: D501000E 000D00FF 00000090
	v_and_b32_e32 v16, 0xc0, v0                                // 000000002900: 362000FF 000000C0
	s_waitcnt vmcnt(1)                                         // 000000002908: BF8907F7
	s_delay_alu instid0(VALU_DEP_3) | instskip(SKIP_3) | instid1(VALU_DEP_2)// 00000000290C: BF870143
	v_lshl_or_b32 v13, v7, 7, v13                              // 000000002910: D656000D 04350F07
	s_waitcnt vmcnt(0)                                         // 000000002918: BF8903F7
	v_lshl_or_b32 v7, v7, 1, v15                               // 00000000291C: D6560007 043D0307
	v_lshlrev_b32_e32 v15, 6, v176                             // 000000002924: 301F6086
	v_xor_b32_e32 v14, v7, v14                                 // 000000002928: 3A1C1D07
	s_delay_alu instid0(VALU_DEP_1) | instskip(NEXT) | instid1(VALU_DEP_1)// 00000000292C: BF870091
	v_or_b32_e32 v14, v14, v15                                 // 000000002930: 381C1F0E
	v_xor_b32_e32 v25, 32, v14                                 // 000000002934: 3A321CA0
	v_xor_b32_e32 v26, 64, v14                                 // 000000002938: 3A341CC0
	v_xor_b32_e32 v27, 0x60, v14                               // 00000000293C: 3A361CFF 00000060
	s_delay_alu instid0(VALU_DEP_3) | instskip(SKIP_2) | instid1(VALU_DEP_3)// 000000002944: BF8701B3
	v_dual_mov_b32 v25, 0 :: v_dual_add_nc_u32 v254, 0, v25    // 000000002948: CA200080 19FE3280
	v_lshl_or_b32 v16, v16, 5, v13                             // 000000002950: D6560010 04350B10
	v_or_b32_e32 v13, v13, v15                                 // 000000002958: 381A1F0D
	v_mov_b32_e32 v32, v25                                     // 00000000295C: 7E400319
	s_delay_alu instid0(VALU_DEP_3)                            // 000000002960: BF870003
	v_xor_b32_e32 v17, 16, v16                                 // 000000002964: 3A222090
	v_xor_b32_e32 v18, 32, v16                                 // 000000002968: 3A2420A0
	v_xor_b32_e32 v19, 48, v16                                 // 00000000296C: 3A2620B0
	v_xor_b32_e32 v20, 0x50, v16                               // 000000002970: 3A2820FF 00000050
	v_xor_b32_e32 v28, 16, v13                                 // 000000002978: 3A381A90
	v_xor_b32_e32 v29, 32, v13                                 // 00000000297C: 3A3A1AA0
	v_xor_b32_e32 v30, 48, v13                                 // 000000002980: 3A3C1AB0
	v_xor_b32_e32 v31, 64, v13                                 // 000000002984: 3A3E1AC0
	v_xor_b32_e32 v15, 64, v16                                 // 000000002988: 3A1E20C0
	v_xor_b32_e32 v21, 0x60, v16                               // 00000000298C: 3A2A20FF 00000060
	v_xor_b32_e32 v22, 0x70, v16                               // 000000002994: 3A2C20FF 00000070
	v_add_nc_u32_e32 v245, 0, v16                              // 00000000299C: 4BEA2080
	v_add_nc_u32_e32 v246, 0, v17                              // 0000000029A0: 4BEC2280
	v_xor_b32_e32 v16, 0x50, v13                               // 0000000029A4: 3A201AFF 00000050
	v_add_nc_u32_e32 v247, 0, v18                              // 0000000029AC: 4BEE2480
	v_add_nc_u32_e32 v248, 0, v19                              // 0000000029B0: 4BF02680
	v_add_nc_u32_e32 v250, 0, v20                              // 0000000029B4: 4BF42880
	v_add_nc_u32_e32 v228, 0, v28                              // 0000000029B8: 4BC83880
	v_add_nc_u32_e32 v224, 0, v29                              // 0000000029BC: 4BC03A80
	v_add_nc_u32_e32 v225, 0, v30                              // 0000000029C0: 4BC23C80
	v_add_nc_u32_e32 v230, 0, v31                              // 0000000029C4: 4BCC3E80
	v_mov_b32_e32 v28, v25                                     // 0000000029C8: 7E380319
	v_mov_b32_e32 v29, v25                                     // 0000000029CC: 7E3A0319
	v_mov_b32_e32 v30, v25                                     // 0000000029D0: 7E3C0319
	v_dual_mov_b32 v31, v25 :: v_dual_add_nc_u32 v222, 0, v27  // 0000000029D4: CA200119 1FDE3680
	v_mov_b32_e32 v27, v25                                     // 0000000029DC: 7E360319
	v_dual_mov_b32 v26, v25 :: v_dual_add_nc_u32 v255, 0, v26  // 0000000029E0: CA200119 1AFE3480
	v_add_nc_u32_e32 v253, 0, v14                              // 0000000029E8: 4BFA1C80
	v_add_nc_u32_e32 v226, 0, v13                              // 0000000029EC: 4BC41A80
	v_add_nc_u32_e32 v249, 0, v15                              // 0000000029F0: 4BF21E80
	v_add_nc_u32_e32 v251, 0, v21                              // 0000000029F4: 4BF62A80
	v_xor_b32_e32 v33, 0x60, v13                               // 0000000029F8: 3A421AFF 00000060
	v_xor_b32_e32 v48, 0x70, v13                               // 000000002A00: 3A601AFF 00000070
	ds_load_b128 v[50:53], v245                                // 000000002A08: DBFC0000 320000F5
	ds_load_b128 v[54:57], v246                                // 000000002A10: DBFC0000 360000F6
	v_add_nc_u32_e32 v252, 0, v22                              // 000000002A18: 4BF82C80
	ds_load_b128 v[58:61], v247                                // 000000002A1C: DBFC0000 3A0000F7
	ds_load_b128 v[62:65], v248                                // 000000002A24: DBFC0000 3E0000F8
	ds_load_b128 v[73:76], v249                                // 000000002A2C: DBFC0000 490000F9
	ds_load_b128 v[77:80], v250                                // 000000002A34: DBFC0000 4D0000FA
	ds_load_b128 v[17:20], v251                                // 000000002A3C: DBFC0000 110000FB
	ds_load_b128 v[21:24], v252                                // 000000002A44: DBFC0000 150000FC
	s_waitcnt lgkmcnt(0)                                       // 000000002A4C: BF89FC07
	s_waitcnt_vscnt null, 0x0                                  // 000000002A50: BC7C0000
	s_barrier                                                  // 000000002A54: BFBD0000
	buffer_gl0_inv                                             // 000000002A58: E0AC0000 00000000
	ds_store_b16 v253, v9 offset:32768                         // 000000002A60: D87C8000 000009FD
	ds_store_b16 v253, v11 offset:33792                        // 000000002A68: D87C8400 00000BFD
	ds_store_b16 v254, v10 offset:33024                        // 000000002A70: D87C8100 00000AFE
	ds_store_b16 v254, v12 offset:34048                        // 000000002A78: D87C8500 00000CFE
	ds_store_b16_d16_hi v255, v9 offset:33280                  // 000000002A80: DA848200 000009FF
	ds_store_b16_d16_hi v255, v11 offset:34304                 // 000000002A88: DA848600 00000BFF
	ds_store_b16_d16_hi v222, v10 offset:33536                 // 000000002A90: DA848300 00000ADE
	ds_store_b16_d16_hi v222, v12 offset:34560                 // 000000002A98: DA848700 00000CDE
	v_add_nc_u32_e32 v231, 0, v16                              // 000000002AA0: 4BCE2080
	v_mov_b32_e32 v9, v25                                      // 000000002AA4: 7E120319
	s_waitcnt lgkmcnt(0)                                       // 000000002AA8: BF89FC07
	s_barrier                                                  // 000000002AAC: BFBD0000
	buffer_gl0_inv                                             // 000000002AB0: E0AC0000 00000000
	v_mov_b32_e32 v15, v31                                     // 000000002AB8: 7E1E031F
	ds_load_b128 v[87:90], v226 offset:32768                   // 000000002ABC: DBFC8000 570000E2
	ds_load_b128 v[91:94], v228 offset:32768                   // 000000002AC4: DBFC8000 5B0000E4
	ds_load_b128 v[95:98], v224 offset:32768                   // 000000002ACC: DBFC8000 5F0000E0
	ds_load_b128 v[99:102], v225 offset:32768                  // 000000002AD4: DBFC8000 630000E1
	ds_load_b128 v[104:107], v230 offset:32768                 // 000000002ADC: DBFC8000 680000E6
	ds_load_b128 v[108:111], v231 offset:32768                 // 000000002AE4: DBFC8000 6C0000E7
	v_add_nc_u32_e32 v233, 0, v33                              // 000000002AEC: 4BD24280
	v_add_nc_u32_e32 v234, 0, v48                              // 000000002AF0: 4BD46080
	v_dual_mov_b32 v10, v26 :: v_dual_mov_b32 v11, v27         // 000000002AF4: CA10011A 0A0A011B
	v_dual_mov_b32 v12, v28 :: v_dual_mov_b32 v13, v29         // 000000002AFC: CA10011C 0C0C011D
	v_mov_b32_e32 v14, v30                                     // 000000002B04: 7E1C031E
	v_mov_b32_e32 v16, v32                                     // 000000002B08: 7E200320
	ds_load_b128 v[26:29], v233 offset:32768                   // 000000002B0C: DBFC8000 1A0000E9
	ds_load_b128 v[30:33], v234 offset:32768                   // 000000002B14: DBFC8000 1E0000EA
	s_waitcnt lgkmcnt(6)                                       // 000000002B1C: BF89FC67
	v_wmma_f32_16x16x16_bf16 v[9:16], v[87:94], v[50:57], v[9:16]// 000000002B20: CC414009 1C266557
	s_waitcnt lgkmcnt(4)                                       // 000000002B28: BF89FC47
	s_delay_alu instid0(VALU_DEP_1) | instskip(SKIP_1) | instid1(VALU_DEP_1)// 000000002B2C: BF8700A1
	v_wmma_f32_16x16x16_bf16 v[9:16], v[95:102], v[58:65], v[9:16]// 000000002B30: CC414009 1C26755F
	s_waitcnt lgkmcnt(2)                                       // 000000002B38: BF89FC27
	v_wmma_f32_16x16x16_bf16 v[9:16], v[104:111], v[73:80], v[9:16]// 000000002B3C: CC414009 1C269368
	v_dual_mov_b32 v73, 0 :: v_dual_mov_b32 v74, 0             // 000000002B44: CA100080 494A0080
	v_dual_mov_b32 v75, 0 :: v_dual_mov_b32 v76, 0             // 000000002B4C: CA100080 4B4C0080
	s_and_saveexec_b32 s6, vcc_lo                              // 000000002B54: BE86206A
	s_cbranch_execz 7                                          // 000000002B58: BFA50007 <chunk_gated_delta_rule_fwd_kernel_h_blockdim64+0x1278>
	v_add_co_u32 v47, s5, v243, v47                            // 000000002B5C: D700052F 00025FF3
	s_delay_alu instid0(VALU_DEP_1)                            // 000000002B64: BF870001
	v_add_co_ci_u32_e64 v48, null, 0, v244, s5                 // 000000002B68: D5207C30 0017E880
	global_load_b128 v[73:76], v[47:48], off offset:128        // 000000002B70: DC5E0080 497C002F
	s_or_b32 exec_lo, exec_lo, s6                              // 000000002B78: 8C7E067E
	s_waitcnt lgkmcnt(0)                                       // 000000002B7C: BF89FC07
	v_wmma_f32_16x16x16_bf16 v[9:16], v[26:33], v[17:24], v[9:16]// 000000002B80: CC414009 1C26231A
	v_dual_mov_b32 v26, 0 :: v_dual_mov_b32 v27, 0             // 000000002B88: CA100080 1A1A0080
	v_mov_b32_e32 v28, 0                                       // 000000002B90: 7E380280
	s_and_saveexec_b32 s5, s4                                  // 000000002B94: BE852004
	s_cbranch_execz 2                                          // 000000002B98: BFA50002 <chunk_gated_delta_rule_fwd_kernel_h_blockdim64+0x12a4>
	global_load_b128 v[25:28], v[34:35], off offset:128        // 000000002B9C: DC5E0080 197C0022
	s_or_b32 exec_lo, exec_lo, s5                              // 000000002BA4: 8C7E057E
	ds_load_b128 v[17:20], v245 offset:8192                    // 000000002BA8: DBFC2000 110000F5
	ds_load_b128 v[21:24], v246 offset:8192                    // 000000002BB0: DBFC2000 150000F6
	ds_load_b128 v[50:53], v247 offset:8192                    // 000000002BB8: DBFC2000 320000F7
	ds_load_b128 v[54:57], v248 offset:8192                    // 000000002BC0: DBFC2000 360000F8
	ds_load_b128 v[58:61], v249 offset:8192                    // 000000002BC8: DBFC2000 3A0000F9
	ds_load_b128 v[62:65], v250 offset:8192                    // 000000002BD0: DBFC2000 3E0000FA
	ds_load_b128 v[77:80], v251 offset:8192                    // 000000002BD8: DBFC2000 4D0000FB
	ds_load_b128 v[81:84], v252 offset:8192                    // 000000002BE0: DBFC2000 510000FC
	s_waitcnt vmcnt(0) lgkmcnt(0)                              // 000000002BE8: BF890007
	s_barrier                                                  // 000000002BEC: BFBD0000
	buffer_gl0_inv                                             // 000000002BF0: E0AC0000 00000000
	ds_store_b16 v253, v36 offset:32768                        // 000000002BF8: D87C8000 000024FD
	ds_store_b16 v253, v43 offset:33792                        // 000000002C00: D87C8400 00002BFD
	ds_store_b16 v254, v37 offset:33024                        // 000000002C08: D87C8100 000025FE
	ds_store_b16 v254, v46 offset:34048                        // 000000002C10: D87C8500 00002EFE
	ds_store_b16 v255, v41 offset:33280                        // 000000002C18: D87C8200 000029FF
	ds_store_b16 v255, v44 offset:34304                        // 000000002C20: D87C8600 00002CFF
	ds_store_b16 v222, v42 offset:33536                        // 000000002C28: D87C8300 00002ADE
	ds_store_b16 v222, v45 offset:34560                        // 000000002C30: D87C8700 00002DDE
	s_waitcnt lgkmcnt(0)                                       // 000000002C38: BF89FC07
	s_barrier                                                  // 000000002C3C: BFBD0000
	buffer_gl0_inv                                             // 000000002C40: E0AC0000 00000000
	ds_load_b128 v[29:32], v226 offset:32768                   // 000000002C48: DBFC8000 1D0000E2
	ds_load_b128 v[33:36], v228 offset:32768                   // 000000002C50: DBFC8000 210000E4
	ds_load_b128 v[41:44], v224 offset:32768                   // 000000002C58: DBFC8000 290000E0
	ds_load_b128 v[45:48], v225 offset:32768                   // 000000002C60: DBFC8000 2D0000E1
	ds_load_b128 v[87:90], v230 offset:32768                   // 000000002C68: DBFC8000 570000E6
	ds_load_b128 v[91:94], v231 offset:32768                   // 000000002C70: DBFC8000 5B0000E7
	ds_load_b128 v[95:98], v233 offset:32768                   // 000000002C78: DBFC8000 5F0000E9
	ds_load_b128 v[99:102], v234 offset:32768                  // 000000002C80: DBFC8000 630000EA
	v_or_b32_e32 v37, 64, v237                                 // 000000002C88: 384BDAC0
	s_delay_alu instid0(VALU_DEP_1) | instskip(SKIP_1) | instid1(VALU_DEP_2)// 000000002C8C: BF870121
	v_dual_mov_b32 v188, 0 :: v_dual_lshlrev_b32 v187, 12, v37 // 000000002C90: CA220080 BCBA4A8C
	v_cmp_gt_i64_e64 s5, s[12:13], v[37:38]                    // 000000002C98: D4540005 00024A0C
	v_mov_b32_e32 v157, v188                                   // 000000002CA0: 7F3A03BC
	v_mov_b32_e32 v158, v188                                   // 000000002CA4: 7F3C03BC
	v_mov_b32_e32 v159, v188                                   // 000000002CA8: 7F3E03BC
	v_add_co_u32 v185, s6, v187, v181                          // 000000002CAC: D70006B9 00036BBB
	s_delay_alu instid0(VALU_DEP_1)                            // 000000002CB4: BF870001
	v_add_co_ci_u32_e64 v186, null, 0, v182, s6                // 000000002CB8: D5207CBA 001B6C80
	s_waitcnt lgkmcnt(6)                                       // 000000002CC0: BF89FC67
	v_wmma_f32_16x16x16_bf16 v[9:16], v[29:36], v[17:24], v[9:16]// 000000002CC4: CC414009 1C26231D
	v_mov_b32_e32 v160, v188                                   // 000000002CCC: 7F4003BC
	s_and_b32 s5, s19, s5                                      // 000000002CD0: 8B050513
	s_waitcnt lgkmcnt(4)                                       // 000000002CD4: BF89FC47
	s_delay_alu instid0(VALU_DEP_2) | instskip(SKIP_1) | instid1(VALU_DEP_1)// 000000002CD8: BF8700A2
	v_wmma_f32_16x16x16_bf16 v[9:16], v[41:48], v[50:57], v[9:16]// 000000002CDC: CC414009 1C266529
	s_waitcnt lgkmcnt(2)                                       // 000000002CE4: BF89FC27
	v_wmma_f32_16x16x16_bf16 v[9:16], v[87:94], v[58:65], v[9:16]// 000000002CE8: CC414009 1C267557
	s_waitcnt lgkmcnt(0)                                       // 000000002CF0: BF89FC07
	s_delay_alu instid0(VALU_DEP_1)                            // 000000002CF4: BF870001
	v_wmma_f32_16x16x16_bf16 v[9:16], v[95:102], v[77:84], v[9:16]// 000000002CF8: CC414009 1C269B5F
	s_and_saveexec_b32 s6, s5                                  // 000000002D00: BE862005
	s_cbranch_execz 9                                          // 000000002D04: BFA50009 <chunk_gated_delta_rule_fwd_kernel_h_blockdim64+0x142c>
	v_lshlrev_b64 v[17:18], 1, v[185:186]                      // 000000002D08: D73C0011 00037281
	s_delay_alu instid0(VALU_DEP_1) | instskip(NEXT) | instid1(VALU_DEP_1)// 000000002D10: BF870091
	v_add_co_u32 v17, s5, s26, v17                             // 000000002D14: D7000511 0002221A
	v_add_co_ci_u32_e64 v18, null, s27, v18, s5                // 000000002D1C: D5207C12 0016241B
	global_load_b128 v[157:160], v[17:18], off                 // 000000002D24: DC5E0000 9D7C0011
	s_or_b32 exec_lo, exec_lo, s6                              // 000000002D2C: 8C7E067E
	v_cndmask_b32_e64 v19, 0x408, 0, s3                        // 000000002D30: D5010013 000D00FF 00000408
	v_cndmask_b32_e64 v20, 0x840, 0, s1                        // 000000002D3C: D5010014 000500FF 00000840
	v_lshlrev_b32_e32 v21, 1, v0                               // 000000002D48: 302A0081
	v_lshlrev_b32_e32 v17, 5, v0                               // 000000002D4C: 30220085
	v_lshlrev_b32_e32 v18, 2, v0                               // 000000002D50: 30240082
	v_lshlrev_b32_e32 v22, 3, v0                               // 000000002D54: 302C0083
	v_or_b32_e32 v19, v19, v20                                 // 000000002D58: 38262913
	v_and_b32_e32 v21, 0x1c0, v21                              // 000000002D5C: 362A2AFF 000001C0
	v_and_b32_e32 v20, 3, v0                                   // 000000002D64: 36280083
	v_and_b32_e32 v17, 64, v17                                 // 000000002D68: 362222C0
	v_and_b32_e32 v18, 48, v18                                 // 000000002D6C: 362424B0
	v_cndmask_b32_e64 v23, 0x840, 0, s0                        // 000000002D70: D5010017 000100FF 00000840
	v_lshlrev_b64 v[189:190], 1, v[39:40]                      // 000000002D7C: D73C00BD 00024E81
	v_lshl_or_b32 v20, v20, 4, v21                             // 000000002D84: D6560014 04550914
	scratch_load_b32 v21, off, off                             // 000000002D8C: DC510000 157C0000
	v_and_or_b32 v17, v22, 8, v17                              // 000000002D94: D6570011 04451116
	v_bfe_i32 v22, v0, 2, 1                                    // 000000002D9C: D6110016 02050500
	s_waitcnt vmcnt(0)                                         // 000000002DA4: BF8903F7
	v_xor_b32_e32 v23, v20, v23                                // 000000002DA8: 3A2E2F14
	v_perm_b32 v20, v156, v155, 0x7060302                      // 000000002DAC: D6440014 03FF379C 07060302
	s_barrier                                                  // 000000002DB8: BFBD0000
	v_and_b32_e32 v22, 0x408, v22                              // 000000002DBC: 362C2CFF 00000408
	buffer_gl0_inv                                             // 000000002DC4: E0AC0000 00000000
	v_or3_b32 v17, v17, v18, v21                               // 000000002DCC: D6580011 04562511
	v_and_b32_e32 v18, 16, v0                                  // 000000002DD4: 36240090
	s_delay_alu instid0(VALU_DEP_2) | instskip(NEXT) | instid1(VALU_DEP_2)// 000000002DD8: BF870112
	v_xor_b32_e32 v24, v17, v19                                // 000000002DDC: 3A302711
	v_lshlrev_b32_e32 v21, 5, v18                              // 000000002DE0: 302A2485
	v_perm_b32 v18, v156, v155, 0x5040100                      // 000000002DE4: D6440012 03FF379C 05040100
	v_perm_b32 v17, v154, v153, 0x5040100                      // 000000002DF0: D6440011 03FF339A 05040100
	v_perm_b32 v19, v154, v153, 0x7060302                      // 000000002DFC: D6440013 03FF339A 07060302
	v_add_nc_u32_e32 v227, 0, v24                              // 000000002E08: 4BC63080
	v_or3_b32 v21, v22, v21, v23                               // 000000002E0C: D6580015 045E2B16
	v_lshlrev_b32_e32 v22, 13, v238                            // 000000002E14: 302DDC8D
	ds_store_2addr_stride64_b64 v227, v[17:18], v[19:20] offset0:64 offset1:65// 000000002E18: D93C4140 001311E3
	v_add_nc_u32_e32 v232, 0, v21                              // 000000002E20: 4BD02A80
	s_waitcnt lgkmcnt(0)                                       // 000000002E24: BF89FC07
	s_barrier                                                  // 000000002E28: BFBD0000
	buffer_gl0_inv                                             // 000000002E2C: E0AC0000 00000000
	v_xor_b32_e32 v17, 8, v21                                  // 000000002E34: 3A222A88
	ds_load_b64 v[19:20], v232 offset:32768                    // 000000002E38: D9D88000 130000E8
	v_add_nc_u32_e32 v220, 0, v17                              // 000000002E40: 4BB82280
	ds_load_b64 v[17:18], v220 offset:32768                    // 000000002E44: D9D88000 110000DC
	s_waitcnt lgkmcnt(1)                                       // 000000002E4C: BF89FC17
	v_lshlrev_b32_e32 v21, 16, v19                             // 000000002E50: 302A2690
	s_delay_alu instid0(VALU_DEP_1) | instskip(SKIP_1) | instid1(VALU_DEP_1)// 000000002E54: BF8700A1
	v_sub_f32_e32 v21, v21, v9                                 // 000000002E58: 082A1315
	v_add_co_u32 v9, s5, s7, v22                               // 000000002E5C: D7000509 00022C07
	v_add_co_ci_u32_e64 v22, null, s16, 0, s5                  // 000000002E64: D5207C16 00150010
	s_and_saveexec_b32 s6, s40                                 // 000000002E6C: BE862028
	s_cbranch_execz 19                                         // 000000002E70: BFA50013 <chunk_gated_delta_rule_fwd_kernel_h_blockdim64+0x15c0>
	v_bfe_u32 v23, v21, 16, 1                                  // 000000002E74: D6100017 02052115
	v_cmp_o_f32_e64 s5, v21, v21                               // 000000002E7C: D4170005 00022B15
	s_delay_alu instid0(VALU_DEP_2) | instskip(NEXT) | instid1(VALU_DEP_1)// 000000002E84: BF870092
	v_add3_u32 v23, v21, v23, 0x7fff                           // 000000002E88: D6550017 03FE2F15 00007FFF
	v_lshrrev_b32_e32 v23, 16, v23                             // 000000002E94: 322E2E90
	s_delay_alu instid0(VALU_DEP_1) | instskip(SKIP_1) | instid1(VALU_DEP_1)// 000000002E98: BF8700A1
	v_cndmask_b32_e64 v29, 0x7fff, v23, s5                     // 000000002E9C: D501001D 00162EFF 00007FFF
	v_add_co_u32 v23, s5, v9, v189                             // 000000002EA8: D7000517 00037B09
	v_add_co_ci_u32_e64 v24, null, v22, v190, s5               // 000000002EB0: D5207C18 00177D16
	global_store_b16 v[23:24], v29, off                        // 000000002EB8: DC660000 007C1D17
	s_or_b32 exec_lo, exec_lo, s6                              // 000000002EC0: 8C7E067E
	v_add_co_u32 v23, s5, v49, s10                             // 000000002EC4: D7000517 00001531
	s_delay_alu instid0(VALU_DEP_1) | instskip(SKIP_1) | instid1(VALU_DEP_2)// 000000002ECC: BF870121
	v_add_co_ci_u32_e64 v24, null, 0, s11, s5                  // 000000002ED0: D5207C18 00141680
	v_and_b32_e32 v19, 0xffff0000, v19                         // 000000002ED8: 362626FF FFFF0000
	v_lshlrev_b64 v[191:192], 1, v[23:24]                      // 000000002EE0: D73C00BF 00022E81
	s_delay_alu instid0(VALU_DEP_2) | instskip(NEXT) | instid1(VALU_DEP_2)// 000000002EE8: BF870112
	v_sub_f32_e32 v19, v19, v10                                // 000000002EEC: 08261513
	v_add_co_u32 v9, s5, v9, v191                              // 000000002EF0: D7000509 00037F09
	s_delay_alu instid0(VALU_DEP_1)                            // 000000002EF8: BF870001
	v_add_co_ci_u32_e64 v10, null, v22, v192, s5               // 000000002EFC: D5207C0A 00178116
	s_and_saveexec_b32 s6, s39                                 // 000000002F04: BE862027
	s_cbranch_execz 15                                         // 000000002F08: BFA5000F <chunk_gated_delta_rule_fwd_kernel_h_blockdim64+0x1648>
	v_bfe_u32 v22, v19, 16, 1                                  // 000000002F0C: D6100016 02052113
	v_cmp_o_f32_e64 s5, v19, v19                               // 000000002F14: D4170005 00022713
	s_delay_alu instid0(VALU_DEP_2) | instskip(NEXT) | instid1(VALU_DEP_1)// 000000002F1C: BF870092
	v_add3_u32 v22, v19, v22, 0x7fff                           // 000000002F20: D6550016 03FE2D13 00007FFF
	v_lshrrev_b32_e32 v22, 16, v22                             // 000000002F2C: 322C2C90
	s_delay_alu instid0(VALU_DEP_1)                            // 000000002F30: BF870001
	v_cndmask_b32_e64 v22, 0x7fff, v22, s5                     // 000000002F34: D5010016 00162CFF 00007FFF
	global_store_b16 v[9:10], v22, off offset:4                // 000000002F40: DC660004 007C1609
	s_or_b32 exec_lo, exec_lo, s6                              // 000000002F48: 8C7E067E
	v_and_b32_e32 v22, 0xffff0000, v20                         // 000000002F4C: 362C28FF FFFF0000
	v_lshlrev_b32_e32 v20, 16, v20                             // 000000002F54: 30282890
	s_delay_alu instid0(VALU_DEP_1) | instskip(NEXT) | instid1(VALU_DEP_1)// 000000002F58: BF870091
	v_dual_sub_f32 v11, v20, v11 :: v_dual_sub_f32 v12, v22, v12// 000000002F5C: C94A1714 0B0C1916
	v_cmp_u_f32_e64 s6, v11, v11                               // 000000002F64: D4180006 0002170B
	s_delay_alu instid0(VALU_DEP_2)                            // 000000002F6C: BF870002
	v_cmp_u_f32_e64 s5, v12, v12                               // 000000002F70: D4180005 0002190C
	s_and_saveexec_b32 s8, s38                                 // 000000002F78: BE882026
	s_cbranch_execz 13                                         // 000000002F7C: BFA5000D <chunk_gated_delta_rule_fwd_kernel_h_blockdim64+0x16b4>
	v_bfe_u32 v20, v11, 16, 1                                  // 000000002F80: D6100014 0205210B
	s_delay_alu instid0(VALU_DEP_1) | instskip(NEXT) | instid1(VALU_DEP_1)// 000000002F88: BF870091
	v_add3_u32 v20, v11, v20, 0x7fff                           // 000000002F8C: D6550014 03FE290B 00007FFF
	v_lshrrev_b32_e32 v20, 16, v20                             // 000000002F98: 32282890
	s_delay_alu instid0(VALU_DEP_1)                            // 000000002F9C: BF870001
	v_cndmask_b32_e64 v20, v20, 0x7fff, s6                     // 000000002FA0: D5010014 0019FF14 00007FFF
	global_store_b16 v[9:10], v20, off offset:8                // 000000002FAC: DC660008 007C1409
	s_or_b32 exec_lo, exec_lo, s8                              // 000000002FB4: 8C7E087E
	s_and_saveexec_b32 s6, s25                                 // 000000002FB8: BE862019
	s_cbranch_execz 13                                         // 000000002FBC: BFA5000D <chunk_gated_delta_rule_fwd_kernel_h_blockdim64+0x16f4>
	v_bfe_u32 v20, v12, 16, 1                                  // 000000002FC0: D6100014 0205210C
	s_delay_alu instid0(VALU_DEP_1) | instskip(NEXT) | instid1(VALU_DEP_1)// 000000002FC8: BF870091
	v_add3_u32 v20, v12, v20, 0x7fff                           // 000000002FCC: D6550014 03FE290C 00007FFF
	v_lshrrev_b32_e32 v20, 16, v20                             // 000000002FD8: 32282890
	s_delay_alu instid0(VALU_DEP_1)                            // 000000002FDC: BF870001
	v_cndmask_b32_e64 v20, v20, 0x7fff, s5                     // 000000002FE0: D5010014 0015FF14 00007FFF
	global_store_b16 v[9:10], v20, off offset:12               // 000000002FEC: DC66000C 007C1409
	s_or_b32 exec_lo, exec_lo, s6                              // 000000002FF4: 8C7E067E
	s_waitcnt lgkmcnt(0)                                       // 000000002FF8: BF89FC07
	v_and_b32_e32 v20, 0xffff0000, v17                         // 000000002FFC: 362822FF FFFF0000
	s_delay_alu instid0(VALU_DEP_1) | instskip(NEXT) | instid1(VALU_DEP_1)// 000000003004: BF870091
	v_dual_sub_f32 v14, v20, v14 :: v_dual_lshlrev_b32 v17, 16, v17// 000000003008: C9621D14 0E102290
	v_sub_f32_e32 v13, v17, v13                                // 000000003010: 081A1B11
	s_delay_alu instid0(VALU_DEP_2) | instskip(NEXT) | instid1(VALU_DEP_2)// 000000003014: BF870112
	v_cmp_u_f32_e64 s5, v14, v14                               // 000000003018: D4180005 00021D0E
	v_cmp_u_f32_e64 s6, v13, v13                               // 000000003020: D4180006 00021B0D
	s_and_saveexec_b32 s8, s23                                 // 000000003028: BE882017
	s_cbranch_execz 13                                         // 00000000302C: BFA5000D <chunk_gated_delta_rule_fwd_kernel_h_blockdim64+0x1764>
	v_bfe_u32 v17, v13, 16, 1                                  // 000000003030: D6100011 0205210D
	s_delay_alu instid0(VALU_DEP_1) | instskip(NEXT) | instid1(VALU_DEP_1)// 000000003038: BF870091
	v_add3_u32 v17, v13, v17, 0x7fff                           // 00000000303C: D6550011 03FE230D 00007FFF
	v_lshrrev_b32_e32 v17, 16, v17                             // 000000003048: 32222290
	s_delay_alu instid0(VALU_DEP_1)                            // 00000000304C: BF870001
	v_cndmask_b32_e64 v17, v17, 0x7fff, s6                     // 000000003050: D5010011 0019FF11 00007FFF
	global_store_b16 v[9:10], v17, off offset:16               // 00000000305C: DC660010 007C1109
	s_or_b32 exec_lo, exec_lo, s8                              // 000000003064: 8C7E087E
	s_and_saveexec_b32 s6, s22                                 // 000000003068: BE862016
	s_cbranch_execz 13                                         // 00000000306C: BFA5000D <chunk_gated_delta_rule_fwd_kernel_h_blockdim64+0x17a4>
	v_bfe_u32 v17, v14, 16, 1                                  // 000000003070: D6100011 0205210E
	s_delay_alu instid0(VALU_DEP_1) | instskip(NEXT) | instid1(VALU_DEP_1)// 000000003078: BF870091
	v_add3_u32 v17, v14, v17, 0x7fff                           // 00000000307C: D6550011 03FE230E 00007FFF
	v_lshrrev_b32_e32 v17, 16, v17                             // 000000003088: 32222290
	s_delay_alu instid0(VALU_DEP_1)                            // 00000000308C: BF870001
	v_cndmask_b32_e64 v17, v17, 0x7fff, s5                     // 000000003090: D5010011 0015FF11 00007FFF
	global_store_b16 v[9:10], v17, off offset:20               // 00000000309C: DC660014 007C1109
	s_or_b32 exec_lo, exec_lo, s6                              // 0000000030A4: 8C7E067E
	v_and_b32_e32 v17, 0xffff0000, v18                         // 0000000030A8: 362224FF FFFF0000
	v_lshlrev_b32_e32 v18, 16, v18                             // 0000000030B0: 30242490
	s_delay_alu instid0(VALU_DEP_1) | instskip(NEXT) | instid1(VALU_DEP_1)// 0000000030B4: BF870091
	v_dual_sub_f32 v16, v17, v16 :: v_dual_sub_f32 v15, v18, v15// 0000000030B8: C94A2111 100E1F12
	v_cmp_u_f32_e64 s5, v16, v16                               // 0000000030C0: D4180005 00022110
	s_delay_alu instid0(VALU_DEP_2)                            // 0000000030C8: BF870002
	v_cmp_u_f32_e64 s6, v15, v15                               // 0000000030CC: D4180006 00021F0F
	s_and_saveexec_b32 s8, s21                                 // 0000000030D4: BE882015
	s_cbranch_execz 13                                         // 0000000030D8: BFA5000D <chunk_gated_delta_rule_fwd_kernel_h_blockdim64+0x1810>
	v_bfe_u32 v17, v15, 16, 1                                  // 0000000030DC: D6100011 0205210F
	s_delay_alu instid0(VALU_DEP_1) | instskip(NEXT) | instid1(VALU_DEP_1)// 0000000030E4: BF870091
	v_add3_u32 v17, v15, v17, 0x7fff                           // 0000000030E8: D6550011 03FE230F 00007FFF
	v_lshrrev_b32_e32 v17, 16, v17                             // 0000000030F4: 32222290
	s_delay_alu instid0(VALU_DEP_1)                            // 0000000030F8: BF870001
	v_cndmask_b32_e64 v17, v17, 0x7fff, s6                     // 0000000030FC: D5010011 0019FF11 00007FFF
	global_store_b16 v[9:10], v17, off offset:24               // 000000003108: DC660018 007C1109
	s_or_b32 exec_lo, exec_lo, s8                              // 000000003110: 8C7E087E
	s_and_saveexec_b32 s6, s20                                 // 000000003114: BE862014
	s_cbranch_execz 13                                         // 000000003118: BFA5000D <chunk_gated_delta_rule_fwd_kernel_h_blockdim64+0x1850>
	v_bfe_u32 v17, v16, 16, 1                                  // 00000000311C: D6100011 02052110
	s_delay_alu instid0(VALU_DEP_1) | instskip(NEXT) | instid1(VALU_DEP_1)// 000000003124: BF870091
	v_add3_u32 v17, v16, v17, 0x7fff                           // 000000003128: D6550011 03FE2310 00007FFF
	v_lshrrev_b32_e32 v17, 16, v17                             // 000000003134: 32222290
	s_delay_alu instid0(VALU_DEP_1)                            // 000000003138: BF870001
	v_cndmask_b32_e64 v17, v17, 0x7fff, s5                     // 00000000313C: D5010011 0015FF11 00007FFF
	global_store_b16 v[9:10], v17, off offset:28               // 000000003148: DC66001C 007C1109
	s_or_b32 exec_lo, exec_lo, s6                              // 000000003150: 8C7E067E
	s_min_u32 s5, s12, 0x80                                    // 000000003154: 8985FF0C 00000080
	v_or_b32_e32 v183, 64, v238                                // 00000000315C: 396FDCC0
	s_lshl_b32 s5, s5, 7                                       // 000000003160: 84058705
	v_mov_b32_e32 v77, 0                                       // 000000003164: 7E9A0280
	v_mov_b32_e32 v9, s5                                       // 000000003168: 7E120205
	v_mov_b32_e32 v223, 0                                      // 00000000316C: 7FBE0280
	v_cmp_gt_i64_e64 s5, s[12:13], v[183:184]                  // 000000003170: D4540005 00036E0C
	global_load_b32 v221, v9, s[14:15] offset:-128             // 000000003178: DC521F80 DD0E0009
	s_and_saveexec_b32 s6, s5                                  // 000000003180: BE862005
	s_cbranch_execz 3                                          // 000000003184: BFA50003 <chunk_gated_delta_rule_fwd_kernel_h_blockdim64+0x1894>
	v_lshlrev_b32_e32 v9, 7, v183                              // 000000003188: 30136E87
	global_load_b32 v223, v9, s[14:15]                         // 00000000318C: DC520000 DF0E0009
	s_or_b32 exec_lo, exec_lo, s6                              // 000000003194: 8C7E067E
	v_dual_mov_b32 v78, 0 :: v_dual_lshlrev_b32 v5, 11, v5     // 000000003198: CA220080 4E040A8B
	v_dual_mov_b32 v79, 0 :: v_dual_mov_b32 v80, 0             // 0000000031A0: CA100080 4F500080
	s_delay_alu instid0(VALU_DEP_2)                            // 0000000031A8: BF870002
	v_lshlrev_b32_e32 v87, 1, v5                               // 0000000031AC: 30AE0A81
	s_and_saveexec_b32 s8, vcc_lo                              // 0000000031B0: BE88206A
	s_cbranch_execz 7                                          // 0000000031B4: BFA50007 <chunk_gated_delta_rule_fwd_kernel_h_blockdim64+0x18d4>
	s_delay_alu instid0(VALU_DEP_1) | instskip(NEXT) | instid1(VALU_DEP_1)// 0000000031B8: BF870091
	v_add_co_u32 v9, s6, v239, v87                             // 0000000031BC: D7000609 0002AFEF
	v_add_co_ci_u32_e64 v10, null, 0, v240, s6                 // 0000000031C4: D5207C0A 001BE080
	global_load_b128 v[77:80], v[9:10], off                    // 0000000031CC: DC5E0000 4D7C0009
	s_or_b32 exec_lo, exec_lo, s8                              // 0000000031D4: 8C7E087E
	v_dual_mov_b32 v82, 0 :: v_dual_lshlrev_b32 v5, 12, v6     // 0000000031D8: CA220080 52040C8C
	v_dual_mov_b32 v29, 0 :: v_dual_mov_b32 v84, 0             // 0000000031E0: CA100080 1D540080
	v_mov_b32_e32 v81, 0                                       // 0000000031E8: 7EA20280
	s_delay_alu instid0(VALU_DEP_3) | instskip(NEXT) | instid1(VALU_DEP_1)// 0000000031EC: BF870093
	v_add_co_u32 v5, s6, v239, v5                              // 0000000031F0: D7000605 00020BEF
	v_add_co_ci_u32_e64 v6, null, 0, v240, s6                  // 0000000031F8: D5207C06 001BE080
	v_mov_b32_e32 v83, 0                                       // 000000003200: 7EA60280
	s_and_saveexec_b32 s6, s4                                  // 000000003204: BE862004
	s_cbranch_execz 2                                          // 000000003208: BFA50002 <chunk_gated_delta_rule_fwd_kernel_h_blockdim64+0x1914>
	global_load_b128 v[81:84], v[5:6], off                     // 00000000320C: DC5E0000 517C0005
	s_or_b32 exec_lo, exec_lo, s6                              // 000000003214: 8C7E067E
	v_dual_sub_f32 v9, s42, v103 :: v_dual_mov_b32 v32, v29    // 000000003218: C950CE2A 0920011D
	v_mov_b32_e32 v33, v29                                     // 000000003220: 7E42031D
	v_mov_b32_e32 v34, v29                                     // 000000003224: 7E44031D
	s_delay_alu instid0(VALU_DEP_3)                            // 000000003228: BF870003
	v_dual_mov_b32 v35, v29 :: v_dual_mul_f32 v10, 0x3fb8aa3b, v9// 00000000322C: CA06011D 230A12FF 3FB8AA3B
	v_add_nc_u32_e32 v229, 0, v7                               // 000000003238: 4BCA0E80
	v_cmp_ge_f32_e64 s6, 0, v9                                 // 00000000323C: D4160006 00021280
	v_mov_b32_e32 v36, v29                                     // 000000003244: 7E48031D
	v_add3_u32 v17, 0x4000, 0, v7                              // 000000003248: D6550011 041D00FF 00004000
	ds_load_u16 v89, v229 offset:16384                         // 000000003254: D8F04000 590000E5
	ds_load_u16 v90, v17 offset:256                            // 00000000325C: D8F00100 5A000011
	ds_load_u16 v91, v17 offset:512                            // 000000003264: D8F00200 5B000011
	ds_load_u16 v92, v17 offset:768                            // 00000000326C: D8F00300 5C000011
	ds_load_u16 v93, v17 offset:1024                           // 000000003274: D8F00400 5D000011
	ds_load_u16 v94, v17 offset:1280                           // 00000000327C: D8F00500 5E000011
	ds_load_u16 v95, v17 offset:1536                           // 000000003284: D8F00600 5F000011
	ds_load_u16 v96, v17 offset:1792                           // 00000000328C: D8F00700 60000011
	v_cndmask_b32_e64 v9, 0xff800000, v10, s6                  // 000000003294: D5010009 001A14FF FF800000
	s_mul_f32 s8, s42, 0x3fb8aa3b                              // 0000000032A0: A208FF2A 3FB8AA3B
	s_delay_alu instid0(VALU_DEP_1) | instskip(NEXT) | instid1(SALU_CYCLE_2)// 0000000032A8: BF870511
	v_cmp_gt_f32_e64 s6, 0xc2fc0000, v9                        // 0000000032AC: D4140006 000212FF C2FC0000
	s_cmp_lt_f32 s8, 0xc2fc0000                                // 0000000032B8: BF41FF08 C2FC0000
	v_cndmask_b32_e64 v10, 0, 0x42800000, s6                   // 0000000032C0: D501000A 0019FE80 42800000
	s_delay_alu instid0(VALU_DEP_1) | instskip(SKIP_1) | instid1(VALU_DEP_2)// 0000000032CC: BF870121
	v_add_f32_e32 v9, v9, v10                                  // 0000000032D0: 06121509
	v_cndmask_b32_e64 v10, 0, 0xffffffc0, s6                   // 0000000032D4: D501000A 0019FE80 FFFFFFC0
	v_exp_f32_e32 v9, v9                                       // 0000000032E0: 7E124B09
	s_delay_alu instid0(TRANS32_DEP_1) | instskip(NEXT) | instid1(VALU_DEP_1)// 0000000032E4: BF870095
	v_ldexp_f32 v9, v9, v10                                    // 0000000032E8: D71C0009 00021509
	v_mul_f32_e32 v10, v9, v21                                 // 0000000032F0: 10142B09
	v_mul_f32_e32 v18, v9, v19                                 // 0000000032F4: 10242709
	v_mul_f32_e32 v11, v9, v11                                 // 0000000032F8: 10161709
	v_mul_f32_e32 v12, v9, v12                                 // 0000000032FC: 10181909
	v_mul_f32_e32 v13, v9, v13                                 // 000000003300: 101A1B09
	v_mul_f32_e32 v14, v9, v14                                 // 000000003304: 101C1D09
	v_mul_f32_e32 v15, v9, v15                                 // 000000003308: 101E1F09
	v_mul_f32_e32 v9, v9, v16                                  // 00000000330C: 10122109
	v_bfe_u32 v16, v10, 16, 1                                  // 000000003310: D6100010 0205210A
	v_bfe_u32 v19, v18, 16, 1                                  // 000000003318: D6100013 02052112
	v_bfe_u32 v20, v11, 16, 1                                  // 000000003320: D6100014 0205210B
	v_cmp_o_f32_e64 s6, v10, v10                               // 000000003328: D4170006 0002150A
	v_bfe_u32 v21, v12, 16, 1                                  // 000000003330: D6100015 0205210C
	v_add3_u32 v16, v10, v16, 0x7fff                           // 000000003338: D6550010 03FE210A 00007FFF
	v_add3_u32 v19, v18, v19, 0x7fff                           // 000000003344: D6550013 03FE2712 00007FFF
	v_add3_u32 v20, v11, v20, 0x7fff                           // 000000003350: D6550014 03FE290B 00007FFF
	v_bfe_u32 v22, v13, 16, 1                                  // 00000000335C: D6100016 0205210D
	v_add3_u32 v21, v12, v21, 0x7fff                           // 000000003364: D6550015 03FE2B0C 00007FFF
	v_lshrrev_b32_e32 v16, 16, v16                             // 000000003370: 32202090
	v_lshrrev_b32_e32 v19, 16, v19                             // 000000003374: 32262690
	v_lshrrev_b32_e32 v20, 16, v20                             // 000000003378: 32282890
	v_bfe_u32 v23, v14, 16, 1                                  // 00000000337C: D6100017 0205210E
	v_add3_u32 v22, v13, v22, 0x7fff                           // 000000003384: D6550016 03FE2D0D 00007FFF
	v_cndmask_b32_e64 v31, 0x7fff, v16, s6                     // 000000003390: D501001F 001A20FF 00007FFF
	v_cmp_o_f32_e64 s6, v18, v18                               // 00000000339C: D4170006 00022512
	v_lshrrev_b32_e32 v21, 16, v21                             // 0000000033A4: 322A2A90
	v_bfe_u32 v24, v15, 16, 1                                  // 0000000033A8: D6100018 0205210F
	v_add3_u32 v23, v14, v23, 0x7fff                           // 0000000033B0: D6550017 03FE2F0E 00007FFF
	v_lshrrev_b32_e32 v22, 16, v22                             // 0000000033BC: 322C2C90
	v_cndmask_b32_e64 v18, 0x7fff, v19, s6                     // 0000000033C0: D5010012 001A26FF 00007FFF
	v_cmp_o_f32_e64 s6, v11, v11                               // 0000000033CC: D4170006 0002170B
	v_bfe_u32 v30, v9, 16, 1                                   // 0000000033D4: D610001E 02052109
	v_add3_u32 v24, v15, v24, 0x7fff                           // 0000000033DC: D6550018 03FE310F 00007FFF
	v_lshrrev_b32_e32 v23, 16, v23                             // 0000000033E8: 322E2E90
	s_delay_alu instid0(VALU_DEP_4) | instskip(SKIP_3) | instid1(VALU_DEP_3)// 0000000033EC: BF8701C4
	v_cndmask_b32_e64 v19, 0x7fff, v20, s6                     // 0000000033F0: D5010013 001A28FF 00007FFF
	v_cmp_o_f32_e64 s6, v12, v12                               // 0000000033FC: D4170006 0002190C
	v_add3_u32 v30, v9, v30, 0x7fff                            // 000000003404: D655001E 03FE3D09 00007FFF
	v_lshrrev_b32_e32 v10, 16, v24                             // 000000003410: 32143090
	v_cndmask_b32_e64 v20, 0x7fff, v21, s6                     // 000000003414: D5010014 001A2AFF 00007FFF
	v_cmp_o_f32_e64 s6, v13, v13                               // 000000003420: D4170006 00021B0D
	s_delay_alu instid0(VALU_DEP_4) | instskip(SKIP_1) | instid1(VALU_DEP_3)// 000000003428: BF8701A4
	v_lshrrev_b32_e32 v11, 16, v30                             // 00000000342C: 32163C90
	v_mov_b32_e32 v30, v29                                     // 000000003430: 7E3C031D
	v_cndmask_b32_e64 v21, 0x7fff, v22, s6                     // 000000003434: D5010015 001A2CFF 00007FFF
	v_cmp_o_f32_e64 s6, v14, v14                               // 000000003440: D4170006 00021D0E
	s_delay_alu instid0(VALU_DEP_1) | instskip(SKIP_1) | instid1(VALU_DEP_1)// 000000003448: BF8700A1
	v_cndmask_b32_e64 v22, 0x7fff, v23, s6                     // 00000000344C: D5010016 001A2EFF 00007FFF
	v_cmp_o_f32_e64 s6, v15, v15                               // 000000003458: D4170006 00021F0F
	v_cndmask_b32_e64 v23, 0x7fff, v10, s6                     // 000000003460: D5010017 001A14FF 00007FFF
	v_cmp_o_f32_e64 s6, v9, v9                                 // 00000000346C: D4170006 00021309
	s_delay_alu instid0(VALU_DEP_1)                            // 000000003474: BF870001
	v_cndmask_b32_e64 v24, 0x7fff, v11, s6                     // 000000003478: D5010018 001A16FF 00007FFF
	s_waitcnt lgkmcnt(7)                                       // 000000003484: BF89FC77
	ds_load_u16_d16_hi v89, v17 offset:128                     // 000000003488: DA9C0080 59000011
	s_waitcnt lgkmcnt(7)                                       // 000000003490: BF89FC77
	ds_load_u16_d16_hi v90, v17 offset:384                     // 000000003494: DA9C0180 5A000011
	s_waitcnt lgkmcnt(7)                                       // 00000000349C: BF89FC77
	ds_load_u16_d16_hi v91, v17 offset:640                     // 0000000034A0: DA9C0280 5B000011
	s_waitcnt lgkmcnt(7)                                       // 0000000034A8: BF89FC77
	ds_load_u16_d16_hi v92, v17 offset:896                     // 0000000034AC: DA9C0380 5C000011
	s_waitcnt lgkmcnt(7)                                       // 0000000034B4: BF89FC77
	ds_load_u16_d16_hi v93, v17 offset:1152                    // 0000000034B8: DA9C0480 5D000011
	s_waitcnt lgkmcnt(7)                                       // 0000000034C0: BF89FC77
	ds_load_u16_d16_hi v94, v17 offset:1408                    // 0000000034C4: DA9C0580 5E000011
	s_waitcnt lgkmcnt(7)                                       // 0000000034CC: BF89FC77
	ds_load_u16_d16_hi v95, v17 offset:1664                    // 0000000034D0: DA9C0680 5F000011
	s_waitcnt lgkmcnt(7)                                       // 0000000034D8: BF89FC77
	ds_load_u16_d16_hi v96, v17 offset:1920                    // 0000000034DC: DA9C0780 60000011
	ds_load_u16 v97, v17 offset:2048                           // 0000000034E4: D8F00800 61000011
	ds_load_u16 v98, v17 offset:2304                           // 0000000034EC: D8F00900 62000011
	ds_load_u16 v99, v17 offset:2560                           // 0000000034F4: D8F00A00 63000011
	ds_load_u16 v100, v17 offset:2816                          // 0000000034FC: D8F00B00 64000011
	ds_load_u16 v101, v17 offset:3072                          // 000000003504: D8F00C00 65000011
	ds_load_u16 v102, v17 offset:3328                          // 00000000350C: D8F00D00 66000011
	ds_load_u16 v103, v17 offset:3584                          // 000000003514: D8F00E00 67000011
	ds_load_u16 v104, v17 offset:3840                          // 00000000351C: D8F00F00 68000011
	ds_load_u16 v105, v17 offset:4096                          // 000000003524: D8F01000 69000011
	ds_load_u16 v106, v17 offset:4352                          // 00000000352C: D8F01100 6A000011
	ds_load_u16 v107, v17 offset:4608                          // 000000003534: D8F01200 6B000011
	ds_load_u16 v108, v17 offset:4864                          // 00000000353C: D8F01300 6C000011
	ds_load_u16 v109, v17 offset:5120                          // 000000003544: D8F01400 6D000011
	ds_load_u16 v110, v17 offset:5376                          // 00000000354C: D8F01500 6E000011
	ds_load_u16 v111, v17 offset:5632                          // 000000003554: D8F01600 6F000011
	ds_load_u16 v112, v17 offset:5888                          // 00000000355C: D8F01700 70000011
	ds_load_u16 v9, v17 offset:6144                            // 000000003564: D8F01800 09000011
	ds_load_u16 v10, v17 offset:6400                           // 00000000356C: D8F01900 0A000011
	ds_load_u16 v11, v17 offset:6656                           // 000000003574: D8F01A00 0B000011
	ds_load_u16 v12, v17 offset:6912                           // 00000000357C: D8F01B00 0C000011
	ds_load_u16 v13, v17 offset:7168                           // 000000003584: D8F01C00 0D000011
	ds_load_u16 v14, v17 offset:7424                           // 00000000358C: D8F01D00 0E000011
	ds_load_u16 v15, v17 offset:7680                           // 000000003594: D8F01E00 0F000011
	ds_load_u16 v16, v17 offset:7936                           // 00000000359C: D8F01F00 10000011
	s_cselect_b32 s6, -1, 0                                    // 0000000035A4: 980680C1
	s_waitcnt lgkmcnt(23)                                      // 0000000035A8: BF89FD77
	ds_load_u16_d16_hi v97, v17 offset:2176                    // 0000000035AC: DA9C0880 61000011
	s_waitcnt lgkmcnt(23)                                      // 0000000035B4: BF89FD77
	ds_load_u16_d16_hi v98, v17 offset:2432                    // 0000000035B8: DA9C0980 62000011
	s_waitcnt lgkmcnt(23)                                      // 0000000035C0: BF89FD77
	ds_load_u16_d16_hi v99, v17 offset:2688                    // 0000000035C4: DA9C0A80 63000011
	s_waitcnt lgkmcnt(23)                                      // 0000000035CC: BF89FD77
	ds_load_u16_d16_hi v100, v17 offset:2944                   // 0000000035D0: DA9C0B80 64000011
	s_waitcnt lgkmcnt(23)                                      // 0000000035D8: BF89FD77
	ds_load_u16_d16_hi v101, v17 offset:3200                   // 0000000035DC: DA9C0C80 65000011
	s_waitcnt lgkmcnt(23)                                      // 0000000035E4: BF89FD77
	ds_load_u16_d16_hi v102, v17 offset:3456                   // 0000000035E8: DA9C0D80 66000011
	s_waitcnt lgkmcnt(23)                                      // 0000000035F0: BF89FD77
	ds_load_u16_d16_hi v103, v17 offset:3712                   // 0000000035F4: DA9C0E80 67000011
	s_waitcnt lgkmcnt(23)                                      // 0000000035FC: BF89FD77
	ds_load_u16_d16_hi v104, v17 offset:3968                   // 000000003600: DA9C0F80 68000011
	s_waitcnt lgkmcnt(23)                                      // 000000003608: BF89FD77
	ds_load_u16_d16_hi v105, v17 offset:4224                   // 00000000360C: DA9C1080 69000011
	s_waitcnt lgkmcnt(23)                                      // 000000003614: BF89FD77
	ds_load_u16_d16_hi v106, v17 offset:4480                   // 000000003618: DA9C1180 6A000011
	s_waitcnt lgkmcnt(23)                                      // 000000003620: BF89FD77
	ds_load_u16_d16_hi v107, v17 offset:4736                   // 000000003624: DA9C1280 6B000011
	s_waitcnt lgkmcnt(23)                                      // 00000000362C: BF89FD77
	ds_load_u16_d16_hi v108, v17 offset:4992                   // 000000003630: DA9C1380 6C000011
	s_waitcnt lgkmcnt(23)                                      // 000000003638: BF89FD77
	ds_load_u16_d16_hi v109, v17 offset:5248                   // 00000000363C: DA9C1480 6D000011
	s_waitcnt lgkmcnt(23)                                      // 000000003644: BF89FD77
	ds_load_u16_d16_hi v110, v17 offset:5504                   // 000000003648: DA9C1580 6E000011
	s_waitcnt lgkmcnt(23)                                      // 000000003650: BF89FD77
	ds_load_u16_d16_hi v111, v17 offset:5760                   // 000000003654: DA9C1680 6F000011
	s_waitcnt lgkmcnt(23)                                      // 00000000365C: BF89FD77
	ds_load_u16_d16_hi v112, v17 offset:6016                   // 000000003660: DA9C1780 70000011
	s_waitcnt lgkmcnt(23)                                      // 000000003668: BF89FD77
	ds_load_u16_d16_hi v9, v17 offset:6272                     // 00000000366C: DA9C1880 09000011
	s_waitcnt lgkmcnt(23)                                      // 000000003674: BF89FD77
	ds_load_u16_d16_hi v10, v17 offset:6528                    // 000000003678: DA9C1980 0A000011
	s_waitcnt lgkmcnt(23)                                      // 000000003680: BF89FD77
	ds_load_u16_d16_hi v11, v17 offset:6784                    // 000000003684: DA9C1A80 0B000011
	s_waitcnt lgkmcnt(23)                                      // 00000000368C: BF89FD77
	ds_load_u16_d16_hi v12, v17 offset:7040                    // 000000003690: DA9C1B80 0C000011
	s_waitcnt lgkmcnt(23)                                      // 000000003698: BF89FD77
	ds_load_u16_d16_hi v13, v17 offset:7296                    // 00000000369C: DA9C1C80 0D000011
	s_waitcnt lgkmcnt(23)                                      // 0000000036A4: BF89FD77
	ds_load_u16_d16_hi v14, v17 offset:7552                    // 0000000036A8: DA9C1D80 0E000011
	s_waitcnt lgkmcnt(23)                                      // 0000000036B0: BF89FD77
	ds_load_u16_d16_hi v15, v17 offset:7808                    // 0000000036B4: DA9C1E80 0F000011
	s_waitcnt lgkmcnt(23)                                      // 0000000036BC: BF89FD77
	ds_load_u16_d16_hi v16, v17 offset:8064                    // 0000000036C0: DA9C1F80 10000011
	s_waitcnt vmcnt(0) lgkmcnt(0)                              // 0000000036C8: BF890007
	s_waitcnt_vscnt null, 0x0                                  // 0000000036CC: BC7C0000
	s_barrier                                                  // 0000000036D0: BFBD0000
	buffer_gl0_inv                                             // 0000000036D4: E0AC0000 00000000
	ds_store_b16 v253, v31 offset:32768                        // 0000000036DC: D87C8000 00001FFD
	ds_store_b16 v253, v21 offset:33792                        // 0000000036E4: D87C8400 000015FD
	ds_store_b16 v254, v18 offset:33024                        // 0000000036EC: D87C8100 000012FE
	ds_store_b16 v254, v22 offset:34048                        // 0000000036F4: D87C8500 000016FE
	ds_store_b16 v255, v19 offset:33280                        // 0000000036FC: D87C8200 000013FF
	ds_store_b16 v255, v23 offset:34304                        // 000000003704: D87C8600 000017FF
	ds_store_b16 v222, v20 offset:33536                        // 00000000370C: D87C8300 000014DE
	ds_store_b16 v222, v24 offset:34560                        // 000000003714: D87C8700 000018DE
	s_waitcnt lgkmcnt(0)                                       // 00000000371C: BF89FC07
	s_barrier                                                  // 000000003720: BFBD0000
	buffer_gl0_inv                                             // 000000003724: E0AC0000 00000000
	ds_load_b128 v[53:56], v226 offset:32768                   // 00000000372C: DBFC8000 350000E2
	ds_load_b128 v[57:60], v228 offset:32768                   // 000000003734: DBFC8000 390000E4
	ds_load_b128 v[45:48], v224 offset:32768                   // 00000000373C: DBFC8000 2D0000E0
	ds_load_b128 v[49:52], v225 offset:32768                   // 000000003744: DBFC8000 310000E1
	ds_load_b128 v[37:40], v230 offset:32768                   // 00000000374C: DBFC8000 250000E6
	ds_load_b128 v[41:44], v231 offset:32768                   // 000000003754: DBFC8000 290000E7
	v_mov_b32_e32 v31, v29                                     // 00000000375C: 7E3E031D
	v_dual_mov_b32 v17, v29 :: v_dual_mov_b32 v18, v30         // 000000003760: CA10011D 1112011E
	v_dual_mov_b32 v20, v32 :: v_dual_mov_b32 v21, v33         // 000000003768: CA100120 14140121
	s_delay_alu instid0(VALU_DEP_3)                            // 000000003770: BF870003
	v_dual_mov_b32 v19, v31 :: v_dual_mov_b32 v22, v34         // 000000003774: CA10011F 13160122
	v_dual_mov_b32 v23, v35 :: v_dual_mov_b32 v24, v36         // 00000000377C: CA100123 17180124
	v_cndmask_b32_e64 v30, 0, 0x42800000, s6                   // 000000003784: D501001E 0019FE80 42800000
	ds_load_b128 v[61:64], v233 offset:32768                   // 000000003790: DBFC8000 3D0000E9
	ds_load_b128 v[65:68], v234 offset:32768                   // 000000003798: DBFC8000 410000EA
	v_cndmask_b32_e64 v88, 1.0, 0x1f800000, s6                 // 0000000037A0: D5010058 0019FEF2 1F800000
	v_dual_mov_b32 v31, 0 :: v_dual_mov_b32 v32, 0             // 0000000037AC: CA100080 1F200080
	v_fmac_f32_e64 v30, 0x3fb8aa3b, s42                        // 0000000037B4: D52B001E 000054FF 3FB8AA3B
	s_waitcnt lgkmcnt(6)                                       // 0000000037C0: BF89FC67
	v_wmma_f32_16x16x16_bf16 v[17:24], v[53:60], v[89:96], v[17:24]// 0000000037C4: CC414011 1C46B335
	s_delay_alu instid0(VALU_DEP_2) | instskip(SKIP_1) | instid1(VALU_DEP_1)// 0000000037CC: BF8700A2
	v_exp_f32_e32 v33, v30                                     // 0000000037D0: 7E424B1E
	s_waitcnt lgkmcnt(4)                                       // 0000000037D4: BF89FC47
	v_wmma_f32_16x16x16_bf16 v[17:24], v[45:52], v[97:104], v[17:24]// 0000000037D8: CC414011 1C46C32D
	v_mov_b32_e32 v30, 0                                       // 0000000037E0: 7E3C0280
	s_waitcnt lgkmcnt(2)                                       // 0000000037E4: BF89FC27
	s_delay_alu instid0(VALU_DEP_2)                            // 0000000037E8: BF870002
	v_wmma_f32_16x16x16_bf16 v[17:24], v[37:44], v[105:112], v[17:24]// 0000000037EC: CC414011 1C46D325
	s_and_saveexec_b32 s6, vcc_lo                              // 0000000037F4: BE86206A
	s_cbranch_execz 7                                          // 0000000037F8: BFA50007 <chunk_gated_delta_rule_fwd_kernel_h_blockdim64+0x1f18>
	v_add_co_u32 v29, vcc_lo, v239, v87                        // 0000000037FC: D7006A1D 0002AFEF
	s_delay_alu instid0(VALU_DEP_1)                            // 000000003804: BF870001
	v_add_co_ci_u32_e64 v30, null, 0, v240, vcc_lo             // 000000003808: D5207C1E 01ABE080
	global_load_b128 v[29:32], v[29:30], off offset:128        // 000000003810: DC5E0080 1D7C001D
	s_or_b32 exec_lo, exec_lo, s6                              // 000000003818: 8C7E067E
	s_delay_alu instid0(TRANS32_DEP_1)                         // 00000000381C: BF870005
	v_dual_mul_f32 v87, v33, v88 :: v_dual_mov_b32 v34, 0      // 000000003820: C8D0B121 57220080
	s_waitcnt lgkmcnt(0)                                       // 000000003828: BF89FC07
	v_wmma_f32_16x16x16_bf16 v[17:24], v[61:68], v[9:16], v[17:24]// 00000000382C: CC414011 1C46133D
	v_dual_mov_b32 v9, 0 :: v_dual_mov_b32 v36, 0              // 000000003834: CA100080 09240080
	v_mov_b32_e32 v33, 0                                       // 00000000383C: 7E420280
	v_mov_b32_e32 v35, 0                                       // 000000003840: 7E460280
	s_and_saveexec_b32 s6, s4                                  // 000000003844: BE862004
	s_cbranch_execz 2                                          // 000000003848: BFA50002 <chunk_gated_delta_rule_fwd_kernel_h_blockdim64+0x1f54>
	global_load_b128 v[33:36], v[5:6], off offset:128          // 00000000384C: DC5E0080 217C0005
	s_or_b32 exec_lo, exec_lo, s6                              // 000000003854: 8C7E067E
	v_add3_u32 v5, 0x6000, 0, v7                               // 000000003858: D6550005 041D00FF 00006000
	v_mov_b32_e32 v10, v9                                      // 000000003864: 7E140309
	v_dual_mov_b32 v11, v9 :: v_dual_fmac_f32 v24, v8, v87     // 000000003868: CA000109 0B18AF08
	ds_load_u16 v88, v229 offset:24576                         // 000000003870: D8F06000 580000E5
	ds_load_u16 v89, v5 offset:256                             // 000000003878: D8F00100 59000005
	ds_load_u16 v90, v5 offset:512                             // 000000003880: D8F00200 5A000005
	ds_load_u16 v91, v5 offset:768                             // 000000003888: D8F00300 5B000005
	ds_load_u16 v92, v5 offset:1024                            // 000000003890: D8F00400 5C000005
	ds_load_u16 v93, v5 offset:1280                            // 000000003898: D8F00500 5D000005
	ds_load_u16 v94, v5 offset:1536                            // 0000000038A0: D8F00600 5E000005
	ds_load_u16 v95, v5 offset:1792                            // 0000000038A8: D8F00700 5F000005
	ds_load_u16 v96, v5 offset:2048                            // 0000000038B0: D8F00800 60000005
	ds_load_u16 v97, v5 offset:2304                            // 0000000038B8: D8F00900 61000005
	ds_load_u16 v98, v5 offset:2560                            // 0000000038C0: D8F00A00 62000005
	ds_load_u16 v99, v5 offset:2816                            // 0000000038C8: D8F00B00 63000005
	ds_load_u16 v100, v5 offset:3072                           // 0000000038D0: D8F00C00 64000005
	ds_load_u16 v101, v5 offset:3328                           // 0000000038D8: D8F00D00 65000005
	ds_load_u16 v102, v5 offset:3584                           // 0000000038E0: D8F00E00 66000005
	ds_load_u16 v103, v5 offset:3840                           // 0000000038E8: D8F00F00 67000005
	v_mov_b32_e32 v12, v9                                      // 0000000038F0: 7E180309
	v_mov_b32_e32 v13, v9                                      // 0000000038F4: 7E1A0309
	v_mov_b32_e32 v14, v9                                      // 0000000038F8: 7E1C0309
	v_mov_b32_e32 v15, v9                                      // 0000000038FC: 7E1E0309
	v_mov_b32_e32 v16, v9                                      // 000000003900: 7E200309
	v_fma_f32 v219, v219, v87, v17                             // 000000003904: D61300DB 0446AFDB
	v_fma_f32 v218, v218, v87, v18                             // 00000000390C: D61300DA 044AAFDA
	v_fma_f32 v215, v215, v87, v19                             // 000000003914: D61300D7 044EAFD7
	v_fma_f32 v214, v214, v87, v20                             // 00000000391C: D61300D6 0452AFD6
	v_fma_f32 v216, v216, v87, v21                             // 000000003924: D61300D8 0456AFD8
	v_fma_f32 v217, v217, v87, v22                             // 00000000392C: D61300D9 045AAFD9
	v_fma_f32 v213, v213, v87, v23                             // 000000003934: D61300D5 045EAFD5
	v_lshrrev_b32_e32 v175, 16, v158                           // 00000000393C: 335F3C90
	v_lshrrev_b32_e32 v173, 16, v159                           // 000000003940: 335B3E90
	v_lshrrev_b32_e32 v174, 16, v160                           // 000000003944: 335D4090
	s_and_b32 s20, s37, s5                                     // 000000003948: 8B140525
	s_and_b32 s21, s36, s5                                     // 00000000394C: 8B150524
	s_and_b32 s22, s35, s5                                     // 000000003950: 8B160523
	s_and_b32 s23, s34, s5                                     // 000000003954: 8B170522
	s_waitcnt lgkmcnt(15)                                      // 000000003958: BF89FCF7
	ds_load_u16_d16_hi v88, v5 offset:128                      // 00000000395C: DA9C0080 58000005
	s_waitcnt lgkmcnt(15)                                      // 000000003964: BF89FCF7
	ds_load_u16_d16_hi v89, v5 offset:384                      // 000000003968: DA9C0180 59000005
	s_waitcnt lgkmcnt(15)                                      // 000000003970: BF89FCF7
	ds_load_u16_d16_hi v90, v5 offset:640                      // 000000003974: DA9C0280 5A000005
	s_waitcnt lgkmcnt(15)                                      // 00000000397C: BF89FCF7
	ds_load_u16_d16_hi v91, v5 offset:896                      // 000000003980: DA9C0380 5B000005
	s_waitcnt lgkmcnt(15)                                      // 000000003988: BF89FCF7
	ds_load_u16_d16_hi v92, v5 offset:1152                     // 00000000398C: DA9C0480 5C000005
	s_waitcnt lgkmcnt(15)                                      // 000000003994: BF89FCF7
	ds_load_u16_d16_hi v93, v5 offset:1408                     // 000000003998: DA9C0580 5D000005
	s_waitcnt lgkmcnt(15)                                      // 0000000039A0: BF89FCF7
	ds_load_u16_d16_hi v94, v5 offset:1664                     // 0000000039A4: DA9C0680 5E000005
	s_waitcnt lgkmcnt(15)                                      // 0000000039AC: BF89FCF7
	ds_load_u16_d16_hi v95, v5 offset:1920                     // 0000000039B0: DA9C0780 5F000005
	ds_load_u16 v104, v5 offset:4096                           // 0000000039B8: D8F01000 68000005
	ds_load_u16 v105, v5 offset:4352                           // 0000000039C0: D8F01100 69000005
	ds_load_u16 v106, v5 offset:4608                           // 0000000039C8: D8F01200 6A000005
	ds_load_u16 v107, v5 offset:4864                           // 0000000039D0: D8F01300 6B000005
	ds_load_u16 v108, v5 offset:5120                           // 0000000039D8: D8F01400 6C000005
	ds_load_u16 v109, v5 offset:5376                           // 0000000039E0: D8F01500 6D000005
	ds_load_u16 v110, v5 offset:5632                           // 0000000039E8: D8F01600 6E000005
	ds_load_u16 v111, v5 offset:5888                           // 0000000039F0: D8F01700 6F000005
	ds_load_u16 v112, v5 offset:6144                           // 0000000039F8: D8F01800 70000005
	ds_load_u16 v113, v5 offset:6400                           // 000000003A00: D8F01900 71000005
	ds_load_u16 v114, v5 offset:6656                           // 000000003A08: D8F01A00 72000005
	ds_load_u16 v115, v5 offset:6912                           // 000000003A10: D8F01B00 73000005
	ds_load_u16 v116, v5 offset:7168                           // 000000003A18: D8F01C00 74000005
	ds_load_u16 v117, v5 offset:7424                           // 000000003A20: D8F01D00 75000005
	ds_load_u16 v118, v5 offset:7680                           // 000000003A28: D8F01E00 76000005
	ds_load_u16 v119, v5 offset:7936                           // 000000003A30: D8F01F00 77000005
	s_waitcnt lgkmcnt(31)                                      // 000000003A38: BF89FDF7
	ds_load_u16_d16_hi v96, v5 offset:2176                     // 000000003A3C: DA9C0880 60000005
	s_waitcnt lgkmcnt(31)                                      // 000000003A44: BF89FDF7
	ds_load_u16_d16_hi v97, v5 offset:2432                     // 000000003A48: DA9C0980 61000005
	s_waitcnt lgkmcnt(31)                                      // 000000003A50: BF89FDF7
	ds_load_u16_d16_hi v98, v5 offset:2688                     // 000000003A54: DA9C0A80 62000005
	s_waitcnt lgkmcnt(31)                                      // 000000003A5C: BF89FDF7
	ds_load_u16_d16_hi v99, v5 offset:2944                     // 000000003A60: DA9C0B80 63000005
	s_waitcnt lgkmcnt(31)                                      // 000000003A68: BF89FDF7
	ds_load_u16_d16_hi v100, v5 offset:3200                    // 000000003A6C: DA9C0C80 64000005
	s_waitcnt lgkmcnt(31)                                      // 000000003A74: BF89FDF7
	ds_load_u16_d16_hi v101, v5 offset:3456                    // 000000003A78: DA9C0D80 65000005
	s_waitcnt lgkmcnt(31)                                      // 000000003A80: BF89FDF7
	ds_load_u16_d16_hi v102, v5 offset:3712                    // 000000003A84: DA9C0E80 66000005
	s_waitcnt lgkmcnt(31)                                      // 000000003A8C: BF89FDF7
	ds_load_u16_d16_hi v103, v5 offset:3968                    // 000000003A90: DA9C0F80 67000005
	s_waitcnt lgkmcnt(24)                                      // 000000003A98: BF89FD87
	v_wmma_f32_16x16x16_bf16 v[9:16], v[53:60], v[88:95], v[9:16]// 000000003A9C: CC414009 1C26B135
	s_and_b32 s25, s33, s5                                     // 000000003AA4: 8B190521
	s_and_b32 s38, s31, s5                                     // 000000003AA8: 8B26051F
	s_and_b32 s39, s30, s5                                     // 000000003AAC: 8B27051E
	s_and_b32 s40, s29, s5                                     // 000000003AB0: 8B28051D
	s_movk_i32 s42, 0xc0                                       // 000000003AB4: B02A00C0
	s_cmpk_lt_u32 s41, 0xc0                                    // 000000003AB8: B6A900C0
	s_waitcnt lgkmcnt(23)                                      // 000000003ABC: BF89FD77
	ds_load_u16_d16_hi v104, v5 offset:4224                    // 000000003AC0: DA9C1080 68000005
	s_waitcnt lgkmcnt(23)                                      // 000000003AC8: BF89FD77
	ds_load_u16_d16_hi v105, v5 offset:4480                    // 000000003ACC: DA9C1180 69000005
	s_waitcnt lgkmcnt(23)                                      // 000000003AD4: BF89FD77
	ds_load_u16_d16_hi v106, v5 offset:4736                    // 000000003AD8: DA9C1280 6A000005
	s_waitcnt lgkmcnt(23)                                      // 000000003AE0: BF89FD77
	ds_load_u16_d16_hi v107, v5 offset:4992                    // 000000003AE4: DA9C1380 6B000005
	s_waitcnt lgkmcnt(23)                                      // 000000003AEC: BF89FD77
	ds_load_u16_d16_hi v108, v5 offset:5248                    // 000000003AF0: DA9C1480 6C000005
	s_waitcnt lgkmcnt(23)                                      // 000000003AF8: BF89FD77
	ds_load_u16_d16_hi v109, v5 offset:5504                    // 000000003AFC: DA9C1580 6D000005
	s_waitcnt lgkmcnt(23)                                      // 000000003B04: BF89FD77
	ds_load_u16_d16_hi v110, v5 offset:5760                    // 000000003B08: DA9C1680 6E000005
	s_waitcnt lgkmcnt(23)                                      // 000000003B10: BF89FD77
	ds_load_u16_d16_hi v111, v5 offset:6016                    // 000000003B14: DA9C1780 6F000005
	s_waitcnt lgkmcnt(23)                                      // 000000003B1C: BF89FD77
	ds_load_u16_d16_hi v112, v5 offset:6272                    // 000000003B20: DA9C1880 70000005
	s_waitcnt lgkmcnt(23)                                      // 000000003B28: BF89FD77
	ds_load_u16_d16_hi v113, v5 offset:6528                    // 000000003B2C: DA9C1980 71000005
	s_waitcnt lgkmcnt(23)                                      // 000000003B34: BF89FD77
	ds_load_u16_d16_hi v114, v5 offset:6784                    // 000000003B38: DA9C1A80 72000005
	s_waitcnt lgkmcnt(23)                                      // 000000003B40: BF89FD77
	ds_load_u16_d16_hi v115, v5 offset:7040                    // 000000003B44: DA9C1B80 73000005
	s_waitcnt lgkmcnt(23)                                      // 000000003B4C: BF89FD77
	ds_load_u16_d16_hi v116, v5 offset:7296                    // 000000003B50: DA9C1C80 74000005
	s_waitcnt lgkmcnt(23)                                      // 000000003B58: BF89FD77
	ds_load_u16_d16_hi v117, v5 offset:7552                    // 000000003B5C: DA9C1D80 75000005
	s_waitcnt lgkmcnt(23)                                      // 000000003B64: BF89FD77
	ds_load_u16_d16_hi v118, v5 offset:7808                    // 000000003B68: DA9C1E80 76000005
	s_waitcnt lgkmcnt(23)                                      // 000000003B70: BF89FD77
	ds_load_u16_d16_hi v119, v5 offset:8064                    // 000000003B74: DA9C1F80 77000005
	ds_store_b128 v241, v[69:72]                               // 000000003B7C: DB7C0000 000045F1
	ds_store_b128 v241, v[1:4] offset:4096                     // 000000003B84: DB7C1000 000001F1
	ds_store_b128 v241, v[73:76] offset:8192                   // 000000003B8C: DB7C2000 000049F1
	ds_store_b128 v241, v[25:28] offset:12288                  // 000000003B94: DB7C3000 000019F1
	ds_store_b128 v242, v[77:80] offset:16384                  // 000000003B9C: DB7C4000 00004DF2
	ds_store_b128 v242, v[81:84] offset:20480                  // 000000003BA4: DB7C5000 000051F2
	s_waitcnt vmcnt(0) lgkmcnt(0)                              // 000000003BAC: BF890007
	s_barrier                                                  // 000000003BB0: BFBD0000
	buffer_gl0_inv                                             // 000000003BB4: E0AC0000 00000000
	ds_store_b128 v242, v[29:32] offset:24576                  // 000000003BBC: DB7C6000 00001DF2
	ds_store_b128 v242, v[33:36] offset:28672                  // 000000003BC4: DB7C7000 000021F2
	v_wmma_f32_16x16x16_bf16 v[9:16], v[45:52], v[96:103], v[9:16]// 000000003BCC: CC414009 1C26C12D
	s_delay_alu instid0(VALU_DEP_1) | instskip(NEXT) | instid1(VALU_DEP_1)// 000000003BD4: BF870091
	v_wmma_f32_16x16x16_bf16 v[9:16], v[37:44], v[104:111], v[9:16]// 000000003BD8: CC414009 1C26D125
	v_wmma_f32_16x16x16_bf16 v[9:16], v[61:68], v[112:119], v[9:16]// 000000003BE0: CC414009 1C26E13D
	s_delay_alu instid0(VALU_DEP_1) | instskip(NEXT) | instid1(VALU_DEP_2)// 000000003BE8: BF870111
	v_fma_f32 v210, v210, v87, v11                             // 000000003BEC: D61300D2 042EAFD2
	v_fma_f32 v212, v212, v87, v9                              // 000000003BF4: D61300D4 0426AFD4
	s_delay_alu instid0(VALU_DEP_3) | instskip(NEXT) | instid1(VALU_DEP_4)// 000000003BFC: BF870213
	v_fma_f32 v211, v211, v87, v12                             // 000000003C00: D61300D3 0432AFD3
	v_fma_f32 v207, v207, v87, v10                             // 000000003C08: D61300CF 042AAFCF
	v_fma_f32 v209, v209, v87, v15                             // 000000003C10: D61300D1 043EAFD1
	v_fma_f32 v208, v208, v87, v13                             // 000000003C18: D61300D0 0436AFD0
	v_fma_f32 v15, v86, v87, v16                               // 000000003C20: D613000F 0442AF56
	v_fmac_f32_e32 v14, v85, v87                               // 000000003C28: 561CAF55
	s_cbranch_scc1 1458                                        // 000000003C2C: BFA205B2 <chunk_gated_delta_rule_fwd_kernel_h_blockdim64+0x39f8>
	v_mov_b32_e32 v16, 0                                       // 000000003C30: 7E200280
	s_add_i32 s41, s28, -2                                     // 000000003C34: 8129C21C
	s_mov_b32 s8, 0x80000                                      // 000000003C38: BE8800FF 00080000
	v_bfe_u32 v1, v219, 16, 1                                  // 000000003C40: D6100001 020521DB
	v_bfe_u32 v2, v218, 16, 1                                  // 000000003C48: D6100002 020521DA
	v_bfe_u32 v3, v215, 16, 1                                  // 000000003C50: D6100003 020521D7
	v_cmp_o_f32_e32 vcc_lo, v219, v219                         // 000000003C58: 7C2FB7DB
	v_bfe_u32 v4, v214, 16, 1                                  // 000000003C5C: D6100004 020521D6
	v_add3_u32 v1, v219, v1, 0x7fff                            // 000000003C64: D6550001 03FE03DB 00007FFF
	v_add3_u32 v2, v218, v2, 0x7fff                            // 000000003C70: D6550002 03FE05DA 00007FFF
	v_add3_u32 v3, v215, v3, 0x7fff                            // 000000003C7C: D6550003 03FE07D7 00007FFF
	v_bfe_u32 v5, v24, 16, 1                                   // 000000003C88: D6100005 02052118
	s_ashr_i32 s9, s8, 31                                      // 000000003C90: 86099F08
	v_lshrrev_b32_e32 v1, 16, v1                               // 000000003C94: 32020290
	v_lshrrev_b32_e32 v2, 16, v2                               // 000000003C98: 32040490
	v_lshrrev_b32_e32 v3, 16, v3                               // 000000003C9C: 32060690
	s_lshl_b64 s[4:5], s[8:9], 1                               // 000000003CA0: 84848108
	s_delay_alu instid0(SALU_CYCLE_1)                          // 000000003CA4: BF870009
	s_add_u32 s4, s18, s4                                      // 000000003CA8: 80040412
	v_cndmask_b32_e32 v13, 0x7fff, v1, vcc_lo                  // 000000003CAC: 021A02FF 00007FFF
	v_cmp_o_f32_e32 vcc_lo, v218, v218                         // 000000003CB4: 7C2FB5DA
	v_add3_u32 v1, v214, v4, 0x7fff                            // 000000003CB8: D6550001 03FE09D6 00007FFF
	v_bfe_u32 v4, v213, 16, 1                                  // 000000003CC4: D6100004 020521D5
	s_addc_u32 s5, s24, s5                                     // 000000003CCC: 82050518
	v_cndmask_b32_e32 v21, 0x7fff, v2, vcc_lo                  // 000000003CD0: 022A04FF 00007FFF
	v_bfe_u32 v2, v216, 16, 1                                  // 000000003CD8: D6100002 020521D8
	v_cmp_o_f32_e32 vcc_lo, v215, v215                         // 000000003CE0: 7C2FAFD7
	v_lshrrev_b32_e32 v1, 16, v1                               // 000000003CE4: 32020290
	v_add3_u32 v4, v213, v4, 0x7fff                            // 000000003CE8: D6550004 03FE09D5 00007FFF
	s_delay_alu instid0(VALU_DEP_4)                            // 000000003CF4: BF870004
	v_add3_u32 v2, v216, v2, 0x7fff                            // 000000003CF8: D6550002 03FE05D8 00007FFF
	v_cndmask_b32_e32 v22, 0x7fff, v3, vcc_lo                  // 000000003D04: 022C06FF 00007FFF
	v_cmp_o_f32_e32 vcc_lo, v214, v214                         // 000000003D0C: 7C2FADD6
	v_bfe_u32 v3, v217, 16, 1                                  // 000000003D10: D6100003 020521D9
	v_lshrrev_b32_e32 v4, 16, v4                               // 000000003D18: 32080890
	v_cndmask_b32_e32 v23, 0x7fff, v1, vcc_lo                  // 000000003D1C: 022E02FF 00007FFF
	v_lshrrev_b32_e32 v1, 16, v2                               // 000000003D24: 32020490
	v_cmp_o_f32_e32 vcc_lo, v216, v216                         // 000000003D28: 7C2FB1D8
	v_add3_u32 v2, v217, v3, 0x7fff                            // 000000003D2C: D6550002 03FE07D9 00007FFF
	v_add3_u32 v3, v24, v5, 0x7fff                             // 000000003D38: D6550003 03FE0B18 00007FFF
	v_perm_b32 v5, v23, v21, 0x5040100                         // 000000003D44: D6440005 03FE2B17 05040100
	v_cndmask_b32_e32 v41, 0x7fff, v1, vcc_lo                  // 000000003D50: 025202FF 00007FFF
	v_cmp_o_f32_e32 vcc_lo, v213, v213                         // 000000003D58: 7C2FABD5
	v_lshrrev_b32_e32 v1, 16, v2                               // 000000003D5C: 32020490
	v_lshrrev_b32_e32 v2, 16, v3                               // 000000003D60: 32040690
	v_perm_b32 v3, v22, v13, 0x5040100                         // 000000003D64: D6440003 03FE1B16 05040100
	v_cndmask_b32_e32 v42, 0x7fff, v4, vcc_lo                  // 000000003D70: 025408FF 00007FFF
	v_cmp_o_f32_e32 vcc_lo, v217, v217                         // 000000003D78: 7C2FB3D9
	s_delay_alu instid0(VALU_DEP_2)                            // 000000003D7C: BF870002
	v_perm_b32 v4, v42, v41, 0x5040100                         // 000000003D80: D6440004 03FE532A 05040100
	v_cndmask_b32_e32 v44, 0x7fff, v1, vcc_lo                  // 000000003D8C: 025802FF 00007FFF
	v_cmp_o_f32_e32 vcc_lo, v24, v24                           // 000000003D94: 7C2E3118
	v_add_nc_u32_e32 v1, 0x8000, v205                          // 000000003D98: 4A039AFF 00008000
	v_cndmask_b32_e32 v43, 0x7fff, v2, vcc_lo                  // 000000003DA0: 025604FF 00007FFF
	v_add_nc_u32_e32 v2, 0x8000, v206                          // 000000003DA8: 4A059CFF 00008000
	s_delay_alu instid0(VALU_DEP_2)                            // 000000003DB0: BF870002
	v_perm_b32 v6, v43, v44, 0x5040100                         // 000000003DB4: D6440006 03FE592B 05040100
	ds_store_2addr_b32 v1, v3, v4 offset1:32                   // 000000003DC0: D8382000 00040301
	ds_store_2addr_b32 v2, v5, v6 offset1:32                   // 000000003DC8: D8382000 00060502
	s_waitcnt lgkmcnt(0)                                       // 000000003DD0: BF89FC07
	s_barrier                                                  // 000000003DD4: BFBD0000
	buffer_gl0_inv                                             // 000000003DD8: E0AC0000 00000000
	s_and_saveexec_b32 s6, s17                                 // 000000003DE0: BE862011
	s_cbranch_execz 38                                         // 000000003DE4: BFA50026 <chunk_gated_delta_rule_fwd_kernel_h_blockdim64+0x2580>
	ds_load_u16 v3, v197 offset:32768                          // 000000003DE8: D8F08000 030000C5
	ds_load_u16 v4, v199 offset:32768                          // 000000003DF0: D8F08000 040000C7
	ds_load_u16 v5, v200 offset:33792                          // 000000003DF8: D8F08400 050000C8
	ds_load_u16 v6, v198 offset:33792                          // 000000003E00: D8F08400 060000C6
	ds_load_u16 v7, v203 offset:34816                          // 000000003E08: D8F08800 070000CB
	ds_load_u16 v8, v204 offset:34816                          // 000000003E10: D8F08800 080000CC
	ds_load_u16 v9, v201 offset:35840                          // 000000003E18: D8F08C00 090000C9
	ds_load_u16 v10, v202 offset:35840                         // 000000003E20: D8F08C00 0A0000CA
	s_waitcnt lgkmcnt(6)                                       // 000000003E28: BF89FC67
	v_perm_b32 v3, v4, v3, 0x5040100                           // 000000003E2C: D6440003 03FE0704 05040100
	s_waitcnt lgkmcnt(4)                                       // 000000003E38: BF89FC47
	v_perm_b32 v4, v6, v5, 0x5040100                           // 000000003E3C: D6440004 03FE0B06 05040100
	s_waitcnt lgkmcnt(2)                                       // 000000003E48: BF89FC27
	v_perm_b32 v5, v8, v7, 0x5040100                           // 000000003E4C: D6440005 03FE0F08 05040100
	v_add_co_u32 v7, vcc_lo, s4, v177                          // 000000003E58: D7006A07 00036204
	s_waitcnt lgkmcnt(0)                                       // 000000003E60: BF89FC07
	v_perm_b32 v6, v10, v9, 0x5040100                          // 000000003E64: D6440006 03FE130A 05040100
	v_add_co_ci_u32_e64 v8, null, s5, v178, vcc_lo             // 000000003E70: D5207C08 01AB6405
	global_store_b128 v[7:8], v[3:6], off                      // 000000003E78: DC760000 007C0307
	s_or_b32 exec_lo, exec_lo, s6                              // 000000003E80: 8C7E067E
	v_bfe_u32 v3, v212, 16, 1                                  // 000000003E84: D6100003 020521D4
	v_bfe_u32 v4, v207, 16, 1                                  // 000000003E8C: D6100004 020521CF
	v_bfe_u32 v5, v210, 16, 1                                  // 000000003E94: D6100005 020521D2
	v_cmp_o_f32_e32 vcc_lo, v212, v212                         // 000000003E9C: 7C2FA9D4
	v_bfe_u32 v6, v211, 16, 1                                  // 000000003EA0: D6100006 020521D3
	v_add3_u32 v3, v212, v3, 0x7fff                            // 000000003EA8: D6550003 03FE07D4 00007FFF
	v_add3_u32 v4, v207, v4, 0x7fff                            // 000000003EB4: D6550004 03FE09CF 00007FFF
	v_add3_u32 v5, v210, v5, 0x7fff                            // 000000003EC0: D6550005 03FE0BD2 00007FFF
	v_bfe_u32 v7, v208, 16, 1                                  // 000000003ECC: D6100007 020521D0
	v_add3_u32 v6, v211, v6, 0x7fff                            // 000000003ED4: D6550006 03FE0DD3 00007FFF
	v_lshrrev_b32_e32 v3, 16, v3                               // 000000003EE0: 32060690
	v_lshrrev_b32_e32 v4, 16, v4                               // 000000003EE4: 32080890
	v_lshrrev_b32_e32 v5, 16, v5                               // 000000003EE8: 320A0A90
	s_waitcnt_vscnt null, 0x0                                  // 000000003EEC: BC7C0000
	s_barrier                                                  // 000000003EF0: BFBD0000
	v_cndmask_b32_e32 v97, 0x7fff, v3, vcc_lo                  // 000000003EF4: 02C206FF 00007FFF
	v_cmp_o_f32_e32 vcc_lo, v207, v207                         // 000000003EFC: 7C2F9FCF
	v_bfe_u32 v3, v14, 16, 1                                   // 000000003F00: D6100003 0205210E
	buffer_gl0_inv                                             // 000000003F08: E0AC0000 00000000
	v_cndmask_b32_e32 v98, 0x7fff, v4, vcc_lo                  // 000000003F10: 02C408FF 00007FFF
	v_cmp_o_f32_e32 vcc_lo, v210, v210                         // 000000003F18: 7C2FA5D2
	v_lshrrev_b32_e32 v4, 16, v6                               // 000000003F1C: 32080C90
	v_add3_u32 v3, v14, v3, 0x7fff                             // 000000003F20: D6550003 03FE070E 00007FFF
	v_bfe_u32 v6, v209, 16, 1                                  // 000000003F2C: D6100006 020521D1
	v_cndmask_b32_e32 v99, 0x7fff, v5, vcc_lo                  // 000000003F34: 02C60AFF 00007FFF
	v_add3_u32 v5, v208, v7, 0x7fff                            // 000000003F3C: D6550005 03FE0FD0 00007FFF
	v_cmp_o_f32_e32 vcc_lo, v211, v211                         // 000000003F48: 7C2FA7D3
	v_bfe_u32 v7, v15, 16, 1                                   // 000000003F4C: D6100007 0205210F
	v_lshrrev_b32_e32 v3, 16, v3                               // 000000003F54: 32060690
	v_cndmask_b32_e32 v100, 0x7fff, v4, vcc_lo                 // 000000003F58: 02C808FF 00007FFF
	v_lshrrev_b32_e32 v4, 16, v5                               // 000000003F60: 32080A90
	v_cmp_o_f32_e32 vcc_lo, v208, v208                         // 000000003F64: 7C2FA1D0
	v_add3_u32 v5, v209, v6, 0x7fff                            // 000000003F68: D6550005 03FE0DD1 00007FFF
	v_add3_u32 v6, v15, v7, 0x7fff                             // 000000003F74: D6550006 03FE0F0F 00007FFF
	s_delay_alu instid0(VALU_DEP_4) | instskip(SKIP_1) | instid1(VALU_DEP_4)// 000000003F80: BF870224
	v_cndmask_b32_e32 v101, 0x7fff, v4, vcc_lo                 // 000000003F84: 02CA08FF 00007FFF
	v_cmp_o_f32_e32 vcc_lo, v14, v14                           // 000000003F8C: 7C2E1D0E
	v_lshrrev_b32_e32 v4, 16, v5                               // 000000003F90: 32080A90
	s_delay_alu instid0(VALU_DEP_4)                            // 000000003F94: BF870004
	v_lshrrev_b32_e32 v5, 16, v6                               // 000000003F98: 320A0C90
	v_cndmask_b32_e32 v102, 0x7fff, v3, vcc_lo                 // 000000003F9C: 02CC06FF 00007FFF
	v_cmp_o_f32_e32 vcc_lo, v209, v209                         // 000000003FA4: 7C2FA3D1
	v_perm_b32 v3, v99, v97, 0x5040100                         // 000000003FA8: D6440003 03FEC363 05040100
	v_cndmask_b32_e32 v103, 0x7fff, v4, vcc_lo                 // 000000003FB4: 02CE08FF 00007FFF
	v_cmp_o_f32_e32 vcc_lo, v15, v15                           // 000000003FBC: 7C2E1F0F
	s_delay_alu instid0(VALU_DEP_2) | instskip(SKIP_2) | instid1(VALU_DEP_2)// 000000003FC0: BF870132
	v_perm_b32 v4, v103, v101, 0x5040100                       // 000000003FC4: D6440004 03FECB67 05040100
	v_cndmask_b32_e32 v104, 0x7fff, v5, vcc_lo                 // 000000003FD0: 02D00AFF 00007FFF
	v_perm_b32 v5, v100, v98, 0x5040100                        // 000000003FD8: D6440005 03FEC564 05040100
	v_perm_b32 v6, v104, v102, 0x5040100                       // 000000003FE4: D6440006 03FECD68 05040100
	ds_store_2addr_b32 v1, v3, v4 offset1:32                   // 000000003FF0: D8382000 00040301
	ds_store_2addr_b32 v2, v5, v6 offset1:32                   // 000000003FF8: D8382000 00060502
	s_waitcnt lgkmcnt(0)                                       // 000000004000: BF89FC07
	s_barrier                                                  // 000000004004: BFBD0000
	buffer_gl0_inv                                             // 000000004008: E0AC0000 00000000
	s_and_saveexec_b32 s6, s17                                 // 000000004010: BE862011
	s_cbranch_execz 38                                         // 000000004014: BFA50026 <chunk_gated_delta_rule_fwd_kernel_h_blockdim64+0x27b0>
	ds_load_u16 v1, v197 offset:32768                          // 000000004018: D8F08000 010000C5
	ds_load_u16 v2, v199 offset:32768                          // 000000004020: D8F08000 020000C7
	ds_load_u16 v3, v200 offset:33792                          // 000000004028: D8F08400 030000C8
	ds_load_u16 v4, v198 offset:33792                          // 000000004030: D8F08400 040000C6
	ds_load_u16 v5, v203 offset:34816                          // 000000004038: D8F08800 050000CB
	ds_load_u16 v6, v204 offset:34816                          // 000000004040: D8F08800 060000CC
	ds_load_u16 v7, v201 offset:35840                          // 000000004048: D8F08C00 070000C9
	ds_load_u16 v8, v202 offset:35840                          // 000000004050: D8F08C00 080000CA
	s_waitcnt lgkmcnt(6)                                       // 000000004058: BF89FC67
	v_perm_b32 v1, v2, v1, 0x5040100                           // 00000000405C: D6440001 03FE0302 05040100
	s_waitcnt lgkmcnt(4)                                       // 000000004068: BF89FC47
	v_perm_b32 v2, v4, v3, 0x5040100                           // 00000000406C: D6440002 03FE0704 05040100
	s_waitcnt lgkmcnt(2)                                       // 000000004078: BF89FC27
	v_perm_b32 v3, v6, v5, 0x5040100                           // 00000000407C: D6440003 03FE0B06 05040100
	v_add_co_u32 v5, vcc_lo, s4, v179                          // 000000004088: D7006A05 00036604
	s_waitcnt lgkmcnt(0)                                       // 000000004090: BF89FC07
	v_perm_b32 v4, v8, v7, 0x5040100                           // 000000004094: D6440004 03FE0F08 05040100
	v_add_co_ci_u32_e64 v6, null, s5, v180, vcc_lo             // 0000000040A0: D5207C06 01AB6805
	global_store_b128 v[5:6], v[1:4], off offset:128           // 0000000040A8: DC760080 007C0105
	s_or_b32 exec_lo, exec_lo, s6                              // 0000000040B0: 8C7E067E
	s_sub_i32 s9, s42, 64                                      // 0000000040B4: 8189C02A
	v_dual_mov_b32 v161, 0 :: v_dual_mov_b32 v162, 0           // 0000000040B8: CA100080 A1A20080
	s_ashr_i32 s43, s9, 31                                     // 0000000040C0: 862B9F09
	v_or_b32_e32 v193, s9, v235                                // 0000000040C4: 3983D609
	v_dual_mov_b32 v194, s43 :: v_dual_mov_b32 v9, 0           // 0000000040C8: CA10002B C2080080
	v_dual_mov_b32 v163, 0 :: v_dual_mov_b32 v164, 0           // 0000000040D0: CA100080 A3A40080
	s_delay_alu instid0(VALU_DEP_2) | instskip(SKIP_1) | instid1(VALU_DEP_2)// 0000000040D8: BF870122
	v_lshlrev_b64 v[1:2], 12, v[193:194]                       // 0000000040DC: D73C0001 0003828C
	v_cmp_gt_i64_e64 s4, s[12:13], v[193:194]                  // 0000000040E4: D4540004 0003820C
	v_lshlrev_b64 v[17:18], 1, v[1:2]                          // 0000000040EC: D73C0011 00020281
	s_and_saveexec_b32 s5, s4                                  // 0000000040F4: BE852004
	s_cbranch_execz 7                                          // 0000000040F8: BFA50007 <chunk_gated_delta_rule_fwd_kernel_h_blockdim64+0x2818>
	s_delay_alu instid0(VALU_DEP_1) | instskip(NEXT) | instid1(VALU_DEP_1)// 0000000040FC: BF870091
	v_add_co_u32 v1, vcc_lo, v243, v17                         // 000000004100: D7006A01 000223F3
	v_add_co_ci_u32_e64 v2, null, v244, v18, vcc_lo            // 000000004108: D5207C02 01AA25F4
	global_load_b128 v[161:164], v[1:2], off                   // 000000004110: DC5E0000 A17C0001
	s_or_b32 exec_lo, exec_lo, s5                              // 000000004118: 8C7E057E
	v_dual_mov_b32 v196, s43 :: v_dual_mov_b32 v11, 0          // 00000000411C: CA10002B C40A0080
	v_or_b32_e32 v195, s9, v236                                // 000000004124: 3987D809
	v_mov_b32_e32 v10, 0                                       // 000000004128: 7E140280
	v_mov_b32_e32 v12, 0                                       // 00000000412C: 7E180280
	s_delay_alu instid0(VALU_DEP_3) | instskip(SKIP_1) | instid1(VALU_DEP_2)// 000000004130: BF870123
	v_lshlrev_b64 v[1:2], 13, v[195:196]                       // 000000004134: D73C0001 0003868D
	v_cmp_gt_i64_e32 vcc_lo, s[12:13], v[195:196]              // 00000000413C: 7CA9860C
	v_add_co_u32 v19, s5, v243, v1                             // 000000004140: D7000513 000203F3
	s_delay_alu instid0(VALU_DEP_1)                            // 000000004148: BF870001
	v_add_co_ci_u32_e64 v20, null, v244, v2, s5                // 00000000414C: D5207C14 001605F4
	s_and_saveexec_b32 s5, vcc_lo                              // 000000004154: BE85206A
	s_cbranch_execz 2                                          // 000000004158: BFA50002 <chunk_gated_delta_rule_fwd_kernel_h_blockdim64+0x2864>
	global_load_b128 v[9:12], v[19:20], off                    // 00000000415C: DC5E0000 097C0013
	s_or_b32 exec_lo, exec_lo, s5                              // 000000004164: 8C7E057E
	ds_load_b128 v[113:116], v245                              // 000000004168: DBFC0000 710000F5
	ds_load_b128 v[117:120], v246                              // 000000004170: DBFC0000 750000F6
	ds_load_b128 v[33:36], v247                                // 000000004178: DBFC0000 210000F7
	ds_load_b128 v[37:40], v248                                // 000000004180: DBFC0000 250000F8
	ds_load_b128 v[25:28], v249                                // 000000004188: DBFC0000 190000F9
	ds_load_b128 v[29:32], v250                                // 000000004190: DBFC0000 1D0000FA
	ds_load_b128 v[1:4], v251                                  // 000000004198: DBFC0000 010000FB
	ds_load_b128 v[5:8], v252                                  // 0000000041A0: DBFC0000 050000FC
	s_waitcnt vmcnt(0) lgkmcnt(0)                              // 0000000041A8: BF890007
	s_waitcnt_vscnt null, 0x0                                  // 0000000041AC: BC7C0000
	s_barrier                                                  // 0000000041B0: BFBD0000
	buffer_gl0_inv                                             // 0000000041B4: E0AC0000 00000000
	ds_store_b16 v253, v13 offset:32768                        // 0000000041BC: D87C8000 00000DFD
	ds_store_b16 v253, v41 offset:33792                        // 0000000041C4: D87C8400 000029FD
	ds_store_b16 v254, v21 offset:33024                        // 0000000041CC: D87C8100 000015FE
	ds_store_b16 v254, v44 offset:34048                        // 0000000041D4: D87C8500 00002CFE
	ds_store_b16 v255, v22 offset:33280                        // 0000000041DC: D87C8200 000016FF
	ds_store_b16 v255, v42 offset:34304                        // 0000000041E4: D87C8600 00002AFF
	ds_store_b16 v222, v23 offset:33536                        // 0000000041EC: D87C8300 000017DE
	ds_store_b16 v222, v43 offset:34560                        // 0000000041F4: D87C8700 00002BDE
	s_waitcnt lgkmcnt(0)                                       // 0000000041FC: BF89FC07
	s_barrier                                                  // 000000004200: BFBD0000
	buffer_gl0_inv                                             // 000000004204: E0AC0000 00000000
	ds_load_b128 v[145:148], v226 offset:32768                 // 00000000420C: DBFC8000 910000E2
	ds_load_b128 v[149:152], v228 offset:32768                 // 000000004214: DBFC8000 950000E4
	ds_load_b128 v[57:60], v224 offset:32768                   // 00000000421C: DBFC8000 390000E0
	ds_load_b128 v[61:64], v225 offset:32768                   // 000000004224: DBFC8000 3D0000E1
	ds_load_b128 v[49:52], v230 offset:32768                   // 00000000422C: DBFC8000 310000E6
	ds_load_b128 v[53:56], v231 offset:32768                   // 000000004234: DBFC8000 350000E7
	ds_load_b128 v[41:44], v233 offset:32768                   // 00000000423C: DBFC8000 290000E9
	ds_load_b128 v[45:48], v234 offset:32768                   // 000000004244: DBFC8000 2D0000EA
	v_dual_mov_b32 v165, 0 :: v_dual_mov_b32 v170, 0           // 00000000424C: CA100080 A5AA0080
	v_dual_mov_b32 v169, 0 :: v_dual_mov_b32 v172, 0           // 000000004254: CA100080 A9AC0080
	v_mov_b32_e32 v171, 0                                      // 00000000425C: 7F560280
	s_and_saveexec_b32 s6, s4                                  // 000000004260: BE862004
	s_cbranch_execz 7                                          // 000000004264: BFA50007 <chunk_gated_delta_rule_fwd_kernel_h_blockdim64+0x2984>
	v_add_co_u32 v17, s5, v243, v17                            // 000000004268: D7000511 000223F3
	s_delay_alu instid0(VALU_DEP_1)                            // 000000004270: BF870001
	v_add_co_ci_u32_e64 v18, null, v244, v18, s5               // 000000004274: D5207C12 001625F4
	global_load_b128 v[169:172], v[17:18], off offset:128      // 00000000427C: DC5E0080 A97C0011
	s_or_b32 exec_lo, exec_lo, s6                              // 000000004284: 8C7E067E
	v_dual_mov_b32 v166, 0 :: v_dual_mov_b32 v167, 0           // 000000004288: CA100080 A6A60080
	v_mov_b32_e32 v168, 0                                      // 000000004290: 7F500280
	s_and_saveexec_b32 s5, vcc_lo                              // 000000004294: BE85206A
	s_cbranch_execz 2                                          // 000000004298: BFA50002 <chunk_gated_delta_rule_fwd_kernel_h_blockdim64+0x29a4>
	global_load_b128 v[165:168], v[19:20], off offset:128      // 00000000429C: DC5E0080 A57C0013
	s_or_b32 exec_lo, exec_lo, s5                              // 0000000042A4: 8C7E057E
	ds_load_b128 v[73:76], v245 offset:8192                    // 0000000042A8: DBFC2000 490000F5
	ds_load_b128 v[77:80], v246 offset:8192                    // 0000000042B0: DBFC2000 4D0000F6
	ds_load_b128 v[89:92], v247 offset:8192                    // 0000000042B8: DBFC2000 590000F7
	ds_load_b128 v[93:96], v248 offset:8192                    // 0000000042C0: DBFC2000 5D0000F8
	ds_load_b128 v[81:84], v249 offset:8192                    // 0000000042C8: DBFC2000 510000F9
	ds_load_b128 v[85:88], v250 offset:8192                    // 0000000042D0: DBFC2000 550000FA
	ds_load_b128 v[65:68], v251 offset:8192                    // 0000000042D8: DBFC2000 410000FB
	ds_load_b128 v[69:72], v252 offset:8192                    // 0000000042E0: DBFC2000 450000FC
	s_waitcnt vmcnt(0) lgkmcnt(0)                              // 0000000042E8: BF890007
	s_barrier                                                  // 0000000042EC: BFBD0000
	buffer_gl0_inv                                             // 0000000042F0: E0AC0000 00000000
	ds_store_b16 v253, v97 offset:32768                        // 0000000042F8: D87C8000 000061FD
	ds_store_b16 v253, v101 offset:33792                       // 000000004300: D87C8400 000065FD
	ds_store_b16 v254, v98 offset:33024                        // 000000004308: D87C8100 000062FE
	ds_store_b16 v254, v102 offset:34048                       // 000000004310: D87C8500 000066FE
	ds_store_b16 v255, v99 offset:33280                        // 000000004318: D87C8200 000063FF
	ds_store_b16 v255, v103 offset:34304                       // 000000004320: D87C8600 000067FF
	ds_store_b16 v222, v100 offset:33536                       // 000000004328: D87C8300 000064DE
	ds_store_b16 v222, v104 offset:34560                       // 000000004330: D87C8700 000068DE
	s_waitcnt lgkmcnt(0)                                       // 000000004338: BF89FC07
	s_barrier                                                  // 00000000433C: BFBD0000
	buffer_gl0_inv                                             // 000000004340: E0AC0000 00000000
	ds_load_b128 v[121:124], v226 offset:32768                 // 000000004348: DBFC8000 790000E2
	ds_load_b128 v[125:128], v228 offset:32768                 // 000000004350: DBFC8000 7D0000E4
	ds_load_b128 v[137:140], v224 offset:32768                 // 000000004358: DBFC8000 890000E0
	ds_load_b128 v[141:144], v225 offset:32768                 // 000000004360: DBFC8000 8D0000E1
	ds_load_b128 v[129:132], v230 offset:32768                 // 000000004368: DBFC8000 810000E6
	ds_load_b128 v[133:136], v231 offset:32768                 // 000000004370: DBFC8000 850000E7
	ds_load_b128 v[97:100], v233 offset:32768                  // 000000004378: DBFC8000 610000E9
	ds_load_b128 v[101:104], v234 offset:32768                 // 000000004380: DBFC8000 650000EA
	v_dual_mov_b32 v18, s43 :: v_dual_mov_b32 v153, 0          // 000000004388: CA10002B 12980080
	v_or_b32_e32 v17, s9, v237                                 // 000000004390: 3823DA09
	v_dual_mov_b32 v154, 0 :: v_dual_mov_b32 v155, 0           // 000000004394: CA100080 9A9A0080
	v_mov_b32_e32 v156, 0                                      // 00000000439C: 7F380280
	s_delay_alu instid0(VALU_DEP_3) | instskip(SKIP_1) | instid1(VALU_DEP_2)// 0000000043A0: BF870123
	v_lshlrev_b64 v[187:188], 12, v[17:18]                     // 0000000043A4: D73C00BB 0002228C
	v_cmp_gt_i64_e64 s5, s[12:13], v[17:18]                    // 0000000043AC: D4540005 0002220C
	v_add_co_u32 v185, s6, v187, v181                          // 0000000043B4: D70006B9 00036BBB
	s_delay_alu instid0(VALU_DEP_1) | instskip(SKIP_1) | instid1(SALU_CYCLE_1)// 0000000043BC: BF8704A1
	v_add_co_ci_u32_e64 v186, null, v188, v182, s6             // 0000000043C0: D5207CBA 001B6DBC
	s_and_b32 s5, s19, s5                                      // 0000000043C8: 8B050513
	s_and_saveexec_b32 s6, s5                                  // 0000000043CC: BE862005
	s_cbranch_execz 9                                          // 0000000043D0: BFA50009 <chunk_gated_delta_rule_fwd_kernel_h_blockdim64+0x2af8>
	v_lshlrev_b64 v[17:18], 1, v[185:186]                      // 0000000043D4: D73C0011 00037281
	s_delay_alu instid0(VALU_DEP_1) | instskip(NEXT) | instid1(VALU_DEP_1)// 0000000043DC: BF870091
	v_add_co_u32 v17, s5, s26, v17                             // 0000000043E0: D7000511 0002221A
	v_add_co_ci_u32_e64 v18, null, s27, v18, s5                // 0000000043E8: D5207C12 0016241B
	global_load_b128 v[153:156], v[17:18], off                 // 0000000043F0: DC5E0000 997C0011
	s_or_b32 exec_lo, exec_lo, s6                              // 0000000043F8: 8C7E067E
	v_mov_b32_e32 v23, v16                                     // 0000000043FC: 7E2E0310
	v_mov_b32_e32 v17, v16                                     // 000000004400: 7E220310
	v_mov_b32_e32 v18, v16                                     // 000000004404: 7E240310
	v_mov_b32_e32 v19, v16                                     // 000000004408: 7E260310
	v_mov_b32_e32 v20, v16                                     // 00000000440C: 7E280310
	v_mov_b32_e32 v21, v16                                     // 000000004410: 7E2A0310
	v_mov_b32_e32 v22, v16                                     // 000000004414: 7E2C0310
	v_mov_b32_e32 v112, v23                                    // 000000004418: 7EE00317
	v_dual_mov_b32 v108, v19 :: v_dual_mov_b32 v107, v18       // 00000000441C: CA100113 6C6A0112
	s_delay_alu instid0(VALU_DEP_4) | instskip(NEXT) | instid1(VALU_DEP_4)// 000000004424: BF870214
	v_dual_mov_b32 v110, v21 :: v_dual_mov_b32 v109, v20       // 000000004428: CA100115 6E6C0114
	v_dual_mov_b32 v111, v22 :: v_dual_mov_b32 v106, v17       // 000000004430: CA100116 6F6A0111
	v_mov_b32_e32 v105, v16                                    // 000000004438: 7ED20310
	s_waitcnt vmcnt(0) lgkmcnt(0)                              // 00000000443C: BF890007
	s_barrier                                                  // 000000004440: BFBD0000
	buffer_gl0_inv                                             // 000000004444: E0AC0000 00000000
	v_wmma_f32_16x16x16_bf16 v[105:112], v[145:152], v[113:120], v[105:112]// 00000000444C: CC414069 1DA6E391
	s_delay_alu instid0(VALU_DEP_1) | instskip(NEXT) | instid1(VALU_DEP_1)// 000000004454: BF870091
	v_wmma_f32_16x16x16_bf16 v[105:112], v[57:64], v[33:40], v[105:112]// 000000004458: CC414069 1DA64339
	v_wmma_f32_16x16x16_bf16 v[105:112], v[49:56], v[25:32], v[105:112]// 000000004460: CC414069 1DA63331
	s_delay_alu instid0(VALU_DEP_1)                            // 000000004468: BF870001
	v_wmma_f32_16x16x16_bf16 v[105:112], v[41:48], v[1:8], v[105:112]// 00000000446C: CC414069 1DA60329
	v_perm_b32 v1, v158, v157, 0x5040100                       // 000000004474: D6440001 03FF3B9E 05040100
	v_perm_b32 v2, v160, v159, 0x5040100                       // 000000004480: D6440002 03FF3FA0 05040100
	v_alignbit_b32 v3, v175, v157, 16                          // 00000000448C: D6160003 02433BAF
	v_perm_b32 v4, v174, v173, 0x5040100                       // 000000004494: D6440004 03FF5BAE 05040100
	v_wmma_f32_16x16x16_bf16 v[105:112], v[121:128], v[73:80], v[105:112]// 0000000044A0: CC414069 1DA69379
	v_lshlrev_b64 v[7:8], 13, v[183:184]                       // 0000000044A8: D73C0007 00036E8D
	ds_store_2addr_stride64_b64 v227, v[1:2], v[3:4] offset0:64 offset1:65// 0000000044B0: D93C4140 000301E3
	s_waitcnt lgkmcnt(0)                                       // 0000000044B8: BF89FC07
	s_barrier                                                  // 0000000044BC: BFBD0000
	buffer_gl0_inv                                             // 0000000044C0: E0AC0000 00000000
	ds_load_b64 v[4:5], v232 offset:32768                      // 0000000044C8: D9D88000 040000E8
	ds_load_b64 v[1:2], v220 offset:32768                      // 0000000044D0: D9D88000 010000DC
	v_wmma_f32_16x16x16_bf16 v[105:112], v[137:144], v[89:96], v[105:112]// 0000000044D8: CC414069 1DA6B389
	s_delay_alu instid0(VALU_DEP_1) | instskip(NEXT) | instid1(VALU_DEP_1)// 0000000044E0: BF870091
	v_wmma_f32_16x16x16_bf16 v[105:112], v[129:136], v[81:88], v[105:112]// 0000000044E4: CC414069 1DA6A381
	v_wmma_f32_16x16x16_bf16 v[105:112], v[97:104], v[65:72], v[105:112]// 0000000044EC: CC414069 1DA68361
	s_waitcnt lgkmcnt(1)                                       // 0000000044F4: BF89FC17
	v_lshlrev_b32_e32 v3, 16, v4                               // 0000000044F8: 30060890
	s_delay_alu instid0(VALU_DEP_1) | instskip(SKIP_1) | instid1(VALU_DEP_1)// 0000000044FC: BF8700A1
	v_sub_f32_e32 v6, v3, v105                                 // 000000004500: 080CD303
	v_add_co_u32 v3, s5, s7, v7                                // 000000004504: D7000503 00020E07
	v_add_co_ci_u32_e64 v8, null, s16, v8, s5                  // 00000000450C: D5207C08 00161010
	s_and_saveexec_b32 s6, s40                                 // 000000004514: BE862028
	s_cbranch_execz 19                                         // 000000004518: BFA50013 <chunk_gated_delta_rule_fwd_kernel_h_blockdim64+0x2c68>
	v_bfe_u32 v7, v6, 16, 1                                    // 00000000451C: D6100007 02052106
	v_cmp_o_f32_e64 s5, v6, v6                                 // 000000004524: D4170005 00020D06
	s_delay_alu instid0(VALU_DEP_2) | instskip(NEXT) | instid1(VALU_DEP_1)// 00000000452C: BF870092
	v_add3_u32 v7, v6, v7, 0x7fff                              // 000000004530: D6550007 03FE0F06 00007FFF
	v_lshrrev_b32_e32 v7, 16, v7                               // 00000000453C: 320E0E90
	s_delay_alu instid0(VALU_DEP_1) | instskip(SKIP_1) | instid1(VALU_DEP_1)// 000000004540: BF8700A1
	v_cndmask_b32_e64 v7, 0x7fff, v7, s5                       // 000000004544: D5010007 00160EFF 00007FFF
	v_add_co_u32 v17, s5, v3, v189                             // 000000004550: D7000511 00037B03
	v_add_co_ci_u32_e64 v18, null, v8, v190, s5                // 000000004558: D5207C12 00177D08
	global_store_b16 v[17:18], v7, off                         // 000000004560: DC660000 007C0711
	s_or_b32 exec_lo, exec_lo, s6                              // 000000004568: 8C7E067E
	v_and_b32_e32 v4, 0xffff0000, v4                           // 00000000456C: 360808FF FFFF0000
	v_add_co_u32 v3, s5, v3, v191                              // 000000004574: D7000503 00037F03
	s_delay_alu instid0(VALU_DEP_2)                            // 00000000457C: BF870002
	v_sub_f32_e32 v7, v4, v106                                 // 000000004580: 080ED504
	v_add_co_ci_u32_e64 v4, null, v8, v192, s5                 // 000000004584: D5207C04 00178108
	s_and_saveexec_b32 s6, s39                                 // 00000000458C: BE862027
	s_cbranch_execz 15                                         // 000000004590: BFA5000F <chunk_gated_delta_rule_fwd_kernel_h_blockdim64+0x2cd0>
	v_bfe_u32 v8, v7, 16, 1                                    // 000000004594: D6100008 02052107
	v_cmp_o_f32_e64 s5, v7, v7                                 // 00000000459C: D4170005 00020F07
	s_delay_alu instid0(VALU_DEP_2) | instskip(NEXT) | instid1(VALU_DEP_1)// 0000000045A4: BF870092
	v_add3_u32 v8, v7, v8, 0x7fff                              // 0000000045A8: D6550008 03FE1107 00007FFF
	v_lshrrev_b32_e32 v8, 16, v8                               // 0000000045B4: 32101090
	s_delay_alu instid0(VALU_DEP_1)                            // 0000000045B8: BF870001
	v_cndmask_b32_e64 v8, 0x7fff, v8, s5                       // 0000000045BC: D5010008 001610FF 00007FFF
	global_store_b16 v[3:4], v8, off offset:4                  // 0000000045C8: DC660004 007C0803
	s_or_b32 exec_lo, exec_lo, s6                              // 0000000045D0: 8C7E067E
	v_and_b32_e32 v8, 0xffff0000, v5                           // 0000000045D4: 36100AFF FFFF0000
	v_lshlrev_b32_e32 v13, 16, v5                              // 0000000045DC: 301A0A90
	s_delay_alu instid0(VALU_DEP_1) | instskip(NEXT) | instid1(VALU_DEP_1)// 0000000045E0: BF870091
	v_dual_sub_f32 v5, v8, v108 :: v_dual_sub_f32 v8, v13, v107// 0000000045E4: C94AD908 0508D70D
	v_cmp_u_f32_e64 s5, v5, v5                                 // 0000000045EC: D4180005 00020B05
	s_delay_alu instid0(VALU_DEP_2)                            // 0000000045F4: BF870002
	v_cmp_u_f32_e64 s6, v8, v8                                 // 0000000045F8: D4180006 00021108
	s_and_saveexec_b32 s39, s38                                // 000000004600: BEA72026
	s_cbranch_execz 13                                         // 000000004604: BFA5000D <chunk_gated_delta_rule_fwd_kernel_h_blockdim64+0x2d3c>
	v_bfe_u32 v13, v8, 16, 1                                   // 000000004608: D610000D 02052108
	s_delay_alu instid0(VALU_DEP_1) | instskip(NEXT) | instid1(VALU_DEP_1)// 000000004610: BF870091
	v_add3_u32 v13, v8, v13, 0x7fff                            // 000000004614: D655000D 03FE1B08 00007FFF
	v_lshrrev_b32_e32 v13, 16, v13                             // 000000004620: 321A1A90
	s_delay_alu instid0(VALU_DEP_1)                            // 000000004624: BF870001
	v_cndmask_b32_e64 v13, v13, 0x7fff, s6                     // 000000004628: D501000D 0019FF0D 00007FFF
	global_store_b16 v[3:4], v13, off offset:8                 // 000000004634: DC660008 007C0D03
	s_or_b32 exec_lo, exec_lo, s39                             // 00000000463C: 8C7E277E
	s_and_saveexec_b32 s6, s25                                 // 000000004640: BE862019
	s_cbranch_execz 13                                         // 000000004644: BFA5000D <chunk_gated_delta_rule_fwd_kernel_h_blockdim64+0x2d7c>
	v_bfe_u32 v13, v5, 16, 1                                   // 000000004648: D610000D 02052105
	s_delay_alu instid0(VALU_DEP_1) | instskip(NEXT) | instid1(VALU_DEP_1)// 000000004650: BF870091
	v_add3_u32 v13, v5, v13, 0x7fff                            // 000000004654: D655000D 03FE1B05 00007FFF
	v_lshrrev_b32_e32 v13, 16, v13                             // 000000004660: 321A1A90
	s_delay_alu instid0(VALU_DEP_1)                            // 000000004664: BF870001
	v_cndmask_b32_e64 v13, v13, 0x7fff, s5                     // 000000004668: D501000D 0015FF0D 00007FFF
	global_store_b16 v[3:4], v13, off offset:12                // 000000004674: DC66000C 007C0D03
	s_or_b32 exec_lo, exec_lo, s6                              // 00000000467C: 8C7E067E
	s_waitcnt lgkmcnt(0)                                       // 000000004680: BF89FC07
	v_and_b32_e32 v13, 0xffff0000, v1                          // 000000004684: 361A02FF FFFF0000
	v_lshlrev_b32_e32 v1, 16, v1                               // 00000000468C: 30020290
	s_delay_alu instid0(VALU_DEP_2) | instskip(NEXT) | instid1(VALU_DEP_2)// 000000004690: BF870112
	v_sub_f32_e32 v13, v13, v110                               // 000000004694: 081ADD0D
	v_sub_f32_e32 v17, v1, v109                                // 000000004698: 0822DB01
	s_delay_alu instid0(VALU_DEP_2) | instskip(NEXT) | instid1(VALU_DEP_2)// 00000000469C: BF870112
	v_cmp_u_f32_e64 s5, v13, v13                               // 0000000046A0: D4180005 00021B0D
	v_cmp_u_f32_e64 s6, v17, v17                               // 0000000046A8: D4180006 00022311
	s_and_saveexec_b32 s25, s23                                // 0000000046B0: BE992017
	s_cbranch_execz 13                                         // 0000000046B4: BFA5000D <chunk_gated_delta_rule_fwd_kernel_h_blockdim64+0x2dec>
	v_bfe_u32 v1, v17, 16, 1                                   // 0000000046B8: D6100001 02052111
	s_delay_alu instid0(VALU_DEP_1) | instskip(NEXT) | instid1(VALU_DEP_1)// 0000000046C0: BF870091
	v_add3_u32 v1, v17, v1, 0x7fff                             // 0000000046C4: D6550001 03FE0311 00007FFF
	v_lshrrev_b32_e32 v1, 16, v1                               // 0000000046D0: 32020290
	s_delay_alu instid0(VALU_DEP_1)                            // 0000000046D4: BF870001
	v_cndmask_b32_e64 v1, v1, 0x7fff, s6                       // 0000000046D8: D5010001 0019FF01 00007FFF
	global_store_b16 v[3:4], v1, off offset:16                 // 0000000046E4: DC660010 007C0103
	s_or_b32 exec_lo, exec_lo, s25                             // 0000000046EC: 8C7E197E
	s_and_saveexec_b32 s6, s22                                 // 0000000046F0: BE862016
	s_cbranch_execz 13                                         // 0000000046F4: BFA5000D <chunk_gated_delta_rule_fwd_kernel_h_blockdim64+0x2e2c>
	v_bfe_u32 v1, v13, 16, 1                                   // 0000000046F8: D6100001 0205210D
	s_delay_alu instid0(VALU_DEP_1) | instskip(NEXT) | instid1(VALU_DEP_1)// 000000004700: BF870091
	v_add3_u32 v1, v13, v1, 0x7fff                             // 000000004704: D6550001 03FE030D 00007FFF
	v_lshrrev_b32_e32 v1, 16, v1                               // 000000004710: 32020290
	s_delay_alu instid0(VALU_DEP_1)                            // 000000004714: BF870001
	v_cndmask_b32_e64 v1, v1, 0x7fff, s5                       // 000000004718: D5010001 0015FF01 00007FFF
	global_store_b16 v[3:4], v1, off offset:20                 // 000000004724: DC660014 007C0103
	s_or_b32 exec_lo, exec_lo, s6                              // 00000000472C: 8C7E067E
	v_and_b32_e32 v1, 0xffff0000, v2                           // 000000004730: 360204FF FFFF0000
	v_lshlrev_b32_e32 v2, 16, v2                               // 000000004738: 30040490
	s_delay_alu instid0(VALU_DEP_1) | instskip(NEXT) | instid1(VALU_DEP_1)// 00000000473C: BF870091
	v_dual_sub_f32 v18, v1, v112 :: v_dual_sub_f32 v19, v2, v111// 000000004740: C94AE101 1212DF02
	v_cmp_u_f32_e64 s5, v18, v18                               // 000000004748: D4180005 00022512
	s_delay_alu instid0(VALU_DEP_2)                            // 000000004750: BF870002
	v_cmp_u_f32_e64 s6, v19, v19                               // 000000004754: D4180006 00022713
	s_and_saveexec_b32 s22, s21                                // 00000000475C: BE962015
	s_cbranch_execz 13                                         // 000000004760: BFA5000D <chunk_gated_delta_rule_fwd_kernel_h_blockdim64+0x2e98>
	v_bfe_u32 v1, v19, 16, 1                                   // 000000004764: D6100001 02052113
	s_delay_alu instid0(VALU_DEP_1) | instskip(NEXT) | instid1(VALU_DEP_1)// 00000000476C: BF870091
	v_add3_u32 v1, v19, v1, 0x7fff                             // 000000004770: D6550001 03FE0313 00007FFF
	v_lshrrev_b32_e32 v1, 16, v1                               // 00000000477C: 32020290
	s_delay_alu instid0(VALU_DEP_1)                            // 000000004780: BF870001
	v_cndmask_b32_e64 v1, v1, 0x7fff, s6                       // 000000004784: D5010001 0019FF01 00007FFF
	global_store_b16 v[3:4], v1, off offset:24                 // 000000004790: DC660018 007C0103
	s_or_b32 exec_lo, exec_lo, s22                             // 000000004798: 8C7E167E
	s_and_saveexec_b32 s6, s20                                 // 00000000479C: BE862014
	s_cbranch_execz 13                                         // 0000000047A0: BFA5000D <chunk_gated_delta_rule_fwd_kernel_h_blockdim64+0x2ed8>
	v_bfe_u32 v1, v18, 16, 1                                   // 0000000047A4: D6100001 02052112
	s_delay_alu instid0(VALU_DEP_1) | instskip(NEXT) | instid1(VALU_DEP_1)// 0000000047AC: BF870091
	v_add3_u32 v1, v18, v1, 0x7fff                             // 0000000047B0: D6550001 03FE0312 00007FFF
	v_lshrrev_b32_e32 v1, 16, v1                               // 0000000047BC: 32020290
	s_delay_alu instid0(VALU_DEP_1)                            // 0000000047C0: BF870001
	v_cndmask_b32_e64 v1, v1, 0x7fff, s5                       // 0000000047C4: D5010001 0015FF01 00007FFF
	global_store_b16 v[3:4], v1, off offset:28                 // 0000000047D0: DC66001C 007C0103
	s_or_b32 exec_lo, exec_lo, s6                              // 0000000047D8: 8C7E067E
	s_min_i32 s5, s42, s12                                     // 0000000047DC: 89050C2A
	v_dual_mov_b32 v184, s43 :: v_dual_mov_b32 v89, 0          // 0000000047E0: CA10002B B8580080
	s_lshl_b32 s5, s5, 5                                       // 0000000047E8: 84058505
	v_or_b32_e32 v183, s9, v238                                // 0000000047EC: 396FDC09
	s_sub_i32 s20, s5, 32                                      // 0000000047F0: 8194A005
	v_mov_b32_e32 v103, 0                                      // 0000000047F4: 7ECE0280
	s_ashr_i32 s21, s20, 31                                    // 0000000047F8: 86159F14
	s_delay_alu instid0(SALU_CYCLE_1)                          // 0000000047FC: BF870009
	s_lshl_b64 s[20:21], s[20:21], 2                           // 000000004800: 84948214
	v_cmp_gt_i64_e64 s5, s[12:13], v[183:184]                  // 000000004804: D4540005 00036E0C
	s_add_u32 s20, s14, s20                                    // 00000000480C: 8014140E
	s_addc_u32 s21, s15, s21                                   // 000000004810: 8215150F
	global_load_b32 v104, v16, s[20:21]                        // 000000004814: DC520000 68140010
	s_and_saveexec_b32 s9, s5                                  // 00000000481C: BE892005
	s_cbranch_execz 9                                          // 000000004820: BFA50009 <chunk_gated_delta_rule_fwd_kernel_h_blockdim64+0x2f48>
	v_lshlrev_b64 v[1:2], 7, v[183:184]                        // 000000004824: D73C0001 00036E87
	s_delay_alu instid0(VALU_DEP_1) | instskip(NEXT) | instid1(VALU_DEP_1)// 00000000482C: BF870091
	v_add_co_u32 v1, s6, s14, v1                               // 000000004830: D7000601 0002020E
	v_add_co_ci_u32_e64 v2, null, s15, v2, s6                  // 000000004838: D5207C02 001A040F
	global_load_b32 v103, v[1:2], off                          // 000000004840: DC520000 677C0001
	s_or_b32 exec_lo, exec_lo, s9                              // 000000004848: 8C7E097E
	v_lshlrev_b64 v[1:2], 11, v[193:194]                       // 00000000484C: D73C0001 0003828B
	v_dual_mov_b32 v90, 0 :: v_dual_mov_b32 v91, 0             // 000000004854: CA100080 5A5A0080
	v_mov_b32_e32 v92, 0                                       // 00000000485C: 7EB80280
	s_delay_alu instid0(VALU_DEP_3)                            // 000000004860: BF870003
	v_lshlrev_b64 v[1:2], 1, v[1:2]                            // 000000004864: D73C0001 00020281
	s_and_saveexec_b32 s9, s4                                  // 00000000486C: BE892004
	s_cbranch_execz 7                                          // 000000004870: BFA50007 <chunk_gated_delta_rule_fwd_kernel_h_blockdim64+0x2f90>
	s_delay_alu instid0(VALU_DEP_1) | instskip(NEXT) | instid1(VALU_DEP_1)// 000000004874: BF870091
	v_add_co_u32 v3, s6, v239, v1                              // 000000004878: D7000603 000203EF
	v_add_co_ci_u32_e64 v4, null, v240, v2, s6                 // 000000004880: D5207C04 001A05F0
	global_load_b128 v[89:92], v[3:4], off                     // 000000004888: DC5E0000 597C0003
	s_or_b32 exec_lo, exec_lo, s9                              // 000000004890: 8C7E097E
	v_lshlrev_b64 v[3:4], 12, v[195:196]                       // 000000004894: D73C0003 0003868C
	v_dual_mov_b32 v93, 0 :: v_dual_mov_b32 v98, 0             // 00000000489C: CA100080 5D620080
	v_dual_mov_b32 v97, 0 :: v_dual_mov_b32 v100, 0            // 0000000048A4: CA100080 61640080
	v_mov_b32_e32 v99, 0                                       // 0000000048AC: 7EC60280
	s_delay_alu instid0(VALU_DEP_4) | instskip(NEXT) | instid1(VALU_DEP_1)// 0000000048B0: BF870094
	v_add_co_u32 v101, s6, v239, v3                            // 0000000048B4: D7000665 000207EF
	v_add_co_ci_u32_e64 v102, null, v240, v4, s6               // 0000000048BC: D5207C66 001A09F0
	s_and_saveexec_b32 s6, vcc_lo                              // 0000000048C4: BE86206A
	s_cbranch_execz 2                                          // 0000000048C8: BFA50002 <chunk_gated_delta_rule_fwd_kernel_h_blockdim64+0x2fd4>
	global_load_b128 v[97:100], v[101:102], off                // 0000000048CC: DC5E0000 617C0065
	s_or_b32 exec_lo, exec_lo, s6                              // 0000000048D4: 8C7E067E
	v_dual_sub_f32 v3, v221, v223 :: v_dual_mov_b32 v94, 0     // 0000000048D8: C951BFDD 035E0080
	ds_load_u16 v57, v229 offset:16384                         // 0000000048E0: D8F04000 390000E5
	ds_load_u16 v58, v229 offset:16640                         // 0000000048E8: D8F04100 3A0000E5
	ds_load_u16 v59, v229 offset:16896                         // 0000000048F0: D8F04200 3B0000E5
	ds_load_u16 v60, v229 offset:17152                         // 0000000048F8: D8F04300 3C0000E5
	ds_load_u16 v61, v229 offset:17408                         // 000000004900: D8F04400 3D0000E5
	ds_load_u16 v62, v229 offset:17664                         // 000000004908: D8F04500 3E0000E5
	ds_load_u16 v63, v229 offset:17920                         // 000000004910: D8F04600 3F0000E5
	ds_load_u16 v64, v229 offset:18176                         // 000000004918: D8F04700 400000E5
	s_waitcnt lgkmcnt(7)                                       // 000000004920: BF89FC77
	ds_load_u16_d16_hi v57, v229 offset:16512                  // 000000004924: DA9C4080 390000E5
	s_waitcnt lgkmcnt(7)                                       // 00000000492C: BF89FC77
	ds_load_u16_d16_hi v58, v229 offset:16768                  // 000000004930: DA9C4180 3A0000E5
	s_waitcnt lgkmcnt(7)                                       // 000000004938: BF89FC77
	ds_load_u16_d16_hi v59, v229 offset:17024                  // 00000000493C: DA9C4280 3B0000E5
	s_waitcnt lgkmcnt(7)                                       // 000000004944: BF89FC77
	ds_load_u16_d16_hi v60, v229 offset:17280                  // 000000004948: DA9C4380 3C0000E5
	s_waitcnt lgkmcnt(7)                                       // 000000004950: BF89FC77
	ds_load_u16_d16_hi v61, v229 offset:17536                  // 000000004954: DA9C4480 3D0000E5
	s_waitcnt lgkmcnt(7)                                       // 00000000495C: BF89FC77
	ds_load_u16_d16_hi v62, v229 offset:17792                  // 000000004960: DA9C4580 3E0000E5
	s_waitcnt lgkmcnt(7)                                       // 000000004968: BF89FC77
	ds_load_u16_d16_hi v63, v229 offset:18048                  // 00000000496C: DA9C4680 3F0000E5
	s_waitcnt lgkmcnt(7)                                       // 000000004974: BF89FC77
	ds_load_u16_d16_hi v64, v229 offset:18304                  // 000000004978: DA9C4780 400000E5
	ds_load_u16 v65, v229 offset:18432                         // 000000004980: D8F04800 410000E5
	ds_load_u16 v66, v229 offset:18688                         // 000000004988: D8F04900 420000E5
	ds_load_u16 v67, v229 offset:18944                         // 000000004990: D8F04A00 430000E5
	ds_load_u16 v68, v229 offset:19200                         // 000000004998: D8F04B00 440000E5
	ds_load_u16 v69, v229 offset:19456                         // 0000000049A0: D8F04C00 450000E5
	ds_load_u16 v70, v229 offset:19712                         // 0000000049A8: D8F04D00 460000E5
	ds_load_u16 v71, v229 offset:19968                         // 0000000049B0: D8F04E00 470000E5
	ds_load_u16 v72, v229 offset:20224                         // 0000000049B8: D8F04F00 480000E5
	ds_load_u16 v73, v229 offset:20480                         // 0000000049C0: D8F05000 490000E5
	ds_load_u16 v74, v229 offset:20736                         // 0000000049C8: D8F05100 4A0000E5
	ds_load_u16 v75, v229 offset:20992                         // 0000000049D0: D8F05200 4B0000E5
	ds_load_u16 v76, v229 offset:21248                         // 0000000049D8: D8F05300 4C0000E5
	ds_load_u16 v77, v229 offset:21504                         // 0000000049E0: D8F05400 4D0000E5
	ds_load_u16 v78, v229 offset:21760                         // 0000000049E8: D8F05500 4E0000E5
	ds_load_u16 v79, v229 offset:22016                         // 0000000049F0: D8F05600 4F0000E5
	ds_load_u16 v80, v229 offset:22272                         // 0000000049F8: D8F05700 500000E5
	ds_load_u16 v81, v229 offset:22528                         // 000000004A00: D8F05800 510000E5
	ds_load_u16 v82, v229 offset:22784                         // 000000004A08: D8F05900 520000E5
	ds_load_u16 v83, v229 offset:23040                         // 000000004A10: D8F05A00 530000E5
	ds_load_u16 v84, v229 offset:23296                         // 000000004A18: D8F05B00 540000E5
	ds_load_u16 v85, v229 offset:23552                         // 000000004A20: D8F05C00 550000E5
	ds_load_u16 v86, v229 offset:23808                         // 000000004A28: D8F05D00 560000E5
	ds_load_u16 v87, v229 offset:24064                         // 000000004A30: D8F05E00 570000E5
	ds_load_u16 v88, v229 offset:24320                         // 000000004A38: D8F05F00 580000E5
	v_mul_f32_e32 v4, 0x3fb8aa3b, v3                           // 000000004A40: 100806FF 3FB8AA3B
	v_cmp_ge_f32_e64 s6, 0, v3                                 // 000000004A48: D4160006 00020680
	v_mov_b32_e32 v96, 0                                       // 000000004A50: 7EC00280
	s_waitcnt lgkmcnt(23)                                      // 000000004A54: BF89FD77
	ds_load_u16_d16_hi v65, v229 offset:18560                  // 000000004A58: DA9C4880 410000E5
	s_waitcnt lgkmcnt(23)                                      // 000000004A60: BF89FD77
	ds_load_u16_d16_hi v66, v229 offset:18816                  // 000000004A64: DA9C4980 420000E5
	s_waitcnt lgkmcnt(23)                                      // 000000004A6C: BF89FD77
	ds_load_u16_d16_hi v67, v229 offset:19072                  // 000000004A70: DA9C4A80 430000E5
	s_waitcnt lgkmcnt(23)                                      // 000000004A78: BF89FD77
	ds_load_u16_d16_hi v68, v229 offset:19328                  // 000000004A7C: DA9C4B80 440000E5
	s_waitcnt lgkmcnt(23)                                      // 000000004A84: BF89FD77
	ds_load_u16_d16_hi v69, v229 offset:19584                  // 000000004A88: DA9C4C80 450000E5
	s_waitcnt lgkmcnt(23)                                      // 000000004A90: BF89FD77
	ds_load_u16_d16_hi v70, v229 offset:19840                  // 000000004A94: DA9C4D80 460000E5
	s_waitcnt lgkmcnt(23)                                      // 000000004A9C: BF89FD77
	ds_load_u16_d16_hi v71, v229 offset:20096                  // 000000004AA0: DA9C4E80 470000E5
	s_waitcnt lgkmcnt(23)                                      // 000000004AA8: BF89FD77
	ds_load_u16_d16_hi v72, v229 offset:20352                  // 000000004AAC: DA9C4F80 480000E5
	s_waitcnt lgkmcnt(23)                                      // 000000004AB4: BF89FD77
	ds_load_u16_d16_hi v73, v229 offset:20608                  // 000000004AB8: DA9C5080 490000E5
	s_waitcnt lgkmcnt(23)                                      // 000000004AC0: BF89FD77
	ds_load_u16_d16_hi v74, v229 offset:20864                  // 000000004AC4: DA9C5180 4A0000E5
	s_waitcnt lgkmcnt(23)                                      // 000000004ACC: BF89FD77
	ds_load_u16_d16_hi v75, v229 offset:21120                  // 000000004AD0: DA9C5280 4B0000E5
	s_waitcnt lgkmcnt(23)                                      // 000000004AD8: BF89FD77
	ds_load_u16_d16_hi v76, v229 offset:21376                  // 000000004ADC: DA9C5380 4C0000E5
	s_waitcnt lgkmcnt(23)                                      // 000000004AE4: BF89FD77
	ds_load_u16_d16_hi v77, v229 offset:21632                  // 000000004AE8: DA9C5480 4D0000E5
	s_waitcnt lgkmcnt(23)                                      // 000000004AF0: BF89FD77
	ds_load_u16_d16_hi v78, v229 offset:21888                  // 000000004AF4: DA9C5580 4E0000E5
	s_waitcnt lgkmcnt(23)                                      // 000000004AFC: BF89FD77
	ds_load_u16_d16_hi v79, v229 offset:22144                  // 000000004B00: DA9C5680 4F0000E5
	s_waitcnt lgkmcnt(23)                                      // 000000004B08: BF89FD77
	ds_load_u16_d16_hi v80, v229 offset:22400                  // 000000004B0C: DA9C5780 500000E5
	s_waitcnt lgkmcnt(23)                                      // 000000004B14: BF89FD77
	ds_load_u16_d16_hi v81, v229 offset:22656                  // 000000004B18: DA9C5880 510000E5
	s_waitcnt lgkmcnt(23)                                      // 000000004B20: BF89FD77
	ds_load_u16_d16_hi v82, v229 offset:22912                  // 000000004B24: DA9C5980 520000E5
	s_waitcnt lgkmcnt(23)                                      // 000000004B2C: BF89FD77
	ds_load_u16_d16_hi v83, v229 offset:23168                  // 000000004B30: DA9C5A80 530000E5
	s_waitcnt lgkmcnt(23)                                      // 000000004B38: BF89FD77
	ds_load_u16_d16_hi v84, v229 offset:23424                  // 000000004B3C: DA9C5B80 540000E5
	s_waitcnt lgkmcnt(23)                                      // 000000004B44: BF89FD77
	ds_load_u16_d16_hi v85, v229 offset:23680                  // 000000004B48: DA9C5C80 550000E5
	s_waitcnt lgkmcnt(23)                                      // 000000004B50: BF89FD77
	ds_load_u16_d16_hi v86, v229 offset:23936                  // 000000004B54: DA9C5D80 560000E5
	s_waitcnt lgkmcnt(23)                                      // 000000004B5C: BF89FD77
	ds_load_u16_d16_hi v87, v229 offset:24192                  // 000000004B60: DA9C5E80 570000E5
	s_waitcnt lgkmcnt(23)                                      // 000000004B68: BF89FD77
	ds_load_u16_d16_hi v88, v229 offset:24448                  // 000000004B6C: DA9C5F80 580000E5
	v_cndmask_b32_e64 v3, 0xff800000, v4, s6                   // 000000004B74: D5010003 001A08FF FF800000
	s_waitcnt vmcnt(0) lgkmcnt(0)                              // 000000004B80: BF890007
	s_waitcnt_vscnt null, 0x0                                  // 000000004B84: BC7C0000
	v_mov_b32_e32 v95, 0                                       // 000000004B88: 7EBE0280
	s_barrier                                                  // 000000004B8C: BFBD0000
	buffer_gl0_inv                                             // 000000004B90: E0AC0000 00000000
	v_cmp_gt_f32_e64 s6, 0xc2fc0000, v3                        // 000000004B98: D4140006 000206FF C2FC0000
	s_delay_alu instid0(VALU_DEP_1) | instskip(NEXT) | instid1(VALU_DEP_1)// 000000004BA4: BF870091
	v_cndmask_b32_e64 v4, 0, 0x42800000, s6                    // 000000004BA8: D5010004 0019FE80 42800000
	v_add_f32_e32 v3, v3, v4                                   // 000000004BB4: 06060903
	v_cndmask_b32_e64 v4, 0, 0xffffffc0, s6                    // 000000004BB8: D5010004 0019FE80 FFFFFFC0
	s_delay_alu instid0(VALU_DEP_2) | instskip(NEXT) | instid1(TRANS32_DEP_1)// 000000004BC4: BF870292
	v_exp_f32_e32 v3, v3                                       // 000000004BC8: 7E064B03
	v_ldexp_f32 v3, v3, v4                                     // 000000004BCC: D71C0003 00020903
	s_delay_alu instid0(VALU_DEP_1)                            // 000000004BD4: BF870001
	v_mul_f32_e32 v4, v3, v6                                   // 000000004BD8: 10080D03
	v_mul_f32_e32 v6, v3, v7                                   // 000000004BDC: 100C0F03
	v_mul_f32_e32 v7, v3, v8                                   // 000000004BE0: 100E1103
	v_mul_f32_e32 v5, v3, v5                                   // 000000004BE4: 100A0B03
	v_mul_f32_e32 v8, v3, v17                                  // 000000004BE8: 10102303
	v_mul_f32_e32 v13, v3, v13                                 // 000000004BEC: 101A1B03
	v_mul_f32_e32 v17, v3, v19                                 // 000000004BF0: 10222703
	v_mul_f32_e32 v3, v3, v18                                  // 000000004BF4: 10062503
	v_bfe_u32 v18, v4, 16, 1                                   // 000000004BF8: D6100012 02052104
	v_bfe_u32 v19, v6, 16, 1                                   // 000000004C00: D6100013 02052106
	v_bfe_u32 v20, v7, 16, 1                                   // 000000004C08: D6100014 02052107
	v_cmp_o_f32_e64 s6, v4, v4                                 // 000000004C10: D4170006 00020904
	v_bfe_u32 v21, v5, 16, 1                                   // 000000004C18: D6100015 02052105
	v_add3_u32 v18, v4, v18, 0x7fff                            // 000000004C20: D6550012 03FE2504 00007FFF
	v_add3_u32 v19, v6, v19, 0x7fff                            // 000000004C2C: D6550013 03FE2706 00007FFF
	v_add3_u32 v20, v7, v20, 0x7fff                            // 000000004C38: D6550014 03FE2907 00007FFF
	v_bfe_u32 v22, v8, 16, 1                                   // 000000004C44: D6100016 02052108
	v_add3_u32 v21, v5, v21, 0x7fff                            // 000000004C4C: D6550015 03FE2B05 00007FFF
	v_lshrrev_b32_e32 v18, 16, v18                             // 000000004C58: 32242490
	v_lshrrev_b32_e32 v19, 16, v19                             // 000000004C5C: 32262690
	v_lshrrev_b32_e32 v20, 16, v20                             // 000000004C60: 32282890
	v_bfe_u32 v23, v13, 16, 1                                  // 000000004C64: D6100017 0205210D
	v_add3_u32 v22, v8, v22, 0x7fff                            // 000000004C6C: D6550016 03FE2D08 00007FFF
	v_cndmask_b32_e64 v4, 0x7fff, v18, s6                      // 000000004C78: D5010004 001A24FF 00007FFF
	v_cmp_o_f32_e64 s6, v6, v6                                 // 000000004C84: D4170006 00020D06
	v_lshrrev_b32_e32 v21, 16, v21                             // 000000004C8C: 322A2A90
	v_bfe_u32 v25, v17, 16, 1                                  // 000000004C90: D6100019 02052111
	v_add3_u32 v23, v13, v23, 0x7fff                           // 000000004C98: D6550017 03FE2F0D 00007FFF
	v_lshrrev_b32_e32 v22, 16, v22                             // 000000004CA4: 322C2C90
	v_cndmask_b32_e64 v6, 0x7fff, v19, s6                      // 000000004CA8: D5010006 001A26FF 00007FFF
	v_cmp_o_f32_e64 s6, v7, v7                                 // 000000004CB4: D4170006 00020F07
	v_bfe_u32 v26, v3, 16, 1                                   // 000000004CBC: D610001A 02052103
	v_add3_u32 v25, v17, v25, 0x7fff                           // 000000004CC4: D6550019 03FE3311 00007FFF
	v_lshrrev_b32_e32 v23, 16, v23                             // 000000004CD0: 322E2E90
	s_delay_alu instid0(VALU_DEP_4) | instskip(SKIP_3) | instid1(VALU_DEP_3)// 000000004CD4: BF8701C4
	v_cndmask_b32_e64 v7, 0x7fff, v20, s6                      // 000000004CD8: D5010007 001A28FF 00007FFF
	v_cmp_o_f32_e64 s6, v5, v5                                 // 000000004CE4: D4170006 00020B05
	v_add3_u32 v26, v3, v26, 0x7fff                            // 000000004CEC: D655001A 03FE3503 00007FFF
	v_lshrrev_b32_e32 v25, 16, v25                             // 000000004CF8: 32323290
	v_cndmask_b32_e64 v5, 0x7fff, v21, s6                      // 000000004CFC: D5010005 001A2AFF 00007FFF
	v_cmp_o_f32_e64 s6, v8, v8                                 // 000000004D08: D4170006 00021108
	s_delay_alu instid0(VALU_DEP_4) | instskip(NEXT) | instid1(VALU_DEP_2)// 000000004D10: BF870114
	v_lshrrev_b32_e32 v26, 16, v26                             // 000000004D14: 32343490
	v_cndmask_b32_e64 v8, 0x7fff, v22, s6                      // 000000004D18: D5010008 001A2CFF 00007FFF
	v_cmp_o_f32_e64 s6, v13, v13                               // 000000004D24: D4170006 00021B0D
	s_delay_alu instid0(VALU_DEP_1) | instskip(SKIP_1) | instid1(VALU_DEP_1)// 000000004D2C: BF8700A1
	v_cndmask_b32_e64 v13, 0x7fff, v23, s6                     // 000000004D30: D501000D 001A2EFF 00007FFF
	v_cmp_o_f32_e64 s6, v17, v17                               // 000000004D3C: D4170006 00022311
	v_cndmask_b32_e64 v17, 0x7fff, v25, s6                     // 000000004D44: D5010011 001A32FF 00007FFF
	v_cmp_o_f32_e64 s6, v3, v3                                 // 000000004D50: D4170006 00020703
	s_delay_alu instid0(VALU_DEP_1)                            // 000000004D58: BF870001
	v_cndmask_b32_e64 v3, 0x7fff, v26, s6                      // 000000004D5C: D5010003 001A34FF 00007FFF
	ds_store_b16 v253, v4 offset:32768                         // 000000004D68: D87C8000 000004FD
	ds_store_b16 v253, v8 offset:33792                         // 000000004D70: D87C8400 000008FD
	ds_store_b16 v254, v6 offset:33024                         // 000000004D78: D87C8100 000006FE
	ds_store_b16 v254, v13 offset:34048                        // 000000004D80: D87C8500 00000DFE
	ds_store_b16 v255, v7 offset:33280                         // 000000004D88: D87C8200 000007FF
	ds_store_b16 v255, v17 offset:34304                        // 000000004D90: D87C8600 000011FF
	ds_store_b16 v222, v5 offset:33536                         // 000000004D98: D87C8300 000005DE
	ds_store_b16 v222, v3 offset:34560                         // 000000004DA0: D87C8700 000003DE
	s_waitcnt lgkmcnt(0)                                       // 000000004DA8: BF89FC07
	s_barrier                                                  // 000000004DAC: BFBD0000
	buffer_gl0_inv                                             // 000000004DB0: E0AC0000 00000000
	ds_load_b128 v[49:52], v226 offset:32768                   // 000000004DB8: DBFC8000 310000E2
	ds_load_b128 v[53:56], v228 offset:32768                   // 000000004DC0: DBFC8000 350000E4
	ds_load_b128 v[41:44], v224 offset:32768                   // 000000004DC8: DBFC8000 290000E0
	ds_load_b128 v[45:48], v225 offset:32768                   // 000000004DD0: DBFC8000 2D0000E1
	ds_load_b128 v[33:36], v230 offset:32768                   // 000000004DD8: DBFC8000 210000E6
	ds_load_b128 v[37:40], v231 offset:32768                   // 000000004DE0: DBFC8000 250000E7
	ds_load_b128 v[25:28], v233 offset:32768                   // 000000004DE8: DBFC8000 190000E9
	ds_load_b128 v[29:32], v234 offset:32768                   // 000000004DF0: DBFC8000 1D0000EA
	v_mul_f32_e32 v3, 0x3fb8aa3b, v221                         // 000000004DF8: 1007BAFF 3FB8AA3B
	s_delay_alu instid0(VALU_DEP_1)                            // 000000004E00: BF870001
	v_cmp_gt_f32_e64 s6, 0xc2fc0000, v3                        // 000000004E04: D4140006 000206FF C2FC0000
	s_and_saveexec_b32 s9, s4                                  // 000000004E10: BE892004
	s_cbranch_execz 7                                          // 000000004E14: BFA50007 <chunk_gated_delta_rule_fwd_kernel_h_blockdim64+0x3534>
	v_add_co_u32 v1, s4, v239, v1                              // 000000004E18: D7000401 000203EF
	s_delay_alu instid0(VALU_DEP_1)                            // 000000004E20: BF870001
	v_add_co_ci_u32_e64 v2, null, v240, v2, s4                 // 000000004E24: D5207C02 001205F0
	global_load_b128 v[93:96], v[1:2], off offset:128          // 000000004E2C: DC5E0080 5D7C0001
	s_or_b32 exec_lo, exec_lo, s9                              // 000000004E34: 8C7E097E
	v_cndmask_b32_e64 v13, 0, 0x42800000, s6                   // 000000004E38: D501000D 0019FE80 42800000
	v_mov_b32_e32 v17, v16                                     // 000000004E44: 7E220310
	v_mov_b32_e32 v18, v16                                     // 000000004E48: 7E240310
	v_mov_b32_e32 v19, v16                                     // 000000004E4C: 7E260310
	v_mov_b32_e32 v20, v16                                     // 000000004E50: 7E280310
	v_mov_b32_e32 v21, v16                                     // 000000004E54: 7E2A0310
	v_mov_b32_e32 v22, v16                                     // 000000004E58: 7E2C0310
	v_mov_b32_e32 v23, v16                                     // 000000004E5C: 7E2E0310
	v_fmac_f32_e32 v13, 0x3fb8aa3b, v221                       // 000000004E60: 561BBAFF 3FB8AA3B
	s_waitcnt lgkmcnt(6)                                       // 000000004E68: BF89FC67
	s_delay_alu instid0(VALU_DEP_2) | instskip(NEXT) | instid1(VALU_DEP_2)// 000000004E6C: BF870112
	v_wmma_f32_16x16x16_bf16 v[1:8], v[49:56], v[57:64], v[16:23]// 000000004E70: CC414001 1C427331
	v_exp_f32_e32 v13, v13                                     // 000000004E78: 7E1A4B0D
	v_cndmask_b32_e64 v60, 1.0, 0x1f800000, s6                 // 000000004E7C: D501003C 0019FEF2 1F800000
	v_mov_b32_e32 v57, 0                                       // 000000004E88: 7E720280
	s_waitcnt lgkmcnt(4)                                       // 000000004E8C: BF89FC47
	v_wmma_f32_16x16x16_bf16 v[1:8], v[41:48], v[65:72], v[1:8]// 000000004E90: CC414001 1C068329
	v_dual_mov_b32 v58, 0 :: v_dual_mov_b32 v59, 0             // 000000004E98: CA100080 3A3A0080
	s_waitcnt lgkmcnt(2)                                       // 000000004EA0: BF89FC27
	s_delay_alu instid0(VALU_DEP_2) | instskip(NEXT) | instid1(TRANS32_DEP_1)// 000000004EA4: BF870292
	v_wmma_f32_16x16x16_bf16 v[1:8], v[33:40], v[73:80], v[1:8]// 000000004EA8: CC414001 1C069321
	v_dual_mul_f32 v13, v13, v60 :: v_dual_mov_b32 v60, 0      // 000000004EB0: C8D0790D 0D3C0080
	s_waitcnt lgkmcnt(0)                                       // 000000004EB8: BF89FC07
	s_delay_alu instid0(VALU_DEP_2)                            // 000000004EBC: BF870002
	v_wmma_f32_16x16x16_bf16 v[1:8], v[25:32], v[81:88], v[1:8]// 000000004EC0: CC414001 1C06A319
	s_and_saveexec_b32 s4, vcc_lo                              // 000000004EC8: BE84206A
	s_cbranch_execz 2                                          // 000000004ECC: BFA50002 <chunk_gated_delta_rule_fwd_kernel_h_blockdim64+0x35d8>
	global_load_b128 v[57:60], v[101:102], off offset:128      // 000000004ED0: DC5E0080 397C0065
	s_or_b32 exec_lo, exec_lo, s4                              // 000000004ED8: 8C7E047E
	ds_load_u16 v61, v229 offset:24576                         // 000000004EDC: D8F06000 3D0000E5
	ds_load_u16 v62, v229 offset:24832                         // 000000004EE4: D8F06100 3E0000E5
	ds_load_u16 v63, v229 offset:25088                         // 000000004EEC: D8F06200 3F0000E5
	ds_load_u16 v64, v229 offset:25344                         // 000000004EF4: D8F06300 400000E5
	ds_load_u16 v65, v229 offset:25600                         // 000000004EFC: D8F06400 410000E5
	ds_load_u16 v66, v229 offset:25856                         // 000000004F04: D8F06500 420000E5
	ds_load_u16 v67, v229 offset:26112                         // 000000004F0C: D8F06600 430000E5
	ds_load_u16 v68, v229 offset:26368                         // 000000004F14: D8F06700 440000E5
	v_dual_mov_b32 v120, v23 :: v_dual_mov_b32 v119, v22       // 000000004F1C: CA100117 78760116
	v_dual_mov_b32 v118, v21 :: v_dual_mov_b32 v117, v20       // 000000004F24: CA100115 76740114
	v_dual_mov_b32 v116, v19 :: v_dual_mov_b32 v115, v18       // 000000004F2C: CA100113 74720112
	v_dual_mov_b32 v114, v17 :: v_dual_mov_b32 v113, v16       // 000000004F34: CA100111 72700110
	v_fma_f32 v219, v219, v13, v1                              // 000000004F3C: D61300DB 04061BDB
	v_fma_f32 v218, v218, v13, v2                              // 000000004F44: D61300DA 040A1BDA
	v_fma_f32 v215, v215, v13, v3                              // 000000004F4C: D61300D7 040E1BD7
	v_fma_f32 v214, v214, v13, v4                              // 000000004F54: D61300D6 04121BD6
	v_fma_f32 v216, v216, v13, v5                              // 000000004F5C: D61300D8 04161BD8
	v_fma_f32 v217, v217, v13, v6                              // 000000004F64: D61300D9 041A1BD9
	v_fma_f32 v213, v213, v13, v7                              // 000000004F6C: D61300D5 041E1BD5
	v_fmac_f32_e32 v8, v24, v13                                // 000000004F74: 56101B18
	v_lshrrev_b32_e32 v175, 16, v154                           // 000000004F78: 335F3490
	v_lshrrev_b32_e32 v173, 16, v155                           // 000000004F7C: 335B3690
	v_lshrrev_b32_e32 v174, 16, v156                           // 000000004F80: 335D3890
	s_waitcnt lgkmcnt(7)                                       // 000000004F84: BF89FC77
	ds_load_u16_d16_hi v61, v229 offset:24704                  // 000000004F88: DA9C6080 3D0000E5
	s_waitcnt lgkmcnt(7)                                       // 000000004F90: BF89FC77
	ds_load_u16_d16_hi v62, v229 offset:24960                  // 000000004F94: DA9C6180 3E0000E5
	s_waitcnt lgkmcnt(7)                                       // 000000004F9C: BF89FC77
	ds_load_u16_d16_hi v63, v229 offset:25216                  // 000000004FA0: DA9C6280 3F0000E5
	s_waitcnt lgkmcnt(7)                                       // 000000004FA8: BF89FC77
	ds_load_u16_d16_hi v64, v229 offset:25472                  // 000000004FAC: DA9C6380 400000E5
	s_waitcnt lgkmcnt(7)                                       // 000000004FB4: BF89FC77
	ds_load_u16_d16_hi v65, v229 offset:25728                  // 000000004FB8: DA9C6480 410000E5
	s_waitcnt lgkmcnt(7)                                       // 000000004FC0: BF89FC77
	ds_load_u16_d16_hi v66, v229 offset:25984                  // 000000004FC4: DA9C6580 420000E5
	s_waitcnt lgkmcnt(7)                                       // 000000004FCC: BF89FC77
	ds_load_u16_d16_hi v67, v229 offset:26240                  // 000000004FD0: DA9C6680 430000E5
	s_waitcnt lgkmcnt(7)                                       // 000000004FD8: BF89FC77
	ds_load_u16_d16_hi v68, v229 offset:26496                  // 000000004FDC: DA9C6780 440000E5
	ds_load_u16 v69, v229 offset:26624                         // 000000004FE4: D8F06800 450000E5
	ds_load_u16 v70, v229 offset:26880                         // 000000004FEC: D8F06900 460000E5
	ds_load_u16 v71, v229 offset:27136                         // 000000004FF4: D8F06A00 470000E5
	ds_load_u16 v72, v229 offset:27392                         // 000000004FFC: D8F06B00 480000E5
	ds_load_u16 v73, v229 offset:27648                         // 000000005004: D8F06C00 490000E5
	ds_load_u16 v74, v229 offset:27904                         // 00000000500C: D8F06D00 4A0000E5
	ds_load_u16 v75, v229 offset:28160                         // 000000005014: D8F06E00 4B0000E5
	ds_load_u16 v76, v229 offset:28416                         // 00000000501C: D8F06F00 4C0000E5
	ds_load_u16 v77, v229 offset:28672                         // 000000005024: D8F07000 4D0000E5
	ds_load_u16 v78, v229 offset:28928                         // 00000000502C: D8F07100 4E0000E5
	ds_load_u16 v79, v229 offset:29184                         // 000000005034: D8F07200 4F0000E5
	ds_load_u16 v80, v229 offset:29440                         // 00000000503C: D8F07300 500000E5
	ds_load_u16 v81, v229 offset:29696                         // 000000005044: D8F07400 510000E5
	ds_load_u16 v82, v229 offset:29952                         // 00000000504C: D8F07500 520000E5
	ds_load_u16 v83, v229 offset:30208                         // 000000005054: D8F07600 530000E5
	ds_load_u16 v84, v229 offset:30464                         // 00000000505C: D8F07700 540000E5
	ds_load_u16 v105, v229 offset:30720                        // 000000005064: D8F07800 690000E5
	ds_load_u16 v106, v229 offset:30976                        // 00000000506C: D8F07900 6A0000E5
	ds_load_u16 v107, v229 offset:31232                        // 000000005074: D8F07A00 6B0000E5
	ds_load_u16 v108, v229 offset:31488                        // 00000000507C: D8F07B00 6C0000E5
	ds_load_u16 v109, v229 offset:31744                        // 000000005084: D8F07C00 6D0000E5
	ds_load_u16 v110, v229 offset:32000                        // 00000000508C: D8F07D00 6E0000E5
	ds_load_u16 v111, v229 offset:32256                        // 000000005094: D8F07E00 6F0000E5
	ds_load_u16 v112, v229 offset:32512                        // 00000000509C: D8F07F00 700000E5
	s_waitcnt lgkmcnt(24)                                      // 0000000050A4: BF89FD87
	v_wmma_f32_16x16x16_bf16 v[113:120], v[49:56], v[61:68], v[113:120]// 0000000050A8: CC414071 1DC67B31
	s_add_i32 s41, s41, -1                                     // 0000000050B0: 8129C129
	s_and_b32 s20, s37, s5                                     // 0000000050B4: 8B140525
	s_and_b32 s21, s36, s5                                     // 0000000050B8: 8B150524
	s_and_b32 s22, s35, s5                                     // 0000000050BC: 8B160523
	s_and_b32 s23, s34, s5                                     // 0000000050C0: 8B170522
	s_and_b32 s25, s33, s5                                     // 0000000050C4: 8B190521
	s_and_b32 s38, s31, s5                                     // 0000000050C8: 8B26051F
	s_and_b32 s39, s30, s5                                     // 0000000050CC: 8B27051E
	s_and_b32 s40, s29, s5                                     // 0000000050D0: 8B28051D
	s_add_i32 s42, s42, 64                                     // 0000000050D4: 812AC02A
	s_add_i32 s8, s8, 0x80000                                  // 0000000050D8: 8108FF08 00080000
	s_cmp_lg_u32 s41, 0                                        // 0000000050E0: BF078029
	s_waitcnt lgkmcnt(23)                                      // 0000000050E4: BF89FD77
	ds_load_u16_d16_hi v69, v229 offset:26752                  // 0000000050E8: DA9C6880 450000E5
	s_waitcnt lgkmcnt(23)                                      // 0000000050F0: BF89FD77
	ds_load_u16_d16_hi v70, v229 offset:27008                  // 0000000050F4: DA9C6980 460000E5
	s_waitcnt lgkmcnt(23)                                      // 0000000050FC: BF89FD77
	ds_load_u16_d16_hi v71, v229 offset:27264                  // 000000005100: DA9C6A80 470000E5
	s_waitcnt lgkmcnt(23)                                      // 000000005108: BF89FD77
	ds_load_u16_d16_hi v72, v229 offset:27520                  // 00000000510C: DA9C6B80 480000E5
	s_waitcnt lgkmcnt(23)                                      // 000000005114: BF89FD77
	ds_load_u16_d16_hi v73, v229 offset:27776                  // 000000005118: DA9C6C80 490000E5
	s_waitcnt lgkmcnt(23)                                      // 000000005120: BF89FD77
	ds_load_u16_d16_hi v74, v229 offset:28032                  // 000000005124: DA9C6D80 4A0000E5
	s_waitcnt lgkmcnt(23)                                      // 00000000512C: BF89FD77
	ds_load_u16_d16_hi v75, v229 offset:28288                  // 000000005130: DA9C6E80 4B0000E5
	s_waitcnt lgkmcnt(23)                                      // 000000005138: BF89FD77
	ds_load_u16_d16_hi v76, v229 offset:28544                  // 00000000513C: DA9C6F80 4C0000E5
	s_waitcnt lgkmcnt(23)                                      // 000000005144: BF89FD77
	ds_load_u16_d16_hi v77, v229 offset:28800                  // 000000005148: DA9C7080 4D0000E5
	s_waitcnt lgkmcnt(23)                                      // 000000005150: BF89FD77
	ds_load_u16_d16_hi v78, v229 offset:29056                  // 000000005154: DA9C7180 4E0000E5
	s_waitcnt lgkmcnt(23)                                      // 00000000515C: BF89FD77
	ds_load_u16_d16_hi v79, v229 offset:29312                  // 000000005160: DA9C7280 4F0000E5
	s_waitcnt lgkmcnt(23)                                      // 000000005168: BF89FD77
	ds_load_u16_d16_hi v80, v229 offset:29568                  // 00000000516C: DA9C7380 500000E5
	s_waitcnt lgkmcnt(23)                                      // 000000005174: BF89FD77
	ds_load_u16_d16_hi v81, v229 offset:29824                  // 000000005178: DA9C7480 510000E5
	s_waitcnt lgkmcnt(23)                                      // 000000005180: BF89FD77
	ds_load_u16_d16_hi v82, v229 offset:30080                  // 000000005184: DA9C7580 520000E5
	s_waitcnt lgkmcnt(23)                                      // 00000000518C: BF89FD77
	ds_load_u16_d16_hi v83, v229 offset:30336                  // 000000005190: DA9C7680 530000E5
	s_waitcnt lgkmcnt(23)                                      // 000000005198: BF89FD77
	ds_load_u16_d16_hi v84, v229 offset:30592                  // 00000000519C: DA9C7780 540000E5
	s_waitcnt lgkmcnt(23)                                      // 0000000051A4: BF89FD77
	ds_load_u16_d16_hi v105, v229 offset:30848                 // 0000000051A8: DA9C7880 690000E5
	s_waitcnt lgkmcnt(23)                                      // 0000000051B0: BF89FD77
	ds_load_u16_d16_hi v106, v229 offset:31104                 // 0000000051B4: DA9C7980 6A0000E5
	s_waitcnt lgkmcnt(23)                                      // 0000000051BC: BF89FD77
	ds_load_u16_d16_hi v107, v229 offset:31360                 // 0000000051C0: DA9C7A80 6B0000E5
	s_waitcnt lgkmcnt(23)                                      // 0000000051C8: BF89FD77
	ds_load_u16_d16_hi v108, v229 offset:31616                 // 0000000051CC: DA9C7B80 6C0000E5
	s_waitcnt lgkmcnt(23)                                      // 0000000051D4: BF89FD77
	ds_load_u16_d16_hi v109, v229 offset:31872                 // 0000000051D8: DA9C7C80 6D0000E5
	s_waitcnt lgkmcnt(23)                                      // 0000000051E0: BF89FD77
	ds_load_u16_d16_hi v110, v229 offset:32128                 // 0000000051E4: DA9C7D80 6E0000E5
	s_waitcnt lgkmcnt(23)                                      // 0000000051EC: BF89FD77
	ds_load_u16_d16_hi v111, v229 offset:32384                 // 0000000051F0: DA9C7E80 6F0000E5
	s_waitcnt lgkmcnt(23)                                      // 0000000051F8: BF89FD77
	ds_load_u16_d16_hi v112, v229 offset:32640                 // 0000000051FC: DA9C7F80 700000E5
	ds_store_b128 v241, v[161:164]                             // 000000005204: DB7C0000 0000A1F1
	ds_store_b128 v241, v[9:12] offset:4096                    // 00000000520C: DB7C1000 000009F1
	ds_store_b128 v241, v[169:172] offset:8192                 // 000000005214: DB7C2000 0000A9F1
	ds_store_b128 v241, v[165:168] offset:12288                // 00000000521C: DB7C3000 0000A5F1
	ds_store_b128 v242, v[89:92] offset:16384                  // 000000005224: DB7C4000 000059F2
	ds_store_b128 v242, v[97:100] offset:20480                 // 00000000522C: DB7C5000 000061F2
	s_waitcnt vmcnt(0) lgkmcnt(0)                              // 000000005234: BF890007
	s_barrier                                                  // 000000005238: BFBD0000
	v_wmma_f32_16x16x16_bf16 v[113:120], v[41:48], v[69:76], v[113:120]// 00000000523C: CC414071 1DC68B29
	buffer_gl0_inv                                             // 000000005244: E0AC0000 00000000
	ds_store_b128 v242, v[93:96] offset:24576                  // 00000000524C: DB7C6000 00005DF2
	ds_store_b128 v242, v[57:60] offset:28672                  // 000000005254: DB7C7000 000039F2
	v_wmma_f32_16x16x16_bf16 v[113:120], v[33:40], v[77:84], v[113:120]// 00000000525C: CC414071 1DC69B21
	s_delay_alu instid0(VALU_DEP_1) | instskip(NEXT) | instid1(VALU_DEP_1)// 000000005264: BF870091
	v_wmma_f32_16x16x16_bf16 v[113:120], v[25:32], v[105:112], v[113:120]// 000000005268: CC414071 1DC6D319
	v_fmac_f32_e32 v118, v14, v13                              // 000000005270: 56EC1B0E
	s_delay_alu instid0(VALU_DEP_2) | instskip(NEXT) | instid1(VALU_DEP_3)// 000000005274: BF870192
	v_fma_f32 v210, v210, v13, v115                            // 000000005278: D61300D2 05CE1BD2
	v_fma_f32 v212, v212, v13, v113                            // 000000005280: D61300D4 05C61BD4
	s_delay_alu instid0(VALU_DEP_4)                            // 000000005288: BF870004
	v_fma_f32 v211, v211, v13, v116                            // 00000000528C: D61300D3 05D21BD3
	v_fma_f32 v207, v207, v13, v114                            // 000000005294: D61300CF 05CA1BCF
	v_fma_f32 v209, v209, v13, v119                            // 00000000529C: D61300D1 05DE1BD1
	v_fma_f32 v208, v208, v13, v117                            // 0000000052A4: D61300D0 05D61BD0
	v_fma_f32 v15, v15, v13, v120                              // 0000000052AC: D613000F 05E21B0F
	v_mov_b32_e32 v14, v118                                    // 0000000052B4: 7E1C0376
	s_cbranch_scc0 22                                          // 0000000052B8: BFA10016 <chunk_gated_delta_rule_fwd_kernel_h_blockdim64+0x3a14>
	v_dual_mov_b32 v223, v103 :: v_dual_mov_b32 v160, v156     // 0000000052BC: CA100167 DFA0019C
	v_dual_mov_b32 v221, v104 :: v_dual_mov_b32 v158, v154     // 0000000052C4: CA100168 DD9E019A
	v_dual_mov_b32 v159, v155 :: v_dual_mov_b32 v24, v8        // 0000000052CC: CA10019B 9F180108
	v_mov_b32_e32 v157, v153                                   // 0000000052D4: 7F3A0399
	s_branch 64089                                             // 0000000052D8: BFA0FA59 <chunk_gated_delta_rule_fwd_kernel_h_blockdim64+0x2340>
	v_mov_b32_e32 v188, v38                                    // 0000000052DC: 7F780326
	v_dual_mov_b32 v104, s42 :: v_dual_mov_b32 v187, v37       // 0000000052E0: CA10002A 68BA0125
	v_lshrrev_b32_e32 v175, 16, v154                           // 0000000052E8: 335F3490
	v_lshrrev_b32_e32 v173, 16, v155                           // 0000000052EC: 335B3690
	v_lshrrev_b32_e32 v174, 16, v156                           // 0000000052F0: 335D3890
	s_branch 10                                                // 0000000052F4: BFA0000A <chunk_gated_delta_rule_fwd_kernel_h_blockdim64+0x3a20>
	v_dual_mov_b32 v153, v157 :: v_dual_mov_b32 v156, v160     // 0000000052F8: CA10019D 999C01A0
	v_dual_mov_b32 v103, v223 :: v_dual_mov_b32 v104, v221     // 000000005300: CA1001DF 676801DD
	v_dual_mov_b32 v155, v159 :: v_dual_mov_b32 v154, v158     // 000000005308: CA10019F 9B9A019E
	v_mov_b32_e32 v8, v24                                      // 000000005310: 7E100318
	s_delay_alu instid0(VALU_DEP_1)                            // 000000005314: BF870001
	v_dual_mov_b32 v86, v15 :: v_dual_mov_b32 v85, v14         // 000000005318: CA10010F 5654010E
	v_bfe_u32 v1, v219, 16, 1                                  // 000000005320: D6100001 020521DB
	v_bfe_u32 v2, v218, 16, 1                                  // 000000005328: D6100002 020521DA
	v_bfe_u32 v3, v215, 16, 1                                  // 000000005330: D6100003 020521D7
	v_cmp_o_f32_e32 vcc_lo, v219, v219                         // 000000005338: 7C2FB7DB
	v_bfe_u32 v4, v8, 16, 1                                    // 00000000533C: D6100004 02052108
	v_add3_u32 v1, v219, v1, 0x7fff                            // 000000005344: D6550001 03FE03DB 00007FFF
	v_add3_u32 v2, v218, v2, 0x7fff                            // 000000005350: D6550002 03FE05DA 00007FFF
	s_add_i32 s28, s28, -1                                     // 00000000535C: 811CC11C
	scratch_load_b32 v5, off, off offset:16                    // 000000005360: DC510010 057C0000
	s_max_i32 s4, s28, 0                                       // 000000005368: 8A04801C
	v_lshrrev_b32_e32 v50, 16, v1                              // 00000000536C: 32640290
	v_lshrrev_b32_e32 v49, 16, v2                              // 000000005370: 32620490
	v_add3_u32 v1, v215, v3, 0x7fff                            // 000000005374: D6550001 03FE07D7 00007FFF
	v_bfe_u32 v2, v214, 16, 1                                  // 000000005380: D6100002 020521D6
	v_bfe_u32 v3, v217, 16, 1                                  // 000000005388: D6100003 020521D9
	v_cndmask_b32_e32 v10, 0x7fff, v50, vcc_lo                 // 000000005390: 021464FF 00007FFF
	v_cmp_o_f32_e32 vcc_lo, v218, v218                         // 000000005398: 7C2FB5DA
	v_lshrrev_b32_e32 v51, 16, v1                              // 00000000539C: 32660290
	v_add3_u32 v1, v214, v2, 0x7fff                            // 0000000053A0: D6550001 03FE05D6 00007FFF
	v_bfe_u32 v2, v216, 16, 1                                  // 0000000053AC: D6100002 020521D8
	s_lshl_b32 s4, s4, 19                                      // 0000000053B4: 84049304
	v_cndmask_b32_e32 v9, 0x7fff, v49, vcc_lo                  // 0000000053B8: 021262FF 00007FFF
	v_cmp_o_f32_e32 vcc_lo, v215, v215                         // 0000000053C0: 7C2FAFD7
	v_lshrrev_b32_e32 v52, 16, v1                              // 0000000053C4: 32680290
	v_add3_u32 v1, v216, v2, 0x7fff                            // 0000000053C8: D6550001 03FE05D8 00007FFF
	v_add3_u32 v2, v217, v3, 0x7fff                            // 0000000053D4: D6550002 03FE07D9 00007FFF
	v_bfe_u32 v3, v213, 16, 1                                  // 0000000053E0: D6100003 020521D5
	v_cndmask_b32_e32 v11, 0x7fff, v51, vcc_lo                 // 0000000053E8: 021666FF 00007FFF
	v_cmp_o_f32_e32 vcc_lo, v214, v214                         // 0000000053F0: 7C2FADD6
	v_lshrrev_b32_e32 v53, 16, v1                              // 0000000053F4: 326A0290
	v_lshrrev_b32_e32 v54, 16, v2                              // 0000000053F8: 326C0490
	scratch_load_b32 v2, off, off offset:12                    // 0000000053FC: DC51000C 027C0000
	v_add3_u32 v1, v213, v3, 0x7fff                            // 000000005404: D6550001 03FE07D5 00007FFF
	v_cndmask_b32_e32 v12, 0x7fff, v52, vcc_lo                 // 000000005410: 021868FF 00007FFF
	v_cmp_o_f32_e32 vcc_lo, v216, v216                         // 000000005418: 7C2FB1D8
	v_add3_u32 v3, v8, v4, 0x7fff                              // 00000000541C: D6550003 03FE0908 00007FFF
	s_ashr_i32 s5, s4, 31                                      // 000000005428: 86059F04
	v_lshrrev_b32_e32 v56, 16, v1                              // 00000000542C: 32700290
	s_lshl_b64 s[8:9], s[4:5], 1                               // 000000005430: 84888104
	v_cndmask_b32_e32 v15, 0x7fff, v53, vcc_lo                 // 000000005434: 021E6AFF 00007FFF
	v_cmp_o_f32_e32 vcc_lo, v217, v217                         // 00000000543C: 7C2FB3D9
	v_lshrrev_b32_e32 v55, 16, v3                              // 000000005440: 326E0690
	s_add_u32 s5, s18, s8                                      // 000000005444: 80050812
	s_addc_u32 s6, s24, s9                                     // 000000005448: 82060918
	s_add_i32 s4, 0, 0x8000                                    // 00000000544C: 8104FF80 00008000
	v_cndmask_b32_e32 v16, 0x7fff, v54, vcc_lo                 // 000000005454: 02206CFF 00007FFF
	v_cmp_o_f32_e32 vcc_lo, v213, v213                         // 00000000545C: 7C2FABD5
	v_perm_b32 v1, v11, v10, 0x5040100                         // 000000005460: D6440001 03FE150B 05040100
	v_perm_b32 v4, v12, v9, 0x5040100                          // 00000000546C: D6440004 03FE130C 05040100
	s_and_b32 s8, s17, s2                                      // 000000005478: 8B080211
	v_cndmask_b32_e32 v13, 0x7fff, v56, vcc_lo                 // 00000000547C: 021A70FF 00007FFF
	v_cmp_o_f32_e32 vcc_lo, v8, v8                             // 000000005484: 7C2E1108
	s_delay_alu instid0(VALU_DEP_2) | instskip(SKIP_1) | instid1(VALU_DEP_1)// 000000005488: BF8700A2
	v_perm_b32 v3, v13, v15, 0x5040100                         // 00000000548C: D6440003 03FE1F0D 05040100
	v_cndmask_b32_e32 v14, 0x7fff, v55, vcc_lo                 // 000000005498: 021C6EFF 00007FFF
	v_perm_b32 v6, v14, v16, 0x5040100                         // 0000000054A0: D6440006 03FE210E 05040100
	s_waitcnt vmcnt(1)                                         // 0000000054AC: BF8907F7
	v_add_nc_u32_e32 v5, s4, v5                                // 0000000054B0: 4A0A0A04
	s_waitcnt vmcnt(0)                                         // 0000000054B4: BF8903F7
	v_add_nc_u32_e32 v2, s4, v2                                // 0000000054B8: 4A040404
	ds_store_b32 v205, v1 offset:32768                         // 0000000054BC: D8348000 000001CD
	ds_store_b32 v2, v3 offset:128                             // 0000000054C4: D8340080 00000302
	ds_store_b32 v206, v4 offset:32768                         // 0000000054CC: D8348000 000004CE
	ds_store_b32 v5, v6 offset:128                             // 0000000054D4: D8340080 00000605
	s_waitcnt lgkmcnt(0)                                       // 0000000054DC: BF89FC07
	s_barrier                                                  // 0000000054E0: BFBD0000
	buffer_gl0_inv                                             // 0000000054E4: E0AC0000 00000000
	s_and_saveexec_b32 s9, s8                                  // 0000000054EC: BE892008
	s_cbranch_execz 38                                         // 0000000054F0: BFA50026 <chunk_gated_delta_rule_fwd_kernel_h_blockdim64+0x3c8c>
	ds_load_u16 v1, v197 offset:32768                          // 0000000054F4: D8F08000 010000C5
	ds_load_u16 v2, v199 offset:32768                          // 0000000054FC: D8F08000 020000C7
	ds_load_u16 v3, v200 offset:33792                          // 000000005504: D8F08400 030000C8
	ds_load_u16 v4, v198 offset:33792                          // 00000000550C: D8F08400 040000C6
	ds_load_u16 v5, v203 offset:34816                          // 000000005514: D8F08800 050000CB
	ds_load_u16 v6, v204 offset:34816                          // 00000000551C: D8F08800 060000CC
	ds_load_u16 v7, v201 offset:35840                          // 000000005524: D8F08C00 070000C9
	ds_load_u16 v17, v202 offset:35840                         // 00000000552C: D8F08C00 110000CA
	s_waitcnt lgkmcnt(6)                                       // 000000005534: BF89FC67
	v_perm_b32 v1, v2, v1, 0x5040100                           // 000000005538: D6440001 03FE0302 05040100
	s_waitcnt lgkmcnt(4)                                       // 000000005544: BF89FC47
	v_perm_b32 v2, v4, v3, 0x5040100                           // 000000005548: D6440002 03FE0704 05040100
	s_waitcnt lgkmcnt(2)                                       // 000000005554: BF89FC27
	v_perm_b32 v3, v6, v5, 0x5040100                           // 000000005558: D6440003 03FE0B06 05040100
	v_add_co_u32 v5, vcc_lo, s5, v177                          // 000000005564: D7006A05 00036205
	s_waitcnt lgkmcnt(0)                                       // 00000000556C: BF89FC07
	v_perm_b32 v4, v17, v7, 0x5040100                          // 000000005570: D6440004 03FE0F11 05040100
	v_add_co_ci_u32_e64 v6, null, s6, v178, vcc_lo             // 00000000557C: D5207C06 01AB6406
	global_store_b128 v[5:6], v[1:4], off                      // 000000005584: DC760000 007C0105
	s_or_b32 exec_lo, exec_lo, s9                              // 00000000558C: 8C7E097E
	v_bfe_u32 v1, v212, 16, 1                                  // 000000005590: D6100001 020521D4
	v_bfe_u32 v2, v207, 16, 1                                  // 000000005598: D6100002 020521CF
	v_bfe_u32 v3, v210, 16, 1                                  // 0000000055A0: D6100003 020521D2
	v_cmp_o_f32_e32 vcc_lo, v212, v212                         // 0000000055A8: 7C2FA9D4
	v_bfe_u32 v4, v211, 16, 1                                  // 0000000055AC: D6100004 020521D3
	v_add3_u32 v1, v212, v1, 0x7fff                            // 0000000055B4: D6550001 03FE03D4 00007FFF
	v_add3_u32 v2, v207, v2, 0x7fff                            // 0000000055C0: D6550002 03FE05CF 00007FFF
	v_add3_u32 v3, v210, v3, 0x7fff                            // 0000000055CC: D6550003 03FE07D2 00007FFF
	v_bfe_u32 v5, v208, 16, 1                                  // 0000000055D8: D6100005 020521D0
	v_add3_u32 v4, v211, v4, 0x7fff                            // 0000000055E0: D6550004 03FE09D3 00007FFF
	v_lshrrev_b32_e32 v1, 16, v1                               // 0000000055EC: 32020290
	v_lshrrev_b32_e32 v2, 16, v2                               // 0000000055F0: 32040490
	v_lshrrev_b32_e32 v6, 16, v3                               // 0000000055F4: 320C0690
	v_bfe_u32 v7, v209, 16, 1                                  // 0000000055F8: D6100007 020521D1
	v_lshrrev_b32_e32 v4, 16, v4                               // 000000005600: 32080890
	v_cndmask_b32_e32 v3, 0x7fff, v1, vcc_lo                   // 000000005604: 020602FF 00007FFF
	v_cmp_o_f32_e32 vcc_lo, v207, v207                         // 00000000560C: 7C2F9FCF
	v_add3_u32 v5, v208, v5, 0x7fff                            // 000000005610: D6550005 03FE0BD0 00007FFF
	v_add3_u32 v7, v209, v7, 0x7fff                            // 00000000561C: D6550007 03FE0FD1 00007FFF
	v_bfe_u32 v17, v86, 16, 1                                  // 000000005628: D6100011 02052156
	v_add_nc_u32_e32 v19, 0x8000, v205                         // 000000005630: 4A279AFF 00008000
	v_cndmask_b32_e32 v1, 0x7fff, v2, vcc_lo                   // 000000005638: 020204FF 00007FFF
	v_cmp_o_f32_e32 vcc_lo, v210, v210                         // 000000005640: 7C2FA5D2
	v_lshrrev_b32_e32 v5, 16, v5                               // 000000005644: 320A0A90
	v_lshrrev_b32_e32 v7, 16, v7                               // 000000005648: 320E0E90
	v_add3_u32 v17, v86, v17, 0x7fff                           // 00000000564C: D6550011 03FE2356 00007FFF
	v_add_nc_u32_e32 v22, 0x8000, v206                         // 000000005658: 4A2D9CFF 00008000
	v_cndmask_b32_e32 v2, 0x7fff, v6, vcc_lo                   // 000000005660: 02040CFF 00007FFF
	v_cmp_o_f32_e32 vcc_lo, v211, v211                         // 000000005668: 7C2FA7D3
	v_bfe_u32 v6, v85, 16, 1                                   // 00000000566C: D6100006 02052155
	v_lshrrev_b32_e32 v17, 16, v17                             // 000000005674: 32222290
	s_waitcnt_vscnt null, 0x0                                  // 000000005678: BC7C0000
	s_barrier                                                  // 00000000567C: BFBD0000
	v_cndmask_b32_e32 v4, 0x7fff, v4, vcc_lo                   // 000000005680: 020808FF 00007FFF
	v_cmp_o_f32_e32 vcc_lo, v208, v208                         // 000000005688: 7C2FA1D0
	v_add3_u32 v6, v85, v6, 0x7fff                             // 00000000568C: D6550006 03FE0D55 00007FFF
	buffer_gl0_inv                                             // 000000005698: E0AC0000 00000000
	v_perm_b32 v20, v4, v1, 0x5040100                          // 0000000056A0: D6440014 03FE0304 05040100
	v_cndmask_b32_e32 v67, 0x7fff, v5, vcc_lo                  // 0000000056AC: 02860AFF 00007FFF
	v_cmp_o_f32_e32 vcc_lo, v209, v209                         // 0000000056B4: 7C2FA3D1
	v_lshrrev_b32_e32 v6, 16, v6                               // 0000000056B8: 320C0C90
	v_cndmask_b32_e32 v5, 0x7fff, v7, vcc_lo                   // 0000000056BC: 020A0EFF 00007FFF
	v_cmp_o_f32_e32 vcc_lo, v85, v85                           // 0000000056C4: 7C2EAB55
	s_delay_alu instid0(VALU_DEP_2) | instskip(NEXT) | instid1(VALU_DEP_4)// 0000000056C8: BF870212
	v_perm_b32 v18, v5, v67, 0x5040100                         // 0000000056CC: D6440012 03FE8705 05040100
	v_cndmask_b32_e32 v7, 0x7fff, v6, vcc_lo                   // 0000000056D8: 020E0CFF 00007FFF
	v_cmp_o_f32_e32 vcc_lo, v86, v86                           // 0000000056E0: 7C2EAD56
	v_cndmask_b32_e32 v6, 0x7fff, v17, vcc_lo                  // 0000000056E4: 020C22FF 00007FFF
	v_perm_b32 v17, v2, v3, 0x5040100                          // 0000000056EC: D6440011 03FE0702 05040100
	s_delay_alu instid0(VALU_DEP_2)                            // 0000000056F8: BF870002
	v_perm_b32 v21, v6, v7, 0x5040100                          // 0000000056FC: D6440015 03FE0F06 05040100
	ds_store_2addr_b32 v19, v17, v18 offset1:32                // 000000005708: D8382000 00121113
	ds_store_2addr_b32 v22, v20, v21 offset1:32                // 000000005710: D8382000 00151416
	s_waitcnt lgkmcnt(0)                                       // 000000005718: BF89FC07
	s_barrier                                                  // 00000000571C: BFBD0000
	buffer_gl0_inv                                             // 000000005720: E0AC0000 00000000
	s_and_saveexec_b32 s9, s8                                  // 000000005728: BE892008
	s_cbranch_execz 38                                         // 00000000572C: BFA50026 <chunk_gated_delta_rule_fwd_kernel_h_blockdim64+0x3ec8>
	ds_load_u16 v17, v197 offset:32768                         // 000000005730: D8F08000 110000C5
	ds_load_u16 v18, v199 offset:32768                         // 000000005738: D8F08000 120000C7
	ds_load_u16 v19, v200 offset:33792                         // 000000005740: D8F08400 130000C8
	ds_load_u16 v20, v198 offset:33792                         // 000000005748: D8F08400 140000C6
	ds_load_u16 v21, v203 offset:34816                         // 000000005750: D8F08800 150000CB
	ds_load_u16 v22, v204 offset:34816                         // 000000005758: D8F08800 160000CC
	ds_load_u16 v23, v201 offset:35840                         // 000000005760: D8F08C00 170000C9
	ds_load_u16 v24, v202 offset:35840                         // 000000005768: D8F08C00 180000CA
	s_waitcnt lgkmcnt(6)                                       // 000000005770: BF89FC67
	v_perm_b32 v17, v18, v17, 0x5040100                        // 000000005774: D6440011 03FE2312 05040100
	s_waitcnt lgkmcnt(4)                                       // 000000005780: BF89FC47
	v_perm_b32 v18, v20, v19, 0x5040100                        // 000000005784: D6440012 03FE2714 05040100
	s_waitcnt lgkmcnt(2)                                       // 000000005790: BF89FC27
	v_perm_b32 v19, v22, v21, 0x5040100                        // 000000005794: D6440013 03FE2B16 05040100
	v_add_co_u32 v21, vcc_lo, s5, v179                         // 0000000057A0: D7006A15 00036605
	s_waitcnt lgkmcnt(0)                                       // 0000000057A8: BF89FC07
	v_perm_b32 v20, v24, v23, 0x5040100                        // 0000000057AC: D6440014 03FE2F18 05040100
	v_add_co_ci_u32_e64 v22, null, s6, v180, vcc_lo            // 0000000057B8: D5207C16 01AB6806
	global_store_b128 v[21:22], v[17:20], off offset:128       // 0000000057C0: DC760080 007C1115
	s_or_b32 exec_lo, exec_lo, s9                              // 0000000057C8: 8C7E097E
	s_clause 0x1                                               // 0000000057CC: BF850001
	scratch_load_b32 v17, off, off offset:4                    // 0000000057D0: DC510004 117C0000
	scratch_load_b32 v18, off, off offset:8                    // 0000000057D8: DC510008 127C0000
	v_and_b32_e32 v79, 15, v0                                  // 0000000057E0: 369E008F
	v_cndmask_b32_e64 v33, 0x90, 0, s3                         // 0000000057E4: D5010021 000D00FF 00000090
	v_lshlrev_b32_e32 v60, 6, v176                             // 0000000057F0: 30796086
	s_and_not1_b32 vcc_lo, exec_lo, s2                         // 0000000057F4: 916A027E
	s_waitcnt vmcnt(1)                                         // 0000000057F8: BF8907F7
	v_lshl_or_b32 v59, v79, 7, v17                             // 0000000057FC: D656003B 04450F4F
	v_and_b32_e32 v17, 0xc0, v0                                // 000000005804: 362200FF 000000C0
	s_waitcnt vmcnt(0)                                         // 00000000580C: BF8903F7
	v_lshl_or_b32 v57, v79, 1, v18                             // 000000005810: D6560039 0449034F
	s_delay_alu instid0(VALU_DEP_2) | instskip(NEXT) | instid1(VALU_DEP_2)// 000000005818: BF870112
	v_lshl_or_b32 v17, v17, 5, v59                             // 00000000581C: D6560011 04ED0B11
	v_xor_b32_e32 v41, v57, v33                                // 000000005824: 3A524339
	s_delay_alu instid0(VALU_DEP_2)                            // 000000005828: BF870002
	v_xor_b32_e32 v18, 16, v17                                 // 00000000582C: 3A242290
	v_xor_b32_e32 v19, 32, v17                                 // 000000005830: 3A2622A0
	v_xor_b32_e32 v21, 64, v17                                 // 000000005834: 3A2A22C0
	v_xor_b32_e32 v34, 0x60, v17                               // 000000005838: 3A4422FF 00000060
	v_or_b32_e32 v61, v41, v60                                 // 000000005840: 387A7929
	v_xor_b32_e32 v20, 48, v17                                 // 000000005844: 3A2822B0
	v_xor_b32_e32 v22, 0x50, v17                               // 000000005848: 3A2C22FF 00000050
	v_xor_b32_e32 v35, 0x70, v17                               // 000000005850: 3A4622FF 00000070
	v_add_nc_u32_e32 v68, 0, v17                               // 000000005858: 4A882280
	v_add_nc_u32_e32 v69, 0, v18                               // 00000000585C: 4A8A2480
	v_add_nc_u32_e32 v70, 0, v19                               // 000000005860: 4A8C2680
	v_add_nc_u32_e32 v72, 0, v21                               // 000000005864: 4A902A80
	v_add_nc_u32_e32 v74, 0, v34                               // 000000005868: 4A944480
	v_xor_b32_e32 v76, 32, v61                                 // 00000000586C: 3A987AA0
	v_add_nc_u32_e32 v71, 0, v20                               // 000000005870: 4A8E2880
	v_add_nc_u32_e32 v73, 0, v22                               // 000000005874: 4A922C80
	v_add_nc_u32_e32 v75, 0, v35                               // 000000005878: 4A964680
	ds_load_b128 v[25:28], v68                                 // 00000000587C: DBFC0000 19000044
	ds_load_b128 v[29:32], v69                                 // 000000005884: DBFC0000 1D000045
	ds_load_b128 v[17:20], v70                                 // 00000000588C: DBFC0000 11000046
	ds_load_b128 v[21:24], v71                                 // 000000005894: DBFC0000 15000047
	ds_load_b128 v[33:36], v72                                 // 00000000589C: DBFC0000 21000048
	ds_load_b128 v[37:40], v73                                 // 0000000058A4: DBFC0000 25000049
	ds_load_b128 v[41:44], v74                                 // 0000000058AC: DBFC0000 2900004A
	ds_load_b128 v[45:48], v75                                 // 0000000058B4: DBFC0000 2D00004B
	v_add_nc_u32_e32 v58, 0, v61                               // 0000000058BC: 4A747A80
	v_xor_b32_e32 v77, 64, v61                                 // 0000000058C0: 3A9A7AC0
	v_xor_b32_e32 v78, 0x60, v61                               // 0000000058C4: 3A9C7AFF 00000060
	v_add_nc_u32_e32 v61, s4, v76                              // 0000000058CC: 4A7A9804
	s_waitcnt lgkmcnt(0)                                       // 0000000058D0: BF89FC07
	s_waitcnt_vscnt null, 0x0                                  // 0000000058D4: BC7C0000
	s_barrier                                                  // 0000000058D8: BFBD0000
	buffer_gl0_inv                                             // 0000000058DC: E0AC0000 00000000
	ds_store_b16 v58, v10 offset:32768                         // 0000000058E4: D87C8000 00000A3A
	ds_store_b16 v58, v15 offset:33792                         // 0000000058EC: D87C8400 00000F3A
	v_add_nc_u32_e32 v10, s4, v77                              // 0000000058F4: 4A149A04
	ds_store_b16 v61, v9 offset:256                            // 0000000058F8: D87C0100 0000093D
	ds_store_b16 v61, v16 offset:1280                          // 000000005900: D87C0500 0000103D
	v_or_b32_e32 v16, v59, v60                                 // 000000005908: 3820793B
	v_add_nc_u32_e32 v15, s4, v78                              // 00000000590C: 4A1E9C04
	ds_store_b16 v10, v11 offset:512                           // 000000005910: D87C0200 00000B0A
	ds_store_b16 v10, v13 offset:1536                          // 000000005918: D87C0600 00000D0A
	ds_store_b16 v15, v12 offset:768                           // 000000005920: D87C0300 00000C0F
	ds_store_b16 v15, v14 offset:1792                          // 000000005928: D87C0700 00000E0F
	v_xor_b32_e32 v10, 16, v16                                 // 000000005930: 3A142090
	v_xor_b32_e32 v11, 32, v16                                 // 000000005934: 3A1620A0
	v_xor_b32_e32 v12, 48, v16                                 // 000000005938: 3A1820B0
	v_xor_b32_e32 v13, 64, v16                                 // 00000000593C: 3A1A20C0
	v_xor_b32_e32 v14, 0x70, v16                               // 000000005940: 3A1C20FF 00000070
	v_xor_b32_e32 v15, 0x60, v16                               // 000000005948: 3A1E20FF 00000060
	v_xor_b32_e32 v61, 0x50, v16                               // 000000005950: 3A7A20FF 00000050
	s_delay_alu instid0(VALU_DEP_4) | instskip(NEXT) | instid1(VALU_DEP_4)// 000000005958: BF870214
	v_dual_mov_b32 v9, 0 :: v_dual_add_nc_u32 v62, 0, v13      // 00000000595C: CA200080 093E1A80
	v_add_nc_u32_e32 v59, 0, v14                               // 000000005964: 4A761C80
	s_delay_alu instid0(VALU_DEP_4) | instskip(NEXT) | instid1(VALU_DEP_4)// 000000005968: BF870214
	v_add_nc_u32_e32 v60, 0, v15                               // 00000000596C: 4A781E80
	v_add_nc_u32_e32 v61, 0, v61                               // 000000005970: 4A7A7A80
	v_add_nc_u32_e32 v63, 0, v12                               // 000000005974: 4A7E1880
	v_add_nc_u32_e32 v64, 0, v11                               // 000000005978: 4A801680
	v_add_nc_u32_e32 v65, 0, v10                               // 00000000597C: 4A821480
	v_add_nc_u32_e32 v66, 0, v16                               // 000000005980: 4A842080
	v_dual_mov_b32 v10, 0 :: v_dual_mov_b32 v11, 0             // 000000005984: CA100080 0A0A0080
	v_dual_mov_b32 v12, 0 :: v_dual_mov_b32 v13, 0             // 00000000598C: CA100080 0C0C0080
	v_dual_mov_b32 v14, 0 :: v_dual_mov_b32 v15, 0             // 000000005994: CA100080 0E0E0080
	v_mov_b32_e32 v16, 0                                       // 00000000599C: 7E200280
	s_waitcnt lgkmcnt(0)                                       // 0000000059A0: BF89FC07
	s_barrier                                                  // 0000000059A4: BFBD0000
	buffer_gl0_inv                                             // 0000000059A8: E0AC0000 00000000
	s_cbranch_vccnz 37                                         // 0000000059B0: BFA40025 <chunk_gated_delta_rule_fwd_kernel_h_blockdim64+0x4148>
	ds_load_b128 v[91:94], v65 offset:32768                    // 0000000059B4: DBFC8000 5B000041
	ds_load_b128 v[87:90], v66 offset:32768                    // 0000000059BC: DBFC8000 57000042
	ds_load_b128 v[99:102], v63 offset:32768                   // 0000000059C4: DBFC8000 6300003F
	ds_load_b128 v[95:98], v64 offset:32768                    // 0000000059CC: DBFC8000 5F000040
	v_mov_b32_e32 v9, 0                                        // 0000000059D4: 7E120280
	ds_load_b128 v[109:112], v59 offset:32768                  // 0000000059D8: DBFC8000 6D00003B
	ds_load_b128 v[105:108], v60 offset:32768                  // 0000000059E0: DBFC8000 6900003C
	ds_load_b128 v[117:120], v61 offset:32768                  // 0000000059E8: DBFC8000 7500003D
	ds_load_b128 v[113:116], v62 offset:32768                  // 0000000059F0: DBFC8000 7100003E
	v_mov_b32_e32 v10, v9                                      // 0000000059F8: 7E140309
	v_mov_b32_e32 v11, v9                                      // 0000000059FC: 7E160309
	v_mov_b32_e32 v12, v9                                      // 000000005A00: 7E180309
	v_mov_b32_e32 v13, v9                                      // 000000005A04: 7E1A0309
	v_mov_b32_e32 v14, v9                                      // 000000005A08: 7E1C0309
	v_mov_b32_e32 v15, v9                                      // 000000005A0C: 7E1E0309
	v_mov_b32_e32 v16, v9                                      // 000000005A10: 7E200309
	s_waitcnt lgkmcnt(6)                                       // 000000005A14: BF89FC67
	s_delay_alu instid0(VALU_DEP_1) | instskip(SKIP_1) | instid1(VALU_DEP_1)// 000000005A18: BF8700A1
	v_wmma_f32_16x16x16_bf16 v[9:16], v[87:94], v[25:32], v[9:16]// 000000005A1C: CC414009 1C263357
	s_waitcnt lgkmcnt(4)                                       // 000000005A24: BF89FC47
	v_wmma_f32_16x16x16_bf16 v[9:16], v[95:102], v[17:24], v[9:16]// 000000005A28: CC414009 1C26235F
	s_waitcnt lgkmcnt(0)                                       // 000000005A30: BF89FC07
	s_delay_alu instid0(VALU_DEP_1) | instskip(NEXT) | instid1(VALU_DEP_1)// 000000005A34: BF870091
	v_wmma_f32_16x16x16_bf16 v[9:16], v[113:120], v[33:40], v[9:16]// 000000005A38: CC414009 1C264371
	v_wmma_f32_16x16x16_bf16 v[9:16], v[105:112], v[41:48], v[9:16]// 000000005A40: CC414009 1C265369
	ds_load_b128 v[41:44], v68 offset:8192                     // 000000005A48: DBFC2000 29000044
	ds_load_b128 v[45:48], v69 offset:8192                     // 000000005A50: DBFC2000 2D000045
	ds_load_b128 v[33:36], v70 offset:8192                     // 000000005A58: DBFC2000 21000046
	ds_load_b128 v[37:40], v71 offset:8192                     // 000000005A60: DBFC2000 25000047
	ds_load_b128 v[25:28], v72 offset:8192                     // 000000005A68: DBFC2000 19000048
	ds_load_b128 v[29:32], v73 offset:8192                     // 000000005A70: DBFC2000 1D000049
	ds_load_b128 v[17:20], v74 offset:8192                     // 000000005A78: DBFC2000 1100004A
	ds_load_b128 v[21:24], v75 offset:8192                     // 000000005A80: DBFC2000 1500004B
	s_waitcnt lgkmcnt(0)                                       // 000000005A88: BF89FC07
	s_barrier                                                  // 000000005A8C: BFBD0000
	buffer_gl0_inv                                             // 000000005A90: E0AC0000 00000000
	v_add_nc_u32_e32 v69, 0, v76                               // 000000005A98: 4A8A9880
	ds_store_b16 v58, v3 offset:32768                          // 000000005A9C: D87C8000 0000033A
	ds_store_b16 v58, v67 offset:33792                         // 000000005AA4: D87C8400 0000433A
	v_add_nc_u32_e32 v67, 0, v77                               // 000000005AAC: 4A869A80
	v_add_nc_u32_e32 v68, 0, v78                               // 000000005AB0: 4A889C80
	s_and_not1_b32 vcc_lo, exec_lo, s2                         // 000000005AB4: 916A027E
	ds_store_b16 v69, v1 offset:33024                          // 000000005AB8: D87C8100 00000145
	ds_store_b16 v69, v7 offset:34048                          // 000000005AC0: D87C8500 00000745
	ds_store_b16 v67, v2 offset:33280                          // 000000005AC8: D87C8200 00000243
	ds_store_b16 v67, v5 offset:34304                          // 000000005AD0: D87C8600 00000543
	ds_store_b16 v68, v4 offset:33536                          // 000000005AD8: D87C8300 00000444
	ds_store_b16 v68, v6 offset:34560                          // 000000005AE0: D87C8700 00000644
	s_waitcnt lgkmcnt(0)                                       // 000000005AE8: BF89FC07
	s_barrier                                                  // 000000005AEC: BFBD0000
	buffer_gl0_inv                                             // 000000005AF0: E0AC0000 00000000
	s_cbranch_vccnz 30                                         // 000000005AF8: BFA4001E <chunk_gated_delta_rule_fwd_kernel_h_blockdim64+0x4274>
	ds_load_b128 v[74:77], v65 offset:32768                    // 000000005AFC: DBFC8000 4A000041
	ds_load_b128 v[70:73], v66 offset:32768                    // 000000005B04: DBFC8000 46000042
	ds_load_b128 v[91:94], v63 offset:32768                    // 000000005B0C: DBFC8000 5B00003F
	ds_load_b128 v[87:90], v64 offset:32768                    // 000000005B14: DBFC8000 57000040
	ds_load_b128 v[99:102], v61 offset:32768                   // 000000005B1C: DBFC8000 6300003D
	ds_load_b128 v[95:98], v62 offset:32768                    // 000000005B24: DBFC8000 5F00003E
	ds_load_b128 v[109:112], v59 offset:32768                  // 000000005B2C: DBFC8000 6D00003B
	ds_load_b128 v[105:108], v60 offset:32768                  // 000000005B34: DBFC8000 6900003C
	s_waitcnt lgkmcnt(6)                                       // 000000005B3C: BF89FC67
	v_wmma_f32_16x16x16_bf16 v[9:16], v[70:77], v[41:48], v[9:16]// 000000005B40: CC414009 1C265346
	s_waitcnt lgkmcnt(4)                                       // 000000005B48: BF89FC47
	s_delay_alu instid0(VALU_DEP_1) | instskip(SKIP_1) | instid1(VALU_DEP_1)// 000000005B4C: BF8700A1
	v_wmma_f32_16x16x16_bf16 v[9:16], v[87:94], v[33:40], v[9:16]// 000000005B50: CC414009 1C264357
	s_waitcnt lgkmcnt(2)                                       // 000000005B58: BF89FC27
	v_wmma_f32_16x16x16_bf16 v[9:16], v[95:102], v[25:32], v[9:16]// 000000005B5C: CC414009 1C26335F
	s_waitcnt lgkmcnt(0)                                       // 000000005B64: BF89FC07
	s_delay_alu instid0(VALU_DEP_1)                            // 000000005B68: BF870001
	v_wmma_f32_16x16x16_bf16 v[9:16], v[105:112], v[17:24], v[9:16]// 000000005B6C: CC414009 1C262369
	v_cndmask_b32_e64 v5, 0x408, 0, s3                         // 000000005B74: D5010005 000D00FF 00000408
	v_cndmask_b32_e64 v6, 0x840, 0, s1                         // 000000005B80: D5010006 000500FF 00000840
	v_lshlrev_b32_e32 v2, 5, v0                                // 000000005B8C: 30040085
	v_lshlrev_b32_e32 v17, 1, v0                               // 000000005B90: 30220081
	v_lshlrev_b32_e32 v4, 2, v0                                // 000000005B94: 30080082
	v_lshlrev_b32_e32 v18, 3, v0                               // 000000005B98: 30240083
	v_or_b32_e32 v5, v5, v6                                    // 000000005B9C: 380A0D05
	scratch_load_b32 v6, off, off                              // 000000005BA0: DC510000 067C0000
	v_and_b32_e32 v7, 64, v2                                   // 000000005BA8: 360E04C0
	v_and_b32_e32 v17, 0x1c0, v17                              // 000000005BAC: 362222FF 000001C0
	v_and_b32_e32 v21, 3, v0                                   // 000000005BB4: 362A0083
	v_and_b32_e32 v4, 48, v4                                   // 000000005BB8: 360808B0
	v_cndmask_b32_e64 v19, 0x840, 0, s0                        // 000000005BBC: D5010013 000100FF 00000840
	v_and_or_b32 v7, v18, 8, v7                                // 000000005BC8: D6570007 041D1112
	v_bfe_i32 v18, v0, 2, 1                                    // 000000005BD0: D6110012 02050500
	v_lshl_or_b32 v17, v21, 4, v17                             // 000000005BD8: D6560011 04450915
	v_and_b32_e32 v24, 16, v0                                  // 000000005BE0: 36300090
	v_perm_b32 v1, v154, v153, 0x5040100                       // 000000005BE4: D6440001 03FF339A 05040100
	v_perm_b32 v2, v156, v155, 0x5040100                       // 000000005BF0: D6440002 03FF379C 05040100
	v_and_b32_e32 v18, 0x408, v18                              // 000000005BFC: 362424FF 00000408
	v_xor_b32_e32 v17, v17, v19                                // 000000005C04: 3A222711
	v_alignbit_b32 v3, v175, v153, 16                          // 000000005C08: D6160003 024333AF
	s_waitcnt vmcnt(0)                                         // 000000005C10: BF8903F7
	s_barrier                                                  // 000000005C14: BFBD0000
	buffer_gl0_inv                                             // 000000005C18: E0AC0000 00000000
	v_lshlrev_b32_e32 v0, 8, v0                                // 000000005C20: 30000088
	s_lshl_b64 s[0:1], s[10:11], 1                             // 000000005C24: 8480810A
	v_lshlrev_b32_e32 v22, 1, v176                             // 000000005C28: 302D6081
	s_add_u32 s0, s0, s7                                       // 000000005C2C: 80000700
	s_addc_u32 s1, s1, s16                                     // 000000005C30: 82011001
	v_or3_b32 v6, v7, v4, v6                                   // 000000005C34: D6580006 041A0907
	v_lshlrev_b32_e32 v7, 5, v24                               // 000000005C3C: 300E3085
	v_perm_b32 v4, v174, v173, 0x5040100                       // 000000005C40: D6440004 03FF5BAE 05040100
	v_lshlrev_b32_e32 v24, 6, v24                              // 000000005C4C: 30303086
	s_delay_alu instid0(VALU_DEP_4) | instskip(NEXT) | instid1(VALU_DEP_4)// 000000005C50: BF870214
	v_xad_u32 v5, v6, v5, 0                                    // 000000005C54: D6450005 02020B06
	v_or3_b32 v6, v18, v7, v17                                 // 000000005C5C: D6580006 04460F12
	v_lshlrev_b32_e32 v7, 5, v21                               // 000000005C64: 300E2A85
	ds_store_2addr_stride64_b64 v5, v[1:2], v[3:4] offset0:64 offset1:65// 000000005C68: D93C4140 00030105
	v_add_nc_u32_e32 v3, 0, v6                                 // 000000005C70: 4A060C80
	v_xad_u32 v4, v6, 8, 0                                     // 000000005C74: D6450004 02011106
	s_waitcnt lgkmcnt(0)                                       // 000000005C7C: BF89FC07
	s_barrier                                                  // 000000005C80: BFBD0000
	buffer_gl0_inv                                             // 000000005C84: E0AC0000 00000000
	ds_load_b64 v[27:28], v3 offset:32768                      // 000000005C8C: D9D88000 1B000003
	ds_load_b64 v[25:26], v4 offset:32768                      // 000000005C94: D9D88000 19000004
	s_clause 0x2                                               // 000000005C9C: BF850002
	scratch_load_b32 v3, off, off offset:48                    // 000000005CA0: DC510030 037C0000
	scratch_load_b32 v21, off, off offset:36                   // 000000005CA8: DC510024 157C0000
	scratch_load_b32 v23, off, off offset:44                   // 000000005CB0: DC51002C 177C0000
	v_and_or_b32 v0, 0x1800, v0, v7                            // 000000005CB8: D6570000 041E00FF 00001800
	scratch_load_b32 v7, off, off offset:40                    // 000000005CC4: DC510028 077C0000
	v_lshlrev_b64 v[1:2], 1, v[187:188]                        // 000000005CCC: D73C0001 00037681
	s_waitcnt vmcnt(0) lgkmcnt(0)                              // 000000005CD4: BF890007
	s_barrier                                                  // 000000005CD8: BFBD0000
	buffer_gl0_inv                                             // 000000005CDC: E0AC0000 00000000
	v_add_co_u32 v4, vcc_lo, s0, v1                            // 000000005CE4: D7006A04 00020200
	s_delay_alu instid0(VALU_DEP_1)                            // 000000005CEC: BF870001
	v_add_co_ci_u32_e64 v5, null, s1, v2, vcc_lo               // 000000005CF0: D5207C05 01AA0401
	v_lshlrev_b64 v[1:2], 1, v[185:186]                        // 000000005CF8: D73C0001 00037281
	s_and_b32 s1, s2, s40                                      // 000000005D00: 8B012802
	v_lshlrev_b32_e32 v3, 1, v3                                // 000000005D04: 30060681
	v_lshlrev_b32_e32 v21, 2, v21                              // 000000005D08: 302A2A82
	v_lshlrev_b32_e32 v23, 2, v23                              // 000000005D0C: 302E2E82
	v_lshlrev_b32_e32 v7, 10, v7                               // 000000005D10: 300E0E8A
	s_delay_alu instid0(VALU_DEP_4) | instskip(NEXT) | instid1(VALU_DEP_1)// 000000005D14: BF870094
	v_add_co_u32 v6, vcc_lo, v4, v3                            // 000000005D18: D7006A06 00020704
	v_add_co_ci_u32_e64 v5, null, 0, v5, vcc_lo                // 000000005D20: D5207C05 01AA0A80
	v_add_co_u32 v1, vcc_lo, s7, v1                            // 000000005D28: D7006A01 00020207
	s_delay_alu instid0(VALU_DEP_1) | instskip(NEXT) | instid1(VALU_DEP_4)// 000000005D30: BF870211
	v_add_co_ci_u32_e64 v2, null, s16, v2, vcc_lo              // 000000005D34: D5207C02 01AA0410
	v_add_co_u32 v17, vcc_lo, v6, 2                            // 000000005D3C: D7006A11 00010506
	s_delay_alu instid0(VALU_DEP_1) | instskip(SKIP_1) | instid1(VALU_DEP_1)// 000000005D44: BF8700A1
	v_add_co_ci_u32_e64 v18, null, 0, v5, vcc_lo               // 000000005D48: D5207C12 01AA0A80
	v_add_co_u32 v3, vcc_lo, v6, 4                             // 000000005D50: D7006A03 00010906
	v_add_co_ci_u32_e64 v4, null, 0, v5, vcc_lo                // 000000005D58: D5207C04 01AA0A80
	v_add_co_u32 v19, vcc_lo, v6, 6                            // 000000005D60: D7006A13 00010D06
	v_lshl_or_b32 v21, v79, 4, v21                             // 000000005D68: D6560015 0455094F
	v_add_co_ci_u32_e64 v20, null, 0, v5, vcc_lo               // 000000005D70: D5207C14 01AA0A80
	v_add_co_u32 v29, vcc_lo, v6, 8                            // 000000005D78: D7006A1D 00011106
	s_delay_alu instid0(VALU_DEP_1) | instskip(SKIP_4) | instid1(VALU_DEP_1)// 000000005D80: BF8700D1
	v_add_co_ci_u32_e64 v30, null, 0, v5, vcc_lo               // 000000005D84: D5207C1E 01AA0A80
	v_add_co_u32 v33, vcc_lo, v6, 10                           // 000000005D8C: D7006A21 00011506
	v_xor_b32_e32 v21, v21, v22                                // 000000005D94: 3A2A2D15
	v_add_co_ci_u32_e64 v34, null, 0, v5, vcc_lo               // 000000005D98: D5207C22 01AA0A80
	v_add_co_u32 v31, vcc_lo, v6, 12                           // 000000005DA0: D7006A1F 00011906
	v_add_co_ci_u32_e64 v32, null, 0, v5, vcc_lo               // 000000005DA8: D5207C20 01AA0A80
	v_add_co_u32 v35, vcc_lo, v6, 14                           // 000000005DB0: D7006A23 00011D06
	s_delay_alu instid0(VALU_DEP_1)                            // 000000005DB8: BF870001
	v_add_co_ci_u32_e64 v36, null, 0, v5, vcc_lo               // 000000005DBC: D5207C24 01AA0A80
	v_xad_u32 v0, v0, v23, 0                                   // 000000005DC4: D6450000 02022F00
	v_or3_b32 v5, v7, v24, v21                                 // 000000005DCC: D6580005 04563107
	ds_store_b128 v0, v[1:4] offset:32768                      // 000000005DD4: DB7C8000 00000100
	ds_store_b128 v0, v[17:20] offset:33792                    // 000000005DDC: DB7C8400 00001100
	v_add_nc_u32_e32 v1, 0, v5                                 // 000000005DE4: 4A020A80
	v_xad_u32 v2, v5, 32, 0                                    // 000000005DE8: D6450002 02014105
	s_waitcnt lgkmcnt(0)                                       // 000000005DF0: BF89FC07
	s_barrier                                                  // 000000005DF4: BFBD0000
	buffer_gl0_inv                                             // 000000005DF8: E0AC0000 00000000
	ds_load_b128 v[21:24], v1 offset:32768                     // 000000005E00: DBFC8000 15000001
	ds_load_b128 v[4:7], v2 offset:32768                       // 000000005E08: DBFC8000 04000002
	s_waitcnt lgkmcnt(0)                                       // 000000005E10: BF89FC07
	s_barrier                                                  // 000000005E14: BFBD0000
	buffer_gl0_inv                                             // 000000005E18: E0AC0000 00000000
	ds_store_b128 v0, v[29:32] offset:32768                    // 000000005E20: DB7C8000 00001D00
	ds_store_b128 v0, v[33:36] offset:33792                    // 000000005E28: DB7C8400 00002100
	s_waitcnt lgkmcnt(0)                                       // 000000005E30: BF89FC07
	s_barrier                                                  // 000000005E34: BFBD0000
	buffer_gl0_inv                                             // 000000005E38: E0AC0000 00000000
	ds_load_b128 v[17:20], v1 offset:32768                     // 000000005E40: DBFC8000 11000001
	ds_load_b128 v[0:3], v2 offset:32768                       // 000000005E48: DBFC8000 00000002
	v_lshlrev_b32_e32 v29, 16, v27                             // 000000005E50: 303A3690
	s_delay_alu instid0(VALU_DEP_1)                            // 000000005E54: BF870001
	v_sub_f32_e32 v29, v29, v9                                 // 000000005E58: 083A131D
	s_and_saveexec_b32 s0, s1                                  // 000000005E5C: BE802001
	s_cbranch_execz 13                                         // 000000005E60: BFA5000D <chunk_gated_delta_rule_fwd_kernel_h_blockdim64+0x4598>
	s_delay_alu instid0(VALU_DEP_1) | instskip(SKIP_1) | instid1(VALU_DEP_2)// 000000005E64: BF870121
	v_bfe_u32 v9, v29, 16, 1                                   // 000000005E68: D6100009 0205211D
	v_cmp_o_f32_e32 vcc_lo, v29, v29                           // 000000005E70: 7C2E3B1D
	v_add3_u32 v9, v29, v9, 0x7fff                             // 000000005E74: D6550009 03FE131D 00007FFF
	s_delay_alu instid0(VALU_DEP_1) | instskip(NEXT) | instid1(VALU_DEP_1)// 000000005E80: BF870091
	v_lshrrev_b32_e32 v9, 16, v9                               // 000000005E84: 32121290
	v_cndmask_b32_e32 v9, 0x7fff, v9, vcc_lo                   // 000000005E88: 021212FF 00007FFF
	global_store_b16 v[21:22], v9, off                         // 000000005E90: DC660000 007C0915
	s_or_b32 exec_lo, exec_lo, s0                              // 000000005E98: 8C7E007E
	v_and_b32_e32 v9, 0xffff0000, v27                          // 000000005E9C: 361236FF FFFF0000
	s_and_b32 s1, s2, s39                                      // 000000005EA4: 8B012702
	s_delay_alu instid0(VALU_DEP_1)                            // 000000005EA8: BF870001
	v_sub_f32_e32 v21, v9, v10                                 // 000000005EAC: 082A1509
	s_and_saveexec_b32 s0, s1                                  // 000000005EB0: BE802001
	s_cbranch_execz 13                                         // 000000005EB4: BFA5000D <chunk_gated_delta_rule_fwd_kernel_h_blockdim64+0x45ec>
	s_delay_alu instid0(VALU_DEP_1) | instskip(SKIP_1) | instid1(VALU_DEP_2)// 000000005EB8: BF870121
	v_bfe_u32 v9, v21, 16, 1                                   // 000000005EBC: D6100009 02052115
	v_cmp_o_f32_e32 vcc_lo, v21, v21                           // 000000005EC4: 7C2E2B15
	v_add3_u32 v9, v21, v9, 0x7fff                             // 000000005EC8: D6550009 03FE1315 00007FFF
	s_delay_alu instid0(VALU_DEP_1) | instskip(NEXT) | instid1(VALU_DEP_1)// 000000005ED4: BF870091
	v_lshrrev_b32_e32 v9, 16, v9                               // 000000005ED8: 32121290
	v_cndmask_b32_e32 v9, 0x7fff, v9, vcc_lo                   // 000000005EDC: 021212FF 00007FFF
	global_store_b16 v[23:24], v9, off                         // 000000005EE4: DC660000 007C0917
	s_or_b32 exec_lo, exec_lo, s0                              // 000000005EEC: 8C7E007E
	v_lshlrev_b32_e32 v9, 16, v28                              // 000000005EF0: 30123890
	s_and_b32 s1, s2, s38                                      // 000000005EF4: 8B012602
	s_delay_alu instid0(VALU_DEP_1)                            // 000000005EF8: BF870001
	v_sub_f32_e32 v11, v9, v11                                 // 000000005EFC: 08161709
	s_and_saveexec_b32 s0, s1                                  // 000000005F00: BE802001
	s_cbranch_execz 14                                         // 000000005F04: BFA5000E <chunk_gated_delta_rule_fwd_kernel_h_blockdim64+0x4640>
	s_delay_alu instid0(VALU_DEP_1) | instskip(SKIP_1) | instid1(VALU_DEP_2)// 000000005F08: BF870121
	v_bfe_u32 v9, v11, 16, 1                                   // 000000005F0C: D6100009 0205210B
	v_cmp_o_f32_e32 vcc_lo, v11, v11                           // 000000005F14: 7C2E170B
	v_add3_u32 v9, v11, v9, 0x7fff                             // 000000005F18: D6550009 03FE130B 00007FFF
	s_delay_alu instid0(VALU_DEP_1) | instskip(NEXT) | instid1(VALU_DEP_1)// 000000005F24: BF870091
	v_lshrrev_b32_e32 v9, 16, v9                               // 000000005F28: 32121290
	v_cndmask_b32_e32 v9, 0x7fff, v9, vcc_lo                   // 000000005F2C: 021212FF 00007FFF
	s_waitcnt lgkmcnt(1)                                       // 000000005F34: BF89FC17
	global_store_b16 v[17:18], v9, off                         // 000000005F38: DC660000 007C0911
	s_or_b32 exec_lo, exec_lo, s0                              // 000000005F40: 8C7E007E
	v_and_b32_e32 v9, 0xffff0000, v28                          // 000000005F44: 361238FF FFFF0000
	s_and_b32 s1, s2, s25                                      // 000000005F4C: 8B011902
	s_delay_alu instid0(VALU_DEP_1)                            // 000000005F50: BF870001
	v_sub_f32_e32 v12, v9, v12                                 // 000000005F54: 08181909
	s_and_saveexec_b32 s0, s1                                  // 000000005F58: BE802001
	s_cbranch_execz 14                                         // 000000005F5C: BFA5000E <chunk_gated_delta_rule_fwd_kernel_h_blockdim64+0x4698>
	s_delay_alu instid0(VALU_DEP_1) | instskip(SKIP_1) | instid1(VALU_DEP_2)// 000000005F60: BF870121
	v_bfe_u32 v9, v12, 16, 1                                   // 000000005F64: D6100009 0205210C
	v_cmp_o_f32_e32 vcc_lo, v12, v12                           // 000000005F6C: 7C2E190C
	v_add3_u32 v9, v12, v9, 0x7fff                             // 000000005F70: D6550009 03FE130C 00007FFF
	s_delay_alu instid0(VALU_DEP_1) | instskip(NEXT) | instid1(VALU_DEP_1)// 000000005F7C: BF870091
	v_lshrrev_b32_e32 v9, 16, v9                               // 000000005F80: 32121290
	v_cndmask_b32_e32 v9, 0x7fff, v9, vcc_lo                   // 000000005F84: 021212FF 00007FFF
	s_waitcnt lgkmcnt(1)                                       // 000000005F8C: BF89FC17
	global_store_b16 v[19:20], v9, off                         // 000000005F90: DC660000 007C0913
	s_or_b32 exec_lo, exec_lo, s0                              // 000000005F98: 8C7E007E
	v_lshlrev_b32_e32 v9, 16, v25                              // 000000005F9C: 30123290
	s_and_b32 s1, s2, s23                                      // 000000005FA0: 8B011702
	s_delay_alu instid0(VALU_DEP_1)                            // 000000005FA4: BF870001
	v_sub_f32_e32 v13, v9, v13                                 // 000000005FA8: 081A1B09
	s_and_saveexec_b32 s0, s1                                  // 000000005FAC: BE802001
	s_cbranch_execz 13                                         // 000000005FB0: BFA5000D <chunk_gated_delta_rule_fwd_kernel_h_blockdim64+0x46e8>
	s_delay_alu instid0(VALU_DEP_1) | instskip(SKIP_1) | instid1(VALU_DEP_2)// 000000005FB4: BF870121
	v_bfe_u32 v9, v13, 16, 1                                   // 000000005FB8: D6100009 0205210D
	v_cmp_o_f32_e32 vcc_lo, v13, v13                           // 000000005FC0: 7C2E1B0D
	v_add3_u32 v9, v13, v9, 0x7fff                             // 000000005FC4: D6550009 03FE130D 00007FFF
	s_delay_alu instid0(VALU_DEP_1) | instskip(NEXT) | instid1(VALU_DEP_1)// 000000005FD0: BF870091
	v_lshrrev_b32_e32 v9, 16, v9                               // 000000005FD4: 32121290
	v_cndmask_b32_e32 v9, 0x7fff, v9, vcc_lo                   // 000000005FD8: 021212FF 00007FFF
	global_store_b16 v[4:5], v9, off                           // 000000005FE0: DC660000 007C0904
	s_or_b32 exec_lo, exec_lo, s0                              // 000000005FE8: 8C7E007E
	v_and_b32_e32 v4, 0xffff0000, v25                          // 000000005FEC: 360832FF FFFF0000
	s_and_b32 s1, s2, s22                                      // 000000005FF4: 8B011602
	s_delay_alu instid0(VALU_DEP_1)                            // 000000005FF8: BF870001
	v_sub_f32_e32 v4, v4, v14                                  // 000000005FFC: 08081D04
	s_and_saveexec_b32 s0, s1                                  // 000000006000: BE802001
	s_cbranch_execz 13                                         // 000000006004: BFA5000D <chunk_gated_delta_rule_fwd_kernel_h_blockdim64+0x473c>
	s_delay_alu instid0(VALU_DEP_1) | instskip(SKIP_1) | instid1(VALU_DEP_2)// 000000006008: BF870121
	v_bfe_u32 v5, v4, 16, 1                                    // 00000000600C: D6100005 02052104
	v_cmp_o_f32_e32 vcc_lo, v4, v4                             // 000000006014: 7C2E0904
	v_add3_u32 v5, v4, v5, 0x7fff                              // 000000006018: D6550005 03FE0B04 00007FFF
	s_delay_alu instid0(VALU_DEP_1) | instskip(NEXT) | instid1(VALU_DEP_1)// 000000006024: BF870091
	v_lshrrev_b32_e32 v5, 16, v5                               // 000000006028: 320A0A90
	v_cndmask_b32_e32 v5, 0x7fff, v5, vcc_lo                   // 00000000602C: 020A0AFF 00007FFF
	global_store_b16 v[6:7], v5, off                           // 000000006034: DC660000 007C0506
	s_or_b32 exec_lo, exec_lo, s0                              // 00000000603C: 8C7E007E
	v_lshlrev_b32_e32 v5, 16, v26                              // 000000006040: 300A3490
	s_and_b32 s1, s2, s21                                      // 000000006044: 8B011502
	s_delay_alu instid0(VALU_DEP_1)                            // 000000006048: BF870001
	v_sub_f32_e32 v5, v5, v15                                  // 00000000604C: 080A1F05
	s_and_saveexec_b32 s0, s1                                  // 000000006050: BE802001
	s_cbranch_execz 14                                         // 000000006054: BFA5000E <chunk_gated_delta_rule_fwd_kernel_h_blockdim64+0x4790>
	s_delay_alu instid0(VALU_DEP_1) | instskip(SKIP_1) | instid1(VALU_DEP_2)// 000000006058: BF870121
	v_bfe_u32 v6, v5, 16, 1                                    // 00000000605C: D6100006 02052105
	v_cmp_o_f32_e32 vcc_lo, v5, v5                             // 000000006064: 7C2E0B05
	v_add3_u32 v6, v5, v6, 0x7fff                              // 000000006068: D6550006 03FE0D05 00007FFF
	s_delay_alu instid0(VALU_DEP_1) | instskip(NEXT) | instid1(VALU_DEP_1)// 000000006074: BF870091
	v_lshrrev_b32_e32 v6, 16, v6                               // 000000006078: 320C0C90
	v_cndmask_b32_e32 v6, 0x7fff, v6, vcc_lo                   // 00000000607C: 020C0CFF 00007FFF
	s_waitcnt lgkmcnt(0)                                       // 000000006084: BF89FC07
	global_store_b16 v[0:1], v6, off                           // 000000006088: DC660000 007C0600
	s_or_b32 exec_lo, exec_lo, s0                              // 000000006090: 8C7E007E
	s_waitcnt lgkmcnt(0)                                       // 000000006094: BF89FC07
	v_and_b32_e32 v0, 0xffff0000, v26                          // 000000006098: 360034FF FFFF0000
	s_and_b32 s1, s2, s20                                      // 0000000060A0: 8B011402
	s_delay_alu instid0(VALU_DEP_1)                            // 0000000060A4: BF870001
	v_sub_f32_e32 v1, v0, v16                                  // 0000000060A8: 08022100
	s_and_saveexec_b32 s0, s1                                  // 0000000060AC: BE802001
	s_cbranch_execz 13                                         // 0000000060B0: BFA5000D <chunk_gated_delta_rule_fwd_kernel_h_blockdim64+0x47e8>
	s_delay_alu instid0(VALU_DEP_1) | instskip(SKIP_1) | instid1(VALU_DEP_2)// 0000000060B4: BF870121
	v_bfe_u32 v0, v1, 16, 1                                    // 0000000060B8: D6100000 02052101
	v_cmp_o_f32_e32 vcc_lo, v1, v1                             // 0000000060C0: 7C2E0301
	v_add3_u32 v0, v1, v0, 0x7fff                              // 0000000060C4: D6550000 03FE0101 00007FFF
	s_delay_alu instid0(VALU_DEP_1) | instskip(NEXT) | instid1(VALU_DEP_1)// 0000000060D0: BF870091
	v_lshrrev_b32_e32 v0, 16, v0                               // 0000000060D4: 32000090
	v_cndmask_b32_e32 v0, 0x7fff, v0, vcc_lo                   // 0000000060D8: 020000FF 00007FFF
	global_store_b16 v[2:3], v0, off                           // 0000000060E0: DC660000 007C0002
	s_or_b32 exec_lo, exec_lo, s0                              // 0000000060E8: 8C7E007E
	v_dual_sub_f32 v0, v104, v103 :: v_dual_mul_f32 v3, 0x3fb8aa3b, v104// 0000000060EC: C946CF68 0002D0FF 3FB8AA3B
	v_add3_u32 v32, 0x4000, 0, v57                             // 0000000060F8: D6550020 04E500FF 00004000
	s_mov_b32 s4, 0                                            // 000000006104: BE840080
	s_delay_alu instid0(VALU_DEP_2) | instskip(SKIP_1) | instid1(VALU_DEP_2)// 000000006108: BF870122
	v_mul_f32_e32 v2, 0x3fb8aa3b, v0                           // 00000000610C: 100400FF 3FB8AA3B
	v_cmp_ge_f32_e32 vcc_lo, 0, v0                             // 000000006114: 7C2C0080
	v_cndmask_b32_e32 v0, 0xff800000, v2, vcc_lo               // 000000006118: 020004FF FF800000
	v_cmp_gt_f32_e32 vcc_lo, 0xc2fc0000, v3                    // 000000006120: 7C2806FF C2FC0000
	s_delay_alu instid0(VALU_DEP_2) | instskip(SKIP_2) | instid1(VALU_DEP_3)// 000000006128: BF8701B2
	v_cmp_gt_f32_e64 s0, 0xc2fc0000, v0                        // 00000000612C: D4140000 000200FF C2FC0000
	v_cndmask_b32_e64 v6, 0, 0x42800000, vcc_lo                // 000000006138: D5010006 01A9FE80 42800000
	v_cndmask_b32_e64 v3, 1.0, 0x1f800000, vcc_lo              // 000000006144: D5010003 01A9FEF2 1F800000
	v_cndmask_b32_e64 v2, 0, 0x42800000, s0                    // 000000006150: D5010002 0001FE80 42800000
	v_cndmask_b32_e64 v7, 0, 0xffffffc0, s0                    // 00000000615C: D5010007 0001FE80 FFFFFFC0
	s_delay_alu instid0(VALU_DEP_2) | instskip(NEXT) | instid1(VALU_DEP_1)// 000000006168: BF870092
	v_add_f32_e32 v0, v0, v2                                   // 00000000616C: 06000500
	v_exp_f32_e32 v2, v0                                       // 000000006170: 7E044B00
	s_delay_alu instid0(TRANS32_DEP_1) | instskip(SKIP_1) | instid1(VALU_DEP_2)// 000000006174: BF870125
	v_ldexp_f32 v2, v2, v7                                     // 000000006178: D71C0002 00020F02
	v_fmac_f32_e32 v6, 0x3fb8aa3b, v104                        // 000000006180: 560CD0FF 3FB8AA3B
	v_dual_mov_b32 v0, 0 :: v_dual_mul_f32 v91, v2, v5         // 000000006188: CA060080 005A0B02
	s_delay_alu instid0(VALU_DEP_2)                            // 000000006190: BF870002
	v_exp_f32_e32 v6, v6                                       // 000000006194: 7E0C4B06
	v_mul_f32_e32 v92, v2, v1                                  // 000000006198: 10B80302
	v_mul_f32_e32 v7, v2, v11                                  // 00000000619C: 100E1702
	v_mul_f32_e32 v11, v2, v12                                 // 0000000061A0: 10161902
	v_bfe_u32 v16, v91, 16, 1                                  // 0000000061A4: D6100010 0205215B
	v_mul_f32_e32 v12, v2, v13                                 // 0000000061AC: 10181B02
	v_bfe_u32 v17, v92, 16, 1                                  // 0000000061B0: D6100011 0205215C
	v_bfe_u32 v5, v7, 16, 1                                    // 0000000061B8: D6100005 02052107
	v_bfe_u32 v13, v11, 16, 1                                  // 0000000061C0: D610000D 0205210B
	v_add3_u32 v16, v91, v16, 0x7fff                           // 0000000061C8: D6550010 03FE215B 00007FFF
	v_mul_f32_e32 v9, v6, v3                                   // 0000000061D4: 10120706
	v_mul_f32_e32 v3, v2, v29                                  // 0000000061D8: 10063B02
	v_add3_u32 v5, v7, v5, 0x7fff                              // 0000000061DC: D6550005 03FE0B07 00007FFF
	v_bfe_u32 v14, v12, 16, 1                                  // 0000000061E8: D610000E 0205210C
	v_lshrrev_b32_e32 v99, 16, v16                             // 0000000061F0: 32C62090
	v_mul_f32_e32 v6, v2, v21                                  // 0000000061F4: 100C2B02
	v_bfe_u32 v1, v3, 16, 1                                    // 0000000061F8: D6100001 02052103
	v_cmp_o_f32_e32 vcc_lo, v3, v3                             // 000000006200: 7C2E0703
	v_add3_u32 v13, v11, v13, 0x7fff                           // 000000006204: D655000D 03FE1B0B 00007FFF
	v_lshrrev_b32_e32 v5, 16, v5                               // 000000006210: 320A0A90
	v_add3_u32 v14, v12, v14, 0x7fff                           // 000000006214: D655000E 03FE1D0C 00007FFF
	v_add3_u32 v1, v3, v1, 0x7fff                              // 000000006220: D6550001 03FE0303 00007FFF
	v_add3_u32 v17, v92, v17, 0x7fff                           // 00000000622C: D6550011 03FE235C 00007FFF
	v_lshrrev_b32_e32 v13, 16, v13                             // 000000006238: 321A1A90
	s_delay_alu instid0(VALU_DEP_4) | instskip(NEXT) | instid1(VALU_DEP_4)// 00000000623C: BF870214
	v_lshrrev_b32_e32 v14, 16, v14                             // 000000006240: 321C1C90
	v_lshrrev_b32_e32 v1, 16, v1                               // 000000006244: 32020290
	v_mul_f32_e32 v4, v2, v4                                   // 000000006248: 10080902
	v_bfe_u32 v2, v6, 16, 1                                    // 00000000624C: D6100002 02052106
	v_lshrrev_b32_e32 v100, 16, v17                            // 000000006254: 32C82290
	s_delay_alu instid0(VALU_DEP_4) | instskip(SKIP_1) | instid1(VALU_DEP_4)// 000000006258: BF870224
	v_cndmask_b32_e32 v93, 0x7fff, v1, vcc_lo                  // 00000000625C: 02BA02FF 00007FFF
	v_cmp_o_f32_e32 vcc_lo, v6, v6                             // 000000006264: 7C2E0D06
	v_add3_u32 v2, v6, v2, 0x7fff                              // 000000006268: D6550002 03FE0506 00007FFF
	v_bfe_u32 v15, v4, 16, 1                                   // 000000006274: D610000F 02052104
	s_delay_alu instid0(VALU_DEP_2) | instskip(NEXT) | instid1(VALU_DEP_2)// 00000000627C: BF870112
	v_lshrrev_b32_e32 v2, 16, v2                               // 000000006280: 32040490
	v_add3_u32 v15, v4, v15, 0x7fff                            // 000000006284: D655000F 03FE1F04 00007FFF
	s_delay_alu instid0(VALU_DEP_2) | instskip(SKIP_1) | instid1(VALU_DEP_3)// 000000006290: BF8701A2
	v_cndmask_b32_e32 v94, 0x7fff, v2, vcc_lo                  // 000000006294: 02BC04FF 00007FFF
	v_cmp_o_f32_e32 vcc_lo, v7, v7                             // 00000000629C: 7C2E0F07
	v_lshrrev_b32_e32 v15, 16, v15                             // 0000000062A0: 321E1E90
	v_cndmask_b32_e32 v95, 0x7fff, v5, vcc_lo                  // 0000000062A4: 02BE0AFF 00007FFF
	v_cmp_o_f32_e32 vcc_lo, v11, v11                           // 0000000062AC: 7C2E170B
	v_cndmask_b32_e32 v96, 0x7fff, v13, vcc_lo                 // 0000000062B0: 02C01AFF 00007FFF
	v_cmp_o_f32_e32 vcc_lo, v12, v12                           // 0000000062B8: 7C2E190C
	v_dual_cndmask_b32 v97, 0x7fff, v14 :: v_dual_add_nc_u32 v10, 0, v57// 0000000062BC: CA601CFF 610A7280 00007FFF
	v_cmp_o_f32_e32 vcc_lo, v4, v4                             // 0000000062C8: 7C2E0904
	v_cndmask_b32_e32 v98, 0x7fff, v15, vcc_lo                 // 0000000062CC: 02C41EFF 00007FFF
	ds_load_u16 v3, v10 offset:16384                           // 0000000062D4: D8F04000 0300000A
	ds_load_u16 v5, v32 offset:128                             // 0000000062DC: D8F00080 05000020
	ds_load_u16 v7, v32 offset:256                             // 0000000062E4: D8F00100 07000020
	ds_load_u16 v34, v32 offset:384                            // 0000000062EC: D8F00180 22000020
	ds_load_u16 v36, v32 offset:512                            // 0000000062F4: D8F00200 24000020
	ds_load_u16 v38, v32 offset:640                            // 0000000062FC: D8F00280 26000020
	ds_load_u16 v40, v32 offset:768                            // 000000006304: D8F00300 28000020
	ds_load_u16 v42, v32 offset:896                            // 00000000630C: D8F00380 2A000020
	ds_load_u16 v44, v32 offset:1024                           // 000000006314: D8F00400 2C000020
	ds_load_u16 v47, v32 offset:1152                           // 00000000631C: D8F00480 2F000020
	ds_load_u16 v71, v32 offset:1280                           // 000000006324: D8F00500 47000020
	ds_load_u16 v74, v32 offset:1408                           // 00000000632C: D8F00580 4A000020
	ds_load_u16 v77, v32 offset:1536                           // 000000006334: D8F00600 4D000020
	ds_load_u16 v80, v32 offset:1664                           // 00000000633C: D8F00680 50000020
	ds_load_u16 v83, v32 offset:1792                           // 000000006344: D8F00700 53000020
	ds_load_u16 v88, v32 offset:1920                           // 00000000634C: D8F00780 58000020
	ds_load_u16 v4, v32 offset:2048                            // 000000006354: D8F00800 04000020
	ds_load_u16 v6, v32 offset:2176                            // 00000000635C: D8F00880 06000020
	ds_load_u16 v33, v32 offset:2304                           // 000000006364: D8F00900 21000020
	ds_load_u16 v35, v32 offset:2432                           // 00000000636C: D8F00980 23000020
	ds_load_u16 v37, v32 offset:2560                           // 000000006374: D8F00A00 25000020
	ds_load_u16 v39, v32 offset:2688                           // 00000000637C: D8F00A80 27000020
	ds_load_u16 v41, v32 offset:2816                           // 000000006384: D8F00B00 29000020
	ds_load_u16 v43, v32 offset:2944                           // 00000000638C: D8F00B80 2B000020
	ds_load_u16 v45, v32 offset:3072                           // 000000006394: D8F00C00 2D000020
	ds_load_u16 v48, v32 offset:3200                           // 00000000639C: D8F00C80 30000020
	ds_load_u16 v72, v32 offset:3328                           // 0000000063A4: D8F00D00 48000020
	ds_load_u16 v75, v32 offset:3456                           // 0000000063AC: D8F00D80 4B000020
	ds_load_u16 v78, v32 offset:3584                           // 0000000063B4: D8F00E00 4E000020
	ds_load_u16 v81, v32 offset:3712                           // 0000000063BC: D8F00E80 51000020
	ds_load_u16 v84, v32 offset:3840                           // 0000000063C4: D8F00F00 54000020
	ds_load_u16 v89, v32 offset:3968                           // 0000000063CC: D8F00F80 59000020
	ds_load_u16 v11, v32 offset:4096                           // 0000000063D4: D8F01000 0B000020
	ds_load_u16 v12, v32 offset:4224                           // 0000000063DC: D8F01080 0C000020
	ds_load_u16 v13, v32 offset:4352                           // 0000000063E4: D8F01100 0D000020
	ds_load_u16 v14, v32 offset:4480                           // 0000000063EC: D8F01180 0E000020
	ds_load_u16 v16, v32 offset:4608                           // 0000000063F4: D8F01200 10000020
	ds_load_u16 v18, v32 offset:4736                           // 0000000063FC: D8F01280 12000020
	ds_load_u16 v1, v32 offset:4864                            // 000000006404: D8F01300 01000020
	ds_load_u16 v2, v32 offset:4992                            // 00000000640C: D8F01380 02000020
	ds_load_u16 v46, v32 offset:5120                           // 000000006414: D8F01400 2E000020
	ds_load_u16 v70, v32 offset:5248                           // 00000000641C: D8F01480 46000020
	ds_load_u16 v73, v32 offset:5376                           // 000000006424: D8F01500 49000020
	ds_load_u16 v76, v32 offset:5504                           // 00000000642C: D8F01580 4C000020
	ds_load_u16 v79, v32 offset:5632                           // 000000006434: D8F01600 4F000020
	ds_load_u16 v82, v32 offset:5760                           // 00000000643C: D8F01680 52000020
	ds_load_u16 v87, v32 offset:5888                           // 000000006444: D8F01700 57000020
	ds_load_u16 v90, v32 offset:6016                           // 00000000644C: D8F01780 5A000020
	ds_load_u16 v15, v32 offset:6144                           // 000000006454: D8F01800 0F000020
	ds_load_u16 v17, v32 offset:6272                           // 00000000645C: D8F01880 11000020
	ds_load_u16 v19, v32 offset:6400                           // 000000006464: D8F01900 13000020
	ds_load_u16 v20, v32 offset:6528                           // 00000000646C: D8F01980 14000020
	ds_load_u16 v21, v32 offset:6656                           // 000000006474: D8F01A00 15000020
	ds_load_u16 v22, v32 offset:6784                           // 00000000647C: D8F01A80 16000020
	ds_load_u16 v23, v32 offset:6912                           // 000000006484: D8F01B00 17000020
	ds_load_u16 v24, v32 offset:7040                           // 00000000648C: D8F01B80 18000020
	ds_load_u16 v25, v32 offset:7168                           // 000000006494: D8F01C00 19000020
	ds_load_u16 v26, v32 offset:7296                           // 00000000649C: D8F01C80 1A000020
	ds_load_u16 v27, v32 offset:7424                           // 0000000064A4: D8F01D00 1B000020
	ds_load_u16 v28, v32 offset:7552                           // 0000000064AC: D8F01D80 1C000020
	ds_load_u16 v29, v32 offset:7680                           // 0000000064B4: D8F01E00 1D000020
	ds_load_u16 v30, v32 offset:7808                           // 0000000064BC: D8F01E80 1E000020
	ds_load_u16 v31, v32 offset:7936                           // 0000000064C4: D8F01F00 1F000020
	ds_load_u16 v32, v32 offset:8064                           // 0000000064CC: D8F01F80 20000020
	v_cmp_o_f32_e32 vcc_lo, v91, v91                           // 0000000064D4: 7C2EB75B
	s_waitcnt lgkmcnt(0)                                       // 0000000064D8: BF89FC07
	s_waitcnt_vscnt null, 0x0                                  // 0000000064DC: BC7C0000
	s_barrier                                                  // 0000000064E0: BFBD0000
	buffer_gl0_inv                                             // 0000000064E4: E0AC0000 00000000
	v_cndmask_b32_e32 v91, 0x7fff, v99, vcc_lo                 // 0000000064EC: 02B6C6FF 00007FFF
	v_cmp_o_f32_e32 vcc_lo, v92, v92                           // 0000000064F4: 7C2EB95C
	v_cndmask_b32_e32 v92, 0x7fff, v100, vcc_lo                // 0000000064F8: 02B8C8FF 00007FFF
	s_and_not1_b32 vcc_lo, exec_lo, s2                         // 000000006500: 916A027E
	ds_store_b16 v58, v93 offset:32768                         // 000000006504: D87C8000 00005D3A
	ds_store_b16 v58, v97 offset:33792                         // 00000000650C: D87C8400 0000613A
	ds_store_b16 v69, v94 offset:33024                         // 000000006514: D87C8100 00005E45
	ds_store_b16 v69, v98 offset:34048                         // 00000000651C: D87C8500 00006245
	ds_store_b16 v67, v95 offset:33280                         // 000000006524: D87C8200 00005F43
	ds_store_b16 v67, v91 offset:34304                         // 00000000652C: D87C8600 00005B43
	ds_store_b16 v68, v96 offset:33536                         // 000000006534: D87C8300 00006044
	ds_store_b16 v68, v92 offset:34560                         // 00000000653C: D87C8700 00005C44
	s_waitcnt lgkmcnt(0)                                       // 000000006544: BF89FC07
	s_barrier                                                  // 000000006548: BFBD0000
	buffer_gl0_inv                                             // 00000000654C: E0AC0000 00000000
	s_cbranch_vccnz 368                                        // 000000006554: BFA40170 <chunk_gated_delta_rule_fwd_kernel_h_blockdim64+0x5218>
	ds_load_b128 v[53:56], v59 offset:32768                    // 000000006558: DBFC8000 3500003B
	ds_load_b128 v[49:52], v60 offset:32768                    // 000000006560: DBFC8000 3100003C
	ds_load_b128 v[95:98], v61 offset:32768                    // 000000006568: DBFC8000 5F00003D
	ds_load_b128 v[91:94], v62 offset:32768                    // 000000006570: DBFC8000 5B00003E
	ds_load_b128 v[103:106], v63 offset:32768                  // 000000006578: DBFC8000 6700003F
	ds_load_b128 v[99:102], v64 offset:32768                   // 000000006580: DBFC8000 63000040
	ds_load_b128 v[62:65], v65 offset:32768                    // 000000006588: DBFC8000 3E000041
	ds_load_b128 v[58:61], v66 offset:32768                    // 000000006590: DBFC8000 3A000042
	s_mov_b32 s5, s4                                           // 000000006598: BE850004
	s_mov_b32 s6, s4                                           // 00000000659C: BE860004
	s_mov_b32 s7, s4                                           // 0000000065A0: BE870004
	s_mov_b32 s8, s4                                           // 0000000065A4: BE880004
	s_mov_b32 s9, s4                                           // 0000000065A8: BE890004
	s_mov_b32 s10, s4                                          // 0000000065AC: BE8A0004
	s_mov_b32 s11, s4                                          // 0000000065B0: BE8B0004
	v_perm_b32 v109, v38, v36, 0x5040100                       // 0000000065B4: D644006D 03FE4926 05040100
	v_perm_b32 v108, v34, v7, 0x5040100                        // 0000000065C0: D644006C 03FE0F22 05040100
	v_perm_b32 v107, v5, v3, 0x5040100                         // 0000000065CC: D644006B 03FE0705 05040100
	v_perm_b32 v115, v6, v4, 0x5040100                         // 0000000065D8: D6440073 03FE0906 05040100
	v_perm_b32 v36, v2, v1, 0x5040100                          // 0000000065E4: D6440024 03FE0302 05040100
	v_dual_mov_b32 v0, s4 :: v_dual_mov_b32 v1, s5             // 0000000065F0: CA100004 00000005
	v_perm_b32 v114, v88, v83, 0x5040100                       // 0000000065F8: D6440072 03FEA758 05040100
	v_perm_b32 v113, v80, v77, 0x5040100                       // 000000006604: D6440071 03FE9B50 05040100
	v_perm_b32 v112, v74, v71, 0x5040100                       // 000000006610: D6440070 03FE8F4A 05040100
	v_perm_b32 v111, v47, v44, 0x5040100                       // 00000000661C: D644006F 03FE592F 05040100
	v_perm_b32 v110, v42, v40, 0x5040100                       // 000000006628: D644006E 03FE512A 05040100
	v_dual_mov_b32 v2, s6 :: v_dual_mov_b32 v3, s7             // 000000006634: CA100006 02020007
	v_dual_mov_b32 v4, s8 :: v_dual_mov_b32 v5, s9             // 00000000663C: CA100008 04040009
	v_dual_mov_b32 v6, s10 :: v_dual_mov_b32 v7, s11           // 000000006644: CA10000A 0606000B
	v_perm_b32 v122, v89, v84, 0x5040100                       // 00000000664C: D644007A 03FEA959 05040100
	v_perm_b32 v121, v81, v78, 0x5040100                       // 000000006658: D6440079 03FE9D51 05040100
	v_perm_b32 v120, v75, v72, 0x5040100                       // 000000006664: D6440078 03FE914B 05040100
	v_perm_b32 v119, v48, v45, 0x5040100                       // 000000006670: D6440077 03FE5B30 05040100
	v_perm_b32 v118, v43, v41, 0x5040100                       // 00000000667C: D6440076 03FE532B 05040100
	v_perm_b32 v117, v39, v37, 0x5040100                       // 000000006688: D6440075 03FE4B27 05040100
	v_perm_b32 v116, v35, v33, 0x5040100                       // 000000006694: D6440074 03FE4323 05040100
	v_perm_b32 v37, v70, v46, 0x5040100                        // 0000000066A0: D6440025 03FE5D46 05040100
	s_waitcnt lgkmcnt(0)                                       // 0000000066AC: BF89FC07
	v_wmma_f32_16x16x16_bf16 v[41:48], v[58:65], v[107:114], v[0:7]// 0000000066B0: CC414029 1C02D73A
	v_perm_b32 v40, v90, v87, 0x5040100                        // 0000000066B8: D6440028 03FEAF5A 05040100
	v_perm_b32 v39, v82, v79, 0x5040100                        // 0000000066C4: D6440027 03FE9F52 05040100
	v_perm_b32 v38, v76, v73, 0x5040100                        // 0000000066D0: D6440026 03FE934C 05040100
	v_perm_b32 v35, v18, v16, 0x5040100                        // 0000000066DC: D6440023 03FE2112 05040100
	v_perm_b32 v34, v14, v13, 0x5040100                        // 0000000066E8: D6440022 03FE1B0E 05040100
	v_perm_b32 v33, v12, v11, 0x5040100                        // 0000000066F4: D6440021 03FE170C 05040100
	v_wmma_f32_16x16x16_bf16 v[41:48], v[99:106], v[115:122], v[41:48]// 000000006700: CC414029 1CA6E763
	v_perm_b32 v31, v32, v31, 0x5040100                        // 000000006708: D644001F 03FE3F20 05040100
	v_perm_b32 v30, v30, v29, 0x5040100                        // 000000006714: D644001E 03FE3B1E 05040100
	v_perm_b32 v29, v28, v27, 0x5040100                        // 000000006720: D644001D 03FE371C 05040100
	v_perm_b32 v28, v26, v25, 0x5040100                        // 00000000672C: D644001C 03FE331A 05040100
	v_perm_b32 v27, v24, v23, 0x5040100                        // 000000006738: D644001B 03FE2F18 05040100
	v_perm_b32 v26, v22, v21, 0x5040100                        // 000000006744: D644001A 03FE2B16 05040100
	v_perm_b32 v25, v20, v19, 0x5040100                        // 000000006750: D6440019 03FE2714 05040100
	v_perm_b32 v24, v17, v15, 0x5040100                        // 00000000675C: D6440018 03FE1F11 05040100
	v_wmma_f32_16x16x16_bf16 v[41:48], v[91:98], v[33:40], v[41:48]// 000000006768: CC414029 1CA6435B
	v_add3_u32 v35, 0x6000, 0, v57                             // 000000006770: D6550023 04E500FF 00006000
	s_delay_alu instid0(VALU_DEP_2)                            // 00000000677C: BF870002
	v_wmma_f32_16x16x16_bf16 v[41:48], v[49:56], v[24:31], v[41:48]// 000000006780: CC414029 1CA63131
	ds_load_u16 v18, v35 offset:7936                           // 000000006788: D8F01F00 12000023
	ds_load_u16 v17, v35 offset:7680                           // 000000006790: D8F01E00 11000023
	ds_load_u16 v16, v35 offset:7424                           // 000000006798: D8F01D00 10000023
	ds_load_u16 v15, v35 offset:7168                           // 0000000067A0: D8F01C00 0F000023
	ds_load_u16 v14, v35 offset:6912                           // 0000000067A8: D8F01B00 0E000023
	ds_load_u16 v13, v35 offset:6656                           // 0000000067B0: D8F01A00 0D000023
	ds_load_u16 v12, v35 offset:6400                           // 0000000067B8: D8F01900 0C000023
	ds_load_u16 v11, v35 offset:6144                           // 0000000067C0: D8F01800 0B000023
	ds_load_u16 v26, v35 offset:3840                           // 0000000067C8: D8F00F00 1A000023
	ds_load_u16 v25, v35 offset:3584                           // 0000000067D0: D8F00E00 19000023
	ds_load_u16 v24, v35 offset:3328                           // 0000000067D8: D8F00D00 18000023
	ds_load_u16 v23, v35 offset:3072                           // 0000000067E0: D8F00C00 17000023
	ds_load_u16 v22, v35 offset:2816                           // 0000000067E8: D8F00B00 16000023
	ds_load_u16 v21, v35 offset:2560                           // 0000000067F0: D8F00A00 15000023
	ds_load_u16 v20, v35 offset:2304                           // 0000000067F8: D8F00900 14000023
	ds_load_u16 v19, v35 offset:2048                           // 000000006800: D8F00800 13000023
	ds_load_u16 v34, v35 offset:1792                           // 000000006808: D8F00700 22000023
	ds_load_u16 v33, v35 offset:1536                           // 000000006810: D8F00600 21000023
	ds_load_u16 v32, v35 offset:1280                           // 000000006818: D8F00500 20000023
	ds_load_u16 v31, v35 offset:1024                           // 000000006820: D8F00400 1F000023
	ds_load_u16 v30, v35 offset:768                            // 000000006828: D8F00300 1E000023
	ds_load_u16 v29, v35 offset:512                            // 000000006830: D8F00200 1D000023
	ds_load_u16 v28, v35 offset:256                            // 000000006838: D8F00100 1C000023
	ds_load_u16 v27, v10 offset:24576                          // 000000006840: D8F06000 1B00000A
	ds_load_u16 v73, v35 offset:5888                           // 000000006848: D8F01700 49000023
	ds_load_u16 v72, v35 offset:5632                           // 000000006850: D8F01600 48000023
	ds_load_u16 v71, v35 offset:5376                           // 000000006858: D8F01500 47000023
	ds_load_u16 v70, v35 offset:5120                           // 000000006860: D8F01400 46000023
	ds_load_u16 v69, v35 offset:4864                           // 000000006868: D8F01300 45000023
	ds_load_u16 v68, v35 offset:4608                           // 000000006870: D8F01200 44000023
	ds_load_u16 v67, v35 offset:4352                           // 000000006878: D8F01100 43000023
	ds_load_u16 v66, v35 offset:4096                           // 000000006880: D8F01000 42000023
	s_waitcnt lgkmcnt(23)                                      // 000000006888: BF89FD77
	ds_load_u16_d16_hi v26, v35 offset:3968                    // 00000000688C: DA9C0F80 1A000023
	s_waitcnt lgkmcnt(23)                                      // 000000006894: BF89FD77
	ds_load_u16_d16_hi v25, v35 offset:3712                    // 000000006898: DA9C0E80 19000023
	s_waitcnt lgkmcnt(23)                                      // 0000000068A0: BF89FD77
	ds_load_u16_d16_hi v24, v35 offset:3456                    // 0000000068A4: DA9C0D80 18000023
	s_waitcnt lgkmcnt(23)                                      // 0000000068AC: BF89FD77
	ds_load_u16_d16_hi v23, v35 offset:3200                    // 0000000068B0: DA9C0C80 17000023
	s_waitcnt lgkmcnt(23)                                      // 0000000068B8: BF89FD77
	ds_load_u16_d16_hi v22, v35 offset:2944                    // 0000000068BC: DA9C0B80 16000023
	s_waitcnt lgkmcnt(23)                                      // 0000000068C4: BF89FD77
	ds_load_u16_d16_hi v21, v35 offset:2688                    // 0000000068C8: DA9C0A80 15000023
	s_waitcnt lgkmcnt(23)                                      // 0000000068D0: BF89FD77
	ds_load_u16_d16_hi v20, v35 offset:2432                    // 0000000068D4: DA9C0980 14000023
	s_waitcnt lgkmcnt(23)                                      // 0000000068DC: BF89FD77
	ds_load_u16_d16_hi v19, v35 offset:2176                    // 0000000068E0: DA9C0880 13000023
	s_waitcnt lgkmcnt(23)                                      // 0000000068E8: BF89FD77
	ds_load_u16_d16_hi v34, v35 offset:1920                    // 0000000068EC: DA9C0780 22000023
	s_waitcnt lgkmcnt(23)                                      // 0000000068F4: BF89FD77
	ds_load_u16_d16_hi v33, v35 offset:1664                    // 0000000068F8: DA9C0680 21000023
	s_waitcnt lgkmcnt(23)                                      // 000000006900: BF89FD77
	ds_load_u16_d16_hi v32, v35 offset:1408                    // 000000006904: DA9C0580 20000023
	s_waitcnt lgkmcnt(23)                                      // 00000000690C: BF89FD77
	ds_load_u16_d16_hi v31, v35 offset:1152                    // 000000006910: DA9C0480 1F000023
	s_waitcnt lgkmcnt(23)                                      // 000000006918: BF89FD77
	ds_load_u16_d16_hi v30, v35 offset:896                     // 00000000691C: DA9C0380 1E000023
	s_waitcnt lgkmcnt(23)                                      // 000000006924: BF89FD77
	ds_load_u16_d16_hi v29, v35 offset:640                     // 000000006928: DA9C0280 1D000023
	s_waitcnt lgkmcnt(23)                                      // 000000006930: BF89FD77
	ds_load_u16_d16_hi v28, v35 offset:384                     // 000000006934: DA9C0180 1C000023
	s_waitcnt lgkmcnt(23)                                      // 00000000693C: BF89FD77
	ds_load_u16_d16_hi v27, v35 offset:128                     // 000000006940: DA9C0080 1B000023
	s_waitcnt lgkmcnt(23)                                      // 000000006948: BF89FD77
	ds_load_u16_d16_hi v73, v35 offset:6016                    // 00000000694C: DA9C1780 49000023
	s_waitcnt lgkmcnt(23)                                      // 000000006954: BF89FD77
	ds_load_u16_d16_hi v72, v35 offset:5760                    // 000000006958: DA9C1680 48000023
	s_waitcnt lgkmcnt(23)                                      // 000000006960: BF89FD77
	ds_load_u16_d16_hi v71, v35 offset:5504                    // 000000006964: DA9C1580 47000023
	s_waitcnt lgkmcnt(23)                                      // 00000000696C: BF89FD77
	ds_load_u16_d16_hi v70, v35 offset:5248                    // 000000006970: DA9C1480 46000023
	s_waitcnt lgkmcnt(23)                                      // 000000006978: BF89FD77
	ds_load_u16_d16_hi v69, v35 offset:4992                    // 00000000697C: DA9C1380 45000023
	s_waitcnt lgkmcnt(23)                                      // 000000006984: BF89FD77
	ds_load_u16_d16_hi v68, v35 offset:4736                    // 000000006988: DA9C1280 44000023
	s_waitcnt lgkmcnt(23)                                      // 000000006990: BF89FD77
	ds_load_u16_d16_hi v67, v35 offset:4480                    // 000000006994: DA9C1180 43000023
	s_waitcnt lgkmcnt(23)                                      // 00000000699C: BF89FD77
	ds_load_u16_d16_hi v66, v35 offset:4224                    // 0000000069A0: DA9C1080 42000023
	ds_load_u16_d16_hi v18, v35 offset:8064                    // 0000000069A8: DA9C1F80 12000023
	ds_load_u16_d16_hi v17, v35 offset:7808                    // 0000000069B0: DA9C1E80 11000023
	ds_load_u16_d16_hi v16, v35 offset:7552                    // 0000000069B8: DA9C1D80 10000023
	ds_load_u16_d16_hi v15, v35 offset:7296                    // 0000000069C0: DA9C1C80 0F000023
	ds_load_u16_d16_hi v14, v35 offset:7040                    // 0000000069C8: DA9C1B80 0E000023
	ds_load_u16_d16_hi v13, v35 offset:6784                    // 0000000069D0: DA9C1A80 0D000023
	ds_load_u16_d16_hi v12, v35 offset:6528                    // 0000000069D8: DA9C1980 0C000023
	ds_load_u16_d16_hi v11, v35 offset:6272                    // 0000000069E0: DA9C1880 0B000023
	v_fmac_f32_e32 v41, v219, v9                               // 0000000069E8: 565213DB
	v_fma_f32 v8, v8, v9, v48                                  // 0000000069EC: D6130008 04C21308
	v_fma_f32 v213, v213, v9, v47                              // 0000000069F4: D61300D5 04BE13D5
	s_waitcnt lgkmcnt(16)                                      // 0000000069FC: BF89FD07
	v_wmma_f32_16x16x16_bf16 v[0:7], v[58:65], v[27:34], v[0:7]// 000000006A00: CC414000 1C02373A
	v_fma_f32 v218, v218, v9, v42                              // 000000006A08: D61300DA 04AA13DA
	v_bfe_u32 v10, v41, 16, 1                                  // 000000006A10: D610000A 02052129
	v_fma_f32 v215, v215, v9, v43                              // 000000006A18: D61300D7 04AE13D7
	v_fma_f32 v217, v217, v9, v46                              // 000000006A20: D61300D9 04BA13D9
	v_wmma_f32_16x16x16_bf16 v[0:7], v[99:106], v[19:26], v[0:7]// 000000006A28: CC414000 1C022763
	v_fma_f32 v216, v216, v9, v45                              // 000000006A30: D61300D8 04B613D8
	v_add3_u32 v10, v41, v10, 0x7fff                           // 000000006A38: D655000A 03FE1529 00007FFF
	v_fma_f32 v214, v214, v9, v44                              // 000000006A44: D61300D6 04B213D6
	v_bfe_u32 v19, v218, 16, 1                                 // 000000006A4C: D6100013 020521DA
	s_waitcnt lgkmcnt(8)                                       // 000000006A54: BF89FC87
	v_wmma_f32_16x16x16_bf16 v[0:7], v[91:98], v[66:73], v[0:7]// 000000006A58: CC414000 1C02855B
	v_bfe_u32 v20, v215, 16, 1                                 // 000000006A60: D6100014 020521D7
	v_mov_b32_e32 v219, v41                                    // 000000006A68: 7FB60329
	v_add3_u32 v19, v218, v19, 0x7fff                          // 000000006A6C: D6550013 03FE27DA 00007FFF
	s_waitcnt lgkmcnt(0)                                       // 000000006A78: BF89FC07
	v_wmma_f32_16x16x16_bf16 v[0:7], v[49:56], v[11:18], v[0:7]// 000000006A7C: CC414000 1C021731
	v_lshrrev_b32_e32 v50, 16, v10                             // 000000006A84: 32641490
	v_bfe_u32 v10, v214, 16, 1                                 // 000000006A88: D610000A 020521D6
	v_bfe_u32 v11, v216, 16, 1                                 // 000000006A90: D610000B 020521D8
	v_bfe_u32 v12, v217, 16, 1                                 // 000000006A98: D610000C 020521D9
	v_bfe_u32 v13, v213, 16, 1                                 // 000000006AA0: D610000D 020521D5
	v_bfe_u32 v14, v8, 16, 1                                   // 000000006AA8: D610000E 02052108
	v_add3_u32 v20, v215, v20, 0x7fff                          // 000000006AB0: D6550014 03FE29D7 00007FFF
	v_add3_u32 v10, v214, v10, 0x7fff                          // 000000006ABC: D655000A 03FE15D6 00007FFF
	v_add3_u32 v11, v216, v11, 0x7fff                          // 000000006AC8: D655000B 03FE17D8 00007FFF
	v_add3_u32 v12, v217, v12, 0x7fff                          // 000000006AD4: D655000C 03FE19D9 00007FFF
	v_add3_u32 v13, v213, v13, 0x7fff                          // 000000006AE0: D655000D 03FE1BD5 00007FFF
	v_add3_u32 v14, v8, v14, 0x7fff                            // 000000006AEC: D655000E 03FE1D08 00007FFF
	v_lshrrev_b32_e32 v49, 16, v19                             // 000000006AF8: 32622690
	v_lshrrev_b32_e32 v51, 16, v20                             // 000000006AFC: 32662890
	v_lshrrev_b32_e32 v52, 16, v10                             // 000000006B00: 32681490
	v_lshrrev_b32_e32 v53, 16, v11                             // 000000006B04: 326A1690
	v_lshrrev_b32_e32 v54, 16, v12                             // 000000006B08: 326C1890
	v_lshrrev_b32_e32 v56, 16, v13                             // 000000006B0C: 32701A90
	v_lshrrev_b32_e32 v55, 16, v14                             // 000000006B10: 326E1C90
	s_branch 7                                                 // 000000006B14: BFA00007 <chunk_gated_delta_rule_fwd_kernel_h_blockdim64+0x5234>
	v_dual_mov_b32 v2, 0 :: v_dual_mov_b32 v1, 0               // 000000006B18: CA100080 02000080
	v_dual_mov_b32 v4, 0 :: v_dual_mov_b32 v3, 0               // 000000006B20: CA100080 04020080
	v_dual_mov_b32 v6, 0 :: v_dual_mov_b32 v5, 0               // 000000006B28: CA100080 06040080
	v_mov_b32_e32 v7, 0                                        // 000000006B30: 7E0E0280
	v_cmp_o_f32_e32 vcc_lo, v219, v219                         // 000000006B34: 7C2FB7DB
	v_cndmask_b32_e32 v10, 0x7fff, v50, vcc_lo                 // 000000006B38: 021464FF 00007FFF
	v_cmp_o_f32_e32 vcc_lo, v218, v218                         // 000000006B40: 7C2FB5DA
	v_cndmask_b32_e32 v11, 0x7fff, v49, vcc_lo                 // 000000006B44: 021662FF 00007FFF
	v_cmp_o_f32_e32 vcc_lo, v215, v215                         // 000000006B4C: 7C2FAFD7
	v_cndmask_b32_e32 v12, 0x7fff, v51, vcc_lo                 // 000000006B50: 021866FF 00007FFF
	v_cmp_o_f32_e32 vcc_lo, v214, v214                         // 000000006B58: 7C2FADD6
	s_delay_alu instid0(VALU_DEP_2) | instskip(SKIP_2) | instid1(VALU_DEP_2)// 000000006B5C: BF870132
	v_perm_b32 v10, v12, v10, 0x5040100                        // 000000006B60: D644000A 03FE150C 05040100
	v_cndmask_b32_e32 v13, 0x7fff, v52, vcc_lo                 // 000000006B6C: 021A68FF 00007FFF
	v_cmp_o_f32_e32 vcc_lo, v216, v216                         // 000000006B74: 7C2FB1D8
	v_perm_b32 v11, v13, v11, 0x5040100                        // 000000006B78: D644000B 03FE170D 05040100
	v_cndmask_b32_e32 v14, 0x7fff, v53, vcc_lo                 // 000000006B84: 021C6AFF 00007FFF
	v_cmp_o_f32_e32 vcc_lo, v217, v217                         // 000000006B8C: 7C2FB3D9
	v_cndmask_b32_e32 v15, 0x7fff, v54, vcc_lo                 // 000000006B90: 021E6CFF 00007FFF
	v_cmp_o_f32_e32 vcc_lo, v213, v213                         // 000000006B98: 7C2FABD5
	v_cndmask_b32_e32 v16, 0x7fff, v56, vcc_lo                 // 000000006B9C: 022070FF 00007FFF
	v_cmp_o_f32_e32 vcc_lo, v8, v8                             // 000000006BA4: 7C2E1108
	s_delay_alu instid0(VALU_DEP_2) | instskip(SKIP_1) | instid1(VALU_DEP_1)// 000000006BA8: BF8700A2
	v_perm_b32 v12, v16, v14, 0x5040100                        // 000000006BAC: D644000C 03FE1D10 05040100
	v_cndmask_b32_e32 v8, 0x7fff, v55, vcc_lo                  // 000000006BB8: 02106EFF 00007FFF
	v_perm_b32 v8, v8, v15, 0x5040100                          // 000000006BC0: D6440008 03FE1F08 05040100
	ds_store_2addr_b32 v205, v10, v12 offset1:32               // 000000006BCC: D8382000 000C0ACD
	ds_store_2addr_b32 v206, v11, v8 offset1:32                // 000000006BD4: D8382000 00080BCE
	s_waitcnt lgkmcnt(0)                                       // 000000006BDC: BF89FC07
	s_barrier                                                  // 000000006BE0: BFBD0000
	buffer_gl0_inv                                             // 000000006BE4: E0AC0000 00000000
	s_and_saveexec_b32 s0, s17                                 // 000000006BEC: BE802011
	s_cbranch_execz 37                                         // 000000006BF0: BFA50025 <chunk_gated_delta_rule_fwd_kernel_h_blockdim64+0x5388>
	ds_load_u16 v8, v197                                       // 000000006BF4: D8F00000 080000C5
	ds_load_u16 v10, v199                                      // 000000006BFC: D8F00000 0A0000C7
	ds_load_u16 v11, v200 offset:1024                          // 000000006C04: D8F00400 0B0000C8
	ds_load_u16 v12, v198 offset:1024                          // 000000006C0C: D8F00400 0C0000C6
	ds_load_u16 v13, v203 offset:2048                          // 000000006C14: D8F00800 0D0000CB
	ds_load_u16 v14, v204 offset:2048                          // 000000006C1C: D8F00800 0E0000CC
	ds_load_u16 v15, v201 offset:3072                          // 000000006C24: D8F00C00 0F0000C9
	ds_load_u16 v16, v202 offset:3072                          // 000000006C2C: D8F00C00 100000CA
	s_waitcnt lgkmcnt(6)                                       // 000000006C34: BF89FC67
	v_perm_b32 v10, v10, v8, 0x5040100                         // 000000006C38: D644000A 03FE110A 05040100
	s_waitcnt lgkmcnt(4)                                       // 000000006C44: BF89FC47
	v_perm_b32 v11, v12, v11, 0x5040100                        // 000000006C48: D644000B 03FE170C 05040100
	s_waitcnt lgkmcnt(2)                                       // 000000006C54: BF89FC27
	v_perm_b32 v12, v14, v13, 0x5040100                        // 000000006C58: D644000C 03FE1B0E 05040100
	s_waitcnt lgkmcnt(0)                                       // 000000006C64: BF89FC07
	v_perm_b32 v13, v16, v15, 0x5040100                        // 000000006C68: D644000D 03FE1F10 05040100
	scratch_load_b64 v[14:15], off, off offset:28              // 000000006C74: DC55001C 0E7C0000
	s_waitcnt vmcnt(0)                                         // 000000006C7C: BF8903F7
	global_store_b128 v[14:15], v[10:13], off                  // 000000006C80: DC760000 007C0A0E
	s_or_b32 exec_lo, exec_lo, s0                              // 000000006C88: 8C7E007E
	v_fmac_f32_e32 v0, v212, v9                                // 000000006C8C: 560013D4
	v_fmac_f32_e32 v2, v210, v9                                // 000000006C90: 560413D2
	v_fmac_f32_e32 v3, v211, v9                                // 000000006C94: 560613D3
	v_fmac_f32_e32 v4, v208, v9                                // 000000006C98: 560813D0
	v_fmac_f32_e32 v6, v209, v9                                // 000000006C9C: 560C13D1
	v_cndmask_b32_e64 v0, v212, v0, s2                         // 000000006CA0: D5010000 000A01D4
	v_cndmask_b32_e64 v2, v210, v2, s2                         // 000000006CA8: D5010002 000A05D2
	v_fmac_f32_e32 v5, v85, v9                                 // 000000006CB0: 560A1355
	v_fmac_f32_e32 v7, v86, v9                                 // 000000006CB4: 560E1356
	v_cndmask_b32_e64 v3, v211, v3, s2                         // 000000006CB8: D5010003 000A07D3
	v_bfe_u32 v8, v0, 16, 1                                    // 000000006CC0: D6100008 02052100
	v_cmp_o_f32_e32 vcc_lo, v0, v0                             // 000000006CC8: 7C2E0100
	v_cndmask_b32_e64 v6, v209, v6, s2                         // 000000006CCC: D5010006 000A0DD1
	v_cndmask_b32_e64 v4, v208, v4, s2                         // 000000006CD4: D5010004 000A09D0
	v_bfe_u32 v11, v3, 16, 1                                   // 000000006CDC: D610000B 02052103
	v_add3_u32 v8, v0, v8, 0x7fff                              // 000000006CE4: D6550008 03FE1100 00007FFF
	v_cndmask_b32_e64 v5, v85, v5, s2                          // 000000006CF0: D5010005 000A0B55
	v_cndmask_b32_e64 v7, v86, v7, s2                          // 000000006CF8: D5010007 000A0F56
	s_waitcnt_vscnt null, 0x0                                  // 000000006D00: BC7C0000
	s_barrier                                                  // 000000006D04: BFBD0000
	v_lshrrev_b32_e32 v8, 16, v8                               // 000000006D08: 32101090
	v_fmac_f32_e32 v1, v207, v9                                // 000000006D0C: 560213CF
	v_bfe_u32 v9, v2, 16, 1                                    // 000000006D10: D6100009 02052102
	v_bfe_u32 v12, v7, 16, 1                                   // 000000006D18: D610000C 02052107
	buffer_gl0_inv                                             // 000000006D20: E0AC0000 00000000
	v_cndmask_b32_e32 v0, 0x7fff, v8, vcc_lo                   // 000000006D28: 020010FF 00007FFF
	v_cndmask_b32_e64 v1, v207, v1, s2                         // 000000006D30: D5010001 000A03CF
	v_add3_u32 v9, v2, v9, 0x7fff                              // 000000006D38: D6550009 03FE1302 00007FFF
	v_cmp_o_f32_e32 vcc_lo, v2, v2                             // 000000006D44: 7C2E0502
	v_add3_u32 v8, v3, v11, 0x7fff                             // 000000006D48: D6550008 03FE1703 00007FFF
	v_bfe_u32 v11, v4, 16, 1                                   // 000000006D54: D610000B 02052104
	v_bfe_u32 v10, v1, 16, 1                                   // 000000006D5C: D610000A 02052101
	v_lshrrev_b32_e32 v9, 16, v9                               // 000000006D64: 32121290
	s_delay_alu instid0(VALU_DEP_4) | instskip(NEXT) | instid1(VALU_DEP_3)// 000000006D68: BF870194
	v_lshrrev_b32_e32 v8, 16, v8                               // 000000006D6C: 32101090
	v_add3_u32 v10, v1, v10, 0x7fff                            // 000000006D70: D655000A 03FE1501 00007FFF
	s_delay_alu instid0(VALU_DEP_3) | instskip(SKIP_1) | instid1(VALU_DEP_3)// 000000006D7C: BF8701A3
	v_cndmask_b32_e32 v2, 0x7fff, v9, vcc_lo                   // 000000006D80: 020412FF 00007FFF
	v_cmp_o_f32_e32 vcc_lo, v1, v1                             // 000000006D88: 7C2E0301
	v_lshrrev_b32_e32 v9, 16, v10                              // 000000006D8C: 32121490
	v_bfe_u32 v10, v6, 16, 1                                   // 000000006D90: D610000A 02052106
	s_delay_alu instid0(VALU_DEP_4) | instskip(NEXT) | instid1(VALU_DEP_3)// 000000006D98: BF870194
	v_perm_b32 v0, v2, v0, 0x5040100                           // 000000006D9C: D6440000 03FE0102 05040100
	v_cndmask_b32_e32 v1, 0x7fff, v9, vcc_lo                   // 000000006DA8: 020212FF 00007FFF
	s_delay_alu instid0(VALU_DEP_3) | instskip(SKIP_3) | instid1(VALU_DEP_4)// 000000006DB0: BF870243
	v_add3_u32 v9, v6, v10, 0x7fff                             // 000000006DB4: D6550009 03FE1506 00007FFF
	v_add3_u32 v10, v4, v11, 0x7fff                            // 000000006DC0: D655000A 03FE1704 00007FFF
	v_cmp_o_f32_e32 vcc_lo, v3, v3                             // 000000006DCC: 7C2E0703
	v_bfe_u32 v11, v5, 16, 1                                   // 000000006DD0: D610000B 02052105
	v_lshrrev_b32_e32 v9, 16, v9                               // 000000006DD8: 32121290
	v_cndmask_b32_e32 v3, 0x7fff, v8, vcc_lo                   // 000000006DDC: 020610FF 00007FFF
	v_lshrrev_b32_e32 v8, 16, v10                              // 000000006DE4: 32101490
	v_cmp_o_f32_e32 vcc_lo, v4, v4                             // 000000006DE8: 7C2E0904
	v_add3_u32 v10, v5, v11, 0x7fff                            // 000000006DEC: D655000A 03FE1705 00007FFF
	v_add3_u32 v11, v7, v12, 0x7fff                            // 000000006DF8: D655000B 03FE1907 00007FFF
	v_perm_b32 v1, v3, v1, 0x5040100                           // 000000006E04: D6440001 03FE0303 05040100
	v_cndmask_b32_e32 v4, 0x7fff, v8, vcc_lo                   // 000000006E10: 020810FF 00007FFF
	v_cmp_o_f32_e32 vcc_lo, v6, v6                             // 000000006E18: 7C2E0D06
	v_lshrrev_b32_e32 v8, 16, v10                              // 000000006E1C: 32101490
	v_lshrrev_b32_e32 v10, 16, v11                             // 000000006E20: 32141690
	v_cndmask_b32_e32 v6, 0x7fff, v9, vcc_lo                   // 000000006E24: 020C12FF 00007FFF
	v_cmp_o_f32_e32 vcc_lo, v5, v5                             // 000000006E2C: 7C2E0B05
	s_delay_alu instid0(VALU_DEP_2) | instskip(SKIP_3) | instid1(VALU_DEP_1)// 000000006E30: BF8700C2
	v_perm_b32 v2, v6, v4, 0x5040100                           // 000000006E34: D6440002 03FE0906 05040100
	v_cndmask_b32_e32 v5, 0x7fff, v8, vcc_lo                   // 000000006E40: 020A10FF 00007FFF
	v_cmp_o_f32_e32 vcc_lo, v7, v7                             // 000000006E48: 7C2E0F07
	v_cndmask_b32_e32 v7, 0x7fff, v10, vcc_lo                  // 000000006E4C: 020E14FF 00007FFF
	v_perm_b32 v3, v7, v5, 0x5040100                           // 000000006E54: D6440003 03FE0B07 05040100
	ds_store_2addr_b32 v205, v0, v2 offset1:32                 // 000000006E60: D8382000 000200CD
	ds_store_2addr_b32 v206, v1, v3 offset1:32                 // 000000006E68: D8382000 000301CE
	s_waitcnt lgkmcnt(0)                                       // 000000006E70: BF89FC07
	s_barrier                                                  // 000000006E74: BFBD0000
	buffer_gl0_inv                                             // 000000006E78: E0AC0000 00000000
	s_and_saveexec_b32 s0, s17                                 // 000000006E80: BE802011
	s_cbranch_execz 37                                         // 000000006E84: BFA50025 <chunk_gated_delta_rule_fwd_kernel_h_blockdim64+0x561c>
	ds_load_u16 v0, v197                                       // 000000006E88: D8F00000 000000C5
	ds_load_u16 v1, v199                                       // 000000006E90: D8F00000 010000C7
	ds_load_u16 v2, v200 offset:1024                           // 000000006E98: D8F00400 020000C8
	ds_load_u16 v3, v198 offset:1024                           // 000000006EA0: D8F00400 030000C6
	ds_load_u16 v4, v203 offset:2048                           // 000000006EA8: D8F00800 040000CB
	ds_load_u16 v5, v204 offset:2048                           // 000000006EB0: D8F00800 050000CC
	ds_load_u16 v6, v201 offset:3072                           // 000000006EB8: D8F00C00 060000C9
	ds_load_u16 v7, v202 offset:3072                           // 000000006EC0: D8F00C00 070000CA
	s_waitcnt lgkmcnt(6)                                       // 000000006EC8: BF89FC67
	v_perm_b32 v0, v1, v0, 0x5040100                           // 000000006ECC: D6440000 03FE0101 05040100
	s_waitcnt lgkmcnt(4)                                       // 000000006ED8: BF89FC47
	v_perm_b32 v1, v3, v2, 0x5040100                           // 000000006EDC: D6440001 03FE0503 05040100
	s_waitcnt lgkmcnt(2)                                       // 000000006EE8: BF89FC27
	v_perm_b32 v2, v5, v4, 0x5040100                           // 000000006EEC: D6440002 03FE0905 05040100
	scratch_load_b64 v[4:5], off, off offset:20                // 000000006EF8: DC550014 047C0000
	s_waitcnt lgkmcnt(0)                                       // 000000006F00: BF89FC07
	v_perm_b32 v3, v7, v6, 0x5040100                           // 000000006F04: D6440003 03FE0D07 05040100
	s_waitcnt vmcnt(0)                                         // 000000006F10: BF8903F7
	global_store_b128 v[4:5], v[0:3], off offset:128           // 000000006F14: DC760080 007C0004
	s_nop 0                                                    // 000000006F1C: BF800000
	s_sendmsg sendmsg(MSG_DEALLOC_VGPRS)                       // 000000006F20: BFB60003
	s_endpgm                                                   // 000000006F24: BFB00000
	s_code_end                                                 // 000000006F28: BF9F0000
	s_code_end                                                 // 000000006F2C: BF9F0000
	s_code_end                                                 // 000000006F30: BF9F0000
	s_code_end                                                 // 000000006F34: BF9F0000
	s_code_end                                                 // 000000006F38: BF9F0000
	s_code_end                                                 // 000000006F3C: BF9F0000
	s_code_end                                                 // 000000006F40: BF9F0000
	s_code_end                                                 // 000000006F44: BF9F0000
	s_code_end                                                 // 000000006F48: BF9F0000
	s_code_end                                                 // 000000006F4C: BF9F0000
	s_code_end                                                 // 000000006F50: BF9F0000
	s_code_end                                                 // 000000006F54: BF9F0000
	s_code_end                                                 // 000000006F58: BF9F0000
	s_code_end                                                 // 000000006F5C: BF9F0000
	s_code_end                                                 // 000000006F60: BF9F0000
	s_code_end                                                 // 000000006F64: BF9F0000
	s_code_end                                                 // 000000006F68: BF9F0000
	s_code_end                                                 // 000000006F6C: BF9F0000
	s_code_end                                                 // 000000006F70: BF9F0000
	s_code_end                                                 // 000000006F74: BF9F0000
	s_code_end                                                 // 000000006F78: BF9F0000
	s_code_end                                                 // 000000006F7C: BF9F0000
	s_code_end                                                 // 000000006F80: BF9F0000
	s_code_end                                                 // 000000006F84: BF9F0000
	s_code_end                                                 // 000000006F88: BF9F0000
	s_code_end                                                 // 000000006F8C: BF9F0000
	s_code_end                                                 // 000000006F90: BF9F0000
	s_code_end                                                 // 000000006F94: BF9F0000
	s_code_end                                                 // 000000006F98: BF9F0000
	s_code_end                                                 // 000000006F9C: BF9F0000
	s_code_end                                                 // 000000006FA0: BF9F0000
	s_code_end                                                 // 000000006FA4: BF9F0000
	s_code_end                                                 // 000000006FA8: BF9F0000
	s_code_end                                                 // 000000006FAC: BF9F0000
	s_code_end                                                 // 000000006FB0: BF9F0000
	s_code_end                                                 // 000000006FB4: BF9F0000
	s_code_end                                                 // 000000006FB8: BF9F0000
	s_code_end                                                 // 000000006FBC: BF9F0000
	s_code_end                                                 // 000000006FC0: BF9F0000
	s_code_end                                                 // 000000006FC4: BF9F0000
	s_code_end                                                 // 000000006FC8: BF9F0000
	s_code_end                                                 // 000000006FCC: BF9F0000
	s_code_end                                                 // 000000006FD0: BF9F0000
	s_code_end                                                 // 000000006FD4: BF9F0000
	s_code_end                                                 // 000000006FD8: BF9F0000
	s_code_end                                                 // 000000006FDC: BF9F0000
	s_code_end                                                 // 000000006FE0: BF9F0000
	s_code_end                                                 // 000000006FE4: BF9F0000
	s_code_end                                                 // 000000006FE8: BF9F0000
	s_code_end                                                 // 000000006FEC: BF9F0000
	s_code_end                                                 // 000000006FF0: BF9F0000
	s_code_end                                                 // 000000006FF4: BF9F0000
	s_code_end                                                 // 000000006FF8: BF9F0000
	s_code_end                                                 // 000000006FFC: BF9F0000
	s_code_end                                                 // 000000007000: BF9F0000
	s_code_end                                                 // 000000007004: BF9F0000
	s_code_end                                                 // 000000007008: BF9F0000
	s_code_end                                                 // 00000000700C: BF9F0000
	s_code_end                                                 // 000000007010: BF9F0000
	s_code_end                                                 // 000000007014: BF9F0000
	s_code_end                                                 // 000000007018: BF9F0000
	s_code_end                                                 // 00000000701C: BF9F0000
	s_code_end                                                 // 000000007020: BF9F0000
	s_code_end                                                 // 000000007024: BF9F0000
	s_code_end                                                 // 000000007028: BF9F0000
	s_code_end                                                 // 00000000702C: BF9F0000
	s_code_end                                                 // 000000007030: BF9F0000
	s_code_end                                                 // 000000007034: BF9F0000
	s_code_end                                                 // 000000007038: BF9F0000
	s_code_end                                                 // 00000000703C: BF9F0000
	s_code_end                                                 // 000000007040: BF9F0000
	s_code_end                                                 // 000000007044: BF9F0000
	s_code_end                                                 // 000000007048: BF9F0000
	s_code_end                                                 // 00000000704C: BF9F0000
	s_code_end                                                 // 000000007050: BF9F0000
	s_code_end                                                 // 000000007054: BF9F0000
	s_code_end                                                 // 000000007058: BF9F0000
	s_code_end                                                 // 00000000705C: BF9F0000
	s_code_end                                                 // 000000007060: BF9F0000
	s_code_end                                                 // 000000007064: BF9F0000
	s_code_end                                                 // 000000007068: BF9F0000
	s_code_end                                                 // 00000000706C: BF9F0000
	s_code_end                                                 // 000000007070: BF9F0000
	s_code_end                                                 // 000000007074: BF9F0000
	s_code_end                                                 // 000000007078: BF9F0000
	s_code_end                                                 // 00000000707C: BF9F0000
	s_code_end                                                 // 000000007080: BF9F0000
	s_code_end                                                 // 000000007084: BF9F0000
	s_code_end                                                 // 000000007088: BF9F0000
	s_code_end                                                 // 00000000708C: BF9F0000
	s_code_end                                                 // 000000007090: BF9F0000
	s_code_end                                                 // 000000007094: BF9F0000
	s_code_end                                                 // 000000007098: BF9F0000
	s_code_end                                                 // 00000000709C: BF9F0000
	s_code_end                                                 // 0000000070A0: BF9F0000
	s_code_end                                                 // 0000000070A4: BF9F0000
	s_code_end                                                 // 0000000070A8: BF9F0000
	s_code_end                                                 // 0000000070AC: BF9F0000
	s_code_end                                                 // 0000000070B0: BF9F0000
	s_code_end                                                 // 0000000070B4: BF9F0000
	s_code_end                                                 // 0000000070B8: BF9F0000
	s_code_end                                                 // 0000000070BC: BF9F0000
	s_code_end                                                 // 0000000070C0: BF9F0000
	s_code_end                                                 // 0000000070C4: BF9F0000
	s_code_end                                                 // 0000000070C8: BF9F0000
	s_code_end                                                 // 0000000070CC: BF9F0000
	s_code_end                                                 // 0000000070D0: BF9F0000
	s_code_end                                                 // 0000000070D4: BF9F0000
	s_code_end                                                 // 0000000070D8: BF9F0000
	s_code_end                                                 // 0000000070DC: BF9F0000
	s_code_end                                                 // 0000000070E0: BF9F0000
	s_code_end                                                 // 0000000070E4: BF9F0000
	s_code_end                                                 // 0000000070E8: BF9F0000
	s_code_end                                                 // 0000000070EC: BF9F0000
	s_code_end                                                 // 0000000070F0: BF9F0000
	s_code_end                                                 // 0000000070F4: BF9F0000
	s_code_end                                                 // 0000000070F8: BF9F0000
	s_code_end                                                 // 0000000070FC: BF9F0000
