
/root/netra-mxfp4-gfx1151/build/experiments/attention-qpipe/extend_attention_wmma_n64_gfx1151.hsaco:	file format elf64-amdgpu

Disassembly of section .text:

0000000000001900 <extend_attention_wmma_n64_gfx1151>:
	s_clause 0x3                                               // 000000001900: BF850003
	s_load_b128 s[4:7], s[0:1], null                           // 000000001904: F4080100 F8000000
	s_load_b128 s[8:11], s[0:1], 0x10                          // 00000000190C: F4080200 F8000010
	s_load_b128 s[12:15], s[0:1], 0x20                         // 000000001914: F4080300 F8000020
	s_load_b128 s[16:19], s[0:1], 0x30                         // 00000000191C: F4080400 F8000030
	s_load_b64 s[20:21], s[0:1], 0x40                          // 000000001924: F4040500 F8000040
	s_waitcnt lgkmcnt(0)                                       // 00000000192C: BF89FC07
	s_load_b32 s22, s[18:19], 0x4                              // 000000001930: F4000589 F8000004
	s_waitcnt lgkmcnt(0)                                       // 000000001938: BF89FC07
	s_mov_b32 s18, s20                                         // 00000000193C: BE920014
	s_mov_b32 s19, s22                                         // 000000001940: BE930016
	s_mov_b32 s20, s21                                         // 000000001944: BE940015
	s_lshl_b32 s21, s2, 6                                      // 000000001948: 84158602
	s_cmp_ge_u32 s21, s18                                      // 00000000194C: BF091215
	s_cbranch_scc1 9619                                        // 000000001950: BFA22593 <extend_attention_wmma_n64_gfx1151+0x96a0>
	s_lshr_b32 s23, s3, 3                                      // 000000001954: 85178303
	s_lshl_b32 s24, s3, 9                                      // 000000001958: 84188903
	s_lshl_b32 s25, s23, 9                                     // 00000000195C: 84198917
	s_add_u32 s26, s21, 64                                     // 000000001960: 801AC015
	s_min_u32 s26, s26, s18                                    // 000000001964: 899A121A
	s_add_u32 s27, s19, s26                                    // 000000001968: 801B1A13
	s_mov_b32 s28, 0                                           // 00000000196C: BE9C0080
	v_and_b32_e32 v1, 31, v0                                   // 000000001970: 3602009F
	v_lshrrev_b32_e32 v2, 5, v0                                // 000000001974: 32040085
	v_and_b32_e32 v3, 15, v0                                   // 000000001978: 3606008F
	v_lshrrev_b32_e32 v4, 4, v0                                // 00000000197C: 32080084
	v_and_b32_e32 v4, 1, v4                                    // 000000001980: 36080881
	v_readfirstlane_b32 s29, v2                                // 000000001984: 7E3A0502
	v_lshlrev_b32_e32 v229, 4, v1                              // 000000001988: 31CA0284
	v_lshlrev_b32_e32 v231, 4, v2                              // 00000000198C: 31CE0484
	v_add_nc_u32_e32 v231, s21, v231                           // 000000001990: 4BCFCE15
	v_add_nc_u32_e32 v231, v231, v3                            // 000000001994: 4BCE07E7
	v_lshlrev_b32_e32 v240, 13, v231                           // 000000001998: 31E1CE8D
	v_add_nc_u32_e32 v240, s24, v240                           // 00000000199C: 4BE1E018
	v_lshl_add_u32 v240, v4, 4, v240                           // 0000000019A0: D64600F0 07C10904
	v_lshlrev_b32_e32 v5, 13, v2                               // 0000000019A8: 300A048D
	v_lshl_add_u32 v5, v3, 9, v5                               // 0000000019AC: D6460005 04151303
	v_lshl_add_u32 v5, v4, 4, v5                               // 0000000019B4: D6460005 04150904
	global_load_b128 v[192:195], v240, s[4:5]                  // 0000000019BC: DC5E0000 C00400F0
	global_load_b128 v[196:199], v240, s[4:5] offset:32        // 0000000019C4: DC5E0020 C40400F0
	global_load_b128 v[200:203], v240, s[4:5] offset:64        // 0000000019CC: DC5E0040 C80400F0
	global_load_b128 v[204:207], v240, s[4:5] offset:96        // 0000000019D4: DC5E0060 CC0400F0
	global_load_b128 v[208:211], v240, s[4:5] offset:128       // 0000000019DC: DC5E0080 D00400F0
	global_load_b128 v[212:215], v240, s[4:5] offset:160       // 0000000019E4: DC5E00A0 D40400F0
	global_load_b128 v[216:219], v240, s[4:5] offset:192       // 0000000019EC: DC5E00C0 D80400F0
	global_load_b128 v[220:223], v240, s[4:5] offset:224       // 0000000019F4: DC5E00E0 DC0400F0
	s_waitcnt vmcnt(0)                                         // 0000000019FC: BF8903F7
	ds_store_b128 v5, v[192:195]                               // 000000001A00: DB7C0000 0000C005
	ds_store_b128 v5, v[196:199] offset:32                     // 000000001A08: DB7C0020 0000C405
	ds_store_b128 v5, v[200:203] offset:64                     // 000000001A10: DB7C0040 0000C805
	ds_store_b128 v5, v[204:207] offset:96                     // 000000001A18: DB7C0060 0000CC05
	ds_store_b128 v5, v[208:211] offset:128                    // 000000001A20: DB7C0080 0000D005
	ds_store_b128 v5, v[212:215] offset:160                    // 000000001A28: DB7C00A0 0000D405
	ds_store_b128 v5, v[216:219] offset:192                    // 000000001A30: DB7C00C0 0000D805
	ds_store_b128 v5, v[220:223] offset:224                    // 000000001A38: DB7C00E0 0000DC05
	global_load_b128 v[192:195], v240, s[4:5] offset:256       // 000000001A40: DC5E0100 C00400F0
	global_load_b128 v[196:199], v240, s[4:5] offset:288       // 000000001A48: DC5E0120 C40400F0
	global_load_b128 v[200:203], v240, s[4:5] offset:320       // 000000001A50: DC5E0140 C80400F0
	global_load_b128 v[204:207], v240, s[4:5] offset:352       // 000000001A58: DC5E0160 CC0400F0
	global_load_b128 v[208:211], v240, s[4:5] offset:384       // 000000001A60: DC5E0180 D00400F0
	global_load_b128 v[212:215], v240, s[4:5] offset:416       // 000000001A68: DC5E01A0 D40400F0
	global_load_b128 v[216:219], v240, s[4:5] offset:448       // 000000001A70: DC5E01C0 D80400F0
	global_load_b128 v[220:223], v240, s[4:5] offset:480       // 000000001A78: DC5E01E0 DC0400F0
	s_waitcnt vmcnt(0)                                         // 000000001A80: BF8903F7
	ds_store_b128 v5, v[192:195] offset:256                    // 000000001A84: DB7C0100 0000C005
	ds_store_b128 v5, v[196:199] offset:288                    // 000000001A8C: DB7C0120 0000C405
	ds_store_b128 v5, v[200:203] offset:320                    // 000000001A94: DB7C0140 0000C805
	ds_store_b128 v5, v[204:207] offset:352                    // 000000001A9C: DB7C0160 0000CC05
	ds_store_b128 v5, v[208:211] offset:384                    // 000000001AA4: DB7C0180 0000D005
	ds_store_b128 v5, v[212:215] offset:416                    // 000000001AAC: DB7C01A0 0000D405
	ds_store_b128 v5, v[216:219] offset:448                    // 000000001AB4: DB7C01C0 0000D805
	ds_store_b128 v5, v[220:223] offset:480                    // 000000001ABC: DB7C01E0 0000DC05
	s_waitcnt lgkmcnt(0)                                       // 000000001AC4: BF89FC07
	s_barrier                                                  // 000000001AC8: BFBD0000
	v_lshlrev_b32_e32 v6, 4, v2                                // 000000001ACC: 300C0484
	v_add_nc_u32_e32 v6, s21, v6                               // 000000001AD0: 4A0C0C15
	v_add_nc_u32_e32 v6, v6, v4                                // 000000001AD4: 4A0C0906
	v_lshlrev_b32_e32 v231, 13, v2                             // 000000001AD8: 31CE048D
	v_lshl_add_u32 v232, v4, 7, v231                           // 000000001ADC: D64600E8 079D0F04
	v_lshl_add_u32 v232, v3, 1, v232                           // 000000001AE4: D64600E8 07A10303
	v_add_nc_u32_e32 v232, 0x1800, v232                        // 000000001AEC: 4BD1D0FF 00001800
	v_lshl_add_u32 v233, v3, 7, v231                           // 000000001AF4: D64600E9 079D0F03
	v_lshl_add_u32 v233, v4, 4, v233                           // 000000001AFC: D64600E9 07A50904
	v_add_nc_u32_e32 v233, 0x1800, v233                        // 000000001B04: 4BD3D2FF 00001800
	v_mov_b32_e32 v32, 0xff800000                              // 000000001B0C: 7E4002FF FF800000
	v_mov_b32_e32 v33, v32                                     // 000000001B14: 7E420320
	v_mov_b32_e32 v34, v32                                     // 000000001B18: 7E440320
	v_mov_b32_e32 v35, v32                                     // 000000001B1C: 7E460320
	v_mov_b32_e32 v36, v32                                     // 000000001B20: 7E480320
	v_mov_b32_e32 v37, v32                                     // 000000001B24: 7E4A0320
	v_mov_b32_e32 v38, v32                                     // 000000001B28: 7E4C0320
	v_mov_b32_e32 v39, v32                                     // 000000001B2C: 7E4E0320
	v_dual_mov_b32 v40, 0 :: v_dual_mov_b32 v41, 0             // 000000001B30: CA100080 28280080
	v_dual_mov_b32 v42, 0 :: v_dual_mov_b32 v43, 0             // 000000001B38: CA100080 2A2A0080
	v_dual_mov_b32 v44, 0 :: v_dual_mov_b32 v45, 0             // 000000001B40: CA100080 2C2C0080
	v_dual_mov_b32 v46, 0 :: v_dual_mov_b32 v47, 0             // 000000001B48: CA100080 2E2E0080
	v_dual_mov_b32 v64, 0 :: v_dual_mov_b32 v65, 0             // 000000001B50: CA100080 40400080
	v_dual_mov_b32 v66, 0 :: v_dual_mov_b32 v67, 0             // 000000001B58: CA100080 42420080
	v_dual_mov_b32 v68, 0 :: v_dual_mov_b32 v69, 0             // 000000001B60: CA100080 44440080
	v_dual_mov_b32 v70, 0 :: v_dual_mov_b32 v71, 0             // 000000001B68: CA100080 46460080
	v_dual_mov_b32 v72, 0 :: v_dual_mov_b32 v73, 0             // 000000001B70: CA100080 48480080
	v_dual_mov_b32 v74, 0 :: v_dual_mov_b32 v75, 0             // 000000001B78: CA100080 4A4A0080
	v_dual_mov_b32 v76, 0 :: v_dual_mov_b32 v77, 0             // 000000001B80: CA100080 4C4C0080
	v_dual_mov_b32 v78, 0 :: v_dual_mov_b32 v79, 0             // 000000001B88: CA100080 4E4E0080
	v_dual_mov_b32 v80, 0 :: v_dual_mov_b32 v81, 0             // 000000001B90: CA100080 50500080
	v_dual_mov_b32 v82, 0 :: v_dual_mov_b32 v83, 0             // 000000001B98: CA100080 52520080
	v_dual_mov_b32 v84, 0 :: v_dual_mov_b32 v85, 0             // 000000001BA0: CA100080 54540080
	v_dual_mov_b32 v86, 0 :: v_dual_mov_b32 v87, 0             // 000000001BA8: CA100080 56560080
	v_dual_mov_b32 v88, 0 :: v_dual_mov_b32 v89, 0             // 000000001BB0: CA100080 58580080
	v_dual_mov_b32 v90, 0 :: v_dual_mov_b32 v91, 0             // 000000001BB8: CA100080 5A5A0080
	v_dual_mov_b32 v92, 0 :: v_dual_mov_b32 v93, 0             // 000000001BC0: CA100080 5C5C0080
	v_dual_mov_b32 v94, 0 :: v_dual_mov_b32 v95, 0             // 000000001BC8: CA100080 5E5E0080
	v_dual_mov_b32 v96, 0 :: v_dual_mov_b32 v97, 0             // 000000001BD0: CA100080 60600080
	v_dual_mov_b32 v98, 0 :: v_dual_mov_b32 v99, 0             // 000000001BD8: CA100080 62620080
	v_dual_mov_b32 v100, 0 :: v_dual_mov_b32 v101, 0           // 000000001BE0: CA100080 64640080
	v_dual_mov_b32 v102, 0 :: v_dual_mov_b32 v103, 0           // 000000001BE8: CA100080 66660080
	v_dual_mov_b32 v104, 0 :: v_dual_mov_b32 v105, 0           // 000000001BF0: CA100080 68680080
	v_dual_mov_b32 v106, 0 :: v_dual_mov_b32 v107, 0           // 000000001BF8: CA100080 6A6A0080
	v_dual_mov_b32 v108, 0 :: v_dual_mov_b32 v109, 0           // 000000001C00: CA100080 6C6C0080
	v_dual_mov_b32 v110, 0 :: v_dual_mov_b32 v111, 0           // 000000001C08: CA100080 6E6E0080
	v_dual_mov_b32 v112, 0 :: v_dual_mov_b32 v113, 0           // 000000001C10: CA100080 70700080
	v_dual_mov_b32 v114, 0 :: v_dual_mov_b32 v115, 0           // 000000001C18: CA100080 72720080
	v_dual_mov_b32 v116, 0 :: v_dual_mov_b32 v117, 0           // 000000001C20: CA100080 74740080
	v_dual_mov_b32 v118, 0 :: v_dual_mov_b32 v119, 0           // 000000001C28: CA100080 76760080
	v_dual_mov_b32 v120, 0 :: v_dual_mov_b32 v121, 0           // 000000001C30: CA100080 78780080
	v_dual_mov_b32 v122, 0 :: v_dual_mov_b32 v123, 0           // 000000001C38: CA100080 7A7A0080
	v_dual_mov_b32 v124, 0 :: v_dual_mov_b32 v125, 0           // 000000001C40: CA100080 7C7C0080
	v_dual_mov_b32 v126, 0 :: v_dual_mov_b32 v127, 0           // 000000001C48: CA100080 7E7E0080
	v_dual_mov_b32 v128, 0 :: v_dual_mov_b32 v129, 0           // 000000001C50: CA100080 80800080
	v_dual_mov_b32 v130, 0 :: v_dual_mov_b32 v131, 0           // 000000001C58: CA100080 82820080
	v_dual_mov_b32 v132, 0 :: v_dual_mov_b32 v133, 0           // 000000001C60: CA100080 84840080
	v_dual_mov_b32 v134, 0 :: v_dual_mov_b32 v135, 0           // 000000001C68: CA100080 86860080
	v_dual_mov_b32 v136, 0 :: v_dual_mov_b32 v137, 0           // 000000001C70: CA100080 88880080
	v_dual_mov_b32 v138, 0 :: v_dual_mov_b32 v139, 0           // 000000001C78: CA100080 8A8A0080
	v_dual_mov_b32 v140, 0 :: v_dual_mov_b32 v141, 0           // 000000001C80: CA100080 8C8C0080
	v_dual_mov_b32 v142, 0 :: v_dual_mov_b32 v143, 0           // 000000001C88: CA100080 8E8E0080
	v_dual_mov_b32 v144, 0 :: v_dual_mov_b32 v145, 0           // 000000001C90: CA100080 90900080
	v_dual_mov_b32 v146, 0 :: v_dual_mov_b32 v147, 0           // 000000001C98: CA100080 92920080
	v_dual_mov_b32 v148, 0 :: v_dual_mov_b32 v149, 0           // 000000001CA0: CA100080 94940080
	v_dual_mov_b32 v150, 0 :: v_dual_mov_b32 v151, 0           // 000000001CA8: CA100080 96960080
	v_dual_mov_b32 v152, 0 :: v_dual_mov_b32 v153, 0           // 000000001CB0: CA100080 98980080
	v_dual_mov_b32 v154, 0 :: v_dual_mov_b32 v155, 0           // 000000001CB8: CA100080 9A9A0080
	v_dual_mov_b32 v156, 0 :: v_dual_mov_b32 v157, 0           // 000000001CC0: CA100080 9C9C0080
	v_dual_mov_b32 v158, 0 :: v_dual_mov_b32 v159, 0           // 000000001CC8: CA100080 9E9E0080
	v_dual_mov_b32 v160, 0 :: v_dual_mov_b32 v161, 0           // 000000001CD0: CA100080 A0A00080
	v_dual_mov_b32 v162, 0 :: v_dual_mov_b32 v163, 0           // 000000001CD8: CA100080 A2A20080
	v_dual_mov_b32 v164, 0 :: v_dual_mov_b32 v165, 0           // 000000001CE0: CA100080 A4A40080
	v_dual_mov_b32 v166, 0 :: v_dual_mov_b32 v167, 0           // 000000001CE8: CA100080 A6A60080
	v_dual_mov_b32 v168, 0 :: v_dual_mov_b32 v169, 0           // 000000001CF0: CA100080 A8A80080
	v_dual_mov_b32 v170, 0 :: v_dual_mov_b32 v171, 0           // 000000001CF8: CA100080 AAAA0080
	v_dual_mov_b32 v172, 0 :: v_dual_mov_b32 v173, 0           // 000000001D00: CA100080 ACAC0080
	v_dual_mov_b32 v174, 0 :: v_dual_mov_b32 v175, 0           // 000000001D08: CA100080 AEAE0080
	v_dual_mov_b32 v176, 0 :: v_dual_mov_b32 v177, 0           // 000000001D10: CA100080 B0B00080
	v_dual_mov_b32 v178, 0 :: v_dual_mov_b32 v179, 0           // 000000001D18: CA100080 B2B20080
	v_dual_mov_b32 v180, 0 :: v_dual_mov_b32 v181, 0           // 000000001D20: CA100080 B4B40080
	v_dual_mov_b32 v182, 0 :: v_dual_mov_b32 v183, 0           // 000000001D28: CA100080 B6B60080
	v_dual_mov_b32 v184, 0 :: v_dual_mov_b32 v185, 0           // 000000001D30: CA100080 B8B80080
	v_dual_mov_b32 v186, 0 :: v_dual_mov_b32 v187, 0           // 000000001D38: CA100080 BABA0080
	v_dual_mov_b32 v188, 0 :: v_dual_mov_b32 v189, 0           // 000000001D40: CA100080 BCBC0080
	v_dual_mov_b32 v190, 0 :: v_dual_mov_b32 v191, 0           // 000000001D48: CA100080 BEBE0080
	v_cmp_le_u32_e32 vcc_lo, 12, v3                            // 000000001D50: 7C96068C
	s_and_saveexec_b32 s42, vcc_lo                             // 000000001D54: BEAA206A
	global_load_b128 v[192:195], v240, s[4:5]                  // 000000001D58: DC5E0000 C00400F0
	global_load_b128 v[196:199], v240, s[4:5] offset:32        // 000000001D60: DC5E0020 C40400F0
	global_load_b128 v[200:203], v240, s[4:5] offset:64        // 000000001D68: DC5E0040 C80400F0
	global_load_b128 v[204:207], v240, s[4:5] offset:96        // 000000001D70: DC5E0060 CC0400F0
	global_load_b128 v[208:211], v240, s[4:5] offset:128       // 000000001D78: DC5E0080 D00400F0
	global_load_b128 v[212:215], v240, s[4:5] offset:160       // 000000001D80: DC5E00A0 D40400F0
	global_load_b128 v[216:219], v240, s[4:5] offset:192       // 000000001D88: DC5E00C0 D80400F0
	global_load_b128 v[220:223], v240, s[4:5] offset:224       // 000000001D90: DC5E00E0 DC0400F0
	s_waitcnt vmcnt(0)                                         // 000000001D98: BF8903F7
	ds_store_b128 v5, v[192:195]                               // 000000001D9C: DB7C0000 0000C005
	ds_store_b128 v5, v[196:199] offset:32                     // 000000001DA4: DB7C0020 0000C405
	ds_store_b128 v5, v[200:203] offset:64                     // 000000001DAC: DB7C0040 0000C805
	ds_store_b128 v5, v[204:207] offset:96                     // 000000001DB4: DB7C0060 0000CC05
	ds_store_b128 v5, v[208:211] offset:128                    // 000000001DBC: DB7C0080 0000D005
	ds_store_b128 v5, v[212:215] offset:160                    // 000000001DC4: DB7C00A0 0000D405
	ds_store_b128 v5, v[216:219] offset:192                    // 000000001DCC: DB7C00C0 0000D805
	ds_store_b128 v5, v[220:223] offset:224                    // 000000001DD4: DB7C00E0 0000DC05
	global_load_b128 v[192:195], v240, s[4:5] offset:256       // 000000001DDC: DC5E0100 C00400F0
	global_load_b128 v[196:199], v240, s[4:5] offset:288       // 000000001DE4: DC5E0120 C40400F0
	global_load_b128 v[200:203], v240, s[4:5] offset:320       // 000000001DEC: DC5E0140 C80400F0
	global_load_b128 v[204:207], v240, s[4:5] offset:352       // 000000001DF4: DC5E0160 CC0400F0
	global_load_b128 v[208:211], v240, s[4:5] offset:384       // 000000001DFC: DC5E0180 D00400F0
	global_load_b128 v[212:215], v240, s[4:5] offset:416       // 000000001E04: DC5E01A0 D40400F0
	global_load_b128 v[216:219], v240, s[4:5] offset:448       // 000000001E0C: DC5E01C0 D80400F0
	global_load_b128 v[220:223], v240, s[4:5] offset:480       // 000000001E14: DC5E01E0 DC0400F0
	s_waitcnt vmcnt(0)                                         // 000000001E1C: BF8903F7
	ds_store_b128 v5, v[192:195] offset:256                    // 000000001E20: DB7C0100 0000C005
	ds_store_b128 v5, v[196:199] offset:288                    // 000000001E28: DB7C0120 0000C405
	ds_store_b128 v5, v[200:203] offset:320                    // 000000001E30: DB7C0140 0000C805
	ds_store_b128 v5, v[204:207] offset:352                    // 000000001E38: DB7C0160 0000CC05
	ds_store_b128 v5, v[208:211] offset:384                    // 000000001E40: DB7C0180 0000D005
	ds_store_b128 v5, v[212:215] offset:416                    // 000000001E48: DB7C01A0 0000D405
	ds_store_b128 v5, v[216:219] offset:448                    // 000000001E50: DB7C01C0 0000D805
	ds_store_b128 v5, v[220:223] offset:480                    // 000000001E58: DB7C01E0 0000DC05
	s_mov_b32 exec_lo, s42                                     // 000000001E60: BEFE002A
	s_waitcnt lgkmcnt(0)                                       // 000000001E64: BF89FC07
	s_barrier                                                  // 000000001E68: BFBD0000
	s_cmp_lt_u32 s28, s19                                      // 000000001E6C: BF0A131C
	s_cbranch_scc0 315                                         // 000000001E70: BFA1013B <extend_attention_wmma_n64_gfx1151+0xa60>
	s_add_u32 s30, s28, s29                                    // 000000001E74: 801E1D1C
	s_add_u32 s30, s30, 0                                      // 000000001E78: 801E801E
	s_lshl_b32 s30, s30, 3                                     // 000000001E7C: 841E831E
	s_load_b64 s[44:45], s[16:17], s30                         // 000000001E80: F4040B08 3C000000
	s_load_b64 s[46:47], s[16:17], s30 offset:0x20             // 000000001E88: F4040B88 3C000020
	s_load_b64 s[48:49], s[16:17], s30 offset:0x40             // 000000001E90: F4040C08 3C000040
	s_load_b64 s[50:51], s[16:17], s30 offset:0x60             // 000000001E98: F4040C88 3C000060
	s_load_b64 s[52:53], s[16:17], s30 offset:0x80             // 000000001EA0: F4040D08 3C000080
	s_load_b64 s[54:55], s[16:17], s30 offset:0xa0             // 000000001EA8: F4040D88 3C0000A0
	s_load_b64 s[56:57], s[16:17], s30 offset:0xc0             // 000000001EB0: F4040E08 3C0000C0
	s_load_b64 s[58:59], s[16:17], s30 offset:0xe0             // 000000001EB8: F4040E88 3C0000E0
	s_waitcnt lgkmcnt(0)                                       // 000000001EC0: BF89FC07
	s_lshl_b32 s38, s44, 10                                    // 000000001EC4: 84268A2C
	s_add_u32 s38, s38, s25                                    // 000000001EC8: 80261926
	s_add_u32 s32, s12, s38                                    // 000000001ECC: 8020260C
	s_addc_u32 s33, s13, 0                                     // 000000001ED0: 8221800D
	global_load_b128 v[8:11], v229, s[32:33]                   // 000000001ED4: DC5E0000 082000E5
	s_lshl_b32 s38, s46, 10                                    // 000000001EDC: 84268A2E
	s_add_u32 s38, s38, s25                                    // 000000001EE0: 80261926
	s_add_u32 s32, s12, s38                                    // 000000001EE4: 8020260C
	s_addc_u32 s33, s13, 0                                     // 000000001EE8: 8221800D
	global_load_b128 v[12:15], v229, s[32:33]                  // 000000001EEC: DC5E0000 0C2000E5
	s_lshl_b32 s38, s48, 10                                    // 000000001EF4: 84268A30
	s_add_u32 s38, s38, s25                                    // 000000001EF8: 80261926
	s_add_u32 s32, s12, s38                                    // 000000001EFC: 8020260C
	s_addc_u32 s33, s13, 0                                     // 000000001F00: 8221800D
	global_load_b128 v[16:19], v229, s[32:33]                  // 000000001F04: DC5E0000 102000E5
	s_lshl_b32 s38, s50, 10                                    // 000000001F0C: 84268A32
	s_add_u32 s38, s38, s25                                    // 000000001F10: 80261926
	s_add_u32 s32, s12, s38                                    // 000000001F14: 8020260C
	s_addc_u32 s33, s13, 0                                     // 000000001F18: 8221800D
	global_load_b128 v[20:23], v229, s[32:33]                  // 000000001F1C: DC5E0000 142000E5
	s_lshl_b32 s38, s52, 10                                    // 000000001F24: 84268A34
	s_add_u32 s38, s38, s25                                    // 000000001F28: 80261926
	s_add_u32 s32, s12, s38                                    // 000000001F2C: 8020260C
	s_addc_u32 s33, s13, 0                                     // 000000001F30: 8221800D
	global_load_b128 v[231:234], v229, s[32:33]                // 000000001F34: DC5E0000 E72000E5
	s_lshl_b32 s38, s54, 10                                    // 000000001F3C: 84268A36
	s_add_u32 s38, s38, s25                                    // 000000001F40: 80261926
	s_add_u32 s32, s12, s38                                    // 000000001F44: 8020260C
	s_addc_u32 s33, s13, 0                                     // 000000001F48: 8221800D
	global_load_b128 v[235:238], v229, s[32:33]                // 000000001F4C: DC5E0000 EB2000E5
	s_lshl_b32 s38, s56, 10                                    // 000000001F54: 84268A38
	s_add_u32 s38, s38, s25                                    // 000000001F58: 80261926
	s_add_u32 s32, s12, s38                                    // 000000001F5C: 8020260C
	s_addc_u32 s33, s13, 0                                     // 000000001F60: 8221800D
	global_load_b128 v[239:242], v229, s[32:33]                // 000000001F64: DC5E0000 EF2000E5
	s_lshl_b32 s38, s58, 10                                    // 000000001F6C: 84268A3A
	s_add_u32 s38, s38, s25                                    // 000000001F70: 80261926
	s_add_u32 s32, s12, s38                                    // 000000001F74: 8020260C
	s_addc_u32 s33, s13, 0                                     // 000000001F78: 8221800D
	global_load_b128 v[243:246], v229, s[32:33]                // 000000001F7C: DC5E0000 F32000E5
	s_waitcnt vmcnt(0)                                         // 000000001F84: BF8903F7
	s_add_u32 s39, s29, 0                                      // 000000001F88: 8027801D
	s_lshl_b32 s39, s39, 9                                     // 000000001F8C: 84278927
	v_add_nc_u32_e32 v230, s39, v229                           // 000000001F90: 4BCDCA27
	v_add_nc_u32_e32 v230, 0x8000, v230                        // 000000001F94: 4BCDCCFF 00008000
	s_lshr_b32 s41, s39, 9                                     // 000000001F9C: 85298927
	s_and_b32 s41, s41, 7                                      // 000000001FA0: 8B298729
	s_lshl_b32 s41, s41, 4                                     // 000000001FA4: 84298429
	v_xor_b32_e32 v230, s41, v230                              // 000000001FA8: 3BCDCC29
	ds_store_b128 v230, v[8:11]                                // 000000001FAC: DB7C0000 000008E6
	s_add_u32 s39, s29, 4                                      // 000000001FB4: 8027841D
	s_lshl_b32 s39, s39, 9                                     // 000000001FB8: 84278927
	v_add_nc_u32_e32 v230, s39, v229                           // 000000001FBC: 4BCDCA27
	v_add_nc_u32_e32 v230, 0x8000, v230                        // 000000001FC0: 4BCDCCFF 00008000
	s_lshr_b32 s41, s39, 9                                     // 000000001FC8: 85298927
	s_and_b32 s41, s41, 7                                      // 000000001FCC: 8B298729
	s_lshl_b32 s41, s41, 4                                     // 000000001FD0: 84298429
	v_xor_b32_e32 v230, s41, v230                              // 000000001FD4: 3BCDCC29
	ds_store_b128 v230, v[12:15]                               // 000000001FD8: DB7C0000 00000CE6
	s_add_u32 s39, s29, 8                                      // 000000001FE0: 8027881D
	s_lshl_b32 s39, s39, 9                                     // 000000001FE4: 84278927
	v_add_nc_u32_e32 v230, s39, v229                           // 000000001FE8: 4BCDCA27
	v_add_nc_u32_e32 v230, 0x8000, v230                        // 000000001FEC: 4BCDCCFF 00008000
	s_lshr_b32 s41, s39, 9                                     // 000000001FF4: 85298927
	s_and_b32 s41, s41, 7                                      // 000000001FF8: 8B298729
	s_lshl_b32 s41, s41, 4                                     // 000000001FFC: 84298429
	v_xor_b32_e32 v230, s41, v230                              // 000000002000: 3BCDCC29
	ds_store_b128 v230, v[16:19]                               // 000000002004: DB7C0000 000010E6
	s_add_u32 s39, s29, 12                                     // 00000000200C: 80278C1D
	s_lshl_b32 s39, s39, 9                                     // 000000002010: 84278927
	v_add_nc_u32_e32 v230, s39, v229                           // 000000002014: 4BCDCA27
	v_add_nc_u32_e32 v230, 0x8000, v230                        // 000000002018: 4BCDCCFF 00008000
	s_lshr_b32 s41, s39, 9                                     // 000000002020: 85298927
	s_and_b32 s41, s41, 7                                      // 000000002024: 8B298729
	s_lshl_b32 s41, s41, 4                                     // 000000002028: 84298429
	v_xor_b32_e32 v230, s41, v230                              // 00000000202C: 3BCDCC29
	ds_store_b128 v230, v[20:23]                               // 000000002030: DB7C0000 000014E6
	s_add_u32 s39, s29, 16                                     // 000000002038: 8027901D
	s_lshl_b32 s39, s39, 9                                     // 00000000203C: 84278927
	v_add_nc_u32_e32 v230, s39, v229                           // 000000002040: 4BCDCA27
	v_add_nc_u32_e32 v230, 0x8000, v230                        // 000000002044: 4BCDCCFF 00008000
	s_lshr_b32 s41, s39, 9                                     // 00000000204C: 85298927
	s_and_b32 s41, s41, 7                                      // 000000002050: 8B298729
	s_lshl_b32 s41, s41, 4                                     // 000000002054: 84298429
	v_xor_b32_e32 v230, s41, v230                              // 000000002058: 3BCDCC29
	ds_store_b128 v230, v[231:234]                             // 00000000205C: DB7C0000 0000E7E6
	s_add_u32 s39, s29, 20                                     // 000000002064: 8027941D
	s_lshl_b32 s39, s39, 9                                     // 000000002068: 84278927
	v_add_nc_u32_e32 v230, s39, v229                           // 00000000206C: 4BCDCA27
	v_add_nc_u32_e32 v230, 0x8000, v230                        // 000000002070: 4BCDCCFF 00008000
	s_lshr_b32 s41, s39, 9                                     // 000000002078: 85298927
	s_and_b32 s41, s41, 7                                      // 00000000207C: 8B298729
	s_lshl_b32 s41, s41, 4                                     // 000000002080: 84298429
	v_xor_b32_e32 v230, s41, v230                              // 000000002084: 3BCDCC29
	ds_store_b128 v230, v[235:238]                             // 000000002088: DB7C0000 0000EBE6
	s_add_u32 s39, s29, 24                                     // 000000002090: 8027981D
	s_lshl_b32 s39, s39, 9                                     // 000000002094: 84278927
	v_add_nc_u32_e32 v230, s39, v229                           // 000000002098: 4BCDCA27
	v_add_nc_u32_e32 v230, 0x8000, v230                        // 00000000209C: 4BCDCCFF 00008000
	s_lshr_b32 s41, s39, 9                                     // 0000000020A4: 85298927
	s_and_b32 s41, s41, 7                                      // 0000000020A8: 8B298729
	s_lshl_b32 s41, s41, 4                                     // 0000000020AC: 84298429
	v_xor_b32_e32 v230, s41, v230                              // 0000000020B0: 3BCDCC29
	ds_store_b128 v230, v[239:242]                             // 0000000020B4: DB7C0000 0000EFE6
	s_add_u32 s39, s29, 28                                     // 0000000020BC: 80279C1D
	s_lshl_b32 s39, s39, 9                                     // 0000000020C0: 84278927
	v_add_nc_u32_e32 v230, s39, v229                           // 0000000020C4: 4BCDCA27
	v_add_nc_u32_e32 v230, 0x8000, v230                        // 0000000020C8: 4BCDCCFF 00008000
	s_lshr_b32 s41, s39, 9                                     // 0000000020D0: 85298927
	s_and_b32 s41, s41, 7                                      // 0000000020D4: 8B298729
	s_lshl_b32 s41, s41, 4                                     // 0000000020D8: 84298429
	v_xor_b32_e32 v230, s41, v230                              // 0000000020DC: 3BCDCC29
	ds_store_b128 v230, v[243:246]                             // 0000000020E0: DB7C0000 0000F3E6
	s_add_u32 s30, s28, s29                                    // 0000000020E8: 801E1D1C
	s_add_u32 s30, s30, 32                                     // 0000000020EC: 801EA01E
	s_lshl_b32 s30, s30, 3                                     // 0000000020F0: 841E831E
	s_load_b64 s[44:45], s[16:17], s30                         // 0000000020F4: F4040B08 3C000000
	s_load_b64 s[46:47], s[16:17], s30 offset:0x20             // 0000000020FC: F4040B88 3C000020
	s_load_b64 s[48:49], s[16:17], s30 offset:0x40             // 000000002104: F4040C08 3C000040
	s_load_b64 s[50:51], s[16:17], s30 offset:0x60             // 00000000210C: F4040C88 3C000060
	s_load_b64 s[52:53], s[16:17], s30 offset:0x80             // 000000002114: F4040D08 3C000080
	s_load_b64 s[54:55], s[16:17], s30 offset:0xa0             // 00000000211C: F4040D88 3C0000A0
	s_load_b64 s[56:57], s[16:17], s30 offset:0xc0             // 000000002124: F4040E08 3C0000C0
	s_load_b64 s[58:59], s[16:17], s30 offset:0xe0             // 00000000212C: F4040E88 3C0000E0
	s_waitcnt lgkmcnt(0)                                       // 000000002134: BF89FC07
	s_lshl_b32 s38, s44, 10                                    // 000000002138: 84268A2C
	s_add_u32 s38, s38, s25                                    // 00000000213C: 80261926
	s_add_u32 s32, s12, s38                                    // 000000002140: 8020260C
	s_addc_u32 s33, s13, 0                                     // 000000002144: 8221800D
	global_load_b128 v[8:11], v229, s[32:33]                   // 000000002148: DC5E0000 082000E5
	s_lshl_b32 s38, s46, 10                                    // 000000002150: 84268A2E
	s_add_u32 s38, s38, s25                                    // 000000002154: 80261926
	s_add_u32 s32, s12, s38                                    // 000000002158: 8020260C
	s_addc_u32 s33, s13, 0                                     // 00000000215C: 8221800D
	global_load_b128 v[12:15], v229, s[32:33]                  // 000000002160: DC5E0000 0C2000E5
	s_lshl_b32 s38, s48, 10                                    // 000000002168: 84268A30
	s_add_u32 s38, s38, s25                                    // 00000000216C: 80261926
	s_add_u32 s32, s12, s38                                    // 000000002170: 8020260C
	s_addc_u32 s33, s13, 0                                     // 000000002174: 8221800D
	global_load_b128 v[16:19], v229, s[32:33]                  // 000000002178: DC5E0000 102000E5
	s_lshl_b32 s38, s50, 10                                    // 000000002180: 84268A32
	s_add_u32 s38, s38, s25                                    // 000000002184: 80261926
	s_add_u32 s32, s12, s38                                    // 000000002188: 8020260C
	s_addc_u32 s33, s13, 0                                     // 00000000218C: 8221800D
	global_load_b128 v[20:23], v229, s[32:33]                  // 000000002190: DC5E0000 142000E5
	s_lshl_b32 s38, s52, 10                                    // 000000002198: 84268A34
	s_add_u32 s38, s38, s25                                    // 00000000219C: 80261926
	s_add_u32 s32, s12, s38                                    // 0000000021A0: 8020260C
	s_addc_u32 s33, s13, 0                                     // 0000000021A4: 8221800D
	global_load_b128 v[231:234], v229, s[32:33]                // 0000000021A8: DC5E0000 E72000E5
	s_lshl_b32 s38, s54, 10                                    // 0000000021B0: 84268A36
	s_add_u32 s38, s38, s25                                    // 0000000021B4: 80261926
	s_add_u32 s32, s12, s38                                    // 0000000021B8: 8020260C
	s_addc_u32 s33, s13, 0                                     // 0000000021BC: 8221800D
	global_load_b128 v[235:238], v229, s[32:33]                // 0000000021C0: DC5E0000 EB2000E5
	s_lshl_b32 s38, s56, 10                                    // 0000000021C8: 84268A38
	s_add_u32 s38, s38, s25                                    // 0000000021CC: 80261926
	s_add_u32 s32, s12, s38                                    // 0000000021D0: 8020260C
	s_addc_u32 s33, s13, 0                                     // 0000000021D4: 8221800D
	global_load_b128 v[239:242], v229, s[32:33]                // 0000000021D8: DC5E0000 EF2000E5
	s_lshl_b32 s38, s58, 10                                    // 0000000021E0: 84268A3A
	s_add_u32 s38, s38, s25                                    // 0000000021E4: 80261926
	s_add_u32 s32, s12, s38                                    // 0000000021E8: 8020260C
	s_addc_u32 s33, s13, 0                                     // 0000000021EC: 8221800D
	global_load_b128 v[243:246], v229, s[32:33]                // 0000000021F0: DC5E0000 F32000E5
	s_waitcnt vmcnt(0)                                         // 0000000021F8: BF8903F7
	s_add_u32 s39, s29, 32                                     // 0000000021FC: 8027A01D
	s_lshl_b32 s39, s39, 9                                     // 000000002200: 84278927
	v_add_nc_u32_e32 v230, s39, v229                           // 000000002204: 4BCDCA27
	v_add_nc_u32_e32 v230, 0x8000, v230                        // 000000002208: 4BCDCCFF 00008000
	s_lshr_b32 s41, s39, 9                                     // 000000002210: 85298927
	s_and_b32 s41, s41, 7                                      // 000000002214: 8B298729
	s_lshl_b32 s41, s41, 4                                     // 000000002218: 84298429
	v_xor_b32_e32 v230, s41, v230                              // 00000000221C: 3BCDCC29
	ds_store_b128 v230, v[8:11]                                // 000000002220: DB7C0000 000008E6
	s_add_u32 s39, s29, 36                                     // 000000002228: 8027A41D
	s_lshl_b32 s39, s39, 9                                     // 00000000222C: 84278927
	v_add_nc_u32_e32 v230, s39, v229                           // 000000002230: 4BCDCA27
	v_add_nc_u32_e32 v230, 0x8000, v230                        // 000000002234: 4BCDCCFF 00008000
	s_lshr_b32 s41, s39, 9                                     // 00000000223C: 85298927
	s_and_b32 s41, s41, 7                                      // 000000002240: 8B298729
	s_lshl_b32 s41, s41, 4                                     // 000000002244: 84298429
	v_xor_b32_e32 v230, s41, v230                              // 000000002248: 3BCDCC29
	ds_store_b128 v230, v[12:15]                               // 00000000224C: DB7C0000 00000CE6
	s_add_u32 s39, s29, 40                                     // 000000002254: 8027A81D
	s_lshl_b32 s39, s39, 9                                     // 000000002258: 84278927
	v_add_nc_u32_e32 v230, s39, v229                           // 00000000225C: 4BCDCA27
	v_add_nc_u32_e32 v230, 0x8000, v230                        // 000000002260: 4BCDCCFF 00008000
	s_lshr_b32 s41, s39, 9                                     // 000000002268: 85298927
	s_and_b32 s41, s41, 7                                      // 00000000226C: 8B298729
	s_lshl_b32 s41, s41, 4                                     // 000000002270: 84298429
	v_xor_b32_e32 v230, s41, v230                              // 000000002274: 3BCDCC29
	ds_store_b128 v230, v[16:19]                               // 000000002278: DB7C0000 000010E6
	s_add_u32 s39, s29, 44                                     // 000000002280: 8027AC1D
	s_lshl_b32 s39, s39, 9                                     // 000000002284: 84278927
	v_add_nc_u32_e32 v230, s39, v229                           // 000000002288: 4BCDCA27
	v_add_nc_u32_e32 v230, 0x8000, v230                        // 00000000228C: 4BCDCCFF 00008000
	s_lshr_b32 s41, s39, 9                                     // 000000002294: 85298927
	s_and_b32 s41, s41, 7                                      // 000000002298: 8B298729
	s_lshl_b32 s41, s41, 4                                     // 00000000229C: 84298429
	v_xor_b32_e32 v230, s41, v230                              // 0000000022A0: 3BCDCC29
	ds_store_b128 v230, v[20:23]                               // 0000000022A4: DB7C0000 000014E6
	s_add_u32 s39, s29, 48                                     // 0000000022AC: 8027B01D
	s_lshl_b32 s39, s39, 9                                     // 0000000022B0: 84278927
	v_add_nc_u32_e32 v230, s39, v229                           // 0000000022B4: 4BCDCA27
	v_add_nc_u32_e32 v230, 0x8000, v230                        // 0000000022B8: 4BCDCCFF 00008000
	s_lshr_b32 s41, s39, 9                                     // 0000000022C0: 85298927
	s_and_b32 s41, s41, 7                                      // 0000000022C4: 8B298729
	s_lshl_b32 s41, s41, 4                                     // 0000000022C8: 84298429
	v_xor_b32_e32 v230, s41, v230                              // 0000000022CC: 3BCDCC29
	ds_store_b128 v230, v[231:234]                             // 0000000022D0: DB7C0000 0000E7E6
	s_add_u32 s39, s29, 52                                     // 0000000022D8: 8027B41D
	s_lshl_b32 s39, s39, 9                                     // 0000000022DC: 84278927
	v_add_nc_u32_e32 v230, s39, v229                           // 0000000022E0: 4BCDCA27
	v_add_nc_u32_e32 v230, 0x8000, v230                        // 0000000022E4: 4BCDCCFF 00008000
	s_lshr_b32 s41, s39, 9                                     // 0000000022EC: 85298927
	s_and_b32 s41, s41, 7                                      // 0000000022F0: 8B298729
	s_lshl_b32 s41, s41, 4                                     // 0000000022F4: 84298429
	v_xor_b32_e32 v230, s41, v230                              // 0000000022F8: 3BCDCC29
	ds_store_b128 v230, v[235:238]                             // 0000000022FC: DB7C0000 0000EBE6
	s_add_u32 s39, s29, 56                                     // 000000002304: 8027B81D
	s_lshl_b32 s39, s39, 9                                     // 000000002308: 84278927
	v_add_nc_u32_e32 v230, s39, v229                           // 00000000230C: 4BCDCA27
	v_add_nc_u32_e32 v230, 0x8000, v230                        // 000000002310: 4BCDCCFF 00008000
	s_lshr_b32 s41, s39, 9                                     // 000000002318: 85298927
	s_and_b32 s41, s41, 7                                      // 00000000231C: 8B298729
	s_lshl_b32 s41, s41, 4                                     // 000000002320: 84298429
	v_xor_b32_e32 v230, s41, v230                              // 000000002324: 3BCDCC29
	ds_store_b128 v230, v[239:242]                             // 000000002328: DB7C0000 0000EFE6
	s_add_u32 s39, s29, 60                                     // 000000002330: 8027BC1D
	s_lshl_b32 s39, s39, 9                                     // 000000002334: 84278927
	v_add_nc_u32_e32 v230, s39, v229                           // 000000002338: 4BCDCA27
	v_add_nc_u32_e32 v230, 0x8000, v230                        // 00000000233C: 4BCDCCFF 00008000
	s_lshr_b32 s41, s39, 9                                     // 000000002344: 85298927
	s_and_b32 s41, s41, 7                                      // 000000002348: 8B298729
	s_lshl_b32 s41, s41, 4                                     // 00000000234C: 84298429
	v_xor_b32_e32 v230, s41, v230                              // 000000002350: 3BCDCC29
	ds_store_b128 v230, v[243:246]                             // 000000002354: DB7C0000 0000F3E6
	s_branch 321                                               // 00000000235C: BFA00141 <extend_attention_wmma_n64_gfx1151+0xf64>
	s_add_u32 s38, s28, s29                                    // 000000002360: 80261D1C
	s_add_u32 s38, s38, 0                                      // 000000002364: 80268026
	s_sub_u32 s38, s38, s19                                    // 000000002368: 80A61326
	s_lshl_b32 s38, s38, 10                                    // 00000000236C: 84268A26
	s_add_u32 s38, s38, s25                                    // 000000002370: 80261926
	s_add_u32 s32, s6, s38                                     // 000000002374: 80202606
	s_addc_u32 s33, s7, 0                                      // 000000002378: 82218007
	global_load_b128 v[8:11], v229, s[32:33]                   // 00000000237C: DC5E0000 082000E5
	s_add_u32 s38, s28, s29                                    // 000000002384: 80261D1C
	s_add_u32 s38, s38, 4                                      // 000000002388: 80268426
	s_sub_u32 s38, s38, s19                                    // 00000000238C: 80A61326
	s_lshl_b32 s38, s38, 10                                    // 000000002390: 84268A26
	s_add_u32 s38, s38, s25                                    // 000000002394: 80261926
	s_add_u32 s32, s6, s38                                     // 000000002398: 80202606
	s_addc_u32 s33, s7, 0                                      // 00000000239C: 82218007
	global_load_b128 v[12:15], v229, s[32:33]                  // 0000000023A0: DC5E0000 0C2000E5
	s_add_u32 s38, s28, s29                                    // 0000000023A8: 80261D1C
	s_add_u32 s38, s38, 8                                      // 0000000023AC: 80268826
	s_sub_u32 s38, s38, s19                                    // 0000000023B0: 80A61326
	s_lshl_b32 s38, s38, 10                                    // 0000000023B4: 84268A26
	s_add_u32 s38, s38, s25                                    // 0000000023B8: 80261926
	s_add_u32 s32, s6, s38                                     // 0000000023BC: 80202606
	s_addc_u32 s33, s7, 0                                      // 0000000023C0: 82218007
	global_load_b128 v[16:19], v229, s[32:33]                  // 0000000023C4: DC5E0000 102000E5
	s_add_u32 s38, s28, s29                                    // 0000000023CC: 80261D1C
	s_add_u32 s38, s38, 12                                     // 0000000023D0: 80268C26
	s_sub_u32 s38, s38, s19                                    // 0000000023D4: 80A61326
	s_lshl_b32 s38, s38, 10                                    // 0000000023D8: 84268A26
	s_add_u32 s38, s38, s25                                    // 0000000023DC: 80261926
	s_add_u32 s32, s6, s38                                     // 0000000023E0: 80202606
	s_addc_u32 s33, s7, 0                                      // 0000000023E4: 82218007
	global_load_b128 v[20:23], v229, s[32:33]                  // 0000000023E8: DC5E0000 142000E5
	s_add_u32 s38, s28, s29                                    // 0000000023F0: 80261D1C
	s_add_u32 s38, s38, 16                                     // 0000000023F4: 80269026
	s_sub_u32 s38, s38, s19                                    // 0000000023F8: 80A61326
	s_lshl_b32 s38, s38, 10                                    // 0000000023FC: 84268A26
	s_add_u32 s38, s38, s25                                    // 000000002400: 80261926
	s_add_u32 s32, s6, s38                                     // 000000002404: 80202606
	s_addc_u32 s33, s7, 0                                      // 000000002408: 82218007
	global_load_b128 v[192:195], v229, s[32:33]                // 00000000240C: DC5E0000 C02000E5
	s_add_u32 s38, s28, s29                                    // 000000002414: 80261D1C
	s_add_u32 s38, s38, 20                                     // 000000002418: 80269426
	s_sub_u32 s38, s38, s19                                    // 00000000241C: 80A61326
	s_lshl_b32 s38, s38, 10                                    // 000000002420: 84268A26
	s_add_u32 s38, s38, s25                                    // 000000002424: 80261926
	s_add_u32 s32, s6, s38                                     // 000000002428: 80202606
	s_addc_u32 s33, s7, 0                                      // 00000000242C: 82218007
	global_load_b128 v[196:199], v229, s[32:33]                // 000000002430: DC5E0000 C42000E5
	s_add_u32 s38, s28, s29                                    // 000000002438: 80261D1C
	s_add_u32 s38, s38, 24                                     // 00000000243C: 80269826
	s_sub_u32 s38, s38, s19                                    // 000000002440: 80A61326
	s_lshl_b32 s38, s38, 10                                    // 000000002444: 84268A26
	s_add_u32 s38, s38, s25                                    // 000000002448: 80261926
	s_add_u32 s32, s6, s38                                     // 00000000244C: 80202606
	s_addc_u32 s33, s7, 0                                      // 000000002450: 82218007
	global_load_b128 v[200:203], v229, s[32:33]                // 000000002454: DC5E0000 C82000E5
	s_add_u32 s38, s28, s29                                    // 00000000245C: 80261D1C
	s_add_u32 s38, s38, 28                                     // 000000002460: 80269C26
	s_sub_u32 s38, s38, s19                                    // 000000002464: 80A61326
	s_lshl_b32 s38, s38, 10                                    // 000000002468: 84268A26
	s_add_u32 s38, s38, s25                                    // 00000000246C: 80261926
	s_add_u32 s32, s6, s38                                     // 000000002470: 80202606
	s_addc_u32 s33, s7, 0                                      // 000000002474: 82218007
	global_load_b128 v[204:207], v229, s[32:33]                // 000000002478: DC5E0000 CC2000E5
	s_add_u32 s38, s28, s29                                    // 000000002480: 80261D1C
	s_add_u32 s38, s38, 32                                     // 000000002484: 8026A026
	s_sub_u32 s38, s38, s19                                    // 000000002488: 80A61326
	s_lshl_b32 s38, s38, 10                                    // 00000000248C: 84268A26
	s_add_u32 s38, s38, s25                                    // 000000002490: 80261926
	s_add_u32 s32, s6, s38                                     // 000000002494: 80202606
	s_addc_u32 s33, s7, 0                                      // 000000002498: 82218007
	global_load_b128 v[208:211], v229, s[32:33]                // 00000000249C: DC5E0000 D02000E5
	s_add_u32 s38, s28, s29                                    // 0000000024A4: 80261D1C
	s_add_u32 s38, s38, 36                                     // 0000000024A8: 8026A426
	s_sub_u32 s38, s38, s19                                    // 0000000024AC: 80A61326
	s_lshl_b32 s38, s38, 10                                    // 0000000024B0: 84268A26
	s_add_u32 s38, s38, s25                                    // 0000000024B4: 80261926
	s_add_u32 s32, s6, s38                                     // 0000000024B8: 80202606
	s_addc_u32 s33, s7, 0                                      // 0000000024BC: 82218007
	global_load_b128 v[212:215], v229, s[32:33]                // 0000000024C0: DC5E0000 D42000E5
	s_add_u32 s38, s28, s29                                    // 0000000024C8: 80261D1C
	s_add_u32 s38, s38, 40                                     // 0000000024CC: 8026A826
	s_sub_u32 s38, s38, s19                                    // 0000000024D0: 80A61326
	s_lshl_b32 s38, s38, 10                                    // 0000000024D4: 84268A26
	s_add_u32 s38, s38, s25                                    // 0000000024D8: 80261926
	s_add_u32 s32, s6, s38                                     // 0000000024DC: 80202606
	s_addc_u32 s33, s7, 0                                      // 0000000024E0: 82218007
	global_load_b128 v[216:219], v229, s[32:33]                // 0000000024E4: DC5E0000 D82000E5
	s_add_u32 s38, s28, s29                                    // 0000000024EC: 80261D1C
	s_add_u32 s38, s38, 44                                     // 0000000024F0: 8026AC26
	s_sub_u32 s38, s38, s19                                    // 0000000024F4: 80A61326
	s_lshl_b32 s38, s38, 10                                    // 0000000024F8: 84268A26
	s_add_u32 s38, s38, s25                                    // 0000000024FC: 80261926
	s_add_u32 s32, s6, s38                                     // 000000002500: 80202606
	s_addc_u32 s33, s7, 0                                      // 000000002504: 82218007
	global_load_b128 v[220:223], v229, s[32:33]                // 000000002508: DC5E0000 DC2000E5
	s_add_u32 s38, s28, s29                                    // 000000002510: 80261D1C
	s_add_u32 s38, s38, 48                                     // 000000002514: 8026B026
	s_sub_u32 s38, s38, s19                                    // 000000002518: 80A61326
	s_lshl_b32 s38, s38, 10                                    // 00000000251C: 84268A26
	s_add_u32 s38, s38, s25                                    // 000000002520: 80261926
	s_add_u32 s32, s6, s38                                     // 000000002524: 80202606
	s_addc_u32 s33, s7, 0                                      // 000000002528: 82218007
	global_load_b128 v[231:234], v229, s[32:33]                // 00000000252C: DC5E0000 E72000E5
	s_add_u32 s38, s28, s29                                    // 000000002534: 80261D1C
	s_add_u32 s38, s38, 52                                     // 000000002538: 8026B426
	s_sub_u32 s38, s38, s19                                    // 00000000253C: 80A61326
	s_lshl_b32 s38, s38, 10                                    // 000000002540: 84268A26
	s_add_u32 s38, s38, s25                                    // 000000002544: 80261926
	s_add_u32 s32, s6, s38                                     // 000000002548: 80202606
	s_addc_u32 s33, s7, 0                                      // 00000000254C: 82218007
	global_load_b128 v[235:238], v229, s[32:33]                // 000000002550: DC5E0000 EB2000E5
	s_add_u32 s38, s28, s29                                    // 000000002558: 80261D1C
	s_add_u32 s38, s38, 56                                     // 00000000255C: 8026B826
	s_sub_u32 s38, s38, s19                                    // 000000002560: 80A61326
	s_lshl_b32 s38, s38, 10                                    // 000000002564: 84268A26
	s_add_u32 s38, s38, s25                                    // 000000002568: 80261926
	s_add_u32 s32, s6, s38                                     // 00000000256C: 80202606
	s_addc_u32 s33, s7, 0                                      // 000000002570: 82218007
	global_load_b128 v[239:242], v229, s[32:33]                // 000000002574: DC5E0000 EF2000E5
	s_add_u32 s38, s28, s29                                    // 00000000257C: 80261D1C
	s_add_u32 s38, s38, 60                                     // 000000002580: 8026BC26
	s_sub_u32 s38, s38, s19                                    // 000000002584: 80A61326
	s_lshl_b32 s38, s38, 10                                    // 000000002588: 84268A26
	s_add_u32 s38, s38, s25                                    // 00000000258C: 80261926
	s_add_u32 s32, s6, s38                                     // 000000002590: 80202606
	s_addc_u32 s33, s7, 0                                      // 000000002594: 82218007
	global_load_b128 v[243:246], v229, s[32:33]                // 000000002598: DC5E0000 F32000E5
	s_waitcnt vmcnt(0)                                         // 0000000025A0: BF8903F7
	s_add_u32 s39, s29, 0                                      // 0000000025A4: 8027801D
	s_lshl_b32 s39, s39, 9                                     // 0000000025A8: 84278927
	v_add_nc_u32_e32 v230, s39, v229                           // 0000000025AC: 4BCDCA27
	v_add_nc_u32_e32 v230, 0x8000, v230                        // 0000000025B0: 4BCDCCFF 00008000
	s_lshr_b32 s41, s39, 9                                     // 0000000025B8: 85298927
	s_and_b32 s41, s41, 7                                      // 0000000025BC: 8B298729
	s_lshl_b32 s41, s41, 4                                     // 0000000025C0: 84298429
	v_xor_b32_e32 v230, s41, v230                              // 0000000025C4: 3BCDCC29
	ds_store_b128 v230, v[8:11]                                // 0000000025C8: DB7C0000 000008E6
	s_add_u32 s39, s29, 4                                      // 0000000025D0: 8027841D
	s_lshl_b32 s39, s39, 9                                     // 0000000025D4: 84278927
	v_add_nc_u32_e32 v230, s39, v229                           // 0000000025D8: 4BCDCA27
	v_add_nc_u32_e32 v230, 0x8000, v230                        // 0000000025DC: 4BCDCCFF 00008000
	s_lshr_b32 s41, s39, 9                                     // 0000000025E4: 85298927
	s_and_b32 s41, s41, 7                                      // 0000000025E8: 8B298729
	s_lshl_b32 s41, s41, 4                                     // 0000000025EC: 84298429
	v_xor_b32_e32 v230, s41, v230                              // 0000000025F0: 3BCDCC29
	ds_store_b128 v230, v[12:15]                               // 0000000025F4: DB7C0000 00000CE6
	s_add_u32 s39, s29, 8                                      // 0000000025FC: 8027881D
	s_lshl_b32 s39, s39, 9                                     // 000000002600: 84278927
	v_add_nc_u32_e32 v230, s39, v229                           // 000000002604: 4BCDCA27
	v_add_nc_u32_e32 v230, 0x8000, v230                        // 000000002608: 4BCDCCFF 00008000
	s_lshr_b32 s41, s39, 9                                     // 000000002610: 85298927
	s_and_b32 s41, s41, 7                                      // 000000002614: 8B298729
	s_lshl_b32 s41, s41, 4                                     // 000000002618: 84298429
	v_xor_b32_e32 v230, s41, v230                              // 00000000261C: 3BCDCC29
	ds_store_b128 v230, v[16:19]                               // 000000002620: DB7C0000 000010E6
	s_add_u32 s39, s29, 12                                     // 000000002628: 80278C1D
	s_lshl_b32 s39, s39, 9                                     // 00000000262C: 84278927
	v_add_nc_u32_e32 v230, s39, v229                           // 000000002630: 4BCDCA27
	v_add_nc_u32_e32 v230, 0x8000, v230                        // 000000002634: 4BCDCCFF 00008000
	s_lshr_b32 s41, s39, 9                                     // 00000000263C: 85298927
	s_and_b32 s41, s41, 7                                      // 000000002640: 8B298729
	s_lshl_b32 s41, s41, 4                                     // 000000002644: 84298429
	v_xor_b32_e32 v230, s41, v230                              // 000000002648: 3BCDCC29
	ds_store_b128 v230, v[20:23]                               // 00000000264C: DB7C0000 000014E6
	s_add_u32 s39, s29, 16                                     // 000000002654: 8027901D
	s_lshl_b32 s39, s39, 9                                     // 000000002658: 84278927
	v_add_nc_u32_e32 v230, s39, v229                           // 00000000265C: 4BCDCA27
	v_add_nc_u32_e32 v230, 0x8000, v230                        // 000000002660: 4BCDCCFF 00008000
	s_lshr_b32 s41, s39, 9                                     // 000000002668: 85298927
	s_and_b32 s41, s41, 7                                      // 00000000266C: 8B298729
	s_lshl_b32 s41, s41, 4                                     // 000000002670: 84298429
	v_xor_b32_e32 v230, s41, v230                              // 000000002674: 3BCDCC29
	ds_store_b128 v230, v[192:195]                             // 000000002678: DB7C0000 0000C0E6
	s_add_u32 s39, s29, 20                                     // 000000002680: 8027941D
	s_lshl_b32 s39, s39, 9                                     // 000000002684: 84278927
	v_add_nc_u32_e32 v230, s39, v229                           // 000000002688: 4BCDCA27
	v_add_nc_u32_e32 v230, 0x8000, v230                        // 00000000268C: 4BCDCCFF 00008000
	s_lshr_b32 s41, s39, 9                                     // 000000002694: 85298927
	s_and_b32 s41, s41, 7                                      // 000000002698: 8B298729
	s_lshl_b32 s41, s41, 4                                     // 00000000269C: 84298429
	v_xor_b32_e32 v230, s41, v230                              // 0000000026A0: 3BCDCC29
	ds_store_b128 v230, v[196:199]                             // 0000000026A4: DB7C0000 0000C4E6
	s_add_u32 s39, s29, 24                                     // 0000000026AC: 8027981D
	s_lshl_b32 s39, s39, 9                                     // 0000000026B0: 84278927
	v_add_nc_u32_e32 v230, s39, v229                           // 0000000026B4: 4BCDCA27
	v_add_nc_u32_e32 v230, 0x8000, v230                        // 0000000026B8: 4BCDCCFF 00008000
	s_lshr_b32 s41, s39, 9                                     // 0000000026C0: 85298927
	s_and_b32 s41, s41, 7                                      // 0000000026C4: 8B298729
	s_lshl_b32 s41, s41, 4                                     // 0000000026C8: 84298429
	v_xor_b32_e32 v230, s41, v230                              // 0000000026CC: 3BCDCC29
	ds_store_b128 v230, v[200:203]                             // 0000000026D0: DB7C0000 0000C8E6
	s_add_u32 s39, s29, 28                                     // 0000000026D8: 80279C1D
	s_lshl_b32 s39, s39, 9                                     // 0000000026DC: 84278927
	v_add_nc_u32_e32 v230, s39, v229                           // 0000000026E0: 4BCDCA27
	v_add_nc_u32_e32 v230, 0x8000, v230                        // 0000000026E4: 4BCDCCFF 00008000
	s_lshr_b32 s41, s39, 9                                     // 0000000026EC: 85298927
	s_and_b32 s41, s41, 7                                      // 0000000026F0: 8B298729
	s_lshl_b32 s41, s41, 4                                     // 0000000026F4: 84298429
	v_xor_b32_e32 v230, s41, v230                              // 0000000026F8: 3BCDCC29
	ds_store_b128 v230, v[204:207]                             // 0000000026FC: DB7C0000 0000CCE6
	s_add_u32 s39, s29, 32                                     // 000000002704: 8027A01D
	s_lshl_b32 s39, s39, 9                                     // 000000002708: 84278927
	v_add_nc_u32_e32 v230, s39, v229                           // 00000000270C: 4BCDCA27
	v_add_nc_u32_e32 v230, 0x8000, v230                        // 000000002710: 4BCDCCFF 00008000
	s_lshr_b32 s41, s39, 9                                     // 000000002718: 85298927
	s_and_b32 s41, s41, 7                                      // 00000000271C: 8B298729
	s_lshl_b32 s41, s41, 4                                     // 000000002720: 84298429
	v_xor_b32_e32 v230, s41, v230                              // 000000002724: 3BCDCC29
	ds_store_b128 v230, v[208:211]                             // 000000002728: DB7C0000 0000D0E6
	s_add_u32 s39, s29, 36                                     // 000000002730: 8027A41D
	s_lshl_b32 s39, s39, 9                                     // 000000002734: 84278927
	v_add_nc_u32_e32 v230, s39, v229                           // 000000002738: 4BCDCA27
	v_add_nc_u32_e32 v230, 0x8000, v230                        // 00000000273C: 4BCDCCFF 00008000
	s_lshr_b32 s41, s39, 9                                     // 000000002744: 85298927
	s_and_b32 s41, s41, 7                                      // 000000002748: 8B298729
	s_lshl_b32 s41, s41, 4                                     // 00000000274C: 84298429
	v_xor_b32_e32 v230, s41, v230                              // 000000002750: 3BCDCC29
	ds_store_b128 v230, v[212:215]                             // 000000002754: DB7C0000 0000D4E6
	s_add_u32 s39, s29, 40                                     // 00000000275C: 8027A81D
	s_lshl_b32 s39, s39, 9                                     // 000000002760: 84278927
	v_add_nc_u32_e32 v230, s39, v229                           // 000000002764: 4BCDCA27
	v_add_nc_u32_e32 v230, 0x8000, v230                        // 000000002768: 4BCDCCFF 00008000
	s_lshr_b32 s41, s39, 9                                     // 000000002770: 85298927
	s_and_b32 s41, s41, 7                                      // 000000002774: 8B298729
	s_lshl_b32 s41, s41, 4                                     // 000000002778: 84298429
	v_xor_b32_e32 v230, s41, v230                              // 00000000277C: 3BCDCC29
	ds_store_b128 v230, v[216:219]                             // 000000002780: DB7C0000 0000D8E6
	s_add_u32 s39, s29, 44                                     // 000000002788: 8027AC1D
	s_lshl_b32 s39, s39, 9                                     // 00000000278C: 84278927
	v_add_nc_u32_e32 v230, s39, v229                           // 000000002790: 4BCDCA27
	v_add_nc_u32_e32 v230, 0x8000, v230                        // 000000002794: 4BCDCCFF 00008000
	s_lshr_b32 s41, s39, 9                                     // 00000000279C: 85298927
	s_and_b32 s41, s41, 7                                      // 0000000027A0: 8B298729
	s_lshl_b32 s41, s41, 4                                     // 0000000027A4: 84298429
	v_xor_b32_e32 v230, s41, v230                              // 0000000027A8: 3BCDCC29
	ds_store_b128 v230, v[220:223]                             // 0000000027AC: DB7C0000 0000DCE6
	s_add_u32 s39, s29, 48                                     // 0000000027B4: 8027B01D
	s_lshl_b32 s39, s39, 9                                     // 0000000027B8: 84278927
	v_add_nc_u32_e32 v230, s39, v229                           // 0000000027BC: 4BCDCA27
	v_add_nc_u32_e32 v230, 0x8000, v230                        // 0000000027C0: 4BCDCCFF 00008000
	s_lshr_b32 s41, s39, 9                                     // 0000000027C8: 85298927
	s_and_b32 s41, s41, 7                                      // 0000000027CC: 8B298729
	s_lshl_b32 s41, s41, 4                                     // 0000000027D0: 84298429
	v_xor_b32_e32 v230, s41, v230                              // 0000000027D4: 3BCDCC29
	ds_store_b128 v230, v[231:234]                             // 0000000027D8: DB7C0000 0000E7E6
	s_add_u32 s39, s29, 52                                     // 0000000027E0: 8027B41D
	s_lshl_b32 s39, s39, 9                                     // 0000000027E4: 84278927
	v_add_nc_u32_e32 v230, s39, v229                           // 0000000027E8: 4BCDCA27
	v_add_nc_u32_e32 v230, 0x8000, v230                        // 0000000027EC: 4BCDCCFF 00008000
	s_lshr_b32 s41, s39, 9                                     // 0000000027F4: 85298927
	s_and_b32 s41, s41, 7                                      // 0000000027F8: 8B298729
	s_lshl_b32 s41, s41, 4                                     // 0000000027FC: 84298429
	v_xor_b32_e32 v230, s41, v230                              // 000000002800: 3BCDCC29
	ds_store_b128 v230, v[235:238]                             // 000000002804: DB7C0000 0000EBE6
	s_add_u32 s39, s29, 56                                     // 00000000280C: 8027B81D
	s_lshl_b32 s39, s39, 9                                     // 000000002810: 84278927
	v_add_nc_u32_e32 v230, s39, v229                           // 000000002814: 4BCDCA27
	v_add_nc_u32_e32 v230, 0x8000, v230                        // 000000002818: 4BCDCCFF 00008000
	s_lshr_b32 s41, s39, 9                                     // 000000002820: 85298927
	s_and_b32 s41, s41, 7                                      // 000000002824: 8B298729
	s_lshl_b32 s41, s41, 4                                     // 000000002828: 84298429
	v_xor_b32_e32 v230, s41, v230                              // 00000000282C: 3BCDCC29
	ds_store_b128 v230, v[239:242]                             // 000000002830: DB7C0000 0000EFE6
	s_add_u32 s39, s29, 60                                     // 000000002838: 8027BC1D
	s_lshl_b32 s39, s39, 9                                     // 00000000283C: 84278927
	v_add_nc_u32_e32 v230, s39, v229                           // 000000002840: 4BCDCA27
	v_add_nc_u32_e32 v230, 0x8000, v230                        // 000000002844: 4BCDCCFF 00008000
	s_lshr_b32 s41, s39, 9                                     // 00000000284C: 85298927
	s_and_b32 s41, s41, 7                                      // 000000002850: 8B298729
	s_lshl_b32 s41, s41, 4                                     // 000000002854: 84298429
	v_xor_b32_e32 v230, s41, v230                              // 000000002858: 3BCDCC29
	ds_store_b128 v230, v[243:246]                             // 00000000285C: DB7C0000 0000F3E6
	v_lshlrev_b32_e32 v231, 4, v2                              // 000000002864: 31CE0484
	v_add_nc_u32_e32 v231, s21, v231                           // 000000002868: 4BCFCE15
	v_add_nc_u32_e32 v231, v231, v3                            // 00000000286C: 4BCE07E7
	v_lshlrev_b32_e32 v240, 13, v231                           // 000000002870: 31E1CE8D
	v_add_nc_u32_e32 v240, s24, v240                           // 000000002874: 4BE1E018
	v_lshl_add_u32 v240, v4, 4, v240                           // 000000002878: D64600F0 07C10904
	v_lshlrev_b32_e32 v231, 13, v2                             // 000000002880: 31CE048D
	v_lshl_add_u32 v232, v4, 7, v231                           // 000000002884: D64600E8 079D0F04
	v_lshl_add_u32 v232, v3, 1, v232                           // 00000000288C: D64600E8 07A10303
	v_add_nc_u32_e32 v232, 0x1800, v232                        // 000000002894: 4BD1D0FF 00001800
	v_lshl_add_u32 v233, v3, 7, v231                           // 00000000289C: D64600E9 079D0F03
	v_lshlrev_b32_e32 v229, 4, v1                              // 0000000028A4: 31CA0284
	v_lshl_add_u32 v233, v4, 4, v233                           // 0000000028A8: D64600E9 07A50904
	v_add_nc_u32_e32 v233, 0x1800, v233                        // 0000000028B0: 4BD3D2FF 00001800
	s_waitcnt lgkmcnt(0)                                       // 0000000028B8: BF89FC07
	s_barrier                                                  // 0000000028BC: BFBD0000
	v_dual_mov_b32 v24, 0 :: v_dual_mov_b32 v25, 0             // 0000000028C0: CA100080 18180080
	v_dual_mov_b32 v26, 0 :: v_dual_mov_b32 v27, 0             // 0000000028C8: CA100080 1A1A0080
	v_dual_mov_b32 v28, 0 :: v_dual_mov_b32 v29, 0             // 0000000028D0: CA100080 1C1C0080
	v_dual_mov_b32 v30, 0 :: v_dual_mov_b32 v31, 0             // 0000000028D8: CA100080 1E1E0080
	v_dual_mov_b32 v192, 0 :: v_dual_mov_b32 v193, 0           // 0000000028E0: CA100080 C0C00080
	v_dual_mov_b32 v194, 0 :: v_dual_mov_b32 v195, 0           // 0000000028E8: CA100080 C2C20080
	v_dual_mov_b32 v196, 0 :: v_dual_mov_b32 v197, 0           // 0000000028F0: CA100080 C4C40080
	v_dual_mov_b32 v198, 0 :: v_dual_mov_b32 v199, 0           // 0000000028F8: CA100080 C6C60080
	v_dual_mov_b32 v200, 0 :: v_dual_mov_b32 v201, 0           // 000000002900: CA100080 C8C80080
	v_dual_mov_b32 v202, 0 :: v_dual_mov_b32 v203, 0           // 000000002908: CA100080 CACA0080
	v_dual_mov_b32 v204, 0 :: v_dual_mov_b32 v205, 0           // 000000002910: CA100080 CCCC0080
	v_dual_mov_b32 v206, 0 :: v_dual_mov_b32 v207, 0           // 000000002918: CA100080 CECE0080
	v_dual_mov_b32 v208, 0 :: v_dual_mov_b32 v209, 0           // 000000002920: CA100080 D0D00080
	v_dual_mov_b32 v210, 0 :: v_dual_mov_b32 v211, 0           // 000000002928: CA100080 D2D20080
	v_dual_mov_b32 v212, 0 :: v_dual_mov_b32 v213, 0           // 000000002930: CA100080 D4D40080
	v_dual_mov_b32 v214, 0 :: v_dual_mov_b32 v215, 0           // 000000002938: CA100080 D6D60080
	ds_load_b128 v[8:11], v5                                   // 000000002940: DBFC0000 08000005
	s_waitcnt lgkmcnt(0)                                       // 000000002948: BF89FC07
	ds_swizzle_b32 v12, v8 offset:swizzle(SWAP,16)             // 00000000294C: D8D4401F 0C000008
	ds_swizzle_b32 v13, v9 offset:swizzle(SWAP,16)             // 000000002954: D8D4401F 0D000009
	ds_swizzle_b32 v14, v10 offset:swizzle(SWAP,16)            // 00000000295C: D8D4401F 0E00000A
	ds_swizzle_b32 v15, v11 offset:swizzle(SWAP,16)            // 000000002964: D8D4401F 0F00000B
	s_waitcnt lgkmcnt(0)                                       // 00000000296C: BF89FC07
	v_lshlrev_b32_e32 v234, 9, v3                              // 000000002970: 31D40689
	v_lshl_add_u32 v234, v4, 4, v234                           // 000000002974: D64600EA 07A90904
	v_add_nc_u32_e32 v234, 0x8000, v234                        // 00000000297C: 4BD5D4FF 00008000
	v_and_b32_e32 v235, 7, v3                                  // 000000002984: 37D60687
	v_lshlrev_b32_e32 v235, 4, v235                            // 000000002988: 31D7D684
	v_xor_b32_e32 v234, v235, v234                             // 00000000298C: 3BD5D5EB
	ds_load_b128 v[16:19], v234                                // 000000002990: DBFC0000 100000EA
	s_waitcnt lgkmcnt(0)                                       // 000000002998: BF89FC07
	ds_swizzle_b32 v20, v16 offset:swizzle(SWAP,16)            // 00000000299C: D8D4401F 14000010
	ds_swizzle_b32 v21, v17 offset:swizzle(SWAP,16)            // 0000000029A4: D8D4401F 15000011
	ds_swizzle_b32 v22, v18 offset:swizzle(SWAP,16)            // 0000000029AC: D8D4401F 16000012
	ds_swizzle_b32 v23, v19 offset:swizzle(SWAP,16)            // 0000000029B4: D8D4401F 17000013
	s_waitcnt lgkmcnt(0)                                       // 0000000029BC: BF89FC07
	v_lshlrev_b32_e32 v234, 9, v3                              // 0000000029C0: 31D40689
	v_lshl_add_u32 v234, v4, 4, v234                           // 0000000029C4: D64600EA 07A90904
	v_add_nc_u32_e32 v234, 0xa000, v234                        // 0000000029CC: 4BD5D4FF 0000A000
	v_and_b32_e32 v235, 7, v3                                  // 0000000029D4: 37D60687
	v_lshlrev_b32_e32 v235, 4, v235                            // 0000000029D8: 31D7D684
	v_xor_b32_e32 v234, v235, v234                             // 0000000029DC: 3BD5D5EB
	ds_load_b128 v[225:228], v234                              // 0000000029E0: DBFC0000 E10000EA
	v_wmma_f32_16x16x16_bf16 v[24:31], v[8:15], v[16:23], v[24:31]// 0000000029E8: CC414018 1C622108
	s_waitcnt lgkmcnt(0)                                       // 0000000029F0: BF89FC07
	ds_swizzle_b32 v229, v225 offset:swizzle(SWAP,16)          // 0000000029F4: D8D4401F E50000E1
	ds_swizzle_b32 v230, v226 offset:swizzle(SWAP,16)          // 0000000029FC: D8D4401F E60000E2
	ds_swizzle_b32 v231, v227 offset:swizzle(SWAP,16)          // 000000002A04: D8D4401F E70000E3
	ds_swizzle_b32 v232, v228 offset:swizzle(SWAP,16)          // 000000002A0C: D8D4401F E80000E4
	s_waitcnt lgkmcnt(0)                                       // 000000002A14: BF89FC07
	v_lshlrev_b32_e32 v234, 9, v3                              // 000000002A18: 31D40689
	v_lshl_add_u32 v234, v4, 4, v234                           // 000000002A1C: D64600EA 07A90904
	v_add_nc_u32_e32 v234, 0xc000, v234                        // 000000002A24: 4BD5D4FF 0000C000
	v_and_b32_e32 v235, 7, v3                                  // 000000002A2C: 37D60687
	v_lshlrev_b32_e32 v235, 4, v235                            // 000000002A30: 31D7D684
	v_xor_b32_e32 v234, v235, v234                             // 000000002A34: 3BD5D5EB
	ds_load_b128 v[16:19], v234                                // 000000002A38: DBFC0000 100000EA
	v_wmma_f32_16x16x16_bf16 v[192:199], v[8:15], v[225:232], v[192:199]// 000000002A40: CC4140C0 1F03C308
	s_waitcnt lgkmcnt(0)                                       // 000000002A48: BF89FC07
	ds_swizzle_b32 v20, v16 offset:swizzle(SWAP,16)            // 000000002A4C: D8D4401F 14000010
	ds_swizzle_b32 v21, v17 offset:swizzle(SWAP,16)            // 000000002A54: D8D4401F 15000011
	ds_swizzle_b32 v22, v18 offset:swizzle(SWAP,16)            // 000000002A5C: D8D4401F 16000012
	ds_swizzle_b32 v23, v19 offset:swizzle(SWAP,16)            // 000000002A64: D8D4401F 17000013
	s_waitcnt lgkmcnt(0)                                       // 000000002A6C: BF89FC07
	v_lshlrev_b32_e32 v234, 9, v3                              // 000000002A70: 31D40689
	v_lshl_add_u32 v234, v4, 4, v234                           // 000000002A74: D64600EA 07A90904
	v_add_nc_u32_e32 v234, 0xe000, v234                        // 000000002A7C: 4BD5D4FF 0000E000
	v_and_b32_e32 v235, 7, v3                                  // 000000002A84: 37D60687
	v_lshlrev_b32_e32 v235, 4, v235                            // 000000002A88: 31D7D684
	v_xor_b32_e32 v234, v235, v234                             // 000000002A8C: 3BD5D5EB
	ds_load_b128 v[225:228], v234                              // 000000002A90: DBFC0000 E10000EA
	v_wmma_f32_16x16x16_bf16 v[200:207], v[8:15], v[16:23], v[200:207]// 000000002A98: CC4140C8 1F222108
	s_waitcnt lgkmcnt(0)                                       // 000000002AA0: BF89FC07
	ds_swizzle_b32 v229, v225 offset:swizzle(SWAP,16)          // 000000002AA4: D8D4401F E50000E1
	ds_swizzle_b32 v230, v226 offset:swizzle(SWAP,16)          // 000000002AAC: D8D4401F E60000E2
	ds_swizzle_b32 v231, v227 offset:swizzle(SWAP,16)          // 000000002AB4: D8D4401F E70000E3
	ds_swizzle_b32 v232, v228 offset:swizzle(SWAP,16)          // 000000002ABC: D8D4401F E80000E4
	s_waitcnt lgkmcnt(0)                                       // 000000002AC4: BF89FC07
	v_wmma_f32_16x16x16_bf16 v[208:215], v[8:15], v[225:232], v[208:215]// 000000002AC8: CC4140D0 1F43C308
	ds_load_b128 v[8:11], v5 offset:32                         // 000000002AD0: DBFC0020 08000005
	s_waitcnt lgkmcnt(0)                                       // 000000002AD8: BF89FC07
	ds_swizzle_b32 v12, v8 offset:swizzle(SWAP,16)             // 000000002ADC: D8D4401F 0C000008
	ds_swizzle_b32 v13, v9 offset:swizzle(SWAP,16)             // 000000002AE4: D8D4401F 0D000009
	ds_swizzle_b32 v14, v10 offset:swizzle(SWAP,16)            // 000000002AEC: D8D4401F 0E00000A
	ds_swizzle_b32 v15, v11 offset:swizzle(SWAP,16)            // 000000002AF4: D8D4401F 0F00000B
	s_waitcnt lgkmcnt(0)                                       // 000000002AFC: BF89FC07
	v_lshlrev_b32_e32 v234, 9, v3                              // 000000002B00: 31D40689
	v_lshl_add_u32 v234, v4, 4, v234                           // 000000002B04: D64600EA 07A90904
	v_add_nc_u32_e32 v234, 0x8020, v234                        // 000000002B0C: 4BD5D4FF 00008020
	v_and_b32_e32 v235, 7, v3                                  // 000000002B14: 37D60687
	v_lshlrev_b32_e32 v235, 4, v235                            // 000000002B18: 31D7D684
	v_xor_b32_e32 v234, v235, v234                             // 000000002B1C: 3BD5D5EB
	ds_load_b128 v[16:19], v234                                // 000000002B20: DBFC0000 100000EA
	s_waitcnt lgkmcnt(0)                                       // 000000002B28: BF89FC07
	ds_swizzle_b32 v20, v16 offset:swizzle(SWAP,16)            // 000000002B2C: D8D4401F 14000010
	ds_swizzle_b32 v21, v17 offset:swizzle(SWAP,16)            // 000000002B34: D8D4401F 15000011
	ds_swizzle_b32 v22, v18 offset:swizzle(SWAP,16)            // 000000002B3C: D8D4401F 16000012
	ds_swizzle_b32 v23, v19 offset:swizzle(SWAP,16)            // 000000002B44: D8D4401F 17000013
	s_waitcnt lgkmcnt(0)                                       // 000000002B4C: BF89FC07
	v_lshlrev_b32_e32 v234, 9, v3                              // 000000002B50: 31D40689
	v_lshl_add_u32 v234, v4, 4, v234                           // 000000002B54: D64600EA 07A90904
	v_add_nc_u32_e32 v234, 0xa020, v234                        // 000000002B5C: 4BD5D4FF 0000A020
	v_and_b32_e32 v235, 7, v3                                  // 000000002B64: 37D60687
	v_lshlrev_b32_e32 v235, 4, v235                            // 000000002B68: 31D7D684
	v_xor_b32_e32 v234, v235, v234                             // 000000002B6C: 3BD5D5EB
	ds_load_b128 v[225:228], v234                              // 000000002B70: DBFC0000 E10000EA
	v_wmma_f32_16x16x16_bf16 v[24:31], v[8:15], v[16:23], v[24:31]// 000000002B78: CC414018 1C622108
	s_waitcnt lgkmcnt(0)                                       // 000000002B80: BF89FC07
	ds_swizzle_b32 v229, v225 offset:swizzle(SWAP,16)          // 000000002B84: D8D4401F E50000E1
	ds_swizzle_b32 v230, v226 offset:swizzle(SWAP,16)          // 000000002B8C: D8D4401F E60000E2
	ds_swizzle_b32 v231, v227 offset:swizzle(SWAP,16)          // 000000002B94: D8D4401F E70000E3
	ds_swizzle_b32 v232, v228 offset:swizzle(SWAP,16)          // 000000002B9C: D8D4401F E80000E4
	s_waitcnt lgkmcnt(0)                                       // 000000002BA4: BF89FC07
	v_lshlrev_b32_e32 v234, 9, v3                              // 000000002BA8: 31D40689
	v_lshl_add_u32 v234, v4, 4, v234                           // 000000002BAC: D64600EA 07A90904
	v_add_nc_u32_e32 v234, 0xc020, v234                        // 000000002BB4: 4BD5D4FF 0000C020
	v_and_b32_e32 v235, 7, v3                                  // 000000002BBC: 37D60687
	v_lshlrev_b32_e32 v235, 4, v235                            // 000000002BC0: 31D7D684
	v_xor_b32_e32 v234, v235, v234                             // 000000002BC4: 3BD5D5EB
	ds_load_b128 v[16:19], v234                                // 000000002BC8: DBFC0000 100000EA
	v_wmma_f32_16x16x16_bf16 v[192:199], v[8:15], v[225:232], v[192:199]// 000000002BD0: CC4140C0 1F03C308
	s_waitcnt lgkmcnt(0)                                       // 000000002BD8: BF89FC07
	ds_swizzle_b32 v20, v16 offset:swizzle(SWAP,16)            // 000000002BDC: D8D4401F 14000010
	ds_swizzle_b32 v21, v17 offset:swizzle(SWAP,16)            // 000000002BE4: D8D4401F 15000011
	ds_swizzle_b32 v22, v18 offset:swizzle(SWAP,16)            // 000000002BEC: D8D4401F 16000012
	ds_swizzle_b32 v23, v19 offset:swizzle(SWAP,16)            // 000000002BF4: D8D4401F 17000013
	s_waitcnt lgkmcnt(0)                                       // 000000002BFC: BF89FC07
	v_lshlrev_b32_e32 v234, 9, v3                              // 000000002C00: 31D40689
	v_lshl_add_u32 v234, v4, 4, v234                           // 000000002C04: D64600EA 07A90904
	v_add_nc_u32_e32 v234, 0xe020, v234                        // 000000002C0C: 4BD5D4FF 0000E020
	v_and_b32_e32 v235, 7, v3                                  // 000000002C14: 37D60687
	v_lshlrev_b32_e32 v235, 4, v235                            // 000000002C18: 31D7D684
	v_xor_b32_e32 v234, v235, v234                             // 000000002C1C: 3BD5D5EB
	ds_load_b128 v[225:228], v234                              // 000000002C20: DBFC0000 E10000EA
	v_wmma_f32_16x16x16_bf16 v[200:207], v[8:15], v[16:23], v[200:207]// 000000002C28: CC4140C8 1F222108
	s_waitcnt lgkmcnt(0)                                       // 000000002C30: BF89FC07
	ds_swizzle_b32 v229, v225 offset:swizzle(SWAP,16)          // 000000002C34: D8D4401F E50000E1
	ds_swizzle_b32 v230, v226 offset:swizzle(SWAP,16)          // 000000002C3C: D8D4401F E60000E2
	ds_swizzle_b32 v231, v227 offset:swizzle(SWAP,16)          // 000000002C44: D8D4401F E70000E3
	ds_swizzle_b32 v232, v228 offset:swizzle(SWAP,16)          // 000000002C4C: D8D4401F E80000E4
	s_waitcnt lgkmcnt(0)                                       // 000000002C54: BF89FC07
	v_wmma_f32_16x16x16_bf16 v[208:215], v[8:15], v[225:232], v[208:215]// 000000002C58: CC4140D0 1F43C308
	ds_load_b128 v[8:11], v5 offset:64                         // 000000002C60: DBFC0040 08000005
	s_waitcnt lgkmcnt(0)                                       // 000000002C68: BF89FC07
	ds_swizzle_b32 v12, v8 offset:swizzle(SWAP,16)             // 000000002C6C: D8D4401F 0C000008
	ds_swizzle_b32 v13, v9 offset:swizzle(SWAP,16)             // 000000002C74: D8D4401F 0D000009
	ds_swizzle_b32 v14, v10 offset:swizzle(SWAP,16)            // 000000002C7C: D8D4401F 0E00000A
	ds_swizzle_b32 v15, v11 offset:swizzle(SWAP,16)            // 000000002C84: D8D4401F 0F00000B
	s_waitcnt lgkmcnt(0)                                       // 000000002C8C: BF89FC07
	v_lshlrev_b32_e32 v234, 9, v3                              // 000000002C90: 31D40689
	v_lshl_add_u32 v234, v4, 4, v234                           // 000000002C94: D64600EA 07A90904
	v_add_nc_u32_e32 v234, 0x8040, v234                        // 000000002C9C: 4BD5D4FF 00008040
	v_and_b32_e32 v235, 7, v3                                  // 000000002CA4: 37D60687
	v_lshlrev_b32_e32 v235, 4, v235                            // 000000002CA8: 31D7D684
	v_xor_b32_e32 v234, v235, v234                             // 000000002CAC: 3BD5D5EB
	ds_load_b128 v[16:19], v234                                // 000000002CB0: DBFC0000 100000EA
	s_waitcnt lgkmcnt(0)                                       // 000000002CB8: BF89FC07
	ds_swizzle_b32 v20, v16 offset:swizzle(SWAP,16)            // 000000002CBC: D8D4401F 14000010
	ds_swizzle_b32 v21, v17 offset:swizzle(SWAP,16)            // 000000002CC4: D8D4401F 15000011
	ds_swizzle_b32 v22, v18 offset:swizzle(SWAP,16)            // 000000002CCC: D8D4401F 16000012
	ds_swizzle_b32 v23, v19 offset:swizzle(SWAP,16)            // 000000002CD4: D8D4401F 17000013
	s_waitcnt lgkmcnt(0)                                       // 000000002CDC: BF89FC07
	v_lshlrev_b32_e32 v234, 9, v3                              // 000000002CE0: 31D40689
	v_lshl_add_u32 v234, v4, 4, v234                           // 000000002CE4: D64600EA 07A90904
	v_add_nc_u32_e32 v234, 0xa040, v234                        // 000000002CEC: 4BD5D4FF 0000A040
	v_and_b32_e32 v235, 7, v3                                  // 000000002CF4: 37D60687
	v_lshlrev_b32_e32 v235, 4, v235                            // 000000002CF8: 31D7D684
	v_xor_b32_e32 v234, v235, v234                             // 000000002CFC: 3BD5D5EB
	ds_load_b128 v[225:228], v234                              // 000000002D00: DBFC0000 E10000EA
	v_wmma_f32_16x16x16_bf16 v[24:31], v[8:15], v[16:23], v[24:31]// 000000002D08: CC414018 1C622108
	s_waitcnt lgkmcnt(0)                                       // 000000002D10: BF89FC07
	ds_swizzle_b32 v229, v225 offset:swizzle(SWAP,16)          // 000000002D14: D8D4401F E50000E1
	ds_swizzle_b32 v230, v226 offset:swizzle(SWAP,16)          // 000000002D1C: D8D4401F E60000E2
	ds_swizzle_b32 v231, v227 offset:swizzle(SWAP,16)          // 000000002D24: D8D4401F E70000E3
	ds_swizzle_b32 v232, v228 offset:swizzle(SWAP,16)          // 000000002D2C: D8D4401F E80000E4
	s_waitcnt lgkmcnt(0)                                       // 000000002D34: BF89FC07
	v_lshlrev_b32_e32 v234, 9, v3                              // 000000002D38: 31D40689
	v_lshl_add_u32 v234, v4, 4, v234                           // 000000002D3C: D64600EA 07A90904
	v_add_nc_u32_e32 v234, 0xc040, v234                        // 000000002D44: 4BD5D4FF 0000C040
	v_and_b32_e32 v235, 7, v3                                  // 000000002D4C: 37D60687
	v_lshlrev_b32_e32 v235, 4, v235                            // 000000002D50: 31D7D684
	v_xor_b32_e32 v234, v235, v234                             // 000000002D54: 3BD5D5EB
	ds_load_b128 v[16:19], v234                                // 000000002D58: DBFC0000 100000EA
	v_wmma_f32_16x16x16_bf16 v[192:199], v[8:15], v[225:232], v[192:199]// 000000002D60: CC4140C0 1F03C308
	s_waitcnt lgkmcnt(0)                                       // 000000002D68: BF89FC07
	ds_swizzle_b32 v20, v16 offset:swizzle(SWAP,16)            // 000000002D6C: D8D4401F 14000010
	ds_swizzle_b32 v21, v17 offset:swizzle(SWAP,16)            // 000000002D74: D8D4401F 15000011
	ds_swizzle_b32 v22, v18 offset:swizzle(SWAP,16)            // 000000002D7C: D8D4401F 16000012
	ds_swizzle_b32 v23, v19 offset:swizzle(SWAP,16)            // 000000002D84: D8D4401F 17000013
	s_waitcnt lgkmcnt(0)                                       // 000000002D8C: BF89FC07
	v_lshlrev_b32_e32 v234, 9, v3                              // 000000002D90: 31D40689
	v_lshl_add_u32 v234, v4, 4, v234                           // 000000002D94: D64600EA 07A90904
	v_add_nc_u32_e32 v234, 0xe040, v234                        // 000000002D9C: 4BD5D4FF 0000E040
	v_and_b32_e32 v235, 7, v3                                  // 000000002DA4: 37D60687
	v_lshlrev_b32_e32 v235, 4, v235                            // 000000002DA8: 31D7D684
	v_xor_b32_e32 v234, v235, v234                             // 000000002DAC: 3BD5D5EB
	ds_load_b128 v[225:228], v234                              // 000000002DB0: DBFC0000 E10000EA
	v_wmma_f32_16x16x16_bf16 v[200:207], v[8:15], v[16:23], v[200:207]// 000000002DB8: CC4140C8 1F222108
	s_waitcnt lgkmcnt(0)                                       // 000000002DC0: BF89FC07
	ds_swizzle_b32 v229, v225 offset:swizzle(SWAP,16)          // 000000002DC4: D8D4401F E50000E1
	ds_swizzle_b32 v230, v226 offset:swizzle(SWAP,16)          // 000000002DCC: D8D4401F E60000E2
	ds_swizzle_b32 v231, v227 offset:swizzle(SWAP,16)          // 000000002DD4: D8D4401F E70000E3
	ds_swizzle_b32 v232, v228 offset:swizzle(SWAP,16)          // 000000002DDC: D8D4401F E80000E4
	s_waitcnt lgkmcnt(0)                                       // 000000002DE4: BF89FC07
	v_wmma_f32_16x16x16_bf16 v[208:215], v[8:15], v[225:232], v[208:215]// 000000002DE8: CC4140D0 1F43C308
	ds_load_b128 v[8:11], v5 offset:96                         // 000000002DF0: DBFC0060 08000005
	s_waitcnt lgkmcnt(0)                                       // 000000002DF8: BF89FC07
	ds_swizzle_b32 v12, v8 offset:swizzle(SWAP,16)             // 000000002DFC: D8D4401F 0C000008
	ds_swizzle_b32 v13, v9 offset:swizzle(SWAP,16)             // 000000002E04: D8D4401F 0D000009
	ds_swizzle_b32 v14, v10 offset:swizzle(SWAP,16)            // 000000002E0C: D8D4401F 0E00000A
	ds_swizzle_b32 v15, v11 offset:swizzle(SWAP,16)            // 000000002E14: D8D4401F 0F00000B
	s_waitcnt lgkmcnt(0)                                       // 000000002E1C: BF89FC07
	v_lshlrev_b32_e32 v234, 9, v3                              // 000000002E20: 31D40689
	v_lshl_add_u32 v234, v4, 4, v234                           // 000000002E24: D64600EA 07A90904
	v_add_nc_u32_e32 v234, 0x8060, v234                        // 000000002E2C: 4BD5D4FF 00008060
	v_and_b32_e32 v235, 7, v3                                  // 000000002E34: 37D60687
	v_lshlrev_b32_e32 v235, 4, v235                            // 000000002E38: 31D7D684
	v_xor_b32_e32 v234, v235, v234                             // 000000002E3C: 3BD5D5EB
	ds_load_b128 v[16:19], v234                                // 000000002E40: DBFC0000 100000EA
	s_waitcnt lgkmcnt(0)                                       // 000000002E48: BF89FC07
	ds_swizzle_b32 v20, v16 offset:swizzle(SWAP,16)            // 000000002E4C: D8D4401F 14000010
	ds_swizzle_b32 v21, v17 offset:swizzle(SWAP,16)            // 000000002E54: D8D4401F 15000011
	ds_swizzle_b32 v22, v18 offset:swizzle(SWAP,16)            // 000000002E5C: D8D4401F 16000012
	ds_swizzle_b32 v23, v19 offset:swizzle(SWAP,16)            // 000000002E64: D8D4401F 17000013
	s_waitcnt lgkmcnt(0)                                       // 000000002E6C: BF89FC07
	v_lshlrev_b32_e32 v234, 9, v3                              // 000000002E70: 31D40689
	v_lshl_add_u32 v234, v4, 4, v234                           // 000000002E74: D64600EA 07A90904
	v_add_nc_u32_e32 v234, 0xa060, v234                        // 000000002E7C: 4BD5D4FF 0000A060
	v_and_b32_e32 v235, 7, v3                                  // 000000002E84: 37D60687
	v_lshlrev_b32_e32 v235, 4, v235                            // 000000002E88: 31D7D684
	v_xor_b32_e32 v234, v235, v234                             // 000000002E8C: 3BD5D5EB
	ds_load_b128 v[225:228], v234                              // 000000002E90: DBFC0000 E10000EA
	v_wmma_f32_16x16x16_bf16 v[24:31], v[8:15], v[16:23], v[24:31]// 000000002E98: CC414018 1C622108
	s_waitcnt lgkmcnt(0)                                       // 000000002EA0: BF89FC07
	ds_swizzle_b32 v229, v225 offset:swizzle(SWAP,16)          // 000000002EA4: D8D4401F E50000E1
	ds_swizzle_b32 v230, v226 offset:swizzle(SWAP,16)          // 000000002EAC: D8D4401F E60000E2
	ds_swizzle_b32 v231, v227 offset:swizzle(SWAP,16)          // 000000002EB4: D8D4401F E70000E3
	ds_swizzle_b32 v232, v228 offset:swizzle(SWAP,16)          // 000000002EBC: D8D4401F E80000E4
	s_waitcnt lgkmcnt(0)                                       // 000000002EC4: BF89FC07
	v_lshlrev_b32_e32 v234, 9, v3                              // 000000002EC8: 31D40689
	v_lshl_add_u32 v234, v4, 4, v234                           // 000000002ECC: D64600EA 07A90904
	v_add_nc_u32_e32 v234, 0xc060, v234                        // 000000002ED4: 4BD5D4FF 0000C060
	v_and_b32_e32 v235, 7, v3                                  // 000000002EDC: 37D60687
	v_lshlrev_b32_e32 v235, 4, v235                            // 000000002EE0: 31D7D684
	v_xor_b32_e32 v234, v235, v234                             // 000000002EE4: 3BD5D5EB
	ds_load_b128 v[16:19], v234                                // 000000002EE8: DBFC0000 100000EA
	v_wmma_f32_16x16x16_bf16 v[192:199], v[8:15], v[225:232], v[192:199]// 000000002EF0: CC4140C0 1F03C308
	s_waitcnt lgkmcnt(0)                                       // 000000002EF8: BF89FC07
	ds_swizzle_b32 v20, v16 offset:swizzle(SWAP,16)            // 000000002EFC: D8D4401F 14000010
	ds_swizzle_b32 v21, v17 offset:swizzle(SWAP,16)            // 000000002F04: D8D4401F 15000011
	ds_swizzle_b32 v22, v18 offset:swizzle(SWAP,16)            // 000000002F0C: D8D4401F 16000012
	ds_swizzle_b32 v23, v19 offset:swizzle(SWAP,16)            // 000000002F14: D8D4401F 17000013
	s_waitcnt lgkmcnt(0)                                       // 000000002F1C: BF89FC07
	v_lshlrev_b32_e32 v234, 9, v3                              // 000000002F20: 31D40689
	v_lshl_add_u32 v234, v4, 4, v234                           // 000000002F24: D64600EA 07A90904
	v_add_nc_u32_e32 v234, 0xe060, v234                        // 000000002F2C: 4BD5D4FF 0000E060
	v_and_b32_e32 v235, 7, v3                                  // 000000002F34: 37D60687
	v_lshlrev_b32_e32 v235, 4, v235                            // 000000002F38: 31D7D684
	v_xor_b32_e32 v234, v235, v234                             // 000000002F3C: 3BD5D5EB
	ds_load_b128 v[225:228], v234                              // 000000002F40: DBFC0000 E10000EA
	v_wmma_f32_16x16x16_bf16 v[200:207], v[8:15], v[16:23], v[200:207]// 000000002F48: CC4140C8 1F222108
	s_waitcnt lgkmcnt(0)                                       // 000000002F50: BF89FC07
	ds_swizzle_b32 v229, v225 offset:swizzle(SWAP,16)          // 000000002F54: D8D4401F E50000E1
	ds_swizzle_b32 v230, v226 offset:swizzle(SWAP,16)          // 000000002F5C: D8D4401F E60000E2
	ds_swizzle_b32 v231, v227 offset:swizzle(SWAP,16)          // 000000002F64: D8D4401F E70000E3
	ds_swizzle_b32 v232, v228 offset:swizzle(SWAP,16)          // 000000002F6C: D8D4401F E80000E4
	s_waitcnt lgkmcnt(0)                                       // 000000002F74: BF89FC07
	v_wmma_f32_16x16x16_bf16 v[208:215], v[8:15], v[225:232], v[208:215]// 000000002F78: CC4140D0 1F43C308
	ds_load_b128 v[8:11], v5 offset:128                        // 000000002F80: DBFC0080 08000005
	s_waitcnt lgkmcnt(0)                                       // 000000002F88: BF89FC07
	ds_swizzle_b32 v12, v8 offset:swizzle(SWAP,16)             // 000000002F8C: D8D4401F 0C000008
	ds_swizzle_b32 v13, v9 offset:swizzle(SWAP,16)             // 000000002F94: D8D4401F 0D000009
	ds_swizzle_b32 v14, v10 offset:swizzle(SWAP,16)            // 000000002F9C: D8D4401F 0E00000A
	ds_swizzle_b32 v15, v11 offset:swizzle(SWAP,16)            // 000000002FA4: D8D4401F 0F00000B
	s_waitcnt lgkmcnt(0)                                       // 000000002FAC: BF89FC07
	v_lshlrev_b32_e32 v234, 9, v3                              // 000000002FB0: 31D40689
	v_lshl_add_u32 v234, v4, 4, v234                           // 000000002FB4: D64600EA 07A90904
	v_add_nc_u32_e32 v234, 0x8080, v234                        // 000000002FBC: 4BD5D4FF 00008080
	v_and_b32_e32 v235, 7, v3                                  // 000000002FC4: 37D60687
	v_lshlrev_b32_e32 v235, 4, v235                            // 000000002FC8: 31D7D684
	v_xor_b32_e32 v234, v235, v234                             // 000000002FCC: 3BD5D5EB
	ds_load_b128 v[16:19], v234                                // 000000002FD0: DBFC0000 100000EA
	s_waitcnt lgkmcnt(0)                                       // 000000002FD8: BF89FC07
	ds_swizzle_b32 v20, v16 offset:swizzle(SWAP,16)            // 000000002FDC: D8D4401F 14000010
	ds_swizzle_b32 v21, v17 offset:swizzle(SWAP,16)            // 000000002FE4: D8D4401F 15000011
	ds_swizzle_b32 v22, v18 offset:swizzle(SWAP,16)            // 000000002FEC: D8D4401F 16000012
	ds_swizzle_b32 v23, v19 offset:swizzle(SWAP,16)            // 000000002FF4: D8D4401F 17000013
	s_waitcnt lgkmcnt(0)                                       // 000000002FFC: BF89FC07
	v_lshlrev_b32_e32 v234, 9, v3                              // 000000003000: 31D40689
	v_lshl_add_u32 v234, v4, 4, v234                           // 000000003004: D64600EA 07A90904
	v_add_nc_u32_e32 v234, 0xa080, v234                        // 00000000300C: 4BD5D4FF 0000A080
	v_and_b32_e32 v235, 7, v3                                  // 000000003014: 37D60687
	v_lshlrev_b32_e32 v235, 4, v235                            // 000000003018: 31D7D684
	v_xor_b32_e32 v234, v235, v234                             // 00000000301C: 3BD5D5EB
	ds_load_b128 v[225:228], v234                              // 000000003020: DBFC0000 E10000EA
	v_wmma_f32_16x16x16_bf16 v[24:31], v[8:15], v[16:23], v[24:31]// 000000003028: CC414018 1C622108
	s_waitcnt lgkmcnt(0)                                       // 000000003030: BF89FC07
	ds_swizzle_b32 v229, v225 offset:swizzle(SWAP,16)          // 000000003034: D8D4401F E50000E1
	ds_swizzle_b32 v230, v226 offset:swizzle(SWAP,16)          // 00000000303C: D8D4401F E60000E2
	ds_swizzle_b32 v231, v227 offset:swizzle(SWAP,16)          // 000000003044: D8D4401F E70000E3
	ds_swizzle_b32 v232, v228 offset:swizzle(SWAP,16)          // 00000000304C: D8D4401F E80000E4
	s_waitcnt lgkmcnt(0)                                       // 000000003054: BF89FC07
	v_lshlrev_b32_e32 v234, 9, v3                              // 000000003058: 31D40689
	v_lshl_add_u32 v234, v4, 4, v234                           // 00000000305C: D64600EA 07A90904
	v_add_nc_u32_e32 v234, 0xc080, v234                        // 000000003064: 4BD5D4FF 0000C080
	v_and_b32_e32 v235, 7, v3                                  // 00000000306C: 37D60687
	v_lshlrev_b32_e32 v235, 4, v235                            // 000000003070: 31D7D684
	v_xor_b32_e32 v234, v235, v234                             // 000000003074: 3BD5D5EB
	ds_load_b128 v[16:19], v234                                // 000000003078: DBFC0000 100000EA
	v_wmma_f32_16x16x16_bf16 v[192:199], v[8:15], v[225:232], v[192:199]// 000000003080: CC4140C0 1F03C308
	s_waitcnt lgkmcnt(0)                                       // 000000003088: BF89FC07
	ds_swizzle_b32 v20, v16 offset:swizzle(SWAP,16)            // 00000000308C: D8D4401F 14000010
	ds_swizzle_b32 v21, v17 offset:swizzle(SWAP,16)            // 000000003094: D8D4401F 15000011
	ds_swizzle_b32 v22, v18 offset:swizzle(SWAP,16)            // 00000000309C: D8D4401F 16000012
	ds_swizzle_b32 v23, v19 offset:swizzle(SWAP,16)            // 0000000030A4: D8D4401F 17000013
	s_waitcnt lgkmcnt(0)                                       // 0000000030AC: BF89FC07
	v_lshlrev_b32_e32 v234, 9, v3                              // 0000000030B0: 31D40689
	v_lshl_add_u32 v234, v4, 4, v234                           // 0000000030B4: D64600EA 07A90904
	v_add_nc_u32_e32 v234, 0xe080, v234                        // 0000000030BC: 4BD5D4FF 0000E080
	v_and_b32_e32 v235, 7, v3                                  // 0000000030C4: 37D60687
	v_lshlrev_b32_e32 v235, 4, v235                            // 0000000030C8: 31D7D684
	v_xor_b32_e32 v234, v235, v234                             // 0000000030CC: 3BD5D5EB
	ds_load_b128 v[225:228], v234                              // 0000000030D0: DBFC0000 E10000EA
	v_wmma_f32_16x16x16_bf16 v[200:207], v[8:15], v[16:23], v[200:207]// 0000000030D8: CC4140C8 1F222108
	s_waitcnt lgkmcnt(0)                                       // 0000000030E0: BF89FC07
	ds_swizzle_b32 v229, v225 offset:swizzle(SWAP,16)          // 0000000030E4: D8D4401F E50000E1
	ds_swizzle_b32 v230, v226 offset:swizzle(SWAP,16)          // 0000000030EC: D8D4401F E60000E2
	ds_swizzle_b32 v231, v227 offset:swizzle(SWAP,16)          // 0000000030F4: D8D4401F E70000E3
	ds_swizzle_b32 v232, v228 offset:swizzle(SWAP,16)          // 0000000030FC: D8D4401F E80000E4
	s_waitcnt lgkmcnt(0)                                       // 000000003104: BF89FC07
	v_wmma_f32_16x16x16_bf16 v[208:215], v[8:15], v[225:232], v[208:215]// 000000003108: CC4140D0 1F43C308
	ds_load_b128 v[8:11], v5 offset:160                        // 000000003110: DBFC00A0 08000005
	s_waitcnt lgkmcnt(0)                                       // 000000003118: BF89FC07
	ds_swizzle_b32 v12, v8 offset:swizzle(SWAP,16)             // 00000000311C: D8D4401F 0C000008
	ds_swizzle_b32 v13, v9 offset:swizzle(SWAP,16)             // 000000003124: D8D4401F 0D000009
	ds_swizzle_b32 v14, v10 offset:swizzle(SWAP,16)            // 00000000312C: D8D4401F 0E00000A
	ds_swizzle_b32 v15, v11 offset:swizzle(SWAP,16)            // 000000003134: D8D4401F 0F00000B
	s_waitcnt lgkmcnt(0)                                       // 00000000313C: BF89FC07
	v_lshlrev_b32_e32 v234, 9, v3                              // 000000003140: 31D40689
	v_lshl_add_u32 v234, v4, 4, v234                           // 000000003144: D64600EA 07A90904
	v_add_nc_u32_e32 v234, 0x80a0, v234                        // 00000000314C: 4BD5D4FF 000080A0
	v_and_b32_e32 v235, 7, v3                                  // 000000003154: 37D60687
	v_lshlrev_b32_e32 v235, 4, v235                            // 000000003158: 31D7D684
	v_xor_b32_e32 v234, v235, v234                             // 00000000315C: 3BD5D5EB
	ds_load_b128 v[16:19], v234                                // 000000003160: DBFC0000 100000EA
	s_waitcnt lgkmcnt(0)                                       // 000000003168: BF89FC07
	ds_swizzle_b32 v20, v16 offset:swizzle(SWAP,16)            // 00000000316C: D8D4401F 14000010
	ds_swizzle_b32 v21, v17 offset:swizzle(SWAP,16)            // 000000003174: D8D4401F 15000011
	ds_swizzle_b32 v22, v18 offset:swizzle(SWAP,16)            // 00000000317C: D8D4401F 16000012
	ds_swizzle_b32 v23, v19 offset:swizzle(SWAP,16)            // 000000003184: D8D4401F 17000013
	s_waitcnt lgkmcnt(0)                                       // 00000000318C: BF89FC07
	v_lshlrev_b32_e32 v234, 9, v3                              // 000000003190: 31D40689
	v_lshl_add_u32 v234, v4, 4, v234                           // 000000003194: D64600EA 07A90904
	v_add_nc_u32_e32 v234, 0xa0a0, v234                        // 00000000319C: 4BD5D4FF 0000A0A0
	v_and_b32_e32 v235, 7, v3                                  // 0000000031A4: 37D60687
	v_lshlrev_b32_e32 v235, 4, v235                            // 0000000031A8: 31D7D684
	v_xor_b32_e32 v234, v235, v234                             // 0000000031AC: 3BD5D5EB
	ds_load_b128 v[225:228], v234                              // 0000000031B0: DBFC0000 E10000EA
	v_wmma_f32_16x16x16_bf16 v[24:31], v[8:15], v[16:23], v[24:31]// 0000000031B8: CC414018 1C622108
	s_waitcnt lgkmcnt(0)                                       // 0000000031C0: BF89FC07
	ds_swizzle_b32 v229, v225 offset:swizzle(SWAP,16)          // 0000000031C4: D8D4401F E50000E1
	ds_swizzle_b32 v230, v226 offset:swizzle(SWAP,16)          // 0000000031CC: D8D4401F E60000E2
	ds_swizzle_b32 v231, v227 offset:swizzle(SWAP,16)          // 0000000031D4: D8D4401F E70000E3
	ds_swizzle_b32 v232, v228 offset:swizzle(SWAP,16)          // 0000000031DC: D8D4401F E80000E4
	s_waitcnt lgkmcnt(0)                                       // 0000000031E4: BF89FC07
	v_lshlrev_b32_e32 v234, 9, v3                              // 0000000031E8: 31D40689
	v_lshl_add_u32 v234, v4, 4, v234                           // 0000000031EC: D64600EA 07A90904
	v_add_nc_u32_e32 v234, 0xc0a0, v234                        // 0000000031F4: 4BD5D4FF 0000C0A0
	v_and_b32_e32 v235, 7, v3                                  // 0000000031FC: 37D60687
	v_lshlrev_b32_e32 v235, 4, v235                            // 000000003200: 31D7D684
	v_xor_b32_e32 v234, v235, v234                             // 000000003204: 3BD5D5EB
	ds_load_b128 v[16:19], v234                                // 000000003208: DBFC0000 100000EA
	v_wmma_f32_16x16x16_bf16 v[192:199], v[8:15], v[225:232], v[192:199]// 000000003210: CC4140C0 1F03C308
	s_waitcnt lgkmcnt(0)                                       // 000000003218: BF89FC07
	ds_swizzle_b32 v20, v16 offset:swizzle(SWAP,16)            // 00000000321C: D8D4401F 14000010
	ds_swizzle_b32 v21, v17 offset:swizzle(SWAP,16)            // 000000003224: D8D4401F 15000011
	ds_swizzle_b32 v22, v18 offset:swizzle(SWAP,16)            // 00000000322C: D8D4401F 16000012
	ds_swizzle_b32 v23, v19 offset:swizzle(SWAP,16)            // 000000003234: D8D4401F 17000013
	s_waitcnt lgkmcnt(0)                                       // 00000000323C: BF89FC07
	v_lshlrev_b32_e32 v234, 9, v3                              // 000000003240: 31D40689
	v_lshl_add_u32 v234, v4, 4, v234                           // 000000003244: D64600EA 07A90904
	v_add_nc_u32_e32 v234, 0xe0a0, v234                        // 00000000324C: 4BD5D4FF 0000E0A0
	v_and_b32_e32 v235, 7, v3                                  // 000000003254: 37D60687
	v_lshlrev_b32_e32 v235, 4, v235                            // 000000003258: 31D7D684
	v_xor_b32_e32 v234, v235, v234                             // 00000000325C: 3BD5D5EB
	ds_load_b128 v[225:228], v234                              // 000000003260: DBFC0000 E10000EA
	v_wmma_f32_16x16x16_bf16 v[200:207], v[8:15], v[16:23], v[200:207]// 000000003268: CC4140C8 1F222108
	s_waitcnt lgkmcnt(0)                                       // 000000003270: BF89FC07
	ds_swizzle_b32 v229, v225 offset:swizzle(SWAP,16)          // 000000003274: D8D4401F E50000E1
	ds_swizzle_b32 v230, v226 offset:swizzle(SWAP,16)          // 00000000327C: D8D4401F E60000E2
	ds_swizzle_b32 v231, v227 offset:swizzle(SWAP,16)          // 000000003284: D8D4401F E70000E3
	ds_swizzle_b32 v232, v228 offset:swizzle(SWAP,16)          // 00000000328C: D8D4401F E80000E4
	s_waitcnt lgkmcnt(0)                                       // 000000003294: BF89FC07
	v_wmma_f32_16x16x16_bf16 v[208:215], v[8:15], v[225:232], v[208:215]// 000000003298: CC4140D0 1F43C308
	ds_load_b128 v[8:11], v5 offset:192                        // 0000000032A0: DBFC00C0 08000005
	s_waitcnt lgkmcnt(0)                                       // 0000000032A8: BF89FC07
	ds_swizzle_b32 v12, v8 offset:swizzle(SWAP,16)             // 0000000032AC: D8D4401F 0C000008
	ds_swizzle_b32 v13, v9 offset:swizzle(SWAP,16)             // 0000000032B4: D8D4401F 0D000009
	ds_swizzle_b32 v14, v10 offset:swizzle(SWAP,16)            // 0000000032BC: D8D4401F 0E00000A
	ds_swizzle_b32 v15, v11 offset:swizzle(SWAP,16)            // 0000000032C4: D8D4401F 0F00000B
	s_waitcnt lgkmcnt(0)                                       // 0000000032CC: BF89FC07
	v_lshlrev_b32_e32 v234, 9, v3                              // 0000000032D0: 31D40689
	v_lshl_add_u32 v234, v4, 4, v234                           // 0000000032D4: D64600EA 07A90904
	v_add_nc_u32_e32 v234, 0x80c0, v234                        // 0000000032DC: 4BD5D4FF 000080C0
	v_and_b32_e32 v235, 7, v3                                  // 0000000032E4: 37D60687
	v_lshlrev_b32_e32 v235, 4, v235                            // 0000000032E8: 31D7D684
	v_xor_b32_e32 v234, v235, v234                             // 0000000032EC: 3BD5D5EB
	ds_load_b128 v[16:19], v234                                // 0000000032F0: DBFC0000 100000EA
	s_waitcnt lgkmcnt(0)                                       // 0000000032F8: BF89FC07
	ds_swizzle_b32 v20, v16 offset:swizzle(SWAP,16)            // 0000000032FC: D8D4401F 14000010
	ds_swizzle_b32 v21, v17 offset:swizzle(SWAP,16)            // 000000003304: D8D4401F 15000011
	ds_swizzle_b32 v22, v18 offset:swizzle(SWAP,16)            // 00000000330C: D8D4401F 16000012
	ds_swizzle_b32 v23, v19 offset:swizzle(SWAP,16)            // 000000003314: D8D4401F 17000013
	s_waitcnt lgkmcnt(0)                                       // 00000000331C: BF89FC07
	v_lshlrev_b32_e32 v234, 9, v3                              // 000000003320: 31D40689
	v_lshl_add_u32 v234, v4, 4, v234                           // 000000003324: D64600EA 07A90904
	v_add_nc_u32_e32 v234, 0xa0c0, v234                        // 00000000332C: 4BD5D4FF 0000A0C0
	v_and_b32_e32 v235, 7, v3                                  // 000000003334: 37D60687
	v_lshlrev_b32_e32 v235, 4, v235                            // 000000003338: 31D7D684
	v_xor_b32_e32 v234, v235, v234                             // 00000000333C: 3BD5D5EB
	ds_load_b128 v[225:228], v234                              // 000000003340: DBFC0000 E10000EA
	v_wmma_f32_16x16x16_bf16 v[24:31], v[8:15], v[16:23], v[24:31]// 000000003348: CC414018 1C622108
	s_waitcnt lgkmcnt(0)                                       // 000000003350: BF89FC07
	ds_swizzle_b32 v229, v225 offset:swizzle(SWAP,16)          // 000000003354: D8D4401F E50000E1
	ds_swizzle_b32 v230, v226 offset:swizzle(SWAP,16)          // 00000000335C: D8D4401F E60000E2
	ds_swizzle_b32 v231, v227 offset:swizzle(SWAP,16)          // 000000003364: D8D4401F E70000E3
	ds_swizzle_b32 v232, v228 offset:swizzle(SWAP,16)          // 00000000336C: D8D4401F E80000E4
	s_waitcnt lgkmcnt(0)                                       // 000000003374: BF89FC07
	v_lshlrev_b32_e32 v234, 9, v3                              // 000000003378: 31D40689
	v_lshl_add_u32 v234, v4, 4, v234                           // 00000000337C: D64600EA 07A90904
	v_add_nc_u32_e32 v234, 0xc0c0, v234                        // 000000003384: 4BD5D4FF 0000C0C0
	v_and_b32_e32 v235, 7, v3                                  // 00000000338C: 37D60687
	v_lshlrev_b32_e32 v235, 4, v235                            // 000000003390: 31D7D684
	v_xor_b32_e32 v234, v235, v234                             // 000000003394: 3BD5D5EB
	ds_load_b128 v[16:19], v234                                // 000000003398: DBFC0000 100000EA
	v_wmma_f32_16x16x16_bf16 v[192:199], v[8:15], v[225:232], v[192:199]// 0000000033A0: CC4140C0 1F03C308
	s_waitcnt lgkmcnt(0)                                       // 0000000033A8: BF89FC07
	ds_swizzle_b32 v20, v16 offset:swizzle(SWAP,16)            // 0000000033AC: D8D4401F 14000010
	ds_swizzle_b32 v21, v17 offset:swizzle(SWAP,16)            // 0000000033B4: D8D4401F 15000011
	ds_swizzle_b32 v22, v18 offset:swizzle(SWAP,16)            // 0000000033BC: D8D4401F 16000012
	ds_swizzle_b32 v23, v19 offset:swizzle(SWAP,16)            // 0000000033C4: D8D4401F 17000013
	s_waitcnt lgkmcnt(0)                                       // 0000000033CC: BF89FC07
	v_lshlrev_b32_e32 v234, 9, v3                              // 0000000033D0: 31D40689
	v_lshl_add_u32 v234, v4, 4, v234                           // 0000000033D4: D64600EA 07A90904
	v_add_nc_u32_e32 v234, 0xe0c0, v234                        // 0000000033DC: 4BD5D4FF 0000E0C0
	v_and_b32_e32 v235, 7, v3                                  // 0000000033E4: 37D60687
	v_lshlrev_b32_e32 v235, 4, v235                            // 0000000033E8: 31D7D684
	v_xor_b32_e32 v234, v235, v234                             // 0000000033EC: 3BD5D5EB
	ds_load_b128 v[225:228], v234                              // 0000000033F0: DBFC0000 E10000EA
	v_wmma_f32_16x16x16_bf16 v[200:207], v[8:15], v[16:23], v[200:207]// 0000000033F8: CC4140C8 1F222108
	s_waitcnt lgkmcnt(0)                                       // 000000003400: BF89FC07
	ds_swizzle_b32 v229, v225 offset:swizzle(SWAP,16)          // 000000003404: D8D4401F E50000E1
	ds_swizzle_b32 v230, v226 offset:swizzle(SWAP,16)          // 00000000340C: D8D4401F E60000E2
	ds_swizzle_b32 v231, v227 offset:swizzle(SWAP,16)          // 000000003414: D8D4401F E70000E3
	ds_swizzle_b32 v232, v228 offset:swizzle(SWAP,16)          // 00000000341C: D8D4401F E80000E4
	s_waitcnt lgkmcnt(0)                                       // 000000003424: BF89FC07
	v_wmma_f32_16x16x16_bf16 v[208:215], v[8:15], v[225:232], v[208:215]// 000000003428: CC4140D0 1F43C308
	ds_load_b128 v[8:11], v5 offset:224                        // 000000003430: DBFC00E0 08000005
	s_waitcnt lgkmcnt(0)                                       // 000000003438: BF89FC07
	ds_swizzle_b32 v12, v8 offset:swizzle(SWAP,16)             // 00000000343C: D8D4401F 0C000008
	ds_swizzle_b32 v13, v9 offset:swizzle(SWAP,16)             // 000000003444: D8D4401F 0D000009
	ds_swizzle_b32 v14, v10 offset:swizzle(SWAP,16)            // 00000000344C: D8D4401F 0E00000A
	ds_swizzle_b32 v15, v11 offset:swizzle(SWAP,16)            // 000000003454: D8D4401F 0F00000B
	s_waitcnt lgkmcnt(0)                                       // 00000000345C: BF89FC07
	v_lshlrev_b32_e32 v234, 9, v3                              // 000000003460: 31D40689
	v_lshl_add_u32 v234, v4, 4, v234                           // 000000003464: D64600EA 07A90904
	v_add_nc_u32_e32 v234, 0x80e0, v234                        // 00000000346C: 4BD5D4FF 000080E0
	v_and_b32_e32 v235, 7, v3                                  // 000000003474: 37D60687
	v_lshlrev_b32_e32 v235, 4, v235                            // 000000003478: 31D7D684
	v_xor_b32_e32 v234, v235, v234                             // 00000000347C: 3BD5D5EB
	ds_load_b128 v[16:19], v234                                // 000000003480: DBFC0000 100000EA
	s_waitcnt lgkmcnt(0)                                       // 000000003488: BF89FC07
	ds_swizzle_b32 v20, v16 offset:swizzle(SWAP,16)            // 00000000348C: D8D4401F 14000010
	ds_swizzle_b32 v21, v17 offset:swizzle(SWAP,16)            // 000000003494: D8D4401F 15000011
	ds_swizzle_b32 v22, v18 offset:swizzle(SWAP,16)            // 00000000349C: D8D4401F 16000012
	ds_swizzle_b32 v23, v19 offset:swizzle(SWAP,16)            // 0000000034A4: D8D4401F 17000013
	s_waitcnt lgkmcnt(0)                                       // 0000000034AC: BF89FC07
	v_lshlrev_b32_e32 v234, 9, v3                              // 0000000034B0: 31D40689
	v_lshl_add_u32 v234, v4, 4, v234                           // 0000000034B4: D64600EA 07A90904
	v_add_nc_u32_e32 v234, 0xa0e0, v234                        // 0000000034BC: 4BD5D4FF 0000A0E0
	v_and_b32_e32 v235, 7, v3                                  // 0000000034C4: 37D60687
	v_lshlrev_b32_e32 v235, 4, v235                            // 0000000034C8: 31D7D684
	v_xor_b32_e32 v234, v235, v234                             // 0000000034CC: 3BD5D5EB
	ds_load_b128 v[225:228], v234                              // 0000000034D0: DBFC0000 E10000EA
	v_wmma_f32_16x16x16_bf16 v[24:31], v[8:15], v[16:23], v[24:31]// 0000000034D8: CC414018 1C622108
	s_waitcnt lgkmcnt(0)                                       // 0000000034E0: BF89FC07
	ds_swizzle_b32 v229, v225 offset:swizzle(SWAP,16)          // 0000000034E4: D8D4401F E50000E1
	ds_swizzle_b32 v230, v226 offset:swizzle(SWAP,16)          // 0000000034EC: D8D4401F E60000E2
	ds_swizzle_b32 v231, v227 offset:swizzle(SWAP,16)          // 0000000034F4: D8D4401F E70000E3
	ds_swizzle_b32 v232, v228 offset:swizzle(SWAP,16)          // 0000000034FC: D8D4401F E80000E4
	s_waitcnt lgkmcnt(0)                                       // 000000003504: BF89FC07
	v_lshlrev_b32_e32 v234, 9, v3                              // 000000003508: 31D40689
	v_lshl_add_u32 v234, v4, 4, v234                           // 00000000350C: D64600EA 07A90904
	v_add_nc_u32_e32 v234, 0xc0e0, v234                        // 000000003514: 4BD5D4FF 0000C0E0
	v_and_b32_e32 v235, 7, v3                                  // 00000000351C: 37D60687
	v_lshlrev_b32_e32 v235, 4, v235                            // 000000003520: 31D7D684
	v_xor_b32_e32 v234, v235, v234                             // 000000003524: 3BD5D5EB
	ds_load_b128 v[16:19], v234                                // 000000003528: DBFC0000 100000EA
	v_wmma_f32_16x16x16_bf16 v[192:199], v[8:15], v[225:232], v[192:199]// 000000003530: CC4140C0 1F03C308
	s_waitcnt lgkmcnt(0)                                       // 000000003538: BF89FC07
	ds_swizzle_b32 v20, v16 offset:swizzle(SWAP,16)            // 00000000353C: D8D4401F 14000010
	ds_swizzle_b32 v21, v17 offset:swizzle(SWAP,16)            // 000000003544: D8D4401F 15000011
	ds_swizzle_b32 v22, v18 offset:swizzle(SWAP,16)            // 00000000354C: D8D4401F 16000012
	ds_swizzle_b32 v23, v19 offset:swizzle(SWAP,16)            // 000000003554: D8D4401F 17000013
	s_waitcnt lgkmcnt(0)                                       // 00000000355C: BF89FC07
	v_lshlrev_b32_e32 v234, 9, v3                              // 000000003560: 31D40689
	v_lshl_add_u32 v234, v4, 4, v234                           // 000000003564: D64600EA 07A90904
	v_add_nc_u32_e32 v234, 0xe0e0, v234                        // 00000000356C: 4BD5D4FF 0000E0E0
	v_and_b32_e32 v235, 7, v3                                  // 000000003574: 37D60687
	v_lshlrev_b32_e32 v235, 4, v235                            // 000000003578: 31D7D684
	v_xor_b32_e32 v234, v235, v234                             // 00000000357C: 3BD5D5EB
	ds_load_b128 v[225:228], v234                              // 000000003580: DBFC0000 E10000EA
	v_wmma_f32_16x16x16_bf16 v[200:207], v[8:15], v[16:23], v[200:207]// 000000003588: CC4140C8 1F222108
	s_waitcnt lgkmcnt(0)                                       // 000000003590: BF89FC07
	ds_swizzle_b32 v229, v225 offset:swizzle(SWAP,16)          // 000000003594: D8D4401F E50000E1
	ds_swizzle_b32 v230, v226 offset:swizzle(SWAP,16)          // 00000000359C: D8D4401F E60000E2
	ds_swizzle_b32 v231, v227 offset:swizzle(SWAP,16)          // 0000000035A4: D8D4401F E70000E3
	ds_swizzle_b32 v232, v228 offset:swizzle(SWAP,16)          // 0000000035AC: D8D4401F E80000E4
	s_waitcnt lgkmcnt(0)                                       // 0000000035B4: BF89FC07
	v_wmma_f32_16x16x16_bf16 v[208:215], v[8:15], v[225:232], v[208:215]// 0000000035B8: CC4140D0 1F43C308
	ds_load_b128 v[8:11], v5 offset:256                        // 0000000035C0: DBFC0100 08000005
	s_waitcnt lgkmcnt(0)                                       // 0000000035C8: BF89FC07
	ds_swizzle_b32 v12, v8 offset:swizzle(SWAP,16)             // 0000000035CC: D8D4401F 0C000008
	ds_swizzle_b32 v13, v9 offset:swizzle(SWAP,16)             // 0000000035D4: D8D4401F 0D000009
	ds_swizzle_b32 v14, v10 offset:swizzle(SWAP,16)            // 0000000035DC: D8D4401F 0E00000A
	ds_swizzle_b32 v15, v11 offset:swizzle(SWAP,16)            // 0000000035E4: D8D4401F 0F00000B
	s_waitcnt lgkmcnt(0)                                       // 0000000035EC: BF89FC07
	v_lshlrev_b32_e32 v234, 9, v3                              // 0000000035F0: 31D40689
	v_lshl_add_u32 v234, v4, 4, v234                           // 0000000035F4: D64600EA 07A90904
	v_add_nc_u32_e32 v234, 0x8100, v234                        // 0000000035FC: 4BD5D4FF 00008100
	v_and_b32_e32 v235, 7, v3                                  // 000000003604: 37D60687
	v_lshlrev_b32_e32 v235, 4, v235                            // 000000003608: 31D7D684
	v_xor_b32_e32 v234, v235, v234                             // 00000000360C: 3BD5D5EB
	ds_load_b128 v[16:19], v234                                // 000000003610: DBFC0000 100000EA
	s_waitcnt lgkmcnt(0)                                       // 000000003618: BF89FC07
	ds_swizzle_b32 v20, v16 offset:swizzle(SWAP,16)            // 00000000361C: D8D4401F 14000010
	ds_swizzle_b32 v21, v17 offset:swizzle(SWAP,16)            // 000000003624: D8D4401F 15000011
	ds_swizzle_b32 v22, v18 offset:swizzle(SWAP,16)            // 00000000362C: D8D4401F 16000012
	ds_swizzle_b32 v23, v19 offset:swizzle(SWAP,16)            // 000000003634: D8D4401F 17000013
	s_waitcnt lgkmcnt(0)                                       // 00000000363C: BF89FC07
	v_lshlrev_b32_e32 v234, 9, v3                              // 000000003640: 31D40689
	v_lshl_add_u32 v234, v4, 4, v234                           // 000000003644: D64600EA 07A90904
	v_add_nc_u32_e32 v234, 0xa100, v234                        // 00000000364C: 4BD5D4FF 0000A100
	v_and_b32_e32 v235, 7, v3                                  // 000000003654: 37D60687
	v_lshlrev_b32_e32 v235, 4, v235                            // 000000003658: 31D7D684
	v_xor_b32_e32 v234, v235, v234                             // 00000000365C: 3BD5D5EB
	ds_load_b128 v[225:228], v234                              // 000000003660: DBFC0000 E10000EA
	v_wmma_f32_16x16x16_bf16 v[24:31], v[8:15], v[16:23], v[24:31]// 000000003668: CC414018 1C622108
	s_waitcnt lgkmcnt(0)                                       // 000000003670: BF89FC07
	ds_swizzle_b32 v229, v225 offset:swizzle(SWAP,16)          // 000000003674: D8D4401F E50000E1
	ds_swizzle_b32 v230, v226 offset:swizzle(SWAP,16)          // 00000000367C: D8D4401F E60000E2
	ds_swizzle_b32 v231, v227 offset:swizzle(SWAP,16)          // 000000003684: D8D4401F E70000E3
	ds_swizzle_b32 v232, v228 offset:swizzle(SWAP,16)          // 00000000368C: D8D4401F E80000E4
	s_waitcnt lgkmcnt(0)                                       // 000000003694: BF89FC07
	v_lshlrev_b32_e32 v234, 9, v3                              // 000000003698: 31D40689
	v_lshl_add_u32 v234, v4, 4, v234                           // 00000000369C: D64600EA 07A90904
	v_add_nc_u32_e32 v234, 0xc100, v234                        // 0000000036A4: 4BD5D4FF 0000C100
	v_and_b32_e32 v235, 7, v3                                  // 0000000036AC: 37D60687
	v_lshlrev_b32_e32 v235, 4, v235                            // 0000000036B0: 31D7D684
	v_xor_b32_e32 v234, v235, v234                             // 0000000036B4: 3BD5D5EB
	ds_load_b128 v[16:19], v234                                // 0000000036B8: DBFC0000 100000EA
	v_wmma_f32_16x16x16_bf16 v[192:199], v[8:15], v[225:232], v[192:199]// 0000000036C0: CC4140C0 1F03C308
	s_waitcnt lgkmcnt(0)                                       // 0000000036C8: BF89FC07
	ds_swizzle_b32 v20, v16 offset:swizzle(SWAP,16)            // 0000000036CC: D8D4401F 14000010
	ds_swizzle_b32 v21, v17 offset:swizzle(SWAP,16)            // 0000000036D4: D8D4401F 15000011
	ds_swizzle_b32 v22, v18 offset:swizzle(SWAP,16)            // 0000000036DC: D8D4401F 16000012
	ds_swizzle_b32 v23, v19 offset:swizzle(SWAP,16)            // 0000000036E4: D8D4401F 17000013
	s_waitcnt lgkmcnt(0)                                       // 0000000036EC: BF89FC07
	v_lshlrev_b32_e32 v234, 9, v3                              // 0000000036F0: 31D40689
	v_lshl_add_u32 v234, v4, 4, v234                           // 0000000036F4: D64600EA 07A90904
	v_add_nc_u32_e32 v234, 0xe100, v234                        // 0000000036FC: 4BD5D4FF 0000E100
	v_and_b32_e32 v235, 7, v3                                  // 000000003704: 37D60687
	v_lshlrev_b32_e32 v235, 4, v235                            // 000000003708: 31D7D684
	v_xor_b32_e32 v234, v235, v234                             // 00000000370C: 3BD5D5EB
	ds_load_b128 v[225:228], v234                              // 000000003710: DBFC0000 E10000EA
	v_wmma_f32_16x16x16_bf16 v[200:207], v[8:15], v[16:23], v[200:207]// 000000003718: CC4140C8 1F222108
	s_waitcnt lgkmcnt(0)                                       // 000000003720: BF89FC07
	ds_swizzle_b32 v229, v225 offset:swizzle(SWAP,16)          // 000000003724: D8D4401F E50000E1
	ds_swizzle_b32 v230, v226 offset:swizzle(SWAP,16)          // 00000000372C: D8D4401F E60000E2
	ds_swizzle_b32 v231, v227 offset:swizzle(SWAP,16)          // 000000003734: D8D4401F E70000E3
	ds_swizzle_b32 v232, v228 offset:swizzle(SWAP,16)          // 00000000373C: D8D4401F E80000E4
	s_waitcnt lgkmcnt(0)                                       // 000000003744: BF89FC07
	v_wmma_f32_16x16x16_bf16 v[208:215], v[8:15], v[225:232], v[208:215]// 000000003748: CC4140D0 1F43C308
	ds_load_b128 v[8:11], v5 offset:288                        // 000000003750: DBFC0120 08000005
	s_waitcnt lgkmcnt(0)                                       // 000000003758: BF89FC07
	ds_swizzle_b32 v12, v8 offset:swizzle(SWAP,16)             // 00000000375C: D8D4401F 0C000008
	ds_swizzle_b32 v13, v9 offset:swizzle(SWAP,16)             // 000000003764: D8D4401F 0D000009
	ds_swizzle_b32 v14, v10 offset:swizzle(SWAP,16)            // 00000000376C: D8D4401F 0E00000A
	ds_swizzle_b32 v15, v11 offset:swizzle(SWAP,16)            // 000000003774: D8D4401F 0F00000B
	s_waitcnt lgkmcnt(0)                                       // 00000000377C: BF89FC07
	v_lshlrev_b32_e32 v234, 9, v3                              // 000000003780: 31D40689
	v_lshl_add_u32 v234, v4, 4, v234                           // 000000003784: D64600EA 07A90904
	v_add_nc_u32_e32 v234, 0x8120, v234                        // 00000000378C: 4BD5D4FF 00008120
	v_and_b32_e32 v235, 7, v3                                  // 000000003794: 37D60687
	v_lshlrev_b32_e32 v235, 4, v235                            // 000000003798: 31D7D684
	v_xor_b32_e32 v234, v235, v234                             // 00000000379C: 3BD5D5EB
	ds_load_b128 v[16:19], v234                                // 0000000037A0: DBFC0000 100000EA
	s_waitcnt lgkmcnt(0)                                       // 0000000037A8: BF89FC07
	ds_swizzle_b32 v20, v16 offset:swizzle(SWAP,16)            // 0000000037AC: D8D4401F 14000010
	ds_swizzle_b32 v21, v17 offset:swizzle(SWAP,16)            // 0000000037B4: D8D4401F 15000011
	ds_swizzle_b32 v22, v18 offset:swizzle(SWAP,16)            // 0000000037BC: D8D4401F 16000012
	ds_swizzle_b32 v23, v19 offset:swizzle(SWAP,16)            // 0000000037C4: D8D4401F 17000013
	s_waitcnt lgkmcnt(0)                                       // 0000000037CC: BF89FC07
	v_lshlrev_b32_e32 v234, 9, v3                              // 0000000037D0: 31D40689
	v_lshl_add_u32 v234, v4, 4, v234                           // 0000000037D4: D64600EA 07A90904
	v_add_nc_u32_e32 v234, 0xa120, v234                        // 0000000037DC: 4BD5D4FF 0000A120
	v_and_b32_e32 v235, 7, v3                                  // 0000000037E4: 37D60687
	v_lshlrev_b32_e32 v235, 4, v235                            // 0000000037E8: 31D7D684
	v_xor_b32_e32 v234, v235, v234                             // 0000000037EC: 3BD5D5EB
	ds_load_b128 v[225:228], v234                              // 0000000037F0: DBFC0000 E10000EA
	v_wmma_f32_16x16x16_bf16 v[24:31], v[8:15], v[16:23], v[24:31]// 0000000037F8: CC414018 1C622108
	s_waitcnt lgkmcnt(0)                                       // 000000003800: BF89FC07
	ds_swizzle_b32 v229, v225 offset:swizzle(SWAP,16)          // 000000003804: D8D4401F E50000E1
	ds_swizzle_b32 v230, v226 offset:swizzle(SWAP,16)          // 00000000380C: D8D4401F E60000E2
	ds_swizzle_b32 v231, v227 offset:swizzle(SWAP,16)          // 000000003814: D8D4401F E70000E3
	ds_swizzle_b32 v232, v228 offset:swizzle(SWAP,16)          // 00000000381C: D8D4401F E80000E4
	s_waitcnt lgkmcnt(0)                                       // 000000003824: BF89FC07
	v_lshlrev_b32_e32 v234, 9, v3                              // 000000003828: 31D40689
	v_lshl_add_u32 v234, v4, 4, v234                           // 00000000382C: D64600EA 07A90904
	v_add_nc_u32_e32 v234, 0xc120, v234                        // 000000003834: 4BD5D4FF 0000C120
	v_and_b32_e32 v235, 7, v3                                  // 00000000383C: 37D60687
	v_lshlrev_b32_e32 v235, 4, v235                            // 000000003840: 31D7D684
	v_xor_b32_e32 v234, v235, v234                             // 000000003844: 3BD5D5EB
	ds_load_b128 v[16:19], v234                                // 000000003848: DBFC0000 100000EA
	v_wmma_f32_16x16x16_bf16 v[192:199], v[8:15], v[225:232], v[192:199]// 000000003850: CC4140C0 1F03C308
	s_waitcnt lgkmcnt(0)                                       // 000000003858: BF89FC07
	ds_swizzle_b32 v20, v16 offset:swizzle(SWAP,16)            // 00000000385C: D8D4401F 14000010
	ds_swizzle_b32 v21, v17 offset:swizzle(SWAP,16)            // 000000003864: D8D4401F 15000011
	ds_swizzle_b32 v22, v18 offset:swizzle(SWAP,16)            // 00000000386C: D8D4401F 16000012
	ds_swizzle_b32 v23, v19 offset:swizzle(SWAP,16)            // 000000003874: D8D4401F 17000013
	s_waitcnt lgkmcnt(0)                                       // 00000000387C: BF89FC07
	v_lshlrev_b32_e32 v234, 9, v3                              // 000000003880: 31D40689
	v_lshl_add_u32 v234, v4, 4, v234                           // 000000003884: D64600EA 07A90904
	v_add_nc_u32_e32 v234, 0xe120, v234                        // 00000000388C: 4BD5D4FF 0000E120
	v_and_b32_e32 v235, 7, v3                                  // 000000003894: 37D60687
	v_lshlrev_b32_e32 v235, 4, v235                            // 000000003898: 31D7D684
	v_xor_b32_e32 v234, v235, v234                             // 00000000389C: 3BD5D5EB
	ds_load_b128 v[225:228], v234                              // 0000000038A0: DBFC0000 E10000EA
	v_wmma_f32_16x16x16_bf16 v[200:207], v[8:15], v[16:23], v[200:207]// 0000000038A8: CC4140C8 1F222108
	s_waitcnt lgkmcnt(0)                                       // 0000000038B0: BF89FC07
	ds_swizzle_b32 v229, v225 offset:swizzle(SWAP,16)          // 0000000038B4: D8D4401F E50000E1
	ds_swizzle_b32 v230, v226 offset:swizzle(SWAP,16)          // 0000000038BC: D8D4401F E60000E2
	ds_swizzle_b32 v231, v227 offset:swizzle(SWAP,16)          // 0000000038C4: D8D4401F E70000E3
	ds_swizzle_b32 v232, v228 offset:swizzle(SWAP,16)          // 0000000038CC: D8D4401F E80000E4
	s_waitcnt lgkmcnt(0)                                       // 0000000038D4: BF89FC07
	v_wmma_f32_16x16x16_bf16 v[208:215], v[8:15], v[225:232], v[208:215]// 0000000038D8: CC4140D0 1F43C308
	ds_load_b128 v[8:11], v5 offset:320                        // 0000000038E0: DBFC0140 08000005
	s_waitcnt lgkmcnt(0)                                       // 0000000038E8: BF89FC07
	ds_swizzle_b32 v12, v8 offset:swizzle(SWAP,16)             // 0000000038EC: D8D4401F 0C000008
	ds_swizzle_b32 v13, v9 offset:swizzle(SWAP,16)             // 0000000038F4: D8D4401F 0D000009
	ds_swizzle_b32 v14, v10 offset:swizzle(SWAP,16)            // 0000000038FC: D8D4401F 0E00000A
	ds_swizzle_b32 v15, v11 offset:swizzle(SWAP,16)            // 000000003904: D8D4401F 0F00000B
	s_waitcnt lgkmcnt(0)                                       // 00000000390C: BF89FC07
	v_lshlrev_b32_e32 v234, 9, v3                              // 000000003910: 31D40689
	v_lshl_add_u32 v234, v4, 4, v234                           // 000000003914: D64600EA 07A90904
	v_add_nc_u32_e32 v234, 0x8140, v234                        // 00000000391C: 4BD5D4FF 00008140
	v_and_b32_e32 v235, 7, v3                                  // 000000003924: 37D60687
	v_lshlrev_b32_e32 v235, 4, v235                            // 000000003928: 31D7D684
	v_xor_b32_e32 v234, v235, v234                             // 00000000392C: 3BD5D5EB
	ds_load_b128 v[16:19], v234                                // 000000003930: DBFC0000 100000EA
	s_waitcnt lgkmcnt(0)                                       // 000000003938: BF89FC07
	ds_swizzle_b32 v20, v16 offset:swizzle(SWAP,16)            // 00000000393C: D8D4401F 14000010
	ds_swizzle_b32 v21, v17 offset:swizzle(SWAP,16)            // 000000003944: D8D4401F 15000011
	ds_swizzle_b32 v22, v18 offset:swizzle(SWAP,16)            // 00000000394C: D8D4401F 16000012
	ds_swizzle_b32 v23, v19 offset:swizzle(SWAP,16)            // 000000003954: D8D4401F 17000013
	s_waitcnt lgkmcnt(0)                                       // 00000000395C: BF89FC07
	v_lshlrev_b32_e32 v234, 9, v3                              // 000000003960: 31D40689
	v_lshl_add_u32 v234, v4, 4, v234                           // 000000003964: D64600EA 07A90904
	v_add_nc_u32_e32 v234, 0xa140, v234                        // 00000000396C: 4BD5D4FF 0000A140
	v_and_b32_e32 v235, 7, v3                                  // 000000003974: 37D60687
	v_lshlrev_b32_e32 v235, 4, v235                            // 000000003978: 31D7D684
	v_xor_b32_e32 v234, v235, v234                             // 00000000397C: 3BD5D5EB
	ds_load_b128 v[225:228], v234                              // 000000003980: DBFC0000 E10000EA
	v_wmma_f32_16x16x16_bf16 v[24:31], v[8:15], v[16:23], v[24:31]// 000000003988: CC414018 1C622108
	s_waitcnt lgkmcnt(0)                                       // 000000003990: BF89FC07
	ds_swizzle_b32 v229, v225 offset:swizzle(SWAP,16)          // 000000003994: D8D4401F E50000E1
	ds_swizzle_b32 v230, v226 offset:swizzle(SWAP,16)          // 00000000399C: D8D4401F E60000E2
	ds_swizzle_b32 v231, v227 offset:swizzle(SWAP,16)          // 0000000039A4: D8D4401F E70000E3
	ds_swizzle_b32 v232, v228 offset:swizzle(SWAP,16)          // 0000000039AC: D8D4401F E80000E4
	s_waitcnt lgkmcnt(0)                                       // 0000000039B4: BF89FC07
	v_lshlrev_b32_e32 v234, 9, v3                              // 0000000039B8: 31D40689
	v_lshl_add_u32 v234, v4, 4, v234                           // 0000000039BC: D64600EA 07A90904
	v_add_nc_u32_e32 v234, 0xc140, v234                        // 0000000039C4: 4BD5D4FF 0000C140
	v_and_b32_e32 v235, 7, v3                                  // 0000000039CC: 37D60687
	v_lshlrev_b32_e32 v235, 4, v235                            // 0000000039D0: 31D7D684
	v_xor_b32_e32 v234, v235, v234                             // 0000000039D4: 3BD5D5EB
	ds_load_b128 v[16:19], v234                                // 0000000039D8: DBFC0000 100000EA
	v_wmma_f32_16x16x16_bf16 v[192:199], v[8:15], v[225:232], v[192:199]// 0000000039E0: CC4140C0 1F03C308
	s_waitcnt lgkmcnt(0)                                       // 0000000039E8: BF89FC07
	ds_swizzle_b32 v20, v16 offset:swizzle(SWAP,16)            // 0000000039EC: D8D4401F 14000010
	ds_swizzle_b32 v21, v17 offset:swizzle(SWAP,16)            // 0000000039F4: D8D4401F 15000011
	ds_swizzle_b32 v22, v18 offset:swizzle(SWAP,16)            // 0000000039FC: D8D4401F 16000012
	ds_swizzle_b32 v23, v19 offset:swizzle(SWAP,16)            // 000000003A04: D8D4401F 17000013
	s_waitcnt lgkmcnt(0)                                       // 000000003A0C: BF89FC07
	v_lshlrev_b32_e32 v234, 9, v3                              // 000000003A10: 31D40689
	v_lshl_add_u32 v234, v4, 4, v234                           // 000000003A14: D64600EA 07A90904
	v_add_nc_u32_e32 v234, 0xe140, v234                        // 000000003A1C: 4BD5D4FF 0000E140
	v_and_b32_e32 v235, 7, v3                                  // 000000003A24: 37D60687
	v_lshlrev_b32_e32 v235, 4, v235                            // 000000003A28: 31D7D684
	v_xor_b32_e32 v234, v235, v234                             // 000000003A2C: 3BD5D5EB
	ds_load_b128 v[225:228], v234                              // 000000003A30: DBFC0000 E10000EA
	v_wmma_f32_16x16x16_bf16 v[200:207], v[8:15], v[16:23], v[200:207]// 000000003A38: CC4140C8 1F222108
	s_waitcnt lgkmcnt(0)                                       // 000000003A40: BF89FC07
	ds_swizzle_b32 v229, v225 offset:swizzle(SWAP,16)          // 000000003A44: D8D4401F E50000E1
	ds_swizzle_b32 v230, v226 offset:swizzle(SWAP,16)          // 000000003A4C: D8D4401F E60000E2
	ds_swizzle_b32 v231, v227 offset:swizzle(SWAP,16)          // 000000003A54: D8D4401F E70000E3
	ds_swizzle_b32 v232, v228 offset:swizzle(SWAP,16)          // 000000003A5C: D8D4401F E80000E4
	s_waitcnt lgkmcnt(0)                                       // 000000003A64: BF89FC07
	v_wmma_f32_16x16x16_bf16 v[208:215], v[8:15], v[225:232], v[208:215]// 000000003A68: CC4140D0 1F43C308
	ds_load_b128 v[8:11], v5 offset:352                        // 000000003A70: DBFC0160 08000005
	s_waitcnt lgkmcnt(0)                                       // 000000003A78: BF89FC07
	ds_swizzle_b32 v12, v8 offset:swizzle(SWAP,16)             // 000000003A7C: D8D4401F 0C000008
	ds_swizzle_b32 v13, v9 offset:swizzle(SWAP,16)             // 000000003A84: D8D4401F 0D000009
	ds_swizzle_b32 v14, v10 offset:swizzle(SWAP,16)            // 000000003A8C: D8D4401F 0E00000A
	ds_swizzle_b32 v15, v11 offset:swizzle(SWAP,16)            // 000000003A94: D8D4401F 0F00000B
	s_waitcnt lgkmcnt(0)                                       // 000000003A9C: BF89FC07
	v_lshlrev_b32_e32 v234, 9, v3                              // 000000003AA0: 31D40689
	v_lshl_add_u32 v234, v4, 4, v234                           // 000000003AA4: D64600EA 07A90904
	v_add_nc_u32_e32 v234, 0x8160, v234                        // 000000003AAC: 4BD5D4FF 00008160
	v_and_b32_e32 v235, 7, v3                                  // 000000003AB4: 37D60687
	v_lshlrev_b32_e32 v235, 4, v235                            // 000000003AB8: 31D7D684
	v_xor_b32_e32 v234, v235, v234                             // 000000003ABC: 3BD5D5EB
	ds_load_b128 v[16:19], v234                                // 000000003AC0: DBFC0000 100000EA
	s_waitcnt lgkmcnt(0)                                       // 000000003AC8: BF89FC07
	ds_swizzle_b32 v20, v16 offset:swizzle(SWAP,16)            // 000000003ACC: D8D4401F 14000010
	ds_swizzle_b32 v21, v17 offset:swizzle(SWAP,16)            // 000000003AD4: D8D4401F 15000011
	ds_swizzle_b32 v22, v18 offset:swizzle(SWAP,16)            // 000000003ADC: D8D4401F 16000012
	ds_swizzle_b32 v23, v19 offset:swizzle(SWAP,16)            // 000000003AE4: D8D4401F 17000013
	s_waitcnt lgkmcnt(0)                                       // 000000003AEC: BF89FC07
	v_lshlrev_b32_e32 v234, 9, v3                              // 000000003AF0: 31D40689
	v_lshl_add_u32 v234, v4, 4, v234                           // 000000003AF4: D64600EA 07A90904
	v_add_nc_u32_e32 v234, 0xa160, v234                        // 000000003AFC: 4BD5D4FF 0000A160
	v_and_b32_e32 v235, 7, v3                                  // 000000003B04: 37D60687
	v_lshlrev_b32_e32 v235, 4, v235                            // 000000003B08: 31D7D684
	v_xor_b32_e32 v234, v235, v234                             // 000000003B0C: 3BD5D5EB
	ds_load_b128 v[225:228], v234                              // 000000003B10: DBFC0000 E10000EA
	v_wmma_f32_16x16x16_bf16 v[24:31], v[8:15], v[16:23], v[24:31]// 000000003B18: CC414018 1C622108
	s_waitcnt lgkmcnt(0)                                       // 000000003B20: BF89FC07
	ds_swizzle_b32 v229, v225 offset:swizzle(SWAP,16)          // 000000003B24: D8D4401F E50000E1
	ds_swizzle_b32 v230, v226 offset:swizzle(SWAP,16)          // 000000003B2C: D8D4401F E60000E2
	ds_swizzle_b32 v231, v227 offset:swizzle(SWAP,16)          // 000000003B34: D8D4401F E70000E3
	ds_swizzle_b32 v232, v228 offset:swizzle(SWAP,16)          // 000000003B3C: D8D4401F E80000E4
	s_waitcnt lgkmcnt(0)                                       // 000000003B44: BF89FC07
	v_lshlrev_b32_e32 v234, 9, v3                              // 000000003B48: 31D40689
	v_lshl_add_u32 v234, v4, 4, v234                           // 000000003B4C: D64600EA 07A90904
	v_add_nc_u32_e32 v234, 0xc160, v234                        // 000000003B54: 4BD5D4FF 0000C160
	v_and_b32_e32 v235, 7, v3                                  // 000000003B5C: 37D60687
	v_lshlrev_b32_e32 v235, 4, v235                            // 000000003B60: 31D7D684
	v_xor_b32_e32 v234, v235, v234                             // 000000003B64: 3BD5D5EB
	ds_load_b128 v[16:19], v234                                // 000000003B68: DBFC0000 100000EA
	v_wmma_f32_16x16x16_bf16 v[192:199], v[8:15], v[225:232], v[192:199]// 000000003B70: CC4140C0 1F03C308
	s_waitcnt lgkmcnt(0)                                       // 000000003B78: BF89FC07
	ds_swizzle_b32 v20, v16 offset:swizzle(SWAP,16)            // 000000003B7C: D8D4401F 14000010
	ds_swizzle_b32 v21, v17 offset:swizzle(SWAP,16)            // 000000003B84: D8D4401F 15000011
	ds_swizzle_b32 v22, v18 offset:swizzle(SWAP,16)            // 000000003B8C: D8D4401F 16000012
	ds_swizzle_b32 v23, v19 offset:swizzle(SWAP,16)            // 000000003B94: D8D4401F 17000013
	s_waitcnt lgkmcnt(0)                                       // 000000003B9C: BF89FC07
	v_lshlrev_b32_e32 v234, 9, v3                              // 000000003BA0: 31D40689
	v_lshl_add_u32 v234, v4, 4, v234                           // 000000003BA4: D64600EA 07A90904
	v_add_nc_u32_e32 v234, 0xe160, v234                        // 000000003BAC: 4BD5D4FF 0000E160
	v_and_b32_e32 v235, 7, v3                                  // 000000003BB4: 37D60687
	v_lshlrev_b32_e32 v235, 4, v235                            // 000000003BB8: 31D7D684
	v_xor_b32_e32 v234, v235, v234                             // 000000003BBC: 3BD5D5EB
	ds_load_b128 v[225:228], v234                              // 000000003BC0: DBFC0000 E10000EA
	v_wmma_f32_16x16x16_bf16 v[200:207], v[8:15], v[16:23], v[200:207]// 000000003BC8: CC4140C8 1F222108
	s_waitcnt lgkmcnt(0)                                       // 000000003BD0: BF89FC07
	ds_swizzle_b32 v229, v225 offset:swizzle(SWAP,16)          // 000000003BD4: D8D4401F E50000E1
	ds_swizzle_b32 v230, v226 offset:swizzle(SWAP,16)          // 000000003BDC: D8D4401F E60000E2
	ds_swizzle_b32 v231, v227 offset:swizzle(SWAP,16)          // 000000003BE4: D8D4401F E70000E3
	ds_swizzle_b32 v232, v228 offset:swizzle(SWAP,16)          // 000000003BEC: D8D4401F E80000E4
	s_waitcnt lgkmcnt(0)                                       // 000000003BF4: BF89FC07
	v_wmma_f32_16x16x16_bf16 v[208:215], v[8:15], v[225:232], v[208:215]// 000000003BF8: CC4140D0 1F43C308
	ds_load_b128 v[8:11], v5 offset:384                        // 000000003C00: DBFC0180 08000005
	s_waitcnt lgkmcnt(0)                                       // 000000003C08: BF89FC07
	ds_swizzle_b32 v12, v8 offset:swizzle(SWAP,16)             // 000000003C0C: D8D4401F 0C000008
	ds_swizzle_b32 v13, v9 offset:swizzle(SWAP,16)             // 000000003C14: D8D4401F 0D000009
	ds_swizzle_b32 v14, v10 offset:swizzle(SWAP,16)            // 000000003C1C: D8D4401F 0E00000A
	ds_swizzle_b32 v15, v11 offset:swizzle(SWAP,16)            // 000000003C24: D8D4401F 0F00000B
	s_waitcnt lgkmcnt(0)                                       // 000000003C2C: BF89FC07
	v_lshlrev_b32_e32 v234, 9, v3                              // 000000003C30: 31D40689
	v_lshl_add_u32 v234, v4, 4, v234                           // 000000003C34: D64600EA 07A90904
	v_add_nc_u32_e32 v234, 0x8180, v234                        // 000000003C3C: 4BD5D4FF 00008180
	v_and_b32_e32 v235, 7, v3                                  // 000000003C44: 37D60687
	v_lshlrev_b32_e32 v235, 4, v235                            // 000000003C48: 31D7D684
	v_xor_b32_e32 v234, v235, v234                             // 000000003C4C: 3BD5D5EB
	ds_load_b128 v[16:19], v234                                // 000000003C50: DBFC0000 100000EA
	s_waitcnt lgkmcnt(0)                                       // 000000003C58: BF89FC07
	ds_swizzle_b32 v20, v16 offset:swizzle(SWAP,16)            // 000000003C5C: D8D4401F 14000010
	ds_swizzle_b32 v21, v17 offset:swizzle(SWAP,16)            // 000000003C64: D8D4401F 15000011
	ds_swizzle_b32 v22, v18 offset:swizzle(SWAP,16)            // 000000003C6C: D8D4401F 16000012
	ds_swizzle_b32 v23, v19 offset:swizzle(SWAP,16)            // 000000003C74: D8D4401F 17000013
	s_waitcnt lgkmcnt(0)                                       // 000000003C7C: BF89FC07
	v_lshlrev_b32_e32 v234, 9, v3                              // 000000003C80: 31D40689
	v_lshl_add_u32 v234, v4, 4, v234                           // 000000003C84: D64600EA 07A90904
	v_add_nc_u32_e32 v234, 0xa180, v234                        // 000000003C8C: 4BD5D4FF 0000A180
	v_and_b32_e32 v235, 7, v3                                  // 000000003C94: 37D60687
	v_lshlrev_b32_e32 v235, 4, v235                            // 000000003C98: 31D7D684
	v_xor_b32_e32 v234, v235, v234                             // 000000003C9C: 3BD5D5EB
	ds_load_b128 v[225:228], v234                              // 000000003CA0: DBFC0000 E10000EA
	v_wmma_f32_16x16x16_bf16 v[24:31], v[8:15], v[16:23], v[24:31]// 000000003CA8: CC414018 1C622108
	s_waitcnt lgkmcnt(0)                                       // 000000003CB0: BF89FC07
	ds_swizzle_b32 v229, v225 offset:swizzle(SWAP,16)          // 000000003CB4: D8D4401F E50000E1
	ds_swizzle_b32 v230, v226 offset:swizzle(SWAP,16)          // 000000003CBC: D8D4401F E60000E2
	ds_swizzle_b32 v231, v227 offset:swizzle(SWAP,16)          // 000000003CC4: D8D4401F E70000E3
	ds_swizzle_b32 v232, v228 offset:swizzle(SWAP,16)          // 000000003CCC: D8D4401F E80000E4
	s_waitcnt lgkmcnt(0)                                       // 000000003CD4: BF89FC07
	v_lshlrev_b32_e32 v234, 9, v3                              // 000000003CD8: 31D40689
	v_lshl_add_u32 v234, v4, 4, v234                           // 000000003CDC: D64600EA 07A90904
	v_add_nc_u32_e32 v234, 0xc180, v234                        // 000000003CE4: 4BD5D4FF 0000C180
	v_and_b32_e32 v235, 7, v3                                  // 000000003CEC: 37D60687
	v_lshlrev_b32_e32 v235, 4, v235                            // 000000003CF0: 31D7D684
	v_xor_b32_e32 v234, v235, v234                             // 000000003CF4: 3BD5D5EB
	ds_load_b128 v[16:19], v234                                // 000000003CF8: DBFC0000 100000EA
	v_wmma_f32_16x16x16_bf16 v[192:199], v[8:15], v[225:232], v[192:199]// 000000003D00: CC4140C0 1F03C308
	s_waitcnt lgkmcnt(0)                                       // 000000003D08: BF89FC07
	ds_swizzle_b32 v20, v16 offset:swizzle(SWAP,16)            // 000000003D0C: D8D4401F 14000010
	ds_swizzle_b32 v21, v17 offset:swizzle(SWAP,16)            // 000000003D14: D8D4401F 15000011
	ds_swizzle_b32 v22, v18 offset:swizzle(SWAP,16)            // 000000003D1C: D8D4401F 16000012
	ds_swizzle_b32 v23, v19 offset:swizzle(SWAP,16)            // 000000003D24: D8D4401F 17000013
	s_waitcnt lgkmcnt(0)                                       // 000000003D2C: BF89FC07
	v_lshlrev_b32_e32 v234, 9, v3                              // 000000003D30: 31D40689
	v_lshl_add_u32 v234, v4, 4, v234                           // 000000003D34: D64600EA 07A90904
	v_add_nc_u32_e32 v234, 0xe180, v234                        // 000000003D3C: 4BD5D4FF 0000E180
	v_and_b32_e32 v235, 7, v3                                  // 000000003D44: 37D60687
	v_lshlrev_b32_e32 v235, 4, v235                            // 000000003D48: 31D7D684
	v_xor_b32_e32 v234, v235, v234                             // 000000003D4C: 3BD5D5EB
	ds_load_b128 v[225:228], v234                              // 000000003D50: DBFC0000 E10000EA
	v_wmma_f32_16x16x16_bf16 v[200:207], v[8:15], v[16:23], v[200:207]// 000000003D58: CC4140C8 1F222108
	s_waitcnt lgkmcnt(0)                                       // 000000003D60: BF89FC07
	ds_swizzle_b32 v229, v225 offset:swizzle(SWAP,16)          // 000000003D64: D8D4401F E50000E1
	ds_swizzle_b32 v230, v226 offset:swizzle(SWAP,16)          // 000000003D6C: D8D4401F E60000E2
	ds_swizzle_b32 v231, v227 offset:swizzle(SWAP,16)          // 000000003D74: D8D4401F E70000E3
	ds_swizzle_b32 v232, v228 offset:swizzle(SWAP,16)          // 000000003D7C: D8D4401F E80000E4
	s_waitcnt lgkmcnt(0)                                       // 000000003D84: BF89FC07
	v_wmma_f32_16x16x16_bf16 v[208:215], v[8:15], v[225:232], v[208:215]// 000000003D88: CC4140D0 1F43C308
	ds_load_b128 v[8:11], v5 offset:416                        // 000000003D90: DBFC01A0 08000005
	s_waitcnt lgkmcnt(0)                                       // 000000003D98: BF89FC07
	ds_swizzle_b32 v12, v8 offset:swizzle(SWAP,16)             // 000000003D9C: D8D4401F 0C000008
	ds_swizzle_b32 v13, v9 offset:swizzle(SWAP,16)             // 000000003DA4: D8D4401F 0D000009
	ds_swizzle_b32 v14, v10 offset:swizzle(SWAP,16)            // 000000003DAC: D8D4401F 0E00000A
	ds_swizzle_b32 v15, v11 offset:swizzle(SWAP,16)            // 000000003DB4: D8D4401F 0F00000B
	s_waitcnt lgkmcnt(0)                                       // 000000003DBC: BF89FC07
	v_lshlrev_b32_e32 v234, 9, v3                              // 000000003DC0: 31D40689
	v_lshl_add_u32 v234, v4, 4, v234                           // 000000003DC4: D64600EA 07A90904
	v_add_nc_u32_e32 v234, 0x81a0, v234                        // 000000003DCC: 4BD5D4FF 000081A0
	v_and_b32_e32 v235, 7, v3                                  // 000000003DD4: 37D60687
	v_lshlrev_b32_e32 v235, 4, v235                            // 000000003DD8: 31D7D684
	v_xor_b32_e32 v234, v235, v234                             // 000000003DDC: 3BD5D5EB
	ds_load_b128 v[16:19], v234                                // 000000003DE0: DBFC0000 100000EA
	s_waitcnt lgkmcnt(0)                                       // 000000003DE8: BF89FC07
	ds_swizzle_b32 v20, v16 offset:swizzle(SWAP,16)            // 000000003DEC: D8D4401F 14000010
	ds_swizzle_b32 v21, v17 offset:swizzle(SWAP,16)            // 000000003DF4: D8D4401F 15000011
	ds_swizzle_b32 v22, v18 offset:swizzle(SWAP,16)            // 000000003DFC: D8D4401F 16000012
	ds_swizzle_b32 v23, v19 offset:swizzle(SWAP,16)            // 000000003E04: D8D4401F 17000013
	s_waitcnt lgkmcnt(0)                                       // 000000003E0C: BF89FC07
	v_lshlrev_b32_e32 v234, 9, v3                              // 000000003E10: 31D40689
	v_lshl_add_u32 v234, v4, 4, v234                           // 000000003E14: D64600EA 07A90904
	v_add_nc_u32_e32 v234, 0xa1a0, v234                        // 000000003E1C: 4BD5D4FF 0000A1A0
	v_and_b32_e32 v235, 7, v3                                  // 000000003E24: 37D60687
	v_lshlrev_b32_e32 v235, 4, v235                            // 000000003E28: 31D7D684
	v_xor_b32_e32 v234, v235, v234                             // 000000003E2C: 3BD5D5EB
	ds_load_b128 v[225:228], v234                              // 000000003E30: DBFC0000 E10000EA
	v_wmma_f32_16x16x16_bf16 v[24:31], v[8:15], v[16:23], v[24:31]// 000000003E38: CC414018 1C622108
	s_waitcnt lgkmcnt(0)                                       // 000000003E40: BF89FC07
	ds_swizzle_b32 v229, v225 offset:swizzle(SWAP,16)          // 000000003E44: D8D4401F E50000E1
	ds_swizzle_b32 v230, v226 offset:swizzle(SWAP,16)          // 000000003E4C: D8D4401F E60000E2
	ds_swizzle_b32 v231, v227 offset:swizzle(SWAP,16)          // 000000003E54: D8D4401F E70000E3
	ds_swizzle_b32 v232, v228 offset:swizzle(SWAP,16)          // 000000003E5C: D8D4401F E80000E4
	s_waitcnt lgkmcnt(0)                                       // 000000003E64: BF89FC07
	v_lshlrev_b32_e32 v234, 9, v3                              // 000000003E68: 31D40689
	v_lshl_add_u32 v234, v4, 4, v234                           // 000000003E6C: D64600EA 07A90904
	v_add_nc_u32_e32 v234, 0xc1a0, v234                        // 000000003E74: 4BD5D4FF 0000C1A0
	v_and_b32_e32 v235, 7, v3                                  // 000000003E7C: 37D60687
	v_lshlrev_b32_e32 v235, 4, v235                            // 000000003E80: 31D7D684
	v_xor_b32_e32 v234, v235, v234                             // 000000003E84: 3BD5D5EB
	ds_load_b128 v[16:19], v234                                // 000000003E88: DBFC0000 100000EA
	v_wmma_f32_16x16x16_bf16 v[192:199], v[8:15], v[225:232], v[192:199]// 000000003E90: CC4140C0 1F03C308
	s_waitcnt lgkmcnt(0)                                       // 000000003E98: BF89FC07
	ds_swizzle_b32 v20, v16 offset:swizzle(SWAP,16)            // 000000003E9C: D8D4401F 14000010
	ds_swizzle_b32 v21, v17 offset:swizzle(SWAP,16)            // 000000003EA4: D8D4401F 15000011
	ds_swizzle_b32 v22, v18 offset:swizzle(SWAP,16)            // 000000003EAC: D8D4401F 16000012
	ds_swizzle_b32 v23, v19 offset:swizzle(SWAP,16)            // 000000003EB4: D8D4401F 17000013
	s_waitcnt lgkmcnt(0)                                       // 000000003EBC: BF89FC07
	v_lshlrev_b32_e32 v234, 9, v3                              // 000000003EC0: 31D40689
	v_lshl_add_u32 v234, v4, 4, v234                           // 000000003EC4: D64600EA 07A90904
	v_add_nc_u32_e32 v234, 0xe1a0, v234                        // 000000003ECC: 4BD5D4FF 0000E1A0
	v_and_b32_e32 v235, 7, v3                                  // 000000003ED4: 37D60687
	v_lshlrev_b32_e32 v235, 4, v235                            // 000000003ED8: 31D7D684
	v_xor_b32_e32 v234, v235, v234                             // 000000003EDC: 3BD5D5EB
	ds_load_b128 v[225:228], v234                              // 000000003EE0: DBFC0000 E10000EA
	v_wmma_f32_16x16x16_bf16 v[200:207], v[8:15], v[16:23], v[200:207]// 000000003EE8: CC4140C8 1F222108
	s_waitcnt lgkmcnt(0)                                       // 000000003EF0: BF89FC07
	ds_swizzle_b32 v229, v225 offset:swizzle(SWAP,16)          // 000000003EF4: D8D4401F E50000E1
	ds_swizzle_b32 v230, v226 offset:swizzle(SWAP,16)          // 000000003EFC: D8D4401F E60000E2
	ds_swizzle_b32 v231, v227 offset:swizzle(SWAP,16)          // 000000003F04: D8D4401F E70000E3
	ds_swizzle_b32 v232, v228 offset:swizzle(SWAP,16)          // 000000003F0C: D8D4401F E80000E4
	s_waitcnt lgkmcnt(0)                                       // 000000003F14: BF89FC07
	v_wmma_f32_16x16x16_bf16 v[208:215], v[8:15], v[225:232], v[208:215]// 000000003F18: CC4140D0 1F43C308
	ds_load_b128 v[8:11], v5 offset:448                        // 000000003F20: DBFC01C0 08000005
	s_waitcnt lgkmcnt(0)                                       // 000000003F28: BF89FC07
	ds_swizzle_b32 v12, v8 offset:swizzle(SWAP,16)             // 000000003F2C: D8D4401F 0C000008
	ds_swizzle_b32 v13, v9 offset:swizzle(SWAP,16)             // 000000003F34: D8D4401F 0D000009
	ds_swizzle_b32 v14, v10 offset:swizzle(SWAP,16)            // 000000003F3C: D8D4401F 0E00000A
	ds_swizzle_b32 v15, v11 offset:swizzle(SWAP,16)            // 000000003F44: D8D4401F 0F00000B
	s_waitcnt lgkmcnt(0)                                       // 000000003F4C: BF89FC07
	v_lshlrev_b32_e32 v234, 9, v3                              // 000000003F50: 31D40689
	v_lshl_add_u32 v234, v4, 4, v234                           // 000000003F54: D64600EA 07A90904
	v_add_nc_u32_e32 v234, 0x81c0, v234                        // 000000003F5C: 4BD5D4FF 000081C0
	v_and_b32_e32 v235, 7, v3                                  // 000000003F64: 37D60687
	v_lshlrev_b32_e32 v235, 4, v235                            // 000000003F68: 31D7D684
	v_xor_b32_e32 v234, v235, v234                             // 000000003F6C: 3BD5D5EB
	ds_load_b128 v[16:19], v234                                // 000000003F70: DBFC0000 100000EA
	s_waitcnt lgkmcnt(0)                                       // 000000003F78: BF89FC07
	ds_swizzle_b32 v20, v16 offset:swizzle(SWAP,16)            // 000000003F7C: D8D4401F 14000010
	ds_swizzle_b32 v21, v17 offset:swizzle(SWAP,16)            // 000000003F84: D8D4401F 15000011
	ds_swizzle_b32 v22, v18 offset:swizzle(SWAP,16)            // 000000003F8C: D8D4401F 16000012
	ds_swizzle_b32 v23, v19 offset:swizzle(SWAP,16)            // 000000003F94: D8D4401F 17000013
	s_waitcnt lgkmcnt(0)                                       // 000000003F9C: BF89FC07
	v_lshlrev_b32_e32 v234, 9, v3                              // 000000003FA0: 31D40689
	v_lshl_add_u32 v234, v4, 4, v234                           // 000000003FA4: D64600EA 07A90904
	v_add_nc_u32_e32 v234, 0xa1c0, v234                        // 000000003FAC: 4BD5D4FF 0000A1C0
	v_and_b32_e32 v235, 7, v3                                  // 000000003FB4: 37D60687
	v_lshlrev_b32_e32 v235, 4, v235                            // 000000003FB8: 31D7D684
	v_xor_b32_e32 v234, v235, v234                             // 000000003FBC: 3BD5D5EB
	ds_load_b128 v[225:228], v234                              // 000000003FC0: DBFC0000 E10000EA
	v_wmma_f32_16x16x16_bf16 v[24:31], v[8:15], v[16:23], v[24:31]// 000000003FC8: CC414018 1C622108
	s_waitcnt lgkmcnt(0)                                       // 000000003FD0: BF89FC07
	ds_swizzle_b32 v229, v225 offset:swizzle(SWAP,16)          // 000000003FD4: D8D4401F E50000E1
	ds_swizzle_b32 v230, v226 offset:swizzle(SWAP,16)          // 000000003FDC: D8D4401F E60000E2
	ds_swizzle_b32 v231, v227 offset:swizzle(SWAP,16)          // 000000003FE4: D8D4401F E70000E3
	ds_swizzle_b32 v232, v228 offset:swizzle(SWAP,16)          // 000000003FEC: D8D4401F E80000E4
	s_waitcnt lgkmcnt(0)                                       // 000000003FF4: BF89FC07
	v_lshlrev_b32_e32 v234, 9, v3                              // 000000003FF8: 31D40689
	v_lshl_add_u32 v234, v4, 4, v234                           // 000000003FFC: D64600EA 07A90904
	v_add_nc_u32_e32 v234, 0xc1c0, v234                        // 000000004004: 4BD5D4FF 0000C1C0
	v_and_b32_e32 v235, 7, v3                                  // 00000000400C: 37D60687
	v_lshlrev_b32_e32 v235, 4, v235                            // 000000004010: 31D7D684
	v_xor_b32_e32 v234, v235, v234                             // 000000004014: 3BD5D5EB
	ds_load_b128 v[16:19], v234                                // 000000004018: DBFC0000 100000EA
	v_wmma_f32_16x16x16_bf16 v[192:199], v[8:15], v[225:232], v[192:199]// 000000004020: CC4140C0 1F03C308
	s_waitcnt lgkmcnt(0)                                       // 000000004028: BF89FC07
	ds_swizzle_b32 v20, v16 offset:swizzle(SWAP,16)            // 00000000402C: D8D4401F 14000010
	ds_swizzle_b32 v21, v17 offset:swizzle(SWAP,16)            // 000000004034: D8D4401F 15000011
	ds_swizzle_b32 v22, v18 offset:swizzle(SWAP,16)            // 00000000403C: D8D4401F 16000012
	ds_swizzle_b32 v23, v19 offset:swizzle(SWAP,16)            // 000000004044: D8D4401F 17000013
	s_waitcnt lgkmcnt(0)                                       // 00000000404C: BF89FC07
	v_lshlrev_b32_e32 v234, 9, v3                              // 000000004050: 31D40689
	v_lshl_add_u32 v234, v4, 4, v234                           // 000000004054: D64600EA 07A90904
	v_add_nc_u32_e32 v234, 0xe1c0, v234                        // 00000000405C: 4BD5D4FF 0000E1C0
	v_and_b32_e32 v235, 7, v3                                  // 000000004064: 37D60687
	v_lshlrev_b32_e32 v235, 4, v235                            // 000000004068: 31D7D684
	v_xor_b32_e32 v234, v235, v234                             // 00000000406C: 3BD5D5EB
	ds_load_b128 v[225:228], v234                              // 000000004070: DBFC0000 E10000EA
	v_wmma_f32_16x16x16_bf16 v[200:207], v[8:15], v[16:23], v[200:207]// 000000004078: CC4140C8 1F222108
	s_waitcnt lgkmcnt(0)                                       // 000000004080: BF89FC07
	ds_swizzle_b32 v229, v225 offset:swizzle(SWAP,16)          // 000000004084: D8D4401F E50000E1
	ds_swizzle_b32 v230, v226 offset:swizzle(SWAP,16)          // 00000000408C: D8D4401F E60000E2
	ds_swizzle_b32 v231, v227 offset:swizzle(SWAP,16)          // 000000004094: D8D4401F E70000E3
	ds_swizzle_b32 v232, v228 offset:swizzle(SWAP,16)          // 00000000409C: D8D4401F E80000E4
	s_waitcnt lgkmcnt(0)                                       // 0000000040A4: BF89FC07
	v_wmma_f32_16x16x16_bf16 v[208:215], v[8:15], v[225:232], v[208:215]// 0000000040A8: CC4140D0 1F43C308
	ds_load_b128 v[8:11], v5 offset:480                        // 0000000040B0: DBFC01E0 08000005
	s_waitcnt lgkmcnt(0)                                       // 0000000040B8: BF89FC07
	ds_swizzle_b32 v12, v8 offset:swizzle(SWAP,16)             // 0000000040BC: D8D4401F 0C000008
	ds_swizzle_b32 v13, v9 offset:swizzle(SWAP,16)             // 0000000040C4: D8D4401F 0D000009
	ds_swizzle_b32 v14, v10 offset:swizzle(SWAP,16)            // 0000000040CC: D8D4401F 0E00000A
	ds_swizzle_b32 v15, v11 offset:swizzle(SWAP,16)            // 0000000040D4: D8D4401F 0F00000B
	s_waitcnt lgkmcnt(0)                                       // 0000000040DC: BF89FC07
	v_lshlrev_b32_e32 v234, 9, v3                              // 0000000040E0: 31D40689
	v_lshl_add_u32 v234, v4, 4, v234                           // 0000000040E4: D64600EA 07A90904
	v_add_nc_u32_e32 v234, 0x81e0, v234                        // 0000000040EC: 4BD5D4FF 000081E0
	v_and_b32_e32 v235, 7, v3                                  // 0000000040F4: 37D60687
	v_lshlrev_b32_e32 v235, 4, v235                            // 0000000040F8: 31D7D684
	v_xor_b32_e32 v234, v235, v234                             // 0000000040FC: 3BD5D5EB
	ds_load_b128 v[16:19], v234                                // 000000004100: DBFC0000 100000EA
	s_waitcnt lgkmcnt(0)                                       // 000000004108: BF89FC07
	ds_swizzle_b32 v20, v16 offset:swizzle(SWAP,16)            // 00000000410C: D8D4401F 14000010
	ds_swizzle_b32 v21, v17 offset:swizzle(SWAP,16)            // 000000004114: D8D4401F 15000011
	ds_swizzle_b32 v22, v18 offset:swizzle(SWAP,16)            // 00000000411C: D8D4401F 16000012
	ds_swizzle_b32 v23, v19 offset:swizzle(SWAP,16)            // 000000004124: D8D4401F 17000013
	s_waitcnt lgkmcnt(0)                                       // 00000000412C: BF89FC07
	v_lshlrev_b32_e32 v234, 9, v3                              // 000000004130: 31D40689
	v_lshl_add_u32 v234, v4, 4, v234                           // 000000004134: D64600EA 07A90904
	v_add_nc_u32_e32 v234, 0xa1e0, v234                        // 00000000413C: 4BD5D4FF 0000A1E0
	v_and_b32_e32 v235, 7, v3                                  // 000000004144: 37D60687
	v_lshlrev_b32_e32 v235, 4, v235                            // 000000004148: 31D7D684
	v_xor_b32_e32 v234, v235, v234                             // 00000000414C: 3BD5D5EB
	ds_load_b128 v[225:228], v234                              // 000000004150: DBFC0000 E10000EA
	v_wmma_f32_16x16x16_bf16 v[24:31], v[8:15], v[16:23], v[24:31]// 000000004158: CC414018 1C622108
	s_waitcnt lgkmcnt(0)                                       // 000000004160: BF89FC07
	ds_swizzle_b32 v229, v225 offset:swizzle(SWAP,16)          // 000000004164: D8D4401F E50000E1
	ds_swizzle_b32 v230, v226 offset:swizzle(SWAP,16)          // 00000000416C: D8D4401F E60000E2
	ds_swizzle_b32 v231, v227 offset:swizzle(SWAP,16)          // 000000004174: D8D4401F E70000E3
	ds_swizzle_b32 v232, v228 offset:swizzle(SWAP,16)          // 00000000417C: D8D4401F E80000E4
	s_waitcnt lgkmcnt(0)                                       // 000000004184: BF89FC07
	v_lshlrev_b32_e32 v234, 9, v3                              // 000000004188: 31D40689
	v_lshl_add_u32 v234, v4, 4, v234                           // 00000000418C: D64600EA 07A90904
	v_add_nc_u32_e32 v234, 0xc1e0, v234                        // 000000004194: 4BD5D4FF 0000C1E0
	v_and_b32_e32 v235, 7, v3                                  // 00000000419C: 37D60687
	v_lshlrev_b32_e32 v235, 4, v235                            // 0000000041A0: 31D7D684
	v_xor_b32_e32 v234, v235, v234                             // 0000000041A4: 3BD5D5EB
	ds_load_b128 v[16:19], v234                                // 0000000041A8: DBFC0000 100000EA
	v_wmma_f32_16x16x16_bf16 v[192:199], v[8:15], v[225:232], v[192:199]// 0000000041B0: CC4140C0 1F03C308
	s_waitcnt lgkmcnt(0)                                       // 0000000041B8: BF89FC07
	ds_swizzle_b32 v20, v16 offset:swizzle(SWAP,16)            // 0000000041BC: D8D4401F 14000010
	ds_swizzle_b32 v21, v17 offset:swizzle(SWAP,16)            // 0000000041C4: D8D4401F 15000011
	ds_swizzle_b32 v22, v18 offset:swizzle(SWAP,16)            // 0000000041CC: D8D4401F 16000012
	ds_swizzle_b32 v23, v19 offset:swizzle(SWAP,16)            // 0000000041D4: D8D4401F 17000013
	s_waitcnt lgkmcnt(0)                                       // 0000000041DC: BF89FC07
	v_lshlrev_b32_e32 v234, 9, v3                              // 0000000041E0: 31D40689
	v_lshl_add_u32 v234, v4, 4, v234                           // 0000000041E4: D64600EA 07A90904
	v_add_nc_u32_e32 v234, 0xe1e0, v234                        // 0000000041EC: 4BD5D4FF 0000E1E0
	v_and_b32_e32 v235, 7, v3                                  // 0000000041F4: 37D60687
	v_lshlrev_b32_e32 v235, 4, v235                            // 0000000041F8: 31D7D684
	v_xor_b32_e32 v234, v235, v234                             // 0000000041FC: 3BD5D5EB
	ds_load_b128 v[225:228], v234                              // 000000004200: DBFC0000 E10000EA
	v_wmma_f32_16x16x16_bf16 v[200:207], v[8:15], v[16:23], v[200:207]// 000000004208: CC4140C8 1F222108
	s_waitcnt lgkmcnt(0)                                       // 000000004210: BF89FC07
	ds_swizzle_b32 v229, v225 offset:swizzle(SWAP,16)          // 000000004214: D8D4401F E50000E1
	ds_swizzle_b32 v230, v226 offset:swizzle(SWAP,16)          // 00000000421C: D8D4401F E60000E2
	ds_swizzle_b32 v231, v227 offset:swizzle(SWAP,16)          // 000000004224: D8D4401F E70000E3
	ds_swizzle_b32 v232, v228 offset:swizzle(SWAP,16)          // 00000000422C: D8D4401F E80000E4
	s_waitcnt lgkmcnt(0)                                       // 000000004234: BF89FC07
	v_wmma_f32_16x16x16_bf16 v[208:215], v[8:15], v[225:232], v[208:215]// 000000004238: CC4140D0 1F43C308
	v_lshlrev_b32_e32 v231, 4, v2                              // 000000004240: 31CE0484
	v_add_nc_u32_e32 v231, s21, v231                           // 000000004244: 4BCFCE15
	v_add_nc_u32_e32 v231, v231, v3                            // 000000004248: 4BCE07E7
	v_lshlrev_b32_e32 v240, 13, v231                           // 00000000424C: 31E1CE8D
	v_add_nc_u32_e32 v240, s24, v240                           // 000000004250: 4BE1E018
	v_lshl_add_u32 v240, v4, 4, v240                           // 000000004254: D64600F0 07C10904
	v_lshlrev_b32_e32 v231, 13, v2                             // 00000000425C: 31CE048D
	v_lshl_add_u32 v232, v4, 7, v231                           // 000000004260: D64600E8 079D0F04
	v_lshl_add_u32 v232, v3, 1, v232                           // 000000004268: D64600E8 07A10303
	v_add_nc_u32_e32 v232, 0x1800, v232                        // 000000004270: 4BD1D0FF 00001800
	v_lshl_add_u32 v233, v3, 7, v231                           // 000000004278: D64600E9 079D0F03
	v_lshlrev_b32_e32 v229, 4, v1                              // 000000004280: 31CA0284
	v_lshl_add_u32 v233, v4, 4, v233                           // 000000004284: D64600E9 07A50904
	v_add_nc_u32_e32 v233, 0x1800, v233                        // 00000000428C: 4BD3D2FF 00001800
	s_add_u32 s40, s19, s21                                    // 000000004294: 80281513
	s_cmp_eq_u32 s28, s40                                      // 000000004298: BF06281C
	s_cbranch_scc1 33                                          // 00000000429C: BFA20021 <extend_attention_wmma_n64_gfx1151+0x2a24>
	v_mul_f32_e32 v24, s20, v24                                // 0000000042A0: 10303014
	v_mul_f32_e32 v25, s20, v25                                // 0000000042A4: 10323214
	v_mul_f32_e32 v26, s20, v26                                // 0000000042A8: 10343414
	v_mul_f32_e32 v27, s20, v27                                // 0000000042AC: 10363614
	v_mul_f32_e32 v28, s20, v28                                // 0000000042B0: 10383814
	v_mul_f32_e32 v29, s20, v29                                // 0000000042B4: 103A3A14
	v_mul_f32_e32 v30, s20, v30                                // 0000000042B8: 103C3C14
	v_mul_f32_e32 v31, s20, v31                                // 0000000042BC: 103E3E14
	v_mul_f32_e32 v192, s20, v192                              // 0000000042C0: 11818014
	v_mul_f32_e32 v193, s20, v193                              // 0000000042C4: 11838214
	v_mul_f32_e32 v194, s20, v194                              // 0000000042C8: 11858414
	v_mul_f32_e32 v195, s20, v195                              // 0000000042CC: 11878614
	v_mul_f32_e32 v196, s20, v196                              // 0000000042D0: 11898814
	v_mul_f32_e32 v197, s20, v197                              // 0000000042D4: 118B8A14
	v_mul_f32_e32 v198, s20, v198                              // 0000000042D8: 118D8C14
	v_mul_f32_e32 v199, s20, v199                              // 0000000042DC: 118F8E14
	v_mul_f32_e32 v200, s20, v200                              // 0000000042E0: 11919014
	v_mul_f32_e32 v201, s20, v201                              // 0000000042E4: 11939214
	v_mul_f32_e32 v202, s20, v202                              // 0000000042E8: 11959414
	v_mul_f32_e32 v203, s20, v203                              // 0000000042EC: 11979614
	v_mul_f32_e32 v204, s20, v204                              // 0000000042F0: 11999814
	v_mul_f32_e32 v205, s20, v205                              // 0000000042F4: 119B9A14
	v_mul_f32_e32 v206, s20, v206                              // 0000000042F8: 119D9C14
	v_mul_f32_e32 v207, s20, v207                              // 0000000042FC: 119F9E14
	v_mul_f32_e32 v208, s20, v208                              // 000000004300: 11A1A014
	v_mul_f32_e32 v209, s20, v209                              // 000000004304: 11A3A214
	v_mul_f32_e32 v210, s20, v210                              // 000000004308: 11A5A414
	v_mul_f32_e32 v211, s20, v211                              // 00000000430C: 11A7A614
	v_mul_f32_e32 v212, s20, v212                              // 000000004310: 11A9A814
	v_mul_f32_e32 v213, s20, v213                              // 000000004314: 11ABAA14
	v_mul_f32_e32 v214, s20, v214                              // 000000004318: 11ADAC14
	v_mul_f32_e32 v215, s20, v215                              // 00000000431C: 11AFAE14
	s_branch 288                                               // 000000004320: BFA00120 <extend_attention_wmma_n64_gfx1151+0x2ea4>
	v_mul_f32_e32 v24, s20, v24                                // 000000004324: 10303014
	v_add_nc_u32_e32 v235, 0, v3                               // 000000004328: 4BD60680
	v_add_nc_u32_e32 v235, s28, v235                           // 00000000432C: 4BD7D61C
	v_add_nc_u32_e32 v236, 0, v6                               // 000000004330: 4BD80C80
	v_add_nc_u32_e32 v237, s19, v236                           // 000000004334: 4BDBD813
	v_add_nc_u32_e32 v237, 1, v237                             // 000000004338: 4BDBDA81
	v_cmp_lt_u32_e32 vcc_lo, v235, v237                        // 00000000433C: 7C93DBEB
	v_cndmask_b32_e32 v24, 0xff800000, v24, vcc_lo             // 000000004340: 023030FF FF800000
	v_mul_f32_e32 v25, s20, v25                                // 000000004348: 10323214
	v_add_nc_u32_e32 v235, 0, v3                               // 00000000434C: 4BD60680
	v_add_nc_u32_e32 v235, s28, v235                           // 000000004350: 4BD7D61C
	v_add_nc_u32_e32 v236, 2, v6                               // 000000004354: 4BD80C82
	v_add_nc_u32_e32 v237, s19, v236                           // 000000004358: 4BDBD813
	v_add_nc_u32_e32 v237, 1, v237                             // 00000000435C: 4BDBDA81
	v_cmp_lt_u32_e32 vcc_lo, v235, v237                        // 000000004360: 7C93DBEB
	v_cndmask_b32_e32 v25, 0xff800000, v25, vcc_lo             // 000000004364: 023232FF FF800000
	v_mul_f32_e32 v26, s20, v26                                // 00000000436C: 10343414
	v_add_nc_u32_e32 v235, 0, v3                               // 000000004370: 4BD60680
	v_add_nc_u32_e32 v235, s28, v235                           // 000000004374: 4BD7D61C
	v_add_nc_u32_e32 v236, 4, v6                               // 000000004378: 4BD80C84
	v_add_nc_u32_e32 v237, s19, v236                           // 00000000437C: 4BDBD813
	v_add_nc_u32_e32 v237, 1, v237                             // 000000004380: 4BDBDA81
	v_cmp_lt_u32_e32 vcc_lo, v235, v237                        // 000000004384: 7C93DBEB
	v_cndmask_b32_e32 v26, 0xff800000, v26, vcc_lo             // 000000004388: 023434FF FF800000
	v_mul_f32_e32 v27, s20, v27                                // 000000004390: 10363614
	v_add_nc_u32_e32 v235, 0, v3                               // 000000004394: 4BD60680
	v_add_nc_u32_e32 v235, s28, v235                           // 000000004398: 4BD7D61C
	v_add_nc_u32_e32 v236, 6, v6                               // 00000000439C: 4BD80C86
	v_add_nc_u32_e32 v237, s19, v236                           // 0000000043A0: 4BDBD813
	v_add_nc_u32_e32 v237, 1, v237                             // 0000000043A4: 4BDBDA81
	v_cmp_lt_u32_e32 vcc_lo, v235, v237                        // 0000000043A8: 7C93DBEB
	v_cndmask_b32_e32 v27, 0xff800000, v27, vcc_lo             // 0000000043AC: 023636FF FF800000
	v_mul_f32_e32 v28, s20, v28                                // 0000000043B4: 10383814
	v_add_nc_u32_e32 v235, 0, v3                               // 0000000043B8: 4BD60680
	v_add_nc_u32_e32 v235, s28, v235                           // 0000000043BC: 4BD7D61C
	v_add_nc_u32_e32 v236, 8, v6                               // 0000000043C0: 4BD80C88
	v_add_nc_u32_e32 v237, s19, v236                           // 0000000043C4: 4BDBD813
	v_add_nc_u32_e32 v237, 1, v237                             // 0000000043C8: 4BDBDA81
	v_cmp_lt_u32_e32 vcc_lo, v235, v237                        // 0000000043CC: 7C93DBEB
	v_cndmask_b32_e32 v28, 0xff800000, v28, vcc_lo             // 0000000043D0: 023838FF FF800000
	v_mul_f32_e32 v29, s20, v29                                // 0000000043D8: 103A3A14
	v_add_nc_u32_e32 v235, 0, v3                               // 0000000043DC: 4BD60680
	v_add_nc_u32_e32 v235, s28, v235                           // 0000000043E0: 4BD7D61C
	v_add_nc_u32_e32 v236, 10, v6                              // 0000000043E4: 4BD80C8A
	v_add_nc_u32_e32 v237, s19, v236                           // 0000000043E8: 4BDBD813
	v_add_nc_u32_e32 v237, 1, v237                             // 0000000043EC: 4BDBDA81
	v_cmp_lt_u32_e32 vcc_lo, v235, v237                        // 0000000043F0: 7C93DBEB
	v_cndmask_b32_e32 v29, 0xff800000, v29, vcc_lo             // 0000000043F4: 023A3AFF FF800000
	v_mul_f32_e32 v30, s20, v30                                // 0000000043FC: 103C3C14
	v_add_nc_u32_e32 v235, 0, v3                               // 000000004400: 4BD60680
	v_add_nc_u32_e32 v235, s28, v235                           // 000000004404: 4BD7D61C
	v_add_nc_u32_e32 v236, 12, v6                              // 000000004408: 4BD80C8C
	v_add_nc_u32_e32 v237, s19, v236                           // 00000000440C: 4BDBD813
	v_add_nc_u32_e32 v237, 1, v237                             // 000000004410: 4BDBDA81
	v_cmp_lt_u32_e32 vcc_lo, v235, v237                        // 000000004414: 7C93DBEB
	v_cndmask_b32_e32 v30, 0xff800000, v30, vcc_lo             // 000000004418: 023C3CFF FF800000
	v_mul_f32_e32 v31, s20, v31                                // 000000004420: 103E3E14
	v_add_nc_u32_e32 v235, 0, v3                               // 000000004424: 4BD60680
	v_add_nc_u32_e32 v235, s28, v235                           // 000000004428: 4BD7D61C
	v_add_nc_u32_e32 v236, 14, v6                              // 00000000442C: 4BD80C8E
	v_add_nc_u32_e32 v237, s19, v236                           // 000000004430: 4BDBD813
	v_add_nc_u32_e32 v237, 1, v237                             // 000000004434: 4BDBDA81
	v_cmp_lt_u32_e32 vcc_lo, v235, v237                        // 000000004438: 7C93DBEB
	v_cndmask_b32_e32 v31, 0xff800000, v31, vcc_lo             // 00000000443C: 023E3EFF FF800000
	v_mul_f32_e32 v192, s20, v192                              // 000000004444: 11818014
	v_add_nc_u32_e32 v235, 16, v3                              // 000000004448: 4BD60690
	v_add_nc_u32_e32 v235, s28, v235                           // 00000000444C: 4BD7D61C
	v_add_nc_u32_e32 v236, 0, v6                               // 000000004450: 4BD80C80
	v_add_nc_u32_e32 v237, s19, v236                           // 000000004454: 4BDBD813
	v_add_nc_u32_e32 v237, 1, v237                             // 000000004458: 4BDBDA81
	v_cmp_lt_u32_e32 vcc_lo, v235, v237                        // 00000000445C: 7C93DBEB
	v_cndmask_b32_e32 v192, 0xff800000, v192, vcc_lo           // 000000004460: 038180FF FF800000
	v_mul_f32_e32 v193, s20, v193                              // 000000004468: 11838214
	v_add_nc_u32_e32 v235, 16, v3                              // 00000000446C: 4BD60690
	v_add_nc_u32_e32 v235, s28, v235                           // 000000004470: 4BD7D61C
	v_add_nc_u32_e32 v236, 2, v6                               // 000000004474: 4BD80C82
	v_add_nc_u32_e32 v237, s19, v236                           // 000000004478: 4BDBD813
	v_add_nc_u32_e32 v237, 1, v237                             // 00000000447C: 4BDBDA81
	v_cmp_lt_u32_e32 vcc_lo, v235, v237                        // 000000004480: 7C93DBEB
	v_cndmask_b32_e32 v193, 0xff800000, v193, vcc_lo           // 000000004484: 038382FF FF800000
	v_mul_f32_e32 v194, s20, v194                              // 00000000448C: 11858414
	v_add_nc_u32_e32 v235, 16, v3                              // 000000004490: 4BD60690
	v_add_nc_u32_e32 v235, s28, v235                           // 000000004494: 4BD7D61C
	v_add_nc_u32_e32 v236, 4, v6                               // 000000004498: 4BD80C84
	v_add_nc_u32_e32 v237, s19, v236                           // 00000000449C: 4BDBD813
	v_add_nc_u32_e32 v237, 1, v237                             // 0000000044A0: 4BDBDA81
	v_cmp_lt_u32_e32 vcc_lo, v235, v237                        // 0000000044A4: 7C93DBEB
	v_cndmask_b32_e32 v194, 0xff800000, v194, vcc_lo           // 0000000044A8: 038584FF FF800000
	v_mul_f32_e32 v195, s20, v195                              // 0000000044B0: 11878614
	v_add_nc_u32_e32 v235, 16, v3                              // 0000000044B4: 4BD60690
	v_add_nc_u32_e32 v235, s28, v235                           // 0000000044B8: 4BD7D61C
	v_add_nc_u32_e32 v236, 6, v6                               // 0000000044BC: 4BD80C86
	v_add_nc_u32_e32 v237, s19, v236                           // 0000000044C0: 4BDBD813
	v_add_nc_u32_e32 v237, 1, v237                             // 0000000044C4: 4BDBDA81
	v_cmp_lt_u32_e32 vcc_lo, v235, v237                        // 0000000044C8: 7C93DBEB
	v_cndmask_b32_e32 v195, 0xff800000, v195, vcc_lo           // 0000000044CC: 038786FF FF800000
	v_mul_f32_e32 v196, s20, v196                              // 0000000044D4: 11898814
	v_add_nc_u32_e32 v235, 16, v3                              // 0000000044D8: 4BD60690
	v_add_nc_u32_e32 v235, s28, v235                           // 0000000044DC: 4BD7D61C
	v_add_nc_u32_e32 v236, 8, v6                               // 0000000044E0: 4BD80C88
	v_add_nc_u32_e32 v237, s19, v236                           // 0000000044E4: 4BDBD813
	v_add_nc_u32_e32 v237, 1, v237                             // 0000000044E8: 4BDBDA81
	v_cmp_lt_u32_e32 vcc_lo, v235, v237                        // 0000000044EC: 7C93DBEB
	v_cndmask_b32_e32 v196, 0xff800000, v196, vcc_lo           // 0000000044F0: 038988FF FF800000
	v_mul_f32_e32 v197, s20, v197                              // 0000000044F8: 118B8A14
	v_add_nc_u32_e32 v235, 16, v3                              // 0000000044FC: 4BD60690
	v_add_nc_u32_e32 v235, s28, v235                           // 000000004500: 4BD7D61C
	v_add_nc_u32_e32 v236, 10, v6                              // 000000004504: 4BD80C8A
	v_add_nc_u32_e32 v237, s19, v236                           // 000000004508: 4BDBD813
	v_add_nc_u32_e32 v237, 1, v237                             // 00000000450C: 4BDBDA81
	v_cmp_lt_u32_e32 vcc_lo, v235, v237                        // 000000004510: 7C93DBEB
	v_cndmask_b32_e32 v197, 0xff800000, v197, vcc_lo           // 000000004514: 038B8AFF FF800000
	v_mul_f32_e32 v198, s20, v198                              // 00000000451C: 118D8C14
	v_add_nc_u32_e32 v235, 16, v3                              // 000000004520: 4BD60690
	v_add_nc_u32_e32 v235, s28, v235                           // 000000004524: 4BD7D61C
	v_add_nc_u32_e32 v236, 12, v6                              // 000000004528: 4BD80C8C
	v_add_nc_u32_e32 v237, s19, v236                           // 00000000452C: 4BDBD813
	v_add_nc_u32_e32 v237, 1, v237                             // 000000004530: 4BDBDA81
	v_cmp_lt_u32_e32 vcc_lo, v235, v237                        // 000000004534: 7C93DBEB
	v_cndmask_b32_e32 v198, 0xff800000, v198, vcc_lo           // 000000004538: 038D8CFF FF800000
	v_mul_f32_e32 v199, s20, v199                              // 000000004540: 118F8E14
	v_add_nc_u32_e32 v235, 16, v3                              // 000000004544: 4BD60690
	v_add_nc_u32_e32 v235, s28, v235                           // 000000004548: 4BD7D61C
	v_add_nc_u32_e32 v236, 14, v6                              // 00000000454C: 4BD80C8E
	v_add_nc_u32_e32 v237, s19, v236                           // 000000004550: 4BDBD813
	v_add_nc_u32_e32 v237, 1, v237                             // 000000004554: 4BDBDA81
	v_cmp_lt_u32_e32 vcc_lo, v235, v237                        // 000000004558: 7C93DBEB
	v_cndmask_b32_e32 v199, 0xff800000, v199, vcc_lo           // 00000000455C: 038F8EFF FF800000
	v_mul_f32_e32 v200, s20, v200                              // 000000004564: 11919014
	v_add_nc_u32_e32 v235, 32, v3                              // 000000004568: 4BD606A0
	v_add_nc_u32_e32 v235, s28, v235                           // 00000000456C: 4BD7D61C
	v_add_nc_u32_e32 v236, 0, v6                               // 000000004570: 4BD80C80
	v_add_nc_u32_e32 v237, s19, v236                           // 000000004574: 4BDBD813
	v_add_nc_u32_e32 v237, 1, v237                             // 000000004578: 4BDBDA81
	v_cmp_lt_u32_e32 vcc_lo, v235, v237                        // 00000000457C: 7C93DBEB
	v_cndmask_b32_e32 v200, 0xff800000, v200, vcc_lo           // 000000004580: 039190FF FF800000
	v_mul_f32_e32 v201, s20, v201                              // 000000004588: 11939214
	v_add_nc_u32_e32 v235, 32, v3                              // 00000000458C: 4BD606A0
	v_add_nc_u32_e32 v235, s28, v235                           // 000000004590: 4BD7D61C
	v_add_nc_u32_e32 v236, 2, v6                               // 000000004594: 4BD80C82
	v_add_nc_u32_e32 v237, s19, v236                           // 000000004598: 4BDBD813
	v_add_nc_u32_e32 v237, 1, v237                             // 00000000459C: 4BDBDA81
	v_cmp_lt_u32_e32 vcc_lo, v235, v237                        // 0000000045A0: 7C93DBEB
	v_cndmask_b32_e32 v201, 0xff800000, v201, vcc_lo           // 0000000045A4: 039392FF FF800000
	v_mul_f32_e32 v202, s20, v202                              // 0000000045AC: 11959414
	v_add_nc_u32_e32 v235, 32, v3                              // 0000000045B0: 4BD606A0
	v_add_nc_u32_e32 v235, s28, v235                           // 0000000045B4: 4BD7D61C
	v_add_nc_u32_e32 v236, 4, v6                               // 0000000045B8: 4BD80C84
	v_add_nc_u32_e32 v237, s19, v236                           // 0000000045BC: 4BDBD813
	v_add_nc_u32_e32 v237, 1, v237                             // 0000000045C0: 4BDBDA81
	v_cmp_lt_u32_e32 vcc_lo, v235, v237                        // 0000000045C4: 7C93DBEB
	v_cndmask_b32_e32 v202, 0xff800000, v202, vcc_lo           // 0000000045C8: 039594FF FF800000
	v_mul_f32_e32 v203, s20, v203                              // 0000000045D0: 11979614
	v_add_nc_u32_e32 v235, 32, v3                              // 0000000045D4: 4BD606A0
	v_add_nc_u32_e32 v235, s28, v235                           // 0000000045D8: 4BD7D61C
	v_add_nc_u32_e32 v236, 6, v6                               // 0000000045DC: 4BD80C86
	v_add_nc_u32_e32 v237, s19, v236                           // 0000000045E0: 4BDBD813
	v_add_nc_u32_e32 v237, 1, v237                             // 0000000045E4: 4BDBDA81
	v_cmp_lt_u32_e32 vcc_lo, v235, v237                        // 0000000045E8: 7C93DBEB
	v_cndmask_b32_e32 v203, 0xff800000, v203, vcc_lo           // 0000000045EC: 039796FF FF800000
	v_mul_f32_e32 v204, s20, v204                              // 0000000045F4: 11999814
	v_add_nc_u32_e32 v235, 32, v3                              // 0000000045F8: 4BD606A0
	v_add_nc_u32_e32 v235, s28, v235                           // 0000000045FC: 4BD7D61C
	v_add_nc_u32_e32 v236, 8, v6                               // 000000004600: 4BD80C88
	v_add_nc_u32_e32 v237, s19, v236                           // 000000004604: 4BDBD813
	v_add_nc_u32_e32 v237, 1, v237                             // 000000004608: 4BDBDA81
	v_cmp_lt_u32_e32 vcc_lo, v235, v237                        // 00000000460C: 7C93DBEB
	v_cndmask_b32_e32 v204, 0xff800000, v204, vcc_lo           // 000000004610: 039998FF FF800000
	v_mul_f32_e32 v205, s20, v205                              // 000000004618: 119B9A14
	v_add_nc_u32_e32 v235, 32, v3                              // 00000000461C: 4BD606A0
	v_add_nc_u32_e32 v235, s28, v235                           // 000000004620: 4BD7D61C
	v_add_nc_u32_e32 v236, 10, v6                              // 000000004624: 4BD80C8A
	v_add_nc_u32_e32 v237, s19, v236                           // 000000004628: 4BDBD813
	v_add_nc_u32_e32 v237, 1, v237                             // 00000000462C: 4BDBDA81
	v_cmp_lt_u32_e32 vcc_lo, v235, v237                        // 000000004630: 7C93DBEB
	v_cndmask_b32_e32 v205, 0xff800000, v205, vcc_lo           // 000000004634: 039B9AFF FF800000
	v_mul_f32_e32 v206, s20, v206                              // 00000000463C: 119D9C14
	v_add_nc_u32_e32 v235, 32, v3                              // 000000004640: 4BD606A0
	v_add_nc_u32_e32 v235, s28, v235                           // 000000004644: 4BD7D61C
	v_add_nc_u32_e32 v236, 12, v6                              // 000000004648: 4BD80C8C
	v_add_nc_u32_e32 v237, s19, v236                           // 00000000464C: 4BDBD813
	v_add_nc_u32_e32 v237, 1, v237                             // 000000004650: 4BDBDA81
	v_cmp_lt_u32_e32 vcc_lo, v235, v237                        // 000000004654: 7C93DBEB
	v_cndmask_b32_e32 v206, 0xff800000, v206, vcc_lo           // 000000004658: 039D9CFF FF800000
	v_mul_f32_e32 v207, s20, v207                              // 000000004660: 119F9E14
	v_add_nc_u32_e32 v235, 32, v3                              // 000000004664: 4BD606A0
	v_add_nc_u32_e32 v235, s28, v235                           // 000000004668: 4BD7D61C
	v_add_nc_u32_e32 v236, 14, v6                              // 00000000466C: 4BD80C8E
	v_add_nc_u32_e32 v237, s19, v236                           // 000000004670: 4BDBD813
	v_add_nc_u32_e32 v237, 1, v237                             // 000000004674: 4BDBDA81
	v_cmp_lt_u32_e32 vcc_lo, v235, v237                        // 000000004678: 7C93DBEB
	v_cndmask_b32_e32 v207, 0xff800000, v207, vcc_lo           // 00000000467C: 039F9EFF FF800000
	v_mul_f32_e32 v208, s20, v208                              // 000000004684: 11A1A014
	v_add_nc_u32_e32 v235, 48, v3                              // 000000004688: 4BD606B0
	v_add_nc_u32_e32 v235, s28, v235                           // 00000000468C: 4BD7D61C
	v_add_nc_u32_e32 v236, 0, v6                               // 000000004690: 4BD80C80
	v_add_nc_u32_e32 v237, s19, v236                           // 000000004694: 4BDBD813
	v_add_nc_u32_e32 v237, 1, v237                             // 000000004698: 4BDBDA81
	v_cmp_lt_u32_e32 vcc_lo, v235, v237                        // 00000000469C: 7C93DBEB
	v_cndmask_b32_e32 v208, 0xff800000, v208, vcc_lo           // 0000000046A0: 03A1A0FF FF800000
	v_mul_f32_e32 v209, s20, v209                              // 0000000046A8: 11A3A214
	v_add_nc_u32_e32 v235, 48, v3                              // 0000000046AC: 4BD606B0
	v_add_nc_u32_e32 v235, s28, v235                           // 0000000046B0: 4BD7D61C
	v_add_nc_u32_e32 v236, 2, v6                               // 0000000046B4: 4BD80C82
	v_add_nc_u32_e32 v237, s19, v236                           // 0000000046B8: 4BDBD813
	v_add_nc_u32_e32 v237, 1, v237                             // 0000000046BC: 4BDBDA81
	v_cmp_lt_u32_e32 vcc_lo, v235, v237                        // 0000000046C0: 7C93DBEB
	v_cndmask_b32_e32 v209, 0xff800000, v209, vcc_lo           // 0000000046C4: 03A3A2FF FF800000
	v_mul_f32_e32 v210, s20, v210                              // 0000000046CC: 11A5A414
	v_add_nc_u32_e32 v235, 48, v3                              // 0000000046D0: 4BD606B0
	v_add_nc_u32_e32 v235, s28, v235                           // 0000000046D4: 4BD7D61C
	v_add_nc_u32_e32 v236, 4, v6                               // 0000000046D8: 4BD80C84
	v_add_nc_u32_e32 v237, s19, v236                           // 0000000046DC: 4BDBD813
	v_add_nc_u32_e32 v237, 1, v237                             // 0000000046E0: 4BDBDA81
	v_cmp_lt_u32_e32 vcc_lo, v235, v237                        // 0000000046E4: 7C93DBEB
	v_cndmask_b32_e32 v210, 0xff800000, v210, vcc_lo           // 0000000046E8: 03A5A4FF FF800000
	v_mul_f32_e32 v211, s20, v211                              // 0000000046F0: 11A7A614
	v_add_nc_u32_e32 v235, 48, v3                              // 0000000046F4: 4BD606B0
	v_add_nc_u32_e32 v235, s28, v235                           // 0000000046F8: 4BD7D61C
	v_add_nc_u32_e32 v236, 6, v6                               // 0000000046FC: 4BD80C86
	v_add_nc_u32_e32 v237, s19, v236                           // 000000004700: 4BDBD813
	v_add_nc_u32_e32 v237, 1, v237                             // 000000004704: 4BDBDA81
	v_cmp_lt_u32_e32 vcc_lo, v235, v237                        // 000000004708: 7C93DBEB
	v_cndmask_b32_e32 v211, 0xff800000, v211, vcc_lo           // 00000000470C: 03A7A6FF FF800000
	v_mul_f32_e32 v212, s20, v212                              // 000000004714: 11A9A814
	v_add_nc_u32_e32 v235, 48, v3                              // 000000004718: 4BD606B0
	v_add_nc_u32_e32 v235, s28, v235                           // 00000000471C: 4BD7D61C
	v_add_nc_u32_e32 v236, 8, v6                               // 000000004720: 4BD80C88
	v_add_nc_u32_e32 v237, s19, v236                           // 000000004724: 4BDBD813
	v_add_nc_u32_e32 v237, 1, v237                             // 000000004728: 4BDBDA81
	v_cmp_lt_u32_e32 vcc_lo, v235, v237                        // 00000000472C: 7C93DBEB
	v_cndmask_b32_e32 v212, 0xff800000, v212, vcc_lo           // 000000004730: 03A9A8FF FF800000
	v_mul_f32_e32 v213, s20, v213                              // 000000004738: 11ABAA14
	v_add_nc_u32_e32 v235, 48, v3                              // 00000000473C: 4BD606B0
	v_add_nc_u32_e32 v235, s28, v235                           // 000000004740: 4BD7D61C
	v_add_nc_u32_e32 v236, 10, v6                              // 000000004744: 4BD80C8A
	v_add_nc_u32_e32 v237, s19, v236                           // 000000004748: 4BDBD813
	v_add_nc_u32_e32 v237, 1, v237                             // 00000000474C: 4BDBDA81
	v_cmp_lt_u32_e32 vcc_lo, v235, v237                        // 000000004750: 7C93DBEB
	v_cndmask_b32_e32 v213, 0xff800000, v213, vcc_lo           // 000000004754: 03ABAAFF FF800000
	v_mul_f32_e32 v214, s20, v214                              // 00000000475C: 11ADAC14
	v_add_nc_u32_e32 v235, 48, v3                              // 000000004760: 4BD606B0
	v_add_nc_u32_e32 v235, s28, v235                           // 000000004764: 4BD7D61C
	v_add_nc_u32_e32 v236, 12, v6                              // 000000004768: 4BD80C8C
	v_add_nc_u32_e32 v237, s19, v236                           // 00000000476C: 4BDBD813
	v_add_nc_u32_e32 v237, 1, v237                             // 000000004770: 4BDBDA81
	v_cmp_lt_u32_e32 vcc_lo, v235, v237                        // 000000004774: 7C93DBEB
	v_cndmask_b32_e32 v214, 0xff800000, v214, vcc_lo           // 000000004778: 03ADACFF FF800000
	v_mul_f32_e32 v215, s20, v215                              // 000000004780: 11AFAE14
	v_add_nc_u32_e32 v235, 48, v3                              // 000000004784: 4BD606B0
	v_add_nc_u32_e32 v235, s28, v235                           // 000000004788: 4BD7D61C
	v_add_nc_u32_e32 v236, 14, v6                              // 00000000478C: 4BD80C8E
	v_add_nc_u32_e32 v237, s19, v236                           // 000000004790: 4BDBD813
	v_add_nc_u32_e32 v237, 1, v237                             // 000000004794: 4BDBDA81
	v_cmp_lt_u32_e32 vcc_lo, v235, v237                        // 000000004798: 7C93DBEB
	v_cndmask_b32_e32 v215, 0xff800000, v215, vcc_lo           // 00000000479C: 03AFAEFF FF800000
	v_mov_b32_e32 v216, v24                                    // 0000000047A4: 7FB00318
	v_mov_b32_e32 v224, v216                                   // 0000000047A8: 7FC003D8
	v_mov_b32_dpp v224, v224 row_shr:8 row_mask:0xf bank_mask:0xc// 0000000047AC: 7FC002FA FC0118E0
	v_mov_b32_dpp v224, v216 row_shl:8 row_mask:0xf bank_mask:0x3// 0000000047B4: 7FC002FA F30108D8
	v_max_f32_e32 v216, v216, v224                             // 0000000047BC: 21B1C1D8
	v_mov_b32_e32 v224, v216                                   // 0000000047C0: 7FC003D8
	v_mov_b32_dpp v224, v224 row_shr:4 row_mask:0xf bank_mask:0xa// 0000000047C4: 7FC002FA FA0114E0
	v_mov_b32_dpp v224, v216 row_shl:4 row_mask:0xf bank_mask:0x5// 0000000047CC: 7FC002FA F50104D8
	v_max_f32_e32 v216, v216, v224                             // 0000000047D4: 21B1C1D8
	v_mov_b32_dpp v224, v216 quad_perm:[2,3,0,1] row_mask:0xf bank_mask:0xf// 0000000047D8: 7FC002FA FF004ED8
	v_max_f32_e32 v216, v216, v224                             // 0000000047E0: 21B1C1D8
	v_mov_b32_dpp v224, v216 quad_perm:[1,0,3,2] row_mask:0xf bank_mask:0xf// 0000000047E4: 7FC002FA FF00B1D8
	v_max_f32_e32 v216, v216, v224                             // 0000000047EC: 21B1C1D8
	v_mov_b32_e32 v225, v192                                   // 0000000047F0: 7FC203C0
	v_mov_b32_e32 v224, v225                                   // 0000000047F4: 7FC003E1
	v_mov_b32_dpp v224, v224 row_shr:8 row_mask:0xf bank_mask:0xc// 0000000047F8: 7FC002FA FC0118E0
	v_mov_b32_dpp v224, v225 row_shl:8 row_mask:0xf bank_mask:0x3// 000000004800: 7FC002FA F30108E1
	v_max_f32_e32 v225, v225, v224                             // 000000004808: 21C3C1E1
	v_mov_b32_e32 v224, v225                                   // 00000000480C: 7FC003E1
	v_mov_b32_dpp v224, v224 row_shr:4 row_mask:0xf bank_mask:0xa// 000000004810: 7FC002FA FA0114E0
	v_mov_b32_dpp v224, v225 row_shl:4 row_mask:0xf bank_mask:0x5// 000000004818: 7FC002FA F50104E1
	v_max_f32_e32 v225, v225, v224                             // 000000004820: 21C3C1E1
	v_mov_b32_dpp v224, v225 quad_perm:[2,3,0,1] row_mask:0xf bank_mask:0xf// 000000004824: 7FC002FA FF004EE1
	v_max_f32_e32 v225, v225, v224                             // 00000000482C: 21C3C1E1
	v_mov_b32_dpp v224, v225 quad_perm:[1,0,3,2] row_mask:0xf bank_mask:0xf// 000000004830: 7FC002FA FF00B1E1
	v_max_f32_e32 v225, v225, v224                             // 000000004838: 21C3C1E1
	v_max_f32_e32 v216, v216, v225                             // 00000000483C: 21B1C3D8
	v_mov_b32_e32 v225, v200                                   // 000000004840: 7FC203C8
	v_mov_b32_e32 v224, v225                                   // 000000004844: 7FC003E1
	v_mov_b32_dpp v224, v224 row_shr:8 row_mask:0xf bank_mask:0xc// 000000004848: 7FC002FA FC0118E0
	v_mov_b32_dpp v224, v225 row_shl:8 row_mask:0xf bank_mask:0x3// 000000004850: 7FC002FA F30108E1
	v_max_f32_e32 v225, v225, v224                             // 000000004858: 21C3C1E1
	v_mov_b32_e32 v224, v225                                   // 00000000485C: 7FC003E1
	v_mov_b32_dpp v224, v224 row_shr:4 row_mask:0xf bank_mask:0xa// 000000004860: 7FC002FA FA0114E0
	v_mov_b32_dpp v224, v225 row_shl:4 row_mask:0xf bank_mask:0x5// 000000004868: 7FC002FA F50104E1
	v_max_f32_e32 v225, v225, v224                             // 000000004870: 21C3C1E1
	v_mov_b32_dpp v224, v225 quad_perm:[2,3,0,1] row_mask:0xf bank_mask:0xf// 000000004874: 7FC002FA FF004EE1
	v_max_f32_e32 v225, v225, v224                             // 00000000487C: 21C3C1E1
	v_mov_b32_dpp v224, v225 quad_perm:[1,0,3,2] row_mask:0xf bank_mask:0xf// 000000004880: 7FC002FA FF00B1E1
	v_max_f32_e32 v225, v225, v224                             // 000000004888: 21C3C1E1
	v_max_f32_e32 v216, v216, v225                             // 00000000488C: 21B1C3D8
	v_mov_b32_e32 v225, v208                                   // 000000004890: 7FC203D0
	v_mov_b32_e32 v224, v225                                   // 000000004894: 7FC003E1
	v_mov_b32_dpp v224, v224 row_shr:8 row_mask:0xf bank_mask:0xc// 000000004898: 7FC002FA FC0118E0
	v_mov_b32_dpp v224, v225 row_shl:8 row_mask:0xf bank_mask:0x3// 0000000048A0: 7FC002FA F30108E1
	v_max_f32_e32 v225, v225, v224                             // 0000000048A8: 21C3C1E1
	v_mov_b32_e32 v224, v225                                   // 0000000048AC: 7FC003E1
	v_mov_b32_dpp v224, v224 row_shr:4 row_mask:0xf bank_mask:0xa// 0000000048B0: 7FC002FA FA0114E0
	v_mov_b32_dpp v224, v225 row_shl:4 row_mask:0xf bank_mask:0x5// 0000000048B8: 7FC002FA F50104E1
	v_max_f32_e32 v225, v225, v224                             // 0000000048C0: 21C3C1E1
	v_mov_b32_dpp v224, v225 quad_perm:[2,3,0,1] row_mask:0xf bank_mask:0xf// 0000000048C4: 7FC002FA FF004EE1
	v_max_f32_e32 v225, v225, v224                             // 0000000048CC: 21C3C1E1
	v_mov_b32_dpp v224, v225 quad_perm:[1,0,3,2] row_mask:0xf bank_mask:0xf// 0000000048D0: 7FC002FA FF00B1E1
	v_max_f32_e32 v225, v225, v224                             // 0000000048D8: 21C3C1E1
	v_max_f32_e32 v216, v216, v225                             // 0000000048DC: 21B1C3D8
	v_max_f32_e32 v216, v32, v216                              // 0000000048E0: 21B1B120
	v_sub_f32_e32 v48, v32, v216                               // 0000000048E4: 0861B120
	v_mul_f32_e32 v48, 0x3fb8aa3b, v48                         // 0000000048E8: 106060FF 3FB8AA3B
	v_exp_f32_e32 v48, v48                                     // 0000000048F0: 7E604B30
	v_sub_f32_e32 v24, v24, v216                               // 0000000048F4: 0831B118
	v_mul_f32_e32 v24, 0x3fb8aa3b, v24                         // 0000000048F8: 103030FF 3FB8AA3B
	v_exp_f32_e32 v24, v24                                     // 000000004900: 7E304B18
	v_sub_f32_e32 v192, v192, v216                             // 000000004904: 0981B1C0
	v_mul_f32_e32 v192, 0x3fb8aa3b, v192                       // 000000004908: 118180FF 3FB8AA3B
	v_exp_f32_e32 v192, v192                                   // 000000004910: 7F804BC0
	v_sub_f32_e32 v200, v200, v216                             // 000000004914: 0991B1C8
	v_mul_f32_e32 v200, 0x3fb8aa3b, v200                       // 000000004918: 119190FF 3FB8AA3B
	v_exp_f32_e32 v200, v200                                   // 000000004920: 7F904BC8
	v_sub_f32_e32 v208, v208, v216                             // 000000004924: 09A1B1D0
	v_mul_f32_e32 v208, 0x3fb8aa3b, v208                       // 000000004928: 11A1A0FF 3FB8AA3B
	v_exp_f32_e32 v208, v208                                   // 000000004930: 7FA04BD0
	v_mov_b32_e32 v32, v216                                    // 000000004934: 7E4003D8
	v_mov_b32_e32 v216, v24                                    // 000000004938: 7FB00318
	v_mov_b32_e32 v224, v216                                   // 00000000493C: 7FC003D8
	v_mov_b32_dpp v224, v224 row_shr:8 row_mask:0xf bank_mask:0xc// 000000004940: 7FC002FA FC0118E0
	v_mov_b32_dpp v224, v216 row_shl:8 row_mask:0xf bank_mask:0x3// 000000004948: 7FC002FA F30108D8
	v_add_f32_e32 v216, v216, v224                             // 000000004950: 07B1C1D8
	v_mov_b32_e32 v224, v216                                   // 000000004954: 7FC003D8
	v_mov_b32_dpp v224, v224 row_shr:4 row_mask:0xf bank_mask:0xa// 000000004958: 7FC002FA FA0114E0
	v_mov_b32_dpp v224, v216 row_shl:4 row_mask:0xf bank_mask:0x5// 000000004960: 7FC002FA F50104D8
	v_add_f32_e32 v216, v216, v224                             // 000000004968: 07B1C1D8
	v_mov_b32_dpp v224, v216 quad_perm:[2,3,0,1] row_mask:0xf bank_mask:0xf// 00000000496C: 7FC002FA FF004ED8
	v_add_f32_e32 v216, v216, v224                             // 000000004974: 07B1C1D8
	v_mov_b32_dpp v224, v216 quad_perm:[1,0,3,2] row_mask:0xf bank_mask:0xf// 000000004978: 7FC002FA FF00B1D8
	v_add_f32_e32 v216, v216, v224                             // 000000004980: 07B1C1D8
	v_mov_b32_e32 v225, v192                                   // 000000004984: 7FC203C0
	v_mov_b32_e32 v224, v225                                   // 000000004988: 7FC003E1
	v_mov_b32_dpp v224, v224 row_shr:8 row_mask:0xf bank_mask:0xc// 00000000498C: 7FC002FA FC0118E0
	v_mov_b32_dpp v224, v225 row_shl:8 row_mask:0xf bank_mask:0x3// 000000004994: 7FC002FA F30108E1
	v_add_f32_e32 v225, v225, v224                             // 00000000499C: 07C3C1E1
	v_mov_b32_e32 v224, v225                                   // 0000000049A0: 7FC003E1
	v_mov_b32_dpp v224, v224 row_shr:4 row_mask:0xf bank_mask:0xa// 0000000049A4: 7FC002FA FA0114E0
	v_mov_b32_dpp v224, v225 row_shl:4 row_mask:0xf bank_mask:0x5// 0000000049AC: 7FC002FA F50104E1
	v_add_f32_e32 v225, v225, v224                             // 0000000049B4: 07C3C1E1
	v_mov_b32_dpp v224, v225 quad_perm:[2,3,0,1] row_mask:0xf bank_mask:0xf// 0000000049B8: 7FC002FA FF004EE1
	v_add_f32_e32 v225, v225, v224                             // 0000000049C0: 07C3C1E1
	v_mov_b32_dpp v224, v225 quad_perm:[1,0,3,2] row_mask:0xf bank_mask:0xf// 0000000049C4: 7FC002FA FF00B1E1
	v_add_f32_e32 v225, v225, v224                             // 0000000049CC: 07C3C1E1
	v_add_f32_e32 v216, v216, v225                             // 0000000049D0: 07B1C3D8
	v_mov_b32_e32 v225, v200                                   // 0000000049D4: 7FC203C8
	v_mov_b32_e32 v224, v225                                   // 0000000049D8: 7FC003E1
	v_mov_b32_dpp v224, v224 row_shr:8 row_mask:0xf bank_mask:0xc// 0000000049DC: 7FC002FA FC0118E0
	v_mov_b32_dpp v224, v225 row_shl:8 row_mask:0xf bank_mask:0x3// 0000000049E4: 7FC002FA F30108E1
	v_add_f32_e32 v225, v225, v224                             // 0000000049EC: 07C3C1E1
	v_mov_b32_e32 v224, v225                                   // 0000000049F0: 7FC003E1
	v_mov_b32_dpp v224, v224 row_shr:4 row_mask:0xf bank_mask:0xa// 0000000049F4: 7FC002FA FA0114E0
	v_mov_b32_dpp v224, v225 row_shl:4 row_mask:0xf bank_mask:0x5// 0000000049FC: 7FC002FA F50104E1
	v_add_f32_e32 v225, v225, v224                             // 000000004A04: 07C3C1E1
	v_mov_b32_dpp v224, v225 quad_perm:[2,3,0,1] row_mask:0xf bank_mask:0xf// 000000004A08: 7FC002FA FF004EE1
	v_add_f32_e32 v225, v225, v224                             // 000000004A10: 07C3C1E1
	v_mov_b32_dpp v224, v225 quad_perm:[1,0,3,2] row_mask:0xf bank_mask:0xf// 000000004A14: 7FC002FA FF00B1E1
	v_add_f32_e32 v225, v225, v224                             // 000000004A1C: 07C3C1E1
	v_add_f32_e32 v216, v216, v225                             // 000000004A20: 07B1C3D8
	v_mov_b32_e32 v225, v208                                   // 000000004A24: 7FC203D0
	v_mov_b32_e32 v224, v225                                   // 000000004A28: 7FC003E1
	v_mov_b32_dpp v224, v224 row_shr:8 row_mask:0xf bank_mask:0xc// 000000004A2C: 7FC002FA FC0118E0
	v_mov_b32_dpp v224, v225 row_shl:8 row_mask:0xf bank_mask:0x3// 000000004A34: 7FC002FA F30108E1
	v_add_f32_e32 v225, v225, v224                             // 000000004A3C: 07C3C1E1
	v_mov_b32_e32 v224, v225                                   // 000000004A40: 7FC003E1
	v_mov_b32_dpp v224, v224 row_shr:4 row_mask:0xf bank_mask:0xa// 000000004A44: 7FC002FA FA0114E0
	v_mov_b32_dpp v224, v225 row_shl:4 row_mask:0xf bank_mask:0x5// 000000004A4C: 7FC002FA F50104E1
	v_add_f32_e32 v225, v225, v224                             // 000000004A54: 07C3C1E1
	v_mov_b32_dpp v224, v225 quad_perm:[2,3,0,1] row_mask:0xf bank_mask:0xf// 000000004A58: 7FC002FA FF004EE1
	v_add_f32_e32 v225, v225, v224                             // 000000004A60: 07C3C1E1
	v_mov_b32_dpp v224, v225 quad_perm:[1,0,3,2] row_mask:0xf bank_mask:0xf// 000000004A64: 7FC002FA FF00B1E1
	v_add_f32_e32 v225, v225, v224                             // 000000004A6C: 07C3C1E1
	v_add_f32_e32 v216, v216, v225                             // 000000004A70: 07B1C3D8
	v_mul_f32_e32 v40, v40, v48                                // 000000004A74: 10506128
	v_add_f32_e32 v40, v40, v216                               // 000000004A78: 0651B128
	v_mov_b32_e32 v217, v25                                    // 000000004A7C: 7FB20319
	v_mov_b32_e32 v224, v217                                   // 000000004A80: 7FC003D9
	v_mov_b32_dpp v224, v224 row_shr:8 row_mask:0xf bank_mask:0xc// 000000004A84: 7FC002FA FC0118E0
	v_mov_b32_dpp v224, v217 row_shl:8 row_mask:0xf bank_mask:0x3// 000000004A8C: 7FC002FA F30108D9
	v_max_f32_e32 v217, v217, v224                             // 000000004A94: 21B3C1D9
	v_mov_b32_e32 v224, v217                                   // 000000004A98: 7FC003D9
	v_mov_b32_dpp v224, v224 row_shr:4 row_mask:0xf bank_mask:0xa// 000000004A9C: 7FC002FA FA0114E0
	v_mov_b32_dpp v224, v217 row_shl:4 row_mask:0xf bank_mask:0x5// 000000004AA4: 7FC002FA F50104D9
	v_max_f32_e32 v217, v217, v224                             // 000000004AAC: 21B3C1D9
	v_mov_b32_dpp v224, v217 quad_perm:[2,3,0,1] row_mask:0xf bank_mask:0xf// 000000004AB0: 7FC002FA FF004ED9
	v_max_f32_e32 v217, v217, v224                             // 000000004AB8: 21B3C1D9
	v_mov_b32_dpp v224, v217 quad_perm:[1,0,3,2] row_mask:0xf bank_mask:0xf// 000000004ABC: 7FC002FA FF00B1D9
	v_max_f32_e32 v217, v217, v224                             // 000000004AC4: 21B3C1D9
	v_mov_b32_e32 v225, v193                                   // 000000004AC8: 7FC203C1
	v_mov_b32_e32 v224, v225                                   // 000000004ACC: 7FC003E1
	v_mov_b32_dpp v224, v224 row_shr:8 row_mask:0xf bank_mask:0xc// 000000004AD0: 7FC002FA FC0118E0
	v_mov_b32_dpp v224, v225 row_shl:8 row_mask:0xf bank_mask:0x3// 000000004AD8: 7FC002FA F30108E1
	v_max_f32_e32 v225, v225, v224                             // 000000004AE0: 21C3C1E1
	v_mov_b32_e32 v224, v225                                   // 000000004AE4: 7FC003E1
	v_mov_b32_dpp v224, v224 row_shr:4 row_mask:0xf bank_mask:0xa// 000000004AE8: 7FC002FA FA0114E0
	v_mov_b32_dpp v224, v225 row_shl:4 row_mask:0xf bank_mask:0x5// 000000004AF0: 7FC002FA F50104E1
	v_max_f32_e32 v225, v225, v224                             // 000000004AF8: 21C3C1E1
	v_mov_b32_dpp v224, v225 quad_perm:[2,3,0,1] row_mask:0xf bank_mask:0xf// 000000004AFC: 7FC002FA FF004EE1
	v_max_f32_e32 v225, v225, v224                             // 000000004B04: 21C3C1E1
	v_mov_b32_dpp v224, v225 quad_perm:[1,0,3,2] row_mask:0xf bank_mask:0xf// 000000004B08: 7FC002FA FF00B1E1
	v_max_f32_e32 v225, v225, v224                             // 000000004B10: 21C3C1E1
	v_max_f32_e32 v217, v217, v225                             // 000000004B14: 21B3C3D9
	v_mov_b32_e32 v225, v201                                   // 000000004B18: 7FC203C9
	v_mov_b32_e32 v224, v225                                   // 000000004B1C: 7FC003E1
	v_mov_b32_dpp v224, v224 row_shr:8 row_mask:0xf bank_mask:0xc// 000000004B20: 7FC002FA FC0118E0
	v_mov_b32_dpp v224, v225 row_shl:8 row_mask:0xf bank_mask:0x3// 000000004B28: 7FC002FA F30108E1
	v_max_f32_e32 v225, v225, v224                             // 000000004B30: 21C3C1E1
	v_mov_b32_e32 v224, v225                                   // 000000004B34: 7FC003E1
	v_mov_b32_dpp v224, v224 row_shr:4 row_mask:0xf bank_mask:0xa// 000000004B38: 7FC002FA FA0114E0
	v_mov_b32_dpp v224, v225 row_shl:4 row_mask:0xf bank_mask:0x5// 000000004B40: 7FC002FA F50104E1
	v_max_f32_e32 v225, v225, v224                             // 000000004B48: 21C3C1E1
	v_mov_b32_dpp v224, v225 quad_perm:[2,3,0,1] row_mask:0xf bank_mask:0xf// 000000004B4C: 7FC002FA FF004EE1
	v_max_f32_e32 v225, v225, v224                             // 000000004B54: 21C3C1E1
	v_mov_b32_dpp v224, v225 quad_perm:[1,0,3,2] row_mask:0xf bank_mask:0xf// 000000004B58: 7FC002FA FF00B1E1
	v_max_f32_e32 v225, v225, v224                             // 000000004B60: 21C3C1E1
	v_max_f32_e32 v217, v217, v225                             // 000000004B64: 21B3C3D9
	v_mov_b32_e32 v225, v209                                   // 000000004B68: 7FC203D1
	v_mov_b32_e32 v224, v225                                   // 000000004B6C: 7FC003E1
	v_mov_b32_dpp v224, v224 row_shr:8 row_mask:0xf bank_mask:0xc// 000000004B70: 7FC002FA FC0118E0
	v_mov_b32_dpp v224, v225 row_shl:8 row_mask:0xf bank_mask:0x3// 000000004B78: 7FC002FA F30108E1
	v_max_f32_e32 v225, v225, v224                             // 000000004B80: 21C3C1E1
	v_mov_b32_e32 v224, v225                                   // 000000004B84: 7FC003E1
	v_mov_b32_dpp v224, v224 row_shr:4 row_mask:0xf bank_mask:0xa// 000000004B88: 7FC002FA FA0114E0
	v_mov_b32_dpp v224, v225 row_shl:4 row_mask:0xf bank_mask:0x5// 000000004B90: 7FC002FA F50104E1
	v_max_f32_e32 v225, v225, v224                             // 000000004B98: 21C3C1E1
	v_mov_b32_dpp v224, v225 quad_perm:[2,3,0,1] row_mask:0xf bank_mask:0xf// 000000004B9C: 7FC002FA FF004EE1
	v_max_f32_e32 v225, v225, v224                             // 000000004BA4: 21C3C1E1
	v_mov_b32_dpp v224, v225 quad_perm:[1,0,3,2] row_mask:0xf bank_mask:0xf// 000000004BA8: 7FC002FA FF00B1E1
	v_max_f32_e32 v225, v225, v224                             // 000000004BB0: 21C3C1E1
	v_max_f32_e32 v217, v217, v225                             // 000000004BB4: 21B3C3D9
	v_max_f32_e32 v217, v33, v217                              // 000000004BB8: 21B3B321
	v_sub_f32_e32 v49, v33, v217                               // 000000004BBC: 0863B321
	v_mul_f32_e32 v49, 0x3fb8aa3b, v49                         // 000000004BC0: 106262FF 3FB8AA3B
	v_exp_f32_e32 v49, v49                                     // 000000004BC8: 7E624B31
	v_sub_f32_e32 v25, v25, v217                               // 000000004BCC: 0833B319
	v_mul_f32_e32 v25, 0x3fb8aa3b, v25                         // 000000004BD0: 103232FF 3FB8AA3B
	v_exp_f32_e32 v25, v25                                     // 000000004BD8: 7E324B19
	v_sub_f32_e32 v193, v193, v217                             // 000000004BDC: 0983B3C1
	v_mul_f32_e32 v193, 0x3fb8aa3b, v193                       // 000000004BE0: 118382FF 3FB8AA3B
	v_exp_f32_e32 v193, v193                                   // 000000004BE8: 7F824BC1
	v_sub_f32_e32 v201, v201, v217                             // 000000004BEC: 0993B3C9
	v_mul_f32_e32 v201, 0x3fb8aa3b, v201                       // 000000004BF0: 119392FF 3FB8AA3B
	v_exp_f32_e32 v201, v201                                   // 000000004BF8: 7F924BC9
	v_sub_f32_e32 v209, v209, v217                             // 000000004BFC: 09A3B3D1
	v_mul_f32_e32 v209, 0x3fb8aa3b, v209                       // 000000004C00: 11A3A2FF 3FB8AA3B
	v_exp_f32_e32 v209, v209                                   // 000000004C08: 7FA24BD1
	v_mov_b32_e32 v33, v217                                    // 000000004C0C: 7E4203D9
	v_mov_b32_e32 v217, v25                                    // 000000004C10: 7FB20319
	v_mov_b32_e32 v224, v217                                   // 000000004C14: 7FC003D9
	v_mov_b32_dpp v224, v224 row_shr:8 row_mask:0xf bank_mask:0xc// 000000004C18: 7FC002FA FC0118E0
	v_mov_b32_dpp v224, v217 row_shl:8 row_mask:0xf bank_mask:0x3// 000000004C20: 7FC002FA F30108D9
	v_add_f32_e32 v217, v217, v224                             // 000000004C28: 07B3C1D9
	v_mov_b32_e32 v224, v217                                   // 000000004C2C: 7FC003D9
	v_mov_b32_dpp v224, v224 row_shr:4 row_mask:0xf bank_mask:0xa// 000000004C30: 7FC002FA FA0114E0
	v_mov_b32_dpp v224, v217 row_shl:4 row_mask:0xf bank_mask:0x5// 000000004C38: 7FC002FA F50104D9
	v_add_f32_e32 v217, v217, v224                             // 000000004C40: 07B3C1D9
	v_mov_b32_dpp v224, v217 quad_perm:[2,3,0,1] row_mask:0xf bank_mask:0xf// 000000004C44: 7FC002FA FF004ED9
	v_add_f32_e32 v217, v217, v224                             // 000000004C4C: 07B3C1D9
	v_mov_b32_dpp v224, v217 quad_perm:[1,0,3,2] row_mask:0xf bank_mask:0xf// 000000004C50: 7FC002FA FF00B1D9
	v_add_f32_e32 v217, v217, v224                             // 000000004C58: 07B3C1D9
	v_mov_b32_e32 v225, v193                                   // 000000004C5C: 7FC203C1
	v_mov_b32_e32 v224, v225                                   // 000000004C60: 7FC003E1
	v_mov_b32_dpp v224, v224 row_shr:8 row_mask:0xf bank_mask:0xc// 000000004C64: 7FC002FA FC0118E0
	v_mov_b32_dpp v224, v225 row_shl:8 row_mask:0xf bank_mask:0x3// 000000004C6C: 7FC002FA F30108E1
	v_add_f32_e32 v225, v225, v224                             // 000000004C74: 07C3C1E1
	v_mov_b32_e32 v224, v225                                   // 000000004C78: 7FC003E1
	v_mov_b32_dpp v224, v224 row_shr:4 row_mask:0xf bank_mask:0xa// 000000004C7C: 7FC002FA FA0114E0
	v_mov_b32_dpp v224, v225 row_shl:4 row_mask:0xf bank_mask:0x5// 000000004C84: 7FC002FA F50104E1
	v_add_f32_e32 v225, v225, v224                             // 000000004C8C: 07C3C1E1
	v_mov_b32_dpp v224, v225 quad_perm:[2,3,0,1] row_mask:0xf bank_mask:0xf// 000000004C90: 7FC002FA FF004EE1
	v_add_f32_e32 v225, v225, v224                             // 000000004C98: 07C3C1E1
	v_mov_b32_dpp v224, v225 quad_perm:[1,0,3,2] row_mask:0xf bank_mask:0xf// 000000004C9C: 7FC002FA FF00B1E1
	v_add_f32_e32 v225, v225, v224                             // 000000004CA4: 07C3C1E1
	v_add_f32_e32 v217, v217, v225                             // 000000004CA8: 07B3C3D9
	v_mov_b32_e32 v225, v201                                   // 000000004CAC: 7FC203C9
	v_mov_b32_e32 v224, v225                                   // 000000004CB0: 7FC003E1
	v_mov_b32_dpp v224, v224 row_shr:8 row_mask:0xf bank_mask:0xc// 000000004CB4: 7FC002FA FC0118E0
	v_mov_b32_dpp v224, v225 row_shl:8 row_mask:0xf bank_mask:0x3// 000000004CBC: 7FC002FA F30108E1
	v_add_f32_e32 v225, v225, v224                             // 000000004CC4: 07C3C1E1
	v_mov_b32_e32 v224, v225                                   // 000000004CC8: 7FC003E1
	v_mov_b32_dpp v224, v224 row_shr:4 row_mask:0xf bank_mask:0xa// 000000004CCC: 7FC002FA FA0114E0
	v_mov_b32_dpp v224, v225 row_shl:4 row_mask:0xf bank_mask:0x5// 000000004CD4: 7FC002FA F50104E1
	v_add_f32_e32 v225, v225, v224                             // 000000004CDC: 07C3C1E1
	v_mov_b32_dpp v224, v225 quad_perm:[2,3,0,1] row_mask:0xf bank_mask:0xf// 000000004CE0: 7FC002FA FF004EE1
	v_add_f32_e32 v225, v225, v224                             // 000000004CE8: 07C3C1E1
	v_mov_b32_dpp v224, v225 quad_perm:[1,0,3,2] row_mask:0xf bank_mask:0xf// 000000004CEC: 7FC002FA FF00B1E1
	v_add_f32_e32 v225, v225, v224                             // 000000004CF4: 07C3C1E1
	v_add_f32_e32 v217, v217, v225                             // 000000004CF8: 07B3C3D9
	v_mov_b32_e32 v225, v209                                   // 000000004CFC: 7FC203D1
	v_mov_b32_e32 v224, v225                                   // 000000004D00: 7FC003E1
	v_mov_b32_dpp v224, v224 row_shr:8 row_mask:0xf bank_mask:0xc// 000000004D04: 7FC002FA FC0118E0
	v_mov_b32_dpp v224, v225 row_shl:8 row_mask:0xf bank_mask:0x3// 000000004D0C: 7FC002FA F30108E1
	v_add_f32_e32 v225, v225, v224                             // 000000004D14: 07C3C1E1
	v_mov_b32_e32 v224, v225                                   // 000000004D18: 7FC003E1
	v_mov_b32_dpp v224, v224 row_shr:4 row_mask:0xf bank_mask:0xa// 000000004D1C: 7FC002FA FA0114E0
	v_mov_b32_dpp v224, v225 row_shl:4 row_mask:0xf bank_mask:0x5// 000000004D24: 7FC002FA F50104E1
	v_add_f32_e32 v225, v225, v224                             // 000000004D2C: 07C3C1E1
	v_mov_b32_dpp v224, v225 quad_perm:[2,3,0,1] row_mask:0xf bank_mask:0xf// 000000004D30: 7FC002FA FF004EE1
	v_add_f32_e32 v225, v225, v224                             // 000000004D38: 07C3C1E1
	v_mov_b32_dpp v224, v225 quad_perm:[1,0,3,2] row_mask:0xf bank_mask:0xf// 000000004D3C: 7FC002FA FF00B1E1
	v_add_f32_e32 v225, v225, v224                             // 000000004D44: 07C3C1E1
	v_add_f32_e32 v217, v217, v225                             // 000000004D48: 07B3C3D9
	v_mul_f32_e32 v41, v41, v49                                // 000000004D4C: 10526329
	v_add_f32_e32 v41, v41, v217                               // 000000004D50: 0653B329
	v_mov_b32_e32 v218, v26                                    // 000000004D54: 7FB4031A
	v_mov_b32_e32 v224, v218                                   // 000000004D58: 7FC003DA
	v_mov_b32_dpp v224, v224 row_shr:8 row_mask:0xf bank_mask:0xc// 000000004D5C: 7FC002FA FC0118E0
	v_mov_b32_dpp v224, v218 row_shl:8 row_mask:0xf bank_mask:0x3// 000000004D64: 7FC002FA F30108DA
	v_max_f32_e32 v218, v218, v224                             // 000000004D6C: 21B5C1DA
	v_mov_b32_e32 v224, v218                                   // 000000004D70: 7FC003DA
	v_mov_b32_dpp v224, v224 row_shr:4 row_mask:0xf bank_mask:0xa// 000000004D74: 7FC002FA FA0114E0
	v_mov_b32_dpp v224, v218 row_shl:4 row_mask:0xf bank_mask:0x5// 000000004D7C: 7FC002FA F50104DA
	v_max_f32_e32 v218, v218, v224                             // 000000004D84: 21B5C1DA
	v_mov_b32_dpp v224, v218 quad_perm:[2,3,0,1] row_mask:0xf bank_mask:0xf// 000000004D88: 7FC002FA FF004EDA
	v_max_f32_e32 v218, v218, v224                             // 000000004D90: 21B5C1DA
	v_mov_b32_dpp v224, v218 quad_perm:[1,0,3,2] row_mask:0xf bank_mask:0xf// 000000004D94: 7FC002FA FF00B1DA
	v_max_f32_e32 v218, v218, v224                             // 000000004D9C: 21B5C1DA
	v_mov_b32_e32 v225, v194                                   // 000000004DA0: 7FC203C2
	v_mov_b32_e32 v224, v225                                   // 000000004DA4: 7FC003E1
	v_mov_b32_dpp v224, v224 row_shr:8 row_mask:0xf bank_mask:0xc// 000000004DA8: 7FC002FA FC0118E0
	v_mov_b32_dpp v224, v225 row_shl:8 row_mask:0xf bank_mask:0x3// 000000004DB0: 7FC002FA F30108E1
	v_max_f32_e32 v225, v225, v224                             // 000000004DB8: 21C3C1E1
	v_mov_b32_e32 v224, v225                                   // 000000004DBC: 7FC003E1
	v_mov_b32_dpp v224, v224 row_shr:4 row_mask:0xf bank_mask:0xa// 000000004DC0: 7FC002FA FA0114E0
	v_mov_b32_dpp v224, v225 row_shl:4 row_mask:0xf bank_mask:0x5// 000000004DC8: 7FC002FA F50104E1
	v_max_f32_e32 v225, v225, v224                             // 000000004DD0: 21C3C1E1
	v_mov_b32_dpp v224, v225 quad_perm:[2,3,0,1] row_mask:0xf bank_mask:0xf// 000000004DD4: 7FC002FA FF004EE1
	v_max_f32_e32 v225, v225, v224                             // 000000004DDC: 21C3C1E1
	v_mov_b32_dpp v224, v225 quad_perm:[1,0,3,2] row_mask:0xf bank_mask:0xf// 000000004DE0: 7FC002FA FF00B1E1
	v_max_f32_e32 v225, v225, v224                             // 000000004DE8: 21C3C1E1
	v_max_f32_e32 v218, v218, v225                             // 000000004DEC: 21B5C3DA
	v_mov_b32_e32 v225, v202                                   // 000000004DF0: 7FC203CA
	v_mov_b32_e32 v224, v225                                   // 000000004DF4: 7FC003E1
	v_mov_b32_dpp v224, v224 row_shr:8 row_mask:0xf bank_mask:0xc// 000000004DF8: 7FC002FA FC0118E0
	v_mov_b32_dpp v224, v225 row_shl:8 row_mask:0xf bank_mask:0x3// 000000004E00: 7FC002FA F30108E1
	v_max_f32_e32 v225, v225, v224                             // 000000004E08: 21C3C1E1
	v_mov_b32_e32 v224, v225                                   // 000000004E0C: 7FC003E1
	v_mov_b32_dpp v224, v224 row_shr:4 row_mask:0xf bank_mask:0xa// 000000004E10: 7FC002FA FA0114E0
	v_mov_b32_dpp v224, v225 row_shl:4 row_mask:0xf bank_mask:0x5// 000000004E18: 7FC002FA F50104E1
	v_max_f32_e32 v225, v225, v224                             // 000000004E20: 21C3C1E1
	v_mov_b32_dpp v224, v225 quad_perm:[2,3,0,1] row_mask:0xf bank_mask:0xf// 000000004E24: 7FC002FA FF004EE1
	v_max_f32_e32 v225, v225, v224                             // 000000004E2C: 21C3C1E1
	v_mov_b32_dpp v224, v225 quad_perm:[1,0,3,2] row_mask:0xf bank_mask:0xf// 000000004E30: 7FC002FA FF00B1E1
	v_max_f32_e32 v225, v225, v224                             // 000000004E38: 21C3C1E1
	v_max_f32_e32 v218, v218, v225                             // 000000004E3C: 21B5C3DA
	v_mov_b32_e32 v225, v210                                   // 000000004E40: 7FC203D2
	v_mov_b32_e32 v224, v225                                   // 000000004E44: 7FC003E1
	v_mov_b32_dpp v224, v224 row_shr:8 row_mask:0xf bank_mask:0xc// 000000004E48: 7FC002FA FC0118E0
	v_mov_b32_dpp v224, v225 row_shl:8 row_mask:0xf bank_mask:0x3// 000000004E50: 7FC002FA F30108E1
	v_max_f32_e32 v225, v225, v224                             // 000000004E58: 21C3C1E1
	v_mov_b32_e32 v224, v225                                   // 000000004E5C: 7FC003E1
	v_mov_b32_dpp v224, v224 row_shr:4 row_mask:0xf bank_mask:0xa// 000000004E60: 7FC002FA FA0114E0
	v_mov_b32_dpp v224, v225 row_shl:4 row_mask:0xf bank_mask:0x5// 000000004E68: 7FC002FA F50104E1
	v_max_f32_e32 v225, v225, v224                             // 000000004E70: 21C3C1E1
	v_mov_b32_dpp v224, v225 quad_perm:[2,3,0,1] row_mask:0xf bank_mask:0xf// 000000004E74: 7FC002FA FF004EE1
	v_max_f32_e32 v225, v225, v224                             // 000000004E7C: 21C3C1E1
	v_mov_b32_dpp v224, v225 quad_perm:[1,0,3,2] row_mask:0xf bank_mask:0xf// 000000004E80: 7FC002FA FF00B1E1
	v_max_f32_e32 v225, v225, v224                             // 000000004E88: 21C3C1E1
	v_max_f32_e32 v218, v218, v225                             // 000000004E8C: 21B5C3DA
	v_max_f32_e32 v218, v34, v218                              // 000000004E90: 21B5B522
	v_sub_f32_e32 v50, v34, v218                               // 000000004E94: 0865B522
	v_mul_f32_e32 v50, 0x3fb8aa3b, v50                         // 000000004E98: 106464FF 3FB8AA3B
	v_exp_f32_e32 v50, v50                                     // 000000004EA0: 7E644B32
	v_sub_f32_e32 v26, v26, v218                               // 000000004EA4: 0835B51A
	v_mul_f32_e32 v26, 0x3fb8aa3b, v26                         // 000000004EA8: 103434FF 3FB8AA3B
	v_exp_f32_e32 v26, v26                                     // 000000004EB0: 7E344B1A
	v_sub_f32_e32 v194, v194, v218                             // 000000004EB4: 0985B5C2
	v_mul_f32_e32 v194, 0x3fb8aa3b, v194                       // 000000004EB8: 118584FF 3FB8AA3B
	v_exp_f32_e32 v194, v194                                   // 000000004EC0: 7F844BC2
	v_sub_f32_e32 v202, v202, v218                             // 000000004EC4: 0995B5CA
	v_mul_f32_e32 v202, 0x3fb8aa3b, v202                       // 000000004EC8: 119594FF 3FB8AA3B
	v_exp_f32_e32 v202, v202                                   // 000000004ED0: 7F944BCA
	v_sub_f32_e32 v210, v210, v218                             // 000000004ED4: 09A5B5D2
	v_mul_f32_e32 v210, 0x3fb8aa3b, v210                       // 000000004ED8: 11A5A4FF 3FB8AA3B
	v_exp_f32_e32 v210, v210                                   // 000000004EE0: 7FA44BD2
	v_mov_b32_e32 v34, v218                                    // 000000004EE4: 7E4403DA
	v_mov_b32_e32 v218, v26                                    // 000000004EE8: 7FB4031A
	v_mov_b32_e32 v224, v218                                   // 000000004EEC: 7FC003DA
	v_mov_b32_dpp v224, v224 row_shr:8 row_mask:0xf bank_mask:0xc// 000000004EF0: 7FC002FA FC0118E0
	v_mov_b32_dpp v224, v218 row_shl:8 row_mask:0xf bank_mask:0x3// 000000004EF8: 7FC002FA F30108DA
	v_add_f32_e32 v218, v218, v224                             // 000000004F00: 07B5C1DA
	v_mov_b32_e32 v224, v218                                   // 000000004F04: 7FC003DA
	v_mov_b32_dpp v224, v224 row_shr:4 row_mask:0xf bank_mask:0xa// 000000004F08: 7FC002FA FA0114E0
	v_mov_b32_dpp v224, v218 row_shl:4 row_mask:0xf bank_mask:0x5// 000000004F10: 7FC002FA F50104DA
	v_add_f32_e32 v218, v218, v224                             // 000000004F18: 07B5C1DA
	v_mov_b32_dpp v224, v218 quad_perm:[2,3,0,1] row_mask:0xf bank_mask:0xf// 000000004F1C: 7FC002FA FF004EDA
	v_add_f32_e32 v218, v218, v224                             // 000000004F24: 07B5C1DA
	v_mov_b32_dpp v224, v218 quad_perm:[1,0,3,2] row_mask:0xf bank_mask:0xf// 000000004F28: 7FC002FA FF00B1DA
	v_add_f32_e32 v218, v218, v224                             // 000000004F30: 07B5C1DA
	v_mov_b32_e32 v225, v194                                   // 000000004F34: 7FC203C2
	v_mov_b32_e32 v224, v225                                   // 000000004F38: 7FC003E1
	v_mov_b32_dpp v224, v224 row_shr:8 row_mask:0xf bank_mask:0xc// 000000004F3C: 7FC002FA FC0118E0
	v_mov_b32_dpp v224, v225 row_shl:8 row_mask:0xf bank_mask:0x3// 000000004F44: 7FC002FA F30108E1
	v_add_f32_e32 v225, v225, v224                             // 000000004F4C: 07C3C1E1
	v_mov_b32_e32 v224, v225                                   // 000000004F50: 7FC003E1
	v_mov_b32_dpp v224, v224 row_shr:4 row_mask:0xf bank_mask:0xa// 000000004F54: 7FC002FA FA0114E0
	v_mov_b32_dpp v224, v225 row_shl:4 row_mask:0xf bank_mask:0x5// 000000004F5C: 7FC002FA F50104E1
	v_add_f32_e32 v225, v225, v224                             // 000000004F64: 07C3C1E1
	v_mov_b32_dpp v224, v225 quad_perm:[2,3,0,1] row_mask:0xf bank_mask:0xf// 000000004F68: 7FC002FA FF004EE1
	v_add_f32_e32 v225, v225, v224                             // 000000004F70: 07C3C1E1
	v_mov_b32_dpp v224, v225 quad_perm:[1,0,3,2] row_mask:0xf bank_mask:0xf// 000000004F74: 7FC002FA FF00B1E1
	v_add_f32_e32 v225, v225, v224                             // 000000004F7C: 07C3C1E1
	v_add_f32_e32 v218, v218, v225                             // 000000004F80: 07B5C3DA
	v_mov_b32_e32 v225, v202                                   // 000000004F84: 7FC203CA
	v_mov_b32_e32 v224, v225                                   // 000000004F88: 7FC003E1
	v_mov_b32_dpp v224, v224 row_shr:8 row_mask:0xf bank_mask:0xc// 000000004F8C: 7FC002FA FC0118E0
	v_mov_b32_dpp v224, v225 row_shl:8 row_mask:0xf bank_mask:0x3// 000000004F94: 7FC002FA F30108E1
	v_add_f32_e32 v225, v225, v224                             // 000000004F9C: 07C3C1E1
	v_mov_b32_e32 v224, v225                                   // 000000004FA0: 7FC003E1
	v_mov_b32_dpp v224, v224 row_shr:4 row_mask:0xf bank_mask:0xa// 000000004FA4: 7FC002FA FA0114E0
	v_mov_b32_dpp v224, v225 row_shl:4 row_mask:0xf bank_mask:0x5// 000000004FAC: 7FC002FA F50104E1
	v_add_f32_e32 v225, v225, v224                             // 000000004FB4: 07C3C1E1
	v_mov_b32_dpp v224, v225 quad_perm:[2,3,0,1] row_mask:0xf bank_mask:0xf// 000000004FB8: 7FC002FA FF004EE1
	v_add_f32_e32 v225, v225, v224                             // 000000004FC0: 07C3C1E1
	v_mov_b32_dpp v224, v225 quad_perm:[1,0,3,2] row_mask:0xf bank_mask:0xf// 000000004FC4: 7FC002FA FF00B1E1
	v_add_f32_e32 v225, v225, v224                             // 000000004FCC: 07C3C1E1
	v_add_f32_e32 v218, v218, v225                             // 000000004FD0: 07B5C3DA
	v_mov_b32_e32 v225, v210                                   // 000000004FD4: 7FC203D2
	v_mov_b32_e32 v224, v225                                   // 000000004FD8: 7FC003E1
	v_mov_b32_dpp v224, v224 row_shr:8 row_mask:0xf bank_mask:0xc// 000000004FDC: 7FC002FA FC0118E0
	v_mov_b32_dpp v224, v225 row_shl:8 row_mask:0xf bank_mask:0x3// 000000004FE4: 7FC002FA F30108E1
	v_add_f32_e32 v225, v225, v224                             // 000000004FEC: 07C3C1E1
	v_mov_b32_e32 v224, v225                                   // 000000004FF0: 7FC003E1
	v_mov_b32_dpp v224, v224 row_shr:4 row_mask:0xf bank_mask:0xa// 000000004FF4: 7FC002FA FA0114E0
	v_mov_b32_dpp v224, v225 row_shl:4 row_mask:0xf bank_mask:0x5// 000000004FFC: 7FC002FA F50104E1
	v_add_f32_e32 v225, v225, v224                             // 000000005004: 07C3C1E1
	v_mov_b32_dpp v224, v225 quad_perm:[2,3,0,1] row_mask:0xf bank_mask:0xf// 000000005008: 7FC002FA FF004EE1
	v_add_f32_e32 v225, v225, v224                             // 000000005010: 07C3C1E1
	v_mov_b32_dpp v224, v225 quad_perm:[1,0,3,2] row_mask:0xf bank_mask:0xf// 000000005014: 7FC002FA FF00B1E1
	v_add_f32_e32 v225, v225, v224                             // 00000000501C: 07C3C1E1
	v_add_f32_e32 v218, v218, v225                             // 000000005020: 07B5C3DA
	v_mul_f32_e32 v42, v42, v50                                // 000000005024: 1054652A
	v_add_f32_e32 v42, v42, v218                               // 000000005028: 0655B52A
	v_mov_b32_e32 v219, v27                                    // 00000000502C: 7FB6031B
	v_mov_b32_e32 v224, v219                                   // 000000005030: 7FC003DB
	v_mov_b32_dpp v224, v224 row_shr:8 row_mask:0xf bank_mask:0xc// 000000005034: 7FC002FA FC0118E0
	v_mov_b32_dpp v224, v219 row_shl:8 row_mask:0xf bank_mask:0x3// 00000000503C: 7FC002FA F30108DB
	v_max_f32_e32 v219, v219, v224                             // 000000005044: 21B7C1DB
	v_mov_b32_e32 v224, v219                                   // 000000005048: 7FC003DB
	v_mov_b32_dpp v224, v224 row_shr:4 row_mask:0xf bank_mask:0xa// 00000000504C: 7FC002FA FA0114E0
	v_mov_b32_dpp v224, v219 row_shl:4 row_mask:0xf bank_mask:0x5// 000000005054: 7FC002FA F50104DB
	v_max_f32_e32 v219, v219, v224                             // 00000000505C: 21B7C1DB
	v_mov_b32_dpp v224, v219 quad_perm:[2,3,0,1] row_mask:0xf bank_mask:0xf// 000000005060: 7FC002FA FF004EDB
	v_max_f32_e32 v219, v219, v224                             // 000000005068: 21B7C1DB
	v_mov_b32_dpp v224, v219 quad_perm:[1,0,3,2] row_mask:0xf bank_mask:0xf// 00000000506C: 7FC002FA FF00B1DB
	v_max_f32_e32 v219, v219, v224                             // 000000005074: 21B7C1DB
	v_mov_b32_e32 v225, v195                                   // 000000005078: 7FC203C3
	v_mov_b32_e32 v224, v225                                   // 00000000507C: 7FC003E1
	v_mov_b32_dpp v224, v224 row_shr:8 row_mask:0xf bank_mask:0xc// 000000005080: 7FC002FA FC0118E0
	v_mov_b32_dpp v224, v225 row_shl:8 row_mask:0xf bank_mask:0x3// 000000005088: 7FC002FA F30108E1
	v_max_f32_e32 v225, v225, v224                             // 000000005090: 21C3C1E1
	v_mov_b32_e32 v224, v225                                   // 000000005094: 7FC003E1
	v_mov_b32_dpp v224, v224 row_shr:4 row_mask:0xf bank_mask:0xa// 000000005098: 7FC002FA FA0114E0
	v_mov_b32_dpp v224, v225 row_shl:4 row_mask:0xf bank_mask:0x5// 0000000050A0: 7FC002FA F50104E1
	v_max_f32_e32 v225, v225, v224                             // 0000000050A8: 21C3C1E1
	v_mov_b32_dpp v224, v225 quad_perm:[2,3,0,1] row_mask:0xf bank_mask:0xf// 0000000050AC: 7FC002FA FF004EE1
	v_max_f32_e32 v225, v225, v224                             // 0000000050B4: 21C3C1E1
	v_mov_b32_dpp v224, v225 quad_perm:[1,0,3,2] row_mask:0xf bank_mask:0xf// 0000000050B8: 7FC002FA FF00B1E1
	v_max_f32_e32 v225, v225, v224                             // 0000000050C0: 21C3C1E1
	v_max_f32_e32 v219, v219, v225                             // 0000000050C4: 21B7C3DB
	v_mov_b32_e32 v225, v203                                   // 0000000050C8: 7FC203CB
	v_mov_b32_e32 v224, v225                                   // 0000000050CC: 7FC003E1
	v_mov_b32_dpp v224, v224 row_shr:8 row_mask:0xf bank_mask:0xc// 0000000050D0: 7FC002FA FC0118E0
	v_mov_b32_dpp v224, v225 row_shl:8 row_mask:0xf bank_mask:0x3// 0000000050D8: 7FC002FA F30108E1
	v_max_f32_e32 v225, v225, v224                             // 0000000050E0: 21C3C1E1
	v_mov_b32_e32 v224, v225                                   // 0000000050E4: 7FC003E1
	v_mov_b32_dpp v224, v224 row_shr:4 row_mask:0xf bank_mask:0xa// 0000000050E8: 7FC002FA FA0114E0
	v_mov_b32_dpp v224, v225 row_shl:4 row_mask:0xf bank_mask:0x5// 0000000050F0: 7FC002FA F50104E1
	v_max_f32_e32 v225, v225, v224                             // 0000000050F8: 21C3C1E1
	v_mov_b32_dpp v224, v225 quad_perm:[2,3,0,1] row_mask:0xf bank_mask:0xf// 0000000050FC: 7FC002FA FF004EE1
	v_max_f32_e32 v225, v225, v224                             // 000000005104: 21C3C1E1
	v_mov_b32_dpp v224, v225 quad_perm:[1,0,3,2] row_mask:0xf bank_mask:0xf// 000000005108: 7FC002FA FF00B1E1
	v_max_f32_e32 v225, v225, v224                             // 000000005110: 21C3C1E1
	v_max_f32_e32 v219, v219, v225                             // 000000005114: 21B7C3DB
	v_mov_b32_e32 v225, v211                                   // 000000005118: 7FC203D3
	v_mov_b32_e32 v224, v225                                   // 00000000511C: 7FC003E1
	v_mov_b32_dpp v224, v224 row_shr:8 row_mask:0xf bank_mask:0xc// 000000005120: 7FC002FA FC0118E0
	v_mov_b32_dpp v224, v225 row_shl:8 row_mask:0xf bank_mask:0x3// 000000005128: 7FC002FA F30108E1
	v_max_f32_e32 v225, v225, v224                             // 000000005130: 21C3C1E1
	v_mov_b32_e32 v224, v225                                   // 000000005134: 7FC003E1
	v_mov_b32_dpp v224, v224 row_shr:4 row_mask:0xf bank_mask:0xa// 000000005138: 7FC002FA FA0114E0
	v_mov_b32_dpp v224, v225 row_shl:4 row_mask:0xf bank_mask:0x5// 000000005140: 7FC002FA F50104E1
	v_max_f32_e32 v225, v225, v224                             // 000000005148: 21C3C1E1
	v_mov_b32_dpp v224, v225 quad_perm:[2,3,0,1] row_mask:0xf bank_mask:0xf// 00000000514C: 7FC002FA FF004EE1
	v_max_f32_e32 v225, v225, v224                             // 000000005154: 21C3C1E1
	v_mov_b32_dpp v224, v225 quad_perm:[1,0,3,2] row_mask:0xf bank_mask:0xf// 000000005158: 7FC002FA FF00B1E1
	v_max_f32_e32 v225, v225, v224                             // 000000005160: 21C3C1E1
	v_max_f32_e32 v219, v219, v225                             // 000000005164: 21B7C3DB
	v_max_f32_e32 v219, v35, v219                              // 000000005168: 21B7B723
	v_sub_f32_e32 v51, v35, v219                               // 00000000516C: 0867B723
	v_mul_f32_e32 v51, 0x3fb8aa3b, v51                         // 000000005170: 106666FF 3FB8AA3B
	v_exp_f32_e32 v51, v51                                     // 000000005178: 7E664B33
	v_sub_f32_e32 v27, v27, v219                               // 00000000517C: 0837B71B
	v_mul_f32_e32 v27, 0x3fb8aa3b, v27                         // 000000005180: 103636FF 3FB8AA3B
	v_exp_f32_e32 v27, v27                                     // 000000005188: 7E364B1B
	v_sub_f32_e32 v195, v195, v219                             // 00000000518C: 0987B7C3
	v_mul_f32_e32 v195, 0x3fb8aa3b, v195                       // 000000005190: 118786FF 3FB8AA3B
	v_exp_f32_e32 v195, v195                                   // 000000005198: 7F864BC3
	v_sub_f32_e32 v203, v203, v219                             // 00000000519C: 0997B7CB
	v_mul_f32_e32 v203, 0x3fb8aa3b, v203                       // 0000000051A0: 119796FF 3FB8AA3B
	v_exp_f32_e32 v203, v203                                   // 0000000051A8: 7F964BCB
	v_sub_f32_e32 v211, v211, v219                             // 0000000051AC: 09A7B7D3
	v_mul_f32_e32 v211, 0x3fb8aa3b, v211                       // 0000000051B0: 11A7A6FF 3FB8AA3B
	v_exp_f32_e32 v211, v211                                   // 0000000051B8: 7FA64BD3
	v_mov_b32_e32 v35, v219                                    // 0000000051BC: 7E4603DB
	v_mov_b32_e32 v219, v27                                    // 0000000051C0: 7FB6031B
	v_mov_b32_e32 v224, v219                                   // 0000000051C4: 7FC003DB
	v_mov_b32_dpp v224, v224 row_shr:8 row_mask:0xf bank_mask:0xc// 0000000051C8: 7FC002FA FC0118E0
	v_mov_b32_dpp v224, v219 row_shl:8 row_mask:0xf bank_mask:0x3// 0000000051D0: 7FC002FA F30108DB
	v_add_f32_e32 v219, v219, v224                             // 0000000051D8: 07B7C1DB
	v_mov_b32_e32 v224, v219                                   // 0000000051DC: 7FC003DB
	v_mov_b32_dpp v224, v224 row_shr:4 row_mask:0xf bank_mask:0xa// 0000000051E0: 7FC002FA FA0114E0
	v_mov_b32_dpp v224, v219 row_shl:4 row_mask:0xf bank_mask:0x5// 0000000051E8: 7FC002FA F50104DB
	v_add_f32_e32 v219, v219, v224                             // 0000000051F0: 07B7C1DB
	v_mov_b32_dpp v224, v219 quad_perm:[2,3,0,1] row_mask:0xf bank_mask:0xf// 0000000051F4: 7FC002FA FF004EDB
	v_add_f32_e32 v219, v219, v224                             // 0000000051FC: 07B7C1DB
	v_mov_b32_dpp v224, v219 quad_perm:[1,0,3,2] row_mask:0xf bank_mask:0xf// 000000005200: 7FC002FA FF00B1DB
	v_add_f32_e32 v219, v219, v224                             // 000000005208: 07B7C1DB
	v_mov_b32_e32 v225, v195                                   // 00000000520C: 7FC203C3
	v_mov_b32_e32 v224, v225                                   // 000000005210: 7FC003E1
	v_mov_b32_dpp v224, v224 row_shr:8 row_mask:0xf bank_mask:0xc// 000000005214: 7FC002FA FC0118E0
	v_mov_b32_dpp v224, v225 row_shl:8 row_mask:0xf bank_mask:0x3// 00000000521C: 7FC002FA F30108E1
	v_add_f32_e32 v225, v225, v224                             // 000000005224: 07C3C1E1
	v_mov_b32_e32 v224, v225                                   // 000000005228: 7FC003E1
	v_mov_b32_dpp v224, v224 row_shr:4 row_mask:0xf bank_mask:0xa// 00000000522C: 7FC002FA FA0114E0
	v_mov_b32_dpp v224, v225 row_shl:4 row_mask:0xf bank_mask:0x5// 000000005234: 7FC002FA F50104E1
	v_add_f32_e32 v225, v225, v224                             // 00000000523C: 07C3C1E1
	v_mov_b32_dpp v224, v225 quad_perm:[2,3,0,1] row_mask:0xf bank_mask:0xf// 000000005240: 7FC002FA FF004EE1
	v_add_f32_e32 v225, v225, v224                             // 000000005248: 07C3C1E1
	v_mov_b32_dpp v224, v225 quad_perm:[1,0,3,2] row_mask:0xf bank_mask:0xf// 00000000524C: 7FC002FA FF00B1E1
	v_add_f32_e32 v225, v225, v224                             // 000000005254: 07C3C1E1
	v_add_f32_e32 v219, v219, v225                             // 000000005258: 07B7C3DB
	v_mov_b32_e32 v225, v203                                   // 00000000525C: 7FC203CB
	v_mov_b32_e32 v224, v225                                   // 000000005260: 7FC003E1
	v_mov_b32_dpp v224, v224 row_shr:8 row_mask:0xf bank_mask:0xc// 000000005264: 7FC002FA FC0118E0
	v_mov_b32_dpp v224, v225 row_shl:8 row_mask:0xf bank_mask:0x3// 00000000526C: 7FC002FA F30108E1
	v_add_f32_e32 v225, v225, v224                             // 000000005274: 07C3C1E1
	v_mov_b32_e32 v224, v225                                   // 000000005278: 7FC003E1
	v_mov_b32_dpp v224, v224 row_shr:4 row_mask:0xf bank_mask:0xa// 00000000527C: 7FC002FA FA0114E0
	v_mov_b32_dpp v224, v225 row_shl:4 row_mask:0xf bank_mask:0x5// 000000005284: 7FC002FA F50104E1
	v_add_f32_e32 v225, v225, v224                             // 00000000528C: 07C3C1E1
	v_mov_b32_dpp v224, v225 quad_perm:[2,3,0,1] row_mask:0xf bank_mask:0xf// 000000005290: 7FC002FA FF004EE1
	v_add_f32_e32 v225, v225, v224                             // 000000005298: 07C3C1E1
	v_mov_b32_dpp v224, v225 quad_perm:[1,0,3,2] row_mask:0xf bank_mask:0xf// 00000000529C: 7FC002FA FF00B1E1
	v_add_f32_e32 v225, v225, v224                             // 0000000052A4: 07C3C1E1
	v_add_f32_e32 v219, v219, v225                             // 0000000052A8: 07B7C3DB
	v_mov_b32_e32 v225, v211                                   // 0000000052AC: 7FC203D3
	v_mov_b32_e32 v224, v225                                   // 0000000052B0: 7FC003E1
	v_mov_b32_dpp v224, v224 row_shr:8 row_mask:0xf bank_mask:0xc// 0000000052B4: 7FC002FA FC0118E0
	v_mov_b32_dpp v224, v225 row_shl:8 row_mask:0xf bank_mask:0x3// 0000000052BC: 7FC002FA F30108E1
	v_add_f32_e32 v225, v225, v224                             // 0000000052C4: 07C3C1E1
	v_mov_b32_e32 v224, v225                                   // 0000000052C8: 7FC003E1
	v_mov_b32_dpp v224, v224 row_shr:4 row_mask:0xf bank_mask:0xa// 0000000052CC: 7FC002FA FA0114E0
	v_mov_b32_dpp v224, v225 row_shl:4 row_mask:0xf bank_mask:0x5// 0000000052D4: 7FC002FA F50104E1
	v_add_f32_e32 v225, v225, v224                             // 0000000052DC: 07C3C1E1
	v_mov_b32_dpp v224, v225 quad_perm:[2,3,0,1] row_mask:0xf bank_mask:0xf// 0000000052E0: 7FC002FA FF004EE1
	v_add_f32_e32 v225, v225, v224                             // 0000000052E8: 07C3C1E1
	v_mov_b32_dpp v224, v225 quad_perm:[1,0,3,2] row_mask:0xf bank_mask:0xf// 0000000052EC: 7FC002FA FF00B1E1
	v_add_f32_e32 v225, v225, v224                             // 0000000052F4: 07C3C1E1
	v_add_f32_e32 v219, v219, v225                             // 0000000052F8: 07B7C3DB
	v_mul_f32_e32 v43, v43, v51                                // 0000000052FC: 1056672B
	v_add_f32_e32 v43, v43, v219                               // 000000005300: 0657B72B
	v_mov_b32_e32 v220, v28                                    // 000000005304: 7FB8031C
	v_mov_b32_e32 v224, v220                                   // 000000005308: 7FC003DC
	v_mov_b32_dpp v224, v224 row_shr:8 row_mask:0xf bank_mask:0xc// 00000000530C: 7FC002FA FC0118E0
	v_mov_b32_dpp v224, v220 row_shl:8 row_mask:0xf bank_mask:0x3// 000000005314: 7FC002FA F30108DC
	v_max_f32_e32 v220, v220, v224                             // 00000000531C: 21B9C1DC
	v_mov_b32_e32 v224, v220                                   // 000000005320: 7FC003DC
	v_mov_b32_dpp v224, v224 row_shr:4 row_mask:0xf bank_mask:0xa// 000000005324: 7FC002FA FA0114E0
	v_mov_b32_dpp v224, v220 row_shl:4 row_mask:0xf bank_mask:0x5// 00000000532C: 7FC002FA F50104DC
	v_max_f32_e32 v220, v220, v224                             // 000000005334: 21B9C1DC
	v_mov_b32_dpp v224, v220 quad_perm:[2,3,0,1] row_mask:0xf bank_mask:0xf// 000000005338: 7FC002FA FF004EDC
	v_max_f32_e32 v220, v220, v224                             // 000000005340: 21B9C1DC
	v_mov_b32_dpp v224, v220 quad_perm:[1,0,3,2] row_mask:0xf bank_mask:0xf// 000000005344: 7FC002FA FF00B1DC
	v_max_f32_e32 v220, v220, v224                             // 00000000534C: 21B9C1DC
	v_mov_b32_e32 v225, v196                                   // 000000005350: 7FC203C4
	v_mov_b32_e32 v224, v225                                   // 000000005354: 7FC003E1
	v_mov_b32_dpp v224, v224 row_shr:8 row_mask:0xf bank_mask:0xc// 000000005358: 7FC002FA FC0118E0
	v_mov_b32_dpp v224, v225 row_shl:8 row_mask:0xf bank_mask:0x3// 000000005360: 7FC002FA F30108E1
	v_max_f32_e32 v225, v225, v224                             // 000000005368: 21C3C1E1
	v_mov_b32_e32 v224, v225                                   // 00000000536C: 7FC003E1
	v_mov_b32_dpp v224, v224 row_shr:4 row_mask:0xf bank_mask:0xa// 000000005370: 7FC002FA FA0114E0
	v_mov_b32_dpp v224, v225 row_shl:4 row_mask:0xf bank_mask:0x5// 000000005378: 7FC002FA F50104E1
	v_max_f32_e32 v225, v225, v224                             // 000000005380: 21C3C1E1
	v_mov_b32_dpp v224, v225 quad_perm:[2,3,0,1] row_mask:0xf bank_mask:0xf// 000000005384: 7FC002FA FF004EE1
	v_max_f32_e32 v225, v225, v224                             // 00000000538C: 21C3C1E1
	v_mov_b32_dpp v224, v225 quad_perm:[1,0,3,2] row_mask:0xf bank_mask:0xf// 000000005390: 7FC002FA FF00B1E1
	v_max_f32_e32 v225, v225, v224                             // 000000005398: 21C3C1E1
	v_max_f32_e32 v220, v220, v225                             // 00000000539C: 21B9C3DC
	v_mov_b32_e32 v225, v204                                   // 0000000053A0: 7FC203CC
	v_mov_b32_e32 v224, v225                                   // 0000000053A4: 7FC003E1
	v_mov_b32_dpp v224, v224 row_shr:8 row_mask:0xf bank_mask:0xc// 0000000053A8: 7FC002FA FC0118E0
	v_mov_b32_dpp v224, v225 row_shl:8 row_mask:0xf bank_mask:0x3// 0000000053B0: 7FC002FA F30108E1
	v_max_f32_e32 v225, v225, v224                             // 0000000053B8: 21C3C1E1
	v_mov_b32_e32 v224, v225                                   // 0000000053BC: 7FC003E1
	v_mov_b32_dpp v224, v224 row_shr:4 row_mask:0xf bank_mask:0xa// 0000000053C0: 7FC002FA FA0114E0
	v_mov_b32_dpp v224, v225 row_shl:4 row_mask:0xf bank_mask:0x5// 0000000053C8: 7FC002FA F50104E1
	v_max_f32_e32 v225, v225, v224                             // 0000000053D0: 21C3C1E1
	v_mov_b32_dpp v224, v225 quad_perm:[2,3,0,1] row_mask:0xf bank_mask:0xf// 0000000053D4: 7FC002FA FF004EE1
	v_max_f32_e32 v225, v225, v224                             // 0000000053DC: 21C3C1E1
	v_mov_b32_dpp v224, v225 quad_perm:[1,0,3,2] row_mask:0xf bank_mask:0xf// 0000000053E0: 7FC002FA FF00B1E1
	v_max_f32_e32 v225, v225, v224                             // 0000000053E8: 21C3C1E1
	v_max_f32_e32 v220, v220, v225                             // 0000000053EC: 21B9C3DC
	v_mov_b32_e32 v225, v212                                   // 0000000053F0: 7FC203D4
	v_mov_b32_e32 v224, v225                                   // 0000000053F4: 7FC003E1
	v_mov_b32_dpp v224, v224 row_shr:8 row_mask:0xf bank_mask:0xc// 0000000053F8: 7FC002FA FC0118E0
	v_mov_b32_dpp v224, v225 row_shl:8 row_mask:0xf bank_mask:0x3// 000000005400: 7FC002FA F30108E1
	v_max_f32_e32 v225, v225, v224                             // 000000005408: 21C3C1E1
	v_mov_b32_e32 v224, v225                                   // 00000000540C: 7FC003E1
	v_mov_b32_dpp v224, v224 row_shr:4 row_mask:0xf bank_mask:0xa// 000000005410: 7FC002FA FA0114E0
	v_mov_b32_dpp v224, v225 row_shl:4 row_mask:0xf bank_mask:0x5// 000000005418: 7FC002FA F50104E1
	v_max_f32_e32 v225, v225, v224                             // 000000005420: 21C3C1E1
	v_mov_b32_dpp v224, v225 quad_perm:[2,3,0,1] row_mask:0xf bank_mask:0xf// 000000005424: 7FC002FA FF004EE1
	v_max_f32_e32 v225, v225, v224                             // 00000000542C: 21C3C1E1
	v_mov_b32_dpp v224, v225 quad_perm:[1,0,3,2] row_mask:0xf bank_mask:0xf// 000000005430: 7FC002FA FF00B1E1
	v_max_f32_e32 v225, v225, v224                             // 000000005438: 21C3C1E1
	v_max_f32_e32 v220, v220, v225                             // 00000000543C: 21B9C3DC
	v_max_f32_e32 v220, v36, v220                              // 000000005440: 21B9B924
	v_sub_f32_e32 v52, v36, v220                               // 000000005444: 0869B924
	v_mul_f32_e32 v52, 0x3fb8aa3b, v52                         // 000000005448: 106868FF 3FB8AA3B
	v_exp_f32_e32 v52, v52                                     // 000000005450: 7E684B34
	v_sub_f32_e32 v28, v28, v220                               // 000000005454: 0839B91C
	v_mul_f32_e32 v28, 0x3fb8aa3b, v28                         // 000000005458: 103838FF 3FB8AA3B
	v_exp_f32_e32 v28, v28                                     // 000000005460: 7E384B1C
	v_sub_f32_e32 v196, v196, v220                             // 000000005464: 0989B9C4
	v_mul_f32_e32 v196, 0x3fb8aa3b, v196                       // 000000005468: 118988FF 3FB8AA3B
	v_exp_f32_e32 v196, v196                                   // 000000005470: 7F884BC4
	v_sub_f32_e32 v204, v204, v220                             // 000000005474: 0999B9CC
	v_mul_f32_e32 v204, 0x3fb8aa3b, v204                       // 000000005478: 119998FF 3FB8AA3B
	v_exp_f32_e32 v204, v204                                   // 000000005480: 7F984BCC
	v_sub_f32_e32 v212, v212, v220                             // 000000005484: 09A9B9D4
	v_mul_f32_e32 v212, 0x3fb8aa3b, v212                       // 000000005488: 11A9A8FF 3FB8AA3B
	v_exp_f32_e32 v212, v212                                   // 000000005490: 7FA84BD4
	v_mov_b32_e32 v36, v220                                    // 000000005494: 7E4803DC
	v_mov_b32_e32 v220, v28                                    // 000000005498: 7FB8031C
	v_mov_b32_e32 v224, v220                                   // 00000000549C: 7FC003DC
	v_mov_b32_dpp v224, v224 row_shr:8 row_mask:0xf bank_mask:0xc// 0000000054A0: 7FC002FA FC0118E0
	v_mov_b32_dpp v224, v220 row_shl:8 row_mask:0xf bank_mask:0x3// 0000000054A8: 7FC002FA F30108DC
	v_add_f32_e32 v220, v220, v224                             // 0000000054B0: 07B9C1DC
	v_mov_b32_e32 v224, v220                                   // 0000000054B4: 7FC003DC
	v_mov_b32_dpp v224, v224 row_shr:4 row_mask:0xf bank_mask:0xa// 0000000054B8: 7FC002FA FA0114E0
	v_mov_b32_dpp v224, v220 row_shl:4 row_mask:0xf bank_mask:0x5// 0000000054C0: 7FC002FA F50104DC
	v_add_f32_e32 v220, v220, v224                             // 0000000054C8: 07B9C1DC
	v_mov_b32_dpp v224, v220 quad_perm:[2,3,0,1] row_mask:0xf bank_mask:0xf// 0000000054CC: 7FC002FA FF004EDC
	v_add_f32_e32 v220, v220, v224                             // 0000000054D4: 07B9C1DC
	v_mov_b32_dpp v224, v220 quad_perm:[1,0,3,2] row_mask:0xf bank_mask:0xf// 0000000054D8: 7FC002FA FF00B1DC
	v_add_f32_e32 v220, v220, v224                             // 0000000054E0: 07B9C1DC
	v_mov_b32_e32 v225, v196                                   // 0000000054E4: 7FC203C4
	v_mov_b32_e32 v224, v225                                   // 0000000054E8: 7FC003E1
	v_mov_b32_dpp v224, v224 row_shr:8 row_mask:0xf bank_mask:0xc// 0000000054EC: 7FC002FA FC0118E0
	v_mov_b32_dpp v224, v225 row_shl:8 row_mask:0xf bank_mask:0x3// 0000000054F4: 7FC002FA F30108E1
	v_add_f32_e32 v225, v225, v224                             // 0000000054FC: 07C3C1E1
	v_mov_b32_e32 v224, v225                                   // 000000005500: 7FC003E1
	v_mov_b32_dpp v224, v224 row_shr:4 row_mask:0xf bank_mask:0xa// 000000005504: 7FC002FA FA0114E0
	v_mov_b32_dpp v224, v225 row_shl:4 row_mask:0xf bank_mask:0x5// 00000000550C: 7FC002FA F50104E1
	v_add_f32_e32 v225, v225, v224                             // 000000005514: 07C3C1E1
	v_mov_b32_dpp v224, v225 quad_perm:[2,3,0,1] row_mask:0xf bank_mask:0xf// 000000005518: 7FC002FA FF004EE1
	v_add_f32_e32 v225, v225, v224                             // 000000005520: 07C3C1E1
	v_mov_b32_dpp v224, v225 quad_perm:[1,0,3,2] row_mask:0xf bank_mask:0xf// 000000005524: 7FC002FA FF00B1E1
	v_add_f32_e32 v225, v225, v224                             // 00000000552C: 07C3C1E1
	v_add_f32_e32 v220, v220, v225                             // 000000005530: 07B9C3DC
	v_mov_b32_e32 v225, v204                                   // 000000005534: 7FC203CC
	v_mov_b32_e32 v224, v225                                   // 000000005538: 7FC003E1
	v_mov_b32_dpp v224, v224 row_shr:8 row_mask:0xf bank_mask:0xc// 00000000553C: 7FC002FA FC0118E0
	v_mov_b32_dpp v224, v225 row_shl:8 row_mask:0xf bank_mask:0x3// 000000005544: 7FC002FA F30108E1
	v_add_f32_e32 v225, v225, v224                             // 00000000554C: 07C3C1E1
	v_mov_b32_e32 v224, v225                                   // 000000005550: 7FC003E1
	v_mov_b32_dpp v224, v224 row_shr:4 row_mask:0xf bank_mask:0xa// 000000005554: 7FC002FA FA0114E0
	v_mov_b32_dpp v224, v225 row_shl:4 row_mask:0xf bank_mask:0x5// 00000000555C: 7FC002FA F50104E1
	v_add_f32_e32 v225, v225, v224                             // 000000005564: 07C3C1E1
	v_mov_b32_dpp v224, v225 quad_perm:[2,3,0,1] row_mask:0xf bank_mask:0xf// 000000005568: 7FC002FA FF004EE1
	v_add_f32_e32 v225, v225, v224                             // 000000005570: 07C3C1E1
	v_mov_b32_dpp v224, v225 quad_perm:[1,0,3,2] row_mask:0xf bank_mask:0xf// 000000005574: 7FC002FA FF00B1E1
	v_add_f32_e32 v225, v225, v224                             // 00000000557C: 07C3C1E1
	v_add_f32_e32 v220, v220, v225                             // 000000005580: 07B9C3DC
	v_mov_b32_e32 v225, v212                                   // 000000005584: 7FC203D4
	v_mov_b32_e32 v224, v225                                   // 000000005588: 7FC003E1
	v_mov_b32_dpp v224, v224 row_shr:8 row_mask:0xf bank_mask:0xc// 00000000558C: 7FC002FA FC0118E0
	v_mov_b32_dpp v224, v225 row_shl:8 row_mask:0xf bank_mask:0x3// 000000005594: 7FC002FA F30108E1
	v_add_f32_e32 v225, v225, v224                             // 00000000559C: 07C3C1E1
	v_mov_b32_e32 v224, v225                                   // 0000000055A0: 7FC003E1
	v_mov_b32_dpp v224, v224 row_shr:4 row_mask:0xf bank_mask:0xa// 0000000055A4: 7FC002FA FA0114E0
	v_mov_b32_dpp v224, v225 row_shl:4 row_mask:0xf bank_mask:0x5// 0000000055AC: 7FC002FA F50104E1
	v_add_f32_e32 v225, v225, v224                             // 0000000055B4: 07C3C1E1
	v_mov_b32_dpp v224, v225 quad_perm:[2,3,0,1] row_mask:0xf bank_mask:0xf// 0000000055B8: 7FC002FA FF004EE1
	v_add_f32_e32 v225, v225, v224                             // 0000000055C0: 07C3C1E1
	v_mov_b32_dpp v224, v225 quad_perm:[1,0,3,2] row_mask:0xf bank_mask:0xf// 0000000055C4: 7FC002FA FF00B1E1
	v_add_f32_e32 v225, v225, v224                             // 0000000055CC: 07C3C1E1
	v_add_f32_e32 v220, v220, v225                             // 0000000055D0: 07B9C3DC
	v_mul_f32_e32 v44, v44, v52                                // 0000000055D4: 1058692C
	v_add_f32_e32 v44, v44, v220                               // 0000000055D8: 0659B92C
	v_mov_b32_e32 v221, v29                                    // 0000000055DC: 7FBA031D
	v_mov_b32_e32 v224, v221                                   // 0000000055E0: 7FC003DD
	v_mov_b32_dpp v224, v224 row_shr:8 row_mask:0xf bank_mask:0xc// 0000000055E4: 7FC002FA FC0118E0
	v_mov_b32_dpp v224, v221 row_shl:8 row_mask:0xf bank_mask:0x3// 0000000055EC: 7FC002FA F30108DD
	v_max_f32_e32 v221, v221, v224                             // 0000000055F4: 21BBC1DD
	v_mov_b32_e32 v224, v221                                   // 0000000055F8: 7FC003DD
	v_mov_b32_dpp v224, v224 row_shr:4 row_mask:0xf bank_mask:0xa// 0000000055FC: 7FC002FA FA0114E0
	v_mov_b32_dpp v224, v221 row_shl:4 row_mask:0xf bank_mask:0x5// 000000005604: 7FC002FA F50104DD
	v_max_f32_e32 v221, v221, v224                             // 00000000560C: 21BBC1DD
	v_mov_b32_dpp v224, v221 quad_perm:[2,3,0,1] row_mask:0xf bank_mask:0xf// 000000005610: 7FC002FA FF004EDD
	v_max_f32_e32 v221, v221, v224                             // 000000005618: 21BBC1DD
	v_mov_b32_dpp v224, v221 quad_perm:[1,0,3,2] row_mask:0xf bank_mask:0xf// 00000000561C: 7FC002FA FF00B1DD
	v_max_f32_e32 v221, v221, v224                             // 000000005624: 21BBC1DD
	v_mov_b32_e32 v225, v197                                   // 000000005628: 7FC203C5
	v_mov_b32_e32 v224, v225                                   // 00000000562C: 7FC003E1
	v_mov_b32_dpp v224, v224 row_shr:8 row_mask:0xf bank_mask:0xc// 000000005630: 7FC002FA FC0118E0
	v_mov_b32_dpp v224, v225 row_shl:8 row_mask:0xf bank_mask:0x3// 000000005638: 7FC002FA F30108E1
	v_max_f32_e32 v225, v225, v224                             // 000000005640: 21C3C1E1
	v_mov_b32_e32 v224, v225                                   // 000000005644: 7FC003E1
	v_mov_b32_dpp v224, v224 row_shr:4 row_mask:0xf bank_mask:0xa// 000000005648: 7FC002FA FA0114E0
	v_mov_b32_dpp v224, v225 row_shl:4 row_mask:0xf bank_mask:0x5// 000000005650: 7FC002FA F50104E1
	v_max_f32_e32 v225, v225, v224                             // 000000005658: 21C3C1E1
	v_mov_b32_dpp v224, v225 quad_perm:[2,3,0,1] row_mask:0xf bank_mask:0xf// 00000000565C: 7FC002FA FF004EE1
	v_max_f32_e32 v225, v225, v224                             // 000000005664: 21C3C1E1
	v_mov_b32_dpp v224, v225 quad_perm:[1,0,3,2] row_mask:0xf bank_mask:0xf// 000000005668: 7FC002FA FF00B1E1
	v_max_f32_e32 v225, v225, v224                             // 000000005670: 21C3C1E1
	v_max_f32_e32 v221, v221, v225                             // 000000005674: 21BBC3DD
	v_mov_b32_e32 v225, v205                                   // 000000005678: 7FC203CD
	v_mov_b32_e32 v224, v225                                   // 00000000567C: 7FC003E1
	v_mov_b32_dpp v224, v224 row_shr:8 row_mask:0xf bank_mask:0xc// 000000005680: 7FC002FA FC0118E0
	v_mov_b32_dpp v224, v225 row_shl:8 row_mask:0xf bank_mask:0x3// 000000005688: 7FC002FA F30108E1
	v_max_f32_e32 v225, v225, v224                             // 000000005690: 21C3C1E1
	v_mov_b32_e32 v224, v225                                   // 000000005694: 7FC003E1
	v_mov_b32_dpp v224, v224 row_shr:4 row_mask:0xf bank_mask:0xa// 000000005698: 7FC002FA FA0114E0
	v_mov_b32_dpp v224, v225 row_shl:4 row_mask:0xf bank_mask:0x5// 0000000056A0: 7FC002FA F50104E1
	v_max_f32_e32 v225, v225, v224                             // 0000000056A8: 21C3C1E1
	v_mov_b32_dpp v224, v225 quad_perm:[2,3,0,1] row_mask:0xf bank_mask:0xf// 0000000056AC: 7FC002FA FF004EE1
	v_max_f32_e32 v225, v225, v224                             // 0000000056B4: 21C3C1E1
	v_mov_b32_dpp v224, v225 quad_perm:[1,0,3,2] row_mask:0xf bank_mask:0xf// 0000000056B8: 7FC002FA FF00B1E1
	v_max_f32_e32 v225, v225, v224                             // 0000000056C0: 21C3C1E1
	v_max_f32_e32 v221, v221, v225                             // 0000000056C4: 21BBC3DD
	v_mov_b32_e32 v225, v213                                   // 0000000056C8: 7FC203D5
	v_mov_b32_e32 v224, v225                                   // 0000000056CC: 7FC003E1
	v_mov_b32_dpp v224, v224 row_shr:8 row_mask:0xf bank_mask:0xc// 0000000056D0: 7FC002FA FC0118E0
	v_mov_b32_dpp v224, v225 row_shl:8 row_mask:0xf bank_mask:0x3// 0000000056D8: 7FC002FA F30108E1
	v_max_f32_e32 v225, v225, v224                             // 0000000056E0: 21C3C1E1
	v_mov_b32_e32 v224, v225                                   // 0000000056E4: 7FC003E1
	v_mov_b32_dpp v224, v224 row_shr:4 row_mask:0xf bank_mask:0xa// 0000000056E8: 7FC002FA FA0114E0
	v_mov_b32_dpp v224, v225 row_shl:4 row_mask:0xf bank_mask:0x5// 0000000056F0: 7FC002FA F50104E1
	v_max_f32_e32 v225, v225, v224                             // 0000000056F8: 21C3C1E1
	v_mov_b32_dpp v224, v225 quad_perm:[2,3,0,1] row_mask:0xf bank_mask:0xf// 0000000056FC: 7FC002FA FF004EE1
	v_max_f32_e32 v225, v225, v224                             // 000000005704: 21C3C1E1
	v_mov_b32_dpp v224, v225 quad_perm:[1,0,3,2] row_mask:0xf bank_mask:0xf// 000000005708: 7FC002FA FF00B1E1
	v_max_f32_e32 v225, v225, v224                             // 000000005710: 21C3C1E1
	v_max_f32_e32 v221, v221, v225                             // 000000005714: 21BBC3DD
	v_max_f32_e32 v221, v37, v221                              // 000000005718: 21BBBB25
	v_sub_f32_e32 v53, v37, v221                               // 00000000571C: 086BBB25
	v_mul_f32_e32 v53, 0x3fb8aa3b, v53                         // 000000005720: 106A6AFF 3FB8AA3B
	v_exp_f32_e32 v53, v53                                     // 000000005728: 7E6A4B35
	v_sub_f32_e32 v29, v29, v221                               // 00000000572C: 083BBB1D
	v_mul_f32_e32 v29, 0x3fb8aa3b, v29                         // 000000005730: 103A3AFF 3FB8AA3B
	v_exp_f32_e32 v29, v29                                     // 000000005738: 7E3A4B1D
	v_sub_f32_e32 v197, v197, v221                             // 00000000573C: 098BBBC5
	v_mul_f32_e32 v197, 0x3fb8aa3b, v197                       // 000000005740: 118B8AFF 3FB8AA3B
	v_exp_f32_e32 v197, v197                                   // 000000005748: 7F8A4BC5
	v_sub_f32_e32 v205, v205, v221                             // 00000000574C: 099BBBCD
	v_mul_f32_e32 v205, 0x3fb8aa3b, v205                       // 000000005750: 119B9AFF 3FB8AA3B
	v_exp_f32_e32 v205, v205                                   // 000000005758: 7F9A4BCD
	v_sub_f32_e32 v213, v213, v221                             // 00000000575C: 09ABBBD5
	v_mul_f32_e32 v213, 0x3fb8aa3b, v213                       // 000000005760: 11ABAAFF 3FB8AA3B
	v_exp_f32_e32 v213, v213                                   // 000000005768: 7FAA4BD5
	v_mov_b32_e32 v37, v221                                    // 00000000576C: 7E4A03DD
	v_mov_b32_e32 v221, v29                                    // 000000005770: 7FBA031D
	v_mov_b32_e32 v224, v221                                   // 000000005774: 7FC003DD
	v_mov_b32_dpp v224, v224 row_shr:8 row_mask:0xf bank_mask:0xc// 000000005778: 7FC002FA FC0118E0
	v_mov_b32_dpp v224, v221 row_shl:8 row_mask:0xf bank_mask:0x3// 000000005780: 7FC002FA F30108DD
	v_add_f32_e32 v221, v221, v224                             // 000000005788: 07BBC1DD
	v_mov_b32_e32 v224, v221                                   // 00000000578C: 7FC003DD
	v_mov_b32_dpp v224, v224 row_shr:4 row_mask:0xf bank_mask:0xa// 000000005790: 7FC002FA FA0114E0
	v_mov_b32_dpp v224, v221 row_shl:4 row_mask:0xf bank_mask:0x5// 000000005798: 7FC002FA F50104DD
	v_add_f32_e32 v221, v221, v224                             // 0000000057A0: 07BBC1DD
	v_mov_b32_dpp v224, v221 quad_perm:[2,3,0,1] row_mask:0xf bank_mask:0xf// 0000000057A4: 7FC002FA FF004EDD
	v_add_f32_e32 v221, v221, v224                             // 0000000057AC: 07BBC1DD
	v_mov_b32_dpp v224, v221 quad_perm:[1,0,3,2] row_mask:0xf bank_mask:0xf// 0000000057B0: 7FC002FA FF00B1DD
	v_add_f32_e32 v221, v221, v224                             // 0000000057B8: 07BBC1DD
	v_mov_b32_e32 v225, v197                                   // 0000000057BC: 7FC203C5
	v_mov_b32_e32 v224, v225                                   // 0000000057C0: 7FC003E1
	v_mov_b32_dpp v224, v224 row_shr:8 row_mask:0xf bank_mask:0xc// 0000000057C4: 7FC002FA FC0118E0
	v_mov_b32_dpp v224, v225 row_shl:8 row_mask:0xf bank_mask:0x3// 0000000057CC: 7FC002FA F30108E1
	v_add_f32_e32 v225, v225, v224                             // 0000000057D4: 07C3C1E1
	v_mov_b32_e32 v224, v225                                   // 0000000057D8: 7FC003E1
	v_mov_b32_dpp v224, v224 row_shr:4 row_mask:0xf bank_mask:0xa// 0000000057DC: 7FC002FA FA0114E0
	v_mov_b32_dpp v224, v225 row_shl:4 row_mask:0xf bank_mask:0x5// 0000000057E4: 7FC002FA F50104E1
	v_add_f32_e32 v225, v225, v224                             // 0000000057EC: 07C3C1E1
	v_mov_b32_dpp v224, v225 quad_perm:[2,3,0,1] row_mask:0xf bank_mask:0xf// 0000000057F0: 7FC002FA FF004EE1
	v_add_f32_e32 v225, v225, v224                             // 0000000057F8: 07C3C1E1
	v_mov_b32_dpp v224, v225 quad_perm:[1,0,3,2] row_mask:0xf bank_mask:0xf// 0000000057FC: 7FC002FA FF00B1E1
	v_add_f32_e32 v225, v225, v224                             // 000000005804: 07C3C1E1
	v_add_f32_e32 v221, v221, v225                             // 000000005808: 07BBC3DD
	v_mov_b32_e32 v225, v205                                   // 00000000580C: 7FC203CD
	v_mov_b32_e32 v224, v225                                   // 000000005810: 7FC003E1
	v_mov_b32_dpp v224, v224 row_shr:8 row_mask:0xf bank_mask:0xc// 000000005814: 7FC002FA FC0118E0
	v_mov_b32_dpp v224, v225 row_shl:8 row_mask:0xf bank_mask:0x3// 00000000581C: 7FC002FA F30108E1
	v_add_f32_e32 v225, v225, v224                             // 000000005824: 07C3C1E1
	v_mov_b32_e32 v224, v225                                   // 000000005828: 7FC003E1
	v_mov_b32_dpp v224, v224 row_shr:4 row_mask:0xf bank_mask:0xa// 00000000582C: 7FC002FA FA0114E0
	v_mov_b32_dpp v224, v225 row_shl:4 row_mask:0xf bank_mask:0x5// 000000005834: 7FC002FA F50104E1
	v_add_f32_e32 v225, v225, v224                             // 00000000583C: 07C3C1E1
	v_mov_b32_dpp v224, v225 quad_perm:[2,3,0,1] row_mask:0xf bank_mask:0xf// 000000005840: 7FC002FA FF004EE1
	v_add_f32_e32 v225, v225, v224                             // 000000005848: 07C3C1E1
	v_mov_b32_dpp v224, v225 quad_perm:[1,0,3,2] row_mask:0xf bank_mask:0xf// 00000000584C: 7FC002FA FF00B1E1
	v_add_f32_e32 v225, v225, v224                             // 000000005854: 07C3C1E1
	v_add_f32_e32 v221, v221, v225                             // 000000005858: 07BBC3DD
	v_mov_b32_e32 v225, v213                                   // 00000000585C: 7FC203D5
	v_mov_b32_e32 v224, v225                                   // 000000005860: 7FC003E1
	v_mov_b32_dpp v224, v224 row_shr:8 row_mask:0xf bank_mask:0xc// 000000005864: 7FC002FA FC0118E0
	v_mov_b32_dpp v224, v225 row_shl:8 row_mask:0xf bank_mask:0x3// 00000000586C: 7FC002FA F30108E1
	v_add_f32_e32 v225, v225, v224                             // 000000005874: 07C3C1E1
	v_mov_b32_e32 v224, v225                                   // 000000005878: 7FC003E1
	v_mov_b32_dpp v224, v224 row_shr:4 row_mask:0xf bank_mask:0xa// 00000000587C: 7FC002FA FA0114E0
	v_mov_b32_dpp v224, v225 row_shl:4 row_mask:0xf bank_mask:0x5// 000000005884: 7FC002FA F50104E1
	v_add_f32_e32 v225, v225, v224                             // 00000000588C: 07C3C1E1
	v_mov_b32_dpp v224, v225 quad_perm:[2,3,0,1] row_mask:0xf bank_mask:0xf// 000000005890: 7FC002FA FF004EE1
	v_add_f32_e32 v225, v225, v224                             // 000000005898: 07C3C1E1
	v_mov_b32_dpp v224, v225 quad_perm:[1,0,3,2] row_mask:0xf bank_mask:0xf// 00000000589C: 7FC002FA FF00B1E1
	v_add_f32_e32 v225, v225, v224                             // 0000000058A4: 07C3C1E1
	v_add_f32_e32 v221, v221, v225                             // 0000000058A8: 07BBC3DD
	v_mul_f32_e32 v45, v45, v53                                // 0000000058AC: 105A6B2D
	v_add_f32_e32 v45, v45, v221                               // 0000000058B0: 065BBB2D
	v_mov_b32_e32 v222, v30                                    // 0000000058B4: 7FBC031E
	v_mov_b32_e32 v224, v222                                   // 0000000058B8: 7FC003DE
	v_mov_b32_dpp v224, v224 row_shr:8 row_mask:0xf bank_mask:0xc// 0000000058BC: 7FC002FA FC0118E0
	v_mov_b32_dpp v224, v222 row_shl:8 row_mask:0xf bank_mask:0x3// 0000000058C4: 7FC002FA F30108DE
	v_max_f32_e32 v222, v222, v224                             // 0000000058CC: 21BDC1DE
	v_mov_b32_e32 v224, v222                                   // 0000000058D0: 7FC003DE
	v_mov_b32_dpp v224, v224 row_shr:4 row_mask:0xf bank_mask:0xa// 0000000058D4: 7FC002FA FA0114E0
	v_mov_b32_dpp v224, v222 row_shl:4 row_mask:0xf bank_mask:0x5// 0000000058DC: 7FC002FA F50104DE
	v_max_f32_e32 v222, v222, v224                             // 0000000058E4: 21BDC1DE
	v_mov_b32_dpp v224, v222 quad_perm:[2,3,0,1] row_mask:0xf bank_mask:0xf// 0000000058E8: 7FC002FA FF004EDE
	v_max_f32_e32 v222, v222, v224                             // 0000000058F0: 21BDC1DE
	v_mov_b32_dpp v224, v222 quad_perm:[1,0,3,2] row_mask:0xf bank_mask:0xf// 0000000058F4: 7FC002FA FF00B1DE
	v_max_f32_e32 v222, v222, v224                             // 0000000058FC: 21BDC1DE
	v_mov_b32_e32 v225, v198                                   // 000000005900: 7FC203C6
	v_mov_b32_e32 v224, v225                                   // 000000005904: 7FC003E1
	v_mov_b32_dpp v224, v224 row_shr:8 row_mask:0xf bank_mask:0xc// 000000005908: 7FC002FA FC0118E0
	v_mov_b32_dpp v224, v225 row_shl:8 row_mask:0xf bank_mask:0x3// 000000005910: 7FC002FA F30108E1
	v_max_f32_e32 v225, v225, v224                             // 000000005918: 21C3C1E1
	v_mov_b32_e32 v224, v225                                   // 00000000591C: 7FC003E1
	v_mov_b32_dpp v224, v224 row_shr:4 row_mask:0xf bank_mask:0xa// 000000005920: 7FC002FA FA0114E0
	v_mov_b32_dpp v224, v225 row_shl:4 row_mask:0xf bank_mask:0x5// 000000005928: 7FC002FA F50104E1
	v_max_f32_e32 v225, v225, v224                             // 000000005930: 21C3C1E1
	v_mov_b32_dpp v224, v225 quad_perm:[2,3,0,1] row_mask:0xf bank_mask:0xf// 000000005934: 7FC002FA FF004EE1
	v_max_f32_e32 v225, v225, v224                             // 00000000593C: 21C3C1E1
	v_mov_b32_dpp v224, v225 quad_perm:[1,0,3,2] row_mask:0xf bank_mask:0xf// 000000005940: 7FC002FA FF00B1E1
	v_max_f32_e32 v225, v225, v224                             // 000000005948: 21C3C1E1
	v_max_f32_e32 v222, v222, v225                             // 00000000594C: 21BDC3DE
	v_mov_b32_e32 v225, v206                                   // 000000005950: 7FC203CE
	v_mov_b32_e32 v224, v225                                   // 000000005954: 7FC003E1
	v_mov_b32_dpp v224, v224 row_shr:8 row_mask:0xf bank_mask:0xc// 000000005958: 7FC002FA FC0118E0
	v_mov_b32_dpp v224, v225 row_shl:8 row_mask:0xf bank_mask:0x3// 000000005960: 7FC002FA F30108E1
	v_max_f32_e32 v225, v225, v224                             // 000000005968: 21C3C1E1
	v_mov_b32_e32 v224, v225                                   // 00000000596C: 7FC003E1
	v_mov_b32_dpp v224, v224 row_shr:4 row_mask:0xf bank_mask:0xa// 000000005970: 7FC002FA FA0114E0
	v_mov_b32_dpp v224, v225 row_shl:4 row_mask:0xf bank_mask:0x5// 000000005978: 7FC002FA F50104E1
	v_max_f32_e32 v225, v225, v224                             // 000000005980: 21C3C1E1
	v_mov_b32_dpp v224, v225 quad_perm:[2,3,0,1] row_mask:0xf bank_mask:0xf// 000000005984: 7FC002FA FF004EE1
	v_max_f32_e32 v225, v225, v224                             // 00000000598C: 21C3C1E1
	v_mov_b32_dpp v224, v225 quad_perm:[1,0,3,2] row_mask:0xf bank_mask:0xf// 000000005990: 7FC002FA FF00B1E1
	v_max_f32_e32 v225, v225, v224                             // 000000005998: 21C3C1E1
	v_max_f32_e32 v222, v222, v225                             // 00000000599C: 21BDC3DE
	v_mov_b32_e32 v225, v214                                   // 0000000059A0: 7FC203D6
	v_mov_b32_e32 v224, v225                                   // 0000000059A4: 7FC003E1
	v_mov_b32_dpp v224, v224 row_shr:8 row_mask:0xf bank_mask:0xc// 0000000059A8: 7FC002FA FC0118E0
	v_mov_b32_dpp v224, v225 row_shl:8 row_mask:0xf bank_mask:0x3// 0000000059B0: 7FC002FA F30108E1
	v_max_f32_e32 v225, v225, v224                             // 0000000059B8: 21C3C1E1
	v_mov_b32_e32 v224, v225                                   // 0000000059BC: 7FC003E1
	v_mov_b32_dpp v224, v224 row_shr:4 row_mask:0xf bank_mask:0xa// 0000000059C0: 7FC002FA FA0114E0
	v_mov_b32_dpp v224, v225 row_shl:4 row_mask:0xf bank_mask:0x5// 0000000059C8: 7FC002FA F50104E1
	v_max_f32_e32 v225, v225, v224                             // 0000000059D0: 21C3C1E1
	v_mov_b32_dpp v224, v225 quad_perm:[2,3,0,1] row_mask:0xf bank_mask:0xf// 0000000059D4: 7FC002FA FF004EE1
	v_max_f32_e32 v225, v225, v224                             // 0000000059DC: 21C3C1E1
	v_mov_b32_dpp v224, v225 quad_perm:[1,0,3,2] row_mask:0xf bank_mask:0xf// 0000000059E0: 7FC002FA FF00B1E1
	v_max_f32_e32 v225, v225, v224                             // 0000000059E8: 21C3C1E1
	v_max_f32_e32 v222, v222, v225                             // 0000000059EC: 21BDC3DE
	v_max_f32_e32 v222, v38, v222                              // 0000000059F0: 21BDBD26
	v_sub_f32_e32 v54, v38, v222                               // 0000000059F4: 086DBD26
	v_mul_f32_e32 v54, 0x3fb8aa3b, v54                         // 0000000059F8: 106C6CFF 3FB8AA3B
	v_exp_f32_e32 v54, v54                                     // 000000005A00: 7E6C4B36
	v_sub_f32_e32 v30, v30, v222                               // 000000005A04: 083DBD1E
	v_mul_f32_e32 v30, 0x3fb8aa3b, v30                         // 000000005A08: 103C3CFF 3FB8AA3B
	v_exp_f32_e32 v30, v30                                     // 000000005A10: 7E3C4B1E
	v_sub_f32_e32 v198, v198, v222                             // 000000005A14: 098DBDC6
	v_mul_f32_e32 v198, 0x3fb8aa3b, v198                       // 000000005A18: 118D8CFF 3FB8AA3B
	v_exp_f32_e32 v198, v198                                   // 000000005A20: 7F8C4BC6
	v_sub_f32_e32 v206, v206, v222                             // 000000005A24: 099DBDCE
	v_mul_f32_e32 v206, 0x3fb8aa3b, v206                       // 000000005A28: 119D9CFF 3FB8AA3B
	v_exp_f32_e32 v206, v206                                   // 000000005A30: 7F9C4BCE
	v_sub_f32_e32 v214, v214, v222                             // 000000005A34: 09ADBDD6
	v_mul_f32_e32 v214, 0x3fb8aa3b, v214                       // 000000005A38: 11ADACFF 3FB8AA3B
	v_exp_f32_e32 v214, v214                                   // 000000005A40: 7FAC4BD6
	v_mov_b32_e32 v38, v222                                    // 000000005A44: 7E4C03DE
	v_mov_b32_e32 v222, v30                                    // 000000005A48: 7FBC031E
	v_mov_b32_e32 v224, v222                                   // 000000005A4C: 7FC003DE
	v_mov_b32_dpp v224, v224 row_shr:8 row_mask:0xf bank_mask:0xc// 000000005A50: 7FC002FA FC0118E0
	v_mov_b32_dpp v224, v222 row_shl:8 row_mask:0xf bank_mask:0x3// 000000005A58: 7FC002FA F30108DE
	v_add_f32_e32 v222, v222, v224                             // 000000005A60: 07BDC1DE
	v_mov_b32_e32 v224, v222                                   // 000000005A64: 7FC003DE
	v_mov_b32_dpp v224, v224 row_shr:4 row_mask:0xf bank_mask:0xa// 000000005A68: 7FC002FA FA0114E0
	v_mov_b32_dpp v224, v222 row_shl:4 row_mask:0xf bank_mask:0x5// 000000005A70: 7FC002FA F50104DE
	v_add_f32_e32 v222, v222, v224                             // 000000005A78: 07BDC1DE
	v_mov_b32_dpp v224, v222 quad_perm:[2,3,0,1] row_mask:0xf bank_mask:0xf// 000000005A7C: 7FC002FA FF004EDE
	v_add_f32_e32 v222, v222, v224                             // 000000005A84: 07BDC1DE
	v_mov_b32_dpp v224, v222 quad_perm:[1,0,3,2] row_mask:0xf bank_mask:0xf// 000000005A88: 7FC002FA FF00B1DE
	v_add_f32_e32 v222, v222, v224                             // 000000005A90: 07BDC1DE
	v_mov_b32_e32 v225, v198                                   // 000000005A94: 7FC203C6
	v_mov_b32_e32 v224, v225                                   // 000000005A98: 7FC003E1
	v_mov_b32_dpp v224, v224 row_shr:8 row_mask:0xf bank_mask:0xc// 000000005A9C: 7FC002FA FC0118E0
	v_mov_b32_dpp v224, v225 row_shl:8 row_mask:0xf bank_mask:0x3// 000000005AA4: 7FC002FA F30108E1
	v_add_f32_e32 v225, v225, v224                             // 000000005AAC: 07C3C1E1
	v_mov_b32_e32 v224, v225                                   // 000000005AB0: 7FC003E1
	v_mov_b32_dpp v224, v224 row_shr:4 row_mask:0xf bank_mask:0xa// 000000005AB4: 7FC002FA FA0114E0
	v_mov_b32_dpp v224, v225 row_shl:4 row_mask:0xf bank_mask:0x5// 000000005ABC: 7FC002FA F50104E1
	v_add_f32_e32 v225, v225, v224                             // 000000005AC4: 07C3C1E1
	v_mov_b32_dpp v224, v225 quad_perm:[2,3,0,1] row_mask:0xf bank_mask:0xf// 000000005AC8: 7FC002FA FF004EE1
	v_add_f32_e32 v225, v225, v224                             // 000000005AD0: 07C3C1E1
	v_mov_b32_dpp v224, v225 quad_perm:[1,0,3,2] row_mask:0xf bank_mask:0xf// 000000005AD4: 7FC002FA FF00B1E1
	v_add_f32_e32 v225, v225, v224                             // 000000005ADC: 07C3C1E1
	v_add_f32_e32 v222, v222, v225                             // 000000005AE0: 07BDC3DE
	v_mov_b32_e32 v225, v206                                   // 000000005AE4: 7FC203CE
	v_mov_b32_e32 v224, v225                                   // 000000005AE8: 7FC003E1
	v_mov_b32_dpp v224, v224 row_shr:8 row_mask:0xf bank_mask:0xc// 000000005AEC: 7FC002FA FC0118E0
	v_mov_b32_dpp v224, v225 row_shl:8 row_mask:0xf bank_mask:0x3// 000000005AF4: 7FC002FA F30108E1
	v_add_f32_e32 v225, v225, v224                             // 000000005AFC: 07C3C1E1
	v_mov_b32_e32 v224, v225                                   // 000000005B00: 7FC003E1
	v_mov_b32_dpp v224, v224 row_shr:4 row_mask:0xf bank_mask:0xa// 000000005B04: 7FC002FA FA0114E0
	v_mov_b32_dpp v224, v225 row_shl:4 row_mask:0xf bank_mask:0x5// 000000005B0C: 7FC002FA F50104E1
	v_add_f32_e32 v225, v225, v224                             // 000000005B14: 07C3C1E1
	v_mov_b32_dpp v224, v225 quad_perm:[2,3,0,1] row_mask:0xf bank_mask:0xf// 000000005B18: 7FC002FA FF004EE1
	v_add_f32_e32 v225, v225, v224                             // 000000005B20: 07C3C1E1
	v_mov_b32_dpp v224, v225 quad_perm:[1,0,3,2] row_mask:0xf bank_mask:0xf// 000000005B24: 7FC002FA FF00B1E1
	v_add_f32_e32 v225, v225, v224                             // 000000005B2C: 07C3C1E1
	v_add_f32_e32 v222, v222, v225                             // 000000005B30: 07BDC3DE
	v_mov_b32_e32 v225, v214                                   // 000000005B34: 7FC203D6
	v_mov_b32_e32 v224, v225                                   // 000000005B38: 7FC003E1
	v_mov_b32_dpp v224, v224 row_shr:8 row_mask:0xf bank_mask:0xc// 000000005B3C: 7FC002FA FC0118E0
	v_mov_b32_dpp v224, v225 row_shl:8 row_mask:0xf bank_mask:0x3// 000000005B44: 7FC002FA F30108E1
	v_add_f32_e32 v225, v225, v224                             // 000000005B4C: 07C3C1E1
	v_mov_b32_e32 v224, v225                                   // 000000005B50: 7FC003E1
	v_mov_b32_dpp v224, v224 row_shr:4 row_mask:0xf bank_mask:0xa// 000000005B54: 7FC002FA FA0114E0
	v_mov_b32_dpp v224, v225 row_shl:4 row_mask:0xf bank_mask:0x5// 000000005B5C: 7FC002FA F50104E1
	v_add_f32_e32 v225, v225, v224                             // 000000005B64: 07C3C1E1
	v_mov_b32_dpp v224, v225 quad_perm:[2,3,0,1] row_mask:0xf bank_mask:0xf// 000000005B68: 7FC002FA FF004EE1
	v_add_f32_e32 v225, v225, v224                             // 000000005B70: 07C3C1E1
	v_mov_b32_dpp v224, v225 quad_perm:[1,0,3,2] row_mask:0xf bank_mask:0xf// 000000005B74: 7FC002FA FF00B1E1
	v_add_f32_e32 v225, v225, v224                             // 000000005B7C: 07C3C1E1
	v_add_f32_e32 v222, v222, v225                             // 000000005B80: 07BDC3DE
	v_mul_f32_e32 v46, v46, v54                                // 000000005B84: 105C6D2E
	v_add_f32_e32 v46, v46, v222                               // 000000005B88: 065DBD2E
	v_mov_b32_e32 v223, v31                                    // 000000005B8C: 7FBE031F
	v_mov_b32_e32 v224, v223                                   // 000000005B90: 7FC003DF
	v_mov_b32_dpp v224, v224 row_shr:8 row_mask:0xf bank_mask:0xc// 000000005B94: 7FC002FA FC0118E0
	v_mov_b32_dpp v224, v223 row_shl:8 row_mask:0xf bank_mask:0x3// 000000005B9C: 7FC002FA F30108DF
	v_max_f32_e32 v223, v223, v224                             // 000000005BA4: 21BFC1DF
	v_mov_b32_e32 v224, v223                                   // 000000005BA8: 7FC003DF
	v_mov_b32_dpp v224, v224 row_shr:4 row_mask:0xf bank_mask:0xa// 000000005BAC: 7FC002FA FA0114E0
	v_mov_b32_dpp v224, v223 row_shl:4 row_mask:0xf bank_mask:0x5// 000000005BB4: 7FC002FA F50104DF
	v_max_f32_e32 v223, v223, v224                             // 000000005BBC: 21BFC1DF
	v_mov_b32_dpp v224, v223 quad_perm:[2,3,0,1] row_mask:0xf bank_mask:0xf// 000000005BC0: 7FC002FA FF004EDF
	v_max_f32_e32 v223, v223, v224                             // 000000005BC8: 21BFC1DF
	v_mov_b32_dpp v224, v223 quad_perm:[1,0,3,2] row_mask:0xf bank_mask:0xf// 000000005BCC: 7FC002FA FF00B1DF
	v_max_f32_e32 v223, v223, v224                             // 000000005BD4: 21BFC1DF
	v_mov_b32_e32 v225, v199                                   // 000000005BD8: 7FC203C7
	v_mov_b32_e32 v224, v225                                   // 000000005BDC: 7FC003E1
	v_mov_b32_dpp v224, v224 row_shr:8 row_mask:0xf bank_mask:0xc// 000000005BE0: 7FC002FA FC0118E0
	v_mov_b32_dpp v224, v225 row_shl:8 row_mask:0xf bank_mask:0x3// 000000005BE8: 7FC002FA F30108E1
	v_max_f32_e32 v225, v225, v224                             // 000000005BF0: 21C3C1E1
	v_mov_b32_e32 v224, v225                                   // 000000005BF4: 7FC003E1
	v_mov_b32_dpp v224, v224 row_shr:4 row_mask:0xf bank_mask:0xa// 000000005BF8: 7FC002FA FA0114E0
	v_mov_b32_dpp v224, v225 row_shl:4 row_mask:0xf bank_mask:0x5// 000000005C00: 7FC002FA F50104E1
	v_max_f32_e32 v225, v225, v224                             // 000000005C08: 21C3C1E1
	v_mov_b32_dpp v224, v225 quad_perm:[2,3,0,1] row_mask:0xf bank_mask:0xf// 000000005C0C: 7FC002FA FF004EE1
	v_max_f32_e32 v225, v225, v224                             // 000000005C14: 21C3C1E1
	v_mov_b32_dpp v224, v225 quad_perm:[1,0,3,2] row_mask:0xf bank_mask:0xf// 000000005C18: 7FC002FA FF00B1E1
	v_max_f32_e32 v225, v225, v224                             // 000000005C20: 21C3C1E1
	v_max_f32_e32 v223, v223, v225                             // 000000005C24: 21BFC3DF
	v_mov_b32_e32 v225, v207                                   // 000000005C28: 7FC203CF
	v_mov_b32_e32 v224, v225                                   // 000000005C2C: 7FC003E1
	v_mov_b32_dpp v224, v224 row_shr:8 row_mask:0xf bank_mask:0xc// 000000005C30: 7FC002FA FC0118E0
	v_mov_b32_dpp v224, v225 row_shl:8 row_mask:0xf bank_mask:0x3// 000000005C38: 7FC002FA F30108E1
	v_max_f32_e32 v225, v225, v224                             // 000000005C40: 21C3C1E1
	v_mov_b32_e32 v224, v225                                   // 000000005C44: 7FC003E1
	v_mov_b32_dpp v224, v224 row_shr:4 row_mask:0xf bank_mask:0xa// 000000005C48: 7FC002FA FA0114E0
	v_mov_b32_dpp v224, v225 row_shl:4 row_mask:0xf bank_mask:0x5// 000000005C50: 7FC002FA F50104E1
	v_max_f32_e32 v225, v225, v224                             // 000000005C58: 21C3C1E1
	v_mov_b32_dpp v224, v225 quad_perm:[2,3,0,1] row_mask:0xf bank_mask:0xf// 000000005C5C: 7FC002FA FF004EE1
	v_max_f32_e32 v225, v225, v224                             // 000000005C64: 21C3C1E1
	v_mov_b32_dpp v224, v225 quad_perm:[1,0,3,2] row_mask:0xf bank_mask:0xf// 000000005C68: 7FC002FA FF00B1E1
	v_max_f32_e32 v225, v225, v224                             // 000000005C70: 21C3C1E1
	v_max_f32_e32 v223, v223, v225                             // 000000005C74: 21BFC3DF
	v_mov_b32_e32 v225, v215                                   // 000000005C78: 7FC203D7
	v_mov_b32_e32 v224, v225                                   // 000000005C7C: 7FC003E1
	v_mov_b32_dpp v224, v224 row_shr:8 row_mask:0xf bank_mask:0xc// 000000005C80: 7FC002FA FC0118E0
	v_mov_b32_dpp v224, v225 row_shl:8 row_mask:0xf bank_mask:0x3// 000000005C88: 7FC002FA F30108E1
	v_max_f32_e32 v225, v225, v224                             // 000000005C90: 21C3C1E1
	v_mov_b32_e32 v224, v225                                   // 000000005C94: 7FC003E1
	v_mov_b32_dpp v224, v224 row_shr:4 row_mask:0xf bank_mask:0xa// 000000005C98: 7FC002FA FA0114E0
	v_mov_b32_dpp v224, v225 row_shl:4 row_mask:0xf bank_mask:0x5// 000000005CA0: 7FC002FA F50104E1
	v_max_f32_e32 v225, v225, v224                             // 000000005CA8: 21C3C1E1
	v_mov_b32_dpp v224, v225 quad_perm:[2,3,0,1] row_mask:0xf bank_mask:0xf// 000000005CAC: 7FC002FA FF004EE1
	v_max_f32_e32 v225, v225, v224                             // 000000005CB4: 21C3C1E1
	v_mov_b32_dpp v224, v225 quad_perm:[1,0,3,2] row_mask:0xf bank_mask:0xf// 000000005CB8: 7FC002FA FF00B1E1
	v_max_f32_e32 v225, v225, v224                             // 000000005CC0: 21C3C1E1
	v_max_f32_e32 v223, v223, v225                             // 000000005CC4: 21BFC3DF
	v_max_f32_e32 v223, v39, v223                              // 000000005CC8: 21BFBF27
	v_sub_f32_e32 v55, v39, v223                               // 000000005CCC: 086FBF27
	v_mul_f32_e32 v55, 0x3fb8aa3b, v55                         // 000000005CD0: 106E6EFF 3FB8AA3B
	v_exp_f32_e32 v55, v55                                     // 000000005CD8: 7E6E4B37
	v_sub_f32_e32 v31, v31, v223                               // 000000005CDC: 083FBF1F
	v_mul_f32_e32 v31, 0x3fb8aa3b, v31                         // 000000005CE0: 103E3EFF 3FB8AA3B
	v_exp_f32_e32 v31, v31                                     // 000000005CE8: 7E3E4B1F
	v_sub_f32_e32 v199, v199, v223                             // 000000005CEC: 098FBFC7
	v_mul_f32_e32 v199, 0x3fb8aa3b, v199                       // 000000005CF0: 118F8EFF 3FB8AA3B
	v_exp_f32_e32 v199, v199                                   // 000000005CF8: 7F8E4BC7
	v_sub_f32_e32 v207, v207, v223                             // 000000005CFC: 099FBFCF
	v_mul_f32_e32 v207, 0x3fb8aa3b, v207                       // 000000005D00: 119F9EFF 3FB8AA3B
	v_exp_f32_e32 v207, v207                                   // 000000005D08: 7F9E4BCF
	v_sub_f32_e32 v215, v215, v223                             // 000000005D0C: 09AFBFD7
	v_mul_f32_e32 v215, 0x3fb8aa3b, v215                       // 000000005D10: 11AFAEFF 3FB8AA3B
	v_exp_f32_e32 v215, v215                                   // 000000005D18: 7FAE4BD7
	v_mov_b32_e32 v39, v223                                    // 000000005D1C: 7E4E03DF
	v_mov_b32_e32 v223, v31                                    // 000000005D20: 7FBE031F
	v_mov_b32_e32 v224, v223                                   // 000000005D24: 7FC003DF
	v_mov_b32_dpp v224, v224 row_shr:8 row_mask:0xf bank_mask:0xc// 000000005D28: 7FC002FA FC0118E0
	v_mov_b32_dpp v224, v223 row_shl:8 row_mask:0xf bank_mask:0x3// 000000005D30: 7FC002FA F30108DF
	v_add_f32_e32 v223, v223, v224                             // 000000005D38: 07BFC1DF
	v_mov_b32_e32 v224, v223                                   // 000000005D3C: 7FC003DF
	v_mov_b32_dpp v224, v224 row_shr:4 row_mask:0xf bank_mask:0xa// 000000005D40: 7FC002FA FA0114E0
	v_mov_b32_dpp v224, v223 row_shl:4 row_mask:0xf bank_mask:0x5// 000000005D48: 7FC002FA F50104DF
	v_add_f32_e32 v223, v223, v224                             // 000000005D50: 07BFC1DF
	v_mov_b32_dpp v224, v223 quad_perm:[2,3,0,1] row_mask:0xf bank_mask:0xf// 000000005D54: 7FC002FA FF004EDF
	v_add_f32_e32 v223, v223, v224                             // 000000005D5C: 07BFC1DF
	v_mov_b32_dpp v224, v223 quad_perm:[1,0,3,2] row_mask:0xf bank_mask:0xf// 000000005D60: 7FC002FA FF00B1DF
	v_add_f32_e32 v223, v223, v224                             // 000000005D68: 07BFC1DF
	v_mov_b32_e32 v225, v199                                   // 000000005D6C: 7FC203C7
	v_mov_b32_e32 v224, v225                                   // 000000005D70: 7FC003E1
	v_mov_b32_dpp v224, v224 row_shr:8 row_mask:0xf bank_mask:0xc// 000000005D74: 7FC002FA FC0118E0
	v_mov_b32_dpp v224, v225 row_shl:8 row_mask:0xf bank_mask:0x3// 000000005D7C: 7FC002FA F30108E1
	v_add_f32_e32 v225, v225, v224                             // 000000005D84: 07C3C1E1
	v_mov_b32_e32 v224, v225                                   // 000000005D88: 7FC003E1
	v_mov_b32_dpp v224, v224 row_shr:4 row_mask:0xf bank_mask:0xa// 000000005D8C: 7FC002FA FA0114E0
	v_mov_b32_dpp v224, v225 row_shl:4 row_mask:0xf bank_mask:0x5// 000000005D94: 7FC002FA F50104E1
	v_add_f32_e32 v225, v225, v224                             // 000000005D9C: 07C3C1E1
	v_mov_b32_dpp v224, v225 quad_perm:[2,3,0,1] row_mask:0xf bank_mask:0xf// 000000005DA0: 7FC002FA FF004EE1
	v_add_f32_e32 v225, v225, v224                             // 000000005DA8: 07C3C1E1
	v_mov_b32_dpp v224, v225 quad_perm:[1,0,3,2] row_mask:0xf bank_mask:0xf// 000000005DAC: 7FC002FA FF00B1E1
	v_add_f32_e32 v225, v225, v224                             // 000000005DB4: 07C3C1E1
	v_add_f32_e32 v223, v223, v225                             // 000000005DB8: 07BFC3DF
	v_mov_b32_e32 v225, v207                                   // 000000005DBC: 7FC203CF
	v_mov_b32_e32 v224, v225                                   // 000000005DC0: 7FC003E1
	v_mov_b32_dpp v224, v224 row_shr:8 row_mask:0xf bank_mask:0xc// 000000005DC4: 7FC002FA FC0118E0
	v_mov_b32_dpp v224, v225 row_shl:8 row_mask:0xf bank_mask:0x3// 000000005DCC: 7FC002FA F30108E1
	v_add_f32_e32 v225, v225, v224                             // 000000005DD4: 07C3C1E1
	v_mov_b32_e32 v224, v225                                   // 000000005DD8: 7FC003E1
	v_mov_b32_dpp v224, v224 row_shr:4 row_mask:0xf bank_mask:0xa// 000000005DDC: 7FC002FA FA0114E0
	v_mov_b32_dpp v224, v225 row_shl:4 row_mask:0xf bank_mask:0x5// 000000005DE4: 7FC002FA F50104E1
	v_add_f32_e32 v225, v225, v224                             // 000000005DEC: 07C3C1E1
	v_mov_b32_dpp v224, v225 quad_perm:[2,3,0,1] row_mask:0xf bank_mask:0xf// 000000005DF0: 7FC002FA FF004EE1
	v_add_f32_e32 v225, v225, v224                             // 000000005DF8: 07C3C1E1
	v_mov_b32_dpp v224, v225 quad_perm:[1,0,3,2] row_mask:0xf bank_mask:0xf// 000000005DFC: 7FC002FA FF00B1E1
	v_add_f32_e32 v225, v225, v224                             // 000000005E04: 07C3C1E1
	v_add_f32_e32 v223, v223, v225                             // 000000005E08: 07BFC3DF
	v_mov_b32_e32 v225, v215                                   // 000000005E0C: 7FC203D7
	v_mov_b32_e32 v224, v225                                   // 000000005E10: 7FC003E1
	v_mov_b32_dpp v224, v224 row_shr:8 row_mask:0xf bank_mask:0xc// 000000005E14: 7FC002FA FC0118E0
	v_mov_b32_dpp v224, v225 row_shl:8 row_mask:0xf bank_mask:0x3// 000000005E1C: 7FC002FA F30108E1
	v_add_f32_e32 v225, v225, v224                             // 000000005E24: 07C3C1E1
	v_mov_b32_e32 v224, v225                                   // 000000005E28: 7FC003E1
	v_mov_b32_dpp v224, v224 row_shr:4 row_mask:0xf bank_mask:0xa// 000000005E2C: 7FC002FA FA0114E0
	v_mov_b32_dpp v224, v225 row_shl:4 row_mask:0xf bank_mask:0x5// 000000005E34: 7FC002FA F50104E1
	v_add_f32_e32 v225, v225, v224                             // 000000005E3C: 07C3C1E1
	v_mov_b32_dpp v224, v225 quad_perm:[2,3,0,1] row_mask:0xf bank_mask:0xf// 000000005E40: 7FC002FA FF004EE1
	v_add_f32_e32 v225, v225, v224                             // 000000005E48: 07C3C1E1
	v_mov_b32_dpp v224, v225 quad_perm:[1,0,3,2] row_mask:0xf bank_mask:0xf// 000000005E4C: 7FC002FA FF00B1E1
	v_add_f32_e32 v225, v225, v224                             // 000000005E54: 07C3C1E1
	v_add_f32_e32 v223, v223, v225                             // 000000005E58: 07BFC3DF
	v_mul_f32_e32 v47, v47, v55                                // 000000005E5C: 105E6F2F
	v_add_f32_e32 v47, v47, v223                               // 000000005E60: 065FBF2F
	v_mul_f32_e32 v64, v64, v48                                // 000000005E64: 10806140
	v_mul_f32_e32 v65, v65, v49                                // 000000005E68: 10826341
	v_mul_f32_e32 v66, v66, v50                                // 000000005E6C: 10846542
	v_mul_f32_e32 v67, v67, v51                                // 000000005E70: 10866743
	v_mul_f32_e32 v68, v68, v52                                // 000000005E74: 10886944
	v_mul_f32_e32 v69, v69, v53                                // 000000005E78: 108A6B45
	v_mul_f32_e32 v70, v70, v54                                // 000000005E7C: 108C6D46
	v_mul_f32_e32 v71, v71, v55                                // 000000005E80: 108E6F47
	v_mul_f32_e32 v72, v72, v48                                // 000000005E84: 10906148
	v_mul_f32_e32 v73, v73, v49                                // 000000005E88: 10926349
	v_mul_f32_e32 v74, v74, v50                                // 000000005E8C: 1094654A
	v_mul_f32_e32 v75, v75, v51                                // 000000005E90: 1096674B
	v_mul_f32_e32 v76, v76, v52                                // 000000005E94: 1098694C
	v_mul_f32_e32 v77, v77, v53                                // 000000005E98: 109A6B4D
	v_mul_f32_e32 v78, v78, v54                                // 000000005E9C: 109C6D4E
	v_mul_f32_e32 v79, v79, v55                                // 000000005EA0: 109E6F4F
	v_mul_f32_e32 v80, v80, v48                                // 000000005EA4: 10A06150
	v_mul_f32_e32 v81, v81, v49                                // 000000005EA8: 10A26351
	v_mul_f32_e32 v82, v82, v50                                // 000000005EAC: 10A46552
	v_mul_f32_e32 v83, v83, v51                                // 000000005EB0: 10A66753
	v_mul_f32_e32 v84, v84, v52                                // 000000005EB4: 10A86954
	v_mul_f32_e32 v85, v85, v53                                // 000000005EB8: 10AA6B55
	v_mul_f32_e32 v86, v86, v54                                // 000000005EBC: 10AC6D56
	v_mul_f32_e32 v87, v87, v55                                // 000000005EC0: 10AE6F57
	v_mul_f32_e32 v88, v88, v48                                // 000000005EC4: 10B06158
	v_mul_f32_e32 v89, v89, v49                                // 000000005EC8: 10B26359
	v_mul_f32_e32 v90, v90, v50                                // 000000005ECC: 10B4655A
	v_mul_f32_e32 v91, v91, v51                                // 000000005ED0: 10B6675B
	v_mul_f32_e32 v92, v92, v52                                // 000000005ED4: 10B8695C
	v_mul_f32_e32 v93, v93, v53                                // 000000005ED8: 10BA6B5D
	v_mul_f32_e32 v94, v94, v54                                // 000000005EDC: 10BC6D5E
	v_mul_f32_e32 v95, v95, v55                                // 000000005EE0: 10BE6F5F
	v_mul_f32_e32 v96, v96, v48                                // 000000005EE4: 10C06160
	v_mul_f32_e32 v97, v97, v49                                // 000000005EE8: 10C26361
	v_mul_f32_e32 v98, v98, v50                                // 000000005EEC: 10C46562
	v_mul_f32_e32 v99, v99, v51                                // 000000005EF0: 10C66763
	v_mul_f32_e32 v100, v100, v52                              // 000000005EF4: 10C86964
	v_mul_f32_e32 v101, v101, v53                              // 000000005EF8: 10CA6B65
	v_mul_f32_e32 v102, v102, v54                              // 000000005EFC: 10CC6D66
	v_mul_f32_e32 v103, v103, v55                              // 000000005F00: 10CE6F67
	v_mul_f32_e32 v104, v104, v48                              // 000000005F04: 10D06168
	v_mul_f32_e32 v105, v105, v49                              // 000000005F08: 10D26369
	v_mul_f32_e32 v106, v106, v50                              // 000000005F0C: 10D4656A
	v_mul_f32_e32 v107, v107, v51                              // 000000005F10: 10D6676B
	v_mul_f32_e32 v108, v108, v52                              // 000000005F14: 10D8696C
	v_mul_f32_e32 v109, v109, v53                              // 000000005F18: 10DA6B6D
	v_mul_f32_e32 v110, v110, v54                              // 000000005F1C: 10DC6D6E
	v_mul_f32_e32 v111, v111, v55                              // 000000005F20: 10DE6F6F
	v_mul_f32_e32 v112, v112, v48                              // 000000005F24: 10E06170
	v_mul_f32_e32 v113, v113, v49                              // 000000005F28: 10E26371
	v_mul_f32_e32 v114, v114, v50                              // 000000005F2C: 10E46572
	v_mul_f32_e32 v115, v115, v51                              // 000000005F30: 10E66773
	v_mul_f32_e32 v116, v116, v52                              // 000000005F34: 10E86974
	v_mul_f32_e32 v117, v117, v53                              // 000000005F38: 10EA6B75
	v_mul_f32_e32 v118, v118, v54                              // 000000005F3C: 10EC6D76
	v_mul_f32_e32 v119, v119, v55                              // 000000005F40: 10EE6F77
	v_mul_f32_e32 v120, v120, v48                              // 000000005F44: 10F06178
	v_mul_f32_e32 v121, v121, v49                              // 000000005F48: 10F26379
	v_mul_f32_e32 v122, v122, v50                              // 000000005F4C: 10F4657A
	v_mul_f32_e32 v123, v123, v51                              // 000000005F50: 10F6677B
	v_mul_f32_e32 v124, v124, v52                              // 000000005F54: 10F8697C
	v_mul_f32_e32 v125, v125, v53                              // 000000005F58: 10FA6B7D
	v_mul_f32_e32 v126, v126, v54                              // 000000005F5C: 10FC6D7E
	v_mul_f32_e32 v127, v127, v55                              // 000000005F60: 10FE6F7F
	v_mul_f32_e32 v128, v128, v48                              // 000000005F64: 11006180
	v_mul_f32_e32 v129, v129, v49                              // 000000005F68: 11026381
	v_mul_f32_e32 v130, v130, v50                              // 000000005F6C: 11046582
	v_mul_f32_e32 v131, v131, v51                              // 000000005F70: 11066783
	v_mul_f32_e32 v132, v132, v52                              // 000000005F74: 11086984
	v_mul_f32_e32 v133, v133, v53                              // 000000005F78: 110A6B85
	v_mul_f32_e32 v134, v134, v54                              // 000000005F7C: 110C6D86
	v_mul_f32_e32 v135, v135, v55                              // 000000005F80: 110E6F87
	v_mul_f32_e32 v136, v136, v48                              // 000000005F84: 11106188
	v_mul_f32_e32 v137, v137, v49                              // 000000005F88: 11126389
	v_mul_f32_e32 v138, v138, v50                              // 000000005F8C: 1114658A
	v_mul_f32_e32 v139, v139, v51                              // 000000005F90: 1116678B
	v_mul_f32_e32 v140, v140, v52                              // 000000005F94: 1118698C
	v_mul_f32_e32 v141, v141, v53                              // 000000005F98: 111A6B8D
	v_mul_f32_e32 v142, v142, v54                              // 000000005F9C: 111C6D8E
	v_mul_f32_e32 v143, v143, v55                              // 000000005FA0: 111E6F8F
	v_mul_f32_e32 v144, v144, v48                              // 000000005FA4: 11206190
	v_mul_f32_e32 v145, v145, v49                              // 000000005FA8: 11226391
	v_mul_f32_e32 v146, v146, v50                              // 000000005FAC: 11246592
	v_mul_f32_e32 v147, v147, v51                              // 000000005FB0: 11266793
	v_mul_f32_e32 v148, v148, v52                              // 000000005FB4: 11286994
	v_mul_f32_e32 v149, v149, v53                              // 000000005FB8: 112A6B95
	v_mul_f32_e32 v150, v150, v54                              // 000000005FBC: 112C6D96
	v_mul_f32_e32 v151, v151, v55                              // 000000005FC0: 112E6F97
	v_mul_f32_e32 v152, v152, v48                              // 000000005FC4: 11306198
	v_mul_f32_e32 v153, v153, v49                              // 000000005FC8: 11326399
	v_mul_f32_e32 v154, v154, v50                              // 000000005FCC: 1134659A
	v_mul_f32_e32 v155, v155, v51                              // 000000005FD0: 1136679B
	v_mul_f32_e32 v156, v156, v52                              // 000000005FD4: 1138699C
	v_mul_f32_e32 v157, v157, v53                              // 000000005FD8: 113A6B9D
	v_mul_f32_e32 v158, v158, v54                              // 000000005FDC: 113C6D9E
	v_mul_f32_e32 v159, v159, v55                              // 000000005FE0: 113E6F9F
	v_mul_f32_e32 v160, v160, v48                              // 000000005FE4: 114061A0
	v_mul_f32_e32 v161, v161, v49                              // 000000005FE8: 114263A1
	v_mul_f32_e32 v162, v162, v50                              // 000000005FEC: 114465A2
	v_mul_f32_e32 v163, v163, v51                              // 000000005FF0: 114667A3
	v_mul_f32_e32 v164, v164, v52                              // 000000005FF4: 114869A4
	v_mul_f32_e32 v165, v165, v53                              // 000000005FF8: 114A6BA5
	v_mul_f32_e32 v166, v166, v54                              // 000000005FFC: 114C6DA6
	v_mul_f32_e32 v167, v167, v55                              // 000000006000: 114E6FA7
	v_mul_f32_e32 v168, v168, v48                              // 000000006004: 115061A8
	v_mul_f32_e32 v169, v169, v49                              // 000000006008: 115263A9
	v_mul_f32_e32 v170, v170, v50                              // 00000000600C: 115465AA
	v_mul_f32_e32 v171, v171, v51                              // 000000006010: 115667AB
	v_mul_f32_e32 v172, v172, v52                              // 000000006014: 115869AC
	v_mul_f32_e32 v173, v173, v53                              // 000000006018: 115A6BAD
	v_mul_f32_e32 v174, v174, v54                              // 00000000601C: 115C6DAE
	v_mul_f32_e32 v175, v175, v55                              // 000000006020: 115E6FAF
	v_mul_f32_e32 v176, v176, v48                              // 000000006024: 116061B0
	v_mul_f32_e32 v177, v177, v49                              // 000000006028: 116263B1
	v_mul_f32_e32 v178, v178, v50                              // 00000000602C: 116465B2
	v_mul_f32_e32 v179, v179, v51                              // 000000006030: 116667B3
	v_mul_f32_e32 v180, v180, v52                              // 000000006034: 116869B4
	v_mul_f32_e32 v181, v181, v53                              // 000000006038: 116A6BB5
	v_mul_f32_e32 v182, v182, v54                              // 00000000603C: 116C6DB6
	v_mul_f32_e32 v183, v183, v55                              // 000000006040: 116E6FB7
	v_mul_f32_e32 v184, v184, v48                              // 000000006044: 117061B8
	v_mul_f32_e32 v185, v185, v49                              // 000000006048: 117263B9
	v_mul_f32_e32 v186, v186, v50                              // 00000000604C: 117465BA
	v_mul_f32_e32 v187, v187, v51                              // 000000006050: 117667BB
	v_mul_f32_e32 v188, v188, v52                              // 000000006054: 117869BC
	v_mul_f32_e32 v189, v189, v53                              // 000000006058: 117A6BBD
	v_mul_f32_e32 v190, v190, v54                              // 00000000605C: 117C6DBE
	v_mul_f32_e32 v191, v191, v55                              // 000000006060: 117E6FBF
	v_lshrrev_b32_e32 v238, 16, v24                            // 000000006064: 33DC3090
	v_and_b32_e32 v238, 1, v238                                // 000000006068: 37DDDC81
	v_add_nc_u32_e32 v239, 0x7fff, v24                         // 00000000606C: 4BDE30FF 00007FFF
	v_add_nc_u32_e32 v239, v238, v239                          // 000000006074: 4BDFDFEE
	v_lshrrev_b32_e32 v239, 16, v239                           // 000000006078: 33DFDE90
	ds_store_b16 v232, v239                                    // 00000000607C: D87C0000 0000EFE8
	v_lshrrev_b32_e32 v238, 16, v25                            // 000000006084: 33DC3290
	v_and_b32_e32 v238, 1, v238                                // 000000006088: 37DDDC81
	v_add_nc_u32_e32 v239, 0x7fff, v25                         // 00000000608C: 4BDE32FF 00007FFF
	v_add_nc_u32_e32 v239, v238, v239                          // 000000006094: 4BDFDFEE
	v_lshrrev_b32_e32 v239, 16, v239                           // 000000006098: 33DFDE90
	ds_store_b16 v232, v239 offset:256                         // 00000000609C: D87C0100 0000EFE8
	v_lshrrev_b32_e32 v238, 16, v26                            // 0000000060A4: 33DC3490
	v_and_b32_e32 v238, 1, v238                                // 0000000060A8: 37DDDC81
	v_add_nc_u32_e32 v239, 0x7fff, v26                         // 0000000060AC: 4BDE34FF 00007FFF
	v_add_nc_u32_e32 v239, v238, v239                          // 0000000060B4: 4BDFDFEE
	v_lshrrev_b32_e32 v239, 16, v239                           // 0000000060B8: 33DFDE90
	ds_store_b16 v232, v239 offset:512                         // 0000000060BC: D87C0200 0000EFE8
	v_lshrrev_b32_e32 v238, 16, v27                            // 0000000060C4: 33DC3690
	v_and_b32_e32 v238, 1, v238                                // 0000000060C8: 37DDDC81
	v_add_nc_u32_e32 v239, 0x7fff, v27                         // 0000000060CC: 4BDE36FF 00007FFF
	v_add_nc_u32_e32 v239, v238, v239                          // 0000000060D4: 4BDFDFEE
	v_lshrrev_b32_e32 v239, 16, v239                           // 0000000060D8: 33DFDE90
	ds_store_b16 v232, v239 offset:768                         // 0000000060DC: D87C0300 0000EFE8
	v_lshrrev_b32_e32 v238, 16, v28                            // 0000000060E4: 33DC3890
	v_and_b32_e32 v238, 1, v238                                // 0000000060E8: 37DDDC81
	v_add_nc_u32_e32 v239, 0x7fff, v28                         // 0000000060EC: 4BDE38FF 00007FFF
	v_add_nc_u32_e32 v239, v238, v239                          // 0000000060F4: 4BDFDFEE
	v_lshrrev_b32_e32 v239, 16, v239                           // 0000000060F8: 33DFDE90
	ds_store_b16 v232, v239 offset:1024                        // 0000000060FC: D87C0400 0000EFE8
	v_lshrrev_b32_e32 v238, 16, v29                            // 000000006104: 33DC3A90
	v_and_b32_e32 v238, 1, v238                                // 000000006108: 37DDDC81
	v_add_nc_u32_e32 v239, 0x7fff, v29                         // 00000000610C: 4BDE3AFF 00007FFF
	v_add_nc_u32_e32 v239, v238, v239                          // 000000006114: 4BDFDFEE
	v_lshrrev_b32_e32 v239, 16, v239                           // 000000006118: 33DFDE90
	ds_store_b16 v232, v239 offset:1280                        // 00000000611C: D87C0500 0000EFE8
	v_lshrrev_b32_e32 v238, 16, v30                            // 000000006124: 33DC3C90
	v_and_b32_e32 v238, 1, v238                                // 000000006128: 37DDDC81
	v_add_nc_u32_e32 v239, 0x7fff, v30                         // 00000000612C: 4BDE3CFF 00007FFF
	v_add_nc_u32_e32 v239, v238, v239                          // 000000006134: 4BDFDFEE
	v_lshrrev_b32_e32 v239, 16, v239                           // 000000006138: 33DFDE90
	ds_store_b16 v232, v239 offset:1536                        // 00000000613C: D87C0600 0000EFE8
	v_lshrrev_b32_e32 v238, 16, v31                            // 000000006144: 33DC3E90
	v_and_b32_e32 v238, 1, v238                                // 000000006148: 37DDDC81
	v_add_nc_u32_e32 v239, 0x7fff, v31                         // 00000000614C: 4BDE3EFF 00007FFF
	v_add_nc_u32_e32 v239, v238, v239                          // 000000006154: 4BDFDFEE
	v_lshrrev_b32_e32 v239, 16, v239                           // 000000006158: 33DFDE90
	ds_store_b16 v232, v239 offset:1792                        // 00000000615C: D87C0700 0000EFE8
	v_lshrrev_b32_e32 v238, 16, v192                           // 000000006164: 33DD8090
	v_and_b32_e32 v238, 1, v238                                // 000000006168: 37DDDC81
	v_add_nc_u32_e32 v239, 0x7fff, v192                        // 00000000616C: 4BDF80FF 00007FFF
	v_add_nc_u32_e32 v239, v238, v239                          // 000000006174: 4BDFDFEE
	v_lshrrev_b32_e32 v239, 16, v239                           // 000000006178: 33DFDE90
	ds_store_b16 v232, v239 offset:32                          // 00000000617C: D87C0020 0000EFE8
	v_lshrrev_b32_e32 v238, 16, v193                           // 000000006184: 33DD8290
	v_and_b32_e32 v238, 1, v238                                // 000000006188: 37DDDC81
	v_add_nc_u32_e32 v239, 0x7fff, v193                        // 00000000618C: 4BDF82FF 00007FFF
	v_add_nc_u32_e32 v239, v238, v239                          // 000000006194: 4BDFDFEE
	v_lshrrev_b32_e32 v239, 16, v239                           // 000000006198: 33DFDE90
	ds_store_b16 v232, v239 offset:288                         // 00000000619C: D87C0120 0000EFE8
	v_lshrrev_b32_e32 v238, 16, v194                           // 0000000061A4: 33DD8490
	v_and_b32_e32 v238, 1, v238                                // 0000000061A8: 37DDDC81
	v_add_nc_u32_e32 v239, 0x7fff, v194                        // 0000000061AC: 4BDF84FF 00007FFF
	v_add_nc_u32_e32 v239, v238, v239                          // 0000000061B4: 4BDFDFEE
	v_lshrrev_b32_e32 v239, 16, v239                           // 0000000061B8: 33DFDE90
	ds_store_b16 v232, v239 offset:544                         // 0000000061BC: D87C0220 0000EFE8
	v_lshrrev_b32_e32 v238, 16, v195                           // 0000000061C4: 33DD8690
	v_and_b32_e32 v238, 1, v238                                // 0000000061C8: 37DDDC81
	v_add_nc_u32_e32 v239, 0x7fff, v195                        // 0000000061CC: 4BDF86FF 00007FFF
	v_add_nc_u32_e32 v239, v238, v239                          // 0000000061D4: 4BDFDFEE
	v_lshrrev_b32_e32 v239, 16, v239                           // 0000000061D8: 33DFDE90
	ds_store_b16 v232, v239 offset:800                         // 0000000061DC: D87C0320 0000EFE8
	v_lshrrev_b32_e32 v238, 16, v196                           // 0000000061E4: 33DD8890
	v_and_b32_e32 v238, 1, v238                                // 0000000061E8: 37DDDC81
	v_add_nc_u32_e32 v239, 0x7fff, v196                        // 0000000061EC: 4BDF88FF 00007FFF
	v_add_nc_u32_e32 v239, v238, v239                          // 0000000061F4: 4BDFDFEE
	v_lshrrev_b32_e32 v239, 16, v239                           // 0000000061F8: 33DFDE90
	ds_store_b16 v232, v239 offset:1056                        // 0000000061FC: D87C0420 0000EFE8
	v_lshrrev_b32_e32 v238, 16, v197                           // 000000006204: 33DD8A90
	v_and_b32_e32 v238, 1, v238                                // 000000006208: 37DDDC81
	v_add_nc_u32_e32 v239, 0x7fff, v197                        // 00000000620C: 4BDF8AFF 00007FFF
	v_add_nc_u32_e32 v239, v238, v239                          // 000000006214: 4BDFDFEE
	v_lshrrev_b32_e32 v239, 16, v239                           // 000000006218: 33DFDE90
	ds_store_b16 v232, v239 offset:1312                        // 00000000621C: D87C0520 0000EFE8
	v_lshrrev_b32_e32 v238, 16, v198                           // 000000006224: 33DD8C90
	v_and_b32_e32 v238, 1, v238                                // 000000006228: 37DDDC81
	v_add_nc_u32_e32 v239, 0x7fff, v198                        // 00000000622C: 4BDF8CFF 00007FFF
	v_add_nc_u32_e32 v239, v238, v239                          // 000000006234: 4BDFDFEE
	v_lshrrev_b32_e32 v239, 16, v239                           // 000000006238: 33DFDE90
	ds_store_b16 v232, v239 offset:1568                        // 00000000623C: D87C0620 0000EFE8
	v_lshrrev_b32_e32 v238, 16, v199                           // 000000006244: 33DD8E90
	v_and_b32_e32 v238, 1, v238                                // 000000006248: 37DDDC81
	v_add_nc_u32_e32 v239, 0x7fff, v199                        // 00000000624C: 4BDF8EFF 00007FFF
	v_add_nc_u32_e32 v239, v238, v239                          // 000000006254: 4BDFDFEE
	v_lshrrev_b32_e32 v239, 16, v239                           // 000000006258: 33DFDE90
	ds_store_b16 v232, v239 offset:1824                        // 00000000625C: D87C0720 0000EFE8
	v_lshrrev_b32_e32 v238, 16, v200                           // 000000006264: 33DD9090
	v_and_b32_e32 v238, 1, v238                                // 000000006268: 37DDDC81
	v_add_nc_u32_e32 v239, 0x7fff, v200                        // 00000000626C: 4BDF90FF 00007FFF
	v_add_nc_u32_e32 v239, v238, v239                          // 000000006274: 4BDFDFEE
	v_lshrrev_b32_e32 v239, 16, v239                           // 000000006278: 33DFDE90
	ds_store_b16 v232, v239 offset:64                          // 00000000627C: D87C0040 0000EFE8
	v_lshrrev_b32_e32 v238, 16, v201                           // 000000006284: 33DD9290
	v_and_b32_e32 v238, 1, v238                                // 000000006288: 37DDDC81
	v_add_nc_u32_e32 v239, 0x7fff, v201                        // 00000000628C: 4BDF92FF 00007FFF
	v_add_nc_u32_e32 v239, v238, v239                          // 000000006294: 4BDFDFEE
	v_lshrrev_b32_e32 v239, 16, v239                           // 000000006298: 33DFDE90
	ds_store_b16 v232, v239 offset:320                         // 00000000629C: D87C0140 0000EFE8
	v_lshrrev_b32_e32 v238, 16, v202                           // 0000000062A4: 33DD9490
	v_and_b32_e32 v238, 1, v238                                // 0000000062A8: 37DDDC81
	v_add_nc_u32_e32 v239, 0x7fff, v202                        // 0000000062AC: 4BDF94FF 00007FFF
	v_add_nc_u32_e32 v239, v238, v239                          // 0000000062B4: 4BDFDFEE
	v_lshrrev_b32_e32 v239, 16, v239                           // 0000000062B8: 33DFDE90
	ds_store_b16 v232, v239 offset:576                         // 0000000062BC: D87C0240 0000EFE8
	v_lshrrev_b32_e32 v238, 16, v203                           // 0000000062C4: 33DD9690
	v_and_b32_e32 v238, 1, v238                                // 0000000062C8: 37DDDC81
	v_add_nc_u32_e32 v239, 0x7fff, v203                        // 0000000062CC: 4BDF96FF 00007FFF
	v_add_nc_u32_e32 v239, v238, v239                          // 0000000062D4: 4BDFDFEE
	v_lshrrev_b32_e32 v239, 16, v239                           // 0000000062D8: 33DFDE90
	ds_store_b16 v232, v239 offset:832                         // 0000000062DC: D87C0340 0000EFE8
	v_lshrrev_b32_e32 v238, 16, v204                           // 0000000062E4: 33DD9890
	v_and_b32_e32 v238, 1, v238                                // 0000000062E8: 37DDDC81
	v_add_nc_u32_e32 v239, 0x7fff, v204                        // 0000000062EC: 4BDF98FF 00007FFF
	v_add_nc_u32_e32 v239, v238, v239                          // 0000000062F4: 4BDFDFEE
	v_lshrrev_b32_e32 v239, 16, v239                           // 0000000062F8: 33DFDE90
	ds_store_b16 v232, v239 offset:1088                        // 0000000062FC: D87C0440 0000EFE8
	v_lshrrev_b32_e32 v238, 16, v205                           // 000000006304: 33DD9A90
	v_and_b32_e32 v238, 1, v238                                // 000000006308: 37DDDC81
	v_add_nc_u32_e32 v239, 0x7fff, v205                        // 00000000630C: 4BDF9AFF 00007FFF
	v_add_nc_u32_e32 v239, v238, v239                          // 000000006314: 4BDFDFEE
	v_lshrrev_b32_e32 v239, 16, v239                           // 000000006318: 33DFDE90
	ds_store_b16 v232, v239 offset:1344                        // 00000000631C: D87C0540 0000EFE8
	v_lshrrev_b32_e32 v238, 16, v206                           // 000000006324: 33DD9C90
	v_and_b32_e32 v238, 1, v238                                // 000000006328: 37DDDC81
	v_add_nc_u32_e32 v239, 0x7fff, v206                        // 00000000632C: 4BDF9CFF 00007FFF
	v_add_nc_u32_e32 v239, v238, v239                          // 000000006334: 4BDFDFEE
	v_lshrrev_b32_e32 v239, 16, v239                           // 000000006338: 33DFDE90
	ds_store_b16 v232, v239 offset:1600                        // 00000000633C: D87C0640 0000EFE8
	v_lshrrev_b32_e32 v238, 16, v207                           // 000000006344: 33DD9E90
	v_and_b32_e32 v238, 1, v238                                // 000000006348: 37DDDC81
	v_add_nc_u32_e32 v239, 0x7fff, v207                        // 00000000634C: 4BDF9EFF 00007FFF
	v_add_nc_u32_e32 v239, v238, v239                          // 000000006354: 4BDFDFEE
	v_lshrrev_b32_e32 v239, 16, v239                           // 000000006358: 33DFDE90
	ds_store_b16 v232, v239 offset:1856                        // 00000000635C: D87C0740 0000EFE8
	v_lshrrev_b32_e32 v238, 16, v208                           // 000000006364: 33DDA090
	v_and_b32_e32 v238, 1, v238                                // 000000006368: 37DDDC81
	v_add_nc_u32_e32 v239, 0x7fff, v208                        // 00000000636C: 4BDFA0FF 00007FFF
	v_add_nc_u32_e32 v239, v238, v239                          // 000000006374: 4BDFDFEE
	v_lshrrev_b32_e32 v239, 16, v239                           // 000000006378: 33DFDE90
	ds_store_b16 v232, v239 offset:96                          // 00000000637C: D87C0060 0000EFE8
	v_lshrrev_b32_e32 v238, 16, v209                           // 000000006384: 33DDA290
	v_and_b32_e32 v238, 1, v238                                // 000000006388: 37DDDC81
	v_add_nc_u32_e32 v239, 0x7fff, v209                        // 00000000638C: 4BDFA2FF 00007FFF
	v_add_nc_u32_e32 v239, v238, v239                          // 000000006394: 4BDFDFEE
	v_lshrrev_b32_e32 v239, 16, v239                           // 000000006398: 33DFDE90
	ds_store_b16 v232, v239 offset:352                         // 00000000639C: D87C0160 0000EFE8
	v_lshrrev_b32_e32 v238, 16, v210                           // 0000000063A4: 33DDA490
	v_and_b32_e32 v238, 1, v238                                // 0000000063A8: 37DDDC81
	v_add_nc_u32_e32 v239, 0x7fff, v210                        // 0000000063AC: 4BDFA4FF 00007FFF
	v_add_nc_u32_e32 v239, v238, v239                          // 0000000063B4: 4BDFDFEE
	v_lshrrev_b32_e32 v239, 16, v239                           // 0000000063B8: 33DFDE90
	ds_store_b16 v232, v239 offset:608                         // 0000000063BC: D87C0260 0000EFE8
	v_lshrrev_b32_e32 v238, 16, v211                           // 0000000063C4: 33DDA690
	v_and_b32_e32 v238, 1, v238                                // 0000000063C8: 37DDDC81
	v_add_nc_u32_e32 v239, 0x7fff, v211                        // 0000000063CC: 4BDFA6FF 00007FFF
	v_add_nc_u32_e32 v239, v238, v239                          // 0000000063D4: 4BDFDFEE
	v_lshrrev_b32_e32 v239, 16, v239                           // 0000000063D8: 33DFDE90
	ds_store_b16 v232, v239 offset:864                         // 0000000063DC: D87C0360 0000EFE8
	v_lshrrev_b32_e32 v238, 16, v212                           // 0000000063E4: 33DDA890
	v_and_b32_e32 v238, 1, v238                                // 0000000063E8: 37DDDC81
	v_add_nc_u32_e32 v239, 0x7fff, v212                        // 0000000063EC: 4BDFA8FF 00007FFF
	v_add_nc_u32_e32 v239, v238, v239                          // 0000000063F4: 4BDFDFEE
	v_lshrrev_b32_e32 v239, 16, v239                           // 0000000063F8: 33DFDE90
	ds_store_b16 v232, v239 offset:1120                        // 0000000063FC: D87C0460 0000EFE8
	v_lshrrev_b32_e32 v238, 16, v213                           // 000000006404: 33DDAA90
	v_and_b32_e32 v238, 1, v238                                // 000000006408: 37DDDC81
	v_add_nc_u32_e32 v239, 0x7fff, v213                        // 00000000640C: 4BDFAAFF 00007FFF
	v_add_nc_u32_e32 v239, v238, v239                          // 000000006414: 4BDFDFEE
	v_lshrrev_b32_e32 v239, 16, v239                           // 000000006418: 33DFDE90
	ds_store_b16 v232, v239 offset:1376                        // 00000000641C: D87C0560 0000EFE8
	v_lshrrev_b32_e32 v238, 16, v214                           // 000000006424: 33DDAC90
	v_and_b32_e32 v238, 1, v238                                // 000000006428: 37DDDC81
	v_add_nc_u32_e32 v239, 0x7fff, v214                        // 00000000642C: 4BDFACFF 00007FFF
	v_add_nc_u32_e32 v239, v238, v239                          // 000000006434: 4BDFDFEE
	v_lshrrev_b32_e32 v239, 16, v239                           // 000000006438: 33DFDE90
	ds_store_b16 v232, v239 offset:1632                        // 00000000643C: D87C0660 0000EFE8
	v_lshrrev_b32_e32 v238, 16, v215                           // 000000006444: 33DDAE90
	v_and_b32_e32 v238, 1, v238                                // 000000006448: 37DDDC81
	v_add_nc_u32_e32 v239, 0x7fff, v215                        // 00000000644C: 4BDFAEFF 00007FFF
	v_add_nc_u32_e32 v239, v238, v239                          // 000000006454: 4BDFDFEE
	v_lshrrev_b32_e32 v239, 16, v239                           // 000000006458: 33DFDE90
	ds_store_b16 v232, v239 offset:1888                        // 00000000645C: D87C0760 0000EFE8
	s_waitcnt lgkmcnt(0)                                       // 000000006464: BF89FC07
	s_barrier                                                  // 000000006468: BFBD0000
	s_cmp_lt_u32 s28, s19                                      // 00000000646C: BF0A131C
	s_cbranch_scc0 251                                         // 000000006470: BFA100FB <extend_attention_wmma_n64_gfx1151+0x4f60>
	s_add_u32 s30, s28, s29                                    // 000000006474: 801E1D1C
	s_add_u32 s30, s30, 0                                      // 000000006478: 801E801E
	s_lshl_b32 s30, s30, 3                                     // 00000000647C: 841E831E
	s_load_b64 s[44:45], s[16:17], s30                         // 000000006480: F4040B08 3C000000
	s_load_b64 s[46:47], s[16:17], s30 offset:0x20             // 000000006488: F4040B88 3C000020
	s_load_b64 s[48:49], s[16:17], s30 offset:0x40             // 000000006490: F4040C08 3C000040
	s_load_b64 s[50:51], s[16:17], s30 offset:0x60             // 000000006498: F4040C88 3C000060
	s_load_b64 s[52:53], s[16:17], s30 offset:0x80             // 0000000064A0: F4040D08 3C000080
	s_load_b64 s[54:55], s[16:17], s30 offset:0xa0             // 0000000064A8: F4040D88 3C0000A0
	s_load_b64 s[56:57], s[16:17], s30 offset:0xc0             // 0000000064B0: F4040E08 3C0000C0
	s_load_b64 s[58:59], s[16:17], s30 offset:0xe0             // 0000000064B8: F4040E88 3C0000E0
	s_waitcnt lgkmcnt(0)                                       // 0000000064C0: BF89FC07
	s_lshl_b32 s38, s44, 10                                    // 0000000064C4: 84268A2C
	s_add_u32 s38, s38, s25                                    // 0000000064C8: 80261926
	s_add_u32 s32, s14, s38                                    // 0000000064CC: 8020260E
	s_addc_u32 s33, s15, 0                                     // 0000000064D0: 8221800F
	global_load_b128 v[8:11], v229, s[32:33]                   // 0000000064D4: DC5E0000 082000E5
	s_lshl_b32 s38, s46, 10                                    // 0000000064DC: 84268A2E
	s_add_u32 s38, s38, s25                                    // 0000000064E0: 80261926
	s_add_u32 s32, s14, s38                                    // 0000000064E4: 8020260E
	s_addc_u32 s33, s15, 0                                     // 0000000064E8: 8221800F
	global_load_b128 v[12:15], v229, s[32:33]                  // 0000000064EC: DC5E0000 0C2000E5
	s_lshl_b32 s38, s48, 10                                    // 0000000064F4: 84268A30
	s_add_u32 s38, s38, s25                                    // 0000000064F8: 80261926
	s_add_u32 s32, s14, s38                                    // 0000000064FC: 8020260E
	s_addc_u32 s33, s15, 0                                     // 000000006500: 8221800F
	global_load_b128 v[16:19], v229, s[32:33]                  // 000000006504: DC5E0000 102000E5
	s_lshl_b32 s38, s50, 10                                    // 00000000650C: 84268A32
	s_add_u32 s38, s38, s25                                    // 000000006510: 80261926
	s_add_u32 s32, s14, s38                                    // 000000006514: 8020260E
	s_addc_u32 s33, s15, 0                                     // 000000006518: 8221800F
	global_load_b128 v[20:23], v229, s[32:33]                  // 00000000651C: DC5E0000 142000E5
	s_lshl_b32 s38, s52, 10                                    // 000000006524: 84268A34
	s_add_u32 s38, s38, s25                                    // 000000006528: 80261926
	s_add_u32 s32, s14, s38                                    // 00000000652C: 8020260E
	s_addc_u32 s33, s15, 0                                     // 000000006530: 8221800F
	global_load_b128 v[231:234], v229, s[32:33]                // 000000006534: DC5E0000 E72000E5
	s_lshl_b32 s38, s54, 10                                    // 00000000653C: 84268A36
	s_add_u32 s38, s38, s25                                    // 000000006540: 80261926
	s_add_u32 s32, s14, s38                                    // 000000006544: 8020260E
	s_addc_u32 s33, s15, 0                                     // 000000006548: 8221800F
	global_load_b128 v[235:238], v229, s[32:33]                // 00000000654C: DC5E0000 EB2000E5
	s_lshl_b32 s38, s56, 10                                    // 000000006554: 84268A38
	s_add_u32 s38, s38, s25                                    // 000000006558: 80261926
	s_add_u32 s32, s14, s38                                    // 00000000655C: 8020260E
	s_addc_u32 s33, s15, 0                                     // 000000006560: 8221800F
	global_load_b128 v[239:242], v229, s[32:33]                // 000000006564: DC5E0000 EF2000E5
	s_lshl_b32 s38, s58, 10                                    // 00000000656C: 84268A3A
	s_add_u32 s38, s38, s25                                    // 000000006570: 80261926
	s_add_u32 s32, s14, s38                                    // 000000006574: 8020260E
	s_addc_u32 s33, s15, 0                                     // 000000006578: 8221800F
	global_load_b128 v[243:246], v229, s[32:33]                // 00000000657C: DC5E0000 F32000E5
	s_waitcnt vmcnt(0)                                         // 000000006584: BF8903F7
	s_add_u32 s39, s29, 0                                      // 000000006588: 8027801D
	s_lshl_b32 s39, s39, 9                                     // 00000000658C: 84278927
	v_add_nc_u32_e32 v230, s39, v229                           // 000000006590: 4BCDCA27
	v_add_nc_u32_e32 v230, 0x8000, v230                        // 000000006594: 4BCDCCFF 00008000
	ds_store_b128 v230, v[8:11]                                // 00000000659C: DB7C0000 000008E6
	s_add_u32 s39, s29, 4                                      // 0000000065A4: 8027841D
	s_lshl_b32 s39, s39, 9                                     // 0000000065A8: 84278927
	v_add_nc_u32_e32 v230, s39, v229                           // 0000000065AC: 4BCDCA27
	v_add_nc_u32_e32 v230, 0x8000, v230                        // 0000000065B0: 4BCDCCFF 00008000
	ds_store_b128 v230, v[12:15]                               // 0000000065B8: DB7C0000 00000CE6
	s_add_u32 s39, s29, 8                                      // 0000000065C0: 8027881D
	s_lshl_b32 s39, s39, 9                                     // 0000000065C4: 84278927
	v_add_nc_u32_e32 v230, s39, v229                           // 0000000065C8: 4BCDCA27
	v_add_nc_u32_e32 v230, 0x8000, v230                        // 0000000065CC: 4BCDCCFF 00008000
	ds_store_b128 v230, v[16:19]                               // 0000000065D4: DB7C0000 000010E6
	s_add_u32 s39, s29, 12                                     // 0000000065DC: 80278C1D
	s_lshl_b32 s39, s39, 9                                     // 0000000065E0: 84278927
	v_add_nc_u32_e32 v230, s39, v229                           // 0000000065E4: 4BCDCA27
	v_add_nc_u32_e32 v230, 0x8000, v230                        // 0000000065E8: 4BCDCCFF 00008000
	ds_store_b128 v230, v[20:23]                               // 0000000065F0: DB7C0000 000014E6
	s_add_u32 s39, s29, 16                                     // 0000000065F8: 8027901D
	s_lshl_b32 s39, s39, 9                                     // 0000000065FC: 84278927
	v_add_nc_u32_e32 v230, s39, v229                           // 000000006600: 4BCDCA27
	v_add_nc_u32_e32 v230, 0x8000, v230                        // 000000006604: 4BCDCCFF 00008000
	ds_store_b128 v230, v[231:234]                             // 00000000660C: DB7C0000 0000E7E6
	s_add_u32 s39, s29, 20                                     // 000000006614: 8027941D
	s_lshl_b32 s39, s39, 9                                     // 000000006618: 84278927
	v_add_nc_u32_e32 v230, s39, v229                           // 00000000661C: 4BCDCA27
	v_add_nc_u32_e32 v230, 0x8000, v230                        // 000000006620: 4BCDCCFF 00008000
	ds_store_b128 v230, v[235:238]                             // 000000006628: DB7C0000 0000EBE6
	s_add_u32 s39, s29, 24                                     // 000000006630: 8027981D
	s_lshl_b32 s39, s39, 9                                     // 000000006634: 84278927
	v_add_nc_u32_e32 v230, s39, v229                           // 000000006638: 4BCDCA27
	v_add_nc_u32_e32 v230, 0x8000, v230                        // 00000000663C: 4BCDCCFF 00008000
	ds_store_b128 v230, v[239:242]                             // 000000006644: DB7C0000 0000EFE6
	s_add_u32 s39, s29, 28                                     // 00000000664C: 80279C1D
	s_lshl_b32 s39, s39, 9                                     // 000000006650: 84278927
	v_add_nc_u32_e32 v230, s39, v229                           // 000000006654: 4BCDCA27
	v_add_nc_u32_e32 v230, 0x8000, v230                        // 000000006658: 4BCDCCFF 00008000
	ds_store_b128 v230, v[243:246]                             // 000000006660: DB7C0000 0000F3E6
	s_add_u32 s30, s28, s29                                    // 000000006668: 801E1D1C
	s_add_u32 s30, s30, 32                                     // 00000000666C: 801EA01E
	s_lshl_b32 s30, s30, 3                                     // 000000006670: 841E831E
	s_load_b64 s[44:45], s[16:17], s30                         // 000000006674: F4040B08 3C000000
	s_load_b64 s[46:47], s[16:17], s30 offset:0x20             // 00000000667C: F4040B88 3C000020
	s_load_b64 s[48:49], s[16:17], s30 offset:0x40             // 000000006684: F4040C08 3C000040
	s_load_b64 s[50:51], s[16:17], s30 offset:0x60             // 00000000668C: F4040C88 3C000060
	s_load_b64 s[52:53], s[16:17], s30 offset:0x80             // 000000006694: F4040D08 3C000080
	s_load_b64 s[54:55], s[16:17], s30 offset:0xa0             // 00000000669C: F4040D88 3C0000A0
	s_load_b64 s[56:57], s[16:17], s30 offset:0xc0             // 0000000066A4: F4040E08 3C0000C0
	s_load_b64 s[58:59], s[16:17], s30 offset:0xe0             // 0000000066AC: F4040E88 3C0000E0
	s_waitcnt lgkmcnt(0)                                       // 0000000066B4: BF89FC07
	s_lshl_b32 s38, s44, 10                                    // 0000000066B8: 84268A2C
	s_add_u32 s38, s38, s25                                    // 0000000066BC: 80261926
	s_add_u32 s32, s14, s38                                    // 0000000066C0: 8020260E
	s_addc_u32 s33, s15, 0                                     // 0000000066C4: 8221800F
	global_load_b128 v[8:11], v229, s[32:33]                   // 0000000066C8: DC5E0000 082000E5
	s_lshl_b32 s38, s46, 10                                    // 0000000066D0: 84268A2E
	s_add_u32 s38, s38, s25                                    // 0000000066D4: 80261926
	s_add_u32 s32, s14, s38                                    // 0000000066D8: 8020260E
	s_addc_u32 s33, s15, 0                                     // 0000000066DC: 8221800F
	global_load_b128 v[12:15], v229, s[32:33]                  // 0000000066E0: DC5E0000 0C2000E5
	s_lshl_b32 s38, s48, 10                                    // 0000000066E8: 84268A30
	s_add_u32 s38, s38, s25                                    // 0000000066EC: 80261926
	s_add_u32 s32, s14, s38                                    // 0000000066F0: 8020260E
	s_addc_u32 s33, s15, 0                                     // 0000000066F4: 8221800F
	global_load_b128 v[16:19], v229, s[32:33]                  // 0000000066F8: DC5E0000 102000E5
	s_lshl_b32 s38, s50, 10                                    // 000000006700: 84268A32
	s_add_u32 s38, s38, s25                                    // 000000006704: 80261926
	s_add_u32 s32, s14, s38                                    // 000000006708: 8020260E
	s_addc_u32 s33, s15, 0                                     // 00000000670C: 8221800F
	global_load_b128 v[20:23], v229, s[32:33]                  // 000000006710: DC5E0000 142000E5
	s_lshl_b32 s38, s52, 10                                    // 000000006718: 84268A34
	s_add_u32 s38, s38, s25                                    // 00000000671C: 80261926
	s_add_u32 s32, s14, s38                                    // 000000006720: 8020260E
	s_addc_u32 s33, s15, 0                                     // 000000006724: 8221800F
	global_load_b128 v[231:234], v229, s[32:33]                // 000000006728: DC5E0000 E72000E5
	s_lshl_b32 s38, s54, 10                                    // 000000006730: 84268A36
	s_add_u32 s38, s38, s25                                    // 000000006734: 80261926
	s_add_u32 s32, s14, s38                                    // 000000006738: 8020260E
	s_addc_u32 s33, s15, 0                                     // 00000000673C: 8221800F
	global_load_b128 v[235:238], v229, s[32:33]                // 000000006740: DC5E0000 EB2000E5
	s_lshl_b32 s38, s56, 10                                    // 000000006748: 84268A38
	s_add_u32 s38, s38, s25                                    // 00000000674C: 80261926
	s_add_u32 s32, s14, s38                                    // 000000006750: 8020260E
	s_addc_u32 s33, s15, 0                                     // 000000006754: 8221800F
	global_load_b128 v[239:242], v229, s[32:33]                // 000000006758: DC5E0000 EF2000E5
	s_lshl_b32 s38, s58, 10                                    // 000000006760: 84268A3A
	s_add_u32 s38, s38, s25                                    // 000000006764: 80261926
	s_add_u32 s32, s14, s38                                    // 000000006768: 8020260E
	s_addc_u32 s33, s15, 0                                     // 00000000676C: 8221800F
	global_load_b128 v[243:246], v229, s[32:33]                // 000000006770: DC5E0000 F32000E5
	s_waitcnt vmcnt(0)                                         // 000000006778: BF8903F7
	s_add_u32 s39, s29, 32                                     // 00000000677C: 8027A01D
	s_lshl_b32 s39, s39, 9                                     // 000000006780: 84278927
	v_add_nc_u32_e32 v230, s39, v229                           // 000000006784: 4BCDCA27
	v_add_nc_u32_e32 v230, 0x8000, v230                        // 000000006788: 4BCDCCFF 00008000
	ds_store_b128 v230, v[8:11]                                // 000000006790: DB7C0000 000008E6
	s_add_u32 s39, s29, 36                                     // 000000006798: 8027A41D
	s_lshl_b32 s39, s39, 9                                     // 00000000679C: 84278927
	v_add_nc_u32_e32 v230, s39, v229                           // 0000000067A0: 4BCDCA27
	v_add_nc_u32_e32 v230, 0x8000, v230                        // 0000000067A4: 4BCDCCFF 00008000
	ds_store_b128 v230, v[12:15]                               // 0000000067AC: DB7C0000 00000CE6
	s_add_u32 s39, s29, 40                                     // 0000000067B4: 8027A81D
	s_lshl_b32 s39, s39, 9                                     // 0000000067B8: 84278927
	v_add_nc_u32_e32 v230, s39, v229                           // 0000000067BC: 4BCDCA27
	v_add_nc_u32_e32 v230, 0x8000, v230                        // 0000000067C0: 4BCDCCFF 00008000
	ds_store_b128 v230, v[16:19]                               // 0000000067C8: DB7C0000 000010E6
	s_add_u32 s39, s29, 44                                     // 0000000067D0: 8027AC1D
	s_lshl_b32 s39, s39, 9                                     // 0000000067D4: 84278927
	v_add_nc_u32_e32 v230, s39, v229                           // 0000000067D8: 4BCDCA27
	v_add_nc_u32_e32 v230, 0x8000, v230                        // 0000000067DC: 4BCDCCFF 00008000
	ds_store_b128 v230, v[20:23]                               // 0000000067E4: DB7C0000 000014E6
	s_add_u32 s39, s29, 48                                     // 0000000067EC: 8027B01D
	s_lshl_b32 s39, s39, 9                                     // 0000000067F0: 84278927
	v_add_nc_u32_e32 v230, s39, v229                           // 0000000067F4: 4BCDCA27
	v_add_nc_u32_e32 v230, 0x8000, v230                        // 0000000067F8: 4BCDCCFF 00008000
	ds_store_b128 v230, v[231:234]                             // 000000006800: DB7C0000 0000E7E6
	s_add_u32 s39, s29, 52                                     // 000000006808: 8027B41D
	s_lshl_b32 s39, s39, 9                                     // 00000000680C: 84278927
	v_add_nc_u32_e32 v230, s39, v229                           // 000000006810: 4BCDCA27
	v_add_nc_u32_e32 v230, 0x8000, v230                        // 000000006814: 4BCDCCFF 00008000
	ds_store_b128 v230, v[235:238]                             // 00000000681C: DB7C0000 0000EBE6
	s_add_u32 s39, s29, 56                                     // 000000006824: 8027B81D
	s_lshl_b32 s39, s39, 9                                     // 000000006828: 84278927
	v_add_nc_u32_e32 v230, s39, v229                           // 00000000682C: 4BCDCA27
	v_add_nc_u32_e32 v230, 0x8000, v230                        // 000000006830: 4BCDCCFF 00008000
	ds_store_b128 v230, v[239:242]                             // 000000006838: DB7C0000 0000EFE6
	s_add_u32 s39, s29, 60                                     // 000000006840: 8027BC1D
	s_lshl_b32 s39, s39, 9                                     // 000000006844: 84278927
	v_add_nc_u32_e32 v230, s39, v229                           // 000000006848: 4BCDCA27
	v_add_nc_u32_e32 v230, 0x8000, v230                        // 00000000684C: 4BCDCCFF 00008000
	ds_store_b128 v230, v[243:246]                             // 000000006854: DB7C0000 0000F3E6
	s_branch 257                                               // 00000000685C: BFA00101 <extend_attention_wmma_n64_gfx1151+0x5364>
	s_add_u32 s38, s28, s29                                    // 000000006860: 80261D1C
	s_add_u32 s38, s38, 0                                      // 000000006864: 80268026
	s_sub_u32 s38, s38, s19                                    // 000000006868: 80A61326
	s_lshl_b32 s38, s38, 10                                    // 00000000686C: 84268A26
	s_add_u32 s38, s38, s25                                    // 000000006870: 80261926
	s_add_u32 s32, s8, s38                                     // 000000006874: 80202608
	s_addc_u32 s33, s9, 0                                      // 000000006878: 82218009
	global_load_b128 v[8:11], v229, s[32:33]                   // 00000000687C: DC5E0000 082000E5
	s_add_u32 s38, s28, s29                                    // 000000006884: 80261D1C
	s_add_u32 s38, s38, 4                                      // 000000006888: 80268426
	s_sub_u32 s38, s38, s19                                    // 00000000688C: 80A61326
	s_lshl_b32 s38, s38, 10                                    // 000000006890: 84268A26
	s_add_u32 s38, s38, s25                                    // 000000006894: 80261926
	s_add_u32 s32, s8, s38                                     // 000000006898: 80202608
	s_addc_u32 s33, s9, 0                                      // 00000000689C: 82218009
	global_load_b128 v[12:15], v229, s[32:33]                  // 0000000068A0: DC5E0000 0C2000E5
	s_add_u32 s38, s28, s29                                    // 0000000068A8: 80261D1C
	s_add_u32 s38, s38, 8                                      // 0000000068AC: 80268826
	s_sub_u32 s38, s38, s19                                    // 0000000068B0: 80A61326
	s_lshl_b32 s38, s38, 10                                    // 0000000068B4: 84268A26
	s_add_u32 s38, s38, s25                                    // 0000000068B8: 80261926
	s_add_u32 s32, s8, s38                                     // 0000000068BC: 80202608
	s_addc_u32 s33, s9, 0                                      // 0000000068C0: 82218009
	global_load_b128 v[16:19], v229, s[32:33]                  // 0000000068C4: DC5E0000 102000E5
	s_add_u32 s38, s28, s29                                    // 0000000068CC: 80261D1C
	s_add_u32 s38, s38, 12                                     // 0000000068D0: 80268C26
	s_sub_u32 s38, s38, s19                                    // 0000000068D4: 80A61326
	s_lshl_b32 s38, s38, 10                                    // 0000000068D8: 84268A26
	s_add_u32 s38, s38, s25                                    // 0000000068DC: 80261926
	s_add_u32 s32, s8, s38                                     // 0000000068E0: 80202608
	s_addc_u32 s33, s9, 0                                      // 0000000068E4: 82218009
	global_load_b128 v[20:23], v229, s[32:33]                  // 0000000068E8: DC5E0000 142000E5
	s_add_u32 s38, s28, s29                                    // 0000000068F0: 80261D1C
	s_add_u32 s38, s38, 16                                     // 0000000068F4: 80269026
	s_sub_u32 s38, s38, s19                                    // 0000000068F8: 80A61326
	s_lshl_b32 s38, s38, 10                                    // 0000000068FC: 84268A26
	s_add_u32 s38, s38, s25                                    // 000000006900: 80261926
	s_add_u32 s32, s8, s38                                     // 000000006904: 80202608
	s_addc_u32 s33, s9, 0                                      // 000000006908: 82218009
	global_load_b128 v[192:195], v229, s[32:33]                // 00000000690C: DC5E0000 C02000E5
	s_add_u32 s38, s28, s29                                    // 000000006914: 80261D1C
	s_add_u32 s38, s38, 20                                     // 000000006918: 80269426
	s_sub_u32 s38, s38, s19                                    // 00000000691C: 80A61326
	s_lshl_b32 s38, s38, 10                                    // 000000006920: 84268A26
	s_add_u32 s38, s38, s25                                    // 000000006924: 80261926
	s_add_u32 s32, s8, s38                                     // 000000006928: 80202608
	s_addc_u32 s33, s9, 0                                      // 00000000692C: 82218009
	global_load_b128 v[196:199], v229, s[32:33]                // 000000006930: DC5E0000 C42000E5
	s_add_u32 s38, s28, s29                                    // 000000006938: 80261D1C
	s_add_u32 s38, s38, 24                                     // 00000000693C: 80269826
	s_sub_u32 s38, s38, s19                                    // 000000006940: 80A61326
	s_lshl_b32 s38, s38, 10                                    // 000000006944: 84268A26
	s_add_u32 s38, s38, s25                                    // 000000006948: 80261926
	s_add_u32 s32, s8, s38                                     // 00000000694C: 80202608
	s_addc_u32 s33, s9, 0                                      // 000000006950: 82218009
	global_load_b128 v[200:203], v229, s[32:33]                // 000000006954: DC5E0000 C82000E5
	s_add_u32 s38, s28, s29                                    // 00000000695C: 80261D1C
	s_add_u32 s38, s38, 28                                     // 000000006960: 80269C26
	s_sub_u32 s38, s38, s19                                    // 000000006964: 80A61326
	s_lshl_b32 s38, s38, 10                                    // 000000006968: 84268A26
	s_add_u32 s38, s38, s25                                    // 00000000696C: 80261926
	s_add_u32 s32, s8, s38                                     // 000000006970: 80202608
	s_addc_u32 s33, s9, 0                                      // 000000006974: 82218009
	global_load_b128 v[204:207], v229, s[32:33]                // 000000006978: DC5E0000 CC2000E5
	s_add_u32 s38, s28, s29                                    // 000000006980: 80261D1C
	s_add_u32 s38, s38, 32                                     // 000000006984: 8026A026
	s_sub_u32 s38, s38, s19                                    // 000000006988: 80A61326
	s_lshl_b32 s38, s38, 10                                    // 00000000698C: 84268A26
	s_add_u32 s38, s38, s25                                    // 000000006990: 80261926
	s_add_u32 s32, s8, s38                                     // 000000006994: 80202608
	s_addc_u32 s33, s9, 0                                      // 000000006998: 82218009
	global_load_b128 v[208:211], v229, s[32:33]                // 00000000699C: DC5E0000 D02000E5
	s_add_u32 s38, s28, s29                                    // 0000000069A4: 80261D1C
	s_add_u32 s38, s38, 36                                     // 0000000069A8: 8026A426
	s_sub_u32 s38, s38, s19                                    // 0000000069AC: 80A61326
	s_lshl_b32 s38, s38, 10                                    // 0000000069B0: 84268A26
	s_add_u32 s38, s38, s25                                    // 0000000069B4: 80261926
	s_add_u32 s32, s8, s38                                     // 0000000069B8: 80202608
	s_addc_u32 s33, s9, 0                                      // 0000000069BC: 82218009
	global_load_b128 v[212:215], v229, s[32:33]                // 0000000069C0: DC5E0000 D42000E5
	s_add_u32 s38, s28, s29                                    // 0000000069C8: 80261D1C
	s_add_u32 s38, s38, 40                                     // 0000000069CC: 8026A826
	s_sub_u32 s38, s38, s19                                    // 0000000069D0: 80A61326
	s_lshl_b32 s38, s38, 10                                    // 0000000069D4: 84268A26
	s_add_u32 s38, s38, s25                                    // 0000000069D8: 80261926
	s_add_u32 s32, s8, s38                                     // 0000000069DC: 80202608
	s_addc_u32 s33, s9, 0                                      // 0000000069E0: 82218009
	global_load_b128 v[216:219], v229, s[32:33]                // 0000000069E4: DC5E0000 D82000E5
	s_add_u32 s38, s28, s29                                    // 0000000069EC: 80261D1C
	s_add_u32 s38, s38, 44                                     // 0000000069F0: 8026AC26
	s_sub_u32 s38, s38, s19                                    // 0000000069F4: 80A61326
	s_lshl_b32 s38, s38, 10                                    // 0000000069F8: 84268A26
	s_add_u32 s38, s38, s25                                    // 0000000069FC: 80261926
	s_add_u32 s32, s8, s38                                     // 000000006A00: 80202608
	s_addc_u32 s33, s9, 0                                      // 000000006A04: 82218009
	global_load_b128 v[220:223], v229, s[32:33]                // 000000006A08: DC5E0000 DC2000E5
	s_add_u32 s38, s28, s29                                    // 000000006A10: 80261D1C
	s_add_u32 s38, s38, 48                                     // 000000006A14: 8026B026
	s_sub_u32 s38, s38, s19                                    // 000000006A18: 80A61326
	s_lshl_b32 s38, s38, 10                                    // 000000006A1C: 84268A26
	s_add_u32 s38, s38, s25                                    // 000000006A20: 80261926
	s_add_u32 s32, s8, s38                                     // 000000006A24: 80202608
	s_addc_u32 s33, s9, 0                                      // 000000006A28: 82218009
	global_load_b128 v[231:234], v229, s[32:33]                // 000000006A2C: DC5E0000 E72000E5
	s_add_u32 s38, s28, s29                                    // 000000006A34: 80261D1C
	s_add_u32 s38, s38, 52                                     // 000000006A38: 8026B426
	s_sub_u32 s38, s38, s19                                    // 000000006A3C: 80A61326
	s_lshl_b32 s38, s38, 10                                    // 000000006A40: 84268A26
	s_add_u32 s38, s38, s25                                    // 000000006A44: 80261926
	s_add_u32 s32, s8, s38                                     // 000000006A48: 80202608
	s_addc_u32 s33, s9, 0                                      // 000000006A4C: 82218009
	global_load_b128 v[235:238], v229, s[32:33]                // 000000006A50: DC5E0000 EB2000E5
	s_add_u32 s38, s28, s29                                    // 000000006A58: 80261D1C
	s_add_u32 s38, s38, 56                                     // 000000006A5C: 8026B826
	s_sub_u32 s38, s38, s19                                    // 000000006A60: 80A61326
	s_lshl_b32 s38, s38, 10                                    // 000000006A64: 84268A26
	s_add_u32 s38, s38, s25                                    // 000000006A68: 80261926
	s_add_u32 s32, s8, s38                                     // 000000006A6C: 80202608
	s_addc_u32 s33, s9, 0                                      // 000000006A70: 82218009
	global_load_b128 v[239:242], v229, s[32:33]                // 000000006A74: DC5E0000 EF2000E5
	s_add_u32 s38, s28, s29                                    // 000000006A7C: 80261D1C
	s_add_u32 s38, s38, 60                                     // 000000006A80: 8026BC26
	s_sub_u32 s38, s38, s19                                    // 000000006A84: 80A61326
	s_lshl_b32 s38, s38, 10                                    // 000000006A88: 84268A26
	s_add_u32 s38, s38, s25                                    // 000000006A8C: 80261926
	s_add_u32 s32, s8, s38                                     // 000000006A90: 80202608
	s_addc_u32 s33, s9, 0                                      // 000000006A94: 82218009
	global_load_b128 v[243:246], v229, s[32:33]                // 000000006A98: DC5E0000 F32000E5
	s_waitcnt vmcnt(0)                                         // 000000006AA0: BF8903F7
	s_add_u32 s39, s29, 0                                      // 000000006AA4: 8027801D
	s_lshl_b32 s39, s39, 9                                     // 000000006AA8: 84278927
	v_add_nc_u32_e32 v230, s39, v229                           // 000000006AAC: 4BCDCA27
	v_add_nc_u32_e32 v230, 0x8000, v230                        // 000000006AB0: 4BCDCCFF 00008000
	ds_store_b128 v230, v[8:11]                                // 000000006AB8: DB7C0000 000008E6
	s_add_u32 s39, s29, 4                                      // 000000006AC0: 8027841D
	s_lshl_b32 s39, s39, 9                                     // 000000006AC4: 84278927
	v_add_nc_u32_e32 v230, s39, v229                           // 000000006AC8: 4BCDCA27
	v_add_nc_u32_e32 v230, 0x8000, v230                        // 000000006ACC: 4BCDCCFF 00008000
	ds_store_b128 v230, v[12:15]                               // 000000006AD4: DB7C0000 00000CE6
	s_add_u32 s39, s29, 8                                      // 000000006ADC: 8027881D
	s_lshl_b32 s39, s39, 9                                     // 000000006AE0: 84278927
	v_add_nc_u32_e32 v230, s39, v229                           // 000000006AE4: 4BCDCA27
	v_add_nc_u32_e32 v230, 0x8000, v230                        // 000000006AE8: 4BCDCCFF 00008000
	ds_store_b128 v230, v[16:19]                               // 000000006AF0: DB7C0000 000010E6
	s_add_u32 s39, s29, 12                                     // 000000006AF8: 80278C1D
	s_lshl_b32 s39, s39, 9                                     // 000000006AFC: 84278927
	v_add_nc_u32_e32 v230, s39, v229                           // 000000006B00: 4BCDCA27
	v_add_nc_u32_e32 v230, 0x8000, v230                        // 000000006B04: 4BCDCCFF 00008000
	ds_store_b128 v230, v[20:23]                               // 000000006B0C: DB7C0000 000014E6
	s_add_u32 s39, s29, 16                                     // 000000006B14: 8027901D
	s_lshl_b32 s39, s39, 9                                     // 000000006B18: 84278927
	v_add_nc_u32_e32 v230, s39, v229                           // 000000006B1C: 4BCDCA27
	v_add_nc_u32_e32 v230, 0x8000, v230                        // 000000006B20: 4BCDCCFF 00008000
	ds_store_b128 v230, v[192:195]                             // 000000006B28: DB7C0000 0000C0E6
	s_add_u32 s39, s29, 20                                     // 000000006B30: 8027941D
	s_lshl_b32 s39, s39, 9                                     // 000000006B34: 84278927
	v_add_nc_u32_e32 v230, s39, v229                           // 000000006B38: 4BCDCA27
	v_add_nc_u32_e32 v230, 0x8000, v230                        // 000000006B3C: 4BCDCCFF 00008000
	ds_store_b128 v230, v[196:199]                             // 000000006B44: DB7C0000 0000C4E6
	s_add_u32 s39, s29, 24                                     // 000000006B4C: 8027981D
	s_lshl_b32 s39, s39, 9                                     // 000000006B50: 84278927
	v_add_nc_u32_e32 v230, s39, v229                           // 000000006B54: 4BCDCA27
	v_add_nc_u32_e32 v230, 0x8000, v230                        // 000000006B58: 4BCDCCFF 00008000
	ds_store_b128 v230, v[200:203]                             // 000000006B60: DB7C0000 0000C8E6
	s_add_u32 s39, s29, 28                                     // 000000006B68: 80279C1D
	s_lshl_b32 s39, s39, 9                                     // 000000006B6C: 84278927
	v_add_nc_u32_e32 v230, s39, v229                           // 000000006B70: 4BCDCA27
	v_add_nc_u32_e32 v230, 0x8000, v230                        // 000000006B74: 4BCDCCFF 00008000
	ds_store_b128 v230, v[204:207]                             // 000000006B7C: DB7C0000 0000CCE6
	s_add_u32 s39, s29, 32                                     // 000000006B84: 8027A01D
	s_lshl_b32 s39, s39, 9                                     // 000000006B88: 84278927
	v_add_nc_u32_e32 v230, s39, v229                           // 000000006B8C: 4BCDCA27
	v_add_nc_u32_e32 v230, 0x8000, v230                        // 000000006B90: 4BCDCCFF 00008000
	ds_store_b128 v230, v[208:211]                             // 000000006B98: DB7C0000 0000D0E6
	s_add_u32 s39, s29, 36                                     // 000000006BA0: 8027A41D
	s_lshl_b32 s39, s39, 9                                     // 000000006BA4: 84278927
	v_add_nc_u32_e32 v230, s39, v229                           // 000000006BA8: 4BCDCA27
	v_add_nc_u32_e32 v230, 0x8000, v230                        // 000000006BAC: 4BCDCCFF 00008000
	ds_store_b128 v230, v[212:215]                             // 000000006BB4: DB7C0000 0000D4E6
	s_add_u32 s39, s29, 40                                     // 000000006BBC: 8027A81D
	s_lshl_b32 s39, s39, 9                                     // 000000006BC0: 84278927
	v_add_nc_u32_e32 v230, s39, v229                           // 000000006BC4: 4BCDCA27
	v_add_nc_u32_e32 v230, 0x8000, v230                        // 000000006BC8: 4BCDCCFF 00008000
	ds_store_b128 v230, v[216:219]                             // 000000006BD0: DB7C0000 0000D8E6
	s_add_u32 s39, s29, 44                                     // 000000006BD8: 8027AC1D
	s_lshl_b32 s39, s39, 9                                     // 000000006BDC: 84278927
	v_add_nc_u32_e32 v230, s39, v229                           // 000000006BE0: 4BCDCA27
	v_add_nc_u32_e32 v230, 0x8000, v230                        // 000000006BE4: 4BCDCCFF 00008000
	ds_store_b128 v230, v[220:223]                             // 000000006BEC: DB7C0000 0000DCE6
	s_add_u32 s39, s29, 48                                     // 000000006BF4: 8027B01D
	s_lshl_b32 s39, s39, 9                                     // 000000006BF8: 84278927
	v_add_nc_u32_e32 v230, s39, v229                           // 000000006BFC: 4BCDCA27
	v_add_nc_u32_e32 v230, 0x8000, v230                        // 000000006C00: 4BCDCCFF 00008000
	ds_store_b128 v230, v[231:234]                             // 000000006C08: DB7C0000 0000E7E6
	s_add_u32 s39, s29, 52                                     // 000000006C10: 8027B41D
	s_lshl_b32 s39, s39, 9                                     // 000000006C14: 84278927
	v_add_nc_u32_e32 v230, s39, v229                           // 000000006C18: 4BCDCA27
	v_add_nc_u32_e32 v230, 0x8000, v230                        // 000000006C1C: 4BCDCCFF 00008000
	ds_store_b128 v230, v[235:238]                             // 000000006C24: DB7C0000 0000EBE6
	s_add_u32 s39, s29, 56                                     // 000000006C2C: 8027B81D
	s_lshl_b32 s39, s39, 9                                     // 000000006C30: 84278927
	v_add_nc_u32_e32 v230, s39, v229                           // 000000006C34: 4BCDCA27
	v_add_nc_u32_e32 v230, 0x8000, v230                        // 000000006C38: 4BCDCCFF 00008000
	ds_store_b128 v230, v[239:242]                             // 000000006C40: DB7C0000 0000EFE6
	s_add_u32 s39, s29, 60                                     // 000000006C48: 8027BC1D
	s_lshl_b32 s39, s39, 9                                     // 000000006C4C: 84278927
	v_add_nc_u32_e32 v230, s39, v229                           // 000000006C50: 4BCDCA27
	v_add_nc_u32_e32 v230, 0x8000, v230                        // 000000006C54: 4BCDCCFF 00008000
	ds_store_b128 v230, v[243:246]                             // 000000006C5C: DB7C0000 0000F3E6
	v_lshlrev_b32_e32 v231, 4, v2                              // 000000006C64: 31CE0484
	v_add_nc_u32_e32 v231, s21, v231                           // 000000006C68: 4BCFCE15
	v_add_nc_u32_e32 v231, v231, v3                            // 000000006C6C: 4BCE07E7
	v_lshlrev_b32_e32 v240, 13, v231                           // 000000006C70: 31E1CE8D
	v_add_nc_u32_e32 v240, s24, v240                           // 000000006C74: 4BE1E018
	v_lshl_add_u32 v240, v4, 4, v240                           // 000000006C78: D64600F0 07C10904
	v_lshlrev_b32_e32 v231, 13, v2                             // 000000006C80: 31CE048D
	v_lshl_add_u32 v232, v4, 7, v231                           // 000000006C84: D64600E8 079D0F04
	v_lshl_add_u32 v232, v3, 1, v232                           // 000000006C8C: D64600E8 07A10303
	v_add_nc_u32_e32 v232, 0x1800, v232                        // 000000006C94: 4BD1D0FF 00001800
	v_lshl_add_u32 v233, v3, 7, v231                           // 000000006C9C: D64600E9 079D0F03
	v_lshlrev_b32_e32 v229, 4, v1                              // 000000006CA4: 31CA0284
	v_lshl_add_u32 v233, v4, 4, v233                           // 000000006CA8: D64600E9 07A50904
	v_add_nc_u32_e32 v233, 0x1800, v233                        // 000000006CB0: 4BD3D2FF 00001800
	s_waitcnt lgkmcnt(0)                                       // 000000006CB8: BF89FC07
	s_barrier                                                  // 000000006CBC: BFBD0000
	ds_load_b128 v[8:11], v233                                 // 000000006CC0: DBFC0000 080000E9
	s_waitcnt lgkmcnt(0)                                       // 000000006CC8: BF89FC07
	ds_swizzle_b32 v12, v8 offset:swizzle(SWAP,16)             // 000000006CCC: D8D4401F 0C000008
	ds_swizzle_b32 v13, v9 offset:swizzle(SWAP,16)             // 000000006CD4: D8D4401F 0D000009
	ds_swizzle_b32 v14, v10 offset:swizzle(SWAP,16)            // 000000006CDC: D8D4401F 0E00000A
	ds_swizzle_b32 v15, v11 offset:swizzle(SWAP,16)            // 000000006CE4: D8D4401F 0F00000B
	s_waitcnt lgkmcnt(0)                                       // 000000006CEC: BF89FC07
	v_lshlrev_b32_e32 v234, 12, v4                             // 000000006CF0: 31D4088C
	v_lshl_add_u32 v234, v3, 1, v234                           // 000000006CF4: D64600EA 07A90303
	v_add_nc_u32_e32 v234, 0x8000, v234                        // 000000006CFC: 4BD5D4FF 00008000
	ds_load_u16 v16, v234                                      // 000000006D04: D8F00000 100000EA
	ds_load_u16_d16_hi v16, v234 offset:512                    // 000000006D0C: DA9C0200 100000EA
	ds_load_u16 v17, v234 offset:1024                          // 000000006D14: D8F00400 110000EA
	ds_load_u16_d16_hi v17, v234 offset:1536                   // 000000006D1C: DA9C0600 110000EA
	ds_load_u16 v18, v234 offset:2048                          // 000000006D24: D8F00800 120000EA
	ds_load_u16_d16_hi v18, v234 offset:2560                   // 000000006D2C: DA9C0A00 120000EA
	ds_load_u16 v19, v234 offset:3072                          // 000000006D34: D8F00C00 130000EA
	ds_load_u16_d16_hi v19, v234 offset:3584                   // 000000006D3C: DA9C0E00 130000EA
	s_waitcnt lgkmcnt(0)                                       // 000000006D44: BF89FC07
	ds_swizzle_b32 v20, v16 offset:swizzle(SWAP,16)            // 000000006D48: D8D4401F 14000010
	ds_swizzle_b32 v21, v17 offset:swizzle(SWAP,16)            // 000000006D50: D8D4401F 15000011
	ds_swizzle_b32 v22, v18 offset:swizzle(SWAP,16)            // 000000006D58: D8D4401F 16000012
	ds_swizzle_b32 v23, v19 offset:swizzle(SWAP,16)            // 000000006D60: D8D4401F 17000013
	s_waitcnt lgkmcnt(0)                                       // 000000006D68: BF89FC07
	ds_load_u16 v225, v234 offset:32                           // 000000006D6C: D8F00020 E10000EA
	ds_load_u16_d16_hi v225, v234 offset:544                   // 000000006D74: DA9C0220 E10000EA
	ds_load_u16 v226, v234 offset:1056                         // 000000006D7C: D8F00420 E20000EA
	ds_load_u16_d16_hi v226, v234 offset:1568                  // 000000006D84: DA9C0620 E20000EA
	ds_load_u16 v227, v234 offset:2080                         // 000000006D8C: D8F00820 E30000EA
	ds_load_u16_d16_hi v227, v234 offset:2592                  // 000000006D94: DA9C0A20 E30000EA
	ds_load_u16 v228, v234 offset:3104                         // 000000006D9C: D8F00C20 E40000EA
	ds_load_u16_d16_hi v228, v234 offset:3616                  // 000000006DA4: DA9C0E20 E40000EA
	v_wmma_f32_16x16x16_bf16 v[64:71], v[8:15], v[16:23], v[64:71]// 000000006DAC: CC414040 1D022108
	s_waitcnt lgkmcnt(0)                                       // 000000006DB4: BF89FC07
	ds_swizzle_b32 v229, v225 offset:swizzle(SWAP,16)          // 000000006DB8: D8D4401F E50000E1
	ds_swizzle_b32 v230, v226 offset:swizzle(SWAP,16)          // 000000006DC0: D8D4401F E60000E2
	ds_swizzle_b32 v231, v227 offset:swizzle(SWAP,16)          // 000000006DC8: D8D4401F E70000E3
	ds_swizzle_b32 v232, v228 offset:swizzle(SWAP,16)          // 000000006DD0: D8D4401F E80000E4
	s_waitcnt lgkmcnt(0)                                       // 000000006DD8: BF89FC07
	ds_load_u16 v16, v234 offset:64                            // 000000006DDC: D8F00040 100000EA
	ds_load_u16_d16_hi v16, v234 offset:576                    // 000000006DE4: DA9C0240 100000EA
	ds_load_u16 v17, v234 offset:1088                          // 000000006DEC: D8F00440 110000EA
	ds_load_u16_d16_hi v17, v234 offset:1600                   // 000000006DF4: DA9C0640 110000EA
	ds_load_u16 v18, v234 offset:2112                          // 000000006DFC: D8F00840 120000EA
	ds_load_u16_d16_hi v18, v234 offset:2624                   // 000000006E04: DA9C0A40 120000EA
	ds_load_u16 v19, v234 offset:3136                          // 000000006E0C: D8F00C40 130000EA
	ds_load_u16_d16_hi v19, v234 offset:3648                   // 000000006E14: DA9C0E40 130000EA
	v_wmma_f32_16x16x16_bf16 v[72:79], v[8:15], v[225:232], v[72:79]// 000000006E1C: CC414048 1D23C308
	s_waitcnt lgkmcnt(0)                                       // 000000006E24: BF89FC07
	ds_swizzle_b32 v20, v16 offset:swizzle(SWAP,16)            // 000000006E28: D8D4401F 14000010
	ds_swizzle_b32 v21, v17 offset:swizzle(SWAP,16)            // 000000006E30: D8D4401F 15000011
	ds_swizzle_b32 v22, v18 offset:swizzle(SWAP,16)            // 000000006E38: D8D4401F 16000012
	ds_swizzle_b32 v23, v19 offset:swizzle(SWAP,16)            // 000000006E40: D8D4401F 17000013
	s_waitcnt lgkmcnt(0)                                       // 000000006E48: BF89FC07
	ds_load_u16 v225, v234 offset:96                           // 000000006E4C: D8F00060 E10000EA
	ds_load_u16_d16_hi v225, v234 offset:608                   // 000000006E54: DA9C0260 E10000EA
	ds_load_u16 v226, v234 offset:1120                         // 000000006E5C: D8F00460 E20000EA
	ds_load_u16_d16_hi v226, v234 offset:1632                  // 000000006E64: DA9C0660 E20000EA
	ds_load_u16 v227, v234 offset:2144                         // 000000006E6C: D8F00860 E30000EA
	ds_load_u16_d16_hi v227, v234 offset:2656                  // 000000006E74: DA9C0A60 E30000EA
	ds_load_u16 v228, v234 offset:3168                         // 000000006E7C: D8F00C60 E40000EA
	ds_load_u16_d16_hi v228, v234 offset:3680                  // 000000006E84: DA9C0E60 E40000EA
	v_wmma_f32_16x16x16_bf16 v[80:87], v[8:15], v[16:23], v[80:87]// 000000006E8C: CC414050 1D422108
	s_waitcnt lgkmcnt(0)                                       // 000000006E94: BF89FC07
	ds_swizzle_b32 v229, v225 offset:swizzle(SWAP,16)          // 000000006E98: D8D4401F E50000E1
	ds_swizzle_b32 v230, v226 offset:swizzle(SWAP,16)          // 000000006EA0: D8D4401F E60000E2
	ds_swizzle_b32 v231, v227 offset:swizzle(SWAP,16)          // 000000006EA8: D8D4401F E70000E3
	ds_swizzle_b32 v232, v228 offset:swizzle(SWAP,16)          // 000000006EB0: D8D4401F E80000E4
	s_waitcnt lgkmcnt(0)                                       // 000000006EB8: BF89FC07
	ds_load_u16 v16, v234 offset:128                           // 000000006EBC: D8F00080 100000EA
	ds_load_u16_d16_hi v16, v234 offset:640                    // 000000006EC4: DA9C0280 100000EA
	ds_load_u16 v17, v234 offset:1152                          // 000000006ECC: D8F00480 110000EA
	ds_load_u16_d16_hi v17, v234 offset:1664                   // 000000006ED4: DA9C0680 110000EA
	ds_load_u16 v18, v234 offset:2176                          // 000000006EDC: D8F00880 120000EA
	ds_load_u16_d16_hi v18, v234 offset:2688                   // 000000006EE4: DA9C0A80 120000EA
	ds_load_u16 v19, v234 offset:3200                          // 000000006EEC: D8F00C80 130000EA
	ds_load_u16_d16_hi v19, v234 offset:3712                   // 000000006EF4: DA9C0E80 130000EA
	v_wmma_f32_16x16x16_bf16 v[88:95], v[8:15], v[225:232], v[88:95]// 000000006EFC: CC414058 1D63C308
	s_waitcnt lgkmcnt(0)                                       // 000000006F04: BF89FC07
	ds_swizzle_b32 v20, v16 offset:swizzle(SWAP,16)            // 000000006F08: D8D4401F 14000010
	ds_swizzle_b32 v21, v17 offset:swizzle(SWAP,16)            // 000000006F10: D8D4401F 15000011
	ds_swizzle_b32 v22, v18 offset:swizzle(SWAP,16)            // 000000006F18: D8D4401F 16000012
	ds_swizzle_b32 v23, v19 offset:swizzle(SWAP,16)            // 000000006F20: D8D4401F 17000013
	s_waitcnt lgkmcnt(0)                                       // 000000006F28: BF89FC07
	ds_load_u16 v225, v234 offset:160                          // 000000006F2C: D8F000A0 E10000EA
	ds_load_u16_d16_hi v225, v234 offset:672                   // 000000006F34: DA9C02A0 E10000EA
	ds_load_u16 v226, v234 offset:1184                         // 000000006F3C: D8F004A0 E20000EA
	ds_load_u16_d16_hi v226, v234 offset:1696                  // 000000006F44: DA9C06A0 E20000EA
	ds_load_u16 v227, v234 offset:2208                         // 000000006F4C: D8F008A0 E30000EA
	ds_load_u16_d16_hi v227, v234 offset:2720                  // 000000006F54: DA9C0AA0 E30000EA
	ds_load_u16 v228, v234 offset:3232                         // 000000006F5C: D8F00CA0 E40000EA
	ds_load_u16_d16_hi v228, v234 offset:3744                  // 000000006F64: DA9C0EA0 E40000EA
	v_wmma_f32_16x16x16_bf16 v[96:103], v[8:15], v[16:23], v[96:103]// 000000006F6C: CC414060 1D822108
	s_waitcnt lgkmcnt(0)                                       // 000000006F74: BF89FC07
	ds_swizzle_b32 v229, v225 offset:swizzle(SWAP,16)          // 000000006F78: D8D4401F E50000E1
	ds_swizzle_b32 v230, v226 offset:swizzle(SWAP,16)          // 000000006F80: D8D4401F E60000E2
	ds_swizzle_b32 v231, v227 offset:swizzle(SWAP,16)          // 000000006F88: D8D4401F E70000E3
	ds_swizzle_b32 v232, v228 offset:swizzle(SWAP,16)          // 000000006F90: D8D4401F E80000E4
	s_waitcnt lgkmcnt(0)                                       // 000000006F98: BF89FC07
	ds_load_u16 v16, v234 offset:192                           // 000000006F9C: D8F000C0 100000EA
	ds_load_u16_d16_hi v16, v234 offset:704                    // 000000006FA4: DA9C02C0 100000EA
	ds_load_u16 v17, v234 offset:1216                          // 000000006FAC: D8F004C0 110000EA
	ds_load_u16_d16_hi v17, v234 offset:1728                   // 000000006FB4: DA9C06C0 110000EA
	ds_load_u16 v18, v234 offset:2240                          // 000000006FBC: D8F008C0 120000EA
	ds_load_u16_d16_hi v18, v234 offset:2752                   // 000000006FC4: DA9C0AC0 120000EA
	ds_load_u16 v19, v234 offset:3264                          // 000000006FCC: D8F00CC0 130000EA
	ds_load_u16_d16_hi v19, v234 offset:3776                   // 000000006FD4: DA9C0EC0 130000EA
	v_wmma_f32_16x16x16_bf16 v[104:111], v[8:15], v[225:232], v[104:111]// 000000006FDC: CC414068 1DA3C308
	s_waitcnt lgkmcnt(0)                                       // 000000006FE4: BF89FC07
	ds_swizzle_b32 v20, v16 offset:swizzle(SWAP,16)            // 000000006FE8: D8D4401F 14000010
	ds_swizzle_b32 v21, v17 offset:swizzle(SWAP,16)            // 000000006FF0: D8D4401F 15000011
	ds_swizzle_b32 v22, v18 offset:swizzle(SWAP,16)            // 000000006FF8: D8D4401F 16000012
	ds_swizzle_b32 v23, v19 offset:swizzle(SWAP,16)            // 000000007000: D8D4401F 17000013
	s_waitcnt lgkmcnt(0)                                       // 000000007008: BF89FC07
	ds_load_u16 v225, v234 offset:224                          // 00000000700C: D8F000E0 E10000EA
	ds_load_u16_d16_hi v225, v234 offset:736                   // 000000007014: DA9C02E0 E10000EA
	ds_load_u16 v226, v234 offset:1248                         // 00000000701C: D8F004E0 E20000EA
	ds_load_u16_d16_hi v226, v234 offset:1760                  // 000000007024: DA9C06E0 E20000EA
	ds_load_u16 v227, v234 offset:2272                         // 00000000702C: D8F008E0 E30000EA
	ds_load_u16_d16_hi v227, v234 offset:2784                  // 000000007034: DA9C0AE0 E30000EA
	ds_load_u16 v228, v234 offset:3296                         // 00000000703C: D8F00CE0 E40000EA
	ds_load_u16_d16_hi v228, v234 offset:3808                  // 000000007044: DA9C0EE0 E40000EA
	v_wmma_f32_16x16x16_bf16 v[112:119], v[8:15], v[16:23], v[112:119]// 00000000704C: CC414070 1DC22108
	s_waitcnt lgkmcnt(0)                                       // 000000007054: BF89FC07
	ds_swizzle_b32 v229, v225 offset:swizzle(SWAP,16)          // 000000007058: D8D4401F E50000E1
	ds_swizzle_b32 v230, v226 offset:swizzle(SWAP,16)          // 000000007060: D8D4401F E60000E2
	ds_swizzle_b32 v231, v227 offset:swizzle(SWAP,16)          // 000000007068: D8D4401F E70000E3
	ds_swizzle_b32 v232, v228 offset:swizzle(SWAP,16)          // 000000007070: D8D4401F E80000E4
	s_waitcnt lgkmcnt(0)                                       // 000000007078: BF89FC07
	ds_load_u16 v16, v234 offset:256                           // 00000000707C: D8F00100 100000EA
	ds_load_u16_d16_hi v16, v234 offset:768                    // 000000007084: DA9C0300 100000EA
	ds_load_u16 v17, v234 offset:1280                          // 00000000708C: D8F00500 110000EA
	ds_load_u16_d16_hi v17, v234 offset:1792                   // 000000007094: DA9C0700 110000EA
	ds_load_u16 v18, v234 offset:2304                          // 00000000709C: D8F00900 120000EA
	ds_load_u16_d16_hi v18, v234 offset:2816                   // 0000000070A4: DA9C0B00 120000EA
	ds_load_u16 v19, v234 offset:3328                          // 0000000070AC: D8F00D00 130000EA
	ds_load_u16_d16_hi v19, v234 offset:3840                   // 0000000070B4: DA9C0F00 130000EA
	v_wmma_f32_16x16x16_bf16 v[120:127], v[8:15], v[225:232], v[120:127]// 0000000070BC: CC414078 1DE3C308
	s_waitcnt lgkmcnt(0)                                       // 0000000070C4: BF89FC07
	ds_swizzle_b32 v20, v16 offset:swizzle(SWAP,16)            // 0000000070C8: D8D4401F 14000010
	ds_swizzle_b32 v21, v17 offset:swizzle(SWAP,16)            // 0000000070D0: D8D4401F 15000011
	ds_swizzle_b32 v22, v18 offset:swizzle(SWAP,16)            // 0000000070D8: D8D4401F 16000012
	ds_swizzle_b32 v23, v19 offset:swizzle(SWAP,16)            // 0000000070E0: D8D4401F 17000013
	s_waitcnt lgkmcnt(0)                                       // 0000000070E8: BF89FC07
	ds_load_u16 v225, v234 offset:288                          // 0000000070EC: D8F00120 E10000EA
	ds_load_u16_d16_hi v225, v234 offset:800                   // 0000000070F4: DA9C0320 E10000EA
	ds_load_u16 v226, v234 offset:1312                         // 0000000070FC: D8F00520 E20000EA
	ds_load_u16_d16_hi v226, v234 offset:1824                  // 000000007104: DA9C0720 E20000EA
	ds_load_u16 v227, v234 offset:2336                         // 00000000710C: D8F00920 E30000EA
	ds_load_u16_d16_hi v227, v234 offset:2848                  // 000000007114: DA9C0B20 E30000EA
	ds_load_u16 v228, v234 offset:3360                         // 00000000711C: D8F00D20 E40000EA
	ds_load_u16_d16_hi v228, v234 offset:3872                  // 000000007124: DA9C0F20 E40000EA
	v_wmma_f32_16x16x16_bf16 v[128:135], v[8:15], v[16:23], v[128:135]// 00000000712C: CC414080 1E022108
	s_waitcnt lgkmcnt(0)                                       // 000000007134: BF89FC07
	ds_swizzle_b32 v229, v225 offset:swizzle(SWAP,16)          // 000000007138: D8D4401F E50000E1
	ds_swizzle_b32 v230, v226 offset:swizzle(SWAP,16)          // 000000007140: D8D4401F E60000E2
	ds_swizzle_b32 v231, v227 offset:swizzle(SWAP,16)          // 000000007148: D8D4401F E70000E3
	ds_swizzle_b32 v232, v228 offset:swizzle(SWAP,16)          // 000000007150: D8D4401F E80000E4
	s_waitcnt lgkmcnt(0)                                       // 000000007158: BF89FC07
	ds_load_u16 v16, v234 offset:320                           // 00000000715C: D8F00140 100000EA
	ds_load_u16_d16_hi v16, v234 offset:832                    // 000000007164: DA9C0340 100000EA
	ds_load_u16 v17, v234 offset:1344                          // 00000000716C: D8F00540 110000EA
	ds_load_u16_d16_hi v17, v234 offset:1856                   // 000000007174: DA9C0740 110000EA
	ds_load_u16 v18, v234 offset:2368                          // 00000000717C: D8F00940 120000EA
	ds_load_u16_d16_hi v18, v234 offset:2880                   // 000000007184: DA9C0B40 120000EA
	ds_load_u16 v19, v234 offset:3392                          // 00000000718C: D8F00D40 130000EA
	ds_load_u16_d16_hi v19, v234 offset:3904                   // 000000007194: DA9C0F40 130000EA
	v_wmma_f32_16x16x16_bf16 v[136:143], v[8:15], v[225:232], v[136:143]// 00000000719C: CC414088 1E23C308
	s_waitcnt lgkmcnt(0)                                       // 0000000071A4: BF89FC07
	ds_swizzle_b32 v20, v16 offset:swizzle(SWAP,16)            // 0000000071A8: D8D4401F 14000010
	ds_swizzle_b32 v21, v17 offset:swizzle(SWAP,16)            // 0000000071B0: D8D4401F 15000011
	ds_swizzle_b32 v22, v18 offset:swizzle(SWAP,16)            // 0000000071B8: D8D4401F 16000012
	ds_swizzle_b32 v23, v19 offset:swizzle(SWAP,16)            // 0000000071C0: D8D4401F 17000013
	s_waitcnt lgkmcnt(0)                                       // 0000000071C8: BF89FC07
	ds_load_u16 v225, v234 offset:352                          // 0000000071CC: D8F00160 E10000EA
	ds_load_u16_d16_hi v225, v234 offset:864                   // 0000000071D4: DA9C0360 E10000EA
	ds_load_u16 v226, v234 offset:1376                         // 0000000071DC: D8F00560 E20000EA
	ds_load_u16_d16_hi v226, v234 offset:1888                  // 0000000071E4: DA9C0760 E20000EA
	ds_load_u16 v227, v234 offset:2400                         // 0000000071EC: D8F00960 E30000EA
	ds_load_u16_d16_hi v227, v234 offset:2912                  // 0000000071F4: DA9C0B60 E30000EA
	ds_load_u16 v228, v234 offset:3424                         // 0000000071FC: D8F00D60 E40000EA
	ds_load_u16_d16_hi v228, v234 offset:3936                  // 000000007204: DA9C0F60 E40000EA
	v_wmma_f32_16x16x16_bf16 v[144:151], v[8:15], v[16:23], v[144:151]// 00000000720C: CC414090 1E422108
	s_waitcnt lgkmcnt(0)                                       // 000000007214: BF89FC07
	ds_swizzle_b32 v229, v225 offset:swizzle(SWAP,16)          // 000000007218: D8D4401F E50000E1
	ds_swizzle_b32 v230, v226 offset:swizzle(SWAP,16)          // 000000007220: D8D4401F E60000E2
	ds_swizzle_b32 v231, v227 offset:swizzle(SWAP,16)          // 000000007228: D8D4401F E70000E3
	ds_swizzle_b32 v232, v228 offset:swizzle(SWAP,16)          // 000000007230: D8D4401F E80000E4
	s_waitcnt lgkmcnt(0)                                       // 000000007238: BF89FC07
	ds_load_u16 v16, v234 offset:384                           // 00000000723C: D8F00180 100000EA
	ds_load_u16_d16_hi v16, v234 offset:896                    // 000000007244: DA9C0380 100000EA
	ds_load_u16 v17, v234 offset:1408                          // 00000000724C: D8F00580 110000EA
	ds_load_u16_d16_hi v17, v234 offset:1920                   // 000000007254: DA9C0780 110000EA
	ds_load_u16 v18, v234 offset:2432                          // 00000000725C: D8F00980 120000EA
	ds_load_u16_d16_hi v18, v234 offset:2944                   // 000000007264: DA9C0B80 120000EA
	ds_load_u16 v19, v234 offset:3456                          // 00000000726C: D8F00D80 130000EA
	ds_load_u16_d16_hi v19, v234 offset:3968                   // 000000007274: DA9C0F80 130000EA
	v_wmma_f32_16x16x16_bf16 v[152:159], v[8:15], v[225:232], v[152:159]// 00000000727C: CC414098 1E63C308
	s_waitcnt lgkmcnt(0)                                       // 000000007284: BF89FC07
	ds_swizzle_b32 v20, v16 offset:swizzle(SWAP,16)            // 000000007288: D8D4401F 14000010
	ds_swizzle_b32 v21, v17 offset:swizzle(SWAP,16)            // 000000007290: D8D4401F 15000011
	ds_swizzle_b32 v22, v18 offset:swizzle(SWAP,16)            // 000000007298: D8D4401F 16000012
	ds_swizzle_b32 v23, v19 offset:swizzle(SWAP,16)            // 0000000072A0: D8D4401F 17000013
	s_waitcnt lgkmcnt(0)                                       // 0000000072A8: BF89FC07
	ds_load_u16 v225, v234 offset:416                          // 0000000072AC: D8F001A0 E10000EA
	ds_load_u16_d16_hi v225, v234 offset:928                   // 0000000072B4: DA9C03A0 E10000EA
	ds_load_u16 v226, v234 offset:1440                         // 0000000072BC: D8F005A0 E20000EA
	ds_load_u16_d16_hi v226, v234 offset:1952                  // 0000000072C4: DA9C07A0 E20000EA
	ds_load_u16 v227, v234 offset:2464                         // 0000000072CC: D8F009A0 E30000EA
	ds_load_u16_d16_hi v227, v234 offset:2976                  // 0000000072D4: DA9C0BA0 E30000EA
	ds_load_u16 v228, v234 offset:3488                         // 0000000072DC: D8F00DA0 E40000EA
	ds_load_u16_d16_hi v228, v234 offset:4000                  // 0000000072E4: DA9C0FA0 E40000EA
	v_wmma_f32_16x16x16_bf16 v[160:167], v[8:15], v[16:23], v[160:167]// 0000000072EC: CC4140A0 1E822108
	s_waitcnt lgkmcnt(0)                                       // 0000000072F4: BF89FC07
	ds_swizzle_b32 v229, v225 offset:swizzle(SWAP,16)          // 0000000072F8: D8D4401F E50000E1
	ds_swizzle_b32 v230, v226 offset:swizzle(SWAP,16)          // 000000007300: D8D4401F E60000E2
	ds_swizzle_b32 v231, v227 offset:swizzle(SWAP,16)          // 000000007308: D8D4401F E70000E3
	ds_swizzle_b32 v232, v228 offset:swizzle(SWAP,16)          // 000000007310: D8D4401F E80000E4
	s_waitcnt lgkmcnt(0)                                       // 000000007318: BF89FC07
	ds_load_u16 v16, v234 offset:448                           // 00000000731C: D8F001C0 100000EA
	ds_load_u16_d16_hi v16, v234 offset:960                    // 000000007324: DA9C03C0 100000EA
	ds_load_u16 v17, v234 offset:1472                          // 00000000732C: D8F005C0 110000EA
	ds_load_u16_d16_hi v17, v234 offset:1984                   // 000000007334: DA9C07C0 110000EA
	ds_load_u16 v18, v234 offset:2496                          // 00000000733C: D8F009C0 120000EA
	ds_load_u16_d16_hi v18, v234 offset:3008                   // 000000007344: DA9C0BC0 120000EA
	ds_load_u16 v19, v234 offset:3520                          // 00000000734C: D8F00DC0 130000EA
	ds_load_u16_d16_hi v19, v234 offset:4032                   // 000000007354: DA9C0FC0 130000EA
	v_wmma_f32_16x16x16_bf16 v[168:175], v[8:15], v[225:232], v[168:175]// 00000000735C: CC4140A8 1EA3C308
	s_waitcnt lgkmcnt(0)                                       // 000000007364: BF89FC07
	ds_swizzle_b32 v20, v16 offset:swizzle(SWAP,16)            // 000000007368: D8D4401F 14000010
	ds_swizzle_b32 v21, v17 offset:swizzle(SWAP,16)            // 000000007370: D8D4401F 15000011
	ds_swizzle_b32 v22, v18 offset:swizzle(SWAP,16)            // 000000007378: D8D4401F 16000012
	ds_swizzle_b32 v23, v19 offset:swizzle(SWAP,16)            // 000000007380: D8D4401F 17000013
	s_waitcnt lgkmcnt(0)                                       // 000000007388: BF89FC07
	ds_load_u16 v225, v234 offset:480                          // 00000000738C: D8F001E0 E10000EA
	ds_load_u16_d16_hi v225, v234 offset:992                   // 000000007394: DA9C03E0 E10000EA
	ds_load_u16 v226, v234 offset:1504                         // 00000000739C: D8F005E0 E20000EA
	ds_load_u16_d16_hi v226, v234 offset:2016                  // 0000000073A4: DA9C07E0 E20000EA
	ds_load_u16 v227, v234 offset:2528                         // 0000000073AC: D8F009E0 E30000EA
	ds_load_u16_d16_hi v227, v234 offset:3040                  // 0000000073B4: DA9C0BE0 E30000EA
	ds_load_u16 v228, v234 offset:3552                         // 0000000073BC: D8F00DE0 E40000EA
	ds_load_u16_d16_hi v228, v234 offset:4064                  // 0000000073C4: DA9C0FE0 E40000EA
	v_wmma_f32_16x16x16_bf16 v[176:183], v[8:15], v[16:23], v[176:183]// 0000000073CC: CC4140B0 1EC22108
	s_waitcnt lgkmcnt(0)                                       // 0000000073D4: BF89FC07
	ds_swizzle_b32 v229, v225 offset:swizzle(SWAP,16)          // 0000000073D8: D8D4401F E50000E1
	ds_swizzle_b32 v230, v226 offset:swizzle(SWAP,16)          // 0000000073E0: D8D4401F E60000E2
	ds_swizzle_b32 v231, v227 offset:swizzle(SWAP,16)          // 0000000073E8: D8D4401F E70000E3
	ds_swizzle_b32 v232, v228 offset:swizzle(SWAP,16)          // 0000000073F0: D8D4401F E80000E4
	s_waitcnt lgkmcnt(0)                                       // 0000000073F8: BF89FC07
	v_wmma_f32_16x16x16_bf16 v[184:191], v[8:15], v[225:232], v[184:191]// 0000000073FC: CC4140B8 1EE3C308
	ds_load_b128 v[8:11], v233 offset:32                       // 000000007404: DBFC0020 080000E9
	s_waitcnt lgkmcnt(0)                                       // 00000000740C: BF89FC07
	ds_swizzle_b32 v12, v8 offset:swizzle(SWAP,16)             // 000000007410: D8D4401F 0C000008
	ds_swizzle_b32 v13, v9 offset:swizzle(SWAP,16)             // 000000007418: D8D4401F 0D000009
	ds_swizzle_b32 v14, v10 offset:swizzle(SWAP,16)            // 000000007420: D8D4401F 0E00000A
	ds_swizzle_b32 v15, v11 offset:swizzle(SWAP,16)            // 000000007428: D8D4401F 0F00000B
	s_waitcnt lgkmcnt(0)                                       // 000000007430: BF89FC07
	v_lshlrev_b32_e32 v234, 12, v4                             // 000000007434: 31D4088C
	v_lshl_add_u32 v234, v3, 1, v234                           // 000000007438: D64600EA 07A90303
	v_add_nc_u32_e32 v234, 0xa000, v234                        // 000000007440: 4BD5D4FF 0000A000
	ds_load_u16 v16, v234                                      // 000000007448: D8F00000 100000EA
	ds_load_u16_d16_hi v16, v234 offset:512                    // 000000007450: DA9C0200 100000EA
	ds_load_u16 v17, v234 offset:1024                          // 000000007458: D8F00400 110000EA
	ds_load_u16_d16_hi v17, v234 offset:1536                   // 000000007460: DA9C0600 110000EA
	ds_load_u16 v18, v234 offset:2048                          // 000000007468: D8F00800 120000EA
	ds_load_u16_d16_hi v18, v234 offset:2560                   // 000000007470: DA9C0A00 120000EA
	ds_load_u16 v19, v234 offset:3072                          // 000000007478: D8F00C00 130000EA
	ds_load_u16_d16_hi v19, v234 offset:3584                   // 000000007480: DA9C0E00 130000EA
	s_waitcnt lgkmcnt(0)                                       // 000000007488: BF89FC07
	ds_swizzle_b32 v20, v16 offset:swizzle(SWAP,16)            // 00000000748C: D8D4401F 14000010
	ds_swizzle_b32 v21, v17 offset:swizzle(SWAP,16)            // 000000007494: D8D4401F 15000011
	ds_swizzle_b32 v22, v18 offset:swizzle(SWAP,16)            // 00000000749C: D8D4401F 16000012
	ds_swizzle_b32 v23, v19 offset:swizzle(SWAP,16)            // 0000000074A4: D8D4401F 17000013
	s_waitcnt lgkmcnt(0)                                       // 0000000074AC: BF89FC07
	ds_load_u16 v225, v234 offset:32                           // 0000000074B0: D8F00020 E10000EA
	ds_load_u16_d16_hi v225, v234 offset:544                   // 0000000074B8: DA9C0220 E10000EA
	ds_load_u16 v226, v234 offset:1056                         // 0000000074C0: D8F00420 E20000EA
	ds_load_u16_d16_hi v226, v234 offset:1568                  // 0000000074C8: DA9C0620 E20000EA
	ds_load_u16 v227, v234 offset:2080                         // 0000000074D0: D8F00820 E30000EA
	ds_load_u16_d16_hi v227, v234 offset:2592                  // 0000000074D8: DA9C0A20 E30000EA
	ds_load_u16 v228, v234 offset:3104                         // 0000000074E0: D8F00C20 E40000EA
	ds_load_u16_d16_hi v228, v234 offset:3616                  // 0000000074E8: DA9C0E20 E40000EA
	v_wmma_f32_16x16x16_bf16 v[64:71], v[8:15], v[16:23], v[64:71]// 0000000074F0: CC414040 1D022108
	s_waitcnt lgkmcnt(0)                                       // 0000000074F8: BF89FC07
	ds_swizzle_b32 v229, v225 offset:swizzle(SWAP,16)          // 0000000074FC: D8D4401F E50000E1
	ds_swizzle_b32 v230, v226 offset:swizzle(SWAP,16)          // 000000007504: D8D4401F E60000E2
	ds_swizzle_b32 v231, v227 offset:swizzle(SWAP,16)          // 00000000750C: D8D4401F E70000E3
	ds_swizzle_b32 v232, v228 offset:swizzle(SWAP,16)          // 000000007514: D8D4401F E80000E4
	s_waitcnt lgkmcnt(0)                                       // 00000000751C: BF89FC07
	ds_load_u16 v16, v234 offset:64                            // 000000007520: D8F00040 100000EA
	ds_load_u16_d16_hi v16, v234 offset:576                    // 000000007528: DA9C0240 100000EA
	ds_load_u16 v17, v234 offset:1088                          // 000000007530: D8F00440 110000EA
	ds_load_u16_d16_hi v17, v234 offset:1600                   // 000000007538: DA9C0640 110000EA
	ds_load_u16 v18, v234 offset:2112                          // 000000007540: D8F00840 120000EA
	ds_load_u16_d16_hi v18, v234 offset:2624                   // 000000007548: DA9C0A40 120000EA
	ds_load_u16 v19, v234 offset:3136                          // 000000007550: D8F00C40 130000EA
	ds_load_u16_d16_hi v19, v234 offset:3648                   // 000000007558: DA9C0E40 130000EA
	v_wmma_f32_16x16x16_bf16 v[72:79], v[8:15], v[225:232], v[72:79]// 000000007560: CC414048 1D23C308
	s_waitcnt lgkmcnt(0)                                       // 000000007568: BF89FC07
	ds_swizzle_b32 v20, v16 offset:swizzle(SWAP,16)            // 00000000756C: D8D4401F 14000010
	ds_swizzle_b32 v21, v17 offset:swizzle(SWAP,16)            // 000000007574: D8D4401F 15000011
	ds_swizzle_b32 v22, v18 offset:swizzle(SWAP,16)            // 00000000757C: D8D4401F 16000012
	ds_swizzle_b32 v23, v19 offset:swizzle(SWAP,16)            // 000000007584: D8D4401F 17000013
	s_waitcnt lgkmcnt(0)                                       // 00000000758C: BF89FC07
	ds_load_u16 v225, v234 offset:96                           // 000000007590: D8F00060 E10000EA
	ds_load_u16_d16_hi v225, v234 offset:608                   // 000000007598: DA9C0260 E10000EA
	ds_load_u16 v226, v234 offset:1120                         // 0000000075A0: D8F00460 E20000EA
	ds_load_u16_d16_hi v226, v234 offset:1632                  // 0000000075A8: DA9C0660 E20000EA
	ds_load_u16 v227, v234 offset:2144                         // 0000000075B0: D8F00860 E30000EA
	ds_load_u16_d16_hi v227, v234 offset:2656                  // 0000000075B8: DA9C0A60 E30000EA
	ds_load_u16 v228, v234 offset:3168                         // 0000000075C0: D8F00C60 E40000EA
	ds_load_u16_d16_hi v228, v234 offset:3680                  // 0000000075C8: DA9C0E60 E40000EA
	v_wmma_f32_16x16x16_bf16 v[80:87], v[8:15], v[16:23], v[80:87]// 0000000075D0: CC414050 1D422108
	s_waitcnt lgkmcnt(0)                                       // 0000000075D8: BF89FC07
	ds_swizzle_b32 v229, v225 offset:swizzle(SWAP,16)          // 0000000075DC: D8D4401F E50000E1
	ds_swizzle_b32 v230, v226 offset:swizzle(SWAP,16)          // 0000000075E4: D8D4401F E60000E2
	ds_swizzle_b32 v231, v227 offset:swizzle(SWAP,16)          // 0000000075EC: D8D4401F E70000E3
	ds_swizzle_b32 v232, v228 offset:swizzle(SWAP,16)          // 0000000075F4: D8D4401F E80000E4
	s_waitcnt lgkmcnt(0)                                       // 0000000075FC: BF89FC07
	ds_load_u16 v16, v234 offset:128                           // 000000007600: D8F00080 100000EA
	ds_load_u16_d16_hi v16, v234 offset:640                    // 000000007608: DA9C0280 100000EA
	ds_load_u16 v17, v234 offset:1152                          // 000000007610: D8F00480 110000EA
	ds_load_u16_d16_hi v17, v234 offset:1664                   // 000000007618: DA9C0680 110000EA
	ds_load_u16 v18, v234 offset:2176                          // 000000007620: D8F00880 120000EA
	ds_load_u16_d16_hi v18, v234 offset:2688                   // 000000007628: DA9C0A80 120000EA
	ds_load_u16 v19, v234 offset:3200                          // 000000007630: D8F00C80 130000EA
	ds_load_u16_d16_hi v19, v234 offset:3712                   // 000000007638: DA9C0E80 130000EA
	v_wmma_f32_16x16x16_bf16 v[88:95], v[8:15], v[225:232], v[88:95]// 000000007640: CC414058 1D63C308
	s_waitcnt lgkmcnt(0)                                       // 000000007648: BF89FC07
	ds_swizzle_b32 v20, v16 offset:swizzle(SWAP,16)            // 00000000764C: D8D4401F 14000010
	ds_swizzle_b32 v21, v17 offset:swizzle(SWAP,16)            // 000000007654: D8D4401F 15000011
	ds_swizzle_b32 v22, v18 offset:swizzle(SWAP,16)            // 00000000765C: D8D4401F 16000012
	ds_swizzle_b32 v23, v19 offset:swizzle(SWAP,16)            // 000000007664: D8D4401F 17000013
	s_waitcnt lgkmcnt(0)                                       // 00000000766C: BF89FC07
	ds_load_u16 v225, v234 offset:160                          // 000000007670: D8F000A0 E10000EA
	ds_load_u16_d16_hi v225, v234 offset:672                   // 000000007678: DA9C02A0 E10000EA
	ds_load_u16 v226, v234 offset:1184                         // 000000007680: D8F004A0 E20000EA
	ds_load_u16_d16_hi v226, v234 offset:1696                  // 000000007688: DA9C06A0 E20000EA
	ds_load_u16 v227, v234 offset:2208                         // 000000007690: D8F008A0 E30000EA
	ds_load_u16_d16_hi v227, v234 offset:2720                  // 000000007698: DA9C0AA0 E30000EA
	ds_load_u16 v228, v234 offset:3232                         // 0000000076A0: D8F00CA0 E40000EA
	ds_load_u16_d16_hi v228, v234 offset:3744                  // 0000000076A8: DA9C0EA0 E40000EA
	v_wmma_f32_16x16x16_bf16 v[96:103], v[8:15], v[16:23], v[96:103]// 0000000076B0: CC414060 1D822108
	s_waitcnt lgkmcnt(0)                                       // 0000000076B8: BF89FC07
	ds_swizzle_b32 v229, v225 offset:swizzle(SWAP,16)          // 0000000076BC: D8D4401F E50000E1
	ds_swizzle_b32 v230, v226 offset:swizzle(SWAP,16)          // 0000000076C4: D8D4401F E60000E2
	ds_swizzle_b32 v231, v227 offset:swizzle(SWAP,16)          // 0000000076CC: D8D4401F E70000E3
	ds_swizzle_b32 v232, v228 offset:swizzle(SWAP,16)          // 0000000076D4: D8D4401F E80000E4
	s_waitcnt lgkmcnt(0)                                       // 0000000076DC: BF89FC07
	ds_load_u16 v16, v234 offset:192                           // 0000000076E0: D8F000C0 100000EA
	ds_load_u16_d16_hi v16, v234 offset:704                    // 0000000076E8: DA9C02C0 100000EA
	ds_load_u16 v17, v234 offset:1216                          // 0000000076F0: D8F004C0 110000EA
	ds_load_u16_d16_hi v17, v234 offset:1728                   // 0000000076F8: DA9C06C0 110000EA
	ds_load_u16 v18, v234 offset:2240                          // 000000007700: D8F008C0 120000EA
	ds_load_u16_d16_hi v18, v234 offset:2752                   // 000000007708: DA9C0AC0 120000EA
	ds_load_u16 v19, v234 offset:3264                          // 000000007710: D8F00CC0 130000EA
	ds_load_u16_d16_hi v19, v234 offset:3776                   // 000000007718: DA9C0EC0 130000EA
	v_wmma_f32_16x16x16_bf16 v[104:111], v[8:15], v[225:232], v[104:111]// 000000007720: CC414068 1DA3C308
	s_waitcnt lgkmcnt(0)                                       // 000000007728: BF89FC07
	ds_swizzle_b32 v20, v16 offset:swizzle(SWAP,16)            // 00000000772C: D8D4401F 14000010
	ds_swizzle_b32 v21, v17 offset:swizzle(SWAP,16)            // 000000007734: D8D4401F 15000011
	ds_swizzle_b32 v22, v18 offset:swizzle(SWAP,16)            // 00000000773C: D8D4401F 16000012
	ds_swizzle_b32 v23, v19 offset:swizzle(SWAP,16)            // 000000007744: D8D4401F 17000013
	s_waitcnt lgkmcnt(0)                                       // 00000000774C: BF89FC07
	ds_load_u16 v225, v234 offset:224                          // 000000007750: D8F000E0 E10000EA
	ds_load_u16_d16_hi v225, v234 offset:736                   // 000000007758: DA9C02E0 E10000EA
	ds_load_u16 v226, v234 offset:1248                         // 000000007760: D8F004E0 E20000EA
	ds_load_u16_d16_hi v226, v234 offset:1760                  // 000000007768: DA9C06E0 E20000EA
	ds_load_u16 v227, v234 offset:2272                         // 000000007770: D8F008E0 E30000EA
	ds_load_u16_d16_hi v227, v234 offset:2784                  // 000000007778: DA9C0AE0 E30000EA
	ds_load_u16 v228, v234 offset:3296                         // 000000007780: D8F00CE0 E40000EA
	ds_load_u16_d16_hi v228, v234 offset:3808                  // 000000007788: DA9C0EE0 E40000EA
	v_wmma_f32_16x16x16_bf16 v[112:119], v[8:15], v[16:23], v[112:119]// 000000007790: CC414070 1DC22108
	s_waitcnt lgkmcnt(0)                                       // 000000007798: BF89FC07
	ds_swizzle_b32 v229, v225 offset:swizzle(SWAP,16)          // 00000000779C: D8D4401F E50000E1
	ds_swizzle_b32 v230, v226 offset:swizzle(SWAP,16)          // 0000000077A4: D8D4401F E60000E2
	ds_swizzle_b32 v231, v227 offset:swizzle(SWAP,16)          // 0000000077AC: D8D4401F E70000E3
	ds_swizzle_b32 v232, v228 offset:swizzle(SWAP,16)          // 0000000077B4: D8D4401F E80000E4
	s_waitcnt lgkmcnt(0)                                       // 0000000077BC: BF89FC07
	ds_load_u16 v16, v234 offset:256                           // 0000000077C0: D8F00100 100000EA
	ds_load_u16_d16_hi v16, v234 offset:768                    // 0000000077C8: DA9C0300 100000EA
	ds_load_u16 v17, v234 offset:1280                          // 0000000077D0: D8F00500 110000EA
	ds_load_u16_d16_hi v17, v234 offset:1792                   // 0000000077D8: DA9C0700 110000EA
	ds_load_u16 v18, v234 offset:2304                          // 0000000077E0: D8F00900 120000EA
	ds_load_u16_d16_hi v18, v234 offset:2816                   // 0000000077E8: DA9C0B00 120000EA
	ds_load_u16 v19, v234 offset:3328                          // 0000000077F0: D8F00D00 130000EA
	ds_load_u16_d16_hi v19, v234 offset:3840                   // 0000000077F8: DA9C0F00 130000EA
	v_wmma_f32_16x16x16_bf16 v[120:127], v[8:15], v[225:232], v[120:127]// 000000007800: CC414078 1DE3C308
	s_waitcnt lgkmcnt(0)                                       // 000000007808: BF89FC07
	ds_swizzle_b32 v20, v16 offset:swizzle(SWAP,16)            // 00000000780C: D8D4401F 14000010
	ds_swizzle_b32 v21, v17 offset:swizzle(SWAP,16)            // 000000007814: D8D4401F 15000011
	ds_swizzle_b32 v22, v18 offset:swizzle(SWAP,16)            // 00000000781C: D8D4401F 16000012
	ds_swizzle_b32 v23, v19 offset:swizzle(SWAP,16)            // 000000007824: D8D4401F 17000013
	s_waitcnt lgkmcnt(0)                                       // 00000000782C: BF89FC07
	ds_load_u16 v225, v234 offset:288                          // 000000007830: D8F00120 E10000EA
	ds_load_u16_d16_hi v225, v234 offset:800                   // 000000007838: DA9C0320 E10000EA
	ds_load_u16 v226, v234 offset:1312                         // 000000007840: D8F00520 E20000EA
	ds_load_u16_d16_hi v226, v234 offset:1824                  // 000000007848: DA9C0720 E20000EA
	ds_load_u16 v227, v234 offset:2336                         // 000000007850: D8F00920 E30000EA
	ds_load_u16_d16_hi v227, v234 offset:2848                  // 000000007858: DA9C0B20 E30000EA
	ds_load_u16 v228, v234 offset:3360                         // 000000007860: D8F00D20 E40000EA
	ds_load_u16_d16_hi v228, v234 offset:3872                  // 000000007868: DA9C0F20 E40000EA
	v_wmma_f32_16x16x16_bf16 v[128:135], v[8:15], v[16:23], v[128:135]// 000000007870: CC414080 1E022108
	s_waitcnt lgkmcnt(0)                                       // 000000007878: BF89FC07
	ds_swizzle_b32 v229, v225 offset:swizzle(SWAP,16)          // 00000000787C: D8D4401F E50000E1
	ds_swizzle_b32 v230, v226 offset:swizzle(SWAP,16)          // 000000007884: D8D4401F E60000E2
	ds_swizzle_b32 v231, v227 offset:swizzle(SWAP,16)          // 00000000788C: D8D4401F E70000E3
	ds_swizzle_b32 v232, v228 offset:swizzle(SWAP,16)          // 000000007894: D8D4401F E80000E4
	s_waitcnt lgkmcnt(0)                                       // 00000000789C: BF89FC07
	ds_load_u16 v16, v234 offset:320                           // 0000000078A0: D8F00140 100000EA
	ds_load_u16_d16_hi v16, v234 offset:832                    // 0000000078A8: DA9C0340 100000EA
	ds_load_u16 v17, v234 offset:1344                          // 0000000078B0: D8F00540 110000EA
	ds_load_u16_d16_hi v17, v234 offset:1856                   // 0000000078B8: DA9C0740 110000EA
	ds_load_u16 v18, v234 offset:2368                          // 0000000078C0: D8F00940 120000EA
	ds_load_u16_d16_hi v18, v234 offset:2880                   // 0000000078C8: DA9C0B40 120000EA
	ds_load_u16 v19, v234 offset:3392                          // 0000000078D0: D8F00D40 130000EA
	ds_load_u16_d16_hi v19, v234 offset:3904                   // 0000000078D8: DA9C0F40 130000EA
	v_wmma_f32_16x16x16_bf16 v[136:143], v[8:15], v[225:232], v[136:143]// 0000000078E0: CC414088 1E23C308
	s_waitcnt lgkmcnt(0)                                       // 0000000078E8: BF89FC07
	ds_swizzle_b32 v20, v16 offset:swizzle(SWAP,16)            // 0000000078EC: D8D4401F 14000010
	ds_swizzle_b32 v21, v17 offset:swizzle(SWAP,16)            // 0000000078F4: D8D4401F 15000011
	ds_swizzle_b32 v22, v18 offset:swizzle(SWAP,16)            // 0000000078FC: D8D4401F 16000012
	ds_swizzle_b32 v23, v19 offset:swizzle(SWAP,16)            // 000000007904: D8D4401F 17000013
	s_waitcnt lgkmcnt(0)                                       // 00000000790C: BF89FC07
	ds_load_u16 v225, v234 offset:352                          // 000000007910: D8F00160 E10000EA
	ds_load_u16_d16_hi v225, v234 offset:864                   // 000000007918: DA9C0360 E10000EA
	ds_load_u16 v226, v234 offset:1376                         // 000000007920: D8F00560 E20000EA
	ds_load_u16_d16_hi v226, v234 offset:1888                  // 000000007928: DA9C0760 E20000EA
	ds_load_u16 v227, v234 offset:2400                         // 000000007930: D8F00960 E30000EA
	ds_load_u16_d16_hi v227, v234 offset:2912                  // 000000007938: DA9C0B60 E30000EA
	ds_load_u16 v228, v234 offset:3424                         // 000000007940: D8F00D60 E40000EA
	ds_load_u16_d16_hi v228, v234 offset:3936                  // 000000007948: DA9C0F60 E40000EA
	v_wmma_f32_16x16x16_bf16 v[144:151], v[8:15], v[16:23], v[144:151]// 000000007950: CC414090 1E422108
	s_waitcnt lgkmcnt(0)                                       // 000000007958: BF89FC07
	ds_swizzle_b32 v229, v225 offset:swizzle(SWAP,16)          // 00000000795C: D8D4401F E50000E1
	ds_swizzle_b32 v230, v226 offset:swizzle(SWAP,16)          // 000000007964: D8D4401F E60000E2
	ds_swizzle_b32 v231, v227 offset:swizzle(SWAP,16)          // 00000000796C: D8D4401F E70000E3
	ds_swizzle_b32 v232, v228 offset:swizzle(SWAP,16)          // 000000007974: D8D4401F E80000E4
	s_waitcnt lgkmcnt(0)                                       // 00000000797C: BF89FC07
	ds_load_u16 v16, v234 offset:384                           // 000000007980: D8F00180 100000EA
	ds_load_u16_d16_hi v16, v234 offset:896                    // 000000007988: DA9C0380 100000EA
	ds_load_u16 v17, v234 offset:1408                          // 000000007990: D8F00580 110000EA
	ds_load_u16_d16_hi v17, v234 offset:1920                   // 000000007998: DA9C0780 110000EA
	ds_load_u16 v18, v234 offset:2432                          // 0000000079A0: D8F00980 120000EA
	ds_load_u16_d16_hi v18, v234 offset:2944                   // 0000000079A8: DA9C0B80 120000EA
	ds_load_u16 v19, v234 offset:3456                          // 0000000079B0: D8F00D80 130000EA
	ds_load_u16_d16_hi v19, v234 offset:3968                   // 0000000079B8: DA9C0F80 130000EA
	v_wmma_f32_16x16x16_bf16 v[152:159], v[8:15], v[225:232], v[152:159]// 0000000079C0: CC414098 1E63C308
	s_waitcnt lgkmcnt(0)                                       // 0000000079C8: BF89FC07
	ds_swizzle_b32 v20, v16 offset:swizzle(SWAP,16)            // 0000000079CC: D8D4401F 14000010
	ds_swizzle_b32 v21, v17 offset:swizzle(SWAP,16)            // 0000000079D4: D8D4401F 15000011
	ds_swizzle_b32 v22, v18 offset:swizzle(SWAP,16)            // 0000000079DC: D8D4401F 16000012
	ds_swizzle_b32 v23, v19 offset:swizzle(SWAP,16)            // 0000000079E4: D8D4401F 17000013
	s_waitcnt lgkmcnt(0)                                       // 0000000079EC: BF89FC07
	ds_load_u16 v225, v234 offset:416                          // 0000000079F0: D8F001A0 E10000EA
	ds_load_u16_d16_hi v225, v234 offset:928                   // 0000000079F8: DA9C03A0 E10000EA
	ds_load_u16 v226, v234 offset:1440                         // 000000007A00: D8F005A0 E20000EA
	ds_load_u16_d16_hi v226, v234 offset:1952                  // 000000007A08: DA9C07A0 E20000EA
	ds_load_u16 v227, v234 offset:2464                         // 000000007A10: D8F009A0 E30000EA
	ds_load_u16_d16_hi v227, v234 offset:2976                  // 000000007A18: DA9C0BA0 E30000EA
	ds_load_u16 v228, v234 offset:3488                         // 000000007A20: D8F00DA0 E40000EA
	ds_load_u16_d16_hi v228, v234 offset:4000                  // 000000007A28: DA9C0FA0 E40000EA
	v_wmma_f32_16x16x16_bf16 v[160:167], v[8:15], v[16:23], v[160:167]// 000000007A30: CC4140A0 1E822108
	s_waitcnt lgkmcnt(0)                                       // 000000007A38: BF89FC07
	ds_swizzle_b32 v229, v225 offset:swizzle(SWAP,16)          // 000000007A3C: D8D4401F E50000E1
	ds_swizzle_b32 v230, v226 offset:swizzle(SWAP,16)          // 000000007A44: D8D4401F E60000E2
	ds_swizzle_b32 v231, v227 offset:swizzle(SWAP,16)          // 000000007A4C: D8D4401F E70000E3
	ds_swizzle_b32 v232, v228 offset:swizzle(SWAP,16)          // 000000007A54: D8D4401F E80000E4
	s_waitcnt lgkmcnt(0)                                       // 000000007A5C: BF89FC07
	ds_load_u16 v16, v234 offset:448                           // 000000007A60: D8F001C0 100000EA
	ds_load_u16_d16_hi v16, v234 offset:960                    // 000000007A68: DA9C03C0 100000EA
	ds_load_u16 v17, v234 offset:1472                          // 000000007A70: D8F005C0 110000EA
	ds_load_u16_d16_hi v17, v234 offset:1984                   // 000000007A78: DA9C07C0 110000EA
	ds_load_u16 v18, v234 offset:2496                          // 000000007A80: D8F009C0 120000EA
	ds_load_u16_d16_hi v18, v234 offset:3008                   // 000000007A88: DA9C0BC0 120000EA
	ds_load_u16 v19, v234 offset:3520                          // 000000007A90: D8F00DC0 130000EA
	ds_load_u16_d16_hi v19, v234 offset:4032                   // 000000007A98: DA9C0FC0 130000EA
	v_wmma_f32_16x16x16_bf16 v[168:175], v[8:15], v[225:232], v[168:175]// 000000007AA0: CC4140A8 1EA3C308
	s_waitcnt lgkmcnt(0)                                       // 000000007AA8: BF89FC07
	ds_swizzle_b32 v20, v16 offset:swizzle(SWAP,16)            // 000000007AAC: D8D4401F 14000010
	ds_swizzle_b32 v21, v17 offset:swizzle(SWAP,16)            // 000000007AB4: D8D4401F 15000011
	ds_swizzle_b32 v22, v18 offset:swizzle(SWAP,16)            // 000000007ABC: D8D4401F 16000012
	ds_swizzle_b32 v23, v19 offset:swizzle(SWAP,16)            // 000000007AC4: D8D4401F 17000013
	s_waitcnt lgkmcnt(0)                                       // 000000007ACC: BF89FC07
	ds_load_u16 v225, v234 offset:480                          // 000000007AD0: D8F001E0 E10000EA
	ds_load_u16_d16_hi v225, v234 offset:992                   // 000000007AD8: DA9C03E0 E10000EA
	ds_load_u16 v226, v234 offset:1504                         // 000000007AE0: D8F005E0 E20000EA
	ds_load_u16_d16_hi v226, v234 offset:2016                  // 000000007AE8: DA9C07E0 E20000EA
	ds_load_u16 v227, v234 offset:2528                         // 000000007AF0: D8F009E0 E30000EA
	ds_load_u16_d16_hi v227, v234 offset:3040                  // 000000007AF8: DA9C0BE0 E30000EA
	ds_load_u16 v228, v234 offset:3552                         // 000000007B00: D8F00DE0 E40000EA
	ds_load_u16_d16_hi v228, v234 offset:4064                  // 000000007B08: DA9C0FE0 E40000EA
	v_wmma_f32_16x16x16_bf16 v[176:183], v[8:15], v[16:23], v[176:183]// 000000007B10: CC4140B0 1EC22108
	s_waitcnt lgkmcnt(0)                                       // 000000007B18: BF89FC07
	ds_swizzle_b32 v229, v225 offset:swizzle(SWAP,16)          // 000000007B1C: D8D4401F E50000E1
	ds_swizzle_b32 v230, v226 offset:swizzle(SWAP,16)          // 000000007B24: D8D4401F E60000E2
	ds_swizzle_b32 v231, v227 offset:swizzle(SWAP,16)          // 000000007B2C: D8D4401F E70000E3
	ds_swizzle_b32 v232, v228 offset:swizzle(SWAP,16)          // 000000007B34: D8D4401F E80000E4
	s_waitcnt lgkmcnt(0)                                       // 000000007B3C: BF89FC07
	v_wmma_f32_16x16x16_bf16 v[184:191], v[8:15], v[225:232], v[184:191]// 000000007B40: CC4140B8 1EE3C308
	ds_load_b128 v[8:11], v233 offset:64                       // 000000007B48: DBFC0040 080000E9
	s_waitcnt lgkmcnt(0)                                       // 000000007B50: BF89FC07
	ds_swizzle_b32 v12, v8 offset:swizzle(SWAP,16)             // 000000007B54: D8D4401F 0C000008
	ds_swizzle_b32 v13, v9 offset:swizzle(SWAP,16)             // 000000007B5C: D8D4401F 0D000009
	ds_swizzle_b32 v14, v10 offset:swizzle(SWAP,16)            // 000000007B64: D8D4401F 0E00000A
	ds_swizzle_b32 v15, v11 offset:swizzle(SWAP,16)            // 000000007B6C: D8D4401F 0F00000B
	s_waitcnt lgkmcnt(0)                                       // 000000007B74: BF89FC07
	v_lshlrev_b32_e32 v234, 12, v4                             // 000000007B78: 31D4088C
	v_lshl_add_u32 v234, v3, 1, v234                           // 000000007B7C: D64600EA 07A90303
	v_add_nc_u32_e32 v234, 0xc000, v234                        // 000000007B84: 4BD5D4FF 0000C000
	ds_load_u16 v16, v234                                      // 000000007B8C: D8F00000 100000EA
	ds_load_u16_d16_hi v16, v234 offset:512                    // 000000007B94: DA9C0200 100000EA
	ds_load_u16 v17, v234 offset:1024                          // 000000007B9C: D8F00400 110000EA
	ds_load_u16_d16_hi v17, v234 offset:1536                   // 000000007BA4: DA9C0600 110000EA
	ds_load_u16 v18, v234 offset:2048                          // 000000007BAC: D8F00800 120000EA
	ds_load_u16_d16_hi v18, v234 offset:2560                   // 000000007BB4: DA9C0A00 120000EA
	ds_load_u16 v19, v234 offset:3072                          // 000000007BBC: D8F00C00 130000EA
	ds_load_u16_d16_hi v19, v234 offset:3584                   // 000000007BC4: DA9C0E00 130000EA
	s_waitcnt lgkmcnt(0)                                       // 000000007BCC: BF89FC07
	ds_swizzle_b32 v20, v16 offset:swizzle(SWAP,16)            // 000000007BD0: D8D4401F 14000010
	ds_swizzle_b32 v21, v17 offset:swizzle(SWAP,16)            // 000000007BD8: D8D4401F 15000011
	ds_swizzle_b32 v22, v18 offset:swizzle(SWAP,16)            // 000000007BE0: D8D4401F 16000012
	ds_swizzle_b32 v23, v19 offset:swizzle(SWAP,16)            // 000000007BE8: D8D4401F 17000013
	s_waitcnt lgkmcnt(0)                                       // 000000007BF0: BF89FC07
	ds_load_u16 v225, v234 offset:32                           // 000000007BF4: D8F00020 E10000EA
	ds_load_u16_d16_hi v225, v234 offset:544                   // 000000007BFC: DA9C0220 E10000EA
	ds_load_u16 v226, v234 offset:1056                         // 000000007C04: D8F00420 E20000EA
	ds_load_u16_d16_hi v226, v234 offset:1568                  // 000000007C0C: DA9C0620 E20000EA
	ds_load_u16 v227, v234 offset:2080                         // 000000007C14: D8F00820 E30000EA
	ds_load_u16_d16_hi v227, v234 offset:2592                  // 000000007C1C: DA9C0A20 E30000EA
	ds_load_u16 v228, v234 offset:3104                         // 000000007C24: D8F00C20 E40000EA
	ds_load_u16_d16_hi v228, v234 offset:3616                  // 000000007C2C: DA9C0E20 E40000EA
	v_wmma_f32_16x16x16_bf16 v[64:71], v[8:15], v[16:23], v[64:71]// 000000007C34: CC414040 1D022108
	s_waitcnt lgkmcnt(0)                                       // 000000007C3C: BF89FC07
	ds_swizzle_b32 v229, v225 offset:swizzle(SWAP,16)          // 000000007C40: D8D4401F E50000E1
	ds_swizzle_b32 v230, v226 offset:swizzle(SWAP,16)          // 000000007C48: D8D4401F E60000E2
	ds_swizzle_b32 v231, v227 offset:swizzle(SWAP,16)          // 000000007C50: D8D4401F E70000E3
	ds_swizzle_b32 v232, v228 offset:swizzle(SWAP,16)          // 000000007C58: D8D4401F E80000E4
	s_waitcnt lgkmcnt(0)                                       // 000000007C60: BF89FC07
	ds_load_u16 v16, v234 offset:64                            // 000000007C64: D8F00040 100000EA
	ds_load_u16_d16_hi v16, v234 offset:576                    // 000000007C6C: DA9C0240 100000EA
	ds_load_u16 v17, v234 offset:1088                          // 000000007C74: D8F00440 110000EA
	ds_load_u16_d16_hi v17, v234 offset:1600                   // 000000007C7C: DA9C0640 110000EA
	ds_load_u16 v18, v234 offset:2112                          // 000000007C84: D8F00840 120000EA
	ds_load_u16_d16_hi v18, v234 offset:2624                   // 000000007C8C: DA9C0A40 120000EA
	ds_load_u16 v19, v234 offset:3136                          // 000000007C94: D8F00C40 130000EA
	ds_load_u16_d16_hi v19, v234 offset:3648                   // 000000007C9C: DA9C0E40 130000EA
	v_wmma_f32_16x16x16_bf16 v[72:79], v[8:15], v[225:232], v[72:79]// 000000007CA4: CC414048 1D23C308
	s_waitcnt lgkmcnt(0)                                       // 000000007CAC: BF89FC07
	ds_swizzle_b32 v20, v16 offset:swizzle(SWAP,16)            // 000000007CB0: D8D4401F 14000010
	ds_swizzle_b32 v21, v17 offset:swizzle(SWAP,16)            // 000000007CB8: D8D4401F 15000011
	ds_swizzle_b32 v22, v18 offset:swizzle(SWAP,16)            // 000000007CC0: D8D4401F 16000012
	ds_swizzle_b32 v23, v19 offset:swizzle(SWAP,16)            // 000000007CC8: D8D4401F 17000013
	s_waitcnt lgkmcnt(0)                                       // 000000007CD0: BF89FC07
	ds_load_u16 v225, v234 offset:96                           // 000000007CD4: D8F00060 E10000EA
	ds_load_u16_d16_hi v225, v234 offset:608                   // 000000007CDC: DA9C0260 E10000EA
	ds_load_u16 v226, v234 offset:1120                         // 000000007CE4: D8F00460 E20000EA
	ds_load_u16_d16_hi v226, v234 offset:1632                  // 000000007CEC: DA9C0660 E20000EA
	ds_load_u16 v227, v234 offset:2144                         // 000000007CF4: D8F00860 E30000EA
	ds_load_u16_d16_hi v227, v234 offset:2656                  // 000000007CFC: DA9C0A60 E30000EA
	ds_load_u16 v228, v234 offset:3168                         // 000000007D04: D8F00C60 E40000EA
	ds_load_u16_d16_hi v228, v234 offset:3680                  // 000000007D0C: DA9C0E60 E40000EA
	v_wmma_f32_16x16x16_bf16 v[80:87], v[8:15], v[16:23], v[80:87]// 000000007D14: CC414050 1D422108
	s_waitcnt lgkmcnt(0)                                       // 000000007D1C: BF89FC07
	ds_swizzle_b32 v229, v225 offset:swizzle(SWAP,16)          // 000000007D20: D8D4401F E50000E1
	ds_swizzle_b32 v230, v226 offset:swizzle(SWAP,16)          // 000000007D28: D8D4401F E60000E2
	ds_swizzle_b32 v231, v227 offset:swizzle(SWAP,16)          // 000000007D30: D8D4401F E70000E3
	ds_swizzle_b32 v232, v228 offset:swizzle(SWAP,16)          // 000000007D38: D8D4401F E80000E4
	s_waitcnt lgkmcnt(0)                                       // 000000007D40: BF89FC07
	ds_load_u16 v16, v234 offset:128                           // 000000007D44: D8F00080 100000EA
	ds_load_u16_d16_hi v16, v234 offset:640                    // 000000007D4C: DA9C0280 100000EA
	ds_load_u16 v17, v234 offset:1152                          // 000000007D54: D8F00480 110000EA
	ds_load_u16_d16_hi v17, v234 offset:1664                   // 000000007D5C: DA9C0680 110000EA
	ds_load_u16 v18, v234 offset:2176                          // 000000007D64: D8F00880 120000EA
	ds_load_u16_d16_hi v18, v234 offset:2688                   // 000000007D6C: DA9C0A80 120000EA
	ds_load_u16 v19, v234 offset:3200                          // 000000007D74: D8F00C80 130000EA
	ds_load_u16_d16_hi v19, v234 offset:3712                   // 000000007D7C: DA9C0E80 130000EA
	v_wmma_f32_16x16x16_bf16 v[88:95], v[8:15], v[225:232], v[88:95]// 000000007D84: CC414058 1D63C308
	s_waitcnt lgkmcnt(0)                                       // 000000007D8C: BF89FC07
	ds_swizzle_b32 v20, v16 offset:swizzle(SWAP,16)            // 000000007D90: D8D4401F 14000010
	ds_swizzle_b32 v21, v17 offset:swizzle(SWAP,16)            // 000000007D98: D8D4401F 15000011
	ds_swizzle_b32 v22, v18 offset:swizzle(SWAP,16)            // 000000007DA0: D8D4401F 16000012
	ds_swizzle_b32 v23, v19 offset:swizzle(SWAP,16)            // 000000007DA8: D8D4401F 17000013
	s_waitcnt lgkmcnt(0)                                       // 000000007DB0: BF89FC07
	ds_load_u16 v225, v234 offset:160                          // 000000007DB4: D8F000A0 E10000EA
	ds_load_u16_d16_hi v225, v234 offset:672                   // 000000007DBC: DA9C02A0 E10000EA
	ds_load_u16 v226, v234 offset:1184                         // 000000007DC4: D8F004A0 E20000EA
	ds_load_u16_d16_hi v226, v234 offset:1696                  // 000000007DCC: DA9C06A0 E20000EA
	ds_load_u16 v227, v234 offset:2208                         // 000000007DD4: D8F008A0 E30000EA
	ds_load_u16_d16_hi v227, v234 offset:2720                  // 000000007DDC: DA9C0AA0 E30000EA
	ds_load_u16 v228, v234 offset:3232                         // 000000007DE4: D8F00CA0 E40000EA
	ds_load_u16_d16_hi v228, v234 offset:3744                  // 000000007DEC: DA9C0EA0 E40000EA
	v_wmma_f32_16x16x16_bf16 v[96:103], v[8:15], v[16:23], v[96:103]// 000000007DF4: CC414060 1D822108
	s_waitcnt lgkmcnt(0)                                       // 000000007DFC: BF89FC07
	ds_swizzle_b32 v229, v225 offset:swizzle(SWAP,16)          // 000000007E00: D8D4401F E50000E1
	ds_swizzle_b32 v230, v226 offset:swizzle(SWAP,16)          // 000000007E08: D8D4401F E60000E2
	ds_swizzle_b32 v231, v227 offset:swizzle(SWAP,16)          // 000000007E10: D8D4401F E70000E3
	ds_swizzle_b32 v232, v228 offset:swizzle(SWAP,16)          // 000000007E18: D8D4401F E80000E4
	s_waitcnt lgkmcnt(0)                                       // 000000007E20: BF89FC07
	ds_load_u16 v16, v234 offset:192                           // 000000007E24: D8F000C0 100000EA
	ds_load_u16_d16_hi v16, v234 offset:704                    // 000000007E2C: DA9C02C0 100000EA
	ds_load_u16 v17, v234 offset:1216                          // 000000007E34: D8F004C0 110000EA
	ds_load_u16_d16_hi v17, v234 offset:1728                   // 000000007E3C: DA9C06C0 110000EA
	ds_load_u16 v18, v234 offset:2240                          // 000000007E44: D8F008C0 120000EA
	ds_load_u16_d16_hi v18, v234 offset:2752                   // 000000007E4C: DA9C0AC0 120000EA
	ds_load_u16 v19, v234 offset:3264                          // 000000007E54: D8F00CC0 130000EA
	ds_load_u16_d16_hi v19, v234 offset:3776                   // 000000007E5C: DA9C0EC0 130000EA
	v_wmma_f32_16x16x16_bf16 v[104:111], v[8:15], v[225:232], v[104:111]// 000000007E64: CC414068 1DA3C308
	s_waitcnt lgkmcnt(0)                                       // 000000007E6C: BF89FC07
	ds_swizzle_b32 v20, v16 offset:swizzle(SWAP,16)            // 000000007E70: D8D4401F 14000010
	ds_swizzle_b32 v21, v17 offset:swizzle(SWAP,16)            // 000000007E78: D8D4401F 15000011
	ds_swizzle_b32 v22, v18 offset:swizzle(SWAP,16)            // 000000007E80: D8D4401F 16000012
	ds_swizzle_b32 v23, v19 offset:swizzle(SWAP,16)            // 000000007E88: D8D4401F 17000013
	s_waitcnt lgkmcnt(0)                                       // 000000007E90: BF89FC07
	ds_load_u16 v225, v234 offset:224                          // 000000007E94: D8F000E0 E10000EA
	ds_load_u16_d16_hi v225, v234 offset:736                   // 000000007E9C: DA9C02E0 E10000EA
	ds_load_u16 v226, v234 offset:1248                         // 000000007EA4: D8F004E0 E20000EA
	ds_load_u16_d16_hi v226, v234 offset:1760                  // 000000007EAC: DA9C06E0 E20000EA
	ds_load_u16 v227, v234 offset:2272                         // 000000007EB4: D8F008E0 E30000EA
	ds_load_u16_d16_hi v227, v234 offset:2784                  // 000000007EBC: DA9C0AE0 E30000EA
	ds_load_u16 v228, v234 offset:3296                         // 000000007EC4: D8F00CE0 E40000EA
	ds_load_u16_d16_hi v228, v234 offset:3808                  // 000000007ECC: DA9C0EE0 E40000EA
	v_wmma_f32_16x16x16_bf16 v[112:119], v[8:15], v[16:23], v[112:119]// 000000007ED4: CC414070 1DC22108
	s_waitcnt lgkmcnt(0)                                       // 000000007EDC: BF89FC07
	ds_swizzle_b32 v229, v225 offset:swizzle(SWAP,16)          // 000000007EE0: D8D4401F E50000E1
	ds_swizzle_b32 v230, v226 offset:swizzle(SWAP,16)          // 000000007EE8: D8D4401F E60000E2
	ds_swizzle_b32 v231, v227 offset:swizzle(SWAP,16)          // 000000007EF0: D8D4401F E70000E3
	ds_swizzle_b32 v232, v228 offset:swizzle(SWAP,16)          // 000000007EF8: D8D4401F E80000E4
	s_waitcnt lgkmcnt(0)                                       // 000000007F00: BF89FC07
	ds_load_u16 v16, v234 offset:256                           // 000000007F04: D8F00100 100000EA
	ds_load_u16_d16_hi v16, v234 offset:768                    // 000000007F0C: DA9C0300 100000EA
	ds_load_u16 v17, v234 offset:1280                          // 000000007F14: D8F00500 110000EA
	ds_load_u16_d16_hi v17, v234 offset:1792                   // 000000007F1C: DA9C0700 110000EA
	ds_load_u16 v18, v234 offset:2304                          // 000000007F24: D8F00900 120000EA
	ds_load_u16_d16_hi v18, v234 offset:2816                   // 000000007F2C: DA9C0B00 120000EA
	ds_load_u16 v19, v234 offset:3328                          // 000000007F34: D8F00D00 130000EA
	ds_load_u16_d16_hi v19, v234 offset:3840                   // 000000007F3C: DA9C0F00 130000EA
	v_wmma_f32_16x16x16_bf16 v[120:127], v[8:15], v[225:232], v[120:127]// 000000007F44: CC414078 1DE3C308
	s_waitcnt lgkmcnt(0)                                       // 000000007F4C: BF89FC07
	ds_swizzle_b32 v20, v16 offset:swizzle(SWAP,16)            // 000000007F50: D8D4401F 14000010
	ds_swizzle_b32 v21, v17 offset:swizzle(SWAP,16)            // 000000007F58: D8D4401F 15000011
	ds_swizzle_b32 v22, v18 offset:swizzle(SWAP,16)            // 000000007F60: D8D4401F 16000012
	ds_swizzle_b32 v23, v19 offset:swizzle(SWAP,16)            // 000000007F68: D8D4401F 17000013
	s_waitcnt lgkmcnt(0)                                       // 000000007F70: BF89FC07
	ds_load_u16 v225, v234 offset:288                          // 000000007F74: D8F00120 E10000EA
	ds_load_u16_d16_hi v225, v234 offset:800                   // 000000007F7C: DA9C0320 E10000EA
	ds_load_u16 v226, v234 offset:1312                         // 000000007F84: D8F00520 E20000EA
	ds_load_u16_d16_hi v226, v234 offset:1824                  // 000000007F8C: DA9C0720 E20000EA
	ds_load_u16 v227, v234 offset:2336                         // 000000007F94: D8F00920 E30000EA
	ds_load_u16_d16_hi v227, v234 offset:2848                  // 000000007F9C: DA9C0B20 E30000EA
	ds_load_u16 v228, v234 offset:3360                         // 000000007FA4: D8F00D20 E40000EA
	ds_load_u16_d16_hi v228, v234 offset:3872                  // 000000007FAC: DA9C0F20 E40000EA
	v_wmma_f32_16x16x16_bf16 v[128:135], v[8:15], v[16:23], v[128:135]// 000000007FB4: CC414080 1E022108
	s_waitcnt lgkmcnt(0)                                       // 000000007FBC: BF89FC07
	ds_swizzle_b32 v229, v225 offset:swizzle(SWAP,16)          // 000000007FC0: D8D4401F E50000E1
	ds_swizzle_b32 v230, v226 offset:swizzle(SWAP,16)          // 000000007FC8: D8D4401F E60000E2
	ds_swizzle_b32 v231, v227 offset:swizzle(SWAP,16)          // 000000007FD0: D8D4401F E70000E3
	ds_swizzle_b32 v232, v228 offset:swizzle(SWAP,16)          // 000000007FD8: D8D4401F E80000E4
	s_waitcnt lgkmcnt(0)                                       // 000000007FE0: BF89FC07
	ds_load_u16 v16, v234 offset:320                           // 000000007FE4: D8F00140 100000EA
	ds_load_u16_d16_hi v16, v234 offset:832                    // 000000007FEC: DA9C0340 100000EA
	ds_load_u16 v17, v234 offset:1344                          // 000000007FF4: D8F00540 110000EA
	ds_load_u16_d16_hi v17, v234 offset:1856                   // 000000007FFC: DA9C0740 110000EA
	ds_load_u16 v18, v234 offset:2368                          // 000000008004: D8F00940 120000EA
	ds_load_u16_d16_hi v18, v234 offset:2880                   // 00000000800C: DA9C0B40 120000EA
	ds_load_u16 v19, v234 offset:3392                          // 000000008014: D8F00D40 130000EA
	ds_load_u16_d16_hi v19, v234 offset:3904                   // 00000000801C: DA9C0F40 130000EA
	v_wmma_f32_16x16x16_bf16 v[136:143], v[8:15], v[225:232], v[136:143]// 000000008024: CC414088 1E23C308
	s_waitcnt lgkmcnt(0)                                       // 00000000802C: BF89FC07
	ds_swizzle_b32 v20, v16 offset:swizzle(SWAP,16)            // 000000008030: D8D4401F 14000010
	ds_swizzle_b32 v21, v17 offset:swizzle(SWAP,16)            // 000000008038: D8D4401F 15000011
	ds_swizzle_b32 v22, v18 offset:swizzle(SWAP,16)            // 000000008040: D8D4401F 16000012
	ds_swizzle_b32 v23, v19 offset:swizzle(SWAP,16)            // 000000008048: D8D4401F 17000013
	s_waitcnt lgkmcnt(0)                                       // 000000008050: BF89FC07
	ds_load_u16 v225, v234 offset:352                          // 000000008054: D8F00160 E10000EA
	ds_load_u16_d16_hi v225, v234 offset:864                   // 00000000805C: DA9C0360 E10000EA
	ds_load_u16 v226, v234 offset:1376                         // 000000008064: D8F00560 E20000EA
	ds_load_u16_d16_hi v226, v234 offset:1888                  // 00000000806C: DA9C0760 E20000EA
	ds_load_u16 v227, v234 offset:2400                         // 000000008074: D8F00960 E30000EA
	ds_load_u16_d16_hi v227, v234 offset:2912                  // 00000000807C: DA9C0B60 E30000EA
	ds_load_u16 v228, v234 offset:3424                         // 000000008084: D8F00D60 E40000EA
	ds_load_u16_d16_hi v228, v234 offset:3936                  // 00000000808C: DA9C0F60 E40000EA
	v_wmma_f32_16x16x16_bf16 v[144:151], v[8:15], v[16:23], v[144:151]// 000000008094: CC414090 1E422108
	s_waitcnt lgkmcnt(0)                                       // 00000000809C: BF89FC07
	ds_swizzle_b32 v229, v225 offset:swizzle(SWAP,16)          // 0000000080A0: D8D4401F E50000E1
	ds_swizzle_b32 v230, v226 offset:swizzle(SWAP,16)          // 0000000080A8: D8D4401F E60000E2
	ds_swizzle_b32 v231, v227 offset:swizzle(SWAP,16)          // 0000000080B0: D8D4401F E70000E3
	ds_swizzle_b32 v232, v228 offset:swizzle(SWAP,16)          // 0000000080B8: D8D4401F E80000E4
	s_waitcnt lgkmcnt(0)                                       // 0000000080C0: BF89FC07
	ds_load_u16 v16, v234 offset:384                           // 0000000080C4: D8F00180 100000EA
	ds_load_u16_d16_hi v16, v234 offset:896                    // 0000000080CC: DA9C0380 100000EA
	ds_load_u16 v17, v234 offset:1408                          // 0000000080D4: D8F00580 110000EA
	ds_load_u16_d16_hi v17, v234 offset:1920                   // 0000000080DC: DA9C0780 110000EA
	ds_load_u16 v18, v234 offset:2432                          // 0000000080E4: D8F00980 120000EA
	ds_load_u16_d16_hi v18, v234 offset:2944                   // 0000000080EC: DA9C0B80 120000EA
	ds_load_u16 v19, v234 offset:3456                          // 0000000080F4: D8F00D80 130000EA
	ds_load_u16_d16_hi v19, v234 offset:3968                   // 0000000080FC: DA9C0F80 130000EA
	v_wmma_f32_16x16x16_bf16 v[152:159], v[8:15], v[225:232], v[152:159]// 000000008104: CC414098 1E63C308
	s_waitcnt lgkmcnt(0)                                       // 00000000810C: BF89FC07
	ds_swizzle_b32 v20, v16 offset:swizzle(SWAP,16)            // 000000008110: D8D4401F 14000010
	ds_swizzle_b32 v21, v17 offset:swizzle(SWAP,16)            // 000000008118: D8D4401F 15000011
	ds_swizzle_b32 v22, v18 offset:swizzle(SWAP,16)            // 000000008120: D8D4401F 16000012
	ds_swizzle_b32 v23, v19 offset:swizzle(SWAP,16)            // 000000008128: D8D4401F 17000013
	s_waitcnt lgkmcnt(0)                                       // 000000008130: BF89FC07
	ds_load_u16 v225, v234 offset:416                          // 000000008134: D8F001A0 E10000EA
	ds_load_u16_d16_hi v225, v234 offset:928                   // 00000000813C: DA9C03A0 E10000EA
	ds_load_u16 v226, v234 offset:1440                         // 000000008144: D8F005A0 E20000EA
	ds_load_u16_d16_hi v226, v234 offset:1952                  // 00000000814C: DA9C07A0 E20000EA
	ds_load_u16 v227, v234 offset:2464                         // 000000008154: D8F009A0 E30000EA
	ds_load_u16_d16_hi v227, v234 offset:2976                  // 00000000815C: DA9C0BA0 E30000EA
	ds_load_u16 v228, v234 offset:3488                         // 000000008164: D8F00DA0 E40000EA
	ds_load_u16_d16_hi v228, v234 offset:4000                  // 00000000816C: DA9C0FA0 E40000EA
	v_wmma_f32_16x16x16_bf16 v[160:167], v[8:15], v[16:23], v[160:167]// 000000008174: CC4140A0 1E822108
	s_waitcnt lgkmcnt(0)                                       // 00000000817C: BF89FC07
	ds_swizzle_b32 v229, v225 offset:swizzle(SWAP,16)          // 000000008180: D8D4401F E50000E1
	ds_swizzle_b32 v230, v226 offset:swizzle(SWAP,16)          // 000000008188: D8D4401F E60000E2
	ds_swizzle_b32 v231, v227 offset:swizzle(SWAP,16)          // 000000008190: D8D4401F E70000E3
	ds_swizzle_b32 v232, v228 offset:swizzle(SWAP,16)          // 000000008198: D8D4401F E80000E4
	s_waitcnt lgkmcnt(0)                                       // 0000000081A0: BF89FC07
	ds_load_u16 v16, v234 offset:448                           // 0000000081A4: D8F001C0 100000EA
	ds_load_u16_d16_hi v16, v234 offset:960                    // 0000000081AC: DA9C03C0 100000EA
	ds_load_u16 v17, v234 offset:1472                          // 0000000081B4: D8F005C0 110000EA
	ds_load_u16_d16_hi v17, v234 offset:1984                   // 0000000081BC: DA9C07C0 110000EA
	ds_load_u16 v18, v234 offset:2496                          // 0000000081C4: D8F009C0 120000EA
	ds_load_u16_d16_hi v18, v234 offset:3008                   // 0000000081CC: DA9C0BC0 120000EA
	ds_load_u16 v19, v234 offset:3520                          // 0000000081D4: D8F00DC0 130000EA
	ds_load_u16_d16_hi v19, v234 offset:4032                   // 0000000081DC: DA9C0FC0 130000EA
	v_wmma_f32_16x16x16_bf16 v[168:175], v[8:15], v[225:232], v[168:175]// 0000000081E4: CC4140A8 1EA3C308
	s_waitcnt lgkmcnt(0)                                       // 0000000081EC: BF89FC07
	ds_swizzle_b32 v20, v16 offset:swizzle(SWAP,16)            // 0000000081F0: D8D4401F 14000010
	ds_swizzle_b32 v21, v17 offset:swizzle(SWAP,16)            // 0000000081F8: D8D4401F 15000011
	ds_swizzle_b32 v22, v18 offset:swizzle(SWAP,16)            // 000000008200: D8D4401F 16000012
	ds_swizzle_b32 v23, v19 offset:swizzle(SWAP,16)            // 000000008208: D8D4401F 17000013
	s_waitcnt lgkmcnt(0)                                       // 000000008210: BF89FC07
	ds_load_u16 v225, v234 offset:480                          // 000000008214: D8F001E0 E10000EA
	ds_load_u16_d16_hi v225, v234 offset:992                   // 00000000821C: DA9C03E0 E10000EA
	ds_load_u16 v226, v234 offset:1504                         // 000000008224: D8F005E0 E20000EA
	ds_load_u16_d16_hi v226, v234 offset:2016                  // 00000000822C: DA9C07E0 E20000EA
	ds_load_u16 v227, v234 offset:2528                         // 000000008234: D8F009E0 E30000EA
	ds_load_u16_d16_hi v227, v234 offset:3040                  // 00000000823C: DA9C0BE0 E30000EA
	ds_load_u16 v228, v234 offset:3552                         // 000000008244: D8F00DE0 E40000EA
	ds_load_u16_d16_hi v228, v234 offset:4064                  // 00000000824C: DA9C0FE0 E40000EA
	v_wmma_f32_16x16x16_bf16 v[176:183], v[8:15], v[16:23], v[176:183]// 000000008254: CC4140B0 1EC22108
	s_waitcnt lgkmcnt(0)                                       // 00000000825C: BF89FC07
	ds_swizzle_b32 v229, v225 offset:swizzle(SWAP,16)          // 000000008260: D8D4401F E50000E1
	ds_swizzle_b32 v230, v226 offset:swizzle(SWAP,16)          // 000000008268: D8D4401F E60000E2
	ds_swizzle_b32 v231, v227 offset:swizzle(SWAP,16)          // 000000008270: D8D4401F E70000E3
	ds_swizzle_b32 v232, v228 offset:swizzle(SWAP,16)          // 000000008278: D8D4401F E80000E4
	s_waitcnt lgkmcnt(0)                                       // 000000008280: BF89FC07
	v_wmma_f32_16x16x16_bf16 v[184:191], v[8:15], v[225:232], v[184:191]// 000000008284: CC4140B8 1EE3C308
	ds_load_b128 v[8:11], v233 offset:96                       // 00000000828C: DBFC0060 080000E9
	s_waitcnt lgkmcnt(0)                                       // 000000008294: BF89FC07
	ds_swizzle_b32 v12, v8 offset:swizzle(SWAP,16)             // 000000008298: D8D4401F 0C000008
	ds_swizzle_b32 v13, v9 offset:swizzle(SWAP,16)             // 0000000082A0: D8D4401F 0D000009
	ds_swizzle_b32 v14, v10 offset:swizzle(SWAP,16)            // 0000000082A8: D8D4401F 0E00000A
	ds_swizzle_b32 v15, v11 offset:swizzle(SWAP,16)            // 0000000082B0: D8D4401F 0F00000B
	s_waitcnt lgkmcnt(0)                                       // 0000000082B8: BF89FC07
	v_lshlrev_b32_e32 v234, 12, v4                             // 0000000082BC: 31D4088C
	v_lshl_add_u32 v234, v3, 1, v234                           // 0000000082C0: D64600EA 07A90303
	v_add_nc_u32_e32 v234, 0xe000, v234                        // 0000000082C8: 4BD5D4FF 0000E000
	ds_load_u16 v16, v234                                      // 0000000082D0: D8F00000 100000EA
	ds_load_u16_d16_hi v16, v234 offset:512                    // 0000000082D8: DA9C0200 100000EA
	ds_load_u16 v17, v234 offset:1024                          // 0000000082E0: D8F00400 110000EA
	ds_load_u16_d16_hi v17, v234 offset:1536                   // 0000000082E8: DA9C0600 110000EA
	ds_load_u16 v18, v234 offset:2048                          // 0000000082F0: D8F00800 120000EA
	ds_load_u16_d16_hi v18, v234 offset:2560                   // 0000000082F8: DA9C0A00 120000EA
	ds_load_u16 v19, v234 offset:3072                          // 000000008300: D8F00C00 130000EA
	ds_load_u16_d16_hi v19, v234 offset:3584                   // 000000008308: DA9C0E00 130000EA
	s_waitcnt lgkmcnt(0)                                       // 000000008310: BF89FC07
	ds_swizzle_b32 v20, v16 offset:swizzle(SWAP,16)            // 000000008314: D8D4401F 14000010
	ds_swizzle_b32 v21, v17 offset:swizzle(SWAP,16)            // 00000000831C: D8D4401F 15000011
	ds_swizzle_b32 v22, v18 offset:swizzle(SWAP,16)            // 000000008324: D8D4401F 16000012
	ds_swizzle_b32 v23, v19 offset:swizzle(SWAP,16)            // 00000000832C: D8D4401F 17000013
	s_waitcnt lgkmcnt(0)                                       // 000000008334: BF89FC07
	ds_load_u16 v225, v234 offset:32                           // 000000008338: D8F00020 E10000EA
	ds_load_u16_d16_hi v225, v234 offset:544                   // 000000008340: DA9C0220 E10000EA
	ds_load_u16 v226, v234 offset:1056                         // 000000008348: D8F00420 E20000EA
	ds_load_u16_d16_hi v226, v234 offset:1568                  // 000000008350: DA9C0620 E20000EA
	ds_load_u16 v227, v234 offset:2080                         // 000000008358: D8F00820 E30000EA
	ds_load_u16_d16_hi v227, v234 offset:2592                  // 000000008360: DA9C0A20 E30000EA
	ds_load_u16 v228, v234 offset:3104                         // 000000008368: D8F00C20 E40000EA
	ds_load_u16_d16_hi v228, v234 offset:3616                  // 000000008370: DA9C0E20 E40000EA
	v_wmma_f32_16x16x16_bf16 v[64:71], v[8:15], v[16:23], v[64:71]// 000000008378: CC414040 1D022108
	s_waitcnt lgkmcnt(0)                                       // 000000008380: BF89FC07
	ds_swizzle_b32 v229, v225 offset:swizzle(SWAP,16)          // 000000008384: D8D4401F E50000E1
	ds_swizzle_b32 v230, v226 offset:swizzle(SWAP,16)          // 00000000838C: D8D4401F E60000E2
	ds_swizzle_b32 v231, v227 offset:swizzle(SWAP,16)          // 000000008394: D8D4401F E70000E3
	ds_swizzle_b32 v232, v228 offset:swizzle(SWAP,16)          // 00000000839C: D8D4401F E80000E4
	s_waitcnt lgkmcnt(0)                                       // 0000000083A4: BF89FC07
	ds_load_u16 v16, v234 offset:64                            // 0000000083A8: D8F00040 100000EA
	ds_load_u16_d16_hi v16, v234 offset:576                    // 0000000083B0: DA9C0240 100000EA
	ds_load_u16 v17, v234 offset:1088                          // 0000000083B8: D8F00440 110000EA
	ds_load_u16_d16_hi v17, v234 offset:1600                   // 0000000083C0: DA9C0640 110000EA
	ds_load_u16 v18, v234 offset:2112                          // 0000000083C8: D8F00840 120000EA
	ds_load_u16_d16_hi v18, v234 offset:2624                   // 0000000083D0: DA9C0A40 120000EA
	ds_load_u16 v19, v234 offset:3136                          // 0000000083D8: D8F00C40 130000EA
	ds_load_u16_d16_hi v19, v234 offset:3648                   // 0000000083E0: DA9C0E40 130000EA
	v_wmma_f32_16x16x16_bf16 v[72:79], v[8:15], v[225:232], v[72:79]// 0000000083E8: CC414048 1D23C308
	s_waitcnt lgkmcnt(0)                                       // 0000000083F0: BF89FC07
	ds_swizzle_b32 v20, v16 offset:swizzle(SWAP,16)            // 0000000083F4: D8D4401F 14000010
	ds_swizzle_b32 v21, v17 offset:swizzle(SWAP,16)            // 0000000083FC: D8D4401F 15000011
	ds_swizzle_b32 v22, v18 offset:swizzle(SWAP,16)            // 000000008404: D8D4401F 16000012
	ds_swizzle_b32 v23, v19 offset:swizzle(SWAP,16)            // 00000000840C: D8D4401F 17000013
	s_waitcnt lgkmcnt(0)                                       // 000000008414: BF89FC07
	ds_load_u16 v225, v234 offset:96                           // 000000008418: D8F00060 E10000EA
	ds_load_u16_d16_hi v225, v234 offset:608                   // 000000008420: DA9C0260 E10000EA
	ds_load_u16 v226, v234 offset:1120                         // 000000008428: D8F00460 E20000EA
	ds_load_u16_d16_hi v226, v234 offset:1632                  // 000000008430: DA9C0660 E20000EA
	ds_load_u16 v227, v234 offset:2144                         // 000000008438: D8F00860 E30000EA
	ds_load_u16_d16_hi v227, v234 offset:2656                  // 000000008440: DA9C0A60 E30000EA
	ds_load_u16 v228, v234 offset:3168                         // 000000008448: D8F00C60 E40000EA
	ds_load_u16_d16_hi v228, v234 offset:3680                  // 000000008450: DA9C0E60 E40000EA
	v_wmma_f32_16x16x16_bf16 v[80:87], v[8:15], v[16:23], v[80:87]// 000000008458: CC414050 1D422108
	s_waitcnt lgkmcnt(0)                                       // 000000008460: BF89FC07
	ds_swizzle_b32 v229, v225 offset:swizzle(SWAP,16)          // 000000008464: D8D4401F E50000E1
	ds_swizzle_b32 v230, v226 offset:swizzle(SWAP,16)          // 00000000846C: D8D4401F E60000E2
	ds_swizzle_b32 v231, v227 offset:swizzle(SWAP,16)          // 000000008474: D8D4401F E70000E3
	ds_swizzle_b32 v232, v228 offset:swizzle(SWAP,16)          // 00000000847C: D8D4401F E80000E4
	s_waitcnt lgkmcnt(0)                                       // 000000008484: BF89FC07
	ds_load_u16 v16, v234 offset:128                           // 000000008488: D8F00080 100000EA
	ds_load_u16_d16_hi v16, v234 offset:640                    // 000000008490: DA9C0280 100000EA
	ds_load_u16 v17, v234 offset:1152                          // 000000008498: D8F00480 110000EA
	ds_load_u16_d16_hi v17, v234 offset:1664                   // 0000000084A0: DA9C0680 110000EA
	ds_load_u16 v18, v234 offset:2176                          // 0000000084A8: D8F00880 120000EA
	ds_load_u16_d16_hi v18, v234 offset:2688                   // 0000000084B0: DA9C0A80 120000EA
	ds_load_u16 v19, v234 offset:3200                          // 0000000084B8: D8F00C80 130000EA
	ds_load_u16_d16_hi v19, v234 offset:3712                   // 0000000084C0: DA9C0E80 130000EA
	v_wmma_f32_16x16x16_bf16 v[88:95], v[8:15], v[225:232], v[88:95]// 0000000084C8: CC414058 1D63C308
	s_waitcnt lgkmcnt(0)                                       // 0000000084D0: BF89FC07
	ds_swizzle_b32 v20, v16 offset:swizzle(SWAP,16)            // 0000000084D4: D8D4401F 14000010
	ds_swizzle_b32 v21, v17 offset:swizzle(SWAP,16)            // 0000000084DC: D8D4401F 15000011
	ds_swizzle_b32 v22, v18 offset:swizzle(SWAP,16)            // 0000000084E4: D8D4401F 16000012
	ds_swizzle_b32 v23, v19 offset:swizzle(SWAP,16)            // 0000000084EC: D8D4401F 17000013
	s_waitcnt lgkmcnt(0)                                       // 0000000084F4: BF89FC07
	ds_load_u16 v225, v234 offset:160                          // 0000000084F8: D8F000A0 E10000EA
	ds_load_u16_d16_hi v225, v234 offset:672                   // 000000008500: DA9C02A0 E10000EA
	ds_load_u16 v226, v234 offset:1184                         // 000000008508: D8F004A0 E20000EA
	ds_load_u16_d16_hi v226, v234 offset:1696                  // 000000008510: DA9C06A0 E20000EA
	ds_load_u16 v227, v234 offset:2208                         // 000000008518: D8F008A0 E30000EA
	ds_load_u16_d16_hi v227, v234 offset:2720                  // 000000008520: DA9C0AA0 E30000EA
	ds_load_u16 v228, v234 offset:3232                         // 000000008528: D8F00CA0 E40000EA
	ds_load_u16_d16_hi v228, v234 offset:3744                  // 000000008530: DA9C0EA0 E40000EA
	v_wmma_f32_16x16x16_bf16 v[96:103], v[8:15], v[16:23], v[96:103]// 000000008538: CC414060 1D822108
	s_waitcnt lgkmcnt(0)                                       // 000000008540: BF89FC07
	ds_swizzle_b32 v229, v225 offset:swizzle(SWAP,16)          // 000000008544: D8D4401F E50000E1
	ds_swizzle_b32 v230, v226 offset:swizzle(SWAP,16)          // 00000000854C: D8D4401F E60000E2
	ds_swizzle_b32 v231, v227 offset:swizzle(SWAP,16)          // 000000008554: D8D4401F E70000E3
	ds_swizzle_b32 v232, v228 offset:swizzle(SWAP,16)          // 00000000855C: D8D4401F E80000E4
	s_waitcnt lgkmcnt(0)                                       // 000000008564: BF89FC07
	ds_load_u16 v16, v234 offset:192                           // 000000008568: D8F000C0 100000EA
	ds_load_u16_d16_hi v16, v234 offset:704                    // 000000008570: DA9C02C0 100000EA
	ds_load_u16 v17, v234 offset:1216                          // 000000008578: D8F004C0 110000EA
	ds_load_u16_d16_hi v17, v234 offset:1728                   // 000000008580: DA9C06C0 110000EA
	ds_load_u16 v18, v234 offset:2240                          // 000000008588: D8F008C0 120000EA
	ds_load_u16_d16_hi v18, v234 offset:2752                   // 000000008590: DA9C0AC0 120000EA
	ds_load_u16 v19, v234 offset:3264                          // 000000008598: D8F00CC0 130000EA
	ds_load_u16_d16_hi v19, v234 offset:3776                   // 0000000085A0: DA9C0EC0 130000EA
	v_wmma_f32_16x16x16_bf16 v[104:111], v[8:15], v[225:232], v[104:111]// 0000000085A8: CC414068 1DA3C308
	s_waitcnt lgkmcnt(0)                                       // 0000000085B0: BF89FC07
	ds_swizzle_b32 v20, v16 offset:swizzle(SWAP,16)            // 0000000085B4: D8D4401F 14000010
	ds_swizzle_b32 v21, v17 offset:swizzle(SWAP,16)            // 0000000085BC: D8D4401F 15000011
	ds_swizzle_b32 v22, v18 offset:swizzle(SWAP,16)            // 0000000085C4: D8D4401F 16000012
	ds_swizzle_b32 v23, v19 offset:swizzle(SWAP,16)            // 0000000085CC: D8D4401F 17000013
	s_waitcnt lgkmcnt(0)                                       // 0000000085D4: BF89FC07
	ds_load_u16 v225, v234 offset:224                          // 0000000085D8: D8F000E0 E10000EA
	ds_load_u16_d16_hi v225, v234 offset:736                   // 0000000085E0: DA9C02E0 E10000EA
	ds_load_u16 v226, v234 offset:1248                         // 0000000085E8: D8F004E0 E20000EA
	ds_load_u16_d16_hi v226, v234 offset:1760                  // 0000000085F0: DA9C06E0 E20000EA
	ds_load_u16 v227, v234 offset:2272                         // 0000000085F8: D8F008E0 E30000EA
	ds_load_u16_d16_hi v227, v234 offset:2784                  // 000000008600: DA9C0AE0 E30000EA
	ds_load_u16 v228, v234 offset:3296                         // 000000008608: D8F00CE0 E40000EA
	ds_load_u16_d16_hi v228, v234 offset:3808                  // 000000008610: DA9C0EE0 E40000EA
	v_wmma_f32_16x16x16_bf16 v[112:119], v[8:15], v[16:23], v[112:119]// 000000008618: CC414070 1DC22108
	s_waitcnt lgkmcnt(0)                                       // 000000008620: BF89FC07
	ds_swizzle_b32 v229, v225 offset:swizzle(SWAP,16)          // 000000008624: D8D4401F E50000E1
	ds_swizzle_b32 v230, v226 offset:swizzle(SWAP,16)          // 00000000862C: D8D4401F E60000E2
	ds_swizzle_b32 v231, v227 offset:swizzle(SWAP,16)          // 000000008634: D8D4401F E70000E3
	ds_swizzle_b32 v232, v228 offset:swizzle(SWAP,16)          // 00000000863C: D8D4401F E80000E4
	s_waitcnt lgkmcnt(0)                                       // 000000008644: BF89FC07
	ds_load_u16 v16, v234 offset:256                           // 000000008648: D8F00100 100000EA
	ds_load_u16_d16_hi v16, v234 offset:768                    // 000000008650: DA9C0300 100000EA
	ds_load_u16 v17, v234 offset:1280                          // 000000008658: D8F00500 110000EA
	ds_load_u16_d16_hi v17, v234 offset:1792                   // 000000008660: DA9C0700 110000EA
	ds_load_u16 v18, v234 offset:2304                          // 000000008668: D8F00900 120000EA
	ds_load_u16_d16_hi v18, v234 offset:2816                   // 000000008670: DA9C0B00 120000EA
	ds_load_u16 v19, v234 offset:3328                          // 000000008678: D8F00D00 130000EA
	ds_load_u16_d16_hi v19, v234 offset:3840                   // 000000008680: DA9C0F00 130000EA
	v_wmma_f32_16x16x16_bf16 v[120:127], v[8:15], v[225:232], v[120:127]// 000000008688: CC414078 1DE3C308
	s_waitcnt lgkmcnt(0)                                       // 000000008690: BF89FC07
	ds_swizzle_b32 v20, v16 offset:swizzle(SWAP,16)            // 000000008694: D8D4401F 14000010
	ds_swizzle_b32 v21, v17 offset:swizzle(SWAP,16)            // 00000000869C: D8D4401F 15000011
	ds_swizzle_b32 v22, v18 offset:swizzle(SWAP,16)            // 0000000086A4: D8D4401F 16000012
	ds_swizzle_b32 v23, v19 offset:swizzle(SWAP,16)            // 0000000086AC: D8D4401F 17000013
	s_waitcnt lgkmcnt(0)                                       // 0000000086B4: BF89FC07
	ds_load_u16 v225, v234 offset:288                          // 0000000086B8: D8F00120 E10000EA
	ds_load_u16_d16_hi v225, v234 offset:800                   // 0000000086C0: DA9C0320 E10000EA
	ds_load_u16 v226, v234 offset:1312                         // 0000000086C8: D8F00520 E20000EA
	ds_load_u16_d16_hi v226, v234 offset:1824                  // 0000000086D0: DA9C0720 E20000EA
	ds_load_u16 v227, v234 offset:2336                         // 0000000086D8: D8F00920 E30000EA
	ds_load_u16_d16_hi v227, v234 offset:2848                  // 0000000086E0: DA9C0B20 E30000EA
	ds_load_u16 v228, v234 offset:3360                         // 0000000086E8: D8F00D20 E40000EA
	ds_load_u16_d16_hi v228, v234 offset:3872                  // 0000000086F0: DA9C0F20 E40000EA
	v_wmma_f32_16x16x16_bf16 v[128:135], v[8:15], v[16:23], v[128:135]// 0000000086F8: CC414080 1E022108
	s_waitcnt lgkmcnt(0)                                       // 000000008700: BF89FC07
	ds_swizzle_b32 v229, v225 offset:swizzle(SWAP,16)          // 000000008704: D8D4401F E50000E1
	ds_swizzle_b32 v230, v226 offset:swizzle(SWAP,16)          // 00000000870C: D8D4401F E60000E2
	ds_swizzle_b32 v231, v227 offset:swizzle(SWAP,16)          // 000000008714: D8D4401F E70000E3
	ds_swizzle_b32 v232, v228 offset:swizzle(SWAP,16)          // 00000000871C: D8D4401F E80000E4
	s_waitcnt lgkmcnt(0)                                       // 000000008724: BF89FC07
	ds_load_u16 v16, v234 offset:320                           // 000000008728: D8F00140 100000EA
	ds_load_u16_d16_hi v16, v234 offset:832                    // 000000008730: DA9C0340 100000EA
	ds_load_u16 v17, v234 offset:1344                          // 000000008738: D8F00540 110000EA
	ds_load_u16_d16_hi v17, v234 offset:1856                   // 000000008740: DA9C0740 110000EA
	ds_load_u16 v18, v234 offset:2368                          // 000000008748: D8F00940 120000EA
	ds_load_u16_d16_hi v18, v234 offset:2880                   // 000000008750: DA9C0B40 120000EA
	ds_load_u16 v19, v234 offset:3392                          // 000000008758: D8F00D40 130000EA
	ds_load_u16_d16_hi v19, v234 offset:3904                   // 000000008760: DA9C0F40 130000EA
	v_wmma_f32_16x16x16_bf16 v[136:143], v[8:15], v[225:232], v[136:143]// 000000008768: CC414088 1E23C308
	s_waitcnt lgkmcnt(0)                                       // 000000008770: BF89FC07
	ds_swizzle_b32 v20, v16 offset:swizzle(SWAP,16)            // 000000008774: D8D4401F 14000010
	ds_swizzle_b32 v21, v17 offset:swizzle(SWAP,16)            // 00000000877C: D8D4401F 15000011
	ds_swizzle_b32 v22, v18 offset:swizzle(SWAP,16)            // 000000008784: D8D4401F 16000012
	ds_swizzle_b32 v23, v19 offset:swizzle(SWAP,16)            // 00000000878C: D8D4401F 17000013
	s_waitcnt lgkmcnt(0)                                       // 000000008794: BF89FC07
	ds_load_u16 v225, v234 offset:352                          // 000000008798: D8F00160 E10000EA
	ds_load_u16_d16_hi v225, v234 offset:864                   // 0000000087A0: DA9C0360 E10000EA
	ds_load_u16 v226, v234 offset:1376                         // 0000000087A8: D8F00560 E20000EA
	ds_load_u16_d16_hi v226, v234 offset:1888                  // 0000000087B0: DA9C0760 E20000EA
	ds_load_u16 v227, v234 offset:2400                         // 0000000087B8: D8F00960 E30000EA
	ds_load_u16_d16_hi v227, v234 offset:2912                  // 0000000087C0: DA9C0B60 E30000EA
	ds_load_u16 v228, v234 offset:3424                         // 0000000087C8: D8F00D60 E40000EA
	ds_load_u16_d16_hi v228, v234 offset:3936                  // 0000000087D0: DA9C0F60 E40000EA
	v_wmma_f32_16x16x16_bf16 v[144:151], v[8:15], v[16:23], v[144:151]// 0000000087D8: CC414090 1E422108
	s_waitcnt lgkmcnt(0)                                       // 0000000087E0: BF89FC07
	ds_swizzle_b32 v229, v225 offset:swizzle(SWAP,16)          // 0000000087E4: D8D4401F E50000E1
	ds_swizzle_b32 v230, v226 offset:swizzle(SWAP,16)          // 0000000087EC: D8D4401F E60000E2
	ds_swizzle_b32 v231, v227 offset:swizzle(SWAP,16)          // 0000000087F4: D8D4401F E70000E3
	ds_swizzle_b32 v232, v228 offset:swizzle(SWAP,16)          // 0000000087FC: D8D4401F E80000E4
	s_waitcnt lgkmcnt(0)                                       // 000000008804: BF89FC07
	ds_load_u16 v16, v234 offset:384                           // 000000008808: D8F00180 100000EA
	ds_load_u16_d16_hi v16, v234 offset:896                    // 000000008810: DA9C0380 100000EA
	ds_load_u16 v17, v234 offset:1408                          // 000000008818: D8F00580 110000EA
	ds_load_u16_d16_hi v17, v234 offset:1920                   // 000000008820: DA9C0780 110000EA
	ds_load_u16 v18, v234 offset:2432                          // 000000008828: D8F00980 120000EA
	ds_load_u16_d16_hi v18, v234 offset:2944                   // 000000008830: DA9C0B80 120000EA
	ds_load_u16 v19, v234 offset:3456                          // 000000008838: D8F00D80 130000EA
	ds_load_u16_d16_hi v19, v234 offset:3968                   // 000000008840: DA9C0F80 130000EA
	v_wmma_f32_16x16x16_bf16 v[152:159], v[8:15], v[225:232], v[152:159]// 000000008848: CC414098 1E63C308
	s_waitcnt lgkmcnt(0)                                       // 000000008850: BF89FC07
	ds_swizzle_b32 v20, v16 offset:swizzle(SWAP,16)            // 000000008854: D8D4401F 14000010
	ds_swizzle_b32 v21, v17 offset:swizzle(SWAP,16)            // 00000000885C: D8D4401F 15000011
	ds_swizzle_b32 v22, v18 offset:swizzle(SWAP,16)            // 000000008864: D8D4401F 16000012
	ds_swizzle_b32 v23, v19 offset:swizzle(SWAP,16)            // 00000000886C: D8D4401F 17000013
	s_waitcnt lgkmcnt(0)                                       // 000000008874: BF89FC07
	ds_load_u16 v225, v234 offset:416                          // 000000008878: D8F001A0 E10000EA
	ds_load_u16_d16_hi v225, v234 offset:928                   // 000000008880: DA9C03A0 E10000EA
	ds_load_u16 v226, v234 offset:1440                         // 000000008888: D8F005A0 E20000EA
	ds_load_u16_d16_hi v226, v234 offset:1952                  // 000000008890: DA9C07A0 E20000EA
	ds_load_u16 v227, v234 offset:2464                         // 000000008898: D8F009A0 E30000EA
	ds_load_u16_d16_hi v227, v234 offset:2976                  // 0000000088A0: DA9C0BA0 E30000EA
	ds_load_u16 v228, v234 offset:3488                         // 0000000088A8: D8F00DA0 E40000EA
	ds_load_u16_d16_hi v228, v234 offset:4000                  // 0000000088B0: DA9C0FA0 E40000EA
	v_wmma_f32_16x16x16_bf16 v[160:167], v[8:15], v[16:23], v[160:167]// 0000000088B8: CC4140A0 1E822108
	s_waitcnt lgkmcnt(0)                                       // 0000000088C0: BF89FC07
	ds_swizzle_b32 v229, v225 offset:swizzle(SWAP,16)          // 0000000088C4: D8D4401F E50000E1
	ds_swizzle_b32 v230, v226 offset:swizzle(SWAP,16)          // 0000000088CC: D8D4401F E60000E2
	ds_swizzle_b32 v231, v227 offset:swizzle(SWAP,16)          // 0000000088D4: D8D4401F E70000E3
	ds_swizzle_b32 v232, v228 offset:swizzle(SWAP,16)          // 0000000088DC: D8D4401F E80000E4
	s_waitcnt lgkmcnt(0)                                       // 0000000088E4: BF89FC07
	ds_load_u16 v16, v234 offset:448                           // 0000000088E8: D8F001C0 100000EA
	ds_load_u16_d16_hi v16, v234 offset:960                    // 0000000088F0: DA9C03C0 100000EA
	ds_load_u16 v17, v234 offset:1472                          // 0000000088F8: D8F005C0 110000EA
	ds_load_u16_d16_hi v17, v234 offset:1984                   // 000000008900: DA9C07C0 110000EA
	ds_load_u16 v18, v234 offset:2496                          // 000000008908: D8F009C0 120000EA
	ds_load_u16_d16_hi v18, v234 offset:3008                   // 000000008910: DA9C0BC0 120000EA
	ds_load_u16 v19, v234 offset:3520                          // 000000008918: D8F00DC0 130000EA
	ds_load_u16_d16_hi v19, v234 offset:4032                   // 000000008920: DA9C0FC0 130000EA
	v_wmma_f32_16x16x16_bf16 v[168:175], v[8:15], v[225:232], v[168:175]// 000000008928: CC4140A8 1EA3C308
	s_waitcnt lgkmcnt(0)                                       // 000000008930: BF89FC07
	ds_swizzle_b32 v20, v16 offset:swizzle(SWAP,16)            // 000000008934: D8D4401F 14000010
	ds_swizzle_b32 v21, v17 offset:swizzle(SWAP,16)            // 00000000893C: D8D4401F 15000011
	ds_swizzle_b32 v22, v18 offset:swizzle(SWAP,16)            // 000000008944: D8D4401F 16000012
	ds_swizzle_b32 v23, v19 offset:swizzle(SWAP,16)            // 00000000894C: D8D4401F 17000013
	s_waitcnt lgkmcnt(0)                                       // 000000008954: BF89FC07
	ds_load_u16 v225, v234 offset:480                          // 000000008958: D8F001E0 E10000EA
	ds_load_u16_d16_hi v225, v234 offset:992                   // 000000008960: DA9C03E0 E10000EA
	ds_load_u16 v226, v234 offset:1504                         // 000000008968: D8F005E0 E20000EA
	ds_load_u16_d16_hi v226, v234 offset:2016                  // 000000008970: DA9C07E0 E20000EA
	ds_load_u16 v227, v234 offset:2528                         // 000000008978: D8F009E0 E30000EA
	ds_load_u16_d16_hi v227, v234 offset:3040                  // 000000008980: DA9C0BE0 E30000EA
	ds_load_u16 v228, v234 offset:3552                         // 000000008988: D8F00DE0 E40000EA
	ds_load_u16_d16_hi v228, v234 offset:4064                  // 000000008990: DA9C0FE0 E40000EA
	v_wmma_f32_16x16x16_bf16 v[176:183], v[8:15], v[16:23], v[176:183]// 000000008998: CC4140B0 1EC22108
	s_waitcnt lgkmcnt(0)                                       // 0000000089A0: BF89FC07
	ds_swizzle_b32 v229, v225 offset:swizzle(SWAP,16)          // 0000000089A4: D8D4401F E50000E1
	ds_swizzle_b32 v230, v226 offset:swizzle(SWAP,16)          // 0000000089AC: D8D4401F E60000E2
	ds_swizzle_b32 v231, v227 offset:swizzle(SWAP,16)          // 0000000089B4: D8D4401F E70000E3
	ds_swizzle_b32 v232, v228 offset:swizzle(SWAP,16)          // 0000000089BC: D8D4401F E80000E4
	s_waitcnt lgkmcnt(0)                                       // 0000000089C4: BF89FC07
	v_wmma_f32_16x16x16_bf16 v[184:191], v[8:15], v[225:232], v[184:191]// 0000000089C8: CC4140B8 1EE3C308
	v_lshlrev_b32_e32 v229, 4, v1                              // 0000000089D0: 31CA0284
	s_add_u32 s28, s28, 64                                     // 0000000089D4: 801CC01C
	s_cmp_lt_u32 s28, s27                                      // 0000000089D8: BF0A1B1C
	s_cbranch_scc1 58588                                       // 0000000089DC: BFA2E4DC <extend_attention_wmma_n64_gfx1151+0x450>
	v_rcp_f32_e32 v56, v40                                     // 0000000089E0: 7E705528
	v_rcp_f32_e32 v57, v41                                     // 0000000089E4: 7E725529
	v_rcp_f32_e32 v58, v42                                     // 0000000089E8: 7E74552A
	v_rcp_f32_e32 v59, v43                                     // 0000000089EC: 7E76552B
	v_rcp_f32_e32 v60, v44                                     // 0000000089F0: 7E78552C
	v_rcp_f32_e32 v61, v45                                     // 0000000089F4: 7E7A552D
	v_rcp_f32_e32 v62, v46                                     // 0000000089F8: 7E7C552E
	v_rcp_f32_e32 v63, v47                                     // 0000000089FC: 7E7E552F
	v_mul_f32_e32 v238, v64, v56                               // 000000008A00: 11DC7140
	v_lshrrev_b32_e32 v239, 16, v238                           // 000000008A04: 33DFDC90
	v_and_b32_e32 v239, 1, v239                                // 000000008A08: 37DFDE81
	v_add_nc_u32_e32 v240, 0x7fff, v238                        // 000000008A0C: 4BE1DCFF 00007FFF
	v_add_nc_u32_e32 v240, v239, v240                          // 000000008A14: 4BE1E1EF
	v_lshrrev_b32_e32 v240, 16, v240                           // 000000008A18: 33E1E090
	v_add_nc_u32_e32 v241, 0, v6                               // 000000008A1C: 4BE20C80
	v_lshlrev_b32_e32 v242, 13, v241                           // 000000008A20: 31E5E28D
	v_add_nc_u32_e32 v242, s24, v242                           // 000000008A24: 4BE5E418
	v_lshl_add_u32 v242, v3, 1, v242                           // 000000008A28: D64600F2 07C90303
	v_add_nc_u32_e32 v242, 0, v242                             // 000000008A30: 4BE5E480
	v_cmp_gt_u32_e32 vcc_lo, s18, v241                         // 000000008A34: 7C99E212
	s_and_saveexec_b32 s42, vcc_lo                             // 000000008A38: BEAA206A
	global_store_b16 v242, v240, s[10:11]                      // 000000008A3C: DC660000 000AF0F2
	s_mov_b32 exec_lo, s42                                     // 000000008A44: BEFE002A
	v_mul_f32_e32 v238, v65, v57                               // 000000008A48: 11DC7341
	v_lshrrev_b32_e32 v239, 16, v238                           // 000000008A4C: 33DFDC90
	v_and_b32_e32 v239, 1, v239                                // 000000008A50: 37DFDE81
	v_add_nc_u32_e32 v240, 0x7fff, v238                        // 000000008A54: 4BE1DCFF 00007FFF
	v_add_nc_u32_e32 v240, v239, v240                          // 000000008A5C: 4BE1E1EF
	v_lshrrev_b32_e32 v240, 16, v240                           // 000000008A60: 33E1E090
	v_add_nc_u32_e32 v241, 2, v6                               // 000000008A64: 4BE20C82
	v_lshlrev_b32_e32 v242, 13, v241                           // 000000008A68: 31E5E28D
	v_add_nc_u32_e32 v242, s24, v242                           // 000000008A6C: 4BE5E418
	v_lshl_add_u32 v242, v3, 1, v242                           // 000000008A70: D64600F2 07C90303
	v_add_nc_u32_e32 v242, 0, v242                             // 000000008A78: 4BE5E480
	v_cmp_gt_u32_e32 vcc_lo, s18, v241                         // 000000008A7C: 7C99E212
	s_and_saveexec_b32 s42, vcc_lo                             // 000000008A80: BEAA206A
	global_store_b16 v242, v240, s[10:11]                      // 000000008A84: DC660000 000AF0F2
	s_mov_b32 exec_lo, s42                                     // 000000008A8C: BEFE002A
	v_mul_f32_e32 v238, v66, v58                               // 000000008A90: 11DC7542
	v_lshrrev_b32_e32 v239, 16, v238                           // 000000008A94: 33DFDC90
	v_and_b32_e32 v239, 1, v239                                // 000000008A98: 37DFDE81
	v_add_nc_u32_e32 v240, 0x7fff, v238                        // 000000008A9C: 4BE1DCFF 00007FFF
	v_add_nc_u32_e32 v240, v239, v240                          // 000000008AA4: 4BE1E1EF
	v_lshrrev_b32_e32 v240, 16, v240                           // 000000008AA8: 33E1E090
	v_add_nc_u32_e32 v241, 4, v6                               // 000000008AAC: 4BE20C84
	v_lshlrev_b32_e32 v242, 13, v241                           // 000000008AB0: 31E5E28D
	v_add_nc_u32_e32 v242, s24, v242                           // 000000008AB4: 4BE5E418
	v_lshl_add_u32 v242, v3, 1, v242                           // 000000008AB8: D64600F2 07C90303
	v_add_nc_u32_e32 v242, 0, v242                             // 000000008AC0: 4BE5E480
	v_cmp_gt_u32_e32 vcc_lo, s18, v241                         // 000000008AC4: 7C99E212
	s_and_saveexec_b32 s42, vcc_lo                             // 000000008AC8: BEAA206A
	global_store_b16 v242, v240, s[10:11]                      // 000000008ACC: DC660000 000AF0F2
	s_mov_b32 exec_lo, s42                                     // 000000008AD4: BEFE002A
	v_mul_f32_e32 v238, v67, v59                               // 000000008AD8: 11DC7743
	v_lshrrev_b32_e32 v239, 16, v238                           // 000000008ADC: 33DFDC90
	v_and_b32_e32 v239, 1, v239                                // 000000008AE0: 37DFDE81
	v_add_nc_u32_e32 v240, 0x7fff, v238                        // 000000008AE4: 4BE1DCFF 00007FFF
	v_add_nc_u32_e32 v240, v239, v240                          // 000000008AEC: 4BE1E1EF
	v_lshrrev_b32_e32 v240, 16, v240                           // 000000008AF0: 33E1E090
	v_add_nc_u32_e32 v241, 6, v6                               // 000000008AF4: 4BE20C86
	v_lshlrev_b32_e32 v242, 13, v241                           // 000000008AF8: 31E5E28D
	v_add_nc_u32_e32 v242, s24, v242                           // 000000008AFC: 4BE5E418
	v_lshl_add_u32 v242, v3, 1, v242                           // 000000008B00: D64600F2 07C90303
	v_add_nc_u32_e32 v242, 0, v242                             // 000000008B08: 4BE5E480
	v_cmp_gt_u32_e32 vcc_lo, s18, v241                         // 000000008B0C: 7C99E212
	s_and_saveexec_b32 s42, vcc_lo                             // 000000008B10: BEAA206A
	global_store_b16 v242, v240, s[10:11]                      // 000000008B14: DC660000 000AF0F2
	s_mov_b32 exec_lo, s42                                     // 000000008B1C: BEFE002A
	v_mul_f32_e32 v238, v68, v60                               // 000000008B20: 11DC7944
	v_lshrrev_b32_e32 v239, 16, v238                           // 000000008B24: 33DFDC90
	v_and_b32_e32 v239, 1, v239                                // 000000008B28: 37DFDE81
	v_add_nc_u32_e32 v240, 0x7fff, v238                        // 000000008B2C: 4BE1DCFF 00007FFF
	v_add_nc_u32_e32 v240, v239, v240                          // 000000008B34: 4BE1E1EF
	v_lshrrev_b32_e32 v240, 16, v240                           // 000000008B38: 33E1E090
	v_add_nc_u32_e32 v241, 8, v6                               // 000000008B3C: 4BE20C88
	v_lshlrev_b32_e32 v242, 13, v241                           // 000000008B40: 31E5E28D
	v_add_nc_u32_e32 v242, s24, v242                           // 000000008B44: 4BE5E418
	v_lshl_add_u32 v242, v3, 1, v242                           // 000000008B48: D64600F2 07C90303
	v_add_nc_u32_e32 v242, 0, v242                             // 000000008B50: 4BE5E480
	v_cmp_gt_u32_e32 vcc_lo, s18, v241                         // 000000008B54: 7C99E212
	s_and_saveexec_b32 s42, vcc_lo                             // 000000008B58: BEAA206A
	global_store_b16 v242, v240, s[10:11]                      // 000000008B5C: DC660000 000AF0F2
	s_mov_b32 exec_lo, s42                                     // 000000008B64: BEFE002A
	v_mul_f32_e32 v238, v69, v61                               // 000000008B68: 11DC7B45
	v_lshrrev_b32_e32 v239, 16, v238                           // 000000008B6C: 33DFDC90
	v_and_b32_e32 v239, 1, v239                                // 000000008B70: 37DFDE81
	v_add_nc_u32_e32 v240, 0x7fff, v238                        // 000000008B74: 4BE1DCFF 00007FFF
	v_add_nc_u32_e32 v240, v239, v240                          // 000000008B7C: 4BE1E1EF
	v_lshrrev_b32_e32 v240, 16, v240                           // 000000008B80: 33E1E090
	v_add_nc_u32_e32 v241, 10, v6                              // 000000008B84: 4BE20C8A
	v_lshlrev_b32_e32 v242, 13, v241                           // 000000008B88: 31E5E28D
	v_add_nc_u32_e32 v242, s24, v242                           // 000000008B8C: 4BE5E418
	v_lshl_add_u32 v242, v3, 1, v242                           // 000000008B90: D64600F2 07C90303
	v_add_nc_u32_e32 v242, 0, v242                             // 000000008B98: 4BE5E480
	v_cmp_gt_u32_e32 vcc_lo, s18, v241                         // 000000008B9C: 7C99E212
	s_and_saveexec_b32 s42, vcc_lo                             // 000000008BA0: BEAA206A
	global_store_b16 v242, v240, s[10:11]                      // 000000008BA4: DC660000 000AF0F2
	s_mov_b32 exec_lo, s42                                     // 000000008BAC: BEFE002A
	v_mul_f32_e32 v238, v70, v62                               // 000000008BB0: 11DC7D46
	v_lshrrev_b32_e32 v239, 16, v238                           // 000000008BB4: 33DFDC90
	v_and_b32_e32 v239, 1, v239                                // 000000008BB8: 37DFDE81
	v_add_nc_u32_e32 v240, 0x7fff, v238                        // 000000008BBC: 4BE1DCFF 00007FFF
	v_add_nc_u32_e32 v240, v239, v240                          // 000000008BC4: 4BE1E1EF
	v_lshrrev_b32_e32 v240, 16, v240                           // 000000008BC8: 33E1E090
	v_add_nc_u32_e32 v241, 12, v6                              // 000000008BCC: 4BE20C8C
	v_lshlrev_b32_e32 v242, 13, v241                           // 000000008BD0: 31E5E28D
	v_add_nc_u32_e32 v242, s24, v242                           // 000000008BD4: 4BE5E418
	v_lshl_add_u32 v242, v3, 1, v242                           // 000000008BD8: D64600F2 07C90303
	v_add_nc_u32_e32 v242, 0, v242                             // 000000008BE0: 4BE5E480
	v_cmp_gt_u32_e32 vcc_lo, s18, v241                         // 000000008BE4: 7C99E212
	s_and_saveexec_b32 s42, vcc_lo                             // 000000008BE8: BEAA206A
	global_store_b16 v242, v240, s[10:11]                      // 000000008BEC: DC660000 000AF0F2
	s_mov_b32 exec_lo, s42                                     // 000000008BF4: BEFE002A
	v_mul_f32_e32 v238, v71, v63                               // 000000008BF8: 11DC7F47
	v_lshrrev_b32_e32 v239, 16, v238                           // 000000008BFC: 33DFDC90
	v_and_b32_e32 v239, 1, v239                                // 000000008C00: 37DFDE81
	v_add_nc_u32_e32 v240, 0x7fff, v238                        // 000000008C04: 4BE1DCFF 00007FFF
	v_add_nc_u32_e32 v240, v239, v240                          // 000000008C0C: 4BE1E1EF
	v_lshrrev_b32_e32 v240, 16, v240                           // 000000008C10: 33E1E090
	v_add_nc_u32_e32 v241, 14, v6                              // 000000008C14: 4BE20C8E
	v_lshlrev_b32_e32 v242, 13, v241                           // 000000008C18: 31E5E28D
	v_add_nc_u32_e32 v242, s24, v242                           // 000000008C1C: 4BE5E418
	v_lshl_add_u32 v242, v3, 1, v242                           // 000000008C20: D64600F2 07C90303
	v_add_nc_u32_e32 v242, 0, v242                             // 000000008C28: 4BE5E480
	v_cmp_gt_u32_e32 vcc_lo, s18, v241                         // 000000008C2C: 7C99E212
	s_and_saveexec_b32 s42, vcc_lo                             // 000000008C30: BEAA206A
	global_store_b16 v242, v240, s[10:11]                      // 000000008C34: DC660000 000AF0F2
	s_mov_b32 exec_lo, s42                                     // 000000008C3C: BEFE002A
	v_mul_f32_e32 v238, v72, v56                               // 000000008C40: 11DC7148
	v_lshrrev_b32_e32 v239, 16, v238                           // 000000008C44: 33DFDC90
	v_and_b32_e32 v239, 1, v239                                // 000000008C48: 37DFDE81
	v_add_nc_u32_e32 v240, 0x7fff, v238                        // 000000008C4C: 4BE1DCFF 00007FFF
	v_add_nc_u32_e32 v240, v239, v240                          // 000000008C54: 4BE1E1EF
	v_lshrrev_b32_e32 v240, 16, v240                           // 000000008C58: 33E1E090
	v_add_nc_u32_e32 v241, 0, v6                               // 000000008C5C: 4BE20C80
	v_lshlrev_b32_e32 v242, 13, v241                           // 000000008C60: 31E5E28D
	v_add_nc_u32_e32 v242, s24, v242                           // 000000008C64: 4BE5E418
	v_lshl_add_u32 v242, v3, 1, v242                           // 000000008C68: D64600F2 07C90303
	v_add_nc_u32_e32 v242, 32, v242                            // 000000008C70: 4BE5E4A0
	v_cmp_gt_u32_e32 vcc_lo, s18, v241                         // 000000008C74: 7C99E212
	s_and_saveexec_b32 s42, vcc_lo                             // 000000008C78: BEAA206A
	global_store_b16 v242, v240, s[10:11]                      // 000000008C7C: DC660000 000AF0F2
	s_mov_b32 exec_lo, s42                                     // 000000008C84: BEFE002A
	v_mul_f32_e32 v238, v73, v57                               // 000000008C88: 11DC7349
	v_lshrrev_b32_e32 v239, 16, v238                           // 000000008C8C: 33DFDC90
	v_and_b32_e32 v239, 1, v239                                // 000000008C90: 37DFDE81
	v_add_nc_u32_e32 v240, 0x7fff, v238                        // 000000008C94: 4BE1DCFF 00007FFF
	v_add_nc_u32_e32 v240, v239, v240                          // 000000008C9C: 4BE1E1EF
	v_lshrrev_b32_e32 v240, 16, v240                           // 000000008CA0: 33E1E090
	v_add_nc_u32_e32 v241, 2, v6                               // 000000008CA4: 4BE20C82
	v_lshlrev_b32_e32 v242, 13, v241                           // 000000008CA8: 31E5E28D
	v_add_nc_u32_e32 v242, s24, v242                           // 000000008CAC: 4BE5E418
	v_lshl_add_u32 v242, v3, 1, v242                           // 000000008CB0: D64600F2 07C90303
	v_add_nc_u32_e32 v242, 32, v242                            // 000000008CB8: 4BE5E4A0
	v_cmp_gt_u32_e32 vcc_lo, s18, v241                         // 000000008CBC: 7C99E212
	s_and_saveexec_b32 s42, vcc_lo                             // 000000008CC0: BEAA206A
	global_store_b16 v242, v240, s[10:11]                      // 000000008CC4: DC660000 000AF0F2
	s_mov_b32 exec_lo, s42                                     // 000000008CCC: BEFE002A
	v_mul_f32_e32 v238, v74, v58                               // 000000008CD0: 11DC754A
	v_lshrrev_b32_e32 v239, 16, v238                           // 000000008CD4: 33DFDC90
	v_and_b32_e32 v239, 1, v239                                // 000000008CD8: 37DFDE81
	v_add_nc_u32_e32 v240, 0x7fff, v238                        // 000000008CDC: 4BE1DCFF 00007FFF
	v_add_nc_u32_e32 v240, v239, v240                          // 000000008CE4: 4BE1E1EF
	v_lshrrev_b32_e32 v240, 16, v240                           // 000000008CE8: 33E1E090
	v_add_nc_u32_e32 v241, 4, v6                               // 000000008CEC: 4BE20C84
	v_lshlrev_b32_e32 v242, 13, v241                           // 000000008CF0: 31E5E28D
	v_add_nc_u32_e32 v242, s24, v242                           // 000000008CF4: 4BE5E418
	v_lshl_add_u32 v242, v3, 1, v242                           // 000000008CF8: D64600F2 07C90303
	v_add_nc_u32_e32 v242, 32, v242                            // 000000008D00: 4BE5E4A0
	v_cmp_gt_u32_e32 vcc_lo, s18, v241                         // 000000008D04: 7C99E212
	s_and_saveexec_b32 s42, vcc_lo                             // 000000008D08: BEAA206A
	global_store_b16 v242, v240, s[10:11]                      // 000000008D0C: DC660000 000AF0F2
	s_mov_b32 exec_lo, s42                                     // 000000008D14: BEFE002A
	v_mul_f32_e32 v238, v75, v59                               // 000000008D18: 11DC774B
	v_lshrrev_b32_e32 v239, 16, v238                           // 000000008D1C: 33DFDC90
	v_and_b32_e32 v239, 1, v239                                // 000000008D20: 37DFDE81
	v_add_nc_u32_e32 v240, 0x7fff, v238                        // 000000008D24: 4BE1DCFF 00007FFF
	v_add_nc_u32_e32 v240, v239, v240                          // 000000008D2C: 4BE1E1EF
	v_lshrrev_b32_e32 v240, 16, v240                           // 000000008D30: 33E1E090
	v_add_nc_u32_e32 v241, 6, v6                               // 000000008D34: 4BE20C86
	v_lshlrev_b32_e32 v242, 13, v241                           // 000000008D38: 31E5E28D
	v_add_nc_u32_e32 v242, s24, v242                           // 000000008D3C: 4BE5E418
	v_lshl_add_u32 v242, v3, 1, v242                           // 000000008D40: D64600F2 07C90303
	v_add_nc_u32_e32 v242, 32, v242                            // 000000008D48: 4BE5E4A0
	v_cmp_gt_u32_e32 vcc_lo, s18, v241                         // 000000008D4C: 7C99E212
	s_and_saveexec_b32 s42, vcc_lo                             // 000000008D50: BEAA206A
	global_store_b16 v242, v240, s[10:11]                      // 000000008D54: DC660000 000AF0F2
	s_mov_b32 exec_lo, s42                                     // 000000008D5C: BEFE002A
	v_mul_f32_e32 v238, v76, v60                               // 000000008D60: 11DC794C
	v_lshrrev_b32_e32 v239, 16, v238                           // 000000008D64: 33DFDC90
	v_and_b32_e32 v239, 1, v239                                // 000000008D68: 37DFDE81
	v_add_nc_u32_e32 v240, 0x7fff, v238                        // 000000008D6C: 4BE1DCFF 00007FFF
	v_add_nc_u32_e32 v240, v239, v240                          // 000000008D74: 4BE1E1EF
	v_lshrrev_b32_e32 v240, 16, v240                           // 000000008D78: 33E1E090
	v_add_nc_u32_e32 v241, 8, v6                               // 000000008D7C: 4BE20C88
	v_lshlrev_b32_e32 v242, 13, v241                           // 000000008D80: 31E5E28D
	v_add_nc_u32_e32 v242, s24, v242                           // 000000008D84: 4BE5E418
	v_lshl_add_u32 v242, v3, 1, v242                           // 000000008D88: D64600F2 07C90303
	v_add_nc_u32_e32 v242, 32, v242                            // 000000008D90: 4BE5E4A0
	v_cmp_gt_u32_e32 vcc_lo, s18, v241                         // 000000008D94: 7C99E212
	s_and_saveexec_b32 s42, vcc_lo                             // 000000008D98: BEAA206A
	global_store_b16 v242, v240, s[10:11]                      // 000000008D9C: DC660000 000AF0F2
	s_mov_b32 exec_lo, s42                                     // 000000008DA4: BEFE002A
	v_mul_f32_e32 v238, v77, v61                               // 000000008DA8: 11DC7B4D
	v_lshrrev_b32_e32 v239, 16, v238                           // 000000008DAC: 33DFDC90
	v_and_b32_e32 v239, 1, v239                                // 000000008DB0: 37DFDE81
	v_add_nc_u32_e32 v240, 0x7fff, v238                        // 000000008DB4: 4BE1DCFF 00007FFF
	v_add_nc_u32_e32 v240, v239, v240                          // 000000008DBC: 4BE1E1EF
	v_lshrrev_b32_e32 v240, 16, v240                           // 000000008DC0: 33E1E090
	v_add_nc_u32_e32 v241, 10, v6                              // 000000008DC4: 4BE20C8A
	v_lshlrev_b32_e32 v242, 13, v241                           // 000000008DC8: 31E5E28D
	v_add_nc_u32_e32 v242, s24, v242                           // 000000008DCC: 4BE5E418
	v_lshl_add_u32 v242, v3, 1, v242                           // 000000008DD0: D64600F2 07C90303
	v_add_nc_u32_e32 v242, 32, v242                            // 000000008DD8: 4BE5E4A0
	v_cmp_gt_u32_e32 vcc_lo, s18, v241                         // 000000008DDC: 7C99E212
	s_and_saveexec_b32 s42, vcc_lo                             // 000000008DE0: BEAA206A
	global_store_b16 v242, v240, s[10:11]                      // 000000008DE4: DC660000 000AF0F2
	s_mov_b32 exec_lo, s42                                     // 000000008DEC: BEFE002A
	v_mul_f32_e32 v238, v78, v62                               // 000000008DF0: 11DC7D4E
	v_lshrrev_b32_e32 v239, 16, v238                           // 000000008DF4: 33DFDC90
	v_and_b32_e32 v239, 1, v239                                // 000000008DF8: 37DFDE81
	v_add_nc_u32_e32 v240, 0x7fff, v238                        // 000000008DFC: 4BE1DCFF 00007FFF
	v_add_nc_u32_e32 v240, v239, v240                          // 000000008E04: 4BE1E1EF
	v_lshrrev_b32_e32 v240, 16, v240                           // 000000008E08: 33E1E090
	v_add_nc_u32_e32 v241, 12, v6                              // 000000008E0C: 4BE20C8C
	v_lshlrev_b32_e32 v242, 13, v241                           // 000000008E10: 31E5E28D
	v_add_nc_u32_e32 v242, s24, v242                           // 000000008E14: 4BE5E418
	v_lshl_add_u32 v242, v3, 1, v242                           // 000000008E18: D64600F2 07C90303
	v_add_nc_u32_e32 v242, 32, v242                            // 000000008E20: 4BE5E4A0
	v_cmp_gt_u32_e32 vcc_lo, s18, v241                         // 000000008E24: 7C99E212
	s_and_saveexec_b32 s42, vcc_lo                             // 000000008E28: BEAA206A
	global_store_b16 v242, v240, s[10:11]                      // 000000008E2C: DC660000 000AF0F2
	s_mov_b32 exec_lo, s42                                     // 000000008E34: BEFE002A
	v_mul_f32_e32 v238, v79, v63                               // 000000008E38: 11DC7F4F
	v_lshrrev_b32_e32 v239, 16, v238                           // 000000008E3C: 33DFDC90
	v_and_b32_e32 v239, 1, v239                                // 000000008E40: 37DFDE81
	v_add_nc_u32_e32 v240, 0x7fff, v238                        // 000000008E44: 4BE1DCFF 00007FFF
	v_add_nc_u32_e32 v240, v239, v240                          // 000000008E4C: 4BE1E1EF
	v_lshrrev_b32_e32 v240, 16, v240                           // 000000008E50: 33E1E090
	v_add_nc_u32_e32 v241, 14, v6                              // 000000008E54: 4BE20C8E
	v_lshlrev_b32_e32 v242, 13, v241                           // 000000008E58: 31E5E28D
	v_add_nc_u32_e32 v242, s24, v242                           // 000000008E5C: 4BE5E418
	v_lshl_add_u32 v242, v3, 1, v242                           // 000000008E60: D64600F2 07C90303
	v_add_nc_u32_e32 v242, 32, v242                            // 000000008E68: 4BE5E4A0
	v_cmp_gt_u32_e32 vcc_lo, s18, v241                         // 000000008E6C: 7C99E212
	s_and_saveexec_b32 s42, vcc_lo                             // 000000008E70: BEAA206A
	global_store_b16 v242, v240, s[10:11]                      // 000000008E74: DC660000 000AF0F2
	s_mov_b32 exec_lo, s42                                     // 000000008E7C: BEFE002A
	v_mul_f32_e32 v238, v80, v56                               // 000000008E80: 11DC7150
	v_lshrrev_b32_e32 v239, 16, v238                           // 000000008E84: 33DFDC90
	v_and_b32_e32 v239, 1, v239                                // 000000008E88: 37DFDE81
	v_add_nc_u32_e32 v240, 0x7fff, v238                        // 000000008E8C: 4BE1DCFF 00007FFF
	v_add_nc_u32_e32 v240, v239, v240                          // 000000008E94: 4BE1E1EF
	v_lshrrev_b32_e32 v240, 16, v240                           // 000000008E98: 33E1E090
	v_add_nc_u32_e32 v241, 0, v6                               // 000000008E9C: 4BE20C80
	v_lshlrev_b32_e32 v242, 13, v241                           // 000000008EA0: 31E5E28D
	v_add_nc_u32_e32 v242, s24, v242                           // 000000008EA4: 4BE5E418
	v_lshl_add_u32 v242, v3, 1, v242                           // 000000008EA8: D64600F2 07C90303
	v_add_nc_u32_e32 v242, 64, v242                            // 000000008EB0: 4BE5E4C0
	v_cmp_gt_u32_e32 vcc_lo, s18, v241                         // 000000008EB4: 7C99E212
	s_and_saveexec_b32 s42, vcc_lo                             // 000000008EB8: BEAA206A
	global_store_b16 v242, v240, s[10:11]                      // 000000008EBC: DC660000 000AF0F2
	s_mov_b32 exec_lo, s42                                     // 000000008EC4: BEFE002A
	v_mul_f32_e32 v238, v81, v57                               // 000000008EC8: 11DC7351
	v_lshrrev_b32_e32 v239, 16, v238                           // 000000008ECC: 33DFDC90
	v_and_b32_e32 v239, 1, v239                                // 000000008ED0: 37DFDE81
	v_add_nc_u32_e32 v240, 0x7fff, v238                        // 000000008ED4: 4BE1DCFF 00007FFF
	v_add_nc_u32_e32 v240, v239, v240                          // 000000008EDC: 4BE1E1EF
	v_lshrrev_b32_e32 v240, 16, v240                           // 000000008EE0: 33E1E090
	v_add_nc_u32_e32 v241, 2, v6                               // 000000008EE4: 4BE20C82
	v_lshlrev_b32_e32 v242, 13, v241                           // 000000008EE8: 31E5E28D
	v_add_nc_u32_e32 v242, s24, v242                           // 000000008EEC: 4BE5E418
	v_lshl_add_u32 v242, v3, 1, v242                           // 000000008EF0: D64600F2 07C90303
	v_add_nc_u32_e32 v242, 64, v242                            // 000000008EF8: 4BE5E4C0
	v_cmp_gt_u32_e32 vcc_lo, s18, v241                         // 000000008EFC: 7C99E212
	s_and_saveexec_b32 s42, vcc_lo                             // 000000008F00: BEAA206A
	global_store_b16 v242, v240, s[10:11]                      // 000000008F04: DC660000 000AF0F2
	s_mov_b32 exec_lo, s42                                     // 000000008F0C: BEFE002A
	v_mul_f32_e32 v238, v82, v58                               // 000000008F10: 11DC7552
	v_lshrrev_b32_e32 v239, 16, v238                           // 000000008F14: 33DFDC90
	v_and_b32_e32 v239, 1, v239                                // 000000008F18: 37DFDE81
	v_add_nc_u32_e32 v240, 0x7fff, v238                        // 000000008F1C: 4BE1DCFF 00007FFF
	v_add_nc_u32_e32 v240, v239, v240                          // 000000008F24: 4BE1E1EF
	v_lshrrev_b32_e32 v240, 16, v240                           // 000000008F28: 33E1E090
	v_add_nc_u32_e32 v241, 4, v6                               // 000000008F2C: 4BE20C84
	v_lshlrev_b32_e32 v242, 13, v241                           // 000000008F30: 31E5E28D
	v_add_nc_u32_e32 v242, s24, v242                           // 000000008F34: 4BE5E418
	v_lshl_add_u32 v242, v3, 1, v242                           // 000000008F38: D64600F2 07C90303
	v_add_nc_u32_e32 v242, 64, v242                            // 000000008F40: 4BE5E4C0
	v_cmp_gt_u32_e32 vcc_lo, s18, v241                         // 000000008F44: 7C99E212
	s_and_saveexec_b32 s42, vcc_lo                             // 000000008F48: BEAA206A
	global_store_b16 v242, v240, s[10:11]                      // 000000008F4C: DC660000 000AF0F2
	s_mov_b32 exec_lo, s42                                     // 000000008F54: BEFE002A
	v_mul_f32_e32 v238, v83, v59                               // 000000008F58: 11DC7753
	v_lshrrev_b32_e32 v239, 16, v238                           // 000000008F5C: 33DFDC90
	v_and_b32_e32 v239, 1, v239                                // 000000008F60: 37DFDE81
	v_add_nc_u32_e32 v240, 0x7fff, v238                        // 000000008F64: 4BE1DCFF 00007FFF
	v_add_nc_u32_e32 v240, v239, v240                          // 000000008F6C: 4BE1E1EF
	v_lshrrev_b32_e32 v240, 16, v240                           // 000000008F70: 33E1E090
	v_add_nc_u32_e32 v241, 6, v6                               // 000000008F74: 4BE20C86
	v_lshlrev_b32_e32 v242, 13, v241                           // 000000008F78: 31E5E28D
	v_add_nc_u32_e32 v242, s24, v242                           // 000000008F7C: 4BE5E418
	v_lshl_add_u32 v242, v3, 1, v242                           // 000000008F80: D64600F2 07C90303
	v_add_nc_u32_e32 v242, 64, v242                            // 000000008F88: 4BE5E4C0
	v_cmp_gt_u32_e32 vcc_lo, s18, v241                         // 000000008F8C: 7C99E212
	s_and_saveexec_b32 s42, vcc_lo                             // 000000008F90: BEAA206A
	global_store_b16 v242, v240, s[10:11]                      // 000000008F94: DC660000 000AF0F2
	s_mov_b32 exec_lo, s42                                     // 000000008F9C: BEFE002A
	v_mul_f32_e32 v238, v84, v60                               // 000000008FA0: 11DC7954
	v_lshrrev_b32_e32 v239, 16, v238                           // 000000008FA4: 33DFDC90
	v_and_b32_e32 v239, 1, v239                                // 000000008FA8: 37DFDE81
	v_add_nc_u32_e32 v240, 0x7fff, v238                        // 000000008FAC: 4BE1DCFF 00007FFF
	v_add_nc_u32_e32 v240, v239, v240                          // 000000008FB4: 4BE1E1EF
	v_lshrrev_b32_e32 v240, 16, v240                           // 000000008FB8: 33E1E090
	v_add_nc_u32_e32 v241, 8, v6                               // 000000008FBC: 4BE20C88
	v_lshlrev_b32_e32 v242, 13, v241                           // 000000008FC0: 31E5E28D
	v_add_nc_u32_e32 v242, s24, v242                           // 000000008FC4: 4BE5E418
	v_lshl_add_u32 v242, v3, 1, v242                           // 000000008FC8: D64600F2 07C90303
	v_add_nc_u32_e32 v242, 64, v242                            // 000000008FD0: 4BE5E4C0
	v_cmp_gt_u32_e32 vcc_lo, s18, v241                         // 000000008FD4: 7C99E212
	s_and_saveexec_b32 s42, vcc_lo                             // 000000008FD8: BEAA206A
	global_store_b16 v242, v240, s[10:11]                      // 000000008FDC: DC660000 000AF0F2
	s_mov_b32 exec_lo, s42                                     // 000000008FE4: BEFE002A
	v_mul_f32_e32 v238, v85, v61                               // 000000008FE8: 11DC7B55
	v_lshrrev_b32_e32 v239, 16, v238                           // 000000008FEC: 33DFDC90
	v_and_b32_e32 v239, 1, v239                                // 000000008FF0: 37DFDE81
	v_add_nc_u32_e32 v240, 0x7fff, v238                        // 000000008FF4: 4BE1DCFF 00007FFF
	v_add_nc_u32_e32 v240, v239, v240                          // 000000008FFC: 4BE1E1EF
	v_lshrrev_b32_e32 v240, 16, v240                           // 000000009000: 33E1E090
	v_add_nc_u32_e32 v241, 10, v6                              // 000000009004: 4BE20C8A
	v_lshlrev_b32_e32 v242, 13, v241                           // 000000009008: 31E5E28D
	v_add_nc_u32_e32 v242, s24, v242                           // 00000000900C: 4BE5E418
	v_lshl_add_u32 v242, v3, 1, v242                           // 000000009010: D64600F2 07C90303
	v_add_nc_u32_e32 v242, 64, v242                            // 000000009018: 4BE5E4C0
	v_cmp_gt_u32_e32 vcc_lo, s18, v241                         // 00000000901C: 7C99E212
	s_and_saveexec_b32 s42, vcc_lo                             // 000000009020: BEAA206A
	global_store_b16 v242, v240, s[10:11]                      // 000000009024: DC660000 000AF0F2
	s_mov_b32 exec_lo, s42                                     // 00000000902C: BEFE002A
	v_mul_f32_e32 v238, v86, v62                               // 000000009030: 11DC7D56
	v_lshrrev_b32_e32 v239, 16, v238                           // 000000009034: 33DFDC90
	v_and_b32_e32 v239, 1, v239                                // 000000009038: 37DFDE81
	v_add_nc_u32_e32 v240, 0x7fff, v238                        // 00000000903C: 4BE1DCFF 00007FFF
	v_add_nc_u32_e32 v240, v239, v240                          // 000000009044: 4BE1E1EF
	v_lshrrev_b32_e32 v240, 16, v240                           // 000000009048: 33E1E090
	v_add_nc_u32_e32 v241, 12, v6                              // 00000000904C: 4BE20C8C
	v_lshlrev_b32_e32 v242, 13, v241                           // 000000009050: 31E5E28D
	v_add_nc_u32_e32 v242, s24, v242                           // 000000009054: 4BE5E418
	v_lshl_add_u32 v242, v3, 1, v242                           // 000000009058: D64600F2 07C90303
	v_add_nc_u32_e32 v242, 64, v242                            // 000000009060: 4BE5E4C0
	v_cmp_gt_u32_e32 vcc_lo, s18, v241                         // 000000009064: 7C99E212
	s_and_saveexec_b32 s42, vcc_lo                             // 000000009068: BEAA206A
	global_store_b16 v242, v240, s[10:11]                      // 00000000906C: DC660000 000AF0F2
	s_mov_b32 exec_lo, s42                                     // 000000009074: BEFE002A
	v_mul_f32_e32 v238, v87, v63                               // 000000009078: 11DC7F57
	v_lshrrev_b32_e32 v239, 16, v238                           // 00000000907C: 33DFDC90
	v_and_b32_e32 v239, 1, v239                                // 000000009080: 37DFDE81
	v_add_nc_u32_e32 v240, 0x7fff, v238                        // 000000009084: 4BE1DCFF 00007FFF
	v_add_nc_u32_e32 v240, v239, v240                          // 00000000908C: 4BE1E1EF
	v_lshrrev_b32_e32 v240, 16, v240                           // 000000009090: 33E1E090
	v_add_nc_u32_e32 v241, 14, v6                              // 000000009094: 4BE20C8E
	v_lshlrev_b32_e32 v242, 13, v241                           // 000000009098: 31E5E28D
	v_add_nc_u32_e32 v242, s24, v242                           // 00000000909C: 4BE5E418
	v_lshl_add_u32 v242, v3, 1, v242                           // 0000000090A0: D64600F2 07C90303
	v_add_nc_u32_e32 v242, 64, v242                            // 0000000090A8: 4BE5E4C0
	v_cmp_gt_u32_e32 vcc_lo, s18, v241                         // 0000000090AC: 7C99E212
	s_and_saveexec_b32 s42, vcc_lo                             // 0000000090B0: BEAA206A
	global_store_b16 v242, v240, s[10:11]                      // 0000000090B4: DC660000 000AF0F2
	s_mov_b32 exec_lo, s42                                     // 0000000090BC: BEFE002A
	v_mul_f32_e32 v238, v88, v56                               // 0000000090C0: 11DC7158
	v_lshrrev_b32_e32 v239, 16, v238                           // 0000000090C4: 33DFDC90
	v_and_b32_e32 v239, 1, v239                                // 0000000090C8: 37DFDE81
	v_add_nc_u32_e32 v240, 0x7fff, v238                        // 0000000090CC: 4BE1DCFF 00007FFF
	v_add_nc_u32_e32 v240, v239, v240                          // 0000000090D4: 4BE1E1EF
	v_lshrrev_b32_e32 v240, 16, v240                           // 0000000090D8: 33E1E090
	v_add_nc_u32_e32 v241, 0, v6                               // 0000000090DC: 4BE20C80
	v_lshlrev_b32_e32 v242, 13, v241                           // 0000000090E0: 31E5E28D
	v_add_nc_u32_e32 v242, s24, v242                           // 0000000090E4: 4BE5E418
	v_lshl_add_u32 v242, v3, 1, v242                           // 0000000090E8: D64600F2 07C90303
	v_add_nc_u32_e32 v242, 0x60, v242                          // 0000000090F0: 4BE5E4FF 00000060
	v_cmp_gt_u32_e32 vcc_lo, s18, v241                         // 0000000090F8: 7C99E212
	s_and_saveexec_b32 s42, vcc_lo                             // 0000000090FC: BEAA206A
	global_store_b16 v242, v240, s[10:11]                      // 000000009100: DC660000 000AF0F2
	s_mov_b32 exec_lo, s42                                     // 000000009108: BEFE002A
	v_mul_f32_e32 v238, v89, v57                               // 00000000910C: 11DC7359
	v_lshrrev_b32_e32 v239, 16, v238                           // 000000009110: 33DFDC90
	v_and_b32_e32 v239, 1, v239                                // 000000009114: 37DFDE81
	v_add_nc_u32_e32 v240, 0x7fff, v238                        // 000000009118: 4BE1DCFF 00007FFF
	v_add_nc_u32_e32 v240, v239, v240                          // 000000009120: 4BE1E1EF
	v_lshrrev_b32_e32 v240, 16, v240                           // 000000009124: 33E1E090
	v_add_nc_u32_e32 v241, 2, v6                               // 000000009128: 4BE20C82
	v_lshlrev_b32_e32 v242, 13, v241                           // 00000000912C: 31E5E28D
	v_add_nc_u32_e32 v242, s24, v242                           // 000000009130: 4BE5E418
	v_lshl_add_u32 v242, v3, 1, v242                           // 000000009134: D64600F2 07C90303
	v_add_nc_u32_e32 v242, 0x60, v242                          // 00000000913C: 4BE5E4FF 00000060
	v_cmp_gt_u32_e32 vcc_lo, s18, v241                         // 000000009144: 7C99E212
	s_and_saveexec_b32 s42, vcc_lo                             // 000000009148: BEAA206A
	global_store_b16 v242, v240, s[10:11]                      // 00000000914C: DC660000 000AF0F2
	s_mov_b32 exec_lo, s42                                     // 000000009154: BEFE002A
	v_mul_f32_e32 v238, v90, v58                               // 000000009158: 11DC755A
	v_lshrrev_b32_e32 v239, 16, v238                           // 00000000915C: 33DFDC90
	v_and_b32_e32 v239, 1, v239                                // 000000009160: 37DFDE81
	v_add_nc_u32_e32 v240, 0x7fff, v238                        // 000000009164: 4BE1DCFF 00007FFF
	v_add_nc_u32_e32 v240, v239, v240                          // 00000000916C: 4BE1E1EF
	v_lshrrev_b32_e32 v240, 16, v240                           // 000000009170: 33E1E090
	v_add_nc_u32_e32 v241, 4, v6                               // 000000009174: 4BE20C84
	v_lshlrev_b32_e32 v242, 13, v241                           // 000000009178: 31E5E28D
	v_add_nc_u32_e32 v242, s24, v242                           // 00000000917C: 4BE5E418
	v_lshl_add_u32 v242, v3, 1, v242                           // 000000009180: D64600F2 07C90303
	v_add_nc_u32_e32 v242, 0x60, v242                          // 000000009188: 4BE5E4FF 00000060
	v_cmp_gt_u32_e32 vcc_lo, s18, v241                         // 000000009190: 7C99E212
	s_and_saveexec_b32 s42, vcc_lo                             // 000000009194: BEAA206A
	global_store_b16 v242, v240, s[10:11]                      // 000000009198: DC660000 000AF0F2
	s_mov_b32 exec_lo, s42                                     // 0000000091A0: BEFE002A
	v_mul_f32_e32 v238, v91, v59                               // 0000000091A4: 11DC775B
	v_lshrrev_b32_e32 v239, 16, v238                           // 0000000091A8: 33DFDC90
	v_and_b32_e32 v239, 1, v239                                // 0000000091AC: 37DFDE81
	v_add_nc_u32_e32 v240, 0x7fff, v238                        // 0000000091B0: 4BE1DCFF 00007FFF
	v_add_nc_u32_e32 v240, v239, v240                          // 0000000091B8: 4BE1E1EF
	v_lshrrev_b32_e32 v240, 16, v240                           // 0000000091BC: 33E1E090
	v_add_nc_u32_e32 v241, 6, v6                               // 0000000091C0: 4BE20C86
	v_lshlrev_b32_e32 v242, 13, v241                           // 0000000091C4: 31E5E28D
	v_add_nc_u32_e32 v242, s24, v242                           // 0000000091C8: 4BE5E418
	v_lshl_add_u32 v242, v3, 1, v242                           // 0000000091CC: D64600F2 07C90303
	v_add_nc_u32_e32 v242, 0x60, v242                          // 0000000091D4: 4BE5E4FF 00000060
	v_cmp_gt_u32_e32 vcc_lo, s18, v241                         // 0000000091DC: 7C99E212
	s_and_saveexec_b32 s42, vcc_lo                             // 0000000091E0: BEAA206A
	global_store_b16 v242, v240, s[10:11]                      // 0000000091E4: DC660000 000AF0F2
	s_mov_b32 exec_lo, s42                                     // 0000000091EC: BEFE002A
	v_mul_f32_e32 v238, v92, v60                               // 0000000091F0: 11DC795C
	v_lshrrev_b32_e32 v239, 16, v238                           // 0000000091F4: 33DFDC90
	v_and_b32_e32 v239, 1, v239                                // 0000000091F8: 37DFDE81
	v_add_nc_u32_e32 v240, 0x7fff, v238                        // 0000000091FC: 4BE1DCFF 00007FFF
	v_add_nc_u32_e32 v240, v239, v240                          // 000000009204: 4BE1E1EF
	v_lshrrev_b32_e32 v240, 16, v240                           // 000000009208: 33E1E090
	v_add_nc_u32_e32 v241, 8, v6                               // 00000000920C: 4BE20C88
	v_lshlrev_b32_e32 v242, 13, v241                           // 000000009210: 31E5E28D
	v_add_nc_u32_e32 v242, s24, v242                           // 000000009214: 4BE5E418
	v_lshl_add_u32 v242, v3, 1, v242                           // 000000009218: D64600F2 07C90303
	v_add_nc_u32_e32 v242, 0x60, v242                          // 000000009220: 4BE5E4FF 00000060
	v_cmp_gt_u32_e32 vcc_lo, s18, v241                         // 000000009228: 7C99E212
	s_and_saveexec_b32 s42, vcc_lo                             // 00000000922C: BEAA206A
	global_store_b16 v242, v240, s[10:11]                      // 000000009230: DC660000 000AF0F2
	s_mov_b32 exec_lo, s42                                     // 000000009238: BEFE002A
	v_mul_f32_e32 v238, v93, v61                               // 00000000923C: 11DC7B5D
	v_lshrrev_b32_e32 v239, 16, v238                           // 000000009240: 33DFDC90
	v_and_b32_e32 v239, 1, v239                                // 000000009244: 37DFDE81
	v_add_nc_u32_e32 v240, 0x7fff, v238                        // 000000009248: 4BE1DCFF 00007FFF
	v_add_nc_u32_e32 v240, v239, v240                          // 000000009250: 4BE1E1EF
	v_lshrrev_b32_e32 v240, 16, v240                           // 000000009254: 33E1E090
	v_add_nc_u32_e32 v241, 10, v6                              // 000000009258: 4BE20C8A
	v_lshlrev_b32_e32 v242, 13, v241                           // 00000000925C: 31E5E28D
	v_add_nc_u32_e32 v242, s24, v242                           // 000000009260: 4BE5E418
	v_lshl_add_u32 v242, v3, 1, v242                           // 000000009264: D64600F2 07C90303
	v_add_nc_u32_e32 v242, 0x60, v242                          // 00000000926C: 4BE5E4FF 00000060
	v_cmp_gt_u32_e32 vcc_lo, s18, v241                         // 000000009274: 7C99E212
	s_and_saveexec_b32 s42, vcc_lo                             // 000000009278: BEAA206A
	global_store_b16 v242, v240, s[10:11]                      // 00000000927C: DC660000 000AF0F2
	s_mov_b32 exec_lo, s42                                     // 000000009284: BEFE002A
	v_mul_f32_e32 v238, v94, v62                               // 000000009288: 11DC7D5E
	v_lshrrev_b32_e32 v239, 16, v238                           // 00000000928C: 33DFDC90
	v_and_b32_e32 v239, 1, v239                                // 000000009290: 37DFDE81
	v_add_nc_u32_e32 v240, 0x7fff, v238                        // 000000009294: 4BE1DCFF 00007FFF
	v_add_nc_u32_e32 v240, v239, v240                          // 00000000929C: 4BE1E1EF
	v_lshrrev_b32_e32 v240, 16, v240                           // 0000000092A0: 33E1E090
	v_add_nc_u32_e32 v241, 12, v6                              // 0000000092A4: 4BE20C8C
	v_lshlrev_b32_e32 v242, 13, v241                           // 0000000092A8: 31E5E28D
	v_add_nc_u32_e32 v242, s24, v242                           // 0000000092AC: 4BE5E418
	v_lshl_add_u32 v242, v3, 1, v242                           // 0000000092B0: D64600F2 07C90303
	v_add_nc_u32_e32 v242, 0x60, v242                          // 0000000092B8: 4BE5E4FF 00000060
	v_cmp_gt_u32_e32 vcc_lo, s18, v241                         // 0000000092C0: 7C99E212
	s_and_saveexec_b32 s42, vcc_lo                             // 0000000092C4: BEAA206A
	global_store_b16 v242, v240, s[10:11]                      // 0000000092C8: DC660000 000AF0F2
	s_mov_b32 exec_lo, s42                                     // 0000000092D0: BEFE002A
	v_mul_f32_e32 v238, v95, v63                               // 0000000092D4: 11DC7F5F
	v_lshrrev_b32_e32 v239, 16, v238                           // 0000000092D8: 33DFDC90
	v_and_b32_e32 v239, 1, v239                                // 0000000092DC: 37DFDE81
	v_add_nc_u32_e32 v240, 0x7fff, v238                        // 0000000092E0: 4BE1DCFF 00007FFF
	v_add_nc_u32_e32 v240, v239, v240                          // 0000000092E8: 4BE1E1EF
	v_lshrrev_b32_e32 v240, 16, v240                           // 0000000092EC: 33E1E090
	v_add_nc_u32_e32 v241, 14, v6                              // 0000000092F0: 4BE20C8E
	v_lshlrev_b32_e32 v242, 13, v241                           // 0000000092F4: 31E5E28D
	v_add_nc_u32_e32 v242, s24, v242                           // 0000000092F8: 4BE5E418
	v_lshl_add_u32 v242, v3, 1, v242                           // 0000000092FC: D64600F2 07C90303
	v_add_nc_u32_e32 v242, 0x60, v242                          // 000000009304: 4BE5E4FF 00000060
	v_cmp_gt_u32_e32 vcc_lo, s18, v241                         // 00000000930C: 7C99E212
	s_and_saveexec_b32 s42, vcc_lo                             // 000000009310: BEAA206A
	global_store_b16 v242, v240, s[10:11]                      // 000000009314: DC660000 000AF0F2
	s_mov_b32 exec_lo, s42                                     // 00000000931C: BEFE002A
	v_mul_f32_e32 v238, v96, v56                               // 000000009320: 11DC7160
	v_lshrrev_b32_e32 v239, 16, v238                           // 000000009324: 33DFDC90
	v_and_b32_e32 v239, 1, v239                                // 000000009328: 37DFDE81
	v_add_nc_u32_e32 v240, 0x7fff, v238                        // 00000000932C: 4BE1DCFF 00007FFF
	v_add_nc_u32_e32 v240, v239, v240                          // 000000009334: 4BE1E1EF
	v_lshrrev_b32_e32 v240, 16, v240                           // 000000009338: 33E1E090
	v_add_nc_u32_e32 v241, 0, v6                               // 00000000933C: 4BE20C80
	v_lshlrev_b32_e32 v242, 13, v241                           // 000000009340: 31E5E28D
	v_add_nc_u32_e32 v242, s24, v242                           // 000000009344: 4BE5E418
	v_lshl_add_u32 v242, v3, 1, v242                           // 000000009348: D64600F2 07C90303
	v_add_nc_u32_e32 v242, 0x80, v242                          // 000000009350: 4BE5E4FF 00000080
	v_cmp_gt_u32_e32 vcc_lo, s18, v241                         // 000000009358: 7C99E212
	s_and_saveexec_b32 s42, vcc_lo                             // 00000000935C: BEAA206A
	global_store_b16 v242, v240, s[10:11]                      // 000000009360: DC660000 000AF0F2
	s_mov_b32 exec_lo, s42                                     // 000000009368: BEFE002A
	v_mul_f32_e32 v238, v97, v57                               // 00000000936C: 11DC7361
	v_lshrrev_b32_e32 v239, 16, v238                           // 000000009370: 33DFDC90
	v_and_b32_e32 v239, 1, v239                                // 000000009374: 37DFDE81
	v_add_nc_u32_e32 v240, 0x7fff, v238                        // 000000009378: 4BE1DCFF 00007FFF
	v_add_nc_u32_e32 v240, v239, v240                          // 000000009380: 4BE1E1EF
	v_lshrrev_b32_e32 v240, 16, v240                           // 000000009384: 33E1E090
	v_add_nc_u32_e32 v241, 2, v6                               // 000000009388: 4BE20C82
	v_lshlrev_b32_e32 v242, 13, v241                           // 00000000938C: 31E5E28D
	v_add_nc_u32_e32 v242, s24, v242                           // 000000009390: 4BE5E418
	v_lshl_add_u32 v242, v3, 1, v242                           // 000000009394: D64600F2 07C90303
	v_add_nc_u32_e32 v242, 0x80, v242                          // 00000000939C: 4BE5E4FF 00000080
	v_cmp_gt_u32_e32 vcc_lo, s18, v241                         // 0000000093A4: 7C99E212
	s_and_saveexec_b32 s42, vcc_lo                             // 0000000093A8: BEAA206A
	global_store_b16 v242, v240, s[10:11]                      // 0000000093AC: DC660000 000AF0F2
	s_mov_b32 exec_lo, s42                                     // 0000000093B4: BEFE002A
	v_mul_f32_e32 v238, v98, v58                               // 0000000093B8: 11DC7562
	v_lshrrev_b32_e32 v239, 16, v238                           // 0000000093BC: 33DFDC90
	v_and_b32_e32 v239, 1, v239                                // 0000000093C0: 37DFDE81
	v_add_nc_u32_e32 v240, 0x7fff, v238                        // 0000000093C4: 4BE1DCFF 00007FFF
	v_add_nc_u32_e32 v240, v239, v240                          // 0000000093CC: 4BE1E1EF
	v_lshrrev_b32_e32 v240, 16, v240                           // 0000000093D0: 33E1E090
	v_add_nc_u32_e32 v241, 4, v6                               // 0000000093D4: 4BE20C84
	v_lshlrev_b32_e32 v242, 13, v241                           // 0000000093D8: 31E5E28D
	v_add_nc_u32_e32 v242, s24, v242                           // 0000000093DC: 4BE5E418
	v_lshl_add_u32 v242, v3, 1, v242                           // 0000000093E0: D64600F2 07C90303
	v_add_nc_u32_e32 v242, 0x80, v242                          // 0000000093E8: 4BE5E4FF 00000080
	v_cmp_gt_u32_e32 vcc_lo, s18, v241                         // 0000000093F0: 7C99E212
	s_and_saveexec_b32 s42, vcc_lo                             // 0000000093F4: BEAA206A
	global_store_b16 v242, v240, s[10:11]                      // 0000000093F8: DC660000 000AF0F2
	s_mov_b32 exec_lo, s42                                     // 000000009400: BEFE002A
	v_mul_f32_e32 v238, v99, v59                               // 000000009404: 11DC7763
	v_lshrrev_b32_e32 v239, 16, v238                           // 000000009408: 33DFDC90
	v_and_b32_e32 v239, 1, v239                                // 00000000940C: 37DFDE81
	v_add_nc_u32_e32 v240, 0x7fff, v238                        // 000000009410: 4BE1DCFF 00007FFF
	v_add_nc_u32_e32 v240, v239, v240                          // 000000009418: 4BE1E1EF
	v_lshrrev_b32_e32 v240, 16, v240                           // 00000000941C: 33E1E090
	v_add_nc_u32_e32 v241, 6, v6                               // 000000009420: 4BE20C86
	v_lshlrev_b32_e32 v242, 13, v241                           // 000000009424: 31E5E28D
	v_add_nc_u32_e32 v242, s24, v242                           // 000000009428: 4BE5E418
	v_lshl_add_u32 v242, v3, 1, v242                           // 00000000942C: D64600F2 07C90303
	v_add_nc_u32_e32 v242, 0x80, v242                          // 000000009434: 4BE5E4FF 00000080
	v_cmp_gt_u32_e32 vcc_lo, s18, v241                         // 00000000943C: 7C99E212
	s_and_saveexec_b32 s42, vcc_lo                             // 000000009440: BEAA206A
	global_store_b16 v242, v240, s[10:11]                      // 000000009444: DC660000 000AF0F2
	s_mov_b32 exec_lo, s42                                     // 00000000944C: BEFE002A
	v_mul_f32_e32 v238, v100, v60                              // 000000009450: 11DC7964
	v_lshrrev_b32_e32 v239, 16, v238                           // 000000009454: 33DFDC90
	v_and_b32_e32 v239, 1, v239                                // 000000009458: 37DFDE81
	v_add_nc_u32_e32 v240, 0x7fff, v238                        // 00000000945C: 4BE1DCFF 00007FFF
	v_add_nc_u32_e32 v240, v239, v240                          // 000000009464: 4BE1E1EF
	v_lshrrev_b32_e32 v240, 16, v240                           // 000000009468: 33E1E090
	v_add_nc_u32_e32 v241, 8, v6                               // 00000000946C: 4BE20C88
	v_lshlrev_b32_e32 v242, 13, v241                           // 000000009470: 31E5E28D
	v_add_nc_u32_e32 v242, s24, v242                           // 000000009474: 4BE5E418
	v_lshl_add_u32 v242, v3, 1, v242                           // 000000009478: D64600F2 07C90303
	v_add_nc_u32_e32 v242, 0x80, v242                          // 000000009480: 4BE5E4FF 00000080
	v_cmp_gt_u32_e32 vcc_lo, s18, v241                         // 000000009488: 7C99E212
	s_and_saveexec_b32 s42, vcc_lo                             // 00000000948C: BEAA206A
	global_store_b16 v242, v240, s[10:11]                      // 000000009490: DC660000 000AF0F2
	s_mov_b32 exec_lo, s42                                     // 000000009498: BEFE002A
	v_mul_f32_e32 v238, v101, v61                              // 00000000949C: 11DC7B65
	v_lshrrev_b32_e32 v239, 16, v238                           // 0000000094A0: 33DFDC90
	v_and_b32_e32 v239, 1, v239                                // 0000000094A4: 37DFDE81
	v_add_nc_u32_e32 v240, 0x7fff, v238                        // 0000000094A8: 4BE1DCFF 00007FFF
	v_add_nc_u32_e32 v240, v239, v240                          // 0000000094B0: 4BE1E1EF
	v_lshrrev_b32_e32 v240, 16, v240                           // 0000000094B4: 33E1E090
	v_add_nc_u32_e32 v241, 10, v6                              // 0000000094B8: 4BE20C8A
	v_lshlrev_b32_e32 v242, 13, v241                           // 0000000094BC: 31E5E28D
	v_add_nc_u32_e32 v242, s24, v242                           // 0000000094C0: 4BE5E418
	v_lshl_add_u32 v242, v3, 1, v242                           // 0000000094C4: D64600F2 07C90303
	v_add_nc_u32_e32 v242, 0x80, v242                          // 0000000094CC: 4BE5E4FF 00000080
	v_cmp_gt_u32_e32 vcc_lo, s18, v241                         // 0000000094D4: 7C99E212
	s_and_saveexec_b32 s42, vcc_lo                             // 0000000094D8: BEAA206A
	global_store_b16 v242, v240, s[10:11]                      // 0000000094DC: DC660000 000AF0F2
	s_mov_b32 exec_lo, s42                                     // 0000000094E4: BEFE002A
	v_mul_f32_e32 v238, v102, v62                              // 0000000094E8: 11DC7D66
	v_lshrrev_b32_e32 v239, 16, v238                           // 0000000094EC: 33DFDC90
	v_and_b32_e32 v239, 1, v239                                // 0000000094F0: 37DFDE81
	v_add_nc_u32_e32 v240, 0x7fff, v238                        // 0000000094F4: 4BE1DCFF 00007FFF
	v_add_nc_u32_e32 v240, v239, v240                          // 0000000094FC: 4BE1E1EF
	v_lshrrev_b32_e32 v240, 16, v240                           // 000000009500: 33E1E090
	v_add_nc_u32_e32 v241, 12, v6                              // 000000009504: 4BE20C8C
	v_lshlrev_b32_e32 v242, 13, v241                           // 000000009508: 31E5E28D
	v_add_nc_u32_e32 v242, s24, v242                           // 00000000950C: 4BE5E418
	v_lshl_add_u32 v242, v3, 1, v242                           // 000000009510: D64600F2 07C90303
	v_add_nc_u32_e32 v242, 0x80, v242                          // 000000009518: 4BE5E4FF 00000080
	v_cmp_gt_u32_e32 vcc_lo, s18, v241                         // 000000009520: 7C99E212
	s_and_saveexec_b32 s42, vcc_lo                             // 000000009524: BEAA206A
	global_store_b16 v242, v240, s[10:11]                      // 000000009528: DC660000 000AF0F2
	s_mov_b32 exec_lo, s42                                     // 000000009530: BEFE002A
	v_mul_f32_e32 v238, v103, v63                              // 000000009534: 11DC7F67
	v_lshrrev_b32_e32 v239, 16, v238                           // 000000009538: 33DFDC90
	v_and_b32_e32 v239, 1, v239                                // 00000000953C: 37DFDE81
	v_add_nc_u32_e32 v240, 0x7fff, v238                        // 000000009540: 4BE1DCFF 00007FFF
	v_add_nc_u32_e32 v240, v239, v240                          // 000000009548: 4BE1E1EF
	v_lshrrev_b32_e32 v240, 16, v240                           // 00000000954C: 33E1E090
	v_add_nc_u32_e32 v241, 14, v6                              // 000000009550: 4BE20C8E
	v_lshlrev_b32_e32 v242, 13, v241                           // 000000009554: 31E5E28D
	v_add_nc_u32_e32 v242, s24, v242                           // 000000009558: 4BE5E418
	v_lshl_add_u32 v242, v3, 1, v242                           // 00000000955C: D64600F2 07C90303
	v_add_nc_u32_e32 v242, 0x80, v242                          // 000000009564: 4BE5E4FF 00000080
	v_cmp_gt_u32_e32 vcc_lo, s18, v241                         // 00000000956C: 7C99E212
	s_and_saveexec_b32 s42, vcc_lo                             // 000000009570: BEAA206A
	global_store_b16 v242, v240, s[10:11]                      // 000000009574: DC660000 000AF0F2
	s_mov_b32 exec_lo, s42                                     // 00000000957C: BEFE002A
	v_mul_f32_e32 v238, v104, v56                              // 000000009580: 11DC7168
	v_lshrrev_b32_e32 v239, 16, v238                           // 000000009584: 33DFDC90
	v_and_b32_e32 v239, 1, v239                                // 000000009588: 37DFDE81
	v_add_nc_u32_e32 v240, 0x7fff, v238                        // 00000000958C: 4BE1DCFF 00007FFF
	v_add_nc_u32_e32 v240, v239, v240                          // 000000009594: 4BE1E1EF
	v_lshrrev_b32_e32 v240, 16, v240                           // 000000009598: 33E1E090
	v_add_nc_u32_e32 v241, 0, v6                               // 00000000959C: 4BE20C80
	v_lshlrev_b32_e32 v242, 13, v241                           // 0000000095A0: 31E5E28D
	v_add_nc_u32_e32 v242, s24, v242                           // 0000000095A4: 4BE5E418
	v_lshl_add_u32 v242, v3, 1, v242                           // 0000000095A8: D64600F2 07C90303
	v_add_nc_u32_e32 v242, 0xa0, v242                          // 0000000095B0: 4BE5E4FF 000000A0
	v_cmp_gt_u32_e32 vcc_lo, s18, v241                         // 0000000095B8: 7C99E212
	s_and_saveexec_b32 s42, vcc_lo                             // 0000000095BC: BEAA206A
	global_store_b16 v242, v240, s[10:11]                      // 0000000095C0: DC660000 000AF0F2
	s_mov_b32 exec_lo, s42                                     // 0000000095C8: BEFE002A
	v_mul_f32_e32 v238, v105, v57                              // 0000000095CC: 11DC7369
	v_lshrrev_b32_e32 v239, 16, v238                           // 0000000095D0: 33DFDC90
	v_and_b32_e32 v239, 1, v239                                // 0000000095D4: 37DFDE81
	v_add_nc_u32_e32 v240, 0x7fff, v238                        // 0000000095D8: 4BE1DCFF 00007FFF
	v_add_nc_u32_e32 v240, v239, v240                          // 0000000095E0: 4BE1E1EF
	v_lshrrev_b32_e32 v240, 16, v240                           // 0000000095E4: 33E1E090
	v_add_nc_u32_e32 v241, 2, v6                               // 0000000095E8: 4BE20C82
	v_lshlrev_b32_e32 v242, 13, v241                           // 0000000095EC: 31E5E28D
	v_add_nc_u32_e32 v242, s24, v242                           // 0000000095F0: 4BE5E418
	v_lshl_add_u32 v242, v3, 1, v242                           // 0000000095F4: D64600F2 07C90303
	v_add_nc_u32_e32 v242, 0xa0, v242                          // 0000000095FC: 4BE5E4FF 000000A0
	v_cmp_gt_u32_e32 vcc_lo, s18, v241                         // 000000009604: 7C99E212
	s_and_saveexec_b32 s42, vcc_lo                             // 000000009608: BEAA206A
	global_store_b16 v242, v240, s[10:11]                      // 00000000960C: DC660000 000AF0F2
	s_mov_b32 exec_lo, s42                                     // 000000009614: BEFE002A
	v_mul_f32_e32 v238, v106, v58                              // 000000009618: 11DC756A
	v_lshrrev_b32_e32 v239, 16, v238                           // 00000000961C: 33DFDC90
	v_and_b32_e32 v239, 1, v239                                // 000000009620: 37DFDE81
	v_add_nc_u32_e32 v240, 0x7fff, v238                        // 000000009624: 4BE1DCFF 00007FFF
	v_add_nc_u32_e32 v240, v239, v240                          // 00000000962C: 4BE1E1EF
	v_lshrrev_b32_e32 v240, 16, v240                           // 000000009630: 33E1E090
	v_add_nc_u32_e32 v241, 4, v6                               // 000000009634: 4BE20C84
	v_lshlrev_b32_e32 v242, 13, v241                           // 000000009638: 31E5E28D
	v_add_nc_u32_e32 v242, s24, v242                           // 00000000963C: 4BE5E418
	v_lshl_add_u32 v242, v3, 1, v242                           // 000000009640: D64600F2 07C90303
	v_add_nc_u32_e32 v242, 0xa0, v242                          // 000000009648: 4BE5E4FF 000000A0
	v_cmp_gt_u32_e32 vcc_lo, s18, v241                         // 000000009650: 7C99E212
	s_and_saveexec_b32 s42, vcc_lo                             // 000000009654: BEAA206A
	global_store_b16 v242, v240, s[10:11]                      // 000000009658: DC660000 000AF0F2
	s_mov_b32 exec_lo, s42                                     // 000000009660: BEFE002A
	v_mul_f32_e32 v238, v107, v59                              // 000000009664: 11DC776B
	v_lshrrev_b32_e32 v239, 16, v238                           // 000000009668: 33DFDC90
	v_and_b32_e32 v239, 1, v239                                // 00000000966C: 37DFDE81
	v_add_nc_u32_e32 v240, 0x7fff, v238                        // 000000009670: 4BE1DCFF 00007FFF
	v_add_nc_u32_e32 v240, v239, v240                          // 000000009678: 4BE1E1EF
	v_lshrrev_b32_e32 v240, 16, v240                           // 00000000967C: 33E1E090
	v_add_nc_u32_e32 v241, 6, v6                               // 000000009680: 4BE20C86
	v_lshlrev_b32_e32 v242, 13, v241                           // 000000009684: 31E5E28D
	v_add_nc_u32_e32 v242, s24, v242                           // 000000009688: 4BE5E418
	v_lshl_add_u32 v242, v3, 1, v242                           // 00000000968C: D64600F2 07C90303
	v_add_nc_u32_e32 v242, 0xa0, v242                          // 000000009694: 4BE5E4FF 000000A0
	v_cmp_gt_u32_e32 vcc_lo, s18, v241                         // 00000000969C: 7C99E212
	s_and_saveexec_b32 s42, vcc_lo                             // 0000000096A0: BEAA206A
	global_store_b16 v242, v240, s[10:11]                      // 0000000096A4: DC660000 000AF0F2
	s_mov_b32 exec_lo, s42                                     // 0000000096AC: BEFE002A
	v_mul_f32_e32 v238, v108, v60                              // 0000000096B0: 11DC796C
	v_lshrrev_b32_e32 v239, 16, v238                           // 0000000096B4: 33DFDC90
	v_and_b32_e32 v239, 1, v239                                // 0000000096B8: 37DFDE81
	v_add_nc_u32_e32 v240, 0x7fff, v238                        // 0000000096BC: 4BE1DCFF 00007FFF
	v_add_nc_u32_e32 v240, v239, v240                          // 0000000096C4: 4BE1E1EF
	v_lshrrev_b32_e32 v240, 16, v240                           // 0000000096C8: 33E1E090
	v_add_nc_u32_e32 v241, 8, v6                               // 0000000096CC: 4BE20C88
	v_lshlrev_b32_e32 v242, 13, v241                           // 0000000096D0: 31E5E28D
	v_add_nc_u32_e32 v242, s24, v242                           // 0000000096D4: 4BE5E418
	v_lshl_add_u32 v242, v3, 1, v242                           // 0000000096D8: D64600F2 07C90303
	v_add_nc_u32_e32 v242, 0xa0, v242                          // 0000000096E0: 4BE5E4FF 000000A0
	v_cmp_gt_u32_e32 vcc_lo, s18, v241                         // 0000000096E8: 7C99E212
	s_and_saveexec_b32 s42, vcc_lo                             // 0000000096EC: BEAA206A
	global_store_b16 v242, v240, s[10:11]                      // 0000000096F0: DC660000 000AF0F2
	s_mov_b32 exec_lo, s42                                     // 0000000096F8: BEFE002A
	v_mul_f32_e32 v238, v109, v61                              // 0000000096FC: 11DC7B6D
	v_lshrrev_b32_e32 v239, 16, v238                           // 000000009700: 33DFDC90
	v_and_b32_e32 v239, 1, v239                                // 000000009704: 37DFDE81
	v_add_nc_u32_e32 v240, 0x7fff, v238                        // 000000009708: 4BE1DCFF 00007FFF
	v_add_nc_u32_e32 v240, v239, v240                          // 000000009710: 4BE1E1EF
	v_lshrrev_b32_e32 v240, 16, v240                           // 000000009714: 33E1E090
	v_add_nc_u32_e32 v241, 10, v6                              // 000000009718: 4BE20C8A
	v_lshlrev_b32_e32 v242, 13, v241                           // 00000000971C: 31E5E28D
	v_add_nc_u32_e32 v242, s24, v242                           // 000000009720: 4BE5E418
	v_lshl_add_u32 v242, v3, 1, v242                           // 000000009724: D64600F2 07C90303
	v_add_nc_u32_e32 v242, 0xa0, v242                          // 00000000972C: 4BE5E4FF 000000A0
	v_cmp_gt_u32_e32 vcc_lo, s18, v241                         // 000000009734: 7C99E212
	s_and_saveexec_b32 s42, vcc_lo                             // 000000009738: BEAA206A
	global_store_b16 v242, v240, s[10:11]                      // 00000000973C: DC660000 000AF0F2
	s_mov_b32 exec_lo, s42                                     // 000000009744: BEFE002A
	v_mul_f32_e32 v238, v110, v62                              // 000000009748: 11DC7D6E
	v_lshrrev_b32_e32 v239, 16, v238                           // 00000000974C: 33DFDC90
	v_and_b32_e32 v239, 1, v239                                // 000000009750: 37DFDE81
	v_add_nc_u32_e32 v240, 0x7fff, v238                        // 000000009754: 4BE1DCFF 00007FFF
	v_add_nc_u32_e32 v240, v239, v240                          // 00000000975C: 4BE1E1EF
	v_lshrrev_b32_e32 v240, 16, v240                           // 000000009760: 33E1E090
	v_add_nc_u32_e32 v241, 12, v6                              // 000000009764: 4BE20C8C
	v_lshlrev_b32_e32 v242, 13, v241                           // 000000009768: 31E5E28D
	v_add_nc_u32_e32 v242, s24, v242                           // 00000000976C: 4BE5E418
	v_lshl_add_u32 v242, v3, 1, v242                           // 000000009770: D64600F2 07C90303
	v_add_nc_u32_e32 v242, 0xa0, v242                          // 000000009778: 4BE5E4FF 000000A0
	v_cmp_gt_u32_e32 vcc_lo, s18, v241                         // 000000009780: 7C99E212
	s_and_saveexec_b32 s42, vcc_lo                             // 000000009784: BEAA206A
	global_store_b16 v242, v240, s[10:11]                      // 000000009788: DC660000 000AF0F2
	s_mov_b32 exec_lo, s42                                     // 000000009790: BEFE002A
	v_mul_f32_e32 v238, v111, v63                              // 000000009794: 11DC7F6F
	v_lshrrev_b32_e32 v239, 16, v238                           // 000000009798: 33DFDC90
	v_and_b32_e32 v239, 1, v239                                // 00000000979C: 37DFDE81
	v_add_nc_u32_e32 v240, 0x7fff, v238                        // 0000000097A0: 4BE1DCFF 00007FFF
	v_add_nc_u32_e32 v240, v239, v240                          // 0000000097A8: 4BE1E1EF
	v_lshrrev_b32_e32 v240, 16, v240                           // 0000000097AC: 33E1E090
	v_add_nc_u32_e32 v241, 14, v6                              // 0000000097B0: 4BE20C8E
	v_lshlrev_b32_e32 v242, 13, v241                           // 0000000097B4: 31E5E28D
	v_add_nc_u32_e32 v242, s24, v242                           // 0000000097B8: 4BE5E418
	v_lshl_add_u32 v242, v3, 1, v242                           // 0000000097BC: D64600F2 07C90303
	v_add_nc_u32_e32 v242, 0xa0, v242                          // 0000000097C4: 4BE5E4FF 000000A0
	v_cmp_gt_u32_e32 vcc_lo, s18, v241                         // 0000000097CC: 7C99E212
	s_and_saveexec_b32 s42, vcc_lo                             // 0000000097D0: BEAA206A
	global_store_b16 v242, v240, s[10:11]                      // 0000000097D4: DC660000 000AF0F2
	s_mov_b32 exec_lo, s42                                     // 0000000097DC: BEFE002A
	v_mul_f32_e32 v238, v112, v56                              // 0000000097E0: 11DC7170
	v_lshrrev_b32_e32 v239, 16, v238                           // 0000000097E4: 33DFDC90
	v_and_b32_e32 v239, 1, v239                                // 0000000097E8: 37DFDE81
	v_add_nc_u32_e32 v240, 0x7fff, v238                        // 0000000097EC: 4BE1DCFF 00007FFF
	v_add_nc_u32_e32 v240, v239, v240                          // 0000000097F4: 4BE1E1EF
	v_lshrrev_b32_e32 v240, 16, v240                           // 0000000097F8: 33E1E090
	v_add_nc_u32_e32 v241, 0, v6                               // 0000000097FC: 4BE20C80
	v_lshlrev_b32_e32 v242, 13, v241                           // 000000009800: 31E5E28D
	v_add_nc_u32_e32 v242, s24, v242                           // 000000009804: 4BE5E418
	v_lshl_add_u32 v242, v3, 1, v242                           // 000000009808: D64600F2 07C90303
	v_add_nc_u32_e32 v242, 0xc0, v242                          // 000000009810: 4BE5E4FF 000000C0
	v_cmp_gt_u32_e32 vcc_lo, s18, v241                         // 000000009818: 7C99E212
	s_and_saveexec_b32 s42, vcc_lo                             // 00000000981C: BEAA206A
	global_store_b16 v242, v240, s[10:11]                      // 000000009820: DC660000 000AF0F2
	s_mov_b32 exec_lo, s42                                     // 000000009828: BEFE002A
	v_mul_f32_e32 v238, v113, v57                              // 00000000982C: 11DC7371
	v_lshrrev_b32_e32 v239, 16, v238                           // 000000009830: 33DFDC90
	v_and_b32_e32 v239, 1, v239                                // 000000009834: 37DFDE81
	v_add_nc_u32_e32 v240, 0x7fff, v238                        // 000000009838: 4BE1DCFF 00007FFF
	v_add_nc_u32_e32 v240, v239, v240                          // 000000009840: 4BE1E1EF
	v_lshrrev_b32_e32 v240, 16, v240                           // 000000009844: 33E1E090
	v_add_nc_u32_e32 v241, 2, v6                               // 000000009848: 4BE20C82
	v_lshlrev_b32_e32 v242, 13, v241                           // 00000000984C: 31E5E28D
	v_add_nc_u32_e32 v242, s24, v242                           // 000000009850: 4BE5E418
	v_lshl_add_u32 v242, v3, 1, v242                           // 000000009854: D64600F2 07C90303
	v_add_nc_u32_e32 v242, 0xc0, v242                          // 00000000985C: 4BE5E4FF 000000C0
	v_cmp_gt_u32_e32 vcc_lo, s18, v241                         // 000000009864: 7C99E212
	s_and_saveexec_b32 s42, vcc_lo                             // 000000009868: BEAA206A
	global_store_b16 v242, v240, s[10:11]                      // 00000000986C: DC660000 000AF0F2
	s_mov_b32 exec_lo, s42                                     // 000000009874: BEFE002A
	v_mul_f32_e32 v238, v114, v58                              // 000000009878: 11DC7572
	v_lshrrev_b32_e32 v239, 16, v238                           // 00000000987C: 33DFDC90
	v_and_b32_e32 v239, 1, v239                                // 000000009880: 37DFDE81
	v_add_nc_u32_e32 v240, 0x7fff, v238                        // 000000009884: 4BE1DCFF 00007FFF
	v_add_nc_u32_e32 v240, v239, v240                          // 00000000988C: 4BE1E1EF
	v_lshrrev_b32_e32 v240, 16, v240                           // 000000009890: 33E1E090
	v_add_nc_u32_e32 v241, 4, v6                               // 000000009894: 4BE20C84
	v_lshlrev_b32_e32 v242, 13, v241                           // 000000009898: 31E5E28D
	v_add_nc_u32_e32 v242, s24, v242                           // 00000000989C: 4BE5E418
	v_lshl_add_u32 v242, v3, 1, v242                           // 0000000098A0: D64600F2 07C90303
	v_add_nc_u32_e32 v242, 0xc0, v242                          // 0000000098A8: 4BE5E4FF 000000C0
	v_cmp_gt_u32_e32 vcc_lo, s18, v241                         // 0000000098B0: 7C99E212
	s_and_saveexec_b32 s42, vcc_lo                             // 0000000098B4: BEAA206A
	global_store_b16 v242, v240, s[10:11]                      // 0000000098B8: DC660000 000AF0F2
	s_mov_b32 exec_lo, s42                                     // 0000000098C0: BEFE002A
	v_mul_f32_e32 v238, v115, v59                              // 0000000098C4: 11DC7773
	v_lshrrev_b32_e32 v239, 16, v238                           // 0000000098C8: 33DFDC90
	v_and_b32_e32 v239, 1, v239                                // 0000000098CC: 37DFDE81
	v_add_nc_u32_e32 v240, 0x7fff, v238                        // 0000000098D0: 4BE1DCFF 00007FFF
	v_add_nc_u32_e32 v240, v239, v240                          // 0000000098D8: 4BE1E1EF
	v_lshrrev_b32_e32 v240, 16, v240                           // 0000000098DC: 33E1E090
	v_add_nc_u32_e32 v241, 6, v6                               // 0000000098E0: 4BE20C86
	v_lshlrev_b32_e32 v242, 13, v241                           // 0000000098E4: 31E5E28D
	v_add_nc_u32_e32 v242, s24, v242                           // 0000000098E8: 4BE5E418
	v_lshl_add_u32 v242, v3, 1, v242                           // 0000000098EC: D64600F2 07C90303
	v_add_nc_u32_e32 v242, 0xc0, v242                          // 0000000098F4: 4BE5E4FF 000000C0
	v_cmp_gt_u32_e32 vcc_lo, s18, v241                         // 0000000098FC: 7C99E212
	s_and_saveexec_b32 s42, vcc_lo                             // 000000009900: BEAA206A
	global_store_b16 v242, v240, s[10:11]                      // 000000009904: DC660000 000AF0F2
	s_mov_b32 exec_lo, s42                                     // 00000000990C: BEFE002A
	v_mul_f32_e32 v238, v116, v60                              // 000000009910: 11DC7974
	v_lshrrev_b32_e32 v239, 16, v238                           // 000000009914: 33DFDC90
	v_and_b32_e32 v239, 1, v239                                // 000000009918: 37DFDE81
	v_add_nc_u32_e32 v240, 0x7fff, v238                        // 00000000991C: 4BE1DCFF 00007FFF
	v_add_nc_u32_e32 v240, v239, v240                          // 000000009924: 4BE1E1EF
	v_lshrrev_b32_e32 v240, 16, v240                           // 000000009928: 33E1E090
	v_add_nc_u32_e32 v241, 8, v6                               // 00000000992C: 4BE20C88
	v_lshlrev_b32_e32 v242, 13, v241                           // 000000009930: 31E5E28D
	v_add_nc_u32_e32 v242, s24, v242                           // 000000009934: 4BE5E418
	v_lshl_add_u32 v242, v3, 1, v242                           // 000000009938: D64600F2 07C90303
	v_add_nc_u32_e32 v242, 0xc0, v242                          // 000000009940: 4BE5E4FF 000000C0
	v_cmp_gt_u32_e32 vcc_lo, s18, v241                         // 000000009948: 7C99E212
	s_and_saveexec_b32 s42, vcc_lo                             // 00000000994C: BEAA206A
	global_store_b16 v242, v240, s[10:11]                      // 000000009950: DC660000 000AF0F2
	s_mov_b32 exec_lo, s42                                     // 000000009958: BEFE002A
	v_mul_f32_e32 v238, v117, v61                              // 00000000995C: 11DC7B75
	v_lshrrev_b32_e32 v239, 16, v238                           // 000000009960: 33DFDC90
	v_and_b32_e32 v239, 1, v239                                // 000000009964: 37DFDE81
	v_add_nc_u32_e32 v240, 0x7fff, v238                        // 000000009968: 4BE1DCFF 00007FFF
	v_add_nc_u32_e32 v240, v239, v240                          // 000000009970: 4BE1E1EF
	v_lshrrev_b32_e32 v240, 16, v240                           // 000000009974: 33E1E090
	v_add_nc_u32_e32 v241, 10, v6                              // 000000009978: 4BE20C8A
	v_lshlrev_b32_e32 v242, 13, v241                           // 00000000997C: 31E5E28D
	v_add_nc_u32_e32 v242, s24, v242                           // 000000009980: 4BE5E418
	v_lshl_add_u32 v242, v3, 1, v242                           // 000000009984: D64600F2 07C90303
	v_add_nc_u32_e32 v242, 0xc0, v242                          // 00000000998C: 4BE5E4FF 000000C0
	v_cmp_gt_u32_e32 vcc_lo, s18, v241                         // 000000009994: 7C99E212
	s_and_saveexec_b32 s42, vcc_lo                             // 000000009998: BEAA206A
	global_store_b16 v242, v240, s[10:11]                      // 00000000999C: DC660000 000AF0F2
	s_mov_b32 exec_lo, s42                                     // 0000000099A4: BEFE002A
	v_mul_f32_e32 v238, v118, v62                              // 0000000099A8: 11DC7D76
	v_lshrrev_b32_e32 v239, 16, v238                           // 0000000099AC: 33DFDC90
	v_and_b32_e32 v239, 1, v239                                // 0000000099B0: 37DFDE81
	v_add_nc_u32_e32 v240, 0x7fff, v238                        // 0000000099B4: 4BE1DCFF 00007FFF
	v_add_nc_u32_e32 v240, v239, v240                          // 0000000099BC: 4BE1E1EF
	v_lshrrev_b32_e32 v240, 16, v240                           // 0000000099C0: 33E1E090
	v_add_nc_u32_e32 v241, 12, v6                              // 0000000099C4: 4BE20C8C
	v_lshlrev_b32_e32 v242, 13, v241                           // 0000000099C8: 31E5E28D
	v_add_nc_u32_e32 v242, s24, v242                           // 0000000099CC: 4BE5E418
	v_lshl_add_u32 v242, v3, 1, v242                           // 0000000099D0: D64600F2 07C90303
	v_add_nc_u32_e32 v242, 0xc0, v242                          // 0000000099D8: 4BE5E4FF 000000C0
	v_cmp_gt_u32_e32 vcc_lo, s18, v241                         // 0000000099E0: 7C99E212
	s_and_saveexec_b32 s42, vcc_lo                             // 0000000099E4: BEAA206A
	global_store_b16 v242, v240, s[10:11]                      // 0000000099E8: DC660000 000AF0F2
	s_mov_b32 exec_lo, s42                                     // 0000000099F0: BEFE002A
	v_mul_f32_e32 v238, v119, v63                              // 0000000099F4: 11DC7F77
	v_lshrrev_b32_e32 v239, 16, v238                           // 0000000099F8: 33DFDC90
	v_and_b32_e32 v239, 1, v239                                // 0000000099FC: 37DFDE81
	v_add_nc_u32_e32 v240, 0x7fff, v238                        // 000000009A00: 4BE1DCFF 00007FFF
	v_add_nc_u32_e32 v240, v239, v240                          // 000000009A08: 4BE1E1EF
	v_lshrrev_b32_e32 v240, 16, v240                           // 000000009A0C: 33E1E090
	v_add_nc_u32_e32 v241, 14, v6                              // 000000009A10: 4BE20C8E
	v_lshlrev_b32_e32 v242, 13, v241                           // 000000009A14: 31E5E28D
	v_add_nc_u32_e32 v242, s24, v242                           // 000000009A18: 4BE5E418
	v_lshl_add_u32 v242, v3, 1, v242                           // 000000009A1C: D64600F2 07C90303
	v_add_nc_u32_e32 v242, 0xc0, v242                          // 000000009A24: 4BE5E4FF 000000C0
	v_cmp_gt_u32_e32 vcc_lo, s18, v241                         // 000000009A2C: 7C99E212
	s_and_saveexec_b32 s42, vcc_lo                             // 000000009A30: BEAA206A
	global_store_b16 v242, v240, s[10:11]                      // 000000009A34: DC660000 000AF0F2
	s_mov_b32 exec_lo, s42                                     // 000000009A3C: BEFE002A
	v_mul_f32_e32 v238, v120, v56                              // 000000009A40: 11DC7178
	v_lshrrev_b32_e32 v239, 16, v238                           // 000000009A44: 33DFDC90
	v_and_b32_e32 v239, 1, v239                                // 000000009A48: 37DFDE81
	v_add_nc_u32_e32 v240, 0x7fff, v238                        // 000000009A4C: 4BE1DCFF 00007FFF
	v_add_nc_u32_e32 v240, v239, v240                          // 000000009A54: 4BE1E1EF
	v_lshrrev_b32_e32 v240, 16, v240                           // 000000009A58: 33E1E090
	v_add_nc_u32_e32 v241, 0, v6                               // 000000009A5C: 4BE20C80
	v_lshlrev_b32_e32 v242, 13, v241                           // 000000009A60: 31E5E28D
	v_add_nc_u32_e32 v242, s24, v242                           // 000000009A64: 4BE5E418
	v_lshl_add_u32 v242, v3, 1, v242                           // 000000009A68: D64600F2 07C90303
	v_add_nc_u32_e32 v242, 0xe0, v242                          // 000000009A70: 4BE5E4FF 000000E0
	v_cmp_gt_u32_e32 vcc_lo, s18, v241                         // 000000009A78: 7C99E212
	s_and_saveexec_b32 s42, vcc_lo                             // 000000009A7C: BEAA206A
	global_store_b16 v242, v240, s[10:11]                      // 000000009A80: DC660000 000AF0F2
	s_mov_b32 exec_lo, s42                                     // 000000009A88: BEFE002A
	v_mul_f32_e32 v238, v121, v57                              // 000000009A8C: 11DC7379
	v_lshrrev_b32_e32 v239, 16, v238                           // 000000009A90: 33DFDC90
	v_and_b32_e32 v239, 1, v239                                // 000000009A94: 37DFDE81
	v_add_nc_u32_e32 v240, 0x7fff, v238                        // 000000009A98: 4BE1DCFF 00007FFF
	v_add_nc_u32_e32 v240, v239, v240                          // 000000009AA0: 4BE1E1EF
	v_lshrrev_b32_e32 v240, 16, v240                           // 000000009AA4: 33E1E090
	v_add_nc_u32_e32 v241, 2, v6                               // 000000009AA8: 4BE20C82
	v_lshlrev_b32_e32 v242, 13, v241                           // 000000009AAC: 31E5E28D
	v_add_nc_u32_e32 v242, s24, v242                           // 000000009AB0: 4BE5E418
	v_lshl_add_u32 v242, v3, 1, v242                           // 000000009AB4: D64600F2 07C90303
	v_add_nc_u32_e32 v242, 0xe0, v242                          // 000000009ABC: 4BE5E4FF 000000E0
	v_cmp_gt_u32_e32 vcc_lo, s18, v241                         // 000000009AC4: 7C99E212
	s_and_saveexec_b32 s42, vcc_lo                             // 000000009AC8: BEAA206A
	global_store_b16 v242, v240, s[10:11]                      // 000000009ACC: DC660000 000AF0F2
	s_mov_b32 exec_lo, s42                                     // 000000009AD4: BEFE002A
	v_mul_f32_e32 v238, v122, v58                              // 000000009AD8: 11DC757A
	v_lshrrev_b32_e32 v239, 16, v238                           // 000000009ADC: 33DFDC90
	v_and_b32_e32 v239, 1, v239                                // 000000009AE0: 37DFDE81
	v_add_nc_u32_e32 v240, 0x7fff, v238                        // 000000009AE4: 4BE1DCFF 00007FFF
	v_add_nc_u32_e32 v240, v239, v240                          // 000000009AEC: 4BE1E1EF
	v_lshrrev_b32_e32 v240, 16, v240                           // 000000009AF0: 33E1E090
	v_add_nc_u32_e32 v241, 4, v6                               // 000000009AF4: 4BE20C84
	v_lshlrev_b32_e32 v242, 13, v241                           // 000000009AF8: 31E5E28D
	v_add_nc_u32_e32 v242, s24, v242                           // 000000009AFC: 4BE5E418
	v_lshl_add_u32 v242, v3, 1, v242                           // 000000009B00: D64600F2 07C90303
	v_add_nc_u32_e32 v242, 0xe0, v242                          // 000000009B08: 4BE5E4FF 000000E0
	v_cmp_gt_u32_e32 vcc_lo, s18, v241                         // 000000009B10: 7C99E212
	s_and_saveexec_b32 s42, vcc_lo                             // 000000009B14: BEAA206A
	global_store_b16 v242, v240, s[10:11]                      // 000000009B18: DC660000 000AF0F2
	s_mov_b32 exec_lo, s42                                     // 000000009B20: BEFE002A
	v_mul_f32_e32 v238, v123, v59                              // 000000009B24: 11DC777B
	v_lshrrev_b32_e32 v239, 16, v238                           // 000000009B28: 33DFDC90
	v_and_b32_e32 v239, 1, v239                                // 000000009B2C: 37DFDE81
	v_add_nc_u32_e32 v240, 0x7fff, v238                        // 000000009B30: 4BE1DCFF 00007FFF
	v_add_nc_u32_e32 v240, v239, v240                          // 000000009B38: 4BE1E1EF
	v_lshrrev_b32_e32 v240, 16, v240                           // 000000009B3C: 33E1E090
	v_add_nc_u32_e32 v241, 6, v6                               // 000000009B40: 4BE20C86
	v_lshlrev_b32_e32 v242, 13, v241                           // 000000009B44: 31E5E28D
	v_add_nc_u32_e32 v242, s24, v242                           // 000000009B48: 4BE5E418
	v_lshl_add_u32 v242, v3, 1, v242                           // 000000009B4C: D64600F2 07C90303
	v_add_nc_u32_e32 v242, 0xe0, v242                          // 000000009B54: 4BE5E4FF 000000E0
	v_cmp_gt_u32_e32 vcc_lo, s18, v241                         // 000000009B5C: 7C99E212
	s_and_saveexec_b32 s42, vcc_lo                             // 000000009B60: BEAA206A
	global_store_b16 v242, v240, s[10:11]                      // 000000009B64: DC660000 000AF0F2
	s_mov_b32 exec_lo, s42                                     // 000000009B6C: BEFE002A
	v_mul_f32_e32 v238, v124, v60                              // 000000009B70: 11DC797C
	v_lshrrev_b32_e32 v239, 16, v238                           // 000000009B74: 33DFDC90
	v_and_b32_e32 v239, 1, v239                                // 000000009B78: 37DFDE81
	v_add_nc_u32_e32 v240, 0x7fff, v238                        // 000000009B7C: 4BE1DCFF 00007FFF
	v_add_nc_u32_e32 v240, v239, v240                          // 000000009B84: 4BE1E1EF
	v_lshrrev_b32_e32 v240, 16, v240                           // 000000009B88: 33E1E090
	v_add_nc_u32_e32 v241, 8, v6                               // 000000009B8C: 4BE20C88
	v_lshlrev_b32_e32 v242, 13, v241                           // 000000009B90: 31E5E28D
	v_add_nc_u32_e32 v242, s24, v242                           // 000000009B94: 4BE5E418
	v_lshl_add_u32 v242, v3, 1, v242                           // 000000009B98: D64600F2 07C90303
	v_add_nc_u32_e32 v242, 0xe0, v242                          // 000000009BA0: 4BE5E4FF 000000E0
	v_cmp_gt_u32_e32 vcc_lo, s18, v241                         // 000000009BA8: 7C99E212
	s_and_saveexec_b32 s42, vcc_lo                             // 000000009BAC: BEAA206A
	global_store_b16 v242, v240, s[10:11]                      // 000000009BB0: DC660000 000AF0F2
	s_mov_b32 exec_lo, s42                                     // 000000009BB8: BEFE002A
	v_mul_f32_e32 v238, v125, v61                              // 000000009BBC: 11DC7B7D
	v_lshrrev_b32_e32 v239, 16, v238                           // 000000009BC0: 33DFDC90
	v_and_b32_e32 v239, 1, v239                                // 000000009BC4: 37DFDE81
	v_add_nc_u32_e32 v240, 0x7fff, v238                        // 000000009BC8: 4BE1DCFF 00007FFF
	v_add_nc_u32_e32 v240, v239, v240                          // 000000009BD0: 4BE1E1EF
	v_lshrrev_b32_e32 v240, 16, v240                           // 000000009BD4: 33E1E090
	v_add_nc_u32_e32 v241, 10, v6                              // 000000009BD8: 4BE20C8A
	v_lshlrev_b32_e32 v242, 13, v241                           // 000000009BDC: 31E5E28D
	v_add_nc_u32_e32 v242, s24, v242                           // 000000009BE0: 4BE5E418
	v_lshl_add_u32 v242, v3, 1, v242                           // 000000009BE4: D64600F2 07C90303
	v_add_nc_u32_e32 v242, 0xe0, v242                          // 000000009BEC: 4BE5E4FF 000000E0
	v_cmp_gt_u32_e32 vcc_lo, s18, v241                         // 000000009BF4: 7C99E212
	s_and_saveexec_b32 s42, vcc_lo                             // 000000009BF8: BEAA206A
	global_store_b16 v242, v240, s[10:11]                      // 000000009BFC: DC660000 000AF0F2
	s_mov_b32 exec_lo, s42                                     // 000000009C04: BEFE002A
	v_mul_f32_e32 v238, v126, v62                              // 000000009C08: 11DC7D7E
	v_lshrrev_b32_e32 v239, 16, v238                           // 000000009C0C: 33DFDC90
	v_and_b32_e32 v239, 1, v239                                // 000000009C10: 37DFDE81
	v_add_nc_u32_e32 v240, 0x7fff, v238                        // 000000009C14: 4BE1DCFF 00007FFF
	v_add_nc_u32_e32 v240, v239, v240                          // 000000009C1C: 4BE1E1EF
	v_lshrrev_b32_e32 v240, 16, v240                           // 000000009C20: 33E1E090
	v_add_nc_u32_e32 v241, 12, v6                              // 000000009C24: 4BE20C8C
	v_lshlrev_b32_e32 v242, 13, v241                           // 000000009C28: 31E5E28D
	v_add_nc_u32_e32 v242, s24, v242                           // 000000009C2C: 4BE5E418
	v_lshl_add_u32 v242, v3, 1, v242                           // 000000009C30: D64600F2 07C90303
	v_add_nc_u32_e32 v242, 0xe0, v242                          // 000000009C38: 4BE5E4FF 000000E0
	v_cmp_gt_u32_e32 vcc_lo, s18, v241                         // 000000009C40: 7C99E212
	s_and_saveexec_b32 s42, vcc_lo                             // 000000009C44: BEAA206A
	global_store_b16 v242, v240, s[10:11]                      // 000000009C48: DC660000 000AF0F2
	s_mov_b32 exec_lo, s42                                     // 000000009C50: BEFE002A
	v_mul_f32_e32 v238, v127, v63                              // 000000009C54: 11DC7F7F
	v_lshrrev_b32_e32 v239, 16, v238                           // 000000009C58: 33DFDC90
	v_and_b32_e32 v239, 1, v239                                // 000000009C5C: 37DFDE81
	v_add_nc_u32_e32 v240, 0x7fff, v238                        // 000000009C60: 4BE1DCFF 00007FFF
	v_add_nc_u32_e32 v240, v239, v240                          // 000000009C68: 4BE1E1EF
	v_lshrrev_b32_e32 v240, 16, v240                           // 000000009C6C: 33E1E090
	v_add_nc_u32_e32 v241, 14, v6                              // 000000009C70: 4BE20C8E
	v_lshlrev_b32_e32 v242, 13, v241                           // 000000009C74: 31E5E28D
	v_add_nc_u32_e32 v242, s24, v242                           // 000000009C78: 4BE5E418
	v_lshl_add_u32 v242, v3, 1, v242                           // 000000009C7C: D64600F2 07C90303
	v_add_nc_u32_e32 v242, 0xe0, v242                          // 000000009C84: 4BE5E4FF 000000E0
	v_cmp_gt_u32_e32 vcc_lo, s18, v241                         // 000000009C8C: 7C99E212
	s_and_saveexec_b32 s42, vcc_lo                             // 000000009C90: BEAA206A
	global_store_b16 v242, v240, s[10:11]                      // 000000009C94: DC660000 000AF0F2
	s_mov_b32 exec_lo, s42                                     // 000000009C9C: BEFE002A
	v_mul_f32_e32 v238, v128, v56                              // 000000009CA0: 11DC7180
	v_lshrrev_b32_e32 v239, 16, v238                           // 000000009CA4: 33DFDC90
	v_and_b32_e32 v239, 1, v239                                // 000000009CA8: 37DFDE81
	v_add_nc_u32_e32 v240, 0x7fff, v238                        // 000000009CAC: 4BE1DCFF 00007FFF
	v_add_nc_u32_e32 v240, v239, v240                          // 000000009CB4: 4BE1E1EF
	v_lshrrev_b32_e32 v240, 16, v240                           // 000000009CB8: 33E1E090
	v_add_nc_u32_e32 v241, 0, v6                               // 000000009CBC: 4BE20C80
	v_lshlrev_b32_e32 v242, 13, v241                           // 000000009CC0: 31E5E28D
	v_add_nc_u32_e32 v242, s24, v242                           // 000000009CC4: 4BE5E418
	v_lshl_add_u32 v242, v3, 1, v242                           // 000000009CC8: D64600F2 07C90303
	v_add_nc_u32_e32 v242, 0x100, v242                         // 000000009CD0: 4BE5E4FF 00000100
	v_cmp_gt_u32_e32 vcc_lo, s18, v241                         // 000000009CD8: 7C99E212
	s_and_saveexec_b32 s42, vcc_lo                             // 000000009CDC: BEAA206A
	global_store_b16 v242, v240, s[10:11]                      // 000000009CE0: DC660000 000AF0F2
	s_mov_b32 exec_lo, s42                                     // 000000009CE8: BEFE002A
	v_mul_f32_e32 v238, v129, v57                              // 000000009CEC: 11DC7381
	v_lshrrev_b32_e32 v239, 16, v238                           // 000000009CF0: 33DFDC90
	v_and_b32_e32 v239, 1, v239                                // 000000009CF4: 37DFDE81
	v_add_nc_u32_e32 v240, 0x7fff, v238                        // 000000009CF8: 4BE1DCFF 00007FFF
	v_add_nc_u32_e32 v240, v239, v240                          // 000000009D00: 4BE1E1EF
	v_lshrrev_b32_e32 v240, 16, v240                           // 000000009D04: 33E1E090
	v_add_nc_u32_e32 v241, 2, v6                               // 000000009D08: 4BE20C82
	v_lshlrev_b32_e32 v242, 13, v241                           // 000000009D0C: 31E5E28D
	v_add_nc_u32_e32 v242, s24, v242                           // 000000009D10: 4BE5E418
	v_lshl_add_u32 v242, v3, 1, v242                           // 000000009D14: D64600F2 07C90303
	v_add_nc_u32_e32 v242, 0x100, v242                         // 000000009D1C: 4BE5E4FF 00000100
	v_cmp_gt_u32_e32 vcc_lo, s18, v241                         // 000000009D24: 7C99E212
	s_and_saveexec_b32 s42, vcc_lo                             // 000000009D28: BEAA206A
	global_store_b16 v242, v240, s[10:11]                      // 000000009D2C: DC660000 000AF0F2
	s_mov_b32 exec_lo, s42                                     // 000000009D34: BEFE002A
	v_mul_f32_e32 v238, v130, v58                              // 000000009D38: 11DC7582
	v_lshrrev_b32_e32 v239, 16, v238                           // 000000009D3C: 33DFDC90
	v_and_b32_e32 v239, 1, v239                                // 000000009D40: 37DFDE81
	v_add_nc_u32_e32 v240, 0x7fff, v238                        // 000000009D44: 4BE1DCFF 00007FFF
	v_add_nc_u32_e32 v240, v239, v240                          // 000000009D4C: 4BE1E1EF
	v_lshrrev_b32_e32 v240, 16, v240                           // 000000009D50: 33E1E090
	v_add_nc_u32_e32 v241, 4, v6                               // 000000009D54: 4BE20C84
	v_lshlrev_b32_e32 v242, 13, v241                           // 000000009D58: 31E5E28D
	v_add_nc_u32_e32 v242, s24, v242                           // 000000009D5C: 4BE5E418
	v_lshl_add_u32 v242, v3, 1, v242                           // 000000009D60: D64600F2 07C90303
	v_add_nc_u32_e32 v242, 0x100, v242                         // 000000009D68: 4BE5E4FF 00000100
	v_cmp_gt_u32_e32 vcc_lo, s18, v241                         // 000000009D70: 7C99E212
	s_and_saveexec_b32 s42, vcc_lo                             // 000000009D74: BEAA206A
	global_store_b16 v242, v240, s[10:11]                      // 000000009D78: DC660000 000AF0F2
	s_mov_b32 exec_lo, s42                                     // 000000009D80: BEFE002A
	v_mul_f32_e32 v238, v131, v59                              // 000000009D84: 11DC7783
	v_lshrrev_b32_e32 v239, 16, v238                           // 000000009D88: 33DFDC90
	v_and_b32_e32 v239, 1, v239                                // 000000009D8C: 37DFDE81
	v_add_nc_u32_e32 v240, 0x7fff, v238                        // 000000009D90: 4BE1DCFF 00007FFF
	v_add_nc_u32_e32 v240, v239, v240                          // 000000009D98: 4BE1E1EF
	v_lshrrev_b32_e32 v240, 16, v240                           // 000000009D9C: 33E1E090
	v_add_nc_u32_e32 v241, 6, v6                               // 000000009DA0: 4BE20C86
	v_lshlrev_b32_e32 v242, 13, v241                           // 000000009DA4: 31E5E28D
	v_add_nc_u32_e32 v242, s24, v242                           // 000000009DA8: 4BE5E418
	v_lshl_add_u32 v242, v3, 1, v242                           // 000000009DAC: D64600F2 07C90303
	v_add_nc_u32_e32 v242, 0x100, v242                         // 000000009DB4: 4BE5E4FF 00000100
	v_cmp_gt_u32_e32 vcc_lo, s18, v241                         // 000000009DBC: 7C99E212
	s_and_saveexec_b32 s42, vcc_lo                             // 000000009DC0: BEAA206A
	global_store_b16 v242, v240, s[10:11]                      // 000000009DC4: DC660000 000AF0F2
	s_mov_b32 exec_lo, s42                                     // 000000009DCC: BEFE002A
	v_mul_f32_e32 v238, v132, v60                              // 000000009DD0: 11DC7984
	v_lshrrev_b32_e32 v239, 16, v238                           // 000000009DD4: 33DFDC90
	v_and_b32_e32 v239, 1, v239                                // 000000009DD8: 37DFDE81
	v_add_nc_u32_e32 v240, 0x7fff, v238                        // 000000009DDC: 4BE1DCFF 00007FFF
	v_add_nc_u32_e32 v240, v239, v240                          // 000000009DE4: 4BE1E1EF
	v_lshrrev_b32_e32 v240, 16, v240                           // 000000009DE8: 33E1E090
	v_add_nc_u32_e32 v241, 8, v6                               // 000000009DEC: 4BE20C88
	v_lshlrev_b32_e32 v242, 13, v241                           // 000000009DF0: 31E5E28D
	v_add_nc_u32_e32 v242, s24, v242                           // 000000009DF4: 4BE5E418
	v_lshl_add_u32 v242, v3, 1, v242                           // 000000009DF8: D64600F2 07C90303
	v_add_nc_u32_e32 v242, 0x100, v242                         // 000000009E00: 4BE5E4FF 00000100
	v_cmp_gt_u32_e32 vcc_lo, s18, v241                         // 000000009E08: 7C99E212
	s_and_saveexec_b32 s42, vcc_lo                             // 000000009E0C: BEAA206A
	global_store_b16 v242, v240, s[10:11]                      // 000000009E10: DC660000 000AF0F2
	s_mov_b32 exec_lo, s42                                     // 000000009E18: BEFE002A
	v_mul_f32_e32 v238, v133, v61                              // 000000009E1C: 11DC7B85
	v_lshrrev_b32_e32 v239, 16, v238                           // 000000009E20: 33DFDC90
	v_and_b32_e32 v239, 1, v239                                // 000000009E24: 37DFDE81
	v_add_nc_u32_e32 v240, 0x7fff, v238                        // 000000009E28: 4BE1DCFF 00007FFF
	v_add_nc_u32_e32 v240, v239, v240                          // 000000009E30: 4BE1E1EF
	v_lshrrev_b32_e32 v240, 16, v240                           // 000000009E34: 33E1E090
	v_add_nc_u32_e32 v241, 10, v6                              // 000000009E38: 4BE20C8A
	v_lshlrev_b32_e32 v242, 13, v241                           // 000000009E3C: 31E5E28D
	v_add_nc_u32_e32 v242, s24, v242                           // 000000009E40: 4BE5E418
	v_lshl_add_u32 v242, v3, 1, v242                           // 000000009E44: D64600F2 07C90303
	v_add_nc_u32_e32 v242, 0x100, v242                         // 000000009E4C: 4BE5E4FF 00000100
	v_cmp_gt_u32_e32 vcc_lo, s18, v241                         // 000000009E54: 7C99E212
	s_and_saveexec_b32 s42, vcc_lo                             // 000000009E58: BEAA206A
	global_store_b16 v242, v240, s[10:11]                      // 000000009E5C: DC660000 000AF0F2
	s_mov_b32 exec_lo, s42                                     // 000000009E64: BEFE002A
	v_mul_f32_e32 v238, v134, v62                              // 000000009E68: 11DC7D86
	v_lshrrev_b32_e32 v239, 16, v238                           // 000000009E6C: 33DFDC90
	v_and_b32_e32 v239, 1, v239                                // 000000009E70: 37DFDE81
	v_add_nc_u32_e32 v240, 0x7fff, v238                        // 000000009E74: 4BE1DCFF 00007FFF
	v_add_nc_u32_e32 v240, v239, v240                          // 000000009E7C: 4BE1E1EF
	v_lshrrev_b32_e32 v240, 16, v240                           // 000000009E80: 33E1E090
	v_add_nc_u32_e32 v241, 12, v6                              // 000000009E84: 4BE20C8C
	v_lshlrev_b32_e32 v242, 13, v241                           // 000000009E88: 31E5E28D
	v_add_nc_u32_e32 v242, s24, v242                           // 000000009E8C: 4BE5E418
	v_lshl_add_u32 v242, v3, 1, v242                           // 000000009E90: D64600F2 07C90303
	v_add_nc_u32_e32 v242, 0x100, v242                         // 000000009E98: 4BE5E4FF 00000100
	v_cmp_gt_u32_e32 vcc_lo, s18, v241                         // 000000009EA0: 7C99E212
	s_and_saveexec_b32 s42, vcc_lo                             // 000000009EA4: BEAA206A
	global_store_b16 v242, v240, s[10:11]                      // 000000009EA8: DC660000 000AF0F2
	s_mov_b32 exec_lo, s42                                     // 000000009EB0: BEFE002A
	v_mul_f32_e32 v238, v135, v63                              // 000000009EB4: 11DC7F87
	v_lshrrev_b32_e32 v239, 16, v238                           // 000000009EB8: 33DFDC90
	v_and_b32_e32 v239, 1, v239                                // 000000009EBC: 37DFDE81
	v_add_nc_u32_e32 v240, 0x7fff, v238                        // 000000009EC0: 4BE1DCFF 00007FFF
	v_add_nc_u32_e32 v240, v239, v240                          // 000000009EC8: 4BE1E1EF
	v_lshrrev_b32_e32 v240, 16, v240                           // 000000009ECC: 33E1E090
	v_add_nc_u32_e32 v241, 14, v6                              // 000000009ED0: 4BE20C8E
	v_lshlrev_b32_e32 v242, 13, v241                           // 000000009ED4: 31E5E28D
	v_add_nc_u32_e32 v242, s24, v242                           // 000000009ED8: 4BE5E418
	v_lshl_add_u32 v242, v3, 1, v242                           // 000000009EDC: D64600F2 07C90303
	v_add_nc_u32_e32 v242, 0x100, v242                         // 000000009EE4: 4BE5E4FF 00000100
	v_cmp_gt_u32_e32 vcc_lo, s18, v241                         // 000000009EEC: 7C99E212
	s_and_saveexec_b32 s42, vcc_lo                             // 000000009EF0: BEAA206A
	global_store_b16 v242, v240, s[10:11]                      // 000000009EF4: DC660000 000AF0F2
	s_mov_b32 exec_lo, s42                                     // 000000009EFC: BEFE002A
	v_mul_f32_e32 v238, v136, v56                              // 000000009F00: 11DC7188
	v_lshrrev_b32_e32 v239, 16, v238                           // 000000009F04: 33DFDC90
	v_and_b32_e32 v239, 1, v239                                // 000000009F08: 37DFDE81
	v_add_nc_u32_e32 v240, 0x7fff, v238                        // 000000009F0C: 4BE1DCFF 00007FFF
	v_add_nc_u32_e32 v240, v239, v240                          // 000000009F14: 4BE1E1EF
	v_lshrrev_b32_e32 v240, 16, v240                           // 000000009F18: 33E1E090
	v_add_nc_u32_e32 v241, 0, v6                               // 000000009F1C: 4BE20C80
	v_lshlrev_b32_e32 v242, 13, v241                           // 000000009F20: 31E5E28D
	v_add_nc_u32_e32 v242, s24, v242                           // 000000009F24: 4BE5E418
	v_lshl_add_u32 v242, v3, 1, v242                           // 000000009F28: D64600F2 07C90303
	v_add_nc_u32_e32 v242, 0x120, v242                         // 000000009F30: 4BE5E4FF 00000120
	v_cmp_gt_u32_e32 vcc_lo, s18, v241                         // 000000009F38: 7C99E212
	s_and_saveexec_b32 s42, vcc_lo                             // 000000009F3C: BEAA206A
	global_store_b16 v242, v240, s[10:11]                      // 000000009F40: DC660000 000AF0F2
	s_mov_b32 exec_lo, s42                                     // 000000009F48: BEFE002A
	v_mul_f32_e32 v238, v137, v57                              // 000000009F4C: 11DC7389
	v_lshrrev_b32_e32 v239, 16, v238                           // 000000009F50: 33DFDC90
	v_and_b32_e32 v239, 1, v239                                // 000000009F54: 37DFDE81
	v_add_nc_u32_e32 v240, 0x7fff, v238                        // 000000009F58: 4BE1DCFF 00007FFF
	v_add_nc_u32_e32 v240, v239, v240                          // 000000009F60: 4BE1E1EF
	v_lshrrev_b32_e32 v240, 16, v240                           // 000000009F64: 33E1E090
	v_add_nc_u32_e32 v241, 2, v6                               // 000000009F68: 4BE20C82
	v_lshlrev_b32_e32 v242, 13, v241                           // 000000009F6C: 31E5E28D
	v_add_nc_u32_e32 v242, s24, v242                           // 000000009F70: 4BE5E418
	v_lshl_add_u32 v242, v3, 1, v242                           // 000000009F74: D64600F2 07C90303
	v_add_nc_u32_e32 v242, 0x120, v242                         // 000000009F7C: 4BE5E4FF 00000120
	v_cmp_gt_u32_e32 vcc_lo, s18, v241                         // 000000009F84: 7C99E212
	s_and_saveexec_b32 s42, vcc_lo                             // 000000009F88: BEAA206A
	global_store_b16 v242, v240, s[10:11]                      // 000000009F8C: DC660000 000AF0F2
	s_mov_b32 exec_lo, s42                                     // 000000009F94: BEFE002A
	v_mul_f32_e32 v238, v138, v58                              // 000000009F98: 11DC758A
	v_lshrrev_b32_e32 v239, 16, v238                           // 000000009F9C: 33DFDC90
	v_and_b32_e32 v239, 1, v239                                // 000000009FA0: 37DFDE81
	v_add_nc_u32_e32 v240, 0x7fff, v238                        // 000000009FA4: 4BE1DCFF 00007FFF
	v_add_nc_u32_e32 v240, v239, v240                          // 000000009FAC: 4BE1E1EF
	v_lshrrev_b32_e32 v240, 16, v240                           // 000000009FB0: 33E1E090
	v_add_nc_u32_e32 v241, 4, v6                               // 000000009FB4: 4BE20C84
	v_lshlrev_b32_e32 v242, 13, v241                           // 000000009FB8: 31E5E28D
	v_add_nc_u32_e32 v242, s24, v242                           // 000000009FBC: 4BE5E418
	v_lshl_add_u32 v242, v3, 1, v242                           // 000000009FC0: D64600F2 07C90303
	v_add_nc_u32_e32 v242, 0x120, v242                         // 000000009FC8: 4BE5E4FF 00000120
	v_cmp_gt_u32_e32 vcc_lo, s18, v241                         // 000000009FD0: 7C99E212
	s_and_saveexec_b32 s42, vcc_lo                             // 000000009FD4: BEAA206A
	global_store_b16 v242, v240, s[10:11]                      // 000000009FD8: DC660000 000AF0F2
	s_mov_b32 exec_lo, s42                                     // 000000009FE0: BEFE002A
	v_mul_f32_e32 v238, v139, v59                              // 000000009FE4: 11DC778B
	v_lshrrev_b32_e32 v239, 16, v238                           // 000000009FE8: 33DFDC90
	v_and_b32_e32 v239, 1, v239                                // 000000009FEC: 37DFDE81
	v_add_nc_u32_e32 v240, 0x7fff, v238                        // 000000009FF0: 4BE1DCFF 00007FFF
	v_add_nc_u32_e32 v240, v239, v240                          // 000000009FF8: 4BE1E1EF
	v_lshrrev_b32_e32 v240, 16, v240                           // 000000009FFC: 33E1E090
	v_add_nc_u32_e32 v241, 6, v6                               // 00000000A000: 4BE20C86
	v_lshlrev_b32_e32 v242, 13, v241                           // 00000000A004: 31E5E28D
	v_add_nc_u32_e32 v242, s24, v242                           // 00000000A008: 4BE5E418
	v_lshl_add_u32 v242, v3, 1, v242                           // 00000000A00C: D64600F2 07C90303
	v_add_nc_u32_e32 v242, 0x120, v242                         // 00000000A014: 4BE5E4FF 00000120
	v_cmp_gt_u32_e32 vcc_lo, s18, v241                         // 00000000A01C: 7C99E212
	s_and_saveexec_b32 s42, vcc_lo                             // 00000000A020: BEAA206A
	global_store_b16 v242, v240, s[10:11]                      // 00000000A024: DC660000 000AF0F2
	s_mov_b32 exec_lo, s42                                     // 00000000A02C: BEFE002A
	v_mul_f32_e32 v238, v140, v60                              // 00000000A030: 11DC798C
	v_lshrrev_b32_e32 v239, 16, v238                           // 00000000A034: 33DFDC90
	v_and_b32_e32 v239, 1, v239                                // 00000000A038: 37DFDE81
	v_add_nc_u32_e32 v240, 0x7fff, v238                        // 00000000A03C: 4BE1DCFF 00007FFF
	v_add_nc_u32_e32 v240, v239, v240                          // 00000000A044: 4BE1E1EF
	v_lshrrev_b32_e32 v240, 16, v240                           // 00000000A048: 33E1E090
	v_add_nc_u32_e32 v241, 8, v6                               // 00000000A04C: 4BE20C88
	v_lshlrev_b32_e32 v242, 13, v241                           // 00000000A050: 31E5E28D
	v_add_nc_u32_e32 v242, s24, v242                           // 00000000A054: 4BE5E418
	v_lshl_add_u32 v242, v3, 1, v242                           // 00000000A058: D64600F2 07C90303
	v_add_nc_u32_e32 v242, 0x120, v242                         // 00000000A060: 4BE5E4FF 00000120
	v_cmp_gt_u32_e32 vcc_lo, s18, v241                         // 00000000A068: 7C99E212
	s_and_saveexec_b32 s42, vcc_lo                             // 00000000A06C: BEAA206A
	global_store_b16 v242, v240, s[10:11]                      // 00000000A070: DC660000 000AF0F2
	s_mov_b32 exec_lo, s42                                     // 00000000A078: BEFE002A
	v_mul_f32_e32 v238, v141, v61                              // 00000000A07C: 11DC7B8D
	v_lshrrev_b32_e32 v239, 16, v238                           // 00000000A080: 33DFDC90
	v_and_b32_e32 v239, 1, v239                                // 00000000A084: 37DFDE81
	v_add_nc_u32_e32 v240, 0x7fff, v238                        // 00000000A088: 4BE1DCFF 00007FFF
	v_add_nc_u32_e32 v240, v239, v240                          // 00000000A090: 4BE1E1EF
	v_lshrrev_b32_e32 v240, 16, v240                           // 00000000A094: 33E1E090
	v_add_nc_u32_e32 v241, 10, v6                              // 00000000A098: 4BE20C8A
	v_lshlrev_b32_e32 v242, 13, v241                           // 00000000A09C: 31E5E28D
	v_add_nc_u32_e32 v242, s24, v242                           // 00000000A0A0: 4BE5E418
	v_lshl_add_u32 v242, v3, 1, v242                           // 00000000A0A4: D64600F2 07C90303
	v_add_nc_u32_e32 v242, 0x120, v242                         // 00000000A0AC: 4BE5E4FF 00000120
	v_cmp_gt_u32_e32 vcc_lo, s18, v241                         // 00000000A0B4: 7C99E212
	s_and_saveexec_b32 s42, vcc_lo                             // 00000000A0B8: BEAA206A
	global_store_b16 v242, v240, s[10:11]                      // 00000000A0BC: DC660000 000AF0F2
	s_mov_b32 exec_lo, s42                                     // 00000000A0C4: BEFE002A
	v_mul_f32_e32 v238, v142, v62                              // 00000000A0C8: 11DC7D8E
	v_lshrrev_b32_e32 v239, 16, v238                           // 00000000A0CC: 33DFDC90
	v_and_b32_e32 v239, 1, v239                                // 00000000A0D0: 37DFDE81
	v_add_nc_u32_e32 v240, 0x7fff, v238                        // 00000000A0D4: 4BE1DCFF 00007FFF
	v_add_nc_u32_e32 v240, v239, v240                          // 00000000A0DC: 4BE1E1EF
	v_lshrrev_b32_e32 v240, 16, v240                           // 00000000A0E0: 33E1E090
	v_add_nc_u32_e32 v241, 12, v6                              // 00000000A0E4: 4BE20C8C
	v_lshlrev_b32_e32 v242, 13, v241                           // 00000000A0E8: 31E5E28D
	v_add_nc_u32_e32 v242, s24, v242                           // 00000000A0EC: 4BE5E418
	v_lshl_add_u32 v242, v3, 1, v242                           // 00000000A0F0: D64600F2 07C90303
	v_add_nc_u32_e32 v242, 0x120, v242                         // 00000000A0F8: 4BE5E4FF 00000120
	v_cmp_gt_u32_e32 vcc_lo, s18, v241                         // 00000000A100: 7C99E212
	s_and_saveexec_b32 s42, vcc_lo                             // 00000000A104: BEAA206A
	global_store_b16 v242, v240, s[10:11]                      // 00000000A108: DC660000 000AF0F2
	s_mov_b32 exec_lo, s42                                     // 00000000A110: BEFE002A
	v_mul_f32_e32 v238, v143, v63                              // 00000000A114: 11DC7F8F
	v_lshrrev_b32_e32 v239, 16, v238                           // 00000000A118: 33DFDC90
	v_and_b32_e32 v239, 1, v239                                // 00000000A11C: 37DFDE81
	v_add_nc_u32_e32 v240, 0x7fff, v238                        // 00000000A120: 4BE1DCFF 00007FFF
	v_add_nc_u32_e32 v240, v239, v240                          // 00000000A128: 4BE1E1EF
	v_lshrrev_b32_e32 v240, 16, v240                           // 00000000A12C: 33E1E090
	v_add_nc_u32_e32 v241, 14, v6                              // 00000000A130: 4BE20C8E
	v_lshlrev_b32_e32 v242, 13, v241                           // 00000000A134: 31E5E28D
	v_add_nc_u32_e32 v242, s24, v242                           // 00000000A138: 4BE5E418
	v_lshl_add_u32 v242, v3, 1, v242                           // 00000000A13C: D64600F2 07C90303
	v_add_nc_u32_e32 v242, 0x120, v242                         // 00000000A144: 4BE5E4FF 00000120
	v_cmp_gt_u32_e32 vcc_lo, s18, v241                         // 00000000A14C: 7C99E212
	s_and_saveexec_b32 s42, vcc_lo                             // 00000000A150: BEAA206A
	global_store_b16 v242, v240, s[10:11]                      // 00000000A154: DC660000 000AF0F2
	s_mov_b32 exec_lo, s42                                     // 00000000A15C: BEFE002A
	v_mul_f32_e32 v238, v144, v56                              // 00000000A160: 11DC7190
	v_lshrrev_b32_e32 v239, 16, v238                           // 00000000A164: 33DFDC90
	v_and_b32_e32 v239, 1, v239                                // 00000000A168: 37DFDE81
	v_add_nc_u32_e32 v240, 0x7fff, v238                        // 00000000A16C: 4BE1DCFF 00007FFF
	v_add_nc_u32_e32 v240, v239, v240                          // 00000000A174: 4BE1E1EF
	v_lshrrev_b32_e32 v240, 16, v240                           // 00000000A178: 33E1E090
	v_add_nc_u32_e32 v241, 0, v6                               // 00000000A17C: 4BE20C80
	v_lshlrev_b32_e32 v242, 13, v241                           // 00000000A180: 31E5E28D
	v_add_nc_u32_e32 v242, s24, v242                           // 00000000A184: 4BE5E418
	v_lshl_add_u32 v242, v3, 1, v242                           // 00000000A188: D64600F2 07C90303
	v_add_nc_u32_e32 v242, 0x140, v242                         // 00000000A190: 4BE5E4FF 00000140
	v_cmp_gt_u32_e32 vcc_lo, s18, v241                         // 00000000A198: 7C99E212
	s_and_saveexec_b32 s42, vcc_lo                             // 00000000A19C: BEAA206A
	global_store_b16 v242, v240, s[10:11]                      // 00000000A1A0: DC660000 000AF0F2
	s_mov_b32 exec_lo, s42                                     // 00000000A1A8: BEFE002A
	v_mul_f32_e32 v238, v145, v57                              // 00000000A1AC: 11DC7391
	v_lshrrev_b32_e32 v239, 16, v238                           // 00000000A1B0: 33DFDC90
	v_and_b32_e32 v239, 1, v239                                // 00000000A1B4: 37DFDE81
	v_add_nc_u32_e32 v240, 0x7fff, v238                        // 00000000A1B8: 4BE1DCFF 00007FFF
	v_add_nc_u32_e32 v240, v239, v240                          // 00000000A1C0: 4BE1E1EF
	v_lshrrev_b32_e32 v240, 16, v240                           // 00000000A1C4: 33E1E090
	v_add_nc_u32_e32 v241, 2, v6                               // 00000000A1C8: 4BE20C82
	v_lshlrev_b32_e32 v242, 13, v241                           // 00000000A1CC: 31E5E28D
	v_add_nc_u32_e32 v242, s24, v242                           // 00000000A1D0: 4BE5E418
	v_lshl_add_u32 v242, v3, 1, v242                           // 00000000A1D4: D64600F2 07C90303
	v_add_nc_u32_e32 v242, 0x140, v242                         // 00000000A1DC: 4BE5E4FF 00000140
	v_cmp_gt_u32_e32 vcc_lo, s18, v241                         // 00000000A1E4: 7C99E212
	s_and_saveexec_b32 s42, vcc_lo                             // 00000000A1E8: BEAA206A
	global_store_b16 v242, v240, s[10:11]                      // 00000000A1EC: DC660000 000AF0F2
	s_mov_b32 exec_lo, s42                                     // 00000000A1F4: BEFE002A
	v_mul_f32_e32 v238, v146, v58                              // 00000000A1F8: 11DC7592
	v_lshrrev_b32_e32 v239, 16, v238                           // 00000000A1FC: 33DFDC90
	v_and_b32_e32 v239, 1, v239                                // 00000000A200: 37DFDE81
	v_add_nc_u32_e32 v240, 0x7fff, v238                        // 00000000A204: 4BE1DCFF 00007FFF
	v_add_nc_u32_e32 v240, v239, v240                          // 00000000A20C: 4BE1E1EF
	v_lshrrev_b32_e32 v240, 16, v240                           // 00000000A210: 33E1E090
	v_add_nc_u32_e32 v241, 4, v6                               // 00000000A214: 4BE20C84
	v_lshlrev_b32_e32 v242, 13, v241                           // 00000000A218: 31E5E28D
	v_add_nc_u32_e32 v242, s24, v242                           // 00000000A21C: 4BE5E418
	v_lshl_add_u32 v242, v3, 1, v242                           // 00000000A220: D64600F2 07C90303
	v_add_nc_u32_e32 v242, 0x140, v242                         // 00000000A228: 4BE5E4FF 00000140
	v_cmp_gt_u32_e32 vcc_lo, s18, v241                         // 00000000A230: 7C99E212
	s_and_saveexec_b32 s42, vcc_lo                             // 00000000A234: BEAA206A
	global_store_b16 v242, v240, s[10:11]                      // 00000000A238: DC660000 000AF0F2
	s_mov_b32 exec_lo, s42                                     // 00000000A240: BEFE002A
	v_mul_f32_e32 v238, v147, v59                              // 00000000A244: 11DC7793
	v_lshrrev_b32_e32 v239, 16, v238                           // 00000000A248: 33DFDC90
	v_and_b32_e32 v239, 1, v239                                // 00000000A24C: 37DFDE81
	v_add_nc_u32_e32 v240, 0x7fff, v238                        // 00000000A250: 4BE1DCFF 00007FFF
	v_add_nc_u32_e32 v240, v239, v240                          // 00000000A258: 4BE1E1EF
	v_lshrrev_b32_e32 v240, 16, v240                           // 00000000A25C: 33E1E090
	v_add_nc_u32_e32 v241, 6, v6                               // 00000000A260: 4BE20C86
	v_lshlrev_b32_e32 v242, 13, v241                           // 00000000A264: 31E5E28D
	v_add_nc_u32_e32 v242, s24, v242                           // 00000000A268: 4BE5E418
	v_lshl_add_u32 v242, v3, 1, v242                           // 00000000A26C: D64600F2 07C90303
	v_add_nc_u32_e32 v242, 0x140, v242                         // 00000000A274: 4BE5E4FF 00000140
	v_cmp_gt_u32_e32 vcc_lo, s18, v241                         // 00000000A27C: 7C99E212
	s_and_saveexec_b32 s42, vcc_lo                             // 00000000A280: BEAA206A
	global_store_b16 v242, v240, s[10:11]                      // 00000000A284: DC660000 000AF0F2
	s_mov_b32 exec_lo, s42                                     // 00000000A28C: BEFE002A
	v_mul_f32_e32 v238, v148, v60                              // 00000000A290: 11DC7994
	v_lshrrev_b32_e32 v239, 16, v238                           // 00000000A294: 33DFDC90
	v_and_b32_e32 v239, 1, v239                                // 00000000A298: 37DFDE81
	v_add_nc_u32_e32 v240, 0x7fff, v238                        // 00000000A29C: 4BE1DCFF 00007FFF
	v_add_nc_u32_e32 v240, v239, v240                          // 00000000A2A4: 4BE1E1EF
	v_lshrrev_b32_e32 v240, 16, v240                           // 00000000A2A8: 33E1E090
	v_add_nc_u32_e32 v241, 8, v6                               // 00000000A2AC: 4BE20C88
	v_lshlrev_b32_e32 v242, 13, v241                           // 00000000A2B0: 31E5E28D
	v_add_nc_u32_e32 v242, s24, v242                           // 00000000A2B4: 4BE5E418
	v_lshl_add_u32 v242, v3, 1, v242                           // 00000000A2B8: D64600F2 07C90303
	v_add_nc_u32_e32 v242, 0x140, v242                         // 00000000A2C0: 4BE5E4FF 00000140
	v_cmp_gt_u32_e32 vcc_lo, s18, v241                         // 00000000A2C8: 7C99E212
	s_and_saveexec_b32 s42, vcc_lo                             // 00000000A2CC: BEAA206A
	global_store_b16 v242, v240, s[10:11]                      // 00000000A2D0: DC660000 000AF0F2
	s_mov_b32 exec_lo, s42                                     // 00000000A2D8: BEFE002A
	v_mul_f32_e32 v238, v149, v61                              // 00000000A2DC: 11DC7B95
	v_lshrrev_b32_e32 v239, 16, v238                           // 00000000A2E0: 33DFDC90
	v_and_b32_e32 v239, 1, v239                                // 00000000A2E4: 37DFDE81
	v_add_nc_u32_e32 v240, 0x7fff, v238                        // 00000000A2E8: 4BE1DCFF 00007FFF
	v_add_nc_u32_e32 v240, v239, v240                          // 00000000A2F0: 4BE1E1EF
	v_lshrrev_b32_e32 v240, 16, v240                           // 00000000A2F4: 33E1E090
	v_add_nc_u32_e32 v241, 10, v6                              // 00000000A2F8: 4BE20C8A
	v_lshlrev_b32_e32 v242, 13, v241                           // 00000000A2FC: 31E5E28D
	v_add_nc_u32_e32 v242, s24, v242                           // 00000000A300: 4BE5E418
	v_lshl_add_u32 v242, v3, 1, v242                           // 00000000A304: D64600F2 07C90303
	v_add_nc_u32_e32 v242, 0x140, v242                         // 00000000A30C: 4BE5E4FF 00000140
	v_cmp_gt_u32_e32 vcc_lo, s18, v241                         // 00000000A314: 7C99E212
	s_and_saveexec_b32 s42, vcc_lo                             // 00000000A318: BEAA206A
	global_store_b16 v242, v240, s[10:11]                      // 00000000A31C: DC660000 000AF0F2
	s_mov_b32 exec_lo, s42                                     // 00000000A324: BEFE002A
	v_mul_f32_e32 v238, v150, v62                              // 00000000A328: 11DC7D96
	v_lshrrev_b32_e32 v239, 16, v238                           // 00000000A32C: 33DFDC90
	v_and_b32_e32 v239, 1, v239                                // 00000000A330: 37DFDE81
	v_add_nc_u32_e32 v240, 0x7fff, v238                        // 00000000A334: 4BE1DCFF 00007FFF
	v_add_nc_u32_e32 v240, v239, v240                          // 00000000A33C: 4BE1E1EF
	v_lshrrev_b32_e32 v240, 16, v240                           // 00000000A340: 33E1E090
	v_add_nc_u32_e32 v241, 12, v6                              // 00000000A344: 4BE20C8C
	v_lshlrev_b32_e32 v242, 13, v241                           // 00000000A348: 31E5E28D
	v_add_nc_u32_e32 v242, s24, v242                           // 00000000A34C: 4BE5E418
	v_lshl_add_u32 v242, v3, 1, v242                           // 00000000A350: D64600F2 07C90303
	v_add_nc_u32_e32 v242, 0x140, v242                         // 00000000A358: 4BE5E4FF 00000140
	v_cmp_gt_u32_e32 vcc_lo, s18, v241                         // 00000000A360: 7C99E212
	s_and_saveexec_b32 s42, vcc_lo                             // 00000000A364: BEAA206A
	global_store_b16 v242, v240, s[10:11]                      // 00000000A368: DC660000 000AF0F2
	s_mov_b32 exec_lo, s42                                     // 00000000A370: BEFE002A
	v_mul_f32_e32 v238, v151, v63                              // 00000000A374: 11DC7F97
	v_lshrrev_b32_e32 v239, 16, v238                           // 00000000A378: 33DFDC90
	v_and_b32_e32 v239, 1, v239                                // 00000000A37C: 37DFDE81
	v_add_nc_u32_e32 v240, 0x7fff, v238                        // 00000000A380: 4BE1DCFF 00007FFF
	v_add_nc_u32_e32 v240, v239, v240                          // 00000000A388: 4BE1E1EF
	v_lshrrev_b32_e32 v240, 16, v240                           // 00000000A38C: 33E1E090
	v_add_nc_u32_e32 v241, 14, v6                              // 00000000A390: 4BE20C8E
	v_lshlrev_b32_e32 v242, 13, v241                           // 00000000A394: 31E5E28D
	v_add_nc_u32_e32 v242, s24, v242                           // 00000000A398: 4BE5E418
	v_lshl_add_u32 v242, v3, 1, v242                           // 00000000A39C: D64600F2 07C90303
	v_add_nc_u32_e32 v242, 0x140, v242                         // 00000000A3A4: 4BE5E4FF 00000140
	v_cmp_gt_u32_e32 vcc_lo, s18, v241                         // 00000000A3AC: 7C99E212
	s_and_saveexec_b32 s42, vcc_lo                             // 00000000A3B0: BEAA206A
	global_store_b16 v242, v240, s[10:11]                      // 00000000A3B4: DC660000 000AF0F2
	s_mov_b32 exec_lo, s42                                     // 00000000A3BC: BEFE002A
	v_mul_f32_e32 v238, v152, v56                              // 00000000A3C0: 11DC7198
	v_lshrrev_b32_e32 v239, 16, v238                           // 00000000A3C4: 33DFDC90
	v_and_b32_e32 v239, 1, v239                                // 00000000A3C8: 37DFDE81
	v_add_nc_u32_e32 v240, 0x7fff, v238                        // 00000000A3CC: 4BE1DCFF 00007FFF
	v_add_nc_u32_e32 v240, v239, v240                          // 00000000A3D4: 4BE1E1EF
	v_lshrrev_b32_e32 v240, 16, v240                           // 00000000A3D8: 33E1E090
	v_add_nc_u32_e32 v241, 0, v6                               // 00000000A3DC: 4BE20C80
	v_lshlrev_b32_e32 v242, 13, v241                           // 00000000A3E0: 31E5E28D
	v_add_nc_u32_e32 v242, s24, v242                           // 00000000A3E4: 4BE5E418
	v_lshl_add_u32 v242, v3, 1, v242                           // 00000000A3E8: D64600F2 07C90303
	v_add_nc_u32_e32 v242, 0x160, v242                         // 00000000A3F0: 4BE5E4FF 00000160
	v_cmp_gt_u32_e32 vcc_lo, s18, v241                         // 00000000A3F8: 7C99E212
	s_and_saveexec_b32 s42, vcc_lo                             // 00000000A3FC: BEAA206A
	global_store_b16 v242, v240, s[10:11]                      // 00000000A400: DC660000 000AF0F2
	s_mov_b32 exec_lo, s42                                     // 00000000A408: BEFE002A
	v_mul_f32_e32 v238, v153, v57                              // 00000000A40C: 11DC7399
	v_lshrrev_b32_e32 v239, 16, v238                           // 00000000A410: 33DFDC90
	v_and_b32_e32 v239, 1, v239                                // 00000000A414: 37DFDE81
	v_add_nc_u32_e32 v240, 0x7fff, v238                        // 00000000A418: 4BE1DCFF 00007FFF
	v_add_nc_u32_e32 v240, v239, v240                          // 00000000A420: 4BE1E1EF
	v_lshrrev_b32_e32 v240, 16, v240                           // 00000000A424: 33E1E090
	v_add_nc_u32_e32 v241, 2, v6                               // 00000000A428: 4BE20C82
	v_lshlrev_b32_e32 v242, 13, v241                           // 00000000A42C: 31E5E28D
	v_add_nc_u32_e32 v242, s24, v242                           // 00000000A430: 4BE5E418
	v_lshl_add_u32 v242, v3, 1, v242                           // 00000000A434: D64600F2 07C90303
	v_add_nc_u32_e32 v242, 0x160, v242                         // 00000000A43C: 4BE5E4FF 00000160
	v_cmp_gt_u32_e32 vcc_lo, s18, v241                         // 00000000A444: 7C99E212
	s_and_saveexec_b32 s42, vcc_lo                             // 00000000A448: BEAA206A
	global_store_b16 v242, v240, s[10:11]                      // 00000000A44C: DC660000 000AF0F2
	s_mov_b32 exec_lo, s42                                     // 00000000A454: BEFE002A
	v_mul_f32_e32 v238, v154, v58                              // 00000000A458: 11DC759A
	v_lshrrev_b32_e32 v239, 16, v238                           // 00000000A45C: 33DFDC90
	v_and_b32_e32 v239, 1, v239                                // 00000000A460: 37DFDE81
	v_add_nc_u32_e32 v240, 0x7fff, v238                        // 00000000A464: 4BE1DCFF 00007FFF
	v_add_nc_u32_e32 v240, v239, v240                          // 00000000A46C: 4BE1E1EF
	v_lshrrev_b32_e32 v240, 16, v240                           // 00000000A470: 33E1E090
	v_add_nc_u32_e32 v241, 4, v6                               // 00000000A474: 4BE20C84
	v_lshlrev_b32_e32 v242, 13, v241                           // 00000000A478: 31E5E28D
	v_add_nc_u32_e32 v242, s24, v242                           // 00000000A47C: 4BE5E418
	v_lshl_add_u32 v242, v3, 1, v242                           // 00000000A480: D64600F2 07C90303
	v_add_nc_u32_e32 v242, 0x160, v242                         // 00000000A488: 4BE5E4FF 00000160
	v_cmp_gt_u32_e32 vcc_lo, s18, v241                         // 00000000A490: 7C99E212
	s_and_saveexec_b32 s42, vcc_lo                             // 00000000A494: BEAA206A
	global_store_b16 v242, v240, s[10:11]                      // 00000000A498: DC660000 000AF0F2
	s_mov_b32 exec_lo, s42                                     // 00000000A4A0: BEFE002A
	v_mul_f32_e32 v238, v155, v59                              // 00000000A4A4: 11DC779B
	v_lshrrev_b32_e32 v239, 16, v238                           // 00000000A4A8: 33DFDC90
	v_and_b32_e32 v239, 1, v239                                // 00000000A4AC: 37DFDE81
	v_add_nc_u32_e32 v240, 0x7fff, v238                        // 00000000A4B0: 4BE1DCFF 00007FFF
	v_add_nc_u32_e32 v240, v239, v240                          // 00000000A4B8: 4BE1E1EF
	v_lshrrev_b32_e32 v240, 16, v240                           // 00000000A4BC: 33E1E090
	v_add_nc_u32_e32 v241, 6, v6                               // 00000000A4C0: 4BE20C86
	v_lshlrev_b32_e32 v242, 13, v241                           // 00000000A4C4: 31E5E28D
	v_add_nc_u32_e32 v242, s24, v242                           // 00000000A4C8: 4BE5E418
	v_lshl_add_u32 v242, v3, 1, v242                           // 00000000A4CC: D64600F2 07C90303
	v_add_nc_u32_e32 v242, 0x160, v242                         // 00000000A4D4: 4BE5E4FF 00000160
	v_cmp_gt_u32_e32 vcc_lo, s18, v241                         // 00000000A4DC: 7C99E212
	s_and_saveexec_b32 s42, vcc_lo                             // 00000000A4E0: BEAA206A
	global_store_b16 v242, v240, s[10:11]                      // 00000000A4E4: DC660000 000AF0F2
	s_mov_b32 exec_lo, s42                                     // 00000000A4EC: BEFE002A
	v_mul_f32_e32 v238, v156, v60                              // 00000000A4F0: 11DC799C
	v_lshrrev_b32_e32 v239, 16, v238                           // 00000000A4F4: 33DFDC90
	v_and_b32_e32 v239, 1, v239                                // 00000000A4F8: 37DFDE81
	v_add_nc_u32_e32 v240, 0x7fff, v238                        // 00000000A4FC: 4BE1DCFF 00007FFF
	v_add_nc_u32_e32 v240, v239, v240                          // 00000000A504: 4BE1E1EF
	v_lshrrev_b32_e32 v240, 16, v240                           // 00000000A508: 33E1E090
	v_add_nc_u32_e32 v241, 8, v6                               // 00000000A50C: 4BE20C88
	v_lshlrev_b32_e32 v242, 13, v241                           // 00000000A510: 31E5E28D
	v_add_nc_u32_e32 v242, s24, v242                           // 00000000A514: 4BE5E418
	v_lshl_add_u32 v242, v3, 1, v242                           // 00000000A518: D64600F2 07C90303
	v_add_nc_u32_e32 v242, 0x160, v242                         // 00000000A520: 4BE5E4FF 00000160
	v_cmp_gt_u32_e32 vcc_lo, s18, v241                         // 00000000A528: 7C99E212
	s_and_saveexec_b32 s42, vcc_lo                             // 00000000A52C: BEAA206A
	global_store_b16 v242, v240, s[10:11]                      // 00000000A530: DC660000 000AF0F2
	s_mov_b32 exec_lo, s42                                     // 00000000A538: BEFE002A
	v_mul_f32_e32 v238, v157, v61                              // 00000000A53C: 11DC7B9D
	v_lshrrev_b32_e32 v239, 16, v238                           // 00000000A540: 33DFDC90
	v_and_b32_e32 v239, 1, v239                                // 00000000A544: 37DFDE81
	v_add_nc_u32_e32 v240, 0x7fff, v238                        // 00000000A548: 4BE1DCFF 00007FFF
	v_add_nc_u32_e32 v240, v239, v240                          // 00000000A550: 4BE1E1EF
	v_lshrrev_b32_e32 v240, 16, v240                           // 00000000A554: 33E1E090
	v_add_nc_u32_e32 v241, 10, v6                              // 00000000A558: 4BE20C8A
	v_lshlrev_b32_e32 v242, 13, v241                           // 00000000A55C: 31E5E28D
	v_add_nc_u32_e32 v242, s24, v242                           // 00000000A560: 4BE5E418
	v_lshl_add_u32 v242, v3, 1, v242                           // 00000000A564: D64600F2 07C90303
	v_add_nc_u32_e32 v242, 0x160, v242                         // 00000000A56C: 4BE5E4FF 00000160
	v_cmp_gt_u32_e32 vcc_lo, s18, v241                         // 00000000A574: 7C99E212
	s_and_saveexec_b32 s42, vcc_lo                             // 00000000A578: BEAA206A
	global_store_b16 v242, v240, s[10:11]                      // 00000000A57C: DC660000 000AF0F2
	s_mov_b32 exec_lo, s42                                     // 00000000A584: BEFE002A
	v_mul_f32_e32 v238, v158, v62                              // 00000000A588: 11DC7D9E
	v_lshrrev_b32_e32 v239, 16, v238                           // 00000000A58C: 33DFDC90
	v_and_b32_e32 v239, 1, v239                                // 00000000A590: 37DFDE81
	v_add_nc_u32_e32 v240, 0x7fff, v238                        // 00000000A594: 4BE1DCFF 00007FFF
	v_add_nc_u32_e32 v240, v239, v240                          // 00000000A59C: 4BE1E1EF
	v_lshrrev_b32_e32 v240, 16, v240                           // 00000000A5A0: 33E1E090
	v_add_nc_u32_e32 v241, 12, v6                              // 00000000A5A4: 4BE20C8C
	v_lshlrev_b32_e32 v242, 13, v241                           // 00000000A5A8: 31E5E28D
	v_add_nc_u32_e32 v242, s24, v242                           // 00000000A5AC: 4BE5E418
	v_lshl_add_u32 v242, v3, 1, v242                           // 00000000A5B0: D64600F2 07C90303
	v_add_nc_u32_e32 v242, 0x160, v242                         // 00000000A5B8: 4BE5E4FF 00000160
	v_cmp_gt_u32_e32 vcc_lo, s18, v241                         // 00000000A5C0: 7C99E212
	s_and_saveexec_b32 s42, vcc_lo                             // 00000000A5C4: BEAA206A
	global_store_b16 v242, v240, s[10:11]                      // 00000000A5C8: DC660000 000AF0F2
	s_mov_b32 exec_lo, s42                                     // 00000000A5D0: BEFE002A
	v_mul_f32_e32 v238, v159, v63                              // 00000000A5D4: 11DC7F9F
	v_lshrrev_b32_e32 v239, 16, v238                           // 00000000A5D8: 33DFDC90
	v_and_b32_e32 v239, 1, v239                                // 00000000A5DC: 37DFDE81
	v_add_nc_u32_e32 v240, 0x7fff, v238                        // 00000000A5E0: 4BE1DCFF 00007FFF
	v_add_nc_u32_e32 v240, v239, v240                          // 00000000A5E8: 4BE1E1EF
	v_lshrrev_b32_e32 v240, 16, v240                           // 00000000A5EC: 33E1E090
	v_add_nc_u32_e32 v241, 14, v6                              // 00000000A5F0: 4BE20C8E
	v_lshlrev_b32_e32 v242, 13, v241                           // 00000000A5F4: 31E5E28D
	v_add_nc_u32_e32 v242, s24, v242                           // 00000000A5F8: 4BE5E418
	v_lshl_add_u32 v242, v3, 1, v242                           // 00000000A5FC: D64600F2 07C90303
	v_add_nc_u32_e32 v242, 0x160, v242                         // 00000000A604: 4BE5E4FF 00000160
	v_cmp_gt_u32_e32 vcc_lo, s18, v241                         // 00000000A60C: 7C99E212
	s_and_saveexec_b32 s42, vcc_lo                             // 00000000A610: BEAA206A
	global_store_b16 v242, v240, s[10:11]                      // 00000000A614: DC660000 000AF0F2
	s_mov_b32 exec_lo, s42                                     // 00000000A61C: BEFE002A
	v_mul_f32_e32 v238, v160, v56                              // 00000000A620: 11DC71A0
	v_lshrrev_b32_e32 v239, 16, v238                           // 00000000A624: 33DFDC90
	v_and_b32_e32 v239, 1, v239                                // 00000000A628: 37DFDE81
	v_add_nc_u32_e32 v240, 0x7fff, v238                        // 00000000A62C: 4BE1DCFF 00007FFF
	v_add_nc_u32_e32 v240, v239, v240                          // 00000000A634: 4BE1E1EF
	v_lshrrev_b32_e32 v240, 16, v240                           // 00000000A638: 33E1E090
	v_add_nc_u32_e32 v241, 0, v6                               // 00000000A63C: 4BE20C80
	v_lshlrev_b32_e32 v242, 13, v241                           // 00000000A640: 31E5E28D
	v_add_nc_u32_e32 v242, s24, v242                           // 00000000A644: 4BE5E418
	v_lshl_add_u32 v242, v3, 1, v242                           // 00000000A648: D64600F2 07C90303
	v_add_nc_u32_e32 v242, 0x180, v242                         // 00000000A650: 4BE5E4FF 00000180
	v_cmp_gt_u32_e32 vcc_lo, s18, v241                         // 00000000A658: 7C99E212
	s_and_saveexec_b32 s42, vcc_lo                             // 00000000A65C: BEAA206A
	global_store_b16 v242, v240, s[10:11]                      // 00000000A660: DC660000 000AF0F2
	s_mov_b32 exec_lo, s42                                     // 00000000A668: BEFE002A
	v_mul_f32_e32 v238, v161, v57                              // 00000000A66C: 11DC73A1
	v_lshrrev_b32_e32 v239, 16, v238                           // 00000000A670: 33DFDC90
	v_and_b32_e32 v239, 1, v239                                // 00000000A674: 37DFDE81
	v_add_nc_u32_e32 v240, 0x7fff, v238                        // 00000000A678: 4BE1DCFF 00007FFF
	v_add_nc_u32_e32 v240, v239, v240                          // 00000000A680: 4BE1E1EF
	v_lshrrev_b32_e32 v240, 16, v240                           // 00000000A684: 33E1E090
	v_add_nc_u32_e32 v241, 2, v6                               // 00000000A688: 4BE20C82
	v_lshlrev_b32_e32 v242, 13, v241                           // 00000000A68C: 31E5E28D
	v_add_nc_u32_e32 v242, s24, v242                           // 00000000A690: 4BE5E418
	v_lshl_add_u32 v242, v3, 1, v242                           // 00000000A694: D64600F2 07C90303
	v_add_nc_u32_e32 v242, 0x180, v242                         // 00000000A69C: 4BE5E4FF 00000180
	v_cmp_gt_u32_e32 vcc_lo, s18, v241                         // 00000000A6A4: 7C99E212
	s_and_saveexec_b32 s42, vcc_lo                             // 00000000A6A8: BEAA206A
	global_store_b16 v242, v240, s[10:11]                      // 00000000A6AC: DC660000 000AF0F2
	s_mov_b32 exec_lo, s42                                     // 00000000A6B4: BEFE002A
	v_mul_f32_e32 v238, v162, v58                              // 00000000A6B8: 11DC75A2
	v_lshrrev_b32_e32 v239, 16, v238                           // 00000000A6BC: 33DFDC90
	v_and_b32_e32 v239, 1, v239                                // 00000000A6C0: 37DFDE81
	v_add_nc_u32_e32 v240, 0x7fff, v238                        // 00000000A6C4: 4BE1DCFF 00007FFF
	v_add_nc_u32_e32 v240, v239, v240                          // 00000000A6CC: 4BE1E1EF
	v_lshrrev_b32_e32 v240, 16, v240                           // 00000000A6D0: 33E1E090
	v_add_nc_u32_e32 v241, 4, v6                               // 00000000A6D4: 4BE20C84
	v_lshlrev_b32_e32 v242, 13, v241                           // 00000000A6D8: 31E5E28D
	v_add_nc_u32_e32 v242, s24, v242                           // 00000000A6DC: 4BE5E418
	v_lshl_add_u32 v242, v3, 1, v242                           // 00000000A6E0: D64600F2 07C90303
	v_add_nc_u32_e32 v242, 0x180, v242                         // 00000000A6E8: 4BE5E4FF 00000180
	v_cmp_gt_u32_e32 vcc_lo, s18, v241                         // 00000000A6F0: 7C99E212
	s_and_saveexec_b32 s42, vcc_lo                             // 00000000A6F4: BEAA206A
	global_store_b16 v242, v240, s[10:11]                      // 00000000A6F8: DC660000 000AF0F2
	s_mov_b32 exec_lo, s42                                     // 00000000A700: BEFE002A
	v_mul_f32_e32 v238, v163, v59                              // 00000000A704: 11DC77A3
	v_lshrrev_b32_e32 v239, 16, v238                           // 00000000A708: 33DFDC90
	v_and_b32_e32 v239, 1, v239                                // 00000000A70C: 37DFDE81
	v_add_nc_u32_e32 v240, 0x7fff, v238                        // 00000000A710: 4BE1DCFF 00007FFF
	v_add_nc_u32_e32 v240, v239, v240                          // 00000000A718: 4BE1E1EF
	v_lshrrev_b32_e32 v240, 16, v240                           // 00000000A71C: 33E1E090
	v_add_nc_u32_e32 v241, 6, v6                               // 00000000A720: 4BE20C86
	v_lshlrev_b32_e32 v242, 13, v241                           // 00000000A724: 31E5E28D
	v_add_nc_u32_e32 v242, s24, v242                           // 00000000A728: 4BE5E418
	v_lshl_add_u32 v242, v3, 1, v242                           // 00000000A72C: D64600F2 07C90303
	v_add_nc_u32_e32 v242, 0x180, v242                         // 00000000A734: 4BE5E4FF 00000180
	v_cmp_gt_u32_e32 vcc_lo, s18, v241                         // 00000000A73C: 7C99E212
	s_and_saveexec_b32 s42, vcc_lo                             // 00000000A740: BEAA206A
	global_store_b16 v242, v240, s[10:11]                      // 00000000A744: DC660000 000AF0F2
	s_mov_b32 exec_lo, s42                                     // 00000000A74C: BEFE002A
	v_mul_f32_e32 v238, v164, v60                              // 00000000A750: 11DC79A4
	v_lshrrev_b32_e32 v239, 16, v238                           // 00000000A754: 33DFDC90
	v_and_b32_e32 v239, 1, v239                                // 00000000A758: 37DFDE81
	v_add_nc_u32_e32 v240, 0x7fff, v238                        // 00000000A75C: 4BE1DCFF 00007FFF
	v_add_nc_u32_e32 v240, v239, v240                          // 00000000A764: 4BE1E1EF
	v_lshrrev_b32_e32 v240, 16, v240                           // 00000000A768: 33E1E090
	v_add_nc_u32_e32 v241, 8, v6                               // 00000000A76C: 4BE20C88
	v_lshlrev_b32_e32 v242, 13, v241                           // 00000000A770: 31E5E28D
	v_add_nc_u32_e32 v242, s24, v242                           // 00000000A774: 4BE5E418
	v_lshl_add_u32 v242, v3, 1, v242                           // 00000000A778: D64600F2 07C90303
	v_add_nc_u32_e32 v242, 0x180, v242                         // 00000000A780: 4BE5E4FF 00000180
	v_cmp_gt_u32_e32 vcc_lo, s18, v241                         // 00000000A788: 7C99E212
	s_and_saveexec_b32 s42, vcc_lo                             // 00000000A78C: BEAA206A
	global_store_b16 v242, v240, s[10:11]                      // 00000000A790: DC660000 000AF0F2
	s_mov_b32 exec_lo, s42                                     // 00000000A798: BEFE002A
	v_mul_f32_e32 v238, v165, v61                              // 00000000A79C: 11DC7BA5
	v_lshrrev_b32_e32 v239, 16, v238                           // 00000000A7A0: 33DFDC90
	v_and_b32_e32 v239, 1, v239                                // 00000000A7A4: 37DFDE81
	v_add_nc_u32_e32 v240, 0x7fff, v238                        // 00000000A7A8: 4BE1DCFF 00007FFF
	v_add_nc_u32_e32 v240, v239, v240                          // 00000000A7B0: 4BE1E1EF
	v_lshrrev_b32_e32 v240, 16, v240                           // 00000000A7B4: 33E1E090
	v_add_nc_u32_e32 v241, 10, v6                              // 00000000A7B8: 4BE20C8A
	v_lshlrev_b32_e32 v242, 13, v241                           // 00000000A7BC: 31E5E28D
	v_add_nc_u32_e32 v242, s24, v242                           // 00000000A7C0: 4BE5E418
	v_lshl_add_u32 v242, v3, 1, v242                           // 00000000A7C4: D64600F2 07C90303
	v_add_nc_u32_e32 v242, 0x180, v242                         // 00000000A7CC: 4BE5E4FF 00000180
	v_cmp_gt_u32_e32 vcc_lo, s18, v241                         // 00000000A7D4: 7C99E212
	s_and_saveexec_b32 s42, vcc_lo                             // 00000000A7D8: BEAA206A
	global_store_b16 v242, v240, s[10:11]                      // 00000000A7DC: DC660000 000AF0F2
	s_mov_b32 exec_lo, s42                                     // 00000000A7E4: BEFE002A
	v_mul_f32_e32 v238, v166, v62                              // 00000000A7E8: 11DC7DA6
	v_lshrrev_b32_e32 v239, 16, v238                           // 00000000A7EC: 33DFDC90
	v_and_b32_e32 v239, 1, v239                                // 00000000A7F0: 37DFDE81
	v_add_nc_u32_e32 v240, 0x7fff, v238                        // 00000000A7F4: 4BE1DCFF 00007FFF
	v_add_nc_u32_e32 v240, v239, v240                          // 00000000A7FC: 4BE1E1EF
	v_lshrrev_b32_e32 v240, 16, v240                           // 00000000A800: 33E1E090
	v_add_nc_u32_e32 v241, 12, v6                              // 00000000A804: 4BE20C8C
	v_lshlrev_b32_e32 v242, 13, v241                           // 00000000A808: 31E5E28D
	v_add_nc_u32_e32 v242, s24, v242                           // 00000000A80C: 4BE5E418
	v_lshl_add_u32 v242, v3, 1, v242                           // 00000000A810: D64600F2 07C90303
	v_add_nc_u32_e32 v242, 0x180, v242                         // 00000000A818: 4BE5E4FF 00000180
	v_cmp_gt_u32_e32 vcc_lo, s18, v241                         // 00000000A820: 7C99E212
	s_and_saveexec_b32 s42, vcc_lo                             // 00000000A824: BEAA206A
	global_store_b16 v242, v240, s[10:11]                      // 00000000A828: DC660000 000AF0F2
	s_mov_b32 exec_lo, s42                                     // 00000000A830: BEFE002A
	v_mul_f32_e32 v238, v167, v63                              // 00000000A834: 11DC7FA7
	v_lshrrev_b32_e32 v239, 16, v238                           // 00000000A838: 33DFDC90
	v_and_b32_e32 v239, 1, v239                                // 00000000A83C: 37DFDE81
	v_add_nc_u32_e32 v240, 0x7fff, v238                        // 00000000A840: 4BE1DCFF 00007FFF
	v_add_nc_u32_e32 v240, v239, v240                          // 00000000A848: 4BE1E1EF
	v_lshrrev_b32_e32 v240, 16, v240                           // 00000000A84C: 33E1E090
	v_add_nc_u32_e32 v241, 14, v6                              // 00000000A850: 4BE20C8E
	v_lshlrev_b32_e32 v242, 13, v241                           // 00000000A854: 31E5E28D
	v_add_nc_u32_e32 v242, s24, v242                           // 00000000A858: 4BE5E418
	v_lshl_add_u32 v242, v3, 1, v242                           // 00000000A85C: D64600F2 07C90303
	v_add_nc_u32_e32 v242, 0x180, v242                         // 00000000A864: 4BE5E4FF 00000180
	v_cmp_gt_u32_e32 vcc_lo, s18, v241                         // 00000000A86C: 7C99E212
	s_and_saveexec_b32 s42, vcc_lo                             // 00000000A870: BEAA206A
	global_store_b16 v242, v240, s[10:11]                      // 00000000A874: DC660000 000AF0F2
	s_mov_b32 exec_lo, s42                                     // 00000000A87C: BEFE002A
	v_mul_f32_e32 v238, v168, v56                              // 00000000A880: 11DC71A8
	v_lshrrev_b32_e32 v239, 16, v238                           // 00000000A884: 33DFDC90
	v_and_b32_e32 v239, 1, v239                                // 00000000A888: 37DFDE81
	v_add_nc_u32_e32 v240, 0x7fff, v238                        // 00000000A88C: 4BE1DCFF 00007FFF
	v_add_nc_u32_e32 v240, v239, v240                          // 00000000A894: 4BE1E1EF
	v_lshrrev_b32_e32 v240, 16, v240                           // 00000000A898: 33E1E090
	v_add_nc_u32_e32 v241, 0, v6                               // 00000000A89C: 4BE20C80
	v_lshlrev_b32_e32 v242, 13, v241                           // 00000000A8A0: 31E5E28D
	v_add_nc_u32_e32 v242, s24, v242                           // 00000000A8A4: 4BE5E418
	v_lshl_add_u32 v242, v3, 1, v242                           // 00000000A8A8: D64600F2 07C90303
	v_add_nc_u32_e32 v242, 0x1a0, v242                         // 00000000A8B0: 4BE5E4FF 000001A0
	v_cmp_gt_u32_e32 vcc_lo, s18, v241                         // 00000000A8B8: 7C99E212
	s_and_saveexec_b32 s42, vcc_lo                             // 00000000A8BC: BEAA206A
	global_store_b16 v242, v240, s[10:11]                      // 00000000A8C0: DC660000 000AF0F2
	s_mov_b32 exec_lo, s42                                     // 00000000A8C8: BEFE002A
	v_mul_f32_e32 v238, v169, v57                              // 00000000A8CC: 11DC73A9
	v_lshrrev_b32_e32 v239, 16, v238                           // 00000000A8D0: 33DFDC90
	v_and_b32_e32 v239, 1, v239                                // 00000000A8D4: 37DFDE81
	v_add_nc_u32_e32 v240, 0x7fff, v238                        // 00000000A8D8: 4BE1DCFF 00007FFF
	v_add_nc_u32_e32 v240, v239, v240                          // 00000000A8E0: 4BE1E1EF
	v_lshrrev_b32_e32 v240, 16, v240                           // 00000000A8E4: 33E1E090
	v_add_nc_u32_e32 v241, 2, v6                               // 00000000A8E8: 4BE20C82
	v_lshlrev_b32_e32 v242, 13, v241                           // 00000000A8EC: 31E5E28D
	v_add_nc_u32_e32 v242, s24, v242                           // 00000000A8F0: 4BE5E418
	v_lshl_add_u32 v242, v3, 1, v242                           // 00000000A8F4: D64600F2 07C90303
	v_add_nc_u32_e32 v242, 0x1a0, v242                         // 00000000A8FC: 4BE5E4FF 000001A0
	v_cmp_gt_u32_e32 vcc_lo, s18, v241                         // 00000000A904: 7C99E212
	s_and_saveexec_b32 s42, vcc_lo                             // 00000000A908: BEAA206A
	global_store_b16 v242, v240, s[10:11]                      // 00000000A90C: DC660000 000AF0F2
	s_mov_b32 exec_lo, s42                                     // 00000000A914: BEFE002A
	v_mul_f32_e32 v238, v170, v58                              // 00000000A918: 11DC75AA
	v_lshrrev_b32_e32 v239, 16, v238                           // 00000000A91C: 33DFDC90
	v_and_b32_e32 v239, 1, v239                                // 00000000A920: 37DFDE81
	v_add_nc_u32_e32 v240, 0x7fff, v238                        // 00000000A924: 4BE1DCFF 00007FFF
	v_add_nc_u32_e32 v240, v239, v240                          // 00000000A92C: 4BE1E1EF
	v_lshrrev_b32_e32 v240, 16, v240                           // 00000000A930: 33E1E090
	v_add_nc_u32_e32 v241, 4, v6                               // 00000000A934: 4BE20C84
	v_lshlrev_b32_e32 v242, 13, v241                           // 00000000A938: 31E5E28D
	v_add_nc_u32_e32 v242, s24, v242                           // 00000000A93C: 4BE5E418
	v_lshl_add_u32 v242, v3, 1, v242                           // 00000000A940: D64600F2 07C90303
	v_add_nc_u32_e32 v242, 0x1a0, v242                         // 00000000A948: 4BE5E4FF 000001A0
	v_cmp_gt_u32_e32 vcc_lo, s18, v241                         // 00000000A950: 7C99E212
	s_and_saveexec_b32 s42, vcc_lo                             // 00000000A954: BEAA206A
	global_store_b16 v242, v240, s[10:11]                      // 00000000A958: DC660000 000AF0F2
	s_mov_b32 exec_lo, s42                                     // 00000000A960: BEFE002A
	v_mul_f32_e32 v238, v171, v59                              // 00000000A964: 11DC77AB
	v_lshrrev_b32_e32 v239, 16, v238                           // 00000000A968: 33DFDC90
	v_and_b32_e32 v239, 1, v239                                // 00000000A96C: 37DFDE81
	v_add_nc_u32_e32 v240, 0x7fff, v238                        // 00000000A970: 4BE1DCFF 00007FFF
	v_add_nc_u32_e32 v240, v239, v240                          // 00000000A978: 4BE1E1EF
	v_lshrrev_b32_e32 v240, 16, v240                           // 00000000A97C: 33E1E090
	v_add_nc_u32_e32 v241, 6, v6                               // 00000000A980: 4BE20C86
	v_lshlrev_b32_e32 v242, 13, v241                           // 00000000A984: 31E5E28D
	v_add_nc_u32_e32 v242, s24, v242                           // 00000000A988: 4BE5E418
	v_lshl_add_u32 v242, v3, 1, v242                           // 00000000A98C: D64600F2 07C90303
	v_add_nc_u32_e32 v242, 0x1a0, v242                         // 00000000A994: 4BE5E4FF 000001A0
	v_cmp_gt_u32_e32 vcc_lo, s18, v241                         // 00000000A99C: 7C99E212
	s_and_saveexec_b32 s42, vcc_lo                             // 00000000A9A0: BEAA206A
	global_store_b16 v242, v240, s[10:11]                      // 00000000A9A4: DC660000 000AF0F2
	s_mov_b32 exec_lo, s42                                     // 00000000A9AC: BEFE002A
	v_mul_f32_e32 v238, v172, v60                              // 00000000A9B0: 11DC79AC
	v_lshrrev_b32_e32 v239, 16, v238                           // 00000000A9B4: 33DFDC90
	v_and_b32_e32 v239, 1, v239                                // 00000000A9B8: 37DFDE81
	v_add_nc_u32_e32 v240, 0x7fff, v238                        // 00000000A9BC: 4BE1DCFF 00007FFF
	v_add_nc_u32_e32 v240, v239, v240                          // 00000000A9C4: 4BE1E1EF
	v_lshrrev_b32_e32 v240, 16, v240                           // 00000000A9C8: 33E1E090
	v_add_nc_u32_e32 v241, 8, v6                               // 00000000A9CC: 4BE20C88
	v_lshlrev_b32_e32 v242, 13, v241                           // 00000000A9D0: 31E5E28D
	v_add_nc_u32_e32 v242, s24, v242                           // 00000000A9D4: 4BE5E418
	v_lshl_add_u32 v242, v3, 1, v242                           // 00000000A9D8: D64600F2 07C90303
	v_add_nc_u32_e32 v242, 0x1a0, v242                         // 00000000A9E0: 4BE5E4FF 000001A0
	v_cmp_gt_u32_e32 vcc_lo, s18, v241                         // 00000000A9E8: 7C99E212
	s_and_saveexec_b32 s42, vcc_lo                             // 00000000A9EC: BEAA206A
	global_store_b16 v242, v240, s[10:11]                      // 00000000A9F0: DC660000 000AF0F2
	s_mov_b32 exec_lo, s42                                     // 00000000A9F8: BEFE002A
	v_mul_f32_e32 v238, v173, v61                              // 00000000A9FC: 11DC7BAD
	v_lshrrev_b32_e32 v239, 16, v238                           // 00000000AA00: 33DFDC90
	v_and_b32_e32 v239, 1, v239                                // 00000000AA04: 37DFDE81
	v_add_nc_u32_e32 v240, 0x7fff, v238                        // 00000000AA08: 4BE1DCFF 00007FFF
	v_add_nc_u32_e32 v240, v239, v240                          // 00000000AA10: 4BE1E1EF
	v_lshrrev_b32_e32 v240, 16, v240                           // 00000000AA14: 33E1E090
	v_add_nc_u32_e32 v241, 10, v6                              // 00000000AA18: 4BE20C8A
	v_lshlrev_b32_e32 v242, 13, v241                           // 00000000AA1C: 31E5E28D
	v_add_nc_u32_e32 v242, s24, v242                           // 00000000AA20: 4BE5E418
	v_lshl_add_u32 v242, v3, 1, v242                           // 00000000AA24: D64600F2 07C90303
	v_add_nc_u32_e32 v242, 0x1a0, v242                         // 00000000AA2C: 4BE5E4FF 000001A0
	v_cmp_gt_u32_e32 vcc_lo, s18, v241                         // 00000000AA34: 7C99E212
	s_and_saveexec_b32 s42, vcc_lo                             // 00000000AA38: BEAA206A
	global_store_b16 v242, v240, s[10:11]                      // 00000000AA3C: DC660000 000AF0F2
	s_mov_b32 exec_lo, s42                                     // 00000000AA44: BEFE002A
	v_mul_f32_e32 v238, v174, v62                              // 00000000AA48: 11DC7DAE
	v_lshrrev_b32_e32 v239, 16, v238                           // 00000000AA4C: 33DFDC90
	v_and_b32_e32 v239, 1, v239                                // 00000000AA50: 37DFDE81
	v_add_nc_u32_e32 v240, 0x7fff, v238                        // 00000000AA54: 4BE1DCFF 00007FFF
	v_add_nc_u32_e32 v240, v239, v240                          // 00000000AA5C: 4BE1E1EF
	v_lshrrev_b32_e32 v240, 16, v240                           // 00000000AA60: 33E1E090
	v_add_nc_u32_e32 v241, 12, v6                              // 00000000AA64: 4BE20C8C
	v_lshlrev_b32_e32 v242, 13, v241                           // 00000000AA68: 31E5E28D
	v_add_nc_u32_e32 v242, s24, v242                           // 00000000AA6C: 4BE5E418
	v_lshl_add_u32 v242, v3, 1, v242                           // 00000000AA70: D64600F2 07C90303
	v_add_nc_u32_e32 v242, 0x1a0, v242                         // 00000000AA78: 4BE5E4FF 000001A0
	v_cmp_gt_u32_e32 vcc_lo, s18, v241                         // 00000000AA80: 7C99E212
	s_and_saveexec_b32 s42, vcc_lo                             // 00000000AA84: BEAA206A
	global_store_b16 v242, v240, s[10:11]                      // 00000000AA88: DC660000 000AF0F2
	s_mov_b32 exec_lo, s42                                     // 00000000AA90: BEFE002A
	v_mul_f32_e32 v238, v175, v63                              // 00000000AA94: 11DC7FAF
	v_lshrrev_b32_e32 v239, 16, v238                           // 00000000AA98: 33DFDC90
	v_and_b32_e32 v239, 1, v239                                // 00000000AA9C: 37DFDE81
	v_add_nc_u32_e32 v240, 0x7fff, v238                        // 00000000AAA0: 4BE1DCFF 00007FFF
	v_add_nc_u32_e32 v240, v239, v240                          // 00000000AAA8: 4BE1E1EF
	v_lshrrev_b32_e32 v240, 16, v240                           // 00000000AAAC: 33E1E090
	v_add_nc_u32_e32 v241, 14, v6                              // 00000000AAB0: 4BE20C8E
	v_lshlrev_b32_e32 v242, 13, v241                           // 00000000AAB4: 31E5E28D
	v_add_nc_u32_e32 v242, s24, v242                           // 00000000AAB8: 4BE5E418
	v_lshl_add_u32 v242, v3, 1, v242                           // 00000000AABC: D64600F2 07C90303
	v_add_nc_u32_e32 v242, 0x1a0, v242                         // 00000000AAC4: 4BE5E4FF 000001A0
	v_cmp_gt_u32_e32 vcc_lo, s18, v241                         // 00000000AACC: 7C99E212
	s_and_saveexec_b32 s42, vcc_lo                             // 00000000AAD0: BEAA206A
	global_store_b16 v242, v240, s[10:11]                      // 00000000AAD4: DC660000 000AF0F2
	s_mov_b32 exec_lo, s42                                     // 00000000AADC: BEFE002A
	v_mul_f32_e32 v238, v176, v56                              // 00000000AAE0: 11DC71B0
	v_lshrrev_b32_e32 v239, 16, v238                           // 00000000AAE4: 33DFDC90
	v_and_b32_e32 v239, 1, v239                                // 00000000AAE8: 37DFDE81
	v_add_nc_u32_e32 v240, 0x7fff, v238                        // 00000000AAEC: 4BE1DCFF 00007FFF
	v_add_nc_u32_e32 v240, v239, v240                          // 00000000AAF4: 4BE1E1EF
	v_lshrrev_b32_e32 v240, 16, v240                           // 00000000AAF8: 33E1E090
	v_add_nc_u32_e32 v241, 0, v6                               // 00000000AAFC: 4BE20C80
	v_lshlrev_b32_e32 v242, 13, v241                           // 00000000AB00: 31E5E28D
	v_add_nc_u32_e32 v242, s24, v242                           // 00000000AB04: 4BE5E418
	v_lshl_add_u32 v242, v3, 1, v242                           // 00000000AB08: D64600F2 07C90303
	v_add_nc_u32_e32 v242, 0x1c0, v242                         // 00000000AB10: 4BE5E4FF 000001C0
	v_cmp_gt_u32_e32 vcc_lo, s18, v241                         // 00000000AB18: 7C99E212
	s_and_saveexec_b32 s42, vcc_lo                             // 00000000AB1C: BEAA206A
	global_store_b16 v242, v240, s[10:11]                      // 00000000AB20: DC660000 000AF0F2
	s_mov_b32 exec_lo, s42                                     // 00000000AB28: BEFE002A
	v_mul_f32_e32 v238, v177, v57                              // 00000000AB2C: 11DC73B1
	v_lshrrev_b32_e32 v239, 16, v238                           // 00000000AB30: 33DFDC90
	v_and_b32_e32 v239, 1, v239                                // 00000000AB34: 37DFDE81
	v_add_nc_u32_e32 v240, 0x7fff, v238                        // 00000000AB38: 4BE1DCFF 00007FFF
	v_add_nc_u32_e32 v240, v239, v240                          // 00000000AB40: 4BE1E1EF
	v_lshrrev_b32_e32 v240, 16, v240                           // 00000000AB44: 33E1E090
	v_add_nc_u32_e32 v241, 2, v6                               // 00000000AB48: 4BE20C82
	v_lshlrev_b32_e32 v242, 13, v241                           // 00000000AB4C: 31E5E28D
	v_add_nc_u32_e32 v242, s24, v242                           // 00000000AB50: 4BE5E418
	v_lshl_add_u32 v242, v3, 1, v242                           // 00000000AB54: D64600F2 07C90303
	v_add_nc_u32_e32 v242, 0x1c0, v242                         // 00000000AB5C: 4BE5E4FF 000001C0
	v_cmp_gt_u32_e32 vcc_lo, s18, v241                         // 00000000AB64: 7C99E212
	s_and_saveexec_b32 s42, vcc_lo                             // 00000000AB68: BEAA206A
	global_store_b16 v242, v240, s[10:11]                      // 00000000AB6C: DC660000 000AF0F2
	s_mov_b32 exec_lo, s42                                     // 00000000AB74: BEFE002A
	v_mul_f32_e32 v238, v178, v58                              // 00000000AB78: 11DC75B2
	v_lshrrev_b32_e32 v239, 16, v238                           // 00000000AB7C: 33DFDC90
	v_and_b32_e32 v239, 1, v239                                // 00000000AB80: 37DFDE81
	v_add_nc_u32_e32 v240, 0x7fff, v238                        // 00000000AB84: 4BE1DCFF 00007FFF
	v_add_nc_u32_e32 v240, v239, v240                          // 00000000AB8C: 4BE1E1EF
	v_lshrrev_b32_e32 v240, 16, v240                           // 00000000AB90: 33E1E090
	v_add_nc_u32_e32 v241, 4, v6                               // 00000000AB94: 4BE20C84
	v_lshlrev_b32_e32 v242, 13, v241                           // 00000000AB98: 31E5E28D
	v_add_nc_u32_e32 v242, s24, v242                           // 00000000AB9C: 4BE5E418
	v_lshl_add_u32 v242, v3, 1, v242                           // 00000000ABA0: D64600F2 07C90303
	v_add_nc_u32_e32 v242, 0x1c0, v242                         // 00000000ABA8: 4BE5E4FF 000001C0
	v_cmp_gt_u32_e32 vcc_lo, s18, v241                         // 00000000ABB0: 7C99E212
	s_and_saveexec_b32 s42, vcc_lo                             // 00000000ABB4: BEAA206A
	global_store_b16 v242, v240, s[10:11]                      // 00000000ABB8: DC660000 000AF0F2
	s_mov_b32 exec_lo, s42                                     // 00000000ABC0: BEFE002A
	v_mul_f32_e32 v238, v179, v59                              // 00000000ABC4: 11DC77B3
	v_lshrrev_b32_e32 v239, 16, v238                           // 00000000ABC8: 33DFDC90
	v_and_b32_e32 v239, 1, v239                                // 00000000ABCC: 37DFDE81
	v_add_nc_u32_e32 v240, 0x7fff, v238                        // 00000000ABD0: 4BE1DCFF 00007FFF
	v_add_nc_u32_e32 v240, v239, v240                          // 00000000ABD8: 4BE1E1EF
	v_lshrrev_b32_e32 v240, 16, v240                           // 00000000ABDC: 33E1E090
	v_add_nc_u32_e32 v241, 6, v6                               // 00000000ABE0: 4BE20C86
	v_lshlrev_b32_e32 v242, 13, v241                           // 00000000ABE4: 31E5E28D
	v_add_nc_u32_e32 v242, s24, v242                           // 00000000ABE8: 4BE5E418
	v_lshl_add_u32 v242, v3, 1, v242                           // 00000000ABEC: D64600F2 07C90303
	v_add_nc_u32_e32 v242, 0x1c0, v242                         // 00000000ABF4: 4BE5E4FF 000001C0
	v_cmp_gt_u32_e32 vcc_lo, s18, v241                         // 00000000ABFC: 7C99E212
	s_and_saveexec_b32 s42, vcc_lo                             // 00000000AC00: BEAA206A
	global_store_b16 v242, v240, s[10:11]                      // 00000000AC04: DC660000 000AF0F2
	s_mov_b32 exec_lo, s42                                     // 00000000AC0C: BEFE002A
	v_mul_f32_e32 v238, v180, v60                              // 00000000AC10: 11DC79B4
	v_lshrrev_b32_e32 v239, 16, v238                           // 00000000AC14: 33DFDC90
	v_and_b32_e32 v239, 1, v239                                // 00000000AC18: 37DFDE81
	v_add_nc_u32_e32 v240, 0x7fff, v238                        // 00000000AC1C: 4BE1DCFF 00007FFF
	v_add_nc_u32_e32 v240, v239, v240                          // 00000000AC24: 4BE1E1EF
	v_lshrrev_b32_e32 v240, 16, v240                           // 00000000AC28: 33E1E090
	v_add_nc_u32_e32 v241, 8, v6                               // 00000000AC2C: 4BE20C88
	v_lshlrev_b32_e32 v242, 13, v241                           // 00000000AC30: 31E5E28D
	v_add_nc_u32_e32 v242, s24, v242                           // 00000000AC34: 4BE5E418
	v_lshl_add_u32 v242, v3, 1, v242                           // 00000000AC38: D64600F2 07C90303
	v_add_nc_u32_e32 v242, 0x1c0, v242                         // 00000000AC40: 4BE5E4FF 000001C0
	v_cmp_gt_u32_e32 vcc_lo, s18, v241                         // 00000000AC48: 7C99E212
	s_and_saveexec_b32 s42, vcc_lo                             // 00000000AC4C: BEAA206A
	global_store_b16 v242, v240, s[10:11]                      // 00000000AC50: DC660000 000AF0F2
	s_mov_b32 exec_lo, s42                                     // 00000000AC58: BEFE002A
	v_mul_f32_e32 v238, v181, v61                              // 00000000AC5C: 11DC7BB5
	v_lshrrev_b32_e32 v239, 16, v238                           // 00000000AC60: 33DFDC90
	v_and_b32_e32 v239, 1, v239                                // 00000000AC64: 37DFDE81
	v_add_nc_u32_e32 v240, 0x7fff, v238                        // 00000000AC68: 4BE1DCFF 00007FFF
	v_add_nc_u32_e32 v240, v239, v240                          // 00000000AC70: 4BE1E1EF
	v_lshrrev_b32_e32 v240, 16, v240                           // 00000000AC74: 33E1E090
	v_add_nc_u32_e32 v241, 10, v6                              // 00000000AC78: 4BE20C8A
	v_lshlrev_b32_e32 v242, 13, v241                           // 00000000AC7C: 31E5E28D
	v_add_nc_u32_e32 v242, s24, v242                           // 00000000AC80: 4BE5E418
	v_lshl_add_u32 v242, v3, 1, v242                           // 00000000AC84: D64600F2 07C90303
	v_add_nc_u32_e32 v242, 0x1c0, v242                         // 00000000AC8C: 4BE5E4FF 000001C0
	v_cmp_gt_u32_e32 vcc_lo, s18, v241                         // 00000000AC94: 7C99E212
	s_and_saveexec_b32 s42, vcc_lo                             // 00000000AC98: BEAA206A
	global_store_b16 v242, v240, s[10:11]                      // 00000000AC9C: DC660000 000AF0F2
	s_mov_b32 exec_lo, s42                                     // 00000000ACA4: BEFE002A
	v_mul_f32_e32 v238, v182, v62                              // 00000000ACA8: 11DC7DB6
	v_lshrrev_b32_e32 v239, 16, v238                           // 00000000ACAC: 33DFDC90
	v_and_b32_e32 v239, 1, v239                                // 00000000ACB0: 37DFDE81
	v_add_nc_u32_e32 v240, 0x7fff, v238                        // 00000000ACB4: 4BE1DCFF 00007FFF
	v_add_nc_u32_e32 v240, v239, v240                          // 00000000ACBC: 4BE1E1EF
	v_lshrrev_b32_e32 v240, 16, v240                           // 00000000ACC0: 33E1E090
	v_add_nc_u32_e32 v241, 12, v6                              // 00000000ACC4: 4BE20C8C
	v_lshlrev_b32_e32 v242, 13, v241                           // 00000000ACC8: 31E5E28D
	v_add_nc_u32_e32 v242, s24, v242                           // 00000000ACCC: 4BE5E418
	v_lshl_add_u32 v242, v3, 1, v242                           // 00000000ACD0: D64600F2 07C90303
	v_add_nc_u32_e32 v242, 0x1c0, v242                         // 00000000ACD8: 4BE5E4FF 000001C0
	v_cmp_gt_u32_e32 vcc_lo, s18, v241                         // 00000000ACE0: 7C99E212
	s_and_saveexec_b32 s42, vcc_lo                             // 00000000ACE4: BEAA206A
	global_store_b16 v242, v240, s[10:11]                      // 00000000ACE8: DC660000 000AF0F2
	s_mov_b32 exec_lo, s42                                     // 00000000ACF0: BEFE002A
	v_mul_f32_e32 v238, v183, v63                              // 00000000ACF4: 11DC7FB7
	v_lshrrev_b32_e32 v239, 16, v238                           // 00000000ACF8: 33DFDC90
	v_and_b32_e32 v239, 1, v239                                // 00000000ACFC: 37DFDE81
	v_add_nc_u32_e32 v240, 0x7fff, v238                        // 00000000AD00: 4BE1DCFF 00007FFF
	v_add_nc_u32_e32 v240, v239, v240                          // 00000000AD08: 4BE1E1EF
	v_lshrrev_b32_e32 v240, 16, v240                           // 00000000AD0C: 33E1E090
	v_add_nc_u32_e32 v241, 14, v6                              // 00000000AD10: 4BE20C8E
	v_lshlrev_b32_e32 v242, 13, v241                           // 00000000AD14: 31E5E28D
	v_add_nc_u32_e32 v242, s24, v242                           // 00000000AD18: 4BE5E418
	v_lshl_add_u32 v242, v3, 1, v242                           // 00000000AD1C: D64600F2 07C90303
	v_add_nc_u32_e32 v242, 0x1c0, v242                         // 00000000AD24: 4BE5E4FF 000001C0
	v_cmp_gt_u32_e32 vcc_lo, s18, v241                         // 00000000AD2C: 7C99E212
	s_and_saveexec_b32 s42, vcc_lo                             // 00000000AD30: BEAA206A
	global_store_b16 v242, v240, s[10:11]                      // 00000000AD34: DC660000 000AF0F2
	s_mov_b32 exec_lo, s42                                     // 00000000AD3C: BEFE002A
	v_mul_f32_e32 v238, v184, v56                              // 00000000AD40: 11DC71B8
	v_lshrrev_b32_e32 v239, 16, v238                           // 00000000AD44: 33DFDC90
	v_and_b32_e32 v239, 1, v239                                // 00000000AD48: 37DFDE81
	v_add_nc_u32_e32 v240, 0x7fff, v238                        // 00000000AD4C: 4BE1DCFF 00007FFF
	v_add_nc_u32_e32 v240, v239, v240                          // 00000000AD54: 4BE1E1EF
	v_lshrrev_b32_e32 v240, 16, v240                           // 00000000AD58: 33E1E090
	v_add_nc_u32_e32 v241, 0, v6                               // 00000000AD5C: 4BE20C80
	v_lshlrev_b32_e32 v242, 13, v241                           // 00000000AD60: 31E5E28D
	v_add_nc_u32_e32 v242, s24, v242                           // 00000000AD64: 4BE5E418
	v_lshl_add_u32 v242, v3, 1, v242                           // 00000000AD68: D64600F2 07C90303
	v_add_nc_u32_e32 v242, 0x1e0, v242                         // 00000000AD70: 4BE5E4FF 000001E0
	v_cmp_gt_u32_e32 vcc_lo, s18, v241                         // 00000000AD78: 7C99E212
	s_and_saveexec_b32 s42, vcc_lo                             // 00000000AD7C: BEAA206A
	global_store_b16 v242, v240, s[10:11]                      // 00000000AD80: DC660000 000AF0F2
	s_mov_b32 exec_lo, s42                                     // 00000000AD88: BEFE002A
	v_mul_f32_e32 v238, v185, v57                              // 00000000AD8C: 11DC73B9
	v_lshrrev_b32_e32 v239, 16, v238                           // 00000000AD90: 33DFDC90
	v_and_b32_e32 v239, 1, v239                                // 00000000AD94: 37DFDE81
	v_add_nc_u32_e32 v240, 0x7fff, v238                        // 00000000AD98: 4BE1DCFF 00007FFF
	v_add_nc_u32_e32 v240, v239, v240                          // 00000000ADA0: 4BE1E1EF
	v_lshrrev_b32_e32 v240, 16, v240                           // 00000000ADA4: 33E1E090
	v_add_nc_u32_e32 v241, 2, v6                               // 00000000ADA8: 4BE20C82
	v_lshlrev_b32_e32 v242, 13, v241                           // 00000000ADAC: 31E5E28D
	v_add_nc_u32_e32 v242, s24, v242                           // 00000000ADB0: 4BE5E418
	v_lshl_add_u32 v242, v3, 1, v242                           // 00000000ADB4: D64600F2 07C90303
	v_add_nc_u32_e32 v242, 0x1e0, v242                         // 00000000ADBC: 4BE5E4FF 000001E0
	v_cmp_gt_u32_e32 vcc_lo, s18, v241                         // 00000000ADC4: 7C99E212
	s_and_saveexec_b32 s42, vcc_lo                             // 00000000ADC8: BEAA206A
	global_store_b16 v242, v240, s[10:11]                      // 00000000ADCC: DC660000 000AF0F2
	s_mov_b32 exec_lo, s42                                     // 00000000ADD4: BEFE002A
	v_mul_f32_e32 v238, v186, v58                              // 00000000ADD8: 11DC75BA
	v_lshrrev_b32_e32 v239, 16, v238                           // 00000000ADDC: 33DFDC90
	v_and_b32_e32 v239, 1, v239                                // 00000000ADE0: 37DFDE81
	v_add_nc_u32_e32 v240, 0x7fff, v238                        // 00000000ADE4: 4BE1DCFF 00007FFF
	v_add_nc_u32_e32 v240, v239, v240                          // 00000000ADEC: 4BE1E1EF
	v_lshrrev_b32_e32 v240, 16, v240                           // 00000000ADF0: 33E1E090
	v_add_nc_u32_e32 v241, 4, v6                               // 00000000ADF4: 4BE20C84
	v_lshlrev_b32_e32 v242, 13, v241                           // 00000000ADF8: 31E5E28D
	v_add_nc_u32_e32 v242, s24, v242                           // 00000000ADFC: 4BE5E418
	v_lshl_add_u32 v242, v3, 1, v242                           // 00000000AE00: D64600F2 07C90303
	v_add_nc_u32_e32 v242, 0x1e0, v242                         // 00000000AE08: 4BE5E4FF 000001E0
	v_cmp_gt_u32_e32 vcc_lo, s18, v241                         // 00000000AE10: 7C99E212
	s_and_saveexec_b32 s42, vcc_lo                             // 00000000AE14: BEAA206A
	global_store_b16 v242, v240, s[10:11]                      // 00000000AE18: DC660000 000AF0F2
	s_mov_b32 exec_lo, s42                                     // 00000000AE20: BEFE002A
	v_mul_f32_e32 v238, v187, v59                              // 00000000AE24: 11DC77BB
	v_lshrrev_b32_e32 v239, 16, v238                           // 00000000AE28: 33DFDC90
	v_and_b32_e32 v239, 1, v239                                // 00000000AE2C: 37DFDE81
	v_add_nc_u32_e32 v240, 0x7fff, v238                        // 00000000AE30: 4BE1DCFF 00007FFF
	v_add_nc_u32_e32 v240, v239, v240                          // 00000000AE38: 4BE1E1EF
	v_lshrrev_b32_e32 v240, 16, v240                           // 00000000AE3C: 33E1E090
	v_add_nc_u32_e32 v241, 6, v6                               // 00000000AE40: 4BE20C86
	v_lshlrev_b32_e32 v242, 13, v241                           // 00000000AE44: 31E5E28D
	v_add_nc_u32_e32 v242, s24, v242                           // 00000000AE48: 4BE5E418
	v_lshl_add_u32 v242, v3, 1, v242                           // 00000000AE4C: D64600F2 07C90303
	v_add_nc_u32_e32 v242, 0x1e0, v242                         // 00000000AE54: 4BE5E4FF 000001E0
	v_cmp_gt_u32_e32 vcc_lo, s18, v241                         // 00000000AE5C: 7C99E212
	s_and_saveexec_b32 s42, vcc_lo                             // 00000000AE60: BEAA206A
	global_store_b16 v242, v240, s[10:11]                      // 00000000AE64: DC660000 000AF0F2
	s_mov_b32 exec_lo, s42                                     // 00000000AE6C: BEFE002A
	v_mul_f32_e32 v238, v188, v60                              // 00000000AE70: 11DC79BC
	v_lshrrev_b32_e32 v239, 16, v238                           // 00000000AE74: 33DFDC90
	v_and_b32_e32 v239, 1, v239                                // 00000000AE78: 37DFDE81
	v_add_nc_u32_e32 v240, 0x7fff, v238                        // 00000000AE7C: 4BE1DCFF 00007FFF
	v_add_nc_u32_e32 v240, v239, v240                          // 00000000AE84: 4BE1E1EF
	v_lshrrev_b32_e32 v240, 16, v240                           // 00000000AE88: 33E1E090
	v_add_nc_u32_e32 v241, 8, v6                               // 00000000AE8C: 4BE20C88
	v_lshlrev_b32_e32 v242, 13, v241                           // 00000000AE90: 31E5E28D
	v_add_nc_u32_e32 v242, s24, v242                           // 00000000AE94: 4BE5E418
	v_lshl_add_u32 v242, v3, 1, v242                           // 00000000AE98: D64600F2 07C90303
	v_add_nc_u32_e32 v242, 0x1e0, v242                         // 00000000AEA0: 4BE5E4FF 000001E0
	v_cmp_gt_u32_e32 vcc_lo, s18, v241                         // 00000000AEA8: 7C99E212
	s_and_saveexec_b32 s42, vcc_lo                             // 00000000AEAC: BEAA206A
	global_store_b16 v242, v240, s[10:11]                      // 00000000AEB0: DC660000 000AF0F2
	s_mov_b32 exec_lo, s42                                     // 00000000AEB8: BEFE002A
	v_mul_f32_e32 v238, v189, v61                              // 00000000AEBC: 11DC7BBD
	v_lshrrev_b32_e32 v239, 16, v238                           // 00000000AEC0: 33DFDC90
	v_and_b32_e32 v239, 1, v239                                // 00000000AEC4: 37DFDE81
	v_add_nc_u32_e32 v240, 0x7fff, v238                        // 00000000AEC8: 4BE1DCFF 00007FFF
	v_add_nc_u32_e32 v240, v239, v240                          // 00000000AED0: 4BE1E1EF
	v_lshrrev_b32_e32 v240, 16, v240                           // 00000000AED4: 33E1E090
	v_add_nc_u32_e32 v241, 10, v6                              // 00000000AED8: 4BE20C8A
	v_lshlrev_b32_e32 v242, 13, v241                           // 00000000AEDC: 31E5E28D
	v_add_nc_u32_e32 v242, s24, v242                           // 00000000AEE0: 4BE5E418
	v_lshl_add_u32 v242, v3, 1, v242                           // 00000000AEE4: D64600F2 07C90303
	v_add_nc_u32_e32 v242, 0x1e0, v242                         // 00000000AEEC: 4BE5E4FF 000001E0
	v_cmp_gt_u32_e32 vcc_lo, s18, v241                         // 00000000AEF4: 7C99E212
	s_and_saveexec_b32 s42, vcc_lo                             // 00000000AEF8: BEAA206A
	global_store_b16 v242, v240, s[10:11]                      // 00000000AEFC: DC660000 000AF0F2
	s_mov_b32 exec_lo, s42                                     // 00000000AF04: BEFE002A
	v_mul_f32_e32 v238, v190, v62                              // 00000000AF08: 11DC7DBE
	v_lshrrev_b32_e32 v239, 16, v238                           // 00000000AF0C: 33DFDC90
	v_and_b32_e32 v239, 1, v239                                // 00000000AF10: 37DFDE81
	v_add_nc_u32_e32 v240, 0x7fff, v238                        // 00000000AF14: 4BE1DCFF 00007FFF
	v_add_nc_u32_e32 v240, v239, v240                          // 00000000AF1C: 4BE1E1EF
	v_lshrrev_b32_e32 v240, 16, v240                           // 00000000AF20: 33E1E090
	v_add_nc_u32_e32 v241, 12, v6                              // 00000000AF24: 4BE20C8C
	v_lshlrev_b32_e32 v242, 13, v241                           // 00000000AF28: 31E5E28D
	v_add_nc_u32_e32 v242, s24, v242                           // 00000000AF2C: 4BE5E418
	v_lshl_add_u32 v242, v3, 1, v242                           // 00000000AF30: D64600F2 07C90303
	v_add_nc_u32_e32 v242, 0x1e0, v242                         // 00000000AF38: 4BE5E4FF 000001E0
	v_cmp_gt_u32_e32 vcc_lo, s18, v241                         // 00000000AF40: 7C99E212
	s_and_saveexec_b32 s42, vcc_lo                             // 00000000AF44: BEAA206A
	global_store_b16 v242, v240, s[10:11]                      // 00000000AF48: DC660000 000AF0F2
	s_mov_b32 exec_lo, s42                                     // 00000000AF50: BEFE002A
	v_mul_f32_e32 v238, v191, v63                              // 00000000AF54: 11DC7FBF
	v_lshrrev_b32_e32 v239, 16, v238                           // 00000000AF58: 33DFDC90
	v_and_b32_e32 v239, 1, v239                                // 00000000AF5C: 37DFDE81
	v_add_nc_u32_e32 v240, 0x7fff, v238                        // 00000000AF60: 4BE1DCFF 00007FFF
	v_add_nc_u32_e32 v240, v239, v240                          // 00000000AF68: 4BE1E1EF
	v_lshrrev_b32_e32 v240, 16, v240                           // 00000000AF6C: 33E1E090
	v_add_nc_u32_e32 v241, 14, v6                              // 00000000AF70: 4BE20C8E
	v_lshlrev_b32_e32 v242, 13, v241                           // 00000000AF74: 31E5E28D
	v_add_nc_u32_e32 v242, s24, v242                           // 00000000AF78: 4BE5E418
	v_lshl_add_u32 v242, v3, 1, v242                           // 00000000AF7C: D64600F2 07C90303
	v_add_nc_u32_e32 v242, 0x1e0, v242                         // 00000000AF84: 4BE5E4FF 000001E0
	v_cmp_gt_u32_e32 vcc_lo, s18, v241                         // 00000000AF8C: 7C99E212
	s_and_saveexec_b32 s42, vcc_lo                             // 00000000AF90: BEAA206A
	global_store_b16 v242, v240, s[10:11]                      // 00000000AF94: DC660000 000AF0F2
	s_mov_b32 exec_lo, s42                                     // 00000000AF9C: BEFE002A
	s_endpgm                                                   // 00000000AFA0: BFB00000
