
/root/netra-mxfp4-gfx1151/build/sglang/recompute_w_u_ordered_gfx1151.hsaco:	file format elf64-amdgpu

Disassembly of section .text:

0000000000001900 <recompute_w_u_reuse_a_ordered_gfx1151>:
	s_clause 0x5                                               // 000000001900: BF850005
	s_load_b128 s[8:11], s[0:1], null                          // 000000001904: F4080200 F8000000
	s_load_b128 s[12:15], s[0:1], 0x10                         // 00000000190C: F4080300 F8000010
	s_load_b128 s[16:19], s[0:1], 0x20                         // 000000001914: F4080400 F8000020
	s_load_b128 s[20:23], s[0:1], 0x30                         // 00000000191C: F4080500 F8000030
	s_load_b64 s[24:25], s[0:1], 0x40                          // 000000001924: F4040600 F8000040
	s_load_b32 s26, s[0:1], 0x48                               // 00000000192C: F4000680 F8000048
	s_waitcnt lgkmcnt(0)                                       // 000000001934: BF89FC07
	s_lshl_b32 s27, s2, 6                                      // 000000001938: 841B8602
	s_lshl_b32 s36, s3, 7                                      // 00000000193C: 84248703
	v_and_b32_e32 v1, 31, v0                                   // 000000001940: 3602009F
	v_lshrrev_b32_e32 v2, 5, v0                                // 000000001944: 32040085
	v_and_b32_e32 v3, 15, v0                                   // 000000001948: 3606008F
	v_lshrrev_b32_e32 v4, 4, v1                                // 00000000194C: 32080284
	v_and_b32_e32 v96, 7, v0                                   // 000000001950: 36C00087
	v_lshrrev_b32_e32 v97, 3, v0                               // 000000001954: 32C20083
	v_add_nc_u32_e32 v100, 0, v97                              // 000000001958: 4AC8C280
	v_add_nc_u32_e32 v101, s27, v100                           // 00000000195C: 4ACAC81B
	v_lshlrev_b32_e32 v102, 12, v101                           // 000000001960: 30CCCA8C
	v_add_nc_u32_e32 v102, s36, v102                           // 000000001964: 4ACCCC24
	v_lshl_add_u32 v102, v96, 4, v102                          // 000000001968: D6460066 05990960
	global_load_b128 v[108:111], v102, s[18:19]                // 000000001970: DC5E0000 6C120066
	s_waitcnt vmcnt(0)                                         // 000000001978: BF8903F7
	v_lshlrev_b32_e32 v103, 7, v100                            // 00000000197C: 30CEC887
	v_lshl_add_u32 v103, v96, 4, v103                          // 000000001980: D6460067 059D0960
	ds_store_b128 v103, v[108:111]                             // 000000001988: DB7C0000 00006C67
	v_add_nc_u32_e32 v100, 8, v97                              // 000000001990: 4AC8C288
	v_add_nc_u32_e32 v101, s27, v100                           // 000000001994: 4ACAC81B
	v_lshlrev_b32_e32 v102, 12, v101                           // 000000001998: 30CCCA8C
	v_add_nc_u32_e32 v102, s36, v102                           // 00000000199C: 4ACCCC24
	v_lshl_add_u32 v102, v96, 4, v102                          // 0000000019A0: D6460066 05990960
	global_load_b128 v[108:111], v102, s[18:19]                // 0000000019A8: DC5E0000 6C120066
	s_waitcnt vmcnt(0)                                         // 0000000019B0: BF8903F7
	v_lshlrev_b32_e32 v103, 7, v100                            // 0000000019B4: 30CEC887
	v_lshl_add_u32 v103, v96, 4, v103                          // 0000000019B8: D6460067 059D0960
	ds_store_b128 v103, v[108:111]                             // 0000000019C0: DB7C0000 00006C67
	v_add_nc_u32_e32 v100, 16, v97                             // 0000000019C8: 4AC8C290
	v_add_nc_u32_e32 v101, s27, v100                           // 0000000019CC: 4ACAC81B
	v_lshlrev_b32_e32 v102, 12, v101                           // 0000000019D0: 30CCCA8C
	v_add_nc_u32_e32 v102, s36, v102                           // 0000000019D4: 4ACCCC24
	v_lshl_add_u32 v102, v96, 4, v102                          // 0000000019D8: D6460066 05990960
	global_load_b128 v[108:111], v102, s[18:19]                // 0000000019E0: DC5E0000 6C120066
	s_waitcnt vmcnt(0)                                         // 0000000019E8: BF8903F7
	v_lshlrev_b32_e32 v103, 7, v100                            // 0000000019EC: 30CEC887
	v_lshl_add_u32 v103, v96, 4, v103                          // 0000000019F0: D6460067 059D0960
	ds_store_b128 v103, v[108:111]                             // 0000000019F8: DB7C0000 00006C67
	v_add_nc_u32_e32 v100, 24, v97                             // 000000001A00: 4AC8C298
	v_add_nc_u32_e32 v101, s27, v100                           // 000000001A04: 4ACAC81B
	v_lshlrev_b32_e32 v102, 12, v101                           // 000000001A08: 30CCCA8C
	v_add_nc_u32_e32 v102, s36, v102                           // 000000001A0C: 4ACCCC24
	v_lshl_add_u32 v102, v96, 4, v102                          // 000000001A10: D6460066 05990960
	global_load_b128 v[108:111], v102, s[18:19]                // 000000001A18: DC5E0000 6C120066
	s_waitcnt vmcnt(0)                                         // 000000001A20: BF8903F7
	v_lshlrev_b32_e32 v103, 7, v100                            // 000000001A24: 30CEC887
	v_lshl_add_u32 v103, v96, 4, v103                          // 000000001A28: D6460067 059D0960
	ds_store_b128 v103, v[108:111]                             // 000000001A30: DB7C0000 00006C67
	v_add_nc_u32_e32 v100, 32, v97                             // 000000001A38: 4AC8C2A0
	v_add_nc_u32_e32 v101, s27, v100                           // 000000001A3C: 4ACAC81B
	v_lshlrev_b32_e32 v102, 12, v101                           // 000000001A40: 30CCCA8C
	v_add_nc_u32_e32 v102, s36, v102                           // 000000001A44: 4ACCCC24
	v_lshl_add_u32 v102, v96, 4, v102                          // 000000001A48: D6460066 05990960
	global_load_b128 v[108:111], v102, s[18:19]                // 000000001A50: DC5E0000 6C120066
	s_waitcnt vmcnt(0)                                         // 000000001A58: BF8903F7
	v_lshlrev_b32_e32 v103, 7, v100                            // 000000001A5C: 30CEC887
	v_lshl_add_u32 v103, v96, 4, v103                          // 000000001A60: D6460067 059D0960
	ds_store_b128 v103, v[108:111]                             // 000000001A68: DB7C0000 00006C67
	v_add_nc_u32_e32 v100, 40, v97                             // 000000001A70: 4AC8C2A8
	v_add_nc_u32_e32 v101, s27, v100                           // 000000001A74: 4ACAC81B
	v_lshlrev_b32_e32 v102, 12, v101                           // 000000001A78: 30CCCA8C
	v_add_nc_u32_e32 v102, s36, v102                           // 000000001A7C: 4ACCCC24
	v_lshl_add_u32 v102, v96, 4, v102                          // 000000001A80: D6460066 05990960
	global_load_b128 v[108:111], v102, s[18:19]                // 000000001A88: DC5E0000 6C120066
	s_waitcnt vmcnt(0)                                         // 000000001A90: BF8903F7
	v_lshlrev_b32_e32 v103, 7, v100                            // 000000001A94: 30CEC887
	v_lshl_add_u32 v103, v96, 4, v103                          // 000000001A98: D6460067 059D0960
	ds_store_b128 v103, v[108:111]                             // 000000001AA0: DB7C0000 00006C67
	v_add_nc_u32_e32 v100, 48, v97                             // 000000001AA8: 4AC8C2B0
	v_add_nc_u32_e32 v101, s27, v100                           // 000000001AAC: 4ACAC81B
	v_lshlrev_b32_e32 v102, 12, v101                           // 000000001AB0: 30CCCA8C
	v_add_nc_u32_e32 v102, s36, v102                           // 000000001AB4: 4ACCCC24
	v_lshl_add_u32 v102, v96, 4, v102                          // 000000001AB8: D6460066 05990960
	global_load_b128 v[108:111], v102, s[18:19]                // 000000001AC0: DC5E0000 6C120066
	s_waitcnt vmcnt(0)                                         // 000000001AC8: BF8903F7
	v_lshlrev_b32_e32 v103, 7, v100                            // 000000001ACC: 30CEC887
	v_lshl_add_u32 v103, v96, 4, v103                          // 000000001AD0: D6460067 059D0960
	ds_store_b128 v103, v[108:111]                             // 000000001AD8: DB7C0000 00006C67
	v_add_nc_u32_e32 v100, 56, v97                             // 000000001AE0: 4AC8C2B8
	v_add_nc_u32_e32 v101, s27, v100                           // 000000001AE4: 4ACAC81B
	v_lshlrev_b32_e32 v102, 12, v101                           // 000000001AE8: 30CCCA8C
	v_add_nc_u32_e32 v102, s36, v102                           // 000000001AEC: 4ACCCC24
	v_lshl_add_u32 v102, v96, 4, v102                          // 000000001AF0: D6460066 05990960
	global_load_b128 v[108:111], v102, s[18:19]                // 000000001AF8: DC5E0000 6C120066
	s_waitcnt vmcnt(0)                                         // 000000001B00: BF8903F7
	v_lshlrev_b32_e32 v103, 7, v100                            // 000000001B04: 30CEC887
	v_lshl_add_u32 v103, v96, 4, v103                          // 000000001B08: D6460067 059D0960
	ds_store_b128 v103, v[108:111]                             // 000000001B10: DB7C0000 00006C67
	s_waitcnt lgkmcnt(0)                                       // 000000001B18: BF89FC07
	s_barrier                                                  // 000000001B1C: BFBD0000
	v_lshlrev_b32_e32 v5, 11, v2                               // 000000001B20: 300A048B
	v_lshl_add_u32 v5, v3, 7, v5                               // 000000001B24: D6460005 04150F03
	v_lshl_add_u32 v5, v4, 4, v5                               // 000000001B2C: D6460005 04150904
	v_add_nc_u32_e32 v7, 0x1000, v5                            // 000000001B34: 4A0E0AFF 00001000
	v_lshlrev_b32_e32 v6, 4, v2                                // 000000001B3C: 300C0484
	v_add_nc_u32_e32 v6, v4, v6                                // 000000001B40: 4A0C0D04
	v_and_b32_e32 v96, 7, v0                                   // 000000001B44: 36C00087
	v_lshrrev_b32_e32 v97, 3, v0                               // 000000001B48: 32C20083
	s_lshl_b32 s35, s3, 8                                      // 000000001B4C: 84238803
	s_add_u32 s35, s35, 0                                      // 000000001B50: 80238023
	s_mov_b32 s37, s35                                         // 000000001B54: BEA50023
	v_add_nc_u32_e32 v100, 0, v97                              // 000000001B58: 4AC8C280
	v_add_nc_u32_e32 v101, s27, v100                           // 000000001B5C: 4ACAC81B
	v_lshlrev_b32_e32 v102, 13, v101                           // 000000001B60: 30CCCA8D
	v_add_nc_u32_e32 v102, s35, v102                           // 000000001B64: 4ACCCC23
	v_lshl_add_u32 v102, v96, 4, v102                          // 000000001B68: D6460066 05990960
	global_load_b128 v[108:111], v102, s[10:11]                // 000000001B70: DC5E0000 6C0A0066
	v_lshlrev_b32_e32 v104, 7, v101                            // 000000001B78: 30D0CA87
	v_lshl_add_u32 v104, s3, 2, v104                           // 000000001B7C: D6460068 05A10403
	global_load_b32 v112, v104, s[12:13]                       // 000000001B84: DC520000 700C0068
	s_waitcnt vmcnt(0)                                         // 000000001B8C: BF8903F7
	v_lshlrev_b32_e32 v114, 16, v108                           // 000000001B90: 30E4D890
	v_and_b32_e32 v115, 0xffff0000, v108                       // 000000001B94: 36E6D8FF FFFF0000
	v_mul_f32_e32 v114, v112, v114                             // 000000001B9C: 10E4E570
	v_mul_f32_e32 v115, v112, v115                             // 000000001BA0: 10E6E770
	v_lshrrev_b32_e32 v116, 16, v114                           // 000000001BA4: 32E8E490
	v_and_b32_e32 v116, 1, v116                                // 000000001BA8: 36E8E881
	v_add_nc_u32_e32 v114, 0x7fff, v114                        // 000000001BAC: 4AE4E4FF 00007FFF
	v_add_nc_u32_e32 v114, v116, v114                          // 000000001BB4: 4AE4E574
	v_lshrrev_b32_e32 v114, 16, v114                           // 000000001BB8: 32E4E490
	v_lshrrev_b32_e32 v116, 16, v115                           // 000000001BBC: 32E8E690
	v_and_b32_e32 v116, 1, v116                                // 000000001BC0: 36E8E881
	v_add_nc_u32_e32 v115, 0x7fff, v115                        // 000000001BC4: 4AE6E6FF 00007FFF
	v_add_nc_u32_e32 v115, v116, v115                          // 000000001BCC: 4AE6E774
	v_and_b32_e32 v115, 0xffff0000, v115                       // 000000001BD0: 36E6E6FF FFFF0000
	v_or_b32_e32 v108, v114, v115                              // 000000001BD8: 38D8E772
	v_lshlrev_b32_e32 v114, 16, v109                           // 000000001BDC: 30E4DA90
	v_and_b32_e32 v115, 0xffff0000, v109                       // 000000001BE0: 36E6DAFF FFFF0000
	v_mul_f32_e32 v114, v112, v114                             // 000000001BE8: 10E4E570
	v_mul_f32_e32 v115, v112, v115                             // 000000001BEC: 10E6E770
	v_lshrrev_b32_e32 v116, 16, v114                           // 000000001BF0: 32E8E490
	v_and_b32_e32 v116, 1, v116                                // 000000001BF4: 36E8E881
	v_add_nc_u32_e32 v114, 0x7fff, v114                        // 000000001BF8: 4AE4E4FF 00007FFF
	v_add_nc_u32_e32 v114, v116, v114                          // 000000001C00: 4AE4E574
	v_lshrrev_b32_e32 v114, 16, v114                           // 000000001C04: 32E4E490
	v_lshrrev_b32_e32 v116, 16, v115                           // 000000001C08: 32E8E690
	v_and_b32_e32 v116, 1, v116                                // 000000001C0C: 36E8E881
	v_add_nc_u32_e32 v115, 0x7fff, v115                        // 000000001C10: 4AE6E6FF 00007FFF
	v_add_nc_u32_e32 v115, v116, v115                          // 000000001C18: 4AE6E774
	v_and_b32_e32 v115, 0xffff0000, v115                       // 000000001C1C: 36E6E6FF FFFF0000
	v_or_b32_e32 v109, v114, v115                              // 000000001C24: 38DAE772
	v_lshlrev_b32_e32 v114, 16, v110                           // 000000001C28: 30E4DC90
	v_and_b32_e32 v115, 0xffff0000, v110                       // 000000001C2C: 36E6DCFF FFFF0000
	v_mul_f32_e32 v114, v112, v114                             // 000000001C34: 10E4E570
	v_mul_f32_e32 v115, v112, v115                             // 000000001C38: 10E6E770
	v_lshrrev_b32_e32 v116, 16, v114                           // 000000001C3C: 32E8E490
	v_and_b32_e32 v116, 1, v116                                // 000000001C40: 36E8E881
	v_add_nc_u32_e32 v114, 0x7fff, v114                        // 000000001C44: 4AE4E4FF 00007FFF
	v_add_nc_u32_e32 v114, v116, v114                          // 000000001C4C: 4AE4E574
	v_lshrrev_b32_e32 v114, 16, v114                           // 000000001C50: 32E4E490
	v_lshrrev_b32_e32 v116, 16, v115                           // 000000001C54: 32E8E690
	v_and_b32_e32 v116, 1, v116                                // 000000001C58: 36E8E881
	v_add_nc_u32_e32 v115, 0x7fff, v115                        // 000000001C5C: 4AE6E6FF 00007FFF
	v_add_nc_u32_e32 v115, v116, v115                          // 000000001C64: 4AE6E774
	v_and_b32_e32 v115, 0xffff0000, v115                       // 000000001C68: 36E6E6FF FFFF0000
	v_or_b32_e32 v110, v114, v115                              // 000000001C70: 38DCE772
	v_lshlrev_b32_e32 v114, 16, v111                           // 000000001C74: 30E4DE90
	v_and_b32_e32 v115, 0xffff0000, v111                       // 000000001C78: 36E6DEFF FFFF0000
	v_mul_f32_e32 v114, v112, v114                             // 000000001C80: 10E4E570
	v_mul_f32_e32 v115, v112, v115                             // 000000001C84: 10E6E770
	v_lshrrev_b32_e32 v116, 16, v114                           // 000000001C88: 32E8E490
	v_and_b32_e32 v116, 1, v116                                // 000000001C8C: 36E8E881
	v_add_nc_u32_e32 v114, 0x7fff, v114                        // 000000001C90: 4AE4E4FF 00007FFF
	v_add_nc_u32_e32 v114, v116, v114                          // 000000001C98: 4AE4E574
	v_lshrrev_b32_e32 v114, 16, v114                           // 000000001C9C: 32E4E490
	v_lshrrev_b32_e32 v116, 16, v115                           // 000000001CA0: 32E8E690
	v_and_b32_e32 v116, 1, v116                                // 000000001CA4: 36E8E881
	v_add_nc_u32_e32 v115, 0x7fff, v115                        // 000000001CA8: 4AE6E6FF 00007FFF
	v_add_nc_u32_e32 v115, v116, v115                          // 000000001CB0: 4AE6E774
	v_and_b32_e32 v115, 0xffff0000, v115                       // 000000001CB4: 36E6E6FF FFFF0000
	v_or_b32_e32 v111, v114, v115                              // 000000001CBC: 38DEE772
	v_lshlrev_b32_e32 v103, 7, v100                            // 000000001CC0: 30CEC887
	v_lshl_add_u32 v103, v96, 4, v103                          // 000000001CC4: D6460067 059D0960
	v_add_nc_u32_e32 v103, 0x2000, v103                        // 000000001CCC: 4ACECEFF 00002000
	ds_store_b128 v103, v[108:111]                             // 000000001CD4: DB7C0000 00006C67
	v_add_nc_u32_e32 v100, 8, v97                              // 000000001CDC: 4AC8C288
	v_add_nc_u32_e32 v101, s27, v100                           // 000000001CE0: 4ACAC81B
	v_lshlrev_b32_e32 v102, 13, v101                           // 000000001CE4: 30CCCA8D
	v_add_nc_u32_e32 v102, s35, v102                           // 000000001CE8: 4ACCCC23
	v_lshl_add_u32 v102, v96, 4, v102                          // 000000001CEC: D6460066 05990960
	global_load_b128 v[108:111], v102, s[10:11]                // 000000001CF4: DC5E0000 6C0A0066
	v_lshlrev_b32_e32 v104, 7, v101                            // 000000001CFC: 30D0CA87
	v_lshl_add_u32 v104, s3, 2, v104                           // 000000001D00: D6460068 05A10403
	global_load_b32 v112, v104, s[12:13]                       // 000000001D08: DC520000 700C0068
	s_waitcnt vmcnt(0)                                         // 000000001D10: BF8903F7
	v_lshlrev_b32_e32 v114, 16, v108                           // 000000001D14: 30E4D890
	v_and_b32_e32 v115, 0xffff0000, v108                       // 000000001D18: 36E6D8FF FFFF0000
	v_mul_f32_e32 v114, v112, v114                             // 000000001D20: 10E4E570
	v_mul_f32_e32 v115, v112, v115                             // 000000001D24: 10E6E770
	v_lshrrev_b32_e32 v116, 16, v114                           // 000000001D28: 32E8E490
	v_and_b32_e32 v116, 1, v116                                // 000000001D2C: 36E8E881
	v_add_nc_u32_e32 v114, 0x7fff, v114                        // 000000001D30: 4AE4E4FF 00007FFF
	v_add_nc_u32_e32 v114, v116, v114                          // 000000001D38: 4AE4E574
	v_lshrrev_b32_e32 v114, 16, v114                           // 000000001D3C: 32E4E490
	v_lshrrev_b32_e32 v116, 16, v115                           // 000000001D40: 32E8E690
	v_and_b32_e32 v116, 1, v116                                // 000000001D44: 36E8E881
	v_add_nc_u32_e32 v115, 0x7fff, v115                        // 000000001D48: 4AE6E6FF 00007FFF
	v_add_nc_u32_e32 v115, v116, v115                          // 000000001D50: 4AE6E774
	v_and_b32_e32 v115, 0xffff0000, v115                       // 000000001D54: 36E6E6FF FFFF0000
	v_or_b32_e32 v108, v114, v115                              // 000000001D5C: 38D8E772
	v_lshlrev_b32_e32 v114, 16, v109                           // 000000001D60: 30E4DA90
	v_and_b32_e32 v115, 0xffff0000, v109                       // 000000001D64: 36E6DAFF FFFF0000
	v_mul_f32_e32 v114, v112, v114                             // 000000001D6C: 10E4E570
	v_mul_f32_e32 v115, v112, v115                             // 000000001D70: 10E6E770
	v_lshrrev_b32_e32 v116, 16, v114                           // 000000001D74: 32E8E490
	v_and_b32_e32 v116, 1, v116                                // 000000001D78: 36E8E881
	v_add_nc_u32_e32 v114, 0x7fff, v114                        // 000000001D7C: 4AE4E4FF 00007FFF
	v_add_nc_u32_e32 v114, v116, v114                          // 000000001D84: 4AE4E574
	v_lshrrev_b32_e32 v114, 16, v114                           // 000000001D88: 32E4E490
	v_lshrrev_b32_e32 v116, 16, v115                           // 000000001D8C: 32E8E690
	v_and_b32_e32 v116, 1, v116                                // 000000001D90: 36E8E881
	v_add_nc_u32_e32 v115, 0x7fff, v115                        // 000000001D94: 4AE6E6FF 00007FFF
	v_add_nc_u32_e32 v115, v116, v115                          // 000000001D9C: 4AE6E774
	v_and_b32_e32 v115, 0xffff0000, v115                       // 000000001DA0: 36E6E6FF FFFF0000
	v_or_b32_e32 v109, v114, v115                              // 000000001DA8: 38DAE772
	v_lshlrev_b32_e32 v114, 16, v110                           // 000000001DAC: 30E4DC90
	v_and_b32_e32 v115, 0xffff0000, v110                       // 000000001DB0: 36E6DCFF FFFF0000
	v_mul_f32_e32 v114, v112, v114                             // 000000001DB8: 10E4E570
	v_mul_f32_e32 v115, v112, v115                             // 000000001DBC: 10E6E770
	v_lshrrev_b32_e32 v116, 16, v114                           // 000000001DC0: 32E8E490
	v_and_b32_e32 v116, 1, v116                                // 000000001DC4: 36E8E881
	v_add_nc_u32_e32 v114, 0x7fff, v114                        // 000000001DC8: 4AE4E4FF 00007FFF
	v_add_nc_u32_e32 v114, v116, v114                          // 000000001DD0: 4AE4E574
	v_lshrrev_b32_e32 v114, 16, v114                           // 000000001DD4: 32E4E490
	v_lshrrev_b32_e32 v116, 16, v115                           // 000000001DD8: 32E8E690
	v_and_b32_e32 v116, 1, v116                                // 000000001DDC: 36E8E881
	v_add_nc_u32_e32 v115, 0x7fff, v115                        // 000000001DE0: 4AE6E6FF 00007FFF
	v_add_nc_u32_e32 v115, v116, v115                          // 000000001DE8: 4AE6E774
	v_and_b32_e32 v115, 0xffff0000, v115                       // 000000001DEC: 36E6E6FF FFFF0000
	v_or_b32_e32 v110, v114, v115                              // 000000001DF4: 38DCE772
	v_lshlrev_b32_e32 v114, 16, v111                           // 000000001DF8: 30E4DE90
	v_and_b32_e32 v115, 0xffff0000, v111                       // 000000001DFC: 36E6DEFF FFFF0000
	v_mul_f32_e32 v114, v112, v114                             // 000000001E04: 10E4E570
	v_mul_f32_e32 v115, v112, v115                             // 000000001E08: 10E6E770
	v_lshrrev_b32_e32 v116, 16, v114                           // 000000001E0C: 32E8E490
	v_and_b32_e32 v116, 1, v116                                // 000000001E10: 36E8E881
	v_add_nc_u32_e32 v114, 0x7fff, v114                        // 000000001E14: 4AE4E4FF 00007FFF
	v_add_nc_u32_e32 v114, v116, v114                          // 000000001E1C: 4AE4E574
	v_lshrrev_b32_e32 v114, 16, v114                           // 000000001E20: 32E4E490
	v_lshrrev_b32_e32 v116, 16, v115                           // 000000001E24: 32E8E690
	v_and_b32_e32 v116, 1, v116                                // 000000001E28: 36E8E881
	v_add_nc_u32_e32 v115, 0x7fff, v115                        // 000000001E2C: 4AE6E6FF 00007FFF
	v_add_nc_u32_e32 v115, v116, v115                          // 000000001E34: 4AE6E774
	v_and_b32_e32 v115, 0xffff0000, v115                       // 000000001E38: 36E6E6FF FFFF0000
	v_or_b32_e32 v111, v114, v115                              // 000000001E40: 38DEE772
	v_lshlrev_b32_e32 v103, 7, v100                            // 000000001E44: 30CEC887
	v_lshl_add_u32 v103, v96, 4, v103                          // 000000001E48: D6460067 059D0960
	v_add_nc_u32_e32 v103, 0x2000, v103                        // 000000001E50: 4ACECEFF 00002000
	ds_store_b128 v103, v[108:111]                             // 000000001E58: DB7C0000 00006C67
	v_add_nc_u32_e32 v100, 16, v97                             // 000000001E60: 4AC8C290
	v_add_nc_u32_e32 v101, s27, v100                           // 000000001E64: 4ACAC81B
	v_lshlrev_b32_e32 v102, 13, v101                           // 000000001E68: 30CCCA8D
	v_add_nc_u32_e32 v102, s35, v102                           // 000000001E6C: 4ACCCC23
	v_lshl_add_u32 v102, v96, 4, v102                          // 000000001E70: D6460066 05990960
	global_load_b128 v[108:111], v102, s[10:11]                // 000000001E78: DC5E0000 6C0A0066
	v_lshlrev_b32_e32 v104, 7, v101                            // 000000001E80: 30D0CA87
	v_lshl_add_u32 v104, s3, 2, v104                           // 000000001E84: D6460068 05A10403
	global_load_b32 v112, v104, s[12:13]                       // 000000001E8C: DC520000 700C0068
	s_waitcnt vmcnt(0)                                         // 000000001E94: BF8903F7
	v_lshlrev_b32_e32 v114, 16, v108                           // 000000001E98: 30E4D890
	v_and_b32_e32 v115, 0xffff0000, v108                       // 000000001E9C: 36E6D8FF FFFF0000
	v_mul_f32_e32 v114, v112, v114                             // 000000001EA4: 10E4E570
	v_mul_f32_e32 v115, v112, v115                             // 000000001EA8: 10E6E770
	v_lshrrev_b32_e32 v116, 16, v114                           // 000000001EAC: 32E8E490
	v_and_b32_e32 v116, 1, v116                                // 000000001EB0: 36E8E881
	v_add_nc_u32_e32 v114, 0x7fff, v114                        // 000000001EB4: 4AE4E4FF 00007FFF
	v_add_nc_u32_e32 v114, v116, v114                          // 000000001EBC: 4AE4E574
	v_lshrrev_b32_e32 v114, 16, v114                           // 000000001EC0: 32E4E490
	v_lshrrev_b32_e32 v116, 16, v115                           // 000000001EC4: 32E8E690
	v_and_b32_e32 v116, 1, v116                                // 000000001EC8: 36E8E881
	v_add_nc_u32_e32 v115, 0x7fff, v115                        // 000000001ECC: 4AE6E6FF 00007FFF
	v_add_nc_u32_e32 v115, v116, v115                          // 000000001ED4: 4AE6E774
	v_and_b32_e32 v115, 0xffff0000, v115                       // 000000001ED8: 36E6E6FF FFFF0000
	v_or_b32_e32 v108, v114, v115                              // 000000001EE0: 38D8E772
	v_lshlrev_b32_e32 v114, 16, v109                           // 000000001EE4: 30E4DA90
	v_and_b32_e32 v115, 0xffff0000, v109                       // 000000001EE8: 36E6DAFF FFFF0000
	v_mul_f32_e32 v114, v112, v114                             // 000000001EF0: 10E4E570
	v_mul_f32_e32 v115, v112, v115                             // 000000001EF4: 10E6E770
	v_lshrrev_b32_e32 v116, 16, v114                           // 000000001EF8: 32E8E490
	v_and_b32_e32 v116, 1, v116                                // 000000001EFC: 36E8E881
	v_add_nc_u32_e32 v114, 0x7fff, v114                        // 000000001F00: 4AE4E4FF 00007FFF
	v_add_nc_u32_e32 v114, v116, v114                          // 000000001F08: 4AE4E574
	v_lshrrev_b32_e32 v114, 16, v114                           // 000000001F0C: 32E4E490
	v_lshrrev_b32_e32 v116, 16, v115                           // 000000001F10: 32E8E690
	v_and_b32_e32 v116, 1, v116                                // 000000001F14: 36E8E881
	v_add_nc_u32_e32 v115, 0x7fff, v115                        // 000000001F18: 4AE6E6FF 00007FFF
	v_add_nc_u32_e32 v115, v116, v115                          // 000000001F20: 4AE6E774
	v_and_b32_e32 v115, 0xffff0000, v115                       // 000000001F24: 36E6E6FF FFFF0000
	v_or_b32_e32 v109, v114, v115                              // 000000001F2C: 38DAE772
	v_lshlrev_b32_e32 v114, 16, v110                           // 000000001F30: 30E4DC90
	v_and_b32_e32 v115, 0xffff0000, v110                       // 000000001F34: 36E6DCFF FFFF0000
	v_mul_f32_e32 v114, v112, v114                             // 000000001F3C: 10E4E570
	v_mul_f32_e32 v115, v112, v115                             // 000000001F40: 10E6E770
	v_lshrrev_b32_e32 v116, 16, v114                           // 000000001F44: 32E8E490
	v_and_b32_e32 v116, 1, v116                                // 000000001F48: 36E8E881
	v_add_nc_u32_e32 v114, 0x7fff, v114                        // 000000001F4C: 4AE4E4FF 00007FFF
	v_add_nc_u32_e32 v114, v116, v114                          // 000000001F54: 4AE4E574
	v_lshrrev_b32_e32 v114, 16, v114                           // 000000001F58: 32E4E490
	v_lshrrev_b32_e32 v116, 16, v115                           // 000000001F5C: 32E8E690
	v_and_b32_e32 v116, 1, v116                                // 000000001F60: 36E8E881
	v_add_nc_u32_e32 v115, 0x7fff, v115                        // 000000001F64: 4AE6E6FF 00007FFF
	v_add_nc_u32_e32 v115, v116, v115                          // 000000001F6C: 4AE6E774
	v_and_b32_e32 v115, 0xffff0000, v115                       // 000000001F70: 36E6E6FF FFFF0000
	v_or_b32_e32 v110, v114, v115                              // 000000001F78: 38DCE772
	v_lshlrev_b32_e32 v114, 16, v111                           // 000000001F7C: 30E4DE90
	v_and_b32_e32 v115, 0xffff0000, v111                       // 000000001F80: 36E6DEFF FFFF0000
	v_mul_f32_e32 v114, v112, v114                             // 000000001F88: 10E4E570
	v_mul_f32_e32 v115, v112, v115                             // 000000001F8C: 10E6E770
	v_lshrrev_b32_e32 v116, 16, v114                           // 000000001F90: 32E8E490
	v_and_b32_e32 v116, 1, v116                                // 000000001F94: 36E8E881
	v_add_nc_u32_e32 v114, 0x7fff, v114                        // 000000001F98: 4AE4E4FF 00007FFF
	v_add_nc_u32_e32 v114, v116, v114                          // 000000001FA0: 4AE4E574
	v_lshrrev_b32_e32 v114, 16, v114                           // 000000001FA4: 32E4E490
	v_lshrrev_b32_e32 v116, 16, v115                           // 000000001FA8: 32E8E690
	v_and_b32_e32 v116, 1, v116                                // 000000001FAC: 36E8E881
	v_add_nc_u32_e32 v115, 0x7fff, v115                        // 000000001FB0: 4AE6E6FF 00007FFF
	v_add_nc_u32_e32 v115, v116, v115                          // 000000001FB8: 4AE6E774
	v_and_b32_e32 v115, 0xffff0000, v115                       // 000000001FBC: 36E6E6FF FFFF0000
	v_or_b32_e32 v111, v114, v115                              // 000000001FC4: 38DEE772
	v_lshlrev_b32_e32 v103, 7, v100                            // 000000001FC8: 30CEC887
	v_lshl_add_u32 v103, v96, 4, v103                          // 000000001FCC: D6460067 059D0960
	v_add_nc_u32_e32 v103, 0x2000, v103                        // 000000001FD4: 4ACECEFF 00002000
	ds_store_b128 v103, v[108:111]                             // 000000001FDC: DB7C0000 00006C67
	v_add_nc_u32_e32 v100, 24, v97                             // 000000001FE4: 4AC8C298
	v_add_nc_u32_e32 v101, s27, v100                           // 000000001FE8: 4ACAC81B
	v_lshlrev_b32_e32 v102, 13, v101                           // 000000001FEC: 30CCCA8D
	v_add_nc_u32_e32 v102, s35, v102                           // 000000001FF0: 4ACCCC23
	v_lshl_add_u32 v102, v96, 4, v102                          // 000000001FF4: D6460066 05990960
	global_load_b128 v[108:111], v102, s[10:11]                // 000000001FFC: DC5E0000 6C0A0066
	v_lshlrev_b32_e32 v104, 7, v101                            // 000000002004: 30D0CA87
	v_lshl_add_u32 v104, s3, 2, v104                           // 000000002008: D6460068 05A10403
	global_load_b32 v112, v104, s[12:13]                       // 000000002010: DC520000 700C0068
	s_waitcnt vmcnt(0)                                         // 000000002018: BF8903F7
	v_lshlrev_b32_e32 v114, 16, v108                           // 00000000201C: 30E4D890
	v_and_b32_e32 v115, 0xffff0000, v108                       // 000000002020: 36E6D8FF FFFF0000
	v_mul_f32_e32 v114, v112, v114                             // 000000002028: 10E4E570
	v_mul_f32_e32 v115, v112, v115                             // 00000000202C: 10E6E770
	v_lshrrev_b32_e32 v116, 16, v114                           // 000000002030: 32E8E490
	v_and_b32_e32 v116, 1, v116                                // 000000002034: 36E8E881
	v_add_nc_u32_e32 v114, 0x7fff, v114                        // 000000002038: 4AE4E4FF 00007FFF
	v_add_nc_u32_e32 v114, v116, v114                          // 000000002040: 4AE4E574
	v_lshrrev_b32_e32 v114, 16, v114                           // 000000002044: 32E4E490
	v_lshrrev_b32_e32 v116, 16, v115                           // 000000002048: 32E8E690
	v_and_b32_e32 v116, 1, v116                                // 00000000204C: 36E8E881
	v_add_nc_u32_e32 v115, 0x7fff, v115                        // 000000002050: 4AE6E6FF 00007FFF
	v_add_nc_u32_e32 v115, v116, v115                          // 000000002058: 4AE6E774
	v_and_b32_e32 v115, 0xffff0000, v115                       // 00000000205C: 36E6E6FF FFFF0000
	v_or_b32_e32 v108, v114, v115                              // 000000002064: 38D8E772
	v_lshlrev_b32_e32 v114, 16, v109                           // 000000002068: 30E4DA90
	v_and_b32_e32 v115, 0xffff0000, v109                       // 00000000206C: 36E6DAFF FFFF0000
	v_mul_f32_e32 v114, v112, v114                             // 000000002074: 10E4E570
	v_mul_f32_e32 v115, v112, v115                             // 000000002078: 10E6E770
	v_lshrrev_b32_e32 v116, 16, v114                           // 00000000207C: 32E8E490
	v_and_b32_e32 v116, 1, v116                                // 000000002080: 36E8E881
	v_add_nc_u32_e32 v114, 0x7fff, v114                        // 000000002084: 4AE4E4FF 00007FFF
	v_add_nc_u32_e32 v114, v116, v114                          // 00000000208C: 4AE4E574
	v_lshrrev_b32_e32 v114, 16, v114                           // 000000002090: 32E4E490
	v_lshrrev_b32_e32 v116, 16, v115                           // 000000002094: 32E8E690
	v_and_b32_e32 v116, 1, v116                                // 000000002098: 36E8E881
	v_add_nc_u32_e32 v115, 0x7fff, v115                        // 00000000209C: 4AE6E6FF 00007FFF
	v_add_nc_u32_e32 v115, v116, v115                          // 0000000020A4: 4AE6E774
	v_and_b32_e32 v115, 0xffff0000, v115                       // 0000000020A8: 36E6E6FF FFFF0000
	v_or_b32_e32 v109, v114, v115                              // 0000000020B0: 38DAE772
	v_lshlrev_b32_e32 v114, 16, v110                           // 0000000020B4: 30E4DC90
	v_and_b32_e32 v115, 0xffff0000, v110                       // 0000000020B8: 36E6DCFF FFFF0000
	v_mul_f32_e32 v114, v112, v114                             // 0000000020C0: 10E4E570
	v_mul_f32_e32 v115, v112, v115                             // 0000000020C4: 10E6E770
	v_lshrrev_b32_e32 v116, 16, v114                           // 0000000020C8: 32E8E490
	v_and_b32_e32 v116, 1, v116                                // 0000000020CC: 36E8E881
	v_add_nc_u32_e32 v114, 0x7fff, v114                        // 0000000020D0: 4AE4E4FF 00007FFF
	v_add_nc_u32_e32 v114, v116, v114                          // 0000000020D8: 4AE4E574
	v_lshrrev_b32_e32 v114, 16, v114                           // 0000000020DC: 32E4E490
	v_lshrrev_b32_e32 v116, 16, v115                           // 0000000020E0: 32E8E690
	v_and_b32_e32 v116, 1, v116                                // 0000000020E4: 36E8E881
	v_add_nc_u32_e32 v115, 0x7fff, v115                        // 0000000020E8: 4AE6E6FF 00007FFF
	v_add_nc_u32_e32 v115, v116, v115                          // 0000000020F0: 4AE6E774
	v_and_b32_e32 v115, 0xffff0000, v115                       // 0000000020F4: 36E6E6FF FFFF0000
	v_or_b32_e32 v110, v114, v115                              // 0000000020FC: 38DCE772
	v_lshlrev_b32_e32 v114, 16, v111                           // 000000002100: 30E4DE90
	v_and_b32_e32 v115, 0xffff0000, v111                       // 000000002104: 36E6DEFF FFFF0000
	v_mul_f32_e32 v114, v112, v114                             // 00000000210C: 10E4E570
	v_mul_f32_e32 v115, v112, v115                             // 000000002110: 10E6E770
	v_lshrrev_b32_e32 v116, 16, v114                           // 000000002114: 32E8E490
	v_and_b32_e32 v116, 1, v116                                // 000000002118: 36E8E881
	v_add_nc_u32_e32 v114, 0x7fff, v114                        // 00000000211C: 4AE4E4FF 00007FFF
	v_add_nc_u32_e32 v114, v116, v114                          // 000000002124: 4AE4E574
	v_lshrrev_b32_e32 v114, 16, v114                           // 000000002128: 32E4E490
	v_lshrrev_b32_e32 v116, 16, v115                           // 00000000212C: 32E8E690
	v_and_b32_e32 v116, 1, v116                                // 000000002130: 36E8E881
	v_add_nc_u32_e32 v115, 0x7fff, v115                        // 000000002134: 4AE6E6FF 00007FFF
	v_add_nc_u32_e32 v115, v116, v115                          // 00000000213C: 4AE6E774
	v_and_b32_e32 v115, 0xffff0000, v115                       // 000000002140: 36E6E6FF FFFF0000
	v_or_b32_e32 v111, v114, v115                              // 000000002148: 38DEE772
	v_lshlrev_b32_e32 v103, 7, v100                            // 00000000214C: 30CEC887
	v_lshl_add_u32 v103, v96, 4, v103                          // 000000002150: D6460067 059D0960
	v_add_nc_u32_e32 v103, 0x2000, v103                        // 000000002158: 4ACECEFF 00002000
	ds_store_b128 v103, v[108:111]                             // 000000002160: DB7C0000 00006C67
	v_add_nc_u32_e32 v100, 32, v97                             // 000000002168: 4AC8C2A0
	v_add_nc_u32_e32 v101, s27, v100                           // 00000000216C: 4ACAC81B
	v_lshlrev_b32_e32 v102, 13, v101                           // 000000002170: 30CCCA8D
	v_add_nc_u32_e32 v102, s35, v102                           // 000000002174: 4ACCCC23
	v_lshl_add_u32 v102, v96, 4, v102                          // 000000002178: D6460066 05990960
	global_load_b128 v[108:111], v102, s[10:11]                // 000000002180: DC5E0000 6C0A0066
	v_lshlrev_b32_e32 v104, 7, v101                            // 000000002188: 30D0CA87
	v_lshl_add_u32 v104, s3, 2, v104                           // 00000000218C: D6460068 05A10403
	global_load_b32 v112, v104, s[12:13]                       // 000000002194: DC520000 700C0068
	s_waitcnt vmcnt(0)                                         // 00000000219C: BF8903F7
	v_lshlrev_b32_e32 v114, 16, v108                           // 0000000021A0: 30E4D890
	v_and_b32_e32 v115, 0xffff0000, v108                       // 0000000021A4: 36E6D8FF FFFF0000
	v_mul_f32_e32 v114, v112, v114                             // 0000000021AC: 10E4E570
	v_mul_f32_e32 v115, v112, v115                             // 0000000021B0: 10E6E770
	v_lshrrev_b32_e32 v116, 16, v114                           // 0000000021B4: 32E8E490
	v_and_b32_e32 v116, 1, v116                                // 0000000021B8: 36E8E881
	v_add_nc_u32_e32 v114, 0x7fff, v114                        // 0000000021BC: 4AE4E4FF 00007FFF
	v_add_nc_u32_e32 v114, v116, v114                          // 0000000021C4: 4AE4E574
	v_lshrrev_b32_e32 v114, 16, v114                           // 0000000021C8: 32E4E490
	v_lshrrev_b32_e32 v116, 16, v115                           // 0000000021CC: 32E8E690
	v_and_b32_e32 v116, 1, v116                                // 0000000021D0: 36E8E881
	v_add_nc_u32_e32 v115, 0x7fff, v115                        // 0000000021D4: 4AE6E6FF 00007FFF
	v_add_nc_u32_e32 v115, v116, v115                          // 0000000021DC: 4AE6E774
	v_and_b32_e32 v115, 0xffff0000, v115                       // 0000000021E0: 36E6E6FF FFFF0000
	v_or_b32_e32 v108, v114, v115                              // 0000000021E8: 38D8E772
	v_lshlrev_b32_e32 v114, 16, v109                           // 0000000021EC: 30E4DA90
	v_and_b32_e32 v115, 0xffff0000, v109                       // 0000000021F0: 36E6DAFF FFFF0000
	v_mul_f32_e32 v114, v112, v114                             // 0000000021F8: 10E4E570
	v_mul_f32_e32 v115, v112, v115                             // 0000000021FC: 10E6E770
	v_lshrrev_b32_e32 v116, 16, v114                           // 000000002200: 32E8E490
	v_and_b32_e32 v116, 1, v116                                // 000000002204: 36E8E881
	v_add_nc_u32_e32 v114, 0x7fff, v114                        // 000000002208: 4AE4E4FF 00007FFF
	v_add_nc_u32_e32 v114, v116, v114                          // 000000002210: 4AE4E574
	v_lshrrev_b32_e32 v114, 16, v114                           // 000000002214: 32E4E490
	v_lshrrev_b32_e32 v116, 16, v115                           // 000000002218: 32E8E690
	v_and_b32_e32 v116, 1, v116                                // 00000000221C: 36E8E881
	v_add_nc_u32_e32 v115, 0x7fff, v115                        // 000000002220: 4AE6E6FF 00007FFF
	v_add_nc_u32_e32 v115, v116, v115                          // 000000002228: 4AE6E774
	v_and_b32_e32 v115, 0xffff0000, v115                       // 00000000222C: 36E6E6FF FFFF0000
	v_or_b32_e32 v109, v114, v115                              // 000000002234: 38DAE772
	v_lshlrev_b32_e32 v114, 16, v110                           // 000000002238: 30E4DC90
	v_and_b32_e32 v115, 0xffff0000, v110                       // 00000000223C: 36E6DCFF FFFF0000
	v_mul_f32_e32 v114, v112, v114                             // 000000002244: 10E4E570
	v_mul_f32_e32 v115, v112, v115                             // 000000002248: 10E6E770
	v_lshrrev_b32_e32 v116, 16, v114                           // 00000000224C: 32E8E490
	v_and_b32_e32 v116, 1, v116                                // 000000002250: 36E8E881
	v_add_nc_u32_e32 v114, 0x7fff, v114                        // 000000002254: 4AE4E4FF 00007FFF
	v_add_nc_u32_e32 v114, v116, v114                          // 00000000225C: 4AE4E574
	v_lshrrev_b32_e32 v114, 16, v114                           // 000000002260: 32E4E490
	v_lshrrev_b32_e32 v116, 16, v115                           // 000000002264: 32E8E690
	v_and_b32_e32 v116, 1, v116                                // 000000002268: 36E8E881
	v_add_nc_u32_e32 v115, 0x7fff, v115                        // 00000000226C: 4AE6E6FF 00007FFF
	v_add_nc_u32_e32 v115, v116, v115                          // 000000002274: 4AE6E774
	v_and_b32_e32 v115, 0xffff0000, v115                       // 000000002278: 36E6E6FF FFFF0000
	v_or_b32_e32 v110, v114, v115                              // 000000002280: 38DCE772
	v_lshlrev_b32_e32 v114, 16, v111                           // 000000002284: 30E4DE90
	v_and_b32_e32 v115, 0xffff0000, v111                       // 000000002288: 36E6DEFF FFFF0000
	v_mul_f32_e32 v114, v112, v114                             // 000000002290: 10E4E570
	v_mul_f32_e32 v115, v112, v115                             // 000000002294: 10E6E770
	v_lshrrev_b32_e32 v116, 16, v114                           // 000000002298: 32E8E490
	v_and_b32_e32 v116, 1, v116                                // 00000000229C: 36E8E881
	v_add_nc_u32_e32 v114, 0x7fff, v114                        // 0000000022A0: 4AE4E4FF 00007FFF
	v_add_nc_u32_e32 v114, v116, v114                          // 0000000022A8: 4AE4E574
	v_lshrrev_b32_e32 v114, 16, v114                           // 0000000022AC: 32E4E490
	v_lshrrev_b32_e32 v116, 16, v115                           // 0000000022B0: 32E8E690
	v_and_b32_e32 v116, 1, v116                                // 0000000022B4: 36E8E881
	v_add_nc_u32_e32 v115, 0x7fff, v115                        // 0000000022B8: 4AE6E6FF 00007FFF
	v_add_nc_u32_e32 v115, v116, v115                          // 0000000022C0: 4AE6E774
	v_and_b32_e32 v115, 0xffff0000, v115                       // 0000000022C4: 36E6E6FF FFFF0000
	v_or_b32_e32 v111, v114, v115                              // 0000000022CC: 38DEE772
	v_lshlrev_b32_e32 v103, 7, v100                            // 0000000022D0: 30CEC887
	v_lshl_add_u32 v103, v96, 4, v103                          // 0000000022D4: D6460067 059D0960
	v_add_nc_u32_e32 v103, 0x2000, v103                        // 0000000022DC: 4ACECEFF 00002000
	ds_store_b128 v103, v[108:111]                             // 0000000022E4: DB7C0000 00006C67
	v_add_nc_u32_e32 v100, 40, v97                             // 0000000022EC: 4AC8C2A8
	v_add_nc_u32_e32 v101, s27, v100                           // 0000000022F0: 4ACAC81B
	v_lshlrev_b32_e32 v102, 13, v101                           // 0000000022F4: 30CCCA8D
	v_add_nc_u32_e32 v102, s35, v102                           // 0000000022F8: 4ACCCC23
	v_lshl_add_u32 v102, v96, 4, v102                          // 0000000022FC: D6460066 05990960
	global_load_b128 v[108:111], v102, s[10:11]                // 000000002304: DC5E0000 6C0A0066
	v_lshlrev_b32_e32 v104, 7, v101                            // 00000000230C: 30D0CA87
	v_lshl_add_u32 v104, s3, 2, v104                           // 000000002310: D6460068 05A10403
	global_load_b32 v112, v104, s[12:13]                       // 000000002318: DC520000 700C0068
	s_waitcnt vmcnt(0)                                         // 000000002320: BF8903F7
	v_lshlrev_b32_e32 v114, 16, v108                           // 000000002324: 30E4D890
	v_and_b32_e32 v115, 0xffff0000, v108                       // 000000002328: 36E6D8FF FFFF0000
	v_mul_f32_e32 v114, v112, v114                             // 000000002330: 10E4E570
	v_mul_f32_e32 v115, v112, v115                             // 000000002334: 10E6E770
	v_lshrrev_b32_e32 v116, 16, v114                           // 000000002338: 32E8E490
	v_and_b32_e32 v116, 1, v116                                // 00000000233C: 36E8E881
	v_add_nc_u32_e32 v114, 0x7fff, v114                        // 000000002340: 4AE4E4FF 00007FFF
	v_add_nc_u32_e32 v114, v116, v114                          // 000000002348: 4AE4E574
	v_lshrrev_b32_e32 v114, 16, v114                           // 00000000234C: 32E4E490
	v_lshrrev_b32_e32 v116, 16, v115                           // 000000002350: 32E8E690
	v_and_b32_e32 v116, 1, v116                                // 000000002354: 36E8E881
	v_add_nc_u32_e32 v115, 0x7fff, v115                        // 000000002358: 4AE6E6FF 00007FFF
	v_add_nc_u32_e32 v115, v116, v115                          // 000000002360: 4AE6E774
	v_and_b32_e32 v115, 0xffff0000, v115                       // 000000002364: 36E6E6FF FFFF0000
	v_or_b32_e32 v108, v114, v115                              // 00000000236C: 38D8E772
	v_lshlrev_b32_e32 v114, 16, v109                           // 000000002370: 30E4DA90
	v_and_b32_e32 v115, 0xffff0000, v109                       // 000000002374: 36E6DAFF FFFF0000
	v_mul_f32_e32 v114, v112, v114                             // 00000000237C: 10E4E570
	v_mul_f32_e32 v115, v112, v115                             // 000000002380: 10E6E770
	v_lshrrev_b32_e32 v116, 16, v114                           // 000000002384: 32E8E490
	v_and_b32_e32 v116, 1, v116                                // 000000002388: 36E8E881
	v_add_nc_u32_e32 v114, 0x7fff, v114                        // 00000000238C: 4AE4E4FF 00007FFF
	v_add_nc_u32_e32 v114, v116, v114                          // 000000002394: 4AE4E574
	v_lshrrev_b32_e32 v114, 16, v114                           // 000000002398: 32E4E490
	v_lshrrev_b32_e32 v116, 16, v115                           // 00000000239C: 32E8E690
	v_and_b32_e32 v116, 1, v116                                // 0000000023A0: 36E8E881
	v_add_nc_u32_e32 v115, 0x7fff, v115                        // 0000000023A4: 4AE6E6FF 00007FFF
	v_add_nc_u32_e32 v115, v116, v115                          // 0000000023AC: 4AE6E774
	v_and_b32_e32 v115, 0xffff0000, v115                       // 0000000023B0: 36E6E6FF FFFF0000
	v_or_b32_e32 v109, v114, v115                              // 0000000023B8: 38DAE772
	v_lshlrev_b32_e32 v114, 16, v110                           // 0000000023BC: 30E4DC90
	v_and_b32_e32 v115, 0xffff0000, v110                       // 0000000023C0: 36E6DCFF FFFF0000
	v_mul_f32_e32 v114, v112, v114                             // 0000000023C8: 10E4E570
	v_mul_f32_e32 v115, v112, v115                             // 0000000023CC: 10E6E770
	v_lshrrev_b32_e32 v116, 16, v114                           // 0000000023D0: 32E8E490
	v_and_b32_e32 v116, 1, v116                                // 0000000023D4: 36E8E881
	v_add_nc_u32_e32 v114, 0x7fff, v114                        // 0000000023D8: 4AE4E4FF 00007FFF
	v_add_nc_u32_e32 v114, v116, v114                          // 0000000023E0: 4AE4E574
	v_lshrrev_b32_e32 v114, 16, v114                           // 0000000023E4: 32E4E490
	v_lshrrev_b32_e32 v116, 16, v115                           // 0000000023E8: 32E8E690
	v_and_b32_e32 v116, 1, v116                                // 0000000023EC: 36E8E881
	v_add_nc_u32_e32 v115, 0x7fff, v115                        // 0000000023F0: 4AE6E6FF 00007FFF
	v_add_nc_u32_e32 v115, v116, v115                          // 0000000023F8: 4AE6E774
	v_and_b32_e32 v115, 0xffff0000, v115                       // 0000000023FC: 36E6E6FF FFFF0000
	v_or_b32_e32 v110, v114, v115                              // 000000002404: 38DCE772
	v_lshlrev_b32_e32 v114, 16, v111                           // 000000002408: 30E4DE90
	v_and_b32_e32 v115, 0xffff0000, v111                       // 00000000240C: 36E6DEFF FFFF0000
	v_mul_f32_e32 v114, v112, v114                             // 000000002414: 10E4E570
	v_mul_f32_e32 v115, v112, v115                             // 000000002418: 10E6E770
	v_lshrrev_b32_e32 v116, 16, v114                           // 00000000241C: 32E8E490
	v_and_b32_e32 v116, 1, v116                                // 000000002420: 36E8E881
	v_add_nc_u32_e32 v114, 0x7fff, v114                        // 000000002424: 4AE4E4FF 00007FFF
	v_add_nc_u32_e32 v114, v116, v114                          // 00000000242C: 4AE4E574
	v_lshrrev_b32_e32 v114, 16, v114                           // 000000002430: 32E4E490
	v_lshrrev_b32_e32 v116, 16, v115                           // 000000002434: 32E8E690
	v_and_b32_e32 v116, 1, v116                                // 000000002438: 36E8E881
	v_add_nc_u32_e32 v115, 0x7fff, v115                        // 00000000243C: 4AE6E6FF 00007FFF
	v_add_nc_u32_e32 v115, v116, v115                          // 000000002444: 4AE6E774
	v_and_b32_e32 v115, 0xffff0000, v115                       // 000000002448: 36E6E6FF FFFF0000
	v_or_b32_e32 v111, v114, v115                              // 000000002450: 38DEE772
	v_lshlrev_b32_e32 v103, 7, v100                            // 000000002454: 30CEC887
	v_lshl_add_u32 v103, v96, 4, v103                          // 000000002458: D6460067 059D0960
	v_add_nc_u32_e32 v103, 0x2000, v103                        // 000000002460: 4ACECEFF 00002000
	ds_store_b128 v103, v[108:111]                             // 000000002468: DB7C0000 00006C67
	v_add_nc_u32_e32 v100, 48, v97                             // 000000002470: 4AC8C2B0
	v_add_nc_u32_e32 v101, s27, v100                           // 000000002474: 4ACAC81B
	v_lshlrev_b32_e32 v102, 13, v101                           // 000000002478: 30CCCA8D
	v_add_nc_u32_e32 v102, s35, v102                           // 00000000247C: 4ACCCC23
	v_lshl_add_u32 v102, v96, 4, v102                          // 000000002480: D6460066 05990960
	global_load_b128 v[108:111], v102, s[10:11]                // 000000002488: DC5E0000 6C0A0066
	v_lshlrev_b32_e32 v104, 7, v101                            // 000000002490: 30D0CA87
	v_lshl_add_u32 v104, s3, 2, v104                           // 000000002494: D6460068 05A10403
	global_load_b32 v112, v104, s[12:13]                       // 00000000249C: DC520000 700C0068
	s_waitcnt vmcnt(0)                                         // 0000000024A4: BF8903F7
	v_lshlrev_b32_e32 v114, 16, v108                           // 0000000024A8: 30E4D890
	v_and_b32_e32 v115, 0xffff0000, v108                       // 0000000024AC: 36E6D8FF FFFF0000
	v_mul_f32_e32 v114, v112, v114                             // 0000000024B4: 10E4E570
	v_mul_f32_e32 v115, v112, v115                             // 0000000024B8: 10E6E770
	v_lshrrev_b32_e32 v116, 16, v114                           // 0000000024BC: 32E8E490
	v_and_b32_e32 v116, 1, v116                                // 0000000024C0: 36E8E881
	v_add_nc_u32_e32 v114, 0x7fff, v114                        // 0000000024C4: 4AE4E4FF 00007FFF
	v_add_nc_u32_e32 v114, v116, v114                          // 0000000024CC: 4AE4E574
	v_lshrrev_b32_e32 v114, 16, v114                           // 0000000024D0: 32E4E490
	v_lshrrev_b32_e32 v116, 16, v115                           // 0000000024D4: 32E8E690
	v_and_b32_e32 v116, 1, v116                                // 0000000024D8: 36E8E881
	v_add_nc_u32_e32 v115, 0x7fff, v115                        // 0000000024DC: 4AE6E6FF 00007FFF
	v_add_nc_u32_e32 v115, v116, v115                          // 0000000024E4: 4AE6E774
	v_and_b32_e32 v115, 0xffff0000, v115                       // 0000000024E8: 36E6E6FF FFFF0000
	v_or_b32_e32 v108, v114, v115                              // 0000000024F0: 38D8E772
	v_lshlrev_b32_e32 v114, 16, v109                           // 0000000024F4: 30E4DA90
	v_and_b32_e32 v115, 0xffff0000, v109                       // 0000000024F8: 36E6DAFF FFFF0000
	v_mul_f32_e32 v114, v112, v114                             // 000000002500: 10E4E570
	v_mul_f32_e32 v115, v112, v115                             // 000000002504: 10E6E770
	v_lshrrev_b32_e32 v116, 16, v114                           // 000000002508: 32E8E490
	v_and_b32_e32 v116, 1, v116                                // 00000000250C: 36E8E881
	v_add_nc_u32_e32 v114, 0x7fff, v114                        // 000000002510: 4AE4E4FF 00007FFF
	v_add_nc_u32_e32 v114, v116, v114                          // 000000002518: 4AE4E574
	v_lshrrev_b32_e32 v114, 16, v114                           // 00000000251C: 32E4E490
	v_lshrrev_b32_e32 v116, 16, v115                           // 000000002520: 32E8E690
	v_and_b32_e32 v116, 1, v116                                // 000000002524: 36E8E881
	v_add_nc_u32_e32 v115, 0x7fff, v115                        // 000000002528: 4AE6E6FF 00007FFF
	v_add_nc_u32_e32 v115, v116, v115                          // 000000002530: 4AE6E774
	v_and_b32_e32 v115, 0xffff0000, v115                       // 000000002534: 36E6E6FF FFFF0000
	v_or_b32_e32 v109, v114, v115                              // 00000000253C: 38DAE772
	v_lshlrev_b32_e32 v114, 16, v110                           // 000000002540: 30E4DC90
	v_and_b32_e32 v115, 0xffff0000, v110                       // 000000002544: 36E6DCFF FFFF0000
	v_mul_f32_e32 v114, v112, v114                             // 00000000254C: 10E4E570
	v_mul_f32_e32 v115, v112, v115                             // 000000002550: 10E6E770
	v_lshrrev_b32_e32 v116, 16, v114                           // 000000002554: 32E8E490
	v_and_b32_e32 v116, 1, v116                                // 000000002558: 36E8E881
	v_add_nc_u32_e32 v114, 0x7fff, v114                        // 00000000255C: 4AE4E4FF 00007FFF
	v_add_nc_u32_e32 v114, v116, v114                          // 000000002564: 4AE4E574
	v_lshrrev_b32_e32 v114, 16, v114                           // 000000002568: 32E4E490
	v_lshrrev_b32_e32 v116, 16, v115                           // 00000000256C: 32E8E690
	v_and_b32_e32 v116, 1, v116                                // 000000002570: 36E8E881
	v_add_nc_u32_e32 v115, 0x7fff, v115                        // 000000002574: 4AE6E6FF 00007FFF
	v_add_nc_u32_e32 v115, v116, v115                          // 00000000257C: 4AE6E774
	v_and_b32_e32 v115, 0xffff0000, v115                       // 000000002580: 36E6E6FF FFFF0000
	v_or_b32_e32 v110, v114, v115                              // 000000002588: 38DCE772
	v_lshlrev_b32_e32 v114, 16, v111                           // 00000000258C: 30E4DE90
	v_and_b32_e32 v115, 0xffff0000, v111                       // 000000002590: 36E6DEFF FFFF0000
	v_mul_f32_e32 v114, v112, v114                             // 000000002598: 10E4E570
	v_mul_f32_e32 v115, v112, v115                             // 00000000259C: 10E6E770
	v_lshrrev_b32_e32 v116, 16, v114                           // 0000000025A0: 32E8E490
	v_and_b32_e32 v116, 1, v116                                // 0000000025A4: 36E8E881
	v_add_nc_u32_e32 v114, 0x7fff, v114                        // 0000000025A8: 4AE4E4FF 00007FFF
	v_add_nc_u32_e32 v114, v116, v114                          // 0000000025B0: 4AE4E574
	v_lshrrev_b32_e32 v114, 16, v114                           // 0000000025B4: 32E4E490
	v_lshrrev_b32_e32 v116, 16, v115                           // 0000000025B8: 32E8E690
	v_and_b32_e32 v116, 1, v116                                // 0000000025BC: 36E8E881
	v_add_nc_u32_e32 v115, 0x7fff, v115                        // 0000000025C0: 4AE6E6FF 00007FFF
	v_add_nc_u32_e32 v115, v116, v115                          // 0000000025C8: 4AE6E774
	v_and_b32_e32 v115, 0xffff0000, v115                       // 0000000025CC: 36E6E6FF FFFF0000
	v_or_b32_e32 v111, v114, v115                              // 0000000025D4: 38DEE772
	v_lshlrev_b32_e32 v103, 7, v100                            // 0000000025D8: 30CEC887
	v_lshl_add_u32 v103, v96, 4, v103                          // 0000000025DC: D6460067 059D0960
	v_add_nc_u32_e32 v103, 0x2000, v103                        // 0000000025E4: 4ACECEFF 00002000
	ds_store_b128 v103, v[108:111]                             // 0000000025EC: DB7C0000 00006C67
	v_add_nc_u32_e32 v100, 56, v97                             // 0000000025F4: 4AC8C2B8
	v_add_nc_u32_e32 v101, s27, v100                           // 0000000025F8: 4ACAC81B
	v_lshlrev_b32_e32 v102, 13, v101                           // 0000000025FC: 30CCCA8D
	v_add_nc_u32_e32 v102, s35, v102                           // 000000002600: 4ACCCC23
	v_lshl_add_u32 v102, v96, 4, v102                          // 000000002604: D6460066 05990960
	global_load_b128 v[108:111], v102, s[10:11]                // 00000000260C: DC5E0000 6C0A0066
	v_lshlrev_b32_e32 v104, 7, v101                            // 000000002614: 30D0CA87
	v_lshl_add_u32 v104, s3, 2, v104                           // 000000002618: D6460068 05A10403
	global_load_b32 v112, v104, s[12:13]                       // 000000002620: DC520000 700C0068
	s_waitcnt vmcnt(0)                                         // 000000002628: BF8903F7
	v_lshlrev_b32_e32 v114, 16, v108                           // 00000000262C: 30E4D890
	v_and_b32_e32 v115, 0xffff0000, v108                       // 000000002630: 36E6D8FF FFFF0000
	v_mul_f32_e32 v114, v112, v114                             // 000000002638: 10E4E570
	v_mul_f32_e32 v115, v112, v115                             // 00000000263C: 10E6E770
	v_lshrrev_b32_e32 v116, 16, v114                           // 000000002640: 32E8E490
	v_and_b32_e32 v116, 1, v116                                // 000000002644: 36E8E881
	v_add_nc_u32_e32 v114, 0x7fff, v114                        // 000000002648: 4AE4E4FF 00007FFF
	v_add_nc_u32_e32 v114, v116, v114                          // 000000002650: 4AE4E574
	v_lshrrev_b32_e32 v114, 16, v114                           // 000000002654: 32E4E490
	v_lshrrev_b32_e32 v116, 16, v115                           // 000000002658: 32E8E690
	v_and_b32_e32 v116, 1, v116                                // 00000000265C: 36E8E881
	v_add_nc_u32_e32 v115, 0x7fff, v115                        // 000000002660: 4AE6E6FF 00007FFF
	v_add_nc_u32_e32 v115, v116, v115                          // 000000002668: 4AE6E774
	v_and_b32_e32 v115, 0xffff0000, v115                       // 00000000266C: 36E6E6FF FFFF0000
	v_or_b32_e32 v108, v114, v115                              // 000000002674: 38D8E772
	v_lshlrev_b32_e32 v114, 16, v109                           // 000000002678: 30E4DA90
	v_and_b32_e32 v115, 0xffff0000, v109                       // 00000000267C: 36E6DAFF FFFF0000
	v_mul_f32_e32 v114, v112, v114                             // 000000002684: 10E4E570
	v_mul_f32_e32 v115, v112, v115                             // 000000002688: 10E6E770
	v_lshrrev_b32_e32 v116, 16, v114                           // 00000000268C: 32E8E490
	v_and_b32_e32 v116, 1, v116                                // 000000002690: 36E8E881
	v_add_nc_u32_e32 v114, 0x7fff, v114                        // 000000002694: 4AE4E4FF 00007FFF
	v_add_nc_u32_e32 v114, v116, v114                          // 00000000269C: 4AE4E574
	v_lshrrev_b32_e32 v114, 16, v114                           // 0000000026A0: 32E4E490
	v_lshrrev_b32_e32 v116, 16, v115                           // 0000000026A4: 32E8E690
	v_and_b32_e32 v116, 1, v116                                // 0000000026A8: 36E8E881
	v_add_nc_u32_e32 v115, 0x7fff, v115                        // 0000000026AC: 4AE6E6FF 00007FFF
	v_add_nc_u32_e32 v115, v116, v115                          // 0000000026B4: 4AE6E774
	v_and_b32_e32 v115, 0xffff0000, v115                       // 0000000026B8: 36E6E6FF FFFF0000
	v_or_b32_e32 v109, v114, v115                              // 0000000026C0: 38DAE772
	v_lshlrev_b32_e32 v114, 16, v110                           // 0000000026C4: 30E4DC90
	v_and_b32_e32 v115, 0xffff0000, v110                       // 0000000026C8: 36E6DCFF FFFF0000
	v_mul_f32_e32 v114, v112, v114                             // 0000000026D0: 10E4E570
	v_mul_f32_e32 v115, v112, v115                             // 0000000026D4: 10E6E770
	v_lshrrev_b32_e32 v116, 16, v114                           // 0000000026D8: 32E8E490
	v_and_b32_e32 v116, 1, v116                                // 0000000026DC: 36E8E881
	v_add_nc_u32_e32 v114, 0x7fff, v114                        // 0000000026E0: 4AE4E4FF 00007FFF
	v_add_nc_u32_e32 v114, v116, v114                          // 0000000026E8: 4AE4E574
	v_lshrrev_b32_e32 v114, 16, v114                           // 0000000026EC: 32E4E490
	v_lshrrev_b32_e32 v116, 16, v115                           // 0000000026F0: 32E8E690
	v_and_b32_e32 v116, 1, v116                                // 0000000026F4: 36E8E881
	v_add_nc_u32_e32 v115, 0x7fff, v115                        // 0000000026F8: 4AE6E6FF 00007FFF
	v_add_nc_u32_e32 v115, v116, v115                          // 000000002700: 4AE6E774
	v_and_b32_e32 v115, 0xffff0000, v115                       // 000000002704: 36E6E6FF FFFF0000
	v_or_b32_e32 v110, v114, v115                              // 00000000270C: 38DCE772
	v_lshlrev_b32_e32 v114, 16, v111                           // 000000002710: 30E4DE90
	v_and_b32_e32 v115, 0xffff0000, v111                       // 000000002714: 36E6DEFF FFFF0000
	v_mul_f32_e32 v114, v112, v114                             // 00000000271C: 10E4E570
	v_mul_f32_e32 v115, v112, v115                             // 000000002720: 10E6E770
	v_lshrrev_b32_e32 v116, 16, v114                           // 000000002724: 32E8E490
	v_and_b32_e32 v116, 1, v116                                // 000000002728: 36E8E881
	v_add_nc_u32_e32 v114, 0x7fff, v114                        // 00000000272C: 4AE4E4FF 00007FFF
	v_add_nc_u32_e32 v114, v116, v114                          // 000000002734: 4AE4E574
	v_lshrrev_b32_e32 v114, 16, v114                           // 000000002738: 32E4E490
	v_lshrrev_b32_e32 v116, 16, v115                           // 00000000273C: 32E8E690
	v_and_b32_e32 v116, 1, v116                                // 000000002740: 36E8E881
	v_add_nc_u32_e32 v115, 0x7fff, v115                        // 000000002744: 4AE6E6FF 00007FFF
	v_add_nc_u32_e32 v115, v116, v115                          // 00000000274C: 4AE6E774
	v_and_b32_e32 v115, 0xffff0000, v115                       // 000000002750: 36E6E6FF FFFF0000
	v_or_b32_e32 v111, v114, v115                              // 000000002758: 38DEE772
	v_lshlrev_b32_e32 v103, 7, v100                            // 00000000275C: 30CEC887
	v_lshl_add_u32 v103, v96, 4, v103                          // 000000002760: D6460067 059D0960
	v_add_nc_u32_e32 v103, 0x2000, v103                        // 000000002768: 4ACECEFF 00002000
	ds_store_b128 v103, v[108:111]                             // 000000002770: DB7C0000 00006C67
	s_waitcnt lgkmcnt(0)                                       // 000000002778: BF89FC07
	s_barrier                                                  // 00000000277C: BFBD0000
	v_mov_b32_e32 v64, 0                                       // 000000002780: 7E800280
	v_mov_b32_e32 v65, 0                                       // 000000002784: 7E820280
	v_mov_b32_e32 v66, 0                                       // 000000002788: 7E840280
	v_mov_b32_e32 v67, 0                                       // 00000000278C: 7E860280
	v_mov_b32_e32 v68, 0                                       // 000000002790: 7E880280
	v_mov_b32_e32 v69, 0                                       // 000000002794: 7E8A0280
	v_mov_b32_e32 v70, 0                                       // 000000002798: 7E8C0280
	v_mov_b32_e32 v71, 0                                       // 00000000279C: 7E8E0280
	v_mov_b32_e32 v72, 0                                       // 0000000027A0: 7E900280
	v_mov_b32_e32 v73, 0                                       // 0000000027A4: 7E920280
	v_mov_b32_e32 v74, 0                                       // 0000000027A8: 7E940280
	v_mov_b32_e32 v75, 0                                       // 0000000027AC: 7E960280
	v_mov_b32_e32 v76, 0                                       // 0000000027B0: 7E980280
	v_mov_b32_e32 v77, 0                                       // 0000000027B4: 7E9A0280
	v_mov_b32_e32 v78, 0                                       // 0000000027B8: 7E9C0280
	v_mov_b32_e32 v79, 0                                       // 0000000027BC: 7E9E0280
	v_mov_b32_e32 v80, 0                                       // 0000000027C0: 7EA00280
	v_mov_b32_e32 v81, 0                                       // 0000000027C4: 7EA20280
	v_mov_b32_e32 v82, 0                                       // 0000000027C8: 7EA40280
	v_mov_b32_e32 v83, 0                                       // 0000000027CC: 7EA60280
	v_mov_b32_e32 v84, 0                                       // 0000000027D0: 7EA80280
	v_mov_b32_e32 v85, 0                                       // 0000000027D4: 7EAA0280
	v_mov_b32_e32 v86, 0                                       // 0000000027D8: 7EAC0280
	v_mov_b32_e32 v87, 0                                       // 0000000027DC: 7EAE0280
	v_mov_b32_e32 v88, 0                                       // 0000000027E0: 7EB00280
	v_mov_b32_e32 v89, 0                                       // 0000000027E4: 7EB20280
	v_mov_b32_e32 v90, 0                                       // 0000000027E8: 7EB40280
	v_mov_b32_e32 v91, 0                                       // 0000000027EC: 7EB60280
	v_mov_b32_e32 v92, 0                                       // 0000000027F0: 7EB80280
	v_mov_b32_e32 v93, 0                                       // 0000000027F4: 7EBA0280
	v_mov_b32_e32 v94, 0                                       // 0000000027F8: 7EBC0280
	v_mov_b32_e32 v95, 0                                       // 0000000027FC: 7EBE0280
	v_mov_b32_e32 v96, 0                                       // 000000002800: 7EC00280
	v_mov_b32_e32 v97, 0                                       // 000000002804: 7EC20280
	v_mov_b32_e32 v98, 0                                       // 000000002808: 7EC40280
	v_mov_b32_e32 v99, 0                                       // 00000000280C: 7EC60280
	v_mov_b32_e32 v100, 0                                      // 000000002810: 7EC80280
	v_mov_b32_e32 v101, 0                                      // 000000002814: 7ECA0280
	v_mov_b32_e32 v102, 0                                      // 000000002818: 7ECC0280
	v_mov_b32_e32 v103, 0                                      // 00000000281C: 7ECE0280
	v_mov_b32_e32 v104, 0                                      // 000000002820: 7ED00280
	v_mov_b32_e32 v105, 0                                      // 000000002824: 7ED20280
	v_mov_b32_e32 v106, 0                                      // 000000002828: 7ED40280
	v_mov_b32_e32 v107, 0                                      // 00000000282C: 7ED60280
	v_mov_b32_e32 v108, 0                                      // 000000002830: 7ED80280
	v_mov_b32_e32 v109, 0                                      // 000000002834: 7EDA0280
	v_mov_b32_e32 v110, 0                                      // 000000002838: 7EDC0280
	v_mov_b32_e32 v111, 0                                      // 00000000283C: 7EDE0280
	v_mov_b32_e32 v112, 0                                      // 000000002840: 7EE00280
	v_mov_b32_e32 v113, 0                                      // 000000002844: 7EE20280
	v_mov_b32_e32 v114, 0                                      // 000000002848: 7EE40280
	v_mov_b32_e32 v115, 0                                      // 00000000284C: 7EE60280
	v_mov_b32_e32 v116, 0                                      // 000000002850: 7EE80280
	v_mov_b32_e32 v117, 0                                      // 000000002854: 7EEA0280
	v_mov_b32_e32 v118, 0                                      // 000000002858: 7EEC0280
	v_mov_b32_e32 v119, 0                                      // 00000000285C: 7EEE0280
	v_mov_b32_e32 v120, 0                                      // 000000002860: 7EF00280
	v_mov_b32_e32 v121, 0                                      // 000000002864: 7EF20280
	v_mov_b32_e32 v122, 0                                      // 000000002868: 7EF40280
	v_mov_b32_e32 v123, 0                                      // 00000000286C: 7EF60280
	v_mov_b32_e32 v124, 0                                      // 000000002870: 7EF80280
	v_mov_b32_e32 v125, 0                                      // 000000002874: 7EFA0280
	v_mov_b32_e32 v126, 0                                      // 000000002878: 7EFC0280
	v_mov_b32_e32 v127, 0                                      // 00000000287C: 7EFE0280
	ds_load_b128 v[8:11], v5                                   // 000000002880: DBFC0000 08000005
	s_waitcnt lgkmcnt(0)                                       // 000000002888: BF89FC07
	ds_swizzle_b32 v12, v8 offset:swizzle(SWAP,16)             // 00000000288C: D8D4401F 0C000008
	ds_swizzle_b32 v13, v9 offset:swizzle(SWAP,16)             // 000000002894: D8D4401F 0D000009
	ds_swizzle_b32 v14, v10 offset:swizzle(SWAP,16)            // 00000000289C: D8D4401F 0E00000A
	ds_swizzle_b32 v15, v11 offset:swizzle(SWAP,16)            // 0000000028A4: D8D4401F 0F00000B
	s_waitcnt lgkmcnt(0)                                       // 0000000028AC: BF89FC07
	v_lshlrev_b32_e32 v129, 10, v4                             // 0000000028B0: 3102088A
	v_lshl_add_u32 v129, v3, 1, v129                           // 0000000028B4: D6460081 06050303
	v_add_nc_u32_e32 v129, 0x2000, v129                        // 0000000028BC: 4B0302FF 00002000
	ds_load_u16 v16, v129                                      // 0000000028C4: D8F00000 10000081
	ds_load_u16_d16_hi v16, v129 offset:128                    // 0000000028CC: DA9C0080 10000081
	ds_load_u16 v17, v129 offset:256                           // 0000000028D4: D8F00100 11000081
	ds_load_u16_d16_hi v17, v129 offset:384                    // 0000000028DC: DA9C0180 11000081
	ds_load_u16 v18, v129 offset:512                           // 0000000028E4: D8F00200 12000081
	ds_load_u16_d16_hi v18, v129 offset:640                    // 0000000028EC: DA9C0280 12000081
	ds_load_u16 v19, v129 offset:768                           // 0000000028F4: D8F00300 13000081
	ds_load_u16_d16_hi v19, v129 offset:896                    // 0000000028FC: DA9C0380 13000081
	s_waitcnt lgkmcnt(0)                                       // 000000002904: BF89FC07
	ds_swizzle_b32 v20, v16 offset:swizzle(SWAP,16)            // 000000002908: D8D4401F 14000010
	ds_swizzle_b32 v21, v17 offset:swizzle(SWAP,16)            // 000000002910: D8D4401F 15000011
	ds_swizzle_b32 v22, v18 offset:swizzle(SWAP,16)            // 000000002918: D8D4401F 16000012
	ds_swizzle_b32 v23, v19 offset:swizzle(SWAP,16)            // 000000002920: D8D4401F 17000013
	s_waitcnt lgkmcnt(0)                                       // 000000002928: BF89FC07
	v_wmma_f32_16x16x16_bf16 v[64:71], v[8:15], v[16:23], v[64:71]// 00000000292C: CC414040 1D022108
	v_lshlrev_b32_e32 v129, 10, v4                             // 000000002934: 3102088A
	v_lshl_add_u32 v129, v3, 1, v129                           // 000000002938: D6460081 06050303
	v_add_nc_u32_e32 v129, 0x2020, v129                        // 000000002940: 4B0302FF 00002020
	ds_load_u16 v16, v129                                      // 000000002948: D8F00000 10000081
	ds_load_u16_d16_hi v16, v129 offset:128                    // 000000002950: DA9C0080 10000081
	ds_load_u16 v17, v129 offset:256                           // 000000002958: D8F00100 11000081
	ds_load_u16_d16_hi v17, v129 offset:384                    // 000000002960: DA9C0180 11000081
	ds_load_u16 v18, v129 offset:512                           // 000000002968: D8F00200 12000081
	ds_load_u16_d16_hi v18, v129 offset:640                    // 000000002970: DA9C0280 12000081
	ds_load_u16 v19, v129 offset:768                           // 000000002978: D8F00300 13000081
	ds_load_u16_d16_hi v19, v129 offset:896                    // 000000002980: DA9C0380 13000081
	s_waitcnt lgkmcnt(0)                                       // 000000002988: BF89FC07
	ds_swizzle_b32 v20, v16 offset:swizzle(SWAP,16)            // 00000000298C: D8D4401F 14000010
	ds_swizzle_b32 v21, v17 offset:swizzle(SWAP,16)            // 000000002994: D8D4401F 15000011
	ds_swizzle_b32 v22, v18 offset:swizzle(SWAP,16)            // 00000000299C: D8D4401F 16000012
	ds_swizzle_b32 v23, v19 offset:swizzle(SWAP,16)            // 0000000029A4: D8D4401F 17000013
	s_waitcnt lgkmcnt(0)                                       // 0000000029AC: BF89FC07
	v_wmma_f32_16x16x16_bf16 v[72:79], v[8:15], v[16:23], v[72:79]// 0000000029B0: CC414048 1D222108
	v_lshlrev_b32_e32 v129, 10, v4                             // 0000000029B8: 3102088A
	v_lshl_add_u32 v129, v3, 1, v129                           // 0000000029BC: D6460081 06050303
	v_add_nc_u32_e32 v129, 0x2040, v129                        // 0000000029C4: 4B0302FF 00002040
	ds_load_u16 v16, v129                                      // 0000000029CC: D8F00000 10000081
	ds_load_u16_d16_hi v16, v129 offset:128                    // 0000000029D4: DA9C0080 10000081
	ds_load_u16 v17, v129 offset:256                           // 0000000029DC: D8F00100 11000081
	ds_load_u16_d16_hi v17, v129 offset:384                    // 0000000029E4: DA9C0180 11000081
	ds_load_u16 v18, v129 offset:512                           // 0000000029EC: D8F00200 12000081
	ds_load_u16_d16_hi v18, v129 offset:640                    // 0000000029F4: DA9C0280 12000081
	ds_load_u16 v19, v129 offset:768                           // 0000000029FC: D8F00300 13000081
	ds_load_u16_d16_hi v19, v129 offset:896                    // 000000002A04: DA9C0380 13000081
	s_waitcnt lgkmcnt(0)                                       // 000000002A0C: BF89FC07
	ds_swizzle_b32 v20, v16 offset:swizzle(SWAP,16)            // 000000002A10: D8D4401F 14000010
	ds_swizzle_b32 v21, v17 offset:swizzle(SWAP,16)            // 000000002A18: D8D4401F 15000011
	ds_swizzle_b32 v22, v18 offset:swizzle(SWAP,16)            // 000000002A20: D8D4401F 16000012
	ds_swizzle_b32 v23, v19 offset:swizzle(SWAP,16)            // 000000002A28: D8D4401F 17000013
	s_waitcnt lgkmcnt(0)                                       // 000000002A30: BF89FC07
	v_wmma_f32_16x16x16_bf16 v[80:87], v[8:15], v[16:23], v[80:87]// 000000002A34: CC414050 1D422108
	v_lshlrev_b32_e32 v129, 10, v4                             // 000000002A3C: 3102088A
	v_lshl_add_u32 v129, v3, 1, v129                           // 000000002A40: D6460081 06050303
	v_add_nc_u32_e32 v129, 0x2060, v129                        // 000000002A48: 4B0302FF 00002060
	ds_load_u16 v16, v129                                      // 000000002A50: D8F00000 10000081
	ds_load_u16_d16_hi v16, v129 offset:128                    // 000000002A58: DA9C0080 10000081
	ds_load_u16 v17, v129 offset:256                           // 000000002A60: D8F00100 11000081
	ds_load_u16_d16_hi v17, v129 offset:384                    // 000000002A68: DA9C0180 11000081
	ds_load_u16 v18, v129 offset:512                           // 000000002A70: D8F00200 12000081
	ds_load_u16_d16_hi v18, v129 offset:640                    // 000000002A78: DA9C0280 12000081
	ds_load_u16 v19, v129 offset:768                           // 000000002A80: D8F00300 13000081
	ds_load_u16_d16_hi v19, v129 offset:896                    // 000000002A88: DA9C0380 13000081
	s_waitcnt lgkmcnt(0)                                       // 000000002A90: BF89FC07
	ds_swizzle_b32 v20, v16 offset:swizzle(SWAP,16)            // 000000002A94: D8D4401F 14000010
	ds_swizzle_b32 v21, v17 offset:swizzle(SWAP,16)            // 000000002A9C: D8D4401F 15000011
	ds_swizzle_b32 v22, v18 offset:swizzle(SWAP,16)            // 000000002AA4: D8D4401F 16000012
	ds_swizzle_b32 v23, v19 offset:swizzle(SWAP,16)            // 000000002AAC: D8D4401F 17000013
	s_waitcnt lgkmcnt(0)                                       // 000000002AB4: BF89FC07
	v_wmma_f32_16x16x16_bf16 v[88:95], v[8:15], v[16:23], v[88:95]// 000000002AB8: CC414058 1D622108
	ds_load_b128 v[8:11], v7                                   // 000000002AC0: DBFC0000 08000007
	s_waitcnt lgkmcnt(0)                                       // 000000002AC8: BF89FC07
	ds_swizzle_b32 v12, v8 offset:swizzle(SWAP,16)             // 000000002ACC: D8D4401F 0C000008
	ds_swizzle_b32 v13, v9 offset:swizzle(SWAP,16)             // 000000002AD4: D8D4401F 0D000009
	ds_swizzle_b32 v14, v10 offset:swizzle(SWAP,16)            // 000000002ADC: D8D4401F 0E00000A
	ds_swizzle_b32 v15, v11 offset:swizzle(SWAP,16)            // 000000002AE4: D8D4401F 0F00000B
	s_waitcnt lgkmcnt(0)                                       // 000000002AEC: BF89FC07
	v_lshlrev_b32_e32 v129, 10, v4                             // 000000002AF0: 3102088A
	v_lshl_add_u32 v129, v3, 1, v129                           // 000000002AF4: D6460081 06050303
	v_add_nc_u32_e32 v129, 0x2000, v129                        // 000000002AFC: 4B0302FF 00002000
	ds_load_u16 v16, v129                                      // 000000002B04: D8F00000 10000081
	ds_load_u16_d16_hi v16, v129 offset:128                    // 000000002B0C: DA9C0080 10000081
	ds_load_u16 v17, v129 offset:256                           // 000000002B14: D8F00100 11000081
	ds_load_u16_d16_hi v17, v129 offset:384                    // 000000002B1C: DA9C0180 11000081
	ds_load_u16 v18, v129 offset:512                           // 000000002B24: D8F00200 12000081
	ds_load_u16_d16_hi v18, v129 offset:640                    // 000000002B2C: DA9C0280 12000081
	ds_load_u16 v19, v129 offset:768                           // 000000002B34: D8F00300 13000081
	ds_load_u16_d16_hi v19, v129 offset:896                    // 000000002B3C: DA9C0380 13000081
	s_waitcnt lgkmcnt(0)                                       // 000000002B44: BF89FC07
	ds_swizzle_b32 v20, v16 offset:swizzle(SWAP,16)            // 000000002B48: D8D4401F 14000010
	ds_swizzle_b32 v21, v17 offset:swizzle(SWAP,16)            // 000000002B50: D8D4401F 15000011
	ds_swizzle_b32 v22, v18 offset:swizzle(SWAP,16)            // 000000002B58: D8D4401F 16000012
	ds_swizzle_b32 v23, v19 offset:swizzle(SWAP,16)            // 000000002B60: D8D4401F 17000013
	s_waitcnt lgkmcnt(0)                                       // 000000002B68: BF89FC07
	v_wmma_f32_16x16x16_bf16 v[96:103], v[8:15], v[16:23], v[96:103]// 000000002B6C: CC414060 1D822108
	v_lshlrev_b32_e32 v129, 10, v4                             // 000000002B74: 3102088A
	v_lshl_add_u32 v129, v3, 1, v129                           // 000000002B78: D6460081 06050303
	v_add_nc_u32_e32 v129, 0x2020, v129                        // 000000002B80: 4B0302FF 00002020
	ds_load_u16 v16, v129                                      // 000000002B88: D8F00000 10000081
	ds_load_u16_d16_hi v16, v129 offset:128                    // 000000002B90: DA9C0080 10000081
	ds_load_u16 v17, v129 offset:256                           // 000000002B98: D8F00100 11000081
	ds_load_u16_d16_hi v17, v129 offset:384                    // 000000002BA0: DA9C0180 11000081
	ds_load_u16 v18, v129 offset:512                           // 000000002BA8: D8F00200 12000081
	ds_load_u16_d16_hi v18, v129 offset:640                    // 000000002BB0: DA9C0280 12000081
	ds_load_u16 v19, v129 offset:768                           // 000000002BB8: D8F00300 13000081
	ds_load_u16_d16_hi v19, v129 offset:896                    // 000000002BC0: DA9C0380 13000081
	s_waitcnt lgkmcnt(0)                                       // 000000002BC8: BF89FC07
	ds_swizzle_b32 v20, v16 offset:swizzle(SWAP,16)            // 000000002BCC: D8D4401F 14000010
	ds_swizzle_b32 v21, v17 offset:swizzle(SWAP,16)            // 000000002BD4: D8D4401F 15000011
	ds_swizzle_b32 v22, v18 offset:swizzle(SWAP,16)            // 000000002BDC: D8D4401F 16000012
	ds_swizzle_b32 v23, v19 offset:swizzle(SWAP,16)            // 000000002BE4: D8D4401F 17000013
	s_waitcnt lgkmcnt(0)                                       // 000000002BEC: BF89FC07
	v_wmma_f32_16x16x16_bf16 v[104:111], v[8:15], v[16:23], v[104:111]// 000000002BF0: CC414068 1DA22108
	v_lshlrev_b32_e32 v129, 10, v4                             // 000000002BF8: 3102088A
	v_lshl_add_u32 v129, v3, 1, v129                           // 000000002BFC: D6460081 06050303
	v_add_nc_u32_e32 v129, 0x2040, v129                        // 000000002C04: 4B0302FF 00002040
	ds_load_u16 v16, v129                                      // 000000002C0C: D8F00000 10000081
	ds_load_u16_d16_hi v16, v129 offset:128                    // 000000002C14: DA9C0080 10000081
	ds_load_u16 v17, v129 offset:256                           // 000000002C1C: D8F00100 11000081
	ds_load_u16_d16_hi v17, v129 offset:384                    // 000000002C24: DA9C0180 11000081
	ds_load_u16 v18, v129 offset:512                           // 000000002C2C: D8F00200 12000081
	ds_load_u16_d16_hi v18, v129 offset:640                    // 000000002C34: DA9C0280 12000081
	ds_load_u16 v19, v129 offset:768                           // 000000002C3C: D8F00300 13000081
	ds_load_u16_d16_hi v19, v129 offset:896                    // 000000002C44: DA9C0380 13000081
	s_waitcnt lgkmcnt(0)                                       // 000000002C4C: BF89FC07
	ds_swizzle_b32 v20, v16 offset:swizzle(SWAP,16)            // 000000002C50: D8D4401F 14000010
	ds_swizzle_b32 v21, v17 offset:swizzle(SWAP,16)            // 000000002C58: D8D4401F 15000011
	ds_swizzle_b32 v22, v18 offset:swizzle(SWAP,16)            // 000000002C60: D8D4401F 16000012
	ds_swizzle_b32 v23, v19 offset:swizzle(SWAP,16)            // 000000002C68: D8D4401F 17000013
	s_waitcnt lgkmcnt(0)                                       // 000000002C70: BF89FC07
	v_wmma_f32_16x16x16_bf16 v[112:119], v[8:15], v[16:23], v[112:119]// 000000002C74: CC414070 1DC22108
	v_lshlrev_b32_e32 v129, 10, v4                             // 000000002C7C: 3102088A
	v_lshl_add_u32 v129, v3, 1, v129                           // 000000002C80: D6460081 06050303
	v_add_nc_u32_e32 v129, 0x2060, v129                        // 000000002C88: 4B0302FF 00002060
	ds_load_u16 v16, v129                                      // 000000002C90: D8F00000 10000081
	ds_load_u16_d16_hi v16, v129 offset:128                    // 000000002C98: DA9C0080 10000081
	ds_load_u16 v17, v129 offset:256                           // 000000002CA0: D8F00100 11000081
	ds_load_u16_d16_hi v17, v129 offset:384                    // 000000002CA8: DA9C0180 11000081
	ds_load_u16 v18, v129 offset:512                           // 000000002CB0: D8F00200 12000081
	ds_load_u16_d16_hi v18, v129 offset:640                    // 000000002CB8: DA9C0280 12000081
	ds_load_u16 v19, v129 offset:768                           // 000000002CC0: D8F00300 13000081
	ds_load_u16_d16_hi v19, v129 offset:896                    // 000000002CC8: DA9C0380 13000081
	s_waitcnt lgkmcnt(0)                                       // 000000002CD0: BF89FC07
	ds_swizzle_b32 v20, v16 offset:swizzle(SWAP,16)            // 000000002CD4: D8D4401F 14000010
	ds_swizzle_b32 v21, v17 offset:swizzle(SWAP,16)            // 000000002CDC: D8D4401F 15000011
	ds_swizzle_b32 v22, v18 offset:swizzle(SWAP,16)            // 000000002CE4: D8D4401F 16000012
	ds_swizzle_b32 v23, v19 offset:swizzle(SWAP,16)            // 000000002CEC: D8D4401F 17000013
	s_waitcnt lgkmcnt(0)                                       // 000000002CF4: BF89FC07
	v_wmma_f32_16x16x16_bf16 v[120:127], v[8:15], v[16:23], v[120:127]// 000000002CF8: CC414078 1DE22108
	ds_load_b128 v[8:11], v5 offset:32                         // 000000002D00: DBFC0020 08000005
	s_waitcnt lgkmcnt(0)                                       // 000000002D08: BF89FC07
	ds_swizzle_b32 v12, v8 offset:swizzle(SWAP,16)             // 000000002D0C: D8D4401F 0C000008
	ds_swizzle_b32 v13, v9 offset:swizzle(SWAP,16)             // 000000002D14: D8D4401F 0D000009
	ds_swizzle_b32 v14, v10 offset:swizzle(SWAP,16)            // 000000002D1C: D8D4401F 0E00000A
	ds_swizzle_b32 v15, v11 offset:swizzle(SWAP,16)            // 000000002D24: D8D4401F 0F00000B
	s_waitcnt lgkmcnt(0)                                       // 000000002D2C: BF89FC07
	v_lshlrev_b32_e32 v129, 10, v4                             // 000000002D30: 3102088A
	v_lshl_add_u32 v129, v3, 1, v129                           // 000000002D34: D6460081 06050303
	v_add_nc_u32_e32 v129, 0x2800, v129                        // 000000002D3C: 4B0302FF 00002800
	ds_load_u16 v16, v129                                      // 000000002D44: D8F00000 10000081
	ds_load_u16_d16_hi v16, v129 offset:128                    // 000000002D4C: DA9C0080 10000081
	ds_load_u16 v17, v129 offset:256                           // 000000002D54: D8F00100 11000081
	ds_load_u16_d16_hi v17, v129 offset:384                    // 000000002D5C: DA9C0180 11000081
	ds_load_u16 v18, v129 offset:512                           // 000000002D64: D8F00200 12000081
	ds_load_u16_d16_hi v18, v129 offset:640                    // 000000002D6C: DA9C0280 12000081
	ds_load_u16 v19, v129 offset:768                           // 000000002D74: D8F00300 13000081
	ds_load_u16_d16_hi v19, v129 offset:896                    // 000000002D7C: DA9C0380 13000081
	s_waitcnt lgkmcnt(0)                                       // 000000002D84: BF89FC07
	ds_swizzle_b32 v20, v16 offset:swizzle(SWAP,16)            // 000000002D88: D8D4401F 14000010
	ds_swizzle_b32 v21, v17 offset:swizzle(SWAP,16)            // 000000002D90: D8D4401F 15000011
	ds_swizzle_b32 v22, v18 offset:swizzle(SWAP,16)            // 000000002D98: D8D4401F 16000012
	ds_swizzle_b32 v23, v19 offset:swizzle(SWAP,16)            // 000000002DA0: D8D4401F 17000013
	s_waitcnt lgkmcnt(0)                                       // 000000002DA8: BF89FC07
	v_wmma_f32_16x16x16_bf16 v[64:71], v[8:15], v[16:23], v[64:71]// 000000002DAC: CC414040 1D022108
	v_lshlrev_b32_e32 v129, 10, v4                             // 000000002DB4: 3102088A
	v_lshl_add_u32 v129, v3, 1, v129                           // 000000002DB8: D6460081 06050303
	v_add_nc_u32_e32 v129, 0x2820, v129                        // 000000002DC0: 4B0302FF 00002820
	ds_load_u16 v16, v129                                      // 000000002DC8: D8F00000 10000081
	ds_load_u16_d16_hi v16, v129 offset:128                    // 000000002DD0: DA9C0080 10000081
	ds_load_u16 v17, v129 offset:256                           // 000000002DD8: D8F00100 11000081
	ds_load_u16_d16_hi v17, v129 offset:384                    // 000000002DE0: DA9C0180 11000081
	ds_load_u16 v18, v129 offset:512                           // 000000002DE8: D8F00200 12000081
	ds_load_u16_d16_hi v18, v129 offset:640                    // 000000002DF0: DA9C0280 12000081
	ds_load_u16 v19, v129 offset:768                           // 000000002DF8: D8F00300 13000081
	ds_load_u16_d16_hi v19, v129 offset:896                    // 000000002E00: DA9C0380 13000081
	s_waitcnt lgkmcnt(0)                                       // 000000002E08: BF89FC07
	ds_swizzle_b32 v20, v16 offset:swizzle(SWAP,16)            // 000000002E0C: D8D4401F 14000010
	ds_swizzle_b32 v21, v17 offset:swizzle(SWAP,16)            // 000000002E14: D8D4401F 15000011
	ds_swizzle_b32 v22, v18 offset:swizzle(SWAP,16)            // 000000002E1C: D8D4401F 16000012
	ds_swizzle_b32 v23, v19 offset:swizzle(SWAP,16)            // 000000002E24: D8D4401F 17000013
	s_waitcnt lgkmcnt(0)                                       // 000000002E2C: BF89FC07
	v_wmma_f32_16x16x16_bf16 v[72:79], v[8:15], v[16:23], v[72:79]// 000000002E30: CC414048 1D222108
	v_lshlrev_b32_e32 v129, 10, v4                             // 000000002E38: 3102088A
	v_lshl_add_u32 v129, v3, 1, v129                           // 000000002E3C: D6460081 06050303
	v_add_nc_u32_e32 v129, 0x2840, v129                        // 000000002E44: 4B0302FF 00002840
	ds_load_u16 v16, v129                                      // 000000002E4C: D8F00000 10000081
	ds_load_u16_d16_hi v16, v129 offset:128                    // 000000002E54: DA9C0080 10000081
	ds_load_u16 v17, v129 offset:256                           // 000000002E5C: D8F00100 11000081
	ds_load_u16_d16_hi v17, v129 offset:384                    // 000000002E64: DA9C0180 11000081
	ds_load_u16 v18, v129 offset:512                           // 000000002E6C: D8F00200 12000081
	ds_load_u16_d16_hi v18, v129 offset:640                    // 000000002E74: DA9C0280 12000081
	ds_load_u16 v19, v129 offset:768                           // 000000002E7C: D8F00300 13000081
	ds_load_u16_d16_hi v19, v129 offset:896                    // 000000002E84: DA9C0380 13000081
	s_waitcnt lgkmcnt(0)                                       // 000000002E8C: BF89FC07
	ds_swizzle_b32 v20, v16 offset:swizzle(SWAP,16)            // 000000002E90: D8D4401F 14000010
	ds_swizzle_b32 v21, v17 offset:swizzle(SWAP,16)            // 000000002E98: D8D4401F 15000011
	ds_swizzle_b32 v22, v18 offset:swizzle(SWAP,16)            // 000000002EA0: D8D4401F 16000012
	ds_swizzle_b32 v23, v19 offset:swizzle(SWAP,16)            // 000000002EA8: D8D4401F 17000013
	s_waitcnt lgkmcnt(0)                                       // 000000002EB0: BF89FC07
	v_wmma_f32_16x16x16_bf16 v[80:87], v[8:15], v[16:23], v[80:87]// 000000002EB4: CC414050 1D422108
	v_lshlrev_b32_e32 v129, 10, v4                             // 000000002EBC: 3102088A
	v_lshl_add_u32 v129, v3, 1, v129                           // 000000002EC0: D6460081 06050303
	v_add_nc_u32_e32 v129, 0x2860, v129                        // 000000002EC8: 4B0302FF 00002860
	ds_load_u16 v16, v129                                      // 000000002ED0: D8F00000 10000081
	ds_load_u16_d16_hi v16, v129 offset:128                    // 000000002ED8: DA9C0080 10000081
	ds_load_u16 v17, v129 offset:256                           // 000000002EE0: D8F00100 11000081
	ds_load_u16_d16_hi v17, v129 offset:384                    // 000000002EE8: DA9C0180 11000081
	ds_load_u16 v18, v129 offset:512                           // 000000002EF0: D8F00200 12000081
	ds_load_u16_d16_hi v18, v129 offset:640                    // 000000002EF8: DA9C0280 12000081
	ds_load_u16 v19, v129 offset:768                           // 000000002F00: D8F00300 13000081
	ds_load_u16_d16_hi v19, v129 offset:896                    // 000000002F08: DA9C0380 13000081
	s_waitcnt lgkmcnt(0)                                       // 000000002F10: BF89FC07
	ds_swizzle_b32 v20, v16 offset:swizzle(SWAP,16)            // 000000002F14: D8D4401F 14000010
	ds_swizzle_b32 v21, v17 offset:swizzle(SWAP,16)            // 000000002F1C: D8D4401F 15000011
	ds_swizzle_b32 v22, v18 offset:swizzle(SWAP,16)            // 000000002F24: D8D4401F 16000012
	ds_swizzle_b32 v23, v19 offset:swizzle(SWAP,16)            // 000000002F2C: D8D4401F 17000013
	s_waitcnt lgkmcnt(0)                                       // 000000002F34: BF89FC07
	v_wmma_f32_16x16x16_bf16 v[88:95], v[8:15], v[16:23], v[88:95]// 000000002F38: CC414058 1D622108
	ds_load_b128 v[8:11], v7 offset:32                         // 000000002F40: DBFC0020 08000007
	s_waitcnt lgkmcnt(0)                                       // 000000002F48: BF89FC07
	ds_swizzle_b32 v12, v8 offset:swizzle(SWAP,16)             // 000000002F4C: D8D4401F 0C000008
	ds_swizzle_b32 v13, v9 offset:swizzle(SWAP,16)             // 000000002F54: D8D4401F 0D000009
	ds_swizzle_b32 v14, v10 offset:swizzle(SWAP,16)            // 000000002F5C: D8D4401F 0E00000A
	ds_swizzle_b32 v15, v11 offset:swizzle(SWAP,16)            // 000000002F64: D8D4401F 0F00000B
	s_waitcnt lgkmcnt(0)                                       // 000000002F6C: BF89FC07
	v_lshlrev_b32_e32 v129, 10, v4                             // 000000002F70: 3102088A
	v_lshl_add_u32 v129, v3, 1, v129                           // 000000002F74: D6460081 06050303
	v_add_nc_u32_e32 v129, 0x2800, v129                        // 000000002F7C: 4B0302FF 00002800
	ds_load_u16 v16, v129                                      // 000000002F84: D8F00000 10000081
	ds_load_u16_d16_hi v16, v129 offset:128                    // 000000002F8C: DA9C0080 10000081
	ds_load_u16 v17, v129 offset:256                           // 000000002F94: D8F00100 11000081
	ds_load_u16_d16_hi v17, v129 offset:384                    // 000000002F9C: DA9C0180 11000081
	ds_load_u16 v18, v129 offset:512                           // 000000002FA4: D8F00200 12000081
	ds_load_u16_d16_hi v18, v129 offset:640                    // 000000002FAC: DA9C0280 12000081
	ds_load_u16 v19, v129 offset:768                           // 000000002FB4: D8F00300 13000081
	ds_load_u16_d16_hi v19, v129 offset:896                    // 000000002FBC: DA9C0380 13000081
	s_waitcnt lgkmcnt(0)                                       // 000000002FC4: BF89FC07
	ds_swizzle_b32 v20, v16 offset:swizzle(SWAP,16)            // 000000002FC8: D8D4401F 14000010
	ds_swizzle_b32 v21, v17 offset:swizzle(SWAP,16)            // 000000002FD0: D8D4401F 15000011
	ds_swizzle_b32 v22, v18 offset:swizzle(SWAP,16)            // 000000002FD8: D8D4401F 16000012
	ds_swizzle_b32 v23, v19 offset:swizzle(SWAP,16)            // 000000002FE0: D8D4401F 17000013
	s_waitcnt lgkmcnt(0)                                       // 000000002FE8: BF89FC07
	v_wmma_f32_16x16x16_bf16 v[96:103], v[8:15], v[16:23], v[96:103]// 000000002FEC: CC414060 1D822108
	v_lshlrev_b32_e32 v129, 10, v4                             // 000000002FF4: 3102088A
	v_lshl_add_u32 v129, v3, 1, v129                           // 000000002FF8: D6460081 06050303
	v_add_nc_u32_e32 v129, 0x2820, v129                        // 000000003000: 4B0302FF 00002820
	ds_load_u16 v16, v129                                      // 000000003008: D8F00000 10000081
	ds_load_u16_d16_hi v16, v129 offset:128                    // 000000003010: DA9C0080 10000081
	ds_load_u16 v17, v129 offset:256                           // 000000003018: D8F00100 11000081
	ds_load_u16_d16_hi v17, v129 offset:384                    // 000000003020: DA9C0180 11000081
	ds_load_u16 v18, v129 offset:512                           // 000000003028: D8F00200 12000081
	ds_load_u16_d16_hi v18, v129 offset:640                    // 000000003030: DA9C0280 12000081
	ds_load_u16 v19, v129 offset:768                           // 000000003038: D8F00300 13000081
	ds_load_u16_d16_hi v19, v129 offset:896                    // 000000003040: DA9C0380 13000081
	s_waitcnt lgkmcnt(0)                                       // 000000003048: BF89FC07
	ds_swizzle_b32 v20, v16 offset:swizzle(SWAP,16)            // 00000000304C: D8D4401F 14000010
	ds_swizzle_b32 v21, v17 offset:swizzle(SWAP,16)            // 000000003054: D8D4401F 15000011
	ds_swizzle_b32 v22, v18 offset:swizzle(SWAP,16)            // 00000000305C: D8D4401F 16000012
	ds_swizzle_b32 v23, v19 offset:swizzle(SWAP,16)            // 000000003064: D8D4401F 17000013
	s_waitcnt lgkmcnt(0)                                       // 00000000306C: BF89FC07
	v_wmma_f32_16x16x16_bf16 v[104:111], v[8:15], v[16:23], v[104:111]// 000000003070: CC414068 1DA22108
	v_lshlrev_b32_e32 v129, 10, v4                             // 000000003078: 3102088A
	v_lshl_add_u32 v129, v3, 1, v129                           // 00000000307C: D6460081 06050303
	v_add_nc_u32_e32 v129, 0x2840, v129                        // 000000003084: 4B0302FF 00002840
	ds_load_u16 v16, v129                                      // 00000000308C: D8F00000 10000081
	ds_load_u16_d16_hi v16, v129 offset:128                    // 000000003094: DA9C0080 10000081
	ds_load_u16 v17, v129 offset:256                           // 00000000309C: D8F00100 11000081
	ds_load_u16_d16_hi v17, v129 offset:384                    // 0000000030A4: DA9C0180 11000081
	ds_load_u16 v18, v129 offset:512                           // 0000000030AC: D8F00200 12000081
	ds_load_u16_d16_hi v18, v129 offset:640                    // 0000000030B4: DA9C0280 12000081
	ds_load_u16 v19, v129 offset:768                           // 0000000030BC: D8F00300 13000081
	ds_load_u16_d16_hi v19, v129 offset:896                    // 0000000030C4: DA9C0380 13000081
	s_waitcnt lgkmcnt(0)                                       // 0000000030CC: BF89FC07
	ds_swizzle_b32 v20, v16 offset:swizzle(SWAP,16)            // 0000000030D0: D8D4401F 14000010
	ds_swizzle_b32 v21, v17 offset:swizzle(SWAP,16)            // 0000000030D8: D8D4401F 15000011
	ds_swizzle_b32 v22, v18 offset:swizzle(SWAP,16)            // 0000000030E0: D8D4401F 16000012
	ds_swizzle_b32 v23, v19 offset:swizzle(SWAP,16)            // 0000000030E8: D8D4401F 17000013
	s_waitcnt lgkmcnt(0)                                       // 0000000030F0: BF89FC07
	v_wmma_f32_16x16x16_bf16 v[112:119], v[8:15], v[16:23], v[112:119]// 0000000030F4: CC414070 1DC22108
	v_lshlrev_b32_e32 v129, 10, v4                             // 0000000030FC: 3102088A
	v_lshl_add_u32 v129, v3, 1, v129                           // 000000003100: D6460081 06050303
	v_add_nc_u32_e32 v129, 0x2860, v129                        // 000000003108: 4B0302FF 00002860
	ds_load_u16 v16, v129                                      // 000000003110: D8F00000 10000081
	ds_load_u16_d16_hi v16, v129 offset:128                    // 000000003118: DA9C0080 10000081
	ds_load_u16 v17, v129 offset:256                           // 000000003120: D8F00100 11000081
	ds_load_u16_d16_hi v17, v129 offset:384                    // 000000003128: DA9C0180 11000081
	ds_load_u16 v18, v129 offset:512                           // 000000003130: D8F00200 12000081
	ds_load_u16_d16_hi v18, v129 offset:640                    // 000000003138: DA9C0280 12000081
	ds_load_u16 v19, v129 offset:768                           // 000000003140: D8F00300 13000081
	ds_load_u16_d16_hi v19, v129 offset:896                    // 000000003148: DA9C0380 13000081
	s_waitcnt lgkmcnt(0)                                       // 000000003150: BF89FC07
	ds_swizzle_b32 v20, v16 offset:swizzle(SWAP,16)            // 000000003154: D8D4401F 14000010
	ds_swizzle_b32 v21, v17 offset:swizzle(SWAP,16)            // 00000000315C: D8D4401F 15000011
	ds_swizzle_b32 v22, v18 offset:swizzle(SWAP,16)            // 000000003164: D8D4401F 16000012
	ds_swizzle_b32 v23, v19 offset:swizzle(SWAP,16)            // 00000000316C: D8D4401F 17000013
	s_waitcnt lgkmcnt(0)                                       // 000000003174: BF89FC07
	v_wmma_f32_16x16x16_bf16 v[120:127], v[8:15], v[16:23], v[120:127]// 000000003178: CC414078 1DE22108
	ds_load_b128 v[8:11], v5 offset:64                         // 000000003180: DBFC0040 08000005
	s_waitcnt lgkmcnt(0)                                       // 000000003188: BF89FC07
	ds_swizzle_b32 v12, v8 offset:swizzle(SWAP,16)             // 00000000318C: D8D4401F 0C000008
	ds_swizzle_b32 v13, v9 offset:swizzle(SWAP,16)             // 000000003194: D8D4401F 0D000009
	ds_swizzle_b32 v14, v10 offset:swizzle(SWAP,16)            // 00000000319C: D8D4401F 0E00000A
	ds_swizzle_b32 v15, v11 offset:swizzle(SWAP,16)            // 0000000031A4: D8D4401F 0F00000B
	s_waitcnt lgkmcnt(0)                                       // 0000000031AC: BF89FC07
	v_lshlrev_b32_e32 v129, 10, v4                             // 0000000031B0: 3102088A
	v_lshl_add_u32 v129, v3, 1, v129                           // 0000000031B4: D6460081 06050303
	v_add_nc_u32_e32 v129, 0x3000, v129                        // 0000000031BC: 4B0302FF 00003000
	ds_load_u16 v16, v129                                      // 0000000031C4: D8F00000 10000081
	ds_load_u16_d16_hi v16, v129 offset:128                    // 0000000031CC: DA9C0080 10000081
	ds_load_u16 v17, v129 offset:256                           // 0000000031D4: D8F00100 11000081
	ds_load_u16_d16_hi v17, v129 offset:384                    // 0000000031DC: DA9C0180 11000081
	ds_load_u16 v18, v129 offset:512                           // 0000000031E4: D8F00200 12000081
	ds_load_u16_d16_hi v18, v129 offset:640                    // 0000000031EC: DA9C0280 12000081
	ds_load_u16 v19, v129 offset:768                           // 0000000031F4: D8F00300 13000081
	ds_load_u16_d16_hi v19, v129 offset:896                    // 0000000031FC: DA9C0380 13000081
	s_waitcnt lgkmcnt(0)                                       // 000000003204: BF89FC07
	ds_swizzle_b32 v20, v16 offset:swizzle(SWAP,16)            // 000000003208: D8D4401F 14000010
	ds_swizzle_b32 v21, v17 offset:swizzle(SWAP,16)            // 000000003210: D8D4401F 15000011
	ds_swizzle_b32 v22, v18 offset:swizzle(SWAP,16)            // 000000003218: D8D4401F 16000012
	ds_swizzle_b32 v23, v19 offset:swizzle(SWAP,16)            // 000000003220: D8D4401F 17000013
	s_waitcnt lgkmcnt(0)                                       // 000000003228: BF89FC07
	v_wmma_f32_16x16x16_bf16 v[64:71], v[8:15], v[16:23], v[64:71]// 00000000322C: CC414040 1D022108
	v_lshlrev_b32_e32 v129, 10, v4                             // 000000003234: 3102088A
	v_lshl_add_u32 v129, v3, 1, v129                           // 000000003238: D6460081 06050303
	v_add_nc_u32_e32 v129, 0x3020, v129                        // 000000003240: 4B0302FF 00003020
	ds_load_u16 v16, v129                                      // 000000003248: D8F00000 10000081
	ds_load_u16_d16_hi v16, v129 offset:128                    // 000000003250: DA9C0080 10000081
	ds_load_u16 v17, v129 offset:256                           // 000000003258: D8F00100 11000081
	ds_load_u16_d16_hi v17, v129 offset:384                    // 000000003260: DA9C0180 11000081
	ds_load_u16 v18, v129 offset:512                           // 000000003268: D8F00200 12000081
	ds_load_u16_d16_hi v18, v129 offset:640                    // 000000003270: DA9C0280 12000081
	ds_load_u16 v19, v129 offset:768                           // 000000003278: D8F00300 13000081
	ds_load_u16_d16_hi v19, v129 offset:896                    // 000000003280: DA9C0380 13000081
	s_waitcnt lgkmcnt(0)                                       // 000000003288: BF89FC07
	ds_swizzle_b32 v20, v16 offset:swizzle(SWAP,16)            // 00000000328C: D8D4401F 14000010
	ds_swizzle_b32 v21, v17 offset:swizzle(SWAP,16)            // 000000003294: D8D4401F 15000011
	ds_swizzle_b32 v22, v18 offset:swizzle(SWAP,16)            // 00000000329C: D8D4401F 16000012
	ds_swizzle_b32 v23, v19 offset:swizzle(SWAP,16)            // 0000000032A4: D8D4401F 17000013
	s_waitcnt lgkmcnt(0)                                       // 0000000032AC: BF89FC07
	v_wmma_f32_16x16x16_bf16 v[72:79], v[8:15], v[16:23], v[72:79]// 0000000032B0: CC414048 1D222108
	v_lshlrev_b32_e32 v129, 10, v4                             // 0000000032B8: 3102088A
	v_lshl_add_u32 v129, v3, 1, v129                           // 0000000032BC: D6460081 06050303
	v_add_nc_u32_e32 v129, 0x3040, v129                        // 0000000032C4: 4B0302FF 00003040
	ds_load_u16 v16, v129                                      // 0000000032CC: D8F00000 10000081
	ds_load_u16_d16_hi v16, v129 offset:128                    // 0000000032D4: DA9C0080 10000081
	ds_load_u16 v17, v129 offset:256                           // 0000000032DC: D8F00100 11000081
	ds_load_u16_d16_hi v17, v129 offset:384                    // 0000000032E4: DA9C0180 11000081
	ds_load_u16 v18, v129 offset:512                           // 0000000032EC: D8F00200 12000081
	ds_load_u16_d16_hi v18, v129 offset:640                    // 0000000032F4: DA9C0280 12000081
	ds_load_u16 v19, v129 offset:768                           // 0000000032FC: D8F00300 13000081
	ds_load_u16_d16_hi v19, v129 offset:896                    // 000000003304: DA9C0380 13000081
	s_waitcnt lgkmcnt(0)                                       // 00000000330C: BF89FC07
	ds_swizzle_b32 v20, v16 offset:swizzle(SWAP,16)            // 000000003310: D8D4401F 14000010
	ds_swizzle_b32 v21, v17 offset:swizzle(SWAP,16)            // 000000003318: D8D4401F 15000011
	ds_swizzle_b32 v22, v18 offset:swizzle(SWAP,16)            // 000000003320: D8D4401F 16000012
	ds_swizzle_b32 v23, v19 offset:swizzle(SWAP,16)            // 000000003328: D8D4401F 17000013
	s_waitcnt lgkmcnt(0)                                       // 000000003330: BF89FC07
	v_wmma_f32_16x16x16_bf16 v[80:87], v[8:15], v[16:23], v[80:87]// 000000003334: CC414050 1D422108
	v_lshlrev_b32_e32 v129, 10, v4                             // 00000000333C: 3102088A
	v_lshl_add_u32 v129, v3, 1, v129                           // 000000003340: D6460081 06050303
	v_add_nc_u32_e32 v129, 0x3060, v129                        // 000000003348: 4B0302FF 00003060
	ds_load_u16 v16, v129                                      // 000000003350: D8F00000 10000081
	ds_load_u16_d16_hi v16, v129 offset:128                    // 000000003358: DA9C0080 10000081
	ds_load_u16 v17, v129 offset:256                           // 000000003360: D8F00100 11000081
	ds_load_u16_d16_hi v17, v129 offset:384                    // 000000003368: DA9C0180 11000081
	ds_load_u16 v18, v129 offset:512                           // 000000003370: D8F00200 12000081
	ds_load_u16_d16_hi v18, v129 offset:640                    // 000000003378: DA9C0280 12000081
	ds_load_u16 v19, v129 offset:768                           // 000000003380: D8F00300 13000081
	ds_load_u16_d16_hi v19, v129 offset:896                    // 000000003388: DA9C0380 13000081
	s_waitcnt lgkmcnt(0)                                       // 000000003390: BF89FC07
	ds_swizzle_b32 v20, v16 offset:swizzle(SWAP,16)            // 000000003394: D8D4401F 14000010
	ds_swizzle_b32 v21, v17 offset:swizzle(SWAP,16)            // 00000000339C: D8D4401F 15000011
	ds_swizzle_b32 v22, v18 offset:swizzle(SWAP,16)            // 0000000033A4: D8D4401F 16000012
	ds_swizzle_b32 v23, v19 offset:swizzle(SWAP,16)            // 0000000033AC: D8D4401F 17000013
	s_waitcnt lgkmcnt(0)                                       // 0000000033B4: BF89FC07
	v_wmma_f32_16x16x16_bf16 v[88:95], v[8:15], v[16:23], v[88:95]// 0000000033B8: CC414058 1D622108
	ds_load_b128 v[8:11], v7 offset:64                         // 0000000033C0: DBFC0040 08000007
	s_waitcnt lgkmcnt(0)                                       // 0000000033C8: BF89FC07
	ds_swizzle_b32 v12, v8 offset:swizzle(SWAP,16)             // 0000000033CC: D8D4401F 0C000008
	ds_swizzle_b32 v13, v9 offset:swizzle(SWAP,16)             // 0000000033D4: D8D4401F 0D000009
	ds_swizzle_b32 v14, v10 offset:swizzle(SWAP,16)            // 0000000033DC: D8D4401F 0E00000A
	ds_swizzle_b32 v15, v11 offset:swizzle(SWAP,16)            // 0000000033E4: D8D4401F 0F00000B
	s_waitcnt lgkmcnt(0)                                       // 0000000033EC: BF89FC07
	v_lshlrev_b32_e32 v129, 10, v4                             // 0000000033F0: 3102088A
	v_lshl_add_u32 v129, v3, 1, v129                           // 0000000033F4: D6460081 06050303
	v_add_nc_u32_e32 v129, 0x3000, v129                        // 0000000033FC: 4B0302FF 00003000
	ds_load_u16 v16, v129                                      // 000000003404: D8F00000 10000081
	ds_load_u16_d16_hi v16, v129 offset:128                    // 00000000340C: DA9C0080 10000081
	ds_load_u16 v17, v129 offset:256                           // 000000003414: D8F00100 11000081
	ds_load_u16_d16_hi v17, v129 offset:384                    // 00000000341C: DA9C0180 11000081
	ds_load_u16 v18, v129 offset:512                           // 000000003424: D8F00200 12000081
	ds_load_u16_d16_hi v18, v129 offset:640                    // 00000000342C: DA9C0280 12000081
	ds_load_u16 v19, v129 offset:768                           // 000000003434: D8F00300 13000081
	ds_load_u16_d16_hi v19, v129 offset:896                    // 00000000343C: DA9C0380 13000081
	s_waitcnt lgkmcnt(0)                                       // 000000003444: BF89FC07
	ds_swizzle_b32 v20, v16 offset:swizzle(SWAP,16)            // 000000003448: D8D4401F 14000010
	ds_swizzle_b32 v21, v17 offset:swizzle(SWAP,16)            // 000000003450: D8D4401F 15000011
	ds_swizzle_b32 v22, v18 offset:swizzle(SWAP,16)            // 000000003458: D8D4401F 16000012
	ds_swizzle_b32 v23, v19 offset:swizzle(SWAP,16)            // 000000003460: D8D4401F 17000013
	s_waitcnt lgkmcnt(0)                                       // 000000003468: BF89FC07
	v_wmma_f32_16x16x16_bf16 v[96:103], v[8:15], v[16:23], v[96:103]// 00000000346C: CC414060 1D822108
	v_lshlrev_b32_e32 v129, 10, v4                             // 000000003474: 3102088A
	v_lshl_add_u32 v129, v3, 1, v129                           // 000000003478: D6460081 06050303
	v_add_nc_u32_e32 v129, 0x3020, v129                        // 000000003480: 4B0302FF 00003020
	ds_load_u16 v16, v129                                      // 000000003488: D8F00000 10000081
	ds_load_u16_d16_hi v16, v129 offset:128                    // 000000003490: DA9C0080 10000081
	ds_load_u16 v17, v129 offset:256                           // 000000003498: D8F00100 11000081
	ds_load_u16_d16_hi v17, v129 offset:384                    // 0000000034A0: DA9C0180 11000081
	ds_load_u16 v18, v129 offset:512                           // 0000000034A8: D8F00200 12000081
	ds_load_u16_d16_hi v18, v129 offset:640                    // 0000000034B0: DA9C0280 12000081
	ds_load_u16 v19, v129 offset:768                           // 0000000034B8: D8F00300 13000081
	ds_load_u16_d16_hi v19, v129 offset:896                    // 0000000034C0: DA9C0380 13000081
	s_waitcnt lgkmcnt(0)                                       // 0000000034C8: BF89FC07
	ds_swizzle_b32 v20, v16 offset:swizzle(SWAP,16)            // 0000000034CC: D8D4401F 14000010
	ds_swizzle_b32 v21, v17 offset:swizzle(SWAP,16)            // 0000000034D4: D8D4401F 15000011
	ds_swizzle_b32 v22, v18 offset:swizzle(SWAP,16)            // 0000000034DC: D8D4401F 16000012
	ds_swizzle_b32 v23, v19 offset:swizzle(SWAP,16)            // 0000000034E4: D8D4401F 17000013
	s_waitcnt lgkmcnt(0)                                       // 0000000034EC: BF89FC07
	v_wmma_f32_16x16x16_bf16 v[104:111], v[8:15], v[16:23], v[104:111]// 0000000034F0: CC414068 1DA22108
	v_lshlrev_b32_e32 v129, 10, v4                             // 0000000034F8: 3102088A
	v_lshl_add_u32 v129, v3, 1, v129                           // 0000000034FC: D6460081 06050303
	v_add_nc_u32_e32 v129, 0x3040, v129                        // 000000003504: 4B0302FF 00003040
	ds_load_u16 v16, v129                                      // 00000000350C: D8F00000 10000081
	ds_load_u16_d16_hi v16, v129 offset:128                    // 000000003514: DA9C0080 10000081
	ds_load_u16 v17, v129 offset:256                           // 00000000351C: D8F00100 11000081
	ds_load_u16_d16_hi v17, v129 offset:384                    // 000000003524: DA9C0180 11000081
	ds_load_u16 v18, v129 offset:512                           // 00000000352C: D8F00200 12000081
	ds_load_u16_d16_hi v18, v129 offset:640                    // 000000003534: DA9C0280 12000081
	ds_load_u16 v19, v129 offset:768                           // 00000000353C: D8F00300 13000081
	ds_load_u16_d16_hi v19, v129 offset:896                    // 000000003544: DA9C0380 13000081
	s_waitcnt lgkmcnt(0)                                       // 00000000354C: BF89FC07
	ds_swizzle_b32 v20, v16 offset:swizzle(SWAP,16)            // 000000003550: D8D4401F 14000010
	ds_swizzle_b32 v21, v17 offset:swizzle(SWAP,16)            // 000000003558: D8D4401F 15000011
	ds_swizzle_b32 v22, v18 offset:swizzle(SWAP,16)            // 000000003560: D8D4401F 16000012
	ds_swizzle_b32 v23, v19 offset:swizzle(SWAP,16)            // 000000003568: D8D4401F 17000013
	s_waitcnt lgkmcnt(0)                                       // 000000003570: BF89FC07
	v_wmma_f32_16x16x16_bf16 v[112:119], v[8:15], v[16:23], v[112:119]// 000000003574: CC414070 1DC22108
	v_lshlrev_b32_e32 v129, 10, v4                             // 00000000357C: 3102088A
	v_lshl_add_u32 v129, v3, 1, v129                           // 000000003580: D6460081 06050303
	v_add_nc_u32_e32 v129, 0x3060, v129                        // 000000003588: 4B0302FF 00003060
	ds_load_u16 v16, v129                                      // 000000003590: D8F00000 10000081
	ds_load_u16_d16_hi v16, v129 offset:128                    // 000000003598: DA9C0080 10000081
	ds_load_u16 v17, v129 offset:256                           // 0000000035A0: D8F00100 11000081
	ds_load_u16_d16_hi v17, v129 offset:384                    // 0000000035A8: DA9C0180 11000081
	ds_load_u16 v18, v129 offset:512                           // 0000000035B0: D8F00200 12000081
	ds_load_u16_d16_hi v18, v129 offset:640                    // 0000000035B8: DA9C0280 12000081
	ds_load_u16 v19, v129 offset:768                           // 0000000035C0: D8F00300 13000081
	ds_load_u16_d16_hi v19, v129 offset:896                    // 0000000035C8: DA9C0380 13000081
	s_waitcnt lgkmcnt(0)                                       // 0000000035D0: BF89FC07
	ds_swizzle_b32 v20, v16 offset:swizzle(SWAP,16)            // 0000000035D4: D8D4401F 14000010
	ds_swizzle_b32 v21, v17 offset:swizzle(SWAP,16)            // 0000000035DC: D8D4401F 15000011
	ds_swizzle_b32 v22, v18 offset:swizzle(SWAP,16)            // 0000000035E4: D8D4401F 16000012
	ds_swizzle_b32 v23, v19 offset:swizzle(SWAP,16)            // 0000000035EC: D8D4401F 17000013
	s_waitcnt lgkmcnt(0)                                       // 0000000035F4: BF89FC07
	v_wmma_f32_16x16x16_bf16 v[120:127], v[8:15], v[16:23], v[120:127]// 0000000035F8: CC414078 1DE22108
	ds_load_b128 v[8:11], v5 offset:96                         // 000000003600: DBFC0060 08000005
	s_waitcnt lgkmcnt(0)                                       // 000000003608: BF89FC07
	ds_swizzle_b32 v12, v8 offset:swizzle(SWAP,16)             // 00000000360C: D8D4401F 0C000008
	ds_swizzle_b32 v13, v9 offset:swizzle(SWAP,16)             // 000000003614: D8D4401F 0D000009
	ds_swizzle_b32 v14, v10 offset:swizzle(SWAP,16)            // 00000000361C: D8D4401F 0E00000A
	ds_swizzle_b32 v15, v11 offset:swizzle(SWAP,16)            // 000000003624: D8D4401F 0F00000B
	s_waitcnt lgkmcnt(0)                                       // 00000000362C: BF89FC07
	v_lshlrev_b32_e32 v129, 10, v4                             // 000000003630: 3102088A
	v_lshl_add_u32 v129, v3, 1, v129                           // 000000003634: D6460081 06050303
	v_add_nc_u32_e32 v129, 0x3800, v129                        // 00000000363C: 4B0302FF 00003800
	ds_load_u16 v16, v129                                      // 000000003644: D8F00000 10000081
	ds_load_u16_d16_hi v16, v129 offset:128                    // 00000000364C: DA9C0080 10000081
	ds_load_u16 v17, v129 offset:256                           // 000000003654: D8F00100 11000081
	ds_load_u16_d16_hi v17, v129 offset:384                    // 00000000365C: DA9C0180 11000081
	ds_load_u16 v18, v129 offset:512                           // 000000003664: D8F00200 12000081
	ds_load_u16_d16_hi v18, v129 offset:640                    // 00000000366C: DA9C0280 12000081
	ds_load_u16 v19, v129 offset:768                           // 000000003674: D8F00300 13000081
	ds_load_u16_d16_hi v19, v129 offset:896                    // 00000000367C: DA9C0380 13000081
	s_waitcnt lgkmcnt(0)                                       // 000000003684: BF89FC07
	ds_swizzle_b32 v20, v16 offset:swizzle(SWAP,16)            // 000000003688: D8D4401F 14000010
	ds_swizzle_b32 v21, v17 offset:swizzle(SWAP,16)            // 000000003690: D8D4401F 15000011
	ds_swizzle_b32 v22, v18 offset:swizzle(SWAP,16)            // 000000003698: D8D4401F 16000012
	ds_swizzle_b32 v23, v19 offset:swizzle(SWAP,16)            // 0000000036A0: D8D4401F 17000013
	s_waitcnt lgkmcnt(0)                                       // 0000000036A8: BF89FC07
	v_wmma_f32_16x16x16_bf16 v[64:71], v[8:15], v[16:23], v[64:71]// 0000000036AC: CC414040 1D022108
	v_lshlrev_b32_e32 v129, 10, v4                             // 0000000036B4: 3102088A
	v_lshl_add_u32 v129, v3, 1, v129                           // 0000000036B8: D6460081 06050303
	v_add_nc_u32_e32 v129, 0x3820, v129                        // 0000000036C0: 4B0302FF 00003820
	ds_load_u16 v16, v129                                      // 0000000036C8: D8F00000 10000081
	ds_load_u16_d16_hi v16, v129 offset:128                    // 0000000036D0: DA9C0080 10000081
	ds_load_u16 v17, v129 offset:256                           // 0000000036D8: D8F00100 11000081
	ds_load_u16_d16_hi v17, v129 offset:384                    // 0000000036E0: DA9C0180 11000081
	ds_load_u16 v18, v129 offset:512                           // 0000000036E8: D8F00200 12000081
	ds_load_u16_d16_hi v18, v129 offset:640                    // 0000000036F0: DA9C0280 12000081
	ds_load_u16 v19, v129 offset:768                           // 0000000036F8: D8F00300 13000081
	ds_load_u16_d16_hi v19, v129 offset:896                    // 000000003700: DA9C0380 13000081
	s_waitcnt lgkmcnt(0)                                       // 000000003708: BF89FC07
	ds_swizzle_b32 v20, v16 offset:swizzle(SWAP,16)            // 00000000370C: D8D4401F 14000010
	ds_swizzle_b32 v21, v17 offset:swizzle(SWAP,16)            // 000000003714: D8D4401F 15000011
	ds_swizzle_b32 v22, v18 offset:swizzle(SWAP,16)            // 00000000371C: D8D4401F 16000012
	ds_swizzle_b32 v23, v19 offset:swizzle(SWAP,16)            // 000000003724: D8D4401F 17000013
	s_waitcnt lgkmcnt(0)                                       // 00000000372C: BF89FC07
	v_wmma_f32_16x16x16_bf16 v[72:79], v[8:15], v[16:23], v[72:79]// 000000003730: CC414048 1D222108
	v_lshlrev_b32_e32 v129, 10, v4                             // 000000003738: 3102088A
	v_lshl_add_u32 v129, v3, 1, v129                           // 00000000373C: D6460081 06050303
	v_add_nc_u32_e32 v129, 0x3840, v129                        // 000000003744: 4B0302FF 00003840
	ds_load_u16 v16, v129                                      // 00000000374C: D8F00000 10000081
	ds_load_u16_d16_hi v16, v129 offset:128                    // 000000003754: DA9C0080 10000081
	ds_load_u16 v17, v129 offset:256                           // 00000000375C: D8F00100 11000081
	ds_load_u16_d16_hi v17, v129 offset:384                    // 000000003764: DA9C0180 11000081
	ds_load_u16 v18, v129 offset:512                           // 00000000376C: D8F00200 12000081
	ds_load_u16_d16_hi v18, v129 offset:640                    // 000000003774: DA9C0280 12000081
	ds_load_u16 v19, v129 offset:768                           // 00000000377C: D8F00300 13000081
	ds_load_u16_d16_hi v19, v129 offset:896                    // 000000003784: DA9C0380 13000081
	s_waitcnt lgkmcnt(0)                                       // 00000000378C: BF89FC07
	ds_swizzle_b32 v20, v16 offset:swizzle(SWAP,16)            // 000000003790: D8D4401F 14000010
	ds_swizzle_b32 v21, v17 offset:swizzle(SWAP,16)            // 000000003798: D8D4401F 15000011
	ds_swizzle_b32 v22, v18 offset:swizzle(SWAP,16)            // 0000000037A0: D8D4401F 16000012
	ds_swizzle_b32 v23, v19 offset:swizzle(SWAP,16)            // 0000000037A8: D8D4401F 17000013
	s_waitcnt lgkmcnt(0)                                       // 0000000037B0: BF89FC07
	v_wmma_f32_16x16x16_bf16 v[80:87], v[8:15], v[16:23], v[80:87]// 0000000037B4: CC414050 1D422108
	v_lshlrev_b32_e32 v129, 10, v4                             // 0000000037BC: 3102088A
	v_lshl_add_u32 v129, v3, 1, v129                           // 0000000037C0: D6460081 06050303
	v_add_nc_u32_e32 v129, 0x3860, v129                        // 0000000037C8: 4B0302FF 00003860
	ds_load_u16 v16, v129                                      // 0000000037D0: D8F00000 10000081
	ds_load_u16_d16_hi v16, v129 offset:128                    // 0000000037D8: DA9C0080 10000081
	ds_load_u16 v17, v129 offset:256                           // 0000000037E0: D8F00100 11000081
	ds_load_u16_d16_hi v17, v129 offset:384                    // 0000000037E8: DA9C0180 11000081
	ds_load_u16 v18, v129 offset:512                           // 0000000037F0: D8F00200 12000081
	ds_load_u16_d16_hi v18, v129 offset:640                    // 0000000037F8: DA9C0280 12000081
	ds_load_u16 v19, v129 offset:768                           // 000000003800: D8F00300 13000081
	ds_load_u16_d16_hi v19, v129 offset:896                    // 000000003808: DA9C0380 13000081
	s_waitcnt lgkmcnt(0)                                       // 000000003810: BF89FC07
	ds_swizzle_b32 v20, v16 offset:swizzle(SWAP,16)            // 000000003814: D8D4401F 14000010
	ds_swizzle_b32 v21, v17 offset:swizzle(SWAP,16)            // 00000000381C: D8D4401F 15000011
	ds_swizzle_b32 v22, v18 offset:swizzle(SWAP,16)            // 000000003824: D8D4401F 16000012
	ds_swizzle_b32 v23, v19 offset:swizzle(SWAP,16)            // 00000000382C: D8D4401F 17000013
	s_waitcnt lgkmcnt(0)                                       // 000000003834: BF89FC07
	v_wmma_f32_16x16x16_bf16 v[88:95], v[8:15], v[16:23], v[88:95]// 000000003838: CC414058 1D622108
	ds_load_b128 v[8:11], v7 offset:96                         // 000000003840: DBFC0060 08000007
	s_waitcnt lgkmcnt(0)                                       // 000000003848: BF89FC07
	ds_swizzle_b32 v12, v8 offset:swizzle(SWAP,16)             // 00000000384C: D8D4401F 0C000008
	ds_swizzle_b32 v13, v9 offset:swizzle(SWAP,16)             // 000000003854: D8D4401F 0D000009
	ds_swizzle_b32 v14, v10 offset:swizzle(SWAP,16)            // 00000000385C: D8D4401F 0E00000A
	ds_swizzle_b32 v15, v11 offset:swizzle(SWAP,16)            // 000000003864: D8D4401F 0F00000B
	s_waitcnt lgkmcnt(0)                                       // 00000000386C: BF89FC07
	v_lshlrev_b32_e32 v129, 10, v4                             // 000000003870: 3102088A
	v_lshl_add_u32 v129, v3, 1, v129                           // 000000003874: D6460081 06050303
	v_add_nc_u32_e32 v129, 0x3800, v129                        // 00000000387C: 4B0302FF 00003800
	ds_load_u16 v16, v129                                      // 000000003884: D8F00000 10000081
	ds_load_u16_d16_hi v16, v129 offset:128                    // 00000000388C: DA9C0080 10000081
	ds_load_u16 v17, v129 offset:256                           // 000000003894: D8F00100 11000081
	ds_load_u16_d16_hi v17, v129 offset:384                    // 00000000389C: DA9C0180 11000081
	ds_load_u16 v18, v129 offset:512                           // 0000000038A4: D8F00200 12000081
	ds_load_u16_d16_hi v18, v129 offset:640                    // 0000000038AC: DA9C0280 12000081
	ds_load_u16 v19, v129 offset:768                           // 0000000038B4: D8F00300 13000081
	ds_load_u16_d16_hi v19, v129 offset:896                    // 0000000038BC: DA9C0380 13000081
	s_waitcnt lgkmcnt(0)                                       // 0000000038C4: BF89FC07
	ds_swizzle_b32 v20, v16 offset:swizzle(SWAP,16)            // 0000000038C8: D8D4401F 14000010
	ds_swizzle_b32 v21, v17 offset:swizzle(SWAP,16)            // 0000000038D0: D8D4401F 15000011
	ds_swizzle_b32 v22, v18 offset:swizzle(SWAP,16)            // 0000000038D8: D8D4401F 16000012
	ds_swizzle_b32 v23, v19 offset:swizzle(SWAP,16)            // 0000000038E0: D8D4401F 17000013
	s_waitcnt lgkmcnt(0)                                       // 0000000038E8: BF89FC07
	v_wmma_f32_16x16x16_bf16 v[96:103], v[8:15], v[16:23], v[96:103]// 0000000038EC: CC414060 1D822108
	v_lshlrev_b32_e32 v129, 10, v4                             // 0000000038F4: 3102088A
	v_lshl_add_u32 v129, v3, 1, v129                           // 0000000038F8: D6460081 06050303
	v_add_nc_u32_e32 v129, 0x3820, v129                        // 000000003900: 4B0302FF 00003820
	ds_load_u16 v16, v129                                      // 000000003908: D8F00000 10000081
	ds_load_u16_d16_hi v16, v129 offset:128                    // 000000003910: DA9C0080 10000081
	ds_load_u16 v17, v129 offset:256                           // 000000003918: D8F00100 11000081
	ds_load_u16_d16_hi v17, v129 offset:384                    // 000000003920: DA9C0180 11000081
	ds_load_u16 v18, v129 offset:512                           // 000000003928: D8F00200 12000081
	ds_load_u16_d16_hi v18, v129 offset:640                    // 000000003930: DA9C0280 12000081
	ds_load_u16 v19, v129 offset:768                           // 000000003938: D8F00300 13000081
	ds_load_u16_d16_hi v19, v129 offset:896                    // 000000003940: DA9C0380 13000081
	s_waitcnt lgkmcnt(0)                                       // 000000003948: BF89FC07
	ds_swizzle_b32 v20, v16 offset:swizzle(SWAP,16)            // 00000000394C: D8D4401F 14000010
	ds_swizzle_b32 v21, v17 offset:swizzle(SWAP,16)            // 000000003954: D8D4401F 15000011
	ds_swizzle_b32 v22, v18 offset:swizzle(SWAP,16)            // 00000000395C: D8D4401F 16000012
	ds_swizzle_b32 v23, v19 offset:swizzle(SWAP,16)            // 000000003964: D8D4401F 17000013
	s_waitcnt lgkmcnt(0)                                       // 00000000396C: BF89FC07
	v_wmma_f32_16x16x16_bf16 v[104:111], v[8:15], v[16:23], v[104:111]// 000000003970: CC414068 1DA22108
	v_lshlrev_b32_e32 v129, 10, v4                             // 000000003978: 3102088A
	v_lshl_add_u32 v129, v3, 1, v129                           // 00000000397C: D6460081 06050303
	v_add_nc_u32_e32 v129, 0x3840, v129                        // 000000003984: 4B0302FF 00003840
	ds_load_u16 v16, v129                                      // 00000000398C: D8F00000 10000081
	ds_load_u16_d16_hi v16, v129 offset:128                    // 000000003994: DA9C0080 10000081
	ds_load_u16 v17, v129 offset:256                           // 00000000399C: D8F00100 11000081
	ds_load_u16_d16_hi v17, v129 offset:384                    // 0000000039A4: DA9C0180 11000081
	ds_load_u16 v18, v129 offset:512                           // 0000000039AC: D8F00200 12000081
	ds_load_u16_d16_hi v18, v129 offset:640                    // 0000000039B4: DA9C0280 12000081
	ds_load_u16 v19, v129 offset:768                           // 0000000039BC: D8F00300 13000081
	ds_load_u16_d16_hi v19, v129 offset:896                    // 0000000039C4: DA9C0380 13000081
	s_waitcnt lgkmcnt(0)                                       // 0000000039CC: BF89FC07
	ds_swizzle_b32 v20, v16 offset:swizzle(SWAP,16)            // 0000000039D0: D8D4401F 14000010
	ds_swizzle_b32 v21, v17 offset:swizzle(SWAP,16)            // 0000000039D8: D8D4401F 15000011
	ds_swizzle_b32 v22, v18 offset:swizzle(SWAP,16)            // 0000000039E0: D8D4401F 16000012
	ds_swizzle_b32 v23, v19 offset:swizzle(SWAP,16)            // 0000000039E8: D8D4401F 17000013
	s_waitcnt lgkmcnt(0)                                       // 0000000039F0: BF89FC07
	v_wmma_f32_16x16x16_bf16 v[112:119], v[8:15], v[16:23], v[112:119]// 0000000039F4: CC414070 1DC22108
	v_lshlrev_b32_e32 v129, 10, v4                             // 0000000039FC: 3102088A
	v_lshl_add_u32 v129, v3, 1, v129                           // 000000003A00: D6460081 06050303
	v_add_nc_u32_e32 v129, 0x3860, v129                        // 000000003A08: 4B0302FF 00003860
	ds_load_u16 v16, v129                                      // 000000003A10: D8F00000 10000081
	ds_load_u16_d16_hi v16, v129 offset:128                    // 000000003A18: DA9C0080 10000081
	ds_load_u16 v17, v129 offset:256                           // 000000003A20: D8F00100 11000081
	ds_load_u16_d16_hi v17, v129 offset:384                    // 000000003A28: DA9C0180 11000081
	ds_load_u16 v18, v129 offset:512                           // 000000003A30: D8F00200 12000081
	ds_load_u16_d16_hi v18, v129 offset:640                    // 000000003A38: DA9C0280 12000081
	ds_load_u16 v19, v129 offset:768                           // 000000003A40: D8F00300 13000081
	ds_load_u16_d16_hi v19, v129 offset:896                    // 000000003A48: DA9C0380 13000081
	s_waitcnt lgkmcnt(0)                                       // 000000003A50: BF89FC07
	ds_swizzle_b32 v20, v16 offset:swizzle(SWAP,16)            // 000000003A54: D8D4401F 14000010
	ds_swizzle_b32 v21, v17 offset:swizzle(SWAP,16)            // 000000003A5C: D8D4401F 15000011
	ds_swizzle_b32 v22, v18 offset:swizzle(SWAP,16)            // 000000003A64: D8D4401F 16000012
	ds_swizzle_b32 v23, v19 offset:swizzle(SWAP,16)            // 000000003A6C: D8D4401F 17000013
	s_waitcnt lgkmcnt(0)                                       // 000000003A74: BF89FC07
	v_wmma_f32_16x16x16_bf16 v[120:127], v[8:15], v[16:23], v[120:127]// 000000003A78: CC414078 1DE22108
	v_lshrrev_b32_e32 v130, 16, v64                            // 000000003A80: 33048090
	v_and_b32_e32 v130, 1, v130                                // 000000003A84: 37050481
	v_add_nc_u32_e32 v131, 0x7fff, v64                         // 000000003A88: 4B0680FF 00007FFF
	v_add_nc_u32_e32 v131, v130, v131                          // 000000003A90: 4B070782
	v_lshrrev_b32_e32 v131, 16, v131                           // 000000003A94: 33070690
	v_add_nc_u32_e32 v132, 0, v6                               // 000000003A98: 4B080C80
	v_add_nc_u32_e32 v133, s27, v132                           // 000000003A9C: 4B0B081B
	v_lshlrev_b32_e32 v134, 13, v133                           // 000000003AA0: 310D0A8D
	v_add_nc_u32_e32 v134, s37, v134                           // 000000003AA4: 4B0D0C25
	v_lshl_add_u32 v134, v3, 1, v134                           // 000000003AA8: D6460086 06190303
	v_add_nc_u32_e32 v134, 0, v134                             // 000000003AB0: 4B0D0C80
	global_store_b16 v134, v131, s[16:17]                      // 000000003AB4: DC660000 00108386
	v_lshrrev_b32_e32 v130, 16, v65                            // 000000003ABC: 33048290
	v_and_b32_e32 v130, 1, v130                                // 000000003AC0: 37050481
	v_add_nc_u32_e32 v131, 0x7fff, v65                         // 000000003AC4: 4B0682FF 00007FFF
	v_add_nc_u32_e32 v131, v130, v131                          // 000000003ACC: 4B070782
	v_lshrrev_b32_e32 v131, 16, v131                           // 000000003AD0: 33070690
	v_add_nc_u32_e32 v132, 2, v6                               // 000000003AD4: 4B080C82
	v_add_nc_u32_e32 v133, s27, v132                           // 000000003AD8: 4B0B081B
	v_lshlrev_b32_e32 v134, 13, v133                           // 000000003ADC: 310D0A8D
	v_add_nc_u32_e32 v134, s37, v134                           // 000000003AE0: 4B0D0C25
	v_lshl_add_u32 v134, v3, 1, v134                           // 000000003AE4: D6460086 06190303
	v_add_nc_u32_e32 v134, 0, v134                             // 000000003AEC: 4B0D0C80
	global_store_b16 v134, v131, s[16:17]                      // 000000003AF0: DC660000 00108386
	v_lshrrev_b32_e32 v130, 16, v66                            // 000000003AF8: 33048490
	v_and_b32_e32 v130, 1, v130                                // 000000003AFC: 37050481
	v_add_nc_u32_e32 v131, 0x7fff, v66                         // 000000003B00: 4B0684FF 00007FFF
	v_add_nc_u32_e32 v131, v130, v131                          // 000000003B08: 4B070782
	v_lshrrev_b32_e32 v131, 16, v131                           // 000000003B0C: 33070690
	v_add_nc_u32_e32 v132, 4, v6                               // 000000003B10: 4B080C84
	v_add_nc_u32_e32 v133, s27, v132                           // 000000003B14: 4B0B081B
	v_lshlrev_b32_e32 v134, 13, v133                           // 000000003B18: 310D0A8D
	v_add_nc_u32_e32 v134, s37, v134                           // 000000003B1C: 4B0D0C25
	v_lshl_add_u32 v134, v3, 1, v134                           // 000000003B20: D6460086 06190303
	v_add_nc_u32_e32 v134, 0, v134                             // 000000003B28: 4B0D0C80
	global_store_b16 v134, v131, s[16:17]                      // 000000003B2C: DC660000 00108386
	v_lshrrev_b32_e32 v130, 16, v67                            // 000000003B34: 33048690
	v_and_b32_e32 v130, 1, v130                                // 000000003B38: 37050481
	v_add_nc_u32_e32 v131, 0x7fff, v67                         // 000000003B3C: 4B0686FF 00007FFF
	v_add_nc_u32_e32 v131, v130, v131                          // 000000003B44: 4B070782
	v_lshrrev_b32_e32 v131, 16, v131                           // 000000003B48: 33070690
	v_add_nc_u32_e32 v132, 6, v6                               // 000000003B4C: 4B080C86
	v_add_nc_u32_e32 v133, s27, v132                           // 000000003B50: 4B0B081B
	v_lshlrev_b32_e32 v134, 13, v133                           // 000000003B54: 310D0A8D
	v_add_nc_u32_e32 v134, s37, v134                           // 000000003B58: 4B0D0C25
	v_lshl_add_u32 v134, v3, 1, v134                           // 000000003B5C: D6460086 06190303
	v_add_nc_u32_e32 v134, 0, v134                             // 000000003B64: 4B0D0C80
	global_store_b16 v134, v131, s[16:17]                      // 000000003B68: DC660000 00108386
	v_lshrrev_b32_e32 v130, 16, v68                            // 000000003B70: 33048890
	v_and_b32_e32 v130, 1, v130                                // 000000003B74: 37050481
	v_add_nc_u32_e32 v131, 0x7fff, v68                         // 000000003B78: 4B0688FF 00007FFF
	v_add_nc_u32_e32 v131, v130, v131                          // 000000003B80: 4B070782
	v_lshrrev_b32_e32 v131, 16, v131                           // 000000003B84: 33070690
	v_add_nc_u32_e32 v132, 8, v6                               // 000000003B88: 4B080C88
	v_add_nc_u32_e32 v133, s27, v132                           // 000000003B8C: 4B0B081B
	v_lshlrev_b32_e32 v134, 13, v133                           // 000000003B90: 310D0A8D
	v_add_nc_u32_e32 v134, s37, v134                           // 000000003B94: 4B0D0C25
	v_lshl_add_u32 v134, v3, 1, v134                           // 000000003B98: D6460086 06190303
	v_add_nc_u32_e32 v134, 0, v134                             // 000000003BA0: 4B0D0C80
	global_store_b16 v134, v131, s[16:17]                      // 000000003BA4: DC660000 00108386
	v_lshrrev_b32_e32 v130, 16, v69                            // 000000003BAC: 33048A90
	v_and_b32_e32 v130, 1, v130                                // 000000003BB0: 37050481
	v_add_nc_u32_e32 v131, 0x7fff, v69                         // 000000003BB4: 4B068AFF 00007FFF
	v_add_nc_u32_e32 v131, v130, v131                          // 000000003BBC: 4B070782
	v_lshrrev_b32_e32 v131, 16, v131                           // 000000003BC0: 33070690
	v_add_nc_u32_e32 v132, 10, v6                              // 000000003BC4: 4B080C8A
	v_add_nc_u32_e32 v133, s27, v132                           // 000000003BC8: 4B0B081B
	v_lshlrev_b32_e32 v134, 13, v133                           // 000000003BCC: 310D0A8D
	v_add_nc_u32_e32 v134, s37, v134                           // 000000003BD0: 4B0D0C25
	v_lshl_add_u32 v134, v3, 1, v134                           // 000000003BD4: D6460086 06190303
	v_add_nc_u32_e32 v134, 0, v134                             // 000000003BDC: 4B0D0C80
	global_store_b16 v134, v131, s[16:17]                      // 000000003BE0: DC660000 00108386
	v_lshrrev_b32_e32 v130, 16, v70                            // 000000003BE8: 33048C90
	v_and_b32_e32 v130, 1, v130                                // 000000003BEC: 37050481
	v_add_nc_u32_e32 v131, 0x7fff, v70                         // 000000003BF0: 4B068CFF 00007FFF
	v_add_nc_u32_e32 v131, v130, v131                          // 000000003BF8: 4B070782
	v_lshrrev_b32_e32 v131, 16, v131                           // 000000003BFC: 33070690
	v_add_nc_u32_e32 v132, 12, v6                              // 000000003C00: 4B080C8C
	v_add_nc_u32_e32 v133, s27, v132                           // 000000003C04: 4B0B081B
	v_lshlrev_b32_e32 v134, 13, v133                           // 000000003C08: 310D0A8D
	v_add_nc_u32_e32 v134, s37, v134                           // 000000003C0C: 4B0D0C25
	v_lshl_add_u32 v134, v3, 1, v134                           // 000000003C10: D6460086 06190303
	v_add_nc_u32_e32 v134, 0, v134                             // 000000003C18: 4B0D0C80
	global_store_b16 v134, v131, s[16:17]                      // 000000003C1C: DC660000 00108386
	v_lshrrev_b32_e32 v130, 16, v71                            // 000000003C24: 33048E90
	v_and_b32_e32 v130, 1, v130                                // 000000003C28: 37050481
	v_add_nc_u32_e32 v131, 0x7fff, v71                         // 000000003C2C: 4B068EFF 00007FFF
	v_add_nc_u32_e32 v131, v130, v131                          // 000000003C34: 4B070782
	v_lshrrev_b32_e32 v131, 16, v131                           // 000000003C38: 33070690
	v_add_nc_u32_e32 v132, 14, v6                              // 000000003C3C: 4B080C8E
	v_add_nc_u32_e32 v133, s27, v132                           // 000000003C40: 4B0B081B
	v_lshlrev_b32_e32 v134, 13, v133                           // 000000003C44: 310D0A8D
	v_add_nc_u32_e32 v134, s37, v134                           // 000000003C48: 4B0D0C25
	v_lshl_add_u32 v134, v3, 1, v134                           // 000000003C4C: D6460086 06190303
	v_add_nc_u32_e32 v134, 0, v134                             // 000000003C54: 4B0D0C80
	global_store_b16 v134, v131, s[16:17]                      // 000000003C58: DC660000 00108386
	v_lshrrev_b32_e32 v130, 16, v72                            // 000000003C60: 33049090
	v_and_b32_e32 v130, 1, v130                                // 000000003C64: 37050481
	v_add_nc_u32_e32 v131, 0x7fff, v72                         // 000000003C68: 4B0690FF 00007FFF
	v_add_nc_u32_e32 v131, v130, v131                          // 000000003C70: 4B070782
	v_lshrrev_b32_e32 v131, 16, v131                           // 000000003C74: 33070690
	v_add_nc_u32_e32 v132, 0, v6                               // 000000003C78: 4B080C80
	v_add_nc_u32_e32 v133, s27, v132                           // 000000003C7C: 4B0B081B
	v_lshlrev_b32_e32 v134, 13, v133                           // 000000003C80: 310D0A8D
	v_add_nc_u32_e32 v134, s37, v134                           // 000000003C84: 4B0D0C25
	v_lshl_add_u32 v134, v3, 1, v134                           // 000000003C88: D6460086 06190303
	v_add_nc_u32_e32 v134, 32, v134                            // 000000003C90: 4B0D0CA0
	global_store_b16 v134, v131, s[16:17]                      // 000000003C94: DC660000 00108386
	v_lshrrev_b32_e32 v130, 16, v73                            // 000000003C9C: 33049290
	v_and_b32_e32 v130, 1, v130                                // 000000003CA0: 37050481
	v_add_nc_u32_e32 v131, 0x7fff, v73                         // 000000003CA4: 4B0692FF 00007FFF
	v_add_nc_u32_e32 v131, v130, v131                          // 000000003CAC: 4B070782
	v_lshrrev_b32_e32 v131, 16, v131                           // 000000003CB0: 33070690
	v_add_nc_u32_e32 v132, 2, v6                               // 000000003CB4: 4B080C82
	v_add_nc_u32_e32 v133, s27, v132                           // 000000003CB8: 4B0B081B
	v_lshlrev_b32_e32 v134, 13, v133                           // 000000003CBC: 310D0A8D
	v_add_nc_u32_e32 v134, s37, v134                           // 000000003CC0: 4B0D0C25
	v_lshl_add_u32 v134, v3, 1, v134                           // 000000003CC4: D6460086 06190303
	v_add_nc_u32_e32 v134, 32, v134                            // 000000003CCC: 4B0D0CA0
	global_store_b16 v134, v131, s[16:17]                      // 000000003CD0: DC660000 00108386
	v_lshrrev_b32_e32 v130, 16, v74                            // 000000003CD8: 33049490
	v_and_b32_e32 v130, 1, v130                                // 000000003CDC: 37050481
	v_add_nc_u32_e32 v131, 0x7fff, v74                         // 000000003CE0: 4B0694FF 00007FFF
	v_add_nc_u32_e32 v131, v130, v131                          // 000000003CE8: 4B070782
	v_lshrrev_b32_e32 v131, 16, v131                           // 000000003CEC: 33070690
	v_add_nc_u32_e32 v132, 4, v6                               // 000000003CF0: 4B080C84
	v_add_nc_u32_e32 v133, s27, v132                           // 000000003CF4: 4B0B081B
	v_lshlrev_b32_e32 v134, 13, v133                           // 000000003CF8: 310D0A8D
	v_add_nc_u32_e32 v134, s37, v134                           // 000000003CFC: 4B0D0C25
	v_lshl_add_u32 v134, v3, 1, v134                           // 000000003D00: D6460086 06190303
	v_add_nc_u32_e32 v134, 32, v134                            // 000000003D08: 4B0D0CA0
	global_store_b16 v134, v131, s[16:17]                      // 000000003D0C: DC660000 00108386
	v_lshrrev_b32_e32 v130, 16, v75                            // 000000003D14: 33049690
	v_and_b32_e32 v130, 1, v130                                // 000000003D18: 37050481
	v_add_nc_u32_e32 v131, 0x7fff, v75                         // 000000003D1C: 4B0696FF 00007FFF
	v_add_nc_u32_e32 v131, v130, v131                          // 000000003D24: 4B070782
	v_lshrrev_b32_e32 v131, 16, v131                           // 000000003D28: 33070690
	v_add_nc_u32_e32 v132, 6, v6                               // 000000003D2C: 4B080C86
	v_add_nc_u32_e32 v133, s27, v132                           // 000000003D30: 4B0B081B
	v_lshlrev_b32_e32 v134, 13, v133                           // 000000003D34: 310D0A8D
	v_add_nc_u32_e32 v134, s37, v134                           // 000000003D38: 4B0D0C25
	v_lshl_add_u32 v134, v3, 1, v134                           // 000000003D3C: D6460086 06190303
	v_add_nc_u32_e32 v134, 32, v134                            // 000000003D44: 4B0D0CA0
	global_store_b16 v134, v131, s[16:17]                      // 000000003D48: DC660000 00108386
	v_lshrrev_b32_e32 v130, 16, v76                            // 000000003D50: 33049890
	v_and_b32_e32 v130, 1, v130                                // 000000003D54: 37050481
	v_add_nc_u32_e32 v131, 0x7fff, v76                         // 000000003D58: 4B0698FF 00007FFF
	v_add_nc_u32_e32 v131, v130, v131                          // 000000003D60: 4B070782
	v_lshrrev_b32_e32 v131, 16, v131                           // 000000003D64: 33070690
	v_add_nc_u32_e32 v132, 8, v6                               // 000000003D68: 4B080C88
	v_add_nc_u32_e32 v133, s27, v132                           // 000000003D6C: 4B0B081B
	v_lshlrev_b32_e32 v134, 13, v133                           // 000000003D70: 310D0A8D
	v_add_nc_u32_e32 v134, s37, v134                           // 000000003D74: 4B0D0C25
	v_lshl_add_u32 v134, v3, 1, v134                           // 000000003D78: D6460086 06190303
	v_add_nc_u32_e32 v134, 32, v134                            // 000000003D80: 4B0D0CA0
	global_store_b16 v134, v131, s[16:17]                      // 000000003D84: DC660000 00108386
	v_lshrrev_b32_e32 v130, 16, v77                            // 000000003D8C: 33049A90
	v_and_b32_e32 v130, 1, v130                                // 000000003D90: 37050481
	v_add_nc_u32_e32 v131, 0x7fff, v77                         // 000000003D94: 4B069AFF 00007FFF
	v_add_nc_u32_e32 v131, v130, v131                          // 000000003D9C: 4B070782
	v_lshrrev_b32_e32 v131, 16, v131                           // 000000003DA0: 33070690
	v_add_nc_u32_e32 v132, 10, v6                              // 000000003DA4: 4B080C8A
	v_add_nc_u32_e32 v133, s27, v132                           // 000000003DA8: 4B0B081B
	v_lshlrev_b32_e32 v134, 13, v133                           // 000000003DAC: 310D0A8D
	v_add_nc_u32_e32 v134, s37, v134                           // 000000003DB0: 4B0D0C25
	v_lshl_add_u32 v134, v3, 1, v134                           // 000000003DB4: D6460086 06190303
	v_add_nc_u32_e32 v134, 32, v134                            // 000000003DBC: 4B0D0CA0
	global_store_b16 v134, v131, s[16:17]                      // 000000003DC0: DC660000 00108386
	v_lshrrev_b32_e32 v130, 16, v78                            // 000000003DC8: 33049C90
	v_and_b32_e32 v130, 1, v130                                // 000000003DCC: 37050481
	v_add_nc_u32_e32 v131, 0x7fff, v78                         // 000000003DD0: 4B069CFF 00007FFF
	v_add_nc_u32_e32 v131, v130, v131                          // 000000003DD8: 4B070782
	v_lshrrev_b32_e32 v131, 16, v131                           // 000000003DDC: 33070690
	v_add_nc_u32_e32 v132, 12, v6                              // 000000003DE0: 4B080C8C
	v_add_nc_u32_e32 v133, s27, v132                           // 000000003DE4: 4B0B081B
	v_lshlrev_b32_e32 v134, 13, v133                           // 000000003DE8: 310D0A8D
	v_add_nc_u32_e32 v134, s37, v134                           // 000000003DEC: 4B0D0C25
	v_lshl_add_u32 v134, v3, 1, v134                           // 000000003DF0: D6460086 06190303
	v_add_nc_u32_e32 v134, 32, v134                            // 000000003DF8: 4B0D0CA0
	global_store_b16 v134, v131, s[16:17]                      // 000000003DFC: DC660000 00108386
	v_lshrrev_b32_e32 v130, 16, v79                            // 000000003E04: 33049E90
	v_and_b32_e32 v130, 1, v130                                // 000000003E08: 37050481
	v_add_nc_u32_e32 v131, 0x7fff, v79                         // 000000003E0C: 4B069EFF 00007FFF
	v_add_nc_u32_e32 v131, v130, v131                          // 000000003E14: 4B070782
	v_lshrrev_b32_e32 v131, 16, v131                           // 000000003E18: 33070690
	v_add_nc_u32_e32 v132, 14, v6                              // 000000003E1C: 4B080C8E
	v_add_nc_u32_e32 v133, s27, v132                           // 000000003E20: 4B0B081B
	v_lshlrev_b32_e32 v134, 13, v133                           // 000000003E24: 310D0A8D
	v_add_nc_u32_e32 v134, s37, v134                           // 000000003E28: 4B0D0C25
	v_lshl_add_u32 v134, v3, 1, v134                           // 000000003E2C: D6460086 06190303
	v_add_nc_u32_e32 v134, 32, v134                            // 000000003E34: 4B0D0CA0
	global_store_b16 v134, v131, s[16:17]                      // 000000003E38: DC660000 00108386
	v_lshrrev_b32_e32 v130, 16, v80                            // 000000003E40: 3304A090
	v_and_b32_e32 v130, 1, v130                                // 000000003E44: 37050481
	v_add_nc_u32_e32 v131, 0x7fff, v80                         // 000000003E48: 4B06A0FF 00007FFF
	v_add_nc_u32_e32 v131, v130, v131                          // 000000003E50: 4B070782
	v_lshrrev_b32_e32 v131, 16, v131                           // 000000003E54: 33070690
	v_add_nc_u32_e32 v132, 0, v6                               // 000000003E58: 4B080C80
	v_add_nc_u32_e32 v133, s27, v132                           // 000000003E5C: 4B0B081B
	v_lshlrev_b32_e32 v134, 13, v133                           // 000000003E60: 310D0A8D
	v_add_nc_u32_e32 v134, s37, v134                           // 000000003E64: 4B0D0C25
	v_lshl_add_u32 v134, v3, 1, v134                           // 000000003E68: D6460086 06190303
	v_add_nc_u32_e32 v134, 64, v134                            // 000000003E70: 4B0D0CC0
	global_store_b16 v134, v131, s[16:17]                      // 000000003E74: DC660000 00108386
	v_lshrrev_b32_e32 v130, 16, v81                            // 000000003E7C: 3304A290
	v_and_b32_e32 v130, 1, v130                                // 000000003E80: 37050481
	v_add_nc_u32_e32 v131, 0x7fff, v81                         // 000000003E84: 4B06A2FF 00007FFF
	v_add_nc_u32_e32 v131, v130, v131                          // 000000003E8C: 4B070782
	v_lshrrev_b32_e32 v131, 16, v131                           // 000000003E90: 33070690
	v_add_nc_u32_e32 v132, 2, v6                               // 000000003E94: 4B080C82
	v_add_nc_u32_e32 v133, s27, v132                           // 000000003E98: 4B0B081B
	v_lshlrev_b32_e32 v134, 13, v133                           // 000000003E9C: 310D0A8D
	v_add_nc_u32_e32 v134, s37, v134                           // 000000003EA0: 4B0D0C25
	v_lshl_add_u32 v134, v3, 1, v134                           // 000000003EA4: D6460086 06190303
	v_add_nc_u32_e32 v134, 64, v134                            // 000000003EAC: 4B0D0CC0
	global_store_b16 v134, v131, s[16:17]                      // 000000003EB0: DC660000 00108386
	v_lshrrev_b32_e32 v130, 16, v82                            // 000000003EB8: 3304A490
	v_and_b32_e32 v130, 1, v130                                // 000000003EBC: 37050481
	v_add_nc_u32_e32 v131, 0x7fff, v82                         // 000000003EC0: 4B06A4FF 00007FFF
	v_add_nc_u32_e32 v131, v130, v131                          // 000000003EC8: 4B070782
	v_lshrrev_b32_e32 v131, 16, v131                           // 000000003ECC: 33070690
	v_add_nc_u32_e32 v132, 4, v6                               // 000000003ED0: 4B080C84
	v_add_nc_u32_e32 v133, s27, v132                           // 000000003ED4: 4B0B081B
	v_lshlrev_b32_e32 v134, 13, v133                           // 000000003ED8: 310D0A8D
	v_add_nc_u32_e32 v134, s37, v134                           // 000000003EDC: 4B0D0C25
	v_lshl_add_u32 v134, v3, 1, v134                           // 000000003EE0: D6460086 06190303
	v_add_nc_u32_e32 v134, 64, v134                            // 000000003EE8: 4B0D0CC0
	global_store_b16 v134, v131, s[16:17]                      // 000000003EEC: DC660000 00108386
	v_lshrrev_b32_e32 v130, 16, v83                            // 000000003EF4: 3304A690
	v_and_b32_e32 v130, 1, v130                                // 000000003EF8: 37050481
	v_add_nc_u32_e32 v131, 0x7fff, v83                         // 000000003EFC: 4B06A6FF 00007FFF
	v_add_nc_u32_e32 v131, v130, v131                          // 000000003F04: 4B070782
	v_lshrrev_b32_e32 v131, 16, v131                           // 000000003F08: 33070690
	v_add_nc_u32_e32 v132, 6, v6                               // 000000003F0C: 4B080C86
	v_add_nc_u32_e32 v133, s27, v132                           // 000000003F10: 4B0B081B
	v_lshlrev_b32_e32 v134, 13, v133                           // 000000003F14: 310D0A8D
	v_add_nc_u32_e32 v134, s37, v134                           // 000000003F18: 4B0D0C25
	v_lshl_add_u32 v134, v3, 1, v134                           // 000000003F1C: D6460086 06190303
	v_add_nc_u32_e32 v134, 64, v134                            // 000000003F24: 4B0D0CC0
	global_store_b16 v134, v131, s[16:17]                      // 000000003F28: DC660000 00108386
	v_lshrrev_b32_e32 v130, 16, v84                            // 000000003F30: 3304A890
	v_and_b32_e32 v130, 1, v130                                // 000000003F34: 37050481
	v_add_nc_u32_e32 v131, 0x7fff, v84                         // 000000003F38: 4B06A8FF 00007FFF
	v_add_nc_u32_e32 v131, v130, v131                          // 000000003F40: 4B070782
	v_lshrrev_b32_e32 v131, 16, v131                           // 000000003F44: 33070690
	v_add_nc_u32_e32 v132, 8, v6                               // 000000003F48: 4B080C88
	v_add_nc_u32_e32 v133, s27, v132                           // 000000003F4C: 4B0B081B
	v_lshlrev_b32_e32 v134, 13, v133                           // 000000003F50: 310D0A8D
	v_add_nc_u32_e32 v134, s37, v134                           // 000000003F54: 4B0D0C25
	v_lshl_add_u32 v134, v3, 1, v134                           // 000000003F58: D6460086 06190303
	v_add_nc_u32_e32 v134, 64, v134                            // 000000003F60: 4B0D0CC0
	global_store_b16 v134, v131, s[16:17]                      // 000000003F64: DC660000 00108386
	v_lshrrev_b32_e32 v130, 16, v85                            // 000000003F6C: 3304AA90
	v_and_b32_e32 v130, 1, v130                                // 000000003F70: 37050481
	v_add_nc_u32_e32 v131, 0x7fff, v85                         // 000000003F74: 4B06AAFF 00007FFF
	v_add_nc_u32_e32 v131, v130, v131                          // 000000003F7C: 4B070782
	v_lshrrev_b32_e32 v131, 16, v131                           // 000000003F80: 33070690
	v_add_nc_u32_e32 v132, 10, v6                              // 000000003F84: 4B080C8A
	v_add_nc_u32_e32 v133, s27, v132                           // 000000003F88: 4B0B081B
	v_lshlrev_b32_e32 v134, 13, v133                           // 000000003F8C: 310D0A8D
	v_add_nc_u32_e32 v134, s37, v134                           // 000000003F90: 4B0D0C25
	v_lshl_add_u32 v134, v3, 1, v134                           // 000000003F94: D6460086 06190303
	v_add_nc_u32_e32 v134, 64, v134                            // 000000003F9C: 4B0D0CC0
	global_store_b16 v134, v131, s[16:17]                      // 000000003FA0: DC660000 00108386
	v_lshrrev_b32_e32 v130, 16, v86                            // 000000003FA8: 3304AC90
	v_and_b32_e32 v130, 1, v130                                // 000000003FAC: 37050481
	v_add_nc_u32_e32 v131, 0x7fff, v86                         // 000000003FB0: 4B06ACFF 00007FFF
	v_add_nc_u32_e32 v131, v130, v131                          // 000000003FB8: 4B070782
	v_lshrrev_b32_e32 v131, 16, v131                           // 000000003FBC: 33070690
	v_add_nc_u32_e32 v132, 12, v6                              // 000000003FC0: 4B080C8C
	v_add_nc_u32_e32 v133, s27, v132                           // 000000003FC4: 4B0B081B
	v_lshlrev_b32_e32 v134, 13, v133                           // 000000003FC8: 310D0A8D
	v_add_nc_u32_e32 v134, s37, v134                           // 000000003FCC: 4B0D0C25
	v_lshl_add_u32 v134, v3, 1, v134                           // 000000003FD0: D6460086 06190303
	v_add_nc_u32_e32 v134, 64, v134                            // 000000003FD8: 4B0D0CC0
	global_store_b16 v134, v131, s[16:17]                      // 000000003FDC: DC660000 00108386
	v_lshrrev_b32_e32 v130, 16, v87                            // 000000003FE4: 3304AE90
	v_and_b32_e32 v130, 1, v130                                // 000000003FE8: 37050481
	v_add_nc_u32_e32 v131, 0x7fff, v87                         // 000000003FEC: 4B06AEFF 00007FFF
	v_add_nc_u32_e32 v131, v130, v131                          // 000000003FF4: 4B070782
	v_lshrrev_b32_e32 v131, 16, v131                           // 000000003FF8: 33070690
	v_add_nc_u32_e32 v132, 14, v6                              // 000000003FFC: 4B080C8E
	v_add_nc_u32_e32 v133, s27, v132                           // 000000004000: 4B0B081B
	v_lshlrev_b32_e32 v134, 13, v133                           // 000000004004: 310D0A8D
	v_add_nc_u32_e32 v134, s37, v134                           // 000000004008: 4B0D0C25
	v_lshl_add_u32 v134, v3, 1, v134                           // 00000000400C: D6460086 06190303
	v_add_nc_u32_e32 v134, 64, v134                            // 000000004014: 4B0D0CC0
	global_store_b16 v134, v131, s[16:17]                      // 000000004018: DC660000 00108386
	v_lshrrev_b32_e32 v130, 16, v88                            // 000000004020: 3304B090
	v_and_b32_e32 v130, 1, v130                                // 000000004024: 37050481
	v_add_nc_u32_e32 v131, 0x7fff, v88                         // 000000004028: 4B06B0FF 00007FFF
	v_add_nc_u32_e32 v131, v130, v131                          // 000000004030: 4B070782
	v_lshrrev_b32_e32 v131, 16, v131                           // 000000004034: 33070690
	v_add_nc_u32_e32 v132, 0, v6                               // 000000004038: 4B080C80
	v_add_nc_u32_e32 v133, s27, v132                           // 00000000403C: 4B0B081B
	v_lshlrev_b32_e32 v134, 13, v133                           // 000000004040: 310D0A8D
	v_add_nc_u32_e32 v134, s37, v134                           // 000000004044: 4B0D0C25
	v_lshl_add_u32 v134, v3, 1, v134                           // 000000004048: D6460086 06190303
	v_add_nc_u32_e32 v134, 0x60, v134                          // 000000004050: 4B0D0CFF 00000060
	global_store_b16 v134, v131, s[16:17]                      // 000000004058: DC660000 00108386
	v_lshrrev_b32_e32 v130, 16, v89                            // 000000004060: 3304B290
	v_and_b32_e32 v130, 1, v130                                // 000000004064: 37050481
	v_add_nc_u32_e32 v131, 0x7fff, v89                         // 000000004068: 4B06B2FF 00007FFF
	v_add_nc_u32_e32 v131, v130, v131                          // 000000004070: 4B070782
	v_lshrrev_b32_e32 v131, 16, v131                           // 000000004074: 33070690
	v_add_nc_u32_e32 v132, 2, v6                               // 000000004078: 4B080C82
	v_add_nc_u32_e32 v133, s27, v132                           // 00000000407C: 4B0B081B
	v_lshlrev_b32_e32 v134, 13, v133                           // 000000004080: 310D0A8D
	v_add_nc_u32_e32 v134, s37, v134                           // 000000004084: 4B0D0C25
	v_lshl_add_u32 v134, v3, 1, v134                           // 000000004088: D6460086 06190303
	v_add_nc_u32_e32 v134, 0x60, v134                          // 000000004090: 4B0D0CFF 00000060
	global_store_b16 v134, v131, s[16:17]                      // 000000004098: DC660000 00108386
	v_lshrrev_b32_e32 v130, 16, v90                            // 0000000040A0: 3304B490
	v_and_b32_e32 v130, 1, v130                                // 0000000040A4: 37050481
	v_add_nc_u32_e32 v131, 0x7fff, v90                         // 0000000040A8: 4B06B4FF 00007FFF
	v_add_nc_u32_e32 v131, v130, v131                          // 0000000040B0: 4B070782
	v_lshrrev_b32_e32 v131, 16, v131                           // 0000000040B4: 33070690
	v_add_nc_u32_e32 v132, 4, v6                               // 0000000040B8: 4B080C84
	v_add_nc_u32_e32 v133, s27, v132                           // 0000000040BC: 4B0B081B
	v_lshlrev_b32_e32 v134, 13, v133                           // 0000000040C0: 310D0A8D
	v_add_nc_u32_e32 v134, s37, v134                           // 0000000040C4: 4B0D0C25
	v_lshl_add_u32 v134, v3, 1, v134                           // 0000000040C8: D6460086 06190303
	v_add_nc_u32_e32 v134, 0x60, v134                          // 0000000040D0: 4B0D0CFF 00000060
	global_store_b16 v134, v131, s[16:17]                      // 0000000040D8: DC660000 00108386
	v_lshrrev_b32_e32 v130, 16, v91                            // 0000000040E0: 3304B690
	v_and_b32_e32 v130, 1, v130                                // 0000000040E4: 37050481
	v_add_nc_u32_e32 v131, 0x7fff, v91                         // 0000000040E8: 4B06B6FF 00007FFF
	v_add_nc_u32_e32 v131, v130, v131                          // 0000000040F0: 4B070782
	v_lshrrev_b32_e32 v131, 16, v131                           // 0000000040F4: 33070690
	v_add_nc_u32_e32 v132, 6, v6                               // 0000000040F8: 4B080C86
	v_add_nc_u32_e32 v133, s27, v132                           // 0000000040FC: 4B0B081B
	v_lshlrev_b32_e32 v134, 13, v133                           // 000000004100: 310D0A8D
	v_add_nc_u32_e32 v134, s37, v134                           // 000000004104: 4B0D0C25
	v_lshl_add_u32 v134, v3, 1, v134                           // 000000004108: D6460086 06190303
	v_add_nc_u32_e32 v134, 0x60, v134                          // 000000004110: 4B0D0CFF 00000060
	global_store_b16 v134, v131, s[16:17]                      // 000000004118: DC660000 00108386
	v_lshrrev_b32_e32 v130, 16, v92                            // 000000004120: 3304B890
	v_and_b32_e32 v130, 1, v130                                // 000000004124: 37050481
	v_add_nc_u32_e32 v131, 0x7fff, v92                         // 000000004128: 4B06B8FF 00007FFF
	v_add_nc_u32_e32 v131, v130, v131                          // 000000004130: 4B070782
	v_lshrrev_b32_e32 v131, 16, v131                           // 000000004134: 33070690
	v_add_nc_u32_e32 v132, 8, v6                               // 000000004138: 4B080C88
	v_add_nc_u32_e32 v133, s27, v132                           // 00000000413C: 4B0B081B
	v_lshlrev_b32_e32 v134, 13, v133                           // 000000004140: 310D0A8D
	v_add_nc_u32_e32 v134, s37, v134                           // 000000004144: 4B0D0C25
	v_lshl_add_u32 v134, v3, 1, v134                           // 000000004148: D6460086 06190303
	v_add_nc_u32_e32 v134, 0x60, v134                          // 000000004150: 4B0D0CFF 00000060
	global_store_b16 v134, v131, s[16:17]                      // 000000004158: DC660000 00108386
	v_lshrrev_b32_e32 v130, 16, v93                            // 000000004160: 3304BA90
	v_and_b32_e32 v130, 1, v130                                // 000000004164: 37050481
	v_add_nc_u32_e32 v131, 0x7fff, v93                         // 000000004168: 4B06BAFF 00007FFF
	v_add_nc_u32_e32 v131, v130, v131                          // 000000004170: 4B070782
	v_lshrrev_b32_e32 v131, 16, v131                           // 000000004174: 33070690
	v_add_nc_u32_e32 v132, 10, v6                              // 000000004178: 4B080C8A
	v_add_nc_u32_e32 v133, s27, v132                           // 00000000417C: 4B0B081B
	v_lshlrev_b32_e32 v134, 13, v133                           // 000000004180: 310D0A8D
	v_add_nc_u32_e32 v134, s37, v134                           // 000000004184: 4B0D0C25
	v_lshl_add_u32 v134, v3, 1, v134                           // 000000004188: D6460086 06190303
	v_add_nc_u32_e32 v134, 0x60, v134                          // 000000004190: 4B0D0CFF 00000060
	global_store_b16 v134, v131, s[16:17]                      // 000000004198: DC660000 00108386
	v_lshrrev_b32_e32 v130, 16, v94                            // 0000000041A0: 3304BC90
	v_and_b32_e32 v130, 1, v130                                // 0000000041A4: 37050481
	v_add_nc_u32_e32 v131, 0x7fff, v94                         // 0000000041A8: 4B06BCFF 00007FFF
	v_add_nc_u32_e32 v131, v130, v131                          // 0000000041B0: 4B070782
	v_lshrrev_b32_e32 v131, 16, v131                           // 0000000041B4: 33070690
	v_add_nc_u32_e32 v132, 12, v6                              // 0000000041B8: 4B080C8C
	v_add_nc_u32_e32 v133, s27, v132                           // 0000000041BC: 4B0B081B
	v_lshlrev_b32_e32 v134, 13, v133                           // 0000000041C0: 310D0A8D
	v_add_nc_u32_e32 v134, s37, v134                           // 0000000041C4: 4B0D0C25
	v_lshl_add_u32 v134, v3, 1, v134                           // 0000000041C8: D6460086 06190303
	v_add_nc_u32_e32 v134, 0x60, v134                          // 0000000041D0: 4B0D0CFF 00000060
	global_store_b16 v134, v131, s[16:17]                      // 0000000041D8: DC660000 00108386
	v_lshrrev_b32_e32 v130, 16, v95                            // 0000000041E0: 3304BE90
	v_and_b32_e32 v130, 1, v130                                // 0000000041E4: 37050481
	v_add_nc_u32_e32 v131, 0x7fff, v95                         // 0000000041E8: 4B06BEFF 00007FFF
	v_add_nc_u32_e32 v131, v130, v131                          // 0000000041F0: 4B070782
	v_lshrrev_b32_e32 v131, 16, v131                           // 0000000041F4: 33070690
	v_add_nc_u32_e32 v132, 14, v6                              // 0000000041F8: 4B080C8E
	v_add_nc_u32_e32 v133, s27, v132                           // 0000000041FC: 4B0B081B
	v_lshlrev_b32_e32 v134, 13, v133                           // 000000004200: 310D0A8D
	v_add_nc_u32_e32 v134, s37, v134                           // 000000004204: 4B0D0C25
	v_lshl_add_u32 v134, v3, 1, v134                           // 000000004208: D6460086 06190303
	v_add_nc_u32_e32 v134, 0x60, v134                          // 000000004210: 4B0D0CFF 00000060
	global_store_b16 v134, v131, s[16:17]                      // 000000004218: DC660000 00108386
	v_lshrrev_b32_e32 v130, 16, v96                            // 000000004220: 3304C090
	v_and_b32_e32 v130, 1, v130                                // 000000004224: 37050481
	v_add_nc_u32_e32 v131, 0x7fff, v96                         // 000000004228: 4B06C0FF 00007FFF
	v_add_nc_u32_e32 v131, v130, v131                          // 000000004230: 4B070782
	v_lshrrev_b32_e32 v131, 16, v131                           // 000000004234: 33070690
	v_add_nc_u32_e32 v132, 32, v6                              // 000000004238: 4B080CA0
	v_add_nc_u32_e32 v133, s27, v132                           // 00000000423C: 4B0B081B
	v_lshlrev_b32_e32 v134, 13, v133                           // 000000004240: 310D0A8D
	v_add_nc_u32_e32 v134, s37, v134                           // 000000004244: 4B0D0C25
	v_lshl_add_u32 v134, v3, 1, v134                           // 000000004248: D6460086 06190303
	v_add_nc_u32_e32 v134, 0, v134                             // 000000004250: 4B0D0C80
	global_store_b16 v134, v131, s[16:17]                      // 000000004254: DC660000 00108386
	v_lshrrev_b32_e32 v130, 16, v97                            // 00000000425C: 3304C290
	v_and_b32_e32 v130, 1, v130                                // 000000004260: 37050481
	v_add_nc_u32_e32 v131, 0x7fff, v97                         // 000000004264: 4B06C2FF 00007FFF
	v_add_nc_u32_e32 v131, v130, v131                          // 00000000426C: 4B070782
	v_lshrrev_b32_e32 v131, 16, v131                           // 000000004270: 33070690
	v_add_nc_u32_e32 v132, 34, v6                              // 000000004274: 4B080CA2
	v_add_nc_u32_e32 v133, s27, v132                           // 000000004278: 4B0B081B
	v_lshlrev_b32_e32 v134, 13, v133                           // 00000000427C: 310D0A8D
	v_add_nc_u32_e32 v134, s37, v134                           // 000000004280: 4B0D0C25
	v_lshl_add_u32 v134, v3, 1, v134                           // 000000004284: D6460086 06190303
	v_add_nc_u32_e32 v134, 0, v134                             // 00000000428C: 4B0D0C80
	global_store_b16 v134, v131, s[16:17]                      // 000000004290: DC660000 00108386
	v_lshrrev_b32_e32 v130, 16, v98                            // 000000004298: 3304C490
	v_and_b32_e32 v130, 1, v130                                // 00000000429C: 37050481
	v_add_nc_u32_e32 v131, 0x7fff, v98                         // 0000000042A0: 4B06C4FF 00007FFF
	v_add_nc_u32_e32 v131, v130, v131                          // 0000000042A8: 4B070782
	v_lshrrev_b32_e32 v131, 16, v131                           // 0000000042AC: 33070690
	v_add_nc_u32_e32 v132, 36, v6                              // 0000000042B0: 4B080CA4
	v_add_nc_u32_e32 v133, s27, v132                           // 0000000042B4: 4B0B081B
	v_lshlrev_b32_e32 v134, 13, v133                           // 0000000042B8: 310D0A8D
	v_add_nc_u32_e32 v134, s37, v134                           // 0000000042BC: 4B0D0C25
	v_lshl_add_u32 v134, v3, 1, v134                           // 0000000042C0: D6460086 06190303
	v_add_nc_u32_e32 v134, 0, v134                             // 0000000042C8: 4B0D0C80
	global_store_b16 v134, v131, s[16:17]                      // 0000000042CC: DC660000 00108386
	v_lshrrev_b32_e32 v130, 16, v99                            // 0000000042D4: 3304C690
	v_and_b32_e32 v130, 1, v130                                // 0000000042D8: 37050481
	v_add_nc_u32_e32 v131, 0x7fff, v99                         // 0000000042DC: 4B06C6FF 00007FFF
	v_add_nc_u32_e32 v131, v130, v131                          // 0000000042E4: 4B070782
	v_lshrrev_b32_e32 v131, 16, v131                           // 0000000042E8: 33070690
	v_add_nc_u32_e32 v132, 38, v6                              // 0000000042EC: 4B080CA6
	v_add_nc_u32_e32 v133, s27, v132                           // 0000000042F0: 4B0B081B
	v_lshlrev_b32_e32 v134, 13, v133                           // 0000000042F4: 310D0A8D
	v_add_nc_u32_e32 v134, s37, v134                           // 0000000042F8: 4B0D0C25
	v_lshl_add_u32 v134, v3, 1, v134                           // 0000000042FC: D6460086 06190303
	v_add_nc_u32_e32 v134, 0, v134                             // 000000004304: 4B0D0C80
	global_store_b16 v134, v131, s[16:17]                      // 000000004308: DC660000 00108386
	v_lshrrev_b32_e32 v130, 16, v100                           // 000000004310: 3304C890
	v_and_b32_e32 v130, 1, v130                                // 000000004314: 37050481
	v_add_nc_u32_e32 v131, 0x7fff, v100                        // 000000004318: 4B06C8FF 00007FFF
	v_add_nc_u32_e32 v131, v130, v131                          // 000000004320: 4B070782
	v_lshrrev_b32_e32 v131, 16, v131                           // 000000004324: 33070690
	v_add_nc_u32_e32 v132, 40, v6                              // 000000004328: 4B080CA8
	v_add_nc_u32_e32 v133, s27, v132                           // 00000000432C: 4B0B081B
	v_lshlrev_b32_e32 v134, 13, v133                           // 000000004330: 310D0A8D
	v_add_nc_u32_e32 v134, s37, v134                           // 000000004334: 4B0D0C25
	v_lshl_add_u32 v134, v3, 1, v134                           // 000000004338: D6460086 06190303
	v_add_nc_u32_e32 v134, 0, v134                             // 000000004340: 4B0D0C80
	global_store_b16 v134, v131, s[16:17]                      // 000000004344: DC660000 00108386
	v_lshrrev_b32_e32 v130, 16, v101                           // 00000000434C: 3304CA90
	v_and_b32_e32 v130, 1, v130                                // 000000004350: 37050481
	v_add_nc_u32_e32 v131, 0x7fff, v101                        // 000000004354: 4B06CAFF 00007FFF
	v_add_nc_u32_e32 v131, v130, v131                          // 00000000435C: 4B070782
	v_lshrrev_b32_e32 v131, 16, v131                           // 000000004360: 33070690
	v_add_nc_u32_e32 v132, 42, v6                              // 000000004364: 4B080CAA
	v_add_nc_u32_e32 v133, s27, v132                           // 000000004368: 4B0B081B
	v_lshlrev_b32_e32 v134, 13, v133                           // 00000000436C: 310D0A8D
	v_add_nc_u32_e32 v134, s37, v134                           // 000000004370: 4B0D0C25
	v_lshl_add_u32 v134, v3, 1, v134                           // 000000004374: D6460086 06190303
	v_add_nc_u32_e32 v134, 0, v134                             // 00000000437C: 4B0D0C80
	global_store_b16 v134, v131, s[16:17]                      // 000000004380: DC660000 00108386
	v_lshrrev_b32_e32 v130, 16, v102                           // 000000004388: 3304CC90
	v_and_b32_e32 v130, 1, v130                                // 00000000438C: 37050481
	v_add_nc_u32_e32 v131, 0x7fff, v102                        // 000000004390: 4B06CCFF 00007FFF
	v_add_nc_u32_e32 v131, v130, v131                          // 000000004398: 4B070782
	v_lshrrev_b32_e32 v131, 16, v131                           // 00000000439C: 33070690
	v_add_nc_u32_e32 v132, 44, v6                              // 0000000043A0: 4B080CAC
	v_add_nc_u32_e32 v133, s27, v132                           // 0000000043A4: 4B0B081B
	v_lshlrev_b32_e32 v134, 13, v133                           // 0000000043A8: 310D0A8D
	v_add_nc_u32_e32 v134, s37, v134                           // 0000000043AC: 4B0D0C25
	v_lshl_add_u32 v134, v3, 1, v134                           // 0000000043B0: D6460086 06190303
	v_add_nc_u32_e32 v134, 0, v134                             // 0000000043B8: 4B0D0C80
	global_store_b16 v134, v131, s[16:17]                      // 0000000043BC: DC660000 00108386
	v_lshrrev_b32_e32 v130, 16, v103                           // 0000000043C4: 3304CE90
	v_and_b32_e32 v130, 1, v130                                // 0000000043C8: 37050481
	v_add_nc_u32_e32 v131, 0x7fff, v103                        // 0000000043CC: 4B06CEFF 00007FFF
	v_add_nc_u32_e32 v131, v130, v131                          // 0000000043D4: 4B070782
	v_lshrrev_b32_e32 v131, 16, v131                           // 0000000043D8: 33070690
	v_add_nc_u32_e32 v132, 46, v6                              // 0000000043DC: 4B080CAE
	v_add_nc_u32_e32 v133, s27, v132                           // 0000000043E0: 4B0B081B
	v_lshlrev_b32_e32 v134, 13, v133                           // 0000000043E4: 310D0A8D
	v_add_nc_u32_e32 v134, s37, v134                           // 0000000043E8: 4B0D0C25
	v_lshl_add_u32 v134, v3, 1, v134                           // 0000000043EC: D6460086 06190303
	v_add_nc_u32_e32 v134, 0, v134                             // 0000000043F4: 4B0D0C80
	global_store_b16 v134, v131, s[16:17]                      // 0000000043F8: DC660000 00108386
	v_lshrrev_b32_e32 v130, 16, v104                           // 000000004400: 3304D090
	v_and_b32_e32 v130, 1, v130                                // 000000004404: 37050481
	v_add_nc_u32_e32 v131, 0x7fff, v104                        // 000000004408: 4B06D0FF 00007FFF
	v_add_nc_u32_e32 v131, v130, v131                          // 000000004410: 4B070782
	v_lshrrev_b32_e32 v131, 16, v131                           // 000000004414: 33070690
	v_add_nc_u32_e32 v132, 32, v6                              // 000000004418: 4B080CA0
	v_add_nc_u32_e32 v133, s27, v132                           // 00000000441C: 4B0B081B
	v_lshlrev_b32_e32 v134, 13, v133                           // 000000004420: 310D0A8D
	v_add_nc_u32_e32 v134, s37, v134                           // 000000004424: 4B0D0C25
	v_lshl_add_u32 v134, v3, 1, v134                           // 000000004428: D6460086 06190303
	v_add_nc_u32_e32 v134, 32, v134                            // 000000004430: 4B0D0CA0
	global_store_b16 v134, v131, s[16:17]                      // 000000004434: DC660000 00108386
	v_lshrrev_b32_e32 v130, 16, v105                           // 00000000443C: 3304D290
	v_and_b32_e32 v130, 1, v130                                // 000000004440: 37050481
	v_add_nc_u32_e32 v131, 0x7fff, v105                        // 000000004444: 4B06D2FF 00007FFF
	v_add_nc_u32_e32 v131, v130, v131                          // 00000000444C: 4B070782
	v_lshrrev_b32_e32 v131, 16, v131                           // 000000004450: 33070690
	v_add_nc_u32_e32 v132, 34, v6                              // 000000004454: 4B080CA2
	v_add_nc_u32_e32 v133, s27, v132                           // 000000004458: 4B0B081B
	v_lshlrev_b32_e32 v134, 13, v133                           // 00000000445C: 310D0A8D
	v_add_nc_u32_e32 v134, s37, v134                           // 000000004460: 4B0D0C25
	v_lshl_add_u32 v134, v3, 1, v134                           // 000000004464: D6460086 06190303
	v_add_nc_u32_e32 v134, 32, v134                            // 00000000446C: 4B0D0CA0
	global_store_b16 v134, v131, s[16:17]                      // 000000004470: DC660000 00108386
	v_lshrrev_b32_e32 v130, 16, v106                           // 000000004478: 3304D490
	v_and_b32_e32 v130, 1, v130                                // 00000000447C: 37050481
	v_add_nc_u32_e32 v131, 0x7fff, v106                        // 000000004480: 4B06D4FF 00007FFF
	v_add_nc_u32_e32 v131, v130, v131                          // 000000004488: 4B070782
	v_lshrrev_b32_e32 v131, 16, v131                           // 00000000448C: 33070690
	v_add_nc_u32_e32 v132, 36, v6                              // 000000004490: 4B080CA4
	v_add_nc_u32_e32 v133, s27, v132                           // 000000004494: 4B0B081B
	v_lshlrev_b32_e32 v134, 13, v133                           // 000000004498: 310D0A8D
	v_add_nc_u32_e32 v134, s37, v134                           // 00000000449C: 4B0D0C25
	v_lshl_add_u32 v134, v3, 1, v134                           // 0000000044A0: D6460086 06190303
	v_add_nc_u32_e32 v134, 32, v134                            // 0000000044A8: 4B0D0CA0
	global_store_b16 v134, v131, s[16:17]                      // 0000000044AC: DC660000 00108386
	v_lshrrev_b32_e32 v130, 16, v107                           // 0000000044B4: 3304D690
	v_and_b32_e32 v130, 1, v130                                // 0000000044B8: 37050481
	v_add_nc_u32_e32 v131, 0x7fff, v107                        // 0000000044BC: 4B06D6FF 00007FFF
	v_add_nc_u32_e32 v131, v130, v131                          // 0000000044C4: 4B070782
	v_lshrrev_b32_e32 v131, 16, v131                           // 0000000044C8: 33070690
	v_add_nc_u32_e32 v132, 38, v6                              // 0000000044CC: 4B080CA6
	v_add_nc_u32_e32 v133, s27, v132                           // 0000000044D0: 4B0B081B
	v_lshlrev_b32_e32 v134, 13, v133                           // 0000000044D4: 310D0A8D
	v_add_nc_u32_e32 v134, s37, v134                           // 0000000044D8: 4B0D0C25
	v_lshl_add_u32 v134, v3, 1, v134                           // 0000000044DC: D6460086 06190303
	v_add_nc_u32_e32 v134, 32, v134                            // 0000000044E4: 4B0D0CA0
	global_store_b16 v134, v131, s[16:17]                      // 0000000044E8: DC660000 00108386
	v_lshrrev_b32_e32 v130, 16, v108                           // 0000000044F0: 3304D890
	v_and_b32_e32 v130, 1, v130                                // 0000000044F4: 37050481
	v_add_nc_u32_e32 v131, 0x7fff, v108                        // 0000000044F8: 4B06D8FF 00007FFF
	v_add_nc_u32_e32 v131, v130, v131                          // 000000004500: 4B070782
	v_lshrrev_b32_e32 v131, 16, v131                           // 000000004504: 33070690
	v_add_nc_u32_e32 v132, 40, v6                              // 000000004508: 4B080CA8
	v_add_nc_u32_e32 v133, s27, v132                           // 00000000450C: 4B0B081B
	v_lshlrev_b32_e32 v134, 13, v133                           // 000000004510: 310D0A8D
	v_add_nc_u32_e32 v134, s37, v134                           // 000000004514: 4B0D0C25
	v_lshl_add_u32 v134, v3, 1, v134                           // 000000004518: D6460086 06190303
	v_add_nc_u32_e32 v134, 32, v134                            // 000000004520: 4B0D0CA0
	global_store_b16 v134, v131, s[16:17]                      // 000000004524: DC660000 00108386
	v_lshrrev_b32_e32 v130, 16, v109                           // 00000000452C: 3304DA90
	v_and_b32_e32 v130, 1, v130                                // 000000004530: 37050481
	v_add_nc_u32_e32 v131, 0x7fff, v109                        // 000000004534: 4B06DAFF 00007FFF
	v_add_nc_u32_e32 v131, v130, v131                          // 00000000453C: 4B070782
	v_lshrrev_b32_e32 v131, 16, v131                           // 000000004540: 33070690
	v_add_nc_u32_e32 v132, 42, v6                              // 000000004544: 4B080CAA
	v_add_nc_u32_e32 v133, s27, v132                           // 000000004548: 4B0B081B
	v_lshlrev_b32_e32 v134, 13, v133                           // 00000000454C: 310D0A8D
	v_add_nc_u32_e32 v134, s37, v134                           // 000000004550: 4B0D0C25
	v_lshl_add_u32 v134, v3, 1, v134                           // 000000004554: D6460086 06190303
	v_add_nc_u32_e32 v134, 32, v134                            // 00000000455C: 4B0D0CA0
	global_store_b16 v134, v131, s[16:17]                      // 000000004560: DC660000 00108386
	v_lshrrev_b32_e32 v130, 16, v110                           // 000000004568: 3304DC90
	v_and_b32_e32 v130, 1, v130                                // 00000000456C: 37050481
	v_add_nc_u32_e32 v131, 0x7fff, v110                        // 000000004570: 4B06DCFF 00007FFF
	v_add_nc_u32_e32 v131, v130, v131                          // 000000004578: 4B070782
	v_lshrrev_b32_e32 v131, 16, v131                           // 00000000457C: 33070690
	v_add_nc_u32_e32 v132, 44, v6                              // 000000004580: 4B080CAC
	v_add_nc_u32_e32 v133, s27, v132                           // 000000004584: 4B0B081B
	v_lshlrev_b32_e32 v134, 13, v133                           // 000000004588: 310D0A8D
	v_add_nc_u32_e32 v134, s37, v134                           // 00000000458C: 4B0D0C25
	v_lshl_add_u32 v134, v3, 1, v134                           // 000000004590: D6460086 06190303
	v_add_nc_u32_e32 v134, 32, v134                            // 000000004598: 4B0D0CA0
	global_store_b16 v134, v131, s[16:17]                      // 00000000459C: DC660000 00108386
	v_lshrrev_b32_e32 v130, 16, v111                           // 0000000045A4: 3304DE90
	v_and_b32_e32 v130, 1, v130                                // 0000000045A8: 37050481
	v_add_nc_u32_e32 v131, 0x7fff, v111                        // 0000000045AC: 4B06DEFF 00007FFF
	v_add_nc_u32_e32 v131, v130, v131                          // 0000000045B4: 4B070782
	v_lshrrev_b32_e32 v131, 16, v131                           // 0000000045B8: 33070690
	v_add_nc_u32_e32 v132, 46, v6                              // 0000000045BC: 4B080CAE
	v_add_nc_u32_e32 v133, s27, v132                           // 0000000045C0: 4B0B081B
	v_lshlrev_b32_e32 v134, 13, v133                           // 0000000045C4: 310D0A8D
	v_add_nc_u32_e32 v134, s37, v134                           // 0000000045C8: 4B0D0C25
	v_lshl_add_u32 v134, v3, 1, v134                           // 0000000045CC: D6460086 06190303
	v_add_nc_u32_e32 v134, 32, v134                            // 0000000045D4: 4B0D0CA0
	global_store_b16 v134, v131, s[16:17]                      // 0000000045D8: DC660000 00108386
	v_lshrrev_b32_e32 v130, 16, v112                           // 0000000045E0: 3304E090
	v_and_b32_e32 v130, 1, v130                                // 0000000045E4: 37050481
	v_add_nc_u32_e32 v131, 0x7fff, v112                        // 0000000045E8: 4B06E0FF 00007FFF
	v_add_nc_u32_e32 v131, v130, v131                          // 0000000045F0: 4B070782
	v_lshrrev_b32_e32 v131, 16, v131                           // 0000000045F4: 33070690
	v_add_nc_u32_e32 v132, 32, v6                              // 0000000045F8: 4B080CA0
	v_add_nc_u32_e32 v133, s27, v132                           // 0000000045FC: 4B0B081B
	v_lshlrev_b32_e32 v134, 13, v133                           // 000000004600: 310D0A8D
	v_add_nc_u32_e32 v134, s37, v134                           // 000000004604: 4B0D0C25
	v_lshl_add_u32 v134, v3, 1, v134                           // 000000004608: D6460086 06190303
	v_add_nc_u32_e32 v134, 64, v134                            // 000000004610: 4B0D0CC0
	global_store_b16 v134, v131, s[16:17]                      // 000000004614: DC660000 00108386
	v_lshrrev_b32_e32 v130, 16, v113                           // 00000000461C: 3304E290
	v_and_b32_e32 v130, 1, v130                                // 000000004620: 37050481
	v_add_nc_u32_e32 v131, 0x7fff, v113                        // 000000004624: 4B06E2FF 00007FFF
	v_add_nc_u32_e32 v131, v130, v131                          // 00000000462C: 4B070782
	v_lshrrev_b32_e32 v131, 16, v131                           // 000000004630: 33070690
	v_add_nc_u32_e32 v132, 34, v6                              // 000000004634: 4B080CA2
	v_add_nc_u32_e32 v133, s27, v132                           // 000000004638: 4B0B081B
	v_lshlrev_b32_e32 v134, 13, v133                           // 00000000463C: 310D0A8D
	v_add_nc_u32_e32 v134, s37, v134                           // 000000004640: 4B0D0C25
	v_lshl_add_u32 v134, v3, 1, v134                           // 000000004644: D6460086 06190303
	v_add_nc_u32_e32 v134, 64, v134                            // 00000000464C: 4B0D0CC0
	global_store_b16 v134, v131, s[16:17]                      // 000000004650: DC660000 00108386
	v_lshrrev_b32_e32 v130, 16, v114                           // 000000004658: 3304E490
	v_and_b32_e32 v130, 1, v130                                // 00000000465C: 37050481
	v_add_nc_u32_e32 v131, 0x7fff, v114                        // 000000004660: 4B06E4FF 00007FFF
	v_add_nc_u32_e32 v131, v130, v131                          // 000000004668: 4B070782
	v_lshrrev_b32_e32 v131, 16, v131                           // 00000000466C: 33070690
	v_add_nc_u32_e32 v132, 36, v6                              // 000000004670: 4B080CA4
	v_add_nc_u32_e32 v133, s27, v132                           // 000000004674: 4B0B081B
	v_lshlrev_b32_e32 v134, 13, v133                           // 000000004678: 310D0A8D
	v_add_nc_u32_e32 v134, s37, v134                           // 00000000467C: 4B0D0C25
	v_lshl_add_u32 v134, v3, 1, v134                           // 000000004680: D6460086 06190303
	v_add_nc_u32_e32 v134, 64, v134                            // 000000004688: 4B0D0CC0
	global_store_b16 v134, v131, s[16:17]                      // 00000000468C: DC660000 00108386
	v_lshrrev_b32_e32 v130, 16, v115                           // 000000004694: 3304E690
	v_and_b32_e32 v130, 1, v130                                // 000000004698: 37050481
	v_add_nc_u32_e32 v131, 0x7fff, v115                        // 00000000469C: 4B06E6FF 00007FFF
	v_add_nc_u32_e32 v131, v130, v131                          // 0000000046A4: 4B070782
	v_lshrrev_b32_e32 v131, 16, v131                           // 0000000046A8: 33070690
	v_add_nc_u32_e32 v132, 38, v6                              // 0000000046AC: 4B080CA6
	v_add_nc_u32_e32 v133, s27, v132                           // 0000000046B0: 4B0B081B
	v_lshlrev_b32_e32 v134, 13, v133                           // 0000000046B4: 310D0A8D
	v_add_nc_u32_e32 v134, s37, v134                           // 0000000046B8: 4B0D0C25
	v_lshl_add_u32 v134, v3, 1, v134                           // 0000000046BC: D6460086 06190303
	v_add_nc_u32_e32 v134, 64, v134                            // 0000000046C4: 4B0D0CC0
	global_store_b16 v134, v131, s[16:17]                      // 0000000046C8: DC660000 00108386
	v_lshrrev_b32_e32 v130, 16, v116                           // 0000000046D0: 3304E890
	v_and_b32_e32 v130, 1, v130                                // 0000000046D4: 37050481
	v_add_nc_u32_e32 v131, 0x7fff, v116                        // 0000000046D8: 4B06E8FF 00007FFF
	v_add_nc_u32_e32 v131, v130, v131                          // 0000000046E0: 4B070782
	v_lshrrev_b32_e32 v131, 16, v131                           // 0000000046E4: 33070690
	v_add_nc_u32_e32 v132, 40, v6                              // 0000000046E8: 4B080CA8
	v_add_nc_u32_e32 v133, s27, v132                           // 0000000046EC: 4B0B081B
	v_lshlrev_b32_e32 v134, 13, v133                           // 0000000046F0: 310D0A8D
	v_add_nc_u32_e32 v134, s37, v134                           // 0000000046F4: 4B0D0C25
	v_lshl_add_u32 v134, v3, 1, v134                           // 0000000046F8: D6460086 06190303
	v_add_nc_u32_e32 v134, 64, v134                            // 000000004700: 4B0D0CC0
	global_store_b16 v134, v131, s[16:17]                      // 000000004704: DC660000 00108386
	v_lshrrev_b32_e32 v130, 16, v117                           // 00000000470C: 3304EA90
	v_and_b32_e32 v130, 1, v130                                // 000000004710: 37050481
	v_add_nc_u32_e32 v131, 0x7fff, v117                        // 000000004714: 4B06EAFF 00007FFF
	v_add_nc_u32_e32 v131, v130, v131                          // 00000000471C: 4B070782
	v_lshrrev_b32_e32 v131, 16, v131                           // 000000004720: 33070690
	v_add_nc_u32_e32 v132, 42, v6                              // 000000004724: 4B080CAA
	v_add_nc_u32_e32 v133, s27, v132                           // 000000004728: 4B0B081B
	v_lshlrev_b32_e32 v134, 13, v133                           // 00000000472C: 310D0A8D
	v_add_nc_u32_e32 v134, s37, v134                           // 000000004730: 4B0D0C25
	v_lshl_add_u32 v134, v3, 1, v134                           // 000000004734: D6460086 06190303
	v_add_nc_u32_e32 v134, 64, v134                            // 00000000473C: 4B0D0CC0
	global_store_b16 v134, v131, s[16:17]                      // 000000004740: DC660000 00108386
	v_lshrrev_b32_e32 v130, 16, v118                           // 000000004748: 3304EC90
	v_and_b32_e32 v130, 1, v130                                // 00000000474C: 37050481
	v_add_nc_u32_e32 v131, 0x7fff, v118                        // 000000004750: 4B06ECFF 00007FFF
	v_add_nc_u32_e32 v131, v130, v131                          // 000000004758: 4B070782
	v_lshrrev_b32_e32 v131, 16, v131                           // 00000000475C: 33070690
	v_add_nc_u32_e32 v132, 44, v6                              // 000000004760: 4B080CAC
	v_add_nc_u32_e32 v133, s27, v132                           // 000000004764: 4B0B081B
	v_lshlrev_b32_e32 v134, 13, v133                           // 000000004768: 310D0A8D
	v_add_nc_u32_e32 v134, s37, v134                           // 00000000476C: 4B0D0C25
	v_lshl_add_u32 v134, v3, 1, v134                           // 000000004770: D6460086 06190303
	v_add_nc_u32_e32 v134, 64, v134                            // 000000004778: 4B0D0CC0
	global_store_b16 v134, v131, s[16:17]                      // 00000000477C: DC660000 00108386
	v_lshrrev_b32_e32 v130, 16, v119                           // 000000004784: 3304EE90
	v_and_b32_e32 v130, 1, v130                                // 000000004788: 37050481
	v_add_nc_u32_e32 v131, 0x7fff, v119                        // 00000000478C: 4B06EEFF 00007FFF
	v_add_nc_u32_e32 v131, v130, v131                          // 000000004794: 4B070782
	v_lshrrev_b32_e32 v131, 16, v131                           // 000000004798: 33070690
	v_add_nc_u32_e32 v132, 46, v6                              // 00000000479C: 4B080CAE
	v_add_nc_u32_e32 v133, s27, v132                           // 0000000047A0: 4B0B081B
	v_lshlrev_b32_e32 v134, 13, v133                           // 0000000047A4: 310D0A8D
	v_add_nc_u32_e32 v134, s37, v134                           // 0000000047A8: 4B0D0C25
	v_lshl_add_u32 v134, v3, 1, v134                           // 0000000047AC: D6460086 06190303
	v_add_nc_u32_e32 v134, 64, v134                            // 0000000047B4: 4B0D0CC0
	global_store_b16 v134, v131, s[16:17]                      // 0000000047B8: DC660000 00108386
	v_lshrrev_b32_e32 v130, 16, v120                           // 0000000047C0: 3304F090
	v_and_b32_e32 v130, 1, v130                                // 0000000047C4: 37050481
	v_add_nc_u32_e32 v131, 0x7fff, v120                        // 0000000047C8: 4B06F0FF 00007FFF
	v_add_nc_u32_e32 v131, v130, v131                          // 0000000047D0: 4B070782
	v_lshrrev_b32_e32 v131, 16, v131                           // 0000000047D4: 33070690
	v_add_nc_u32_e32 v132, 32, v6                              // 0000000047D8: 4B080CA0
	v_add_nc_u32_e32 v133, s27, v132                           // 0000000047DC: 4B0B081B
	v_lshlrev_b32_e32 v134, 13, v133                           // 0000000047E0: 310D0A8D
	v_add_nc_u32_e32 v134, s37, v134                           // 0000000047E4: 4B0D0C25
	v_lshl_add_u32 v134, v3, 1, v134                           // 0000000047E8: D6460086 06190303
	v_add_nc_u32_e32 v134, 0x60, v134                          // 0000000047F0: 4B0D0CFF 00000060
	global_store_b16 v134, v131, s[16:17]                      // 0000000047F8: DC660000 00108386
	v_lshrrev_b32_e32 v130, 16, v121                           // 000000004800: 3304F290
	v_and_b32_e32 v130, 1, v130                                // 000000004804: 37050481
	v_add_nc_u32_e32 v131, 0x7fff, v121                        // 000000004808: 4B06F2FF 00007FFF
	v_add_nc_u32_e32 v131, v130, v131                          // 000000004810: 4B070782
	v_lshrrev_b32_e32 v131, 16, v131                           // 000000004814: 33070690
	v_add_nc_u32_e32 v132, 34, v6                              // 000000004818: 4B080CA2
	v_add_nc_u32_e32 v133, s27, v132                           // 00000000481C: 4B0B081B
	v_lshlrev_b32_e32 v134, 13, v133                           // 000000004820: 310D0A8D
	v_add_nc_u32_e32 v134, s37, v134                           // 000000004824: 4B0D0C25
	v_lshl_add_u32 v134, v3, 1, v134                           // 000000004828: D6460086 06190303
	v_add_nc_u32_e32 v134, 0x60, v134                          // 000000004830: 4B0D0CFF 00000060
	global_store_b16 v134, v131, s[16:17]                      // 000000004838: DC660000 00108386
	v_lshrrev_b32_e32 v130, 16, v122                           // 000000004840: 3304F490
	v_and_b32_e32 v130, 1, v130                                // 000000004844: 37050481
	v_add_nc_u32_e32 v131, 0x7fff, v122                        // 000000004848: 4B06F4FF 00007FFF
	v_add_nc_u32_e32 v131, v130, v131                          // 000000004850: 4B070782
	v_lshrrev_b32_e32 v131, 16, v131                           // 000000004854: 33070690
	v_add_nc_u32_e32 v132, 36, v6                              // 000000004858: 4B080CA4
	v_add_nc_u32_e32 v133, s27, v132                           // 00000000485C: 4B0B081B
	v_lshlrev_b32_e32 v134, 13, v133                           // 000000004860: 310D0A8D
	v_add_nc_u32_e32 v134, s37, v134                           // 000000004864: 4B0D0C25
	v_lshl_add_u32 v134, v3, 1, v134                           // 000000004868: D6460086 06190303
	v_add_nc_u32_e32 v134, 0x60, v134                          // 000000004870: 4B0D0CFF 00000060
	global_store_b16 v134, v131, s[16:17]                      // 000000004878: DC660000 00108386
	v_lshrrev_b32_e32 v130, 16, v123                           // 000000004880: 3304F690
	v_and_b32_e32 v130, 1, v130                                // 000000004884: 37050481
	v_add_nc_u32_e32 v131, 0x7fff, v123                        // 000000004888: 4B06F6FF 00007FFF
	v_add_nc_u32_e32 v131, v130, v131                          // 000000004890: 4B070782
	v_lshrrev_b32_e32 v131, 16, v131                           // 000000004894: 33070690
	v_add_nc_u32_e32 v132, 38, v6                              // 000000004898: 4B080CA6
	v_add_nc_u32_e32 v133, s27, v132                           // 00000000489C: 4B0B081B
	v_lshlrev_b32_e32 v134, 13, v133                           // 0000000048A0: 310D0A8D
	v_add_nc_u32_e32 v134, s37, v134                           // 0000000048A4: 4B0D0C25
	v_lshl_add_u32 v134, v3, 1, v134                           // 0000000048A8: D6460086 06190303
	v_add_nc_u32_e32 v134, 0x60, v134                          // 0000000048B0: 4B0D0CFF 00000060
	global_store_b16 v134, v131, s[16:17]                      // 0000000048B8: DC660000 00108386
	v_lshrrev_b32_e32 v130, 16, v124                           // 0000000048C0: 3304F890
	v_and_b32_e32 v130, 1, v130                                // 0000000048C4: 37050481
	v_add_nc_u32_e32 v131, 0x7fff, v124                        // 0000000048C8: 4B06F8FF 00007FFF
	v_add_nc_u32_e32 v131, v130, v131                          // 0000000048D0: 4B070782
	v_lshrrev_b32_e32 v131, 16, v131                           // 0000000048D4: 33070690
	v_add_nc_u32_e32 v132, 40, v6                              // 0000000048D8: 4B080CA8
	v_add_nc_u32_e32 v133, s27, v132                           // 0000000048DC: 4B0B081B
	v_lshlrev_b32_e32 v134, 13, v133                           // 0000000048E0: 310D0A8D
	v_add_nc_u32_e32 v134, s37, v134                           // 0000000048E4: 4B0D0C25
	v_lshl_add_u32 v134, v3, 1, v134                           // 0000000048E8: D6460086 06190303
	v_add_nc_u32_e32 v134, 0x60, v134                          // 0000000048F0: 4B0D0CFF 00000060
	global_store_b16 v134, v131, s[16:17]                      // 0000000048F8: DC660000 00108386
	v_lshrrev_b32_e32 v130, 16, v125                           // 000000004900: 3304FA90
	v_and_b32_e32 v130, 1, v130                                // 000000004904: 37050481
	v_add_nc_u32_e32 v131, 0x7fff, v125                        // 000000004908: 4B06FAFF 00007FFF
	v_add_nc_u32_e32 v131, v130, v131                          // 000000004910: 4B070782
	v_lshrrev_b32_e32 v131, 16, v131                           // 000000004914: 33070690
	v_add_nc_u32_e32 v132, 42, v6                              // 000000004918: 4B080CAA
	v_add_nc_u32_e32 v133, s27, v132                           // 00000000491C: 4B0B081B
	v_lshlrev_b32_e32 v134, 13, v133                           // 000000004920: 310D0A8D
	v_add_nc_u32_e32 v134, s37, v134                           // 000000004924: 4B0D0C25
	v_lshl_add_u32 v134, v3, 1, v134                           // 000000004928: D6460086 06190303
	v_add_nc_u32_e32 v134, 0x60, v134                          // 000000004930: 4B0D0CFF 00000060
	global_store_b16 v134, v131, s[16:17]                      // 000000004938: DC660000 00108386
	v_lshrrev_b32_e32 v130, 16, v126                           // 000000004940: 3304FC90
	v_and_b32_e32 v130, 1, v130                                // 000000004944: 37050481
	v_add_nc_u32_e32 v131, 0x7fff, v126                        // 000000004948: 4B06FCFF 00007FFF
	v_add_nc_u32_e32 v131, v130, v131                          // 000000004950: 4B070782
	v_lshrrev_b32_e32 v131, 16, v131                           // 000000004954: 33070690
	v_add_nc_u32_e32 v132, 44, v6                              // 000000004958: 4B080CAC
	v_add_nc_u32_e32 v133, s27, v132                           // 00000000495C: 4B0B081B
	v_lshlrev_b32_e32 v134, 13, v133                           // 000000004960: 310D0A8D
	v_add_nc_u32_e32 v134, s37, v134                           // 000000004964: 4B0D0C25
	v_lshl_add_u32 v134, v3, 1, v134                           // 000000004968: D6460086 06190303
	v_add_nc_u32_e32 v134, 0x60, v134                          // 000000004970: 4B0D0CFF 00000060
	global_store_b16 v134, v131, s[16:17]                      // 000000004978: DC660000 00108386
	v_lshrrev_b32_e32 v130, 16, v127                           // 000000004980: 3304FE90
	v_and_b32_e32 v130, 1, v130                                // 000000004984: 37050481
	v_add_nc_u32_e32 v131, 0x7fff, v127                        // 000000004988: 4B06FEFF 00007FFF
	v_add_nc_u32_e32 v131, v130, v131                          // 000000004990: 4B070782
	v_lshrrev_b32_e32 v131, 16, v131                           // 000000004994: 33070690
	v_add_nc_u32_e32 v132, 46, v6                              // 000000004998: 4B080CAE
	v_add_nc_u32_e32 v133, s27, v132                           // 00000000499C: 4B0B081B
	v_lshlrev_b32_e32 v134, 13, v133                           // 0000000049A0: 310D0A8D
	v_add_nc_u32_e32 v134, s37, v134                           // 0000000049A4: 4B0D0C25
	v_lshl_add_u32 v134, v3, 1, v134                           // 0000000049A8: D6460086 06190303
	v_add_nc_u32_e32 v134, 0x60, v134                          // 0000000049B0: 4B0D0CFF 00000060
	global_store_b16 v134, v131, s[16:17]                      // 0000000049B8: DC660000 00108386
	s_barrier                                                  // 0000000049C0: BFBD0000
	v_and_b32_e32 v96, 7, v0                                   // 0000000049C4: 36C00087
	v_lshrrev_b32_e32 v97, 3, v0                               // 0000000049C8: 32C20083
	s_lshl_b32 s35, s3, 8                                      // 0000000049CC: 84238803
	s_add_u32 s35, s35, 0x80                                   // 0000000049D0: 8023FF23 00000080
	s_mov_b32 s37, s35                                         // 0000000049D8: BEA50023
	v_add_nc_u32_e32 v100, 0, v97                              // 0000000049DC: 4AC8C280
	v_add_nc_u32_e32 v101, s27, v100                           // 0000000049E0: 4ACAC81B
	v_lshlrev_b32_e32 v102, 13, v101                           // 0000000049E4: 30CCCA8D
	v_add_nc_u32_e32 v102, s35, v102                           // 0000000049E8: 4ACCCC23
	v_lshl_add_u32 v102, v96, 4, v102                          // 0000000049EC: D6460066 05990960
	global_load_b128 v[108:111], v102, s[10:11]                // 0000000049F4: DC5E0000 6C0A0066
	v_lshlrev_b32_e32 v104, 7, v101                            // 0000000049FC: 30D0CA87
	v_lshl_add_u32 v104, s3, 2, v104                           // 000000004A00: D6460068 05A10403
	global_load_b32 v112, v104, s[12:13]                       // 000000004A08: DC520000 700C0068
	s_waitcnt vmcnt(0)                                         // 000000004A10: BF8903F7
	v_lshlrev_b32_e32 v114, 16, v108                           // 000000004A14: 30E4D890
	v_and_b32_e32 v115, 0xffff0000, v108                       // 000000004A18: 36E6D8FF FFFF0000
	v_mul_f32_e32 v114, v112, v114                             // 000000004A20: 10E4E570
	v_mul_f32_e32 v115, v112, v115                             // 000000004A24: 10E6E770
	v_lshrrev_b32_e32 v116, 16, v114                           // 000000004A28: 32E8E490
	v_and_b32_e32 v116, 1, v116                                // 000000004A2C: 36E8E881
	v_add_nc_u32_e32 v114, 0x7fff, v114                        // 000000004A30: 4AE4E4FF 00007FFF
	v_add_nc_u32_e32 v114, v116, v114                          // 000000004A38: 4AE4E574
	v_lshrrev_b32_e32 v114, 16, v114                           // 000000004A3C: 32E4E490
	v_lshrrev_b32_e32 v116, 16, v115                           // 000000004A40: 32E8E690
	v_and_b32_e32 v116, 1, v116                                // 000000004A44: 36E8E881
	v_add_nc_u32_e32 v115, 0x7fff, v115                        // 000000004A48: 4AE6E6FF 00007FFF
	v_add_nc_u32_e32 v115, v116, v115                          // 000000004A50: 4AE6E774
	v_and_b32_e32 v115, 0xffff0000, v115                       // 000000004A54: 36E6E6FF FFFF0000
	v_or_b32_e32 v108, v114, v115                              // 000000004A5C: 38D8E772
	v_lshlrev_b32_e32 v114, 16, v109                           // 000000004A60: 30E4DA90
	v_and_b32_e32 v115, 0xffff0000, v109                       // 000000004A64: 36E6DAFF FFFF0000
	v_mul_f32_e32 v114, v112, v114                             // 000000004A6C: 10E4E570
	v_mul_f32_e32 v115, v112, v115                             // 000000004A70: 10E6E770
	v_lshrrev_b32_e32 v116, 16, v114                           // 000000004A74: 32E8E490
	v_and_b32_e32 v116, 1, v116                                // 000000004A78: 36E8E881
	v_add_nc_u32_e32 v114, 0x7fff, v114                        // 000000004A7C: 4AE4E4FF 00007FFF
	v_add_nc_u32_e32 v114, v116, v114                          // 000000004A84: 4AE4E574
	v_lshrrev_b32_e32 v114, 16, v114                           // 000000004A88: 32E4E490
	v_lshrrev_b32_e32 v116, 16, v115                           // 000000004A8C: 32E8E690
	v_and_b32_e32 v116, 1, v116                                // 000000004A90: 36E8E881
	v_add_nc_u32_e32 v115, 0x7fff, v115                        // 000000004A94: 4AE6E6FF 00007FFF
	v_add_nc_u32_e32 v115, v116, v115                          // 000000004A9C: 4AE6E774
	v_and_b32_e32 v115, 0xffff0000, v115                       // 000000004AA0: 36E6E6FF FFFF0000
	v_or_b32_e32 v109, v114, v115                              // 000000004AA8: 38DAE772
	v_lshlrev_b32_e32 v114, 16, v110                           // 000000004AAC: 30E4DC90
	v_and_b32_e32 v115, 0xffff0000, v110                       // 000000004AB0: 36E6DCFF FFFF0000
	v_mul_f32_e32 v114, v112, v114                             // 000000004AB8: 10E4E570
	v_mul_f32_e32 v115, v112, v115                             // 000000004ABC: 10E6E770
	v_lshrrev_b32_e32 v116, 16, v114                           // 000000004AC0: 32E8E490
	v_and_b32_e32 v116, 1, v116                                // 000000004AC4: 36E8E881
	v_add_nc_u32_e32 v114, 0x7fff, v114                        // 000000004AC8: 4AE4E4FF 00007FFF
	v_add_nc_u32_e32 v114, v116, v114                          // 000000004AD0: 4AE4E574
	v_lshrrev_b32_e32 v114, 16, v114                           // 000000004AD4: 32E4E490
	v_lshrrev_b32_e32 v116, 16, v115                           // 000000004AD8: 32E8E690
	v_and_b32_e32 v116, 1, v116                                // 000000004ADC: 36E8E881
	v_add_nc_u32_e32 v115, 0x7fff, v115                        // 000000004AE0: 4AE6E6FF 00007FFF
	v_add_nc_u32_e32 v115, v116, v115                          // 000000004AE8: 4AE6E774
	v_and_b32_e32 v115, 0xffff0000, v115                       // 000000004AEC: 36E6E6FF FFFF0000
	v_or_b32_e32 v110, v114, v115                              // 000000004AF4: 38DCE772
	v_lshlrev_b32_e32 v114, 16, v111                           // 000000004AF8: 30E4DE90
	v_and_b32_e32 v115, 0xffff0000, v111                       // 000000004AFC: 36E6DEFF FFFF0000
	v_mul_f32_e32 v114, v112, v114                             // 000000004B04: 10E4E570
	v_mul_f32_e32 v115, v112, v115                             // 000000004B08: 10E6E770
	v_lshrrev_b32_e32 v116, 16, v114                           // 000000004B0C: 32E8E490
	v_and_b32_e32 v116, 1, v116                                // 000000004B10: 36E8E881
	v_add_nc_u32_e32 v114, 0x7fff, v114                        // 000000004B14: 4AE4E4FF 00007FFF
	v_add_nc_u32_e32 v114, v116, v114                          // 000000004B1C: 4AE4E574
	v_lshrrev_b32_e32 v114, 16, v114                           // 000000004B20: 32E4E490
	v_lshrrev_b32_e32 v116, 16, v115                           // 000000004B24: 32E8E690
	v_and_b32_e32 v116, 1, v116                                // 000000004B28: 36E8E881
	v_add_nc_u32_e32 v115, 0x7fff, v115                        // 000000004B2C: 4AE6E6FF 00007FFF
	v_add_nc_u32_e32 v115, v116, v115                          // 000000004B34: 4AE6E774
	v_and_b32_e32 v115, 0xffff0000, v115                       // 000000004B38: 36E6E6FF FFFF0000
	v_or_b32_e32 v111, v114, v115                              // 000000004B40: 38DEE772
	v_lshlrev_b32_e32 v103, 7, v100                            // 000000004B44: 30CEC887
	v_lshl_add_u32 v103, v96, 4, v103                          // 000000004B48: D6460067 059D0960
	v_add_nc_u32_e32 v103, 0x2000, v103                        // 000000004B50: 4ACECEFF 00002000
	ds_store_b128 v103, v[108:111]                             // 000000004B58: DB7C0000 00006C67
	v_add_nc_u32_e32 v100, 8, v97                              // 000000004B60: 4AC8C288
	v_add_nc_u32_e32 v101, s27, v100                           // 000000004B64: 4ACAC81B
	v_lshlrev_b32_e32 v102, 13, v101                           // 000000004B68: 30CCCA8D
	v_add_nc_u32_e32 v102, s35, v102                           // 000000004B6C: 4ACCCC23
	v_lshl_add_u32 v102, v96, 4, v102                          // 000000004B70: D6460066 05990960
	global_load_b128 v[108:111], v102, s[10:11]                // 000000004B78: DC5E0000 6C0A0066
	v_lshlrev_b32_e32 v104, 7, v101                            // 000000004B80: 30D0CA87
	v_lshl_add_u32 v104, s3, 2, v104                           // 000000004B84: D6460068 05A10403
	global_load_b32 v112, v104, s[12:13]                       // 000000004B8C: DC520000 700C0068
	s_waitcnt vmcnt(0)                                         // 000000004B94: BF8903F7
	v_lshlrev_b32_e32 v114, 16, v108                           // 000000004B98: 30E4D890
	v_and_b32_e32 v115, 0xffff0000, v108                       // 000000004B9C: 36E6D8FF FFFF0000
	v_mul_f32_e32 v114, v112, v114                             // 000000004BA4: 10E4E570
	v_mul_f32_e32 v115, v112, v115                             // 000000004BA8: 10E6E770
	v_lshrrev_b32_e32 v116, 16, v114                           // 000000004BAC: 32E8E490
	v_and_b32_e32 v116, 1, v116                                // 000000004BB0: 36E8E881
	v_add_nc_u32_e32 v114, 0x7fff, v114                        // 000000004BB4: 4AE4E4FF 00007FFF
	v_add_nc_u32_e32 v114, v116, v114                          // 000000004BBC: 4AE4E574
	v_lshrrev_b32_e32 v114, 16, v114                           // 000000004BC0: 32E4E490
	v_lshrrev_b32_e32 v116, 16, v115                           // 000000004BC4: 32E8E690
	v_and_b32_e32 v116, 1, v116                                // 000000004BC8: 36E8E881
	v_add_nc_u32_e32 v115, 0x7fff, v115                        // 000000004BCC: 4AE6E6FF 00007FFF
	v_add_nc_u32_e32 v115, v116, v115                          // 000000004BD4: 4AE6E774
	v_and_b32_e32 v115, 0xffff0000, v115                       // 000000004BD8: 36E6E6FF FFFF0000
	v_or_b32_e32 v108, v114, v115                              // 000000004BE0: 38D8E772
	v_lshlrev_b32_e32 v114, 16, v109                           // 000000004BE4: 30E4DA90
	v_and_b32_e32 v115, 0xffff0000, v109                       // 000000004BE8: 36E6DAFF FFFF0000
	v_mul_f32_e32 v114, v112, v114                             // 000000004BF0: 10E4E570
	v_mul_f32_e32 v115, v112, v115                             // 000000004BF4: 10E6E770
	v_lshrrev_b32_e32 v116, 16, v114                           // 000000004BF8: 32E8E490
	v_and_b32_e32 v116, 1, v116                                // 000000004BFC: 36E8E881
	v_add_nc_u32_e32 v114, 0x7fff, v114                        // 000000004C00: 4AE4E4FF 00007FFF
	v_add_nc_u32_e32 v114, v116, v114                          // 000000004C08: 4AE4E574
	v_lshrrev_b32_e32 v114, 16, v114                           // 000000004C0C: 32E4E490
	v_lshrrev_b32_e32 v116, 16, v115                           // 000000004C10: 32E8E690
	v_and_b32_e32 v116, 1, v116                                // 000000004C14: 36E8E881
	v_add_nc_u32_e32 v115, 0x7fff, v115                        // 000000004C18: 4AE6E6FF 00007FFF
	v_add_nc_u32_e32 v115, v116, v115                          // 000000004C20: 4AE6E774
	v_and_b32_e32 v115, 0xffff0000, v115                       // 000000004C24: 36E6E6FF FFFF0000
	v_or_b32_e32 v109, v114, v115                              // 000000004C2C: 38DAE772
	v_lshlrev_b32_e32 v114, 16, v110                           // 000000004C30: 30E4DC90
	v_and_b32_e32 v115, 0xffff0000, v110                       // 000000004C34: 36E6DCFF FFFF0000
	v_mul_f32_e32 v114, v112, v114                             // 000000004C3C: 10E4E570
	v_mul_f32_e32 v115, v112, v115                             // 000000004C40: 10E6E770
	v_lshrrev_b32_e32 v116, 16, v114                           // 000000004C44: 32E8E490
	v_and_b32_e32 v116, 1, v116                                // 000000004C48: 36E8E881
	v_add_nc_u32_e32 v114, 0x7fff, v114                        // 000000004C4C: 4AE4E4FF 00007FFF
	v_add_nc_u32_e32 v114, v116, v114                          // 000000004C54: 4AE4E574
	v_lshrrev_b32_e32 v114, 16, v114                           // 000000004C58: 32E4E490
	v_lshrrev_b32_e32 v116, 16, v115                           // 000000004C5C: 32E8E690
	v_and_b32_e32 v116, 1, v116                                // 000000004C60: 36E8E881
	v_add_nc_u32_e32 v115, 0x7fff, v115                        // 000000004C64: 4AE6E6FF 00007FFF
	v_add_nc_u32_e32 v115, v116, v115                          // 000000004C6C: 4AE6E774
	v_and_b32_e32 v115, 0xffff0000, v115                       // 000000004C70: 36E6E6FF FFFF0000
	v_or_b32_e32 v110, v114, v115                              // 000000004C78: 38DCE772
	v_lshlrev_b32_e32 v114, 16, v111                           // 000000004C7C: 30E4DE90
	v_and_b32_e32 v115, 0xffff0000, v111                       // 000000004C80: 36E6DEFF FFFF0000
	v_mul_f32_e32 v114, v112, v114                             // 000000004C88: 10E4E570
	v_mul_f32_e32 v115, v112, v115                             // 000000004C8C: 10E6E770
	v_lshrrev_b32_e32 v116, 16, v114                           // 000000004C90: 32E8E490
	v_and_b32_e32 v116, 1, v116                                // 000000004C94: 36E8E881
	v_add_nc_u32_e32 v114, 0x7fff, v114                        // 000000004C98: 4AE4E4FF 00007FFF
	v_add_nc_u32_e32 v114, v116, v114                          // 000000004CA0: 4AE4E574
	v_lshrrev_b32_e32 v114, 16, v114                           // 000000004CA4: 32E4E490
	v_lshrrev_b32_e32 v116, 16, v115                           // 000000004CA8: 32E8E690
	v_and_b32_e32 v116, 1, v116                                // 000000004CAC: 36E8E881
	v_add_nc_u32_e32 v115, 0x7fff, v115                        // 000000004CB0: 4AE6E6FF 00007FFF
	v_add_nc_u32_e32 v115, v116, v115                          // 000000004CB8: 4AE6E774
	v_and_b32_e32 v115, 0xffff0000, v115                       // 000000004CBC: 36E6E6FF FFFF0000
	v_or_b32_e32 v111, v114, v115                              // 000000004CC4: 38DEE772
	v_lshlrev_b32_e32 v103, 7, v100                            // 000000004CC8: 30CEC887
	v_lshl_add_u32 v103, v96, 4, v103                          // 000000004CCC: D6460067 059D0960
	v_add_nc_u32_e32 v103, 0x2000, v103                        // 000000004CD4: 4ACECEFF 00002000
	ds_store_b128 v103, v[108:111]                             // 000000004CDC: DB7C0000 00006C67
	v_add_nc_u32_e32 v100, 16, v97                             // 000000004CE4: 4AC8C290
	v_add_nc_u32_e32 v101, s27, v100                           // 000000004CE8: 4ACAC81B
	v_lshlrev_b32_e32 v102, 13, v101                           // 000000004CEC: 30CCCA8D
	v_add_nc_u32_e32 v102, s35, v102                           // 000000004CF0: 4ACCCC23
	v_lshl_add_u32 v102, v96, 4, v102                          // 000000004CF4: D6460066 05990960
	global_load_b128 v[108:111], v102, s[10:11]                // 000000004CFC: DC5E0000 6C0A0066
	v_lshlrev_b32_e32 v104, 7, v101                            // 000000004D04: 30D0CA87
	v_lshl_add_u32 v104, s3, 2, v104                           // 000000004D08: D6460068 05A10403
	global_load_b32 v112, v104, s[12:13]                       // 000000004D10: DC520000 700C0068
	s_waitcnt vmcnt(0)                                         // 000000004D18: BF8903F7
	v_lshlrev_b32_e32 v114, 16, v108                           // 000000004D1C: 30E4D890
	v_and_b32_e32 v115, 0xffff0000, v108                       // 000000004D20: 36E6D8FF FFFF0000
	v_mul_f32_e32 v114, v112, v114                             // 000000004D28: 10E4E570
	v_mul_f32_e32 v115, v112, v115                             // 000000004D2C: 10E6E770
	v_lshrrev_b32_e32 v116, 16, v114                           // 000000004D30: 32E8E490
	v_and_b32_e32 v116, 1, v116                                // 000000004D34: 36E8E881
	v_add_nc_u32_e32 v114, 0x7fff, v114                        // 000000004D38: 4AE4E4FF 00007FFF
	v_add_nc_u32_e32 v114, v116, v114                          // 000000004D40: 4AE4E574
	v_lshrrev_b32_e32 v114, 16, v114                           // 000000004D44: 32E4E490
	v_lshrrev_b32_e32 v116, 16, v115                           // 000000004D48: 32E8E690
	v_and_b32_e32 v116, 1, v116                                // 000000004D4C: 36E8E881
	v_add_nc_u32_e32 v115, 0x7fff, v115                        // 000000004D50: 4AE6E6FF 00007FFF
	v_add_nc_u32_e32 v115, v116, v115                          // 000000004D58: 4AE6E774
	v_and_b32_e32 v115, 0xffff0000, v115                       // 000000004D5C: 36E6E6FF FFFF0000
	v_or_b32_e32 v108, v114, v115                              // 000000004D64: 38D8E772
	v_lshlrev_b32_e32 v114, 16, v109                           // 000000004D68: 30E4DA90
	v_and_b32_e32 v115, 0xffff0000, v109                       // 000000004D6C: 36E6DAFF FFFF0000
	v_mul_f32_e32 v114, v112, v114                             // 000000004D74: 10E4E570
	v_mul_f32_e32 v115, v112, v115                             // 000000004D78: 10E6E770
	v_lshrrev_b32_e32 v116, 16, v114                           // 000000004D7C: 32E8E490
	v_and_b32_e32 v116, 1, v116                                // 000000004D80: 36E8E881
	v_add_nc_u32_e32 v114, 0x7fff, v114                        // 000000004D84: 4AE4E4FF 00007FFF
	v_add_nc_u32_e32 v114, v116, v114                          // 000000004D8C: 4AE4E574
	v_lshrrev_b32_e32 v114, 16, v114                           // 000000004D90: 32E4E490
	v_lshrrev_b32_e32 v116, 16, v115                           // 000000004D94: 32E8E690
	v_and_b32_e32 v116, 1, v116                                // 000000004D98: 36E8E881
	v_add_nc_u32_e32 v115, 0x7fff, v115                        // 000000004D9C: 4AE6E6FF 00007FFF
	v_add_nc_u32_e32 v115, v116, v115                          // 000000004DA4: 4AE6E774
	v_and_b32_e32 v115, 0xffff0000, v115                       // 000000004DA8: 36E6E6FF FFFF0000
	v_or_b32_e32 v109, v114, v115                              // 000000004DB0: 38DAE772
	v_lshlrev_b32_e32 v114, 16, v110                           // 000000004DB4: 30E4DC90
	v_and_b32_e32 v115, 0xffff0000, v110                       // 000000004DB8: 36E6DCFF FFFF0000
	v_mul_f32_e32 v114, v112, v114                             // 000000004DC0: 10E4E570
	v_mul_f32_e32 v115, v112, v115                             // 000000004DC4: 10E6E770
	v_lshrrev_b32_e32 v116, 16, v114                           // 000000004DC8: 32E8E490
	v_and_b32_e32 v116, 1, v116                                // 000000004DCC: 36E8E881
	v_add_nc_u32_e32 v114, 0x7fff, v114                        // 000000004DD0: 4AE4E4FF 00007FFF
	v_add_nc_u32_e32 v114, v116, v114                          // 000000004DD8: 4AE4E574
	v_lshrrev_b32_e32 v114, 16, v114                           // 000000004DDC: 32E4E490
	v_lshrrev_b32_e32 v116, 16, v115                           // 000000004DE0: 32E8E690
	v_and_b32_e32 v116, 1, v116                                // 000000004DE4: 36E8E881
	v_add_nc_u32_e32 v115, 0x7fff, v115                        // 000000004DE8: 4AE6E6FF 00007FFF
	v_add_nc_u32_e32 v115, v116, v115                          // 000000004DF0: 4AE6E774
	v_and_b32_e32 v115, 0xffff0000, v115                       // 000000004DF4: 36E6E6FF FFFF0000
	v_or_b32_e32 v110, v114, v115                              // 000000004DFC: 38DCE772
	v_lshlrev_b32_e32 v114, 16, v111                           // 000000004E00: 30E4DE90
	v_and_b32_e32 v115, 0xffff0000, v111                       // 000000004E04: 36E6DEFF FFFF0000
	v_mul_f32_e32 v114, v112, v114                             // 000000004E0C: 10E4E570
	v_mul_f32_e32 v115, v112, v115                             // 000000004E10: 10E6E770
	v_lshrrev_b32_e32 v116, 16, v114                           // 000000004E14: 32E8E490
	v_and_b32_e32 v116, 1, v116                                // 000000004E18: 36E8E881
	v_add_nc_u32_e32 v114, 0x7fff, v114                        // 000000004E1C: 4AE4E4FF 00007FFF
	v_add_nc_u32_e32 v114, v116, v114                          // 000000004E24: 4AE4E574
	v_lshrrev_b32_e32 v114, 16, v114                           // 000000004E28: 32E4E490
	v_lshrrev_b32_e32 v116, 16, v115                           // 000000004E2C: 32E8E690
	v_and_b32_e32 v116, 1, v116                                // 000000004E30: 36E8E881
	v_add_nc_u32_e32 v115, 0x7fff, v115                        // 000000004E34: 4AE6E6FF 00007FFF
	v_add_nc_u32_e32 v115, v116, v115                          // 000000004E3C: 4AE6E774
	v_and_b32_e32 v115, 0xffff0000, v115                       // 000000004E40: 36E6E6FF FFFF0000
	v_or_b32_e32 v111, v114, v115                              // 000000004E48: 38DEE772
	v_lshlrev_b32_e32 v103, 7, v100                            // 000000004E4C: 30CEC887
	v_lshl_add_u32 v103, v96, 4, v103                          // 000000004E50: D6460067 059D0960
	v_add_nc_u32_e32 v103, 0x2000, v103                        // 000000004E58: 4ACECEFF 00002000
	ds_store_b128 v103, v[108:111]                             // 000000004E60: DB7C0000 00006C67
	v_add_nc_u32_e32 v100, 24, v97                             // 000000004E68: 4AC8C298
	v_add_nc_u32_e32 v101, s27, v100                           // 000000004E6C: 4ACAC81B
	v_lshlrev_b32_e32 v102, 13, v101                           // 000000004E70: 30CCCA8D
	v_add_nc_u32_e32 v102, s35, v102                           // 000000004E74: 4ACCCC23
	v_lshl_add_u32 v102, v96, 4, v102                          // 000000004E78: D6460066 05990960
	global_load_b128 v[108:111], v102, s[10:11]                // 000000004E80: DC5E0000 6C0A0066
	v_lshlrev_b32_e32 v104, 7, v101                            // 000000004E88: 30D0CA87
	v_lshl_add_u32 v104, s3, 2, v104                           // 000000004E8C: D6460068 05A10403
	global_load_b32 v112, v104, s[12:13]                       // 000000004E94: DC520000 700C0068
	s_waitcnt vmcnt(0)                                         // 000000004E9C: BF8903F7
	v_lshlrev_b32_e32 v114, 16, v108                           // 000000004EA0: 30E4D890
	v_and_b32_e32 v115, 0xffff0000, v108                       // 000000004EA4: 36E6D8FF FFFF0000
	v_mul_f32_e32 v114, v112, v114                             // 000000004EAC: 10E4E570
	v_mul_f32_e32 v115, v112, v115                             // 000000004EB0: 10E6E770
	v_lshrrev_b32_e32 v116, 16, v114                           // 000000004EB4: 32E8E490
	v_and_b32_e32 v116, 1, v116                                // 000000004EB8: 36E8E881
	v_add_nc_u32_e32 v114, 0x7fff, v114                        // 000000004EBC: 4AE4E4FF 00007FFF
	v_add_nc_u32_e32 v114, v116, v114                          // 000000004EC4: 4AE4E574
	v_lshrrev_b32_e32 v114, 16, v114                           // 000000004EC8: 32E4E490
	v_lshrrev_b32_e32 v116, 16, v115                           // 000000004ECC: 32E8E690
	v_and_b32_e32 v116, 1, v116                                // 000000004ED0: 36E8E881
	v_add_nc_u32_e32 v115, 0x7fff, v115                        // 000000004ED4: 4AE6E6FF 00007FFF
	v_add_nc_u32_e32 v115, v116, v115                          // 000000004EDC: 4AE6E774
	v_and_b32_e32 v115, 0xffff0000, v115                       // 000000004EE0: 36E6E6FF FFFF0000
	v_or_b32_e32 v108, v114, v115                              // 000000004EE8: 38D8E772
	v_lshlrev_b32_e32 v114, 16, v109                           // 000000004EEC: 30E4DA90
	v_and_b32_e32 v115, 0xffff0000, v109                       // 000000004EF0: 36E6DAFF FFFF0000
	v_mul_f32_e32 v114, v112, v114                             // 000000004EF8: 10E4E570
	v_mul_f32_e32 v115, v112, v115                             // 000000004EFC: 10E6E770
	v_lshrrev_b32_e32 v116, 16, v114                           // 000000004F00: 32E8E490
	v_and_b32_e32 v116, 1, v116                                // 000000004F04: 36E8E881
	v_add_nc_u32_e32 v114, 0x7fff, v114                        // 000000004F08: 4AE4E4FF 00007FFF
	v_add_nc_u32_e32 v114, v116, v114                          // 000000004F10: 4AE4E574
	v_lshrrev_b32_e32 v114, 16, v114                           // 000000004F14: 32E4E490
	v_lshrrev_b32_e32 v116, 16, v115                           // 000000004F18: 32E8E690
	v_and_b32_e32 v116, 1, v116                                // 000000004F1C: 36E8E881
	v_add_nc_u32_e32 v115, 0x7fff, v115                        // 000000004F20: 4AE6E6FF 00007FFF
	v_add_nc_u32_e32 v115, v116, v115                          // 000000004F28: 4AE6E774
	v_and_b32_e32 v115, 0xffff0000, v115                       // 000000004F2C: 36E6E6FF FFFF0000
	v_or_b32_e32 v109, v114, v115                              // 000000004F34: 38DAE772
	v_lshlrev_b32_e32 v114, 16, v110                           // 000000004F38: 30E4DC90
	v_and_b32_e32 v115, 0xffff0000, v110                       // 000000004F3C: 36E6DCFF FFFF0000
	v_mul_f32_e32 v114, v112, v114                             // 000000004F44: 10E4E570
	v_mul_f32_e32 v115, v112, v115                             // 000000004F48: 10E6E770
	v_lshrrev_b32_e32 v116, 16, v114                           // 000000004F4C: 32E8E490
	v_and_b32_e32 v116, 1, v116                                // 000000004F50: 36E8E881
	v_add_nc_u32_e32 v114, 0x7fff, v114                        // 000000004F54: 4AE4E4FF 00007FFF
	v_add_nc_u32_e32 v114, v116, v114                          // 000000004F5C: 4AE4E574
	v_lshrrev_b32_e32 v114, 16, v114                           // 000000004F60: 32E4E490
	v_lshrrev_b32_e32 v116, 16, v115                           // 000000004F64: 32E8E690
	v_and_b32_e32 v116, 1, v116                                // 000000004F68: 36E8E881
	v_add_nc_u32_e32 v115, 0x7fff, v115                        // 000000004F6C: 4AE6E6FF 00007FFF
	v_add_nc_u32_e32 v115, v116, v115                          // 000000004F74: 4AE6E774
	v_and_b32_e32 v115, 0xffff0000, v115                       // 000000004F78: 36E6E6FF FFFF0000
	v_or_b32_e32 v110, v114, v115                              // 000000004F80: 38DCE772
	v_lshlrev_b32_e32 v114, 16, v111                           // 000000004F84: 30E4DE90
	v_and_b32_e32 v115, 0xffff0000, v111                       // 000000004F88: 36E6DEFF FFFF0000
	v_mul_f32_e32 v114, v112, v114                             // 000000004F90: 10E4E570
	v_mul_f32_e32 v115, v112, v115                             // 000000004F94: 10E6E770
	v_lshrrev_b32_e32 v116, 16, v114                           // 000000004F98: 32E8E490
	v_and_b32_e32 v116, 1, v116                                // 000000004F9C: 36E8E881
	v_add_nc_u32_e32 v114, 0x7fff, v114                        // 000000004FA0: 4AE4E4FF 00007FFF
	v_add_nc_u32_e32 v114, v116, v114                          // 000000004FA8: 4AE4E574
	v_lshrrev_b32_e32 v114, 16, v114                           // 000000004FAC: 32E4E490
	v_lshrrev_b32_e32 v116, 16, v115                           // 000000004FB0: 32E8E690
	v_and_b32_e32 v116, 1, v116                                // 000000004FB4: 36E8E881
	v_add_nc_u32_e32 v115, 0x7fff, v115                        // 000000004FB8: 4AE6E6FF 00007FFF
	v_add_nc_u32_e32 v115, v116, v115                          // 000000004FC0: 4AE6E774
	v_and_b32_e32 v115, 0xffff0000, v115                       // 000000004FC4: 36E6E6FF FFFF0000
	v_or_b32_e32 v111, v114, v115                              // 000000004FCC: 38DEE772
	v_lshlrev_b32_e32 v103, 7, v100                            // 000000004FD0: 30CEC887
	v_lshl_add_u32 v103, v96, 4, v103                          // 000000004FD4: D6460067 059D0960
	v_add_nc_u32_e32 v103, 0x2000, v103                        // 000000004FDC: 4ACECEFF 00002000
	ds_store_b128 v103, v[108:111]                             // 000000004FE4: DB7C0000 00006C67
	v_add_nc_u32_e32 v100, 32, v97                             // 000000004FEC: 4AC8C2A0
	v_add_nc_u32_e32 v101, s27, v100                           // 000000004FF0: 4ACAC81B
	v_lshlrev_b32_e32 v102, 13, v101                           // 000000004FF4: 30CCCA8D
	v_add_nc_u32_e32 v102, s35, v102                           // 000000004FF8: 4ACCCC23
	v_lshl_add_u32 v102, v96, 4, v102                          // 000000004FFC: D6460066 05990960
	global_load_b128 v[108:111], v102, s[10:11]                // 000000005004: DC5E0000 6C0A0066
	v_lshlrev_b32_e32 v104, 7, v101                            // 00000000500C: 30D0CA87
	v_lshl_add_u32 v104, s3, 2, v104                           // 000000005010: D6460068 05A10403
	global_load_b32 v112, v104, s[12:13]                       // 000000005018: DC520000 700C0068
	s_waitcnt vmcnt(0)                                         // 000000005020: BF8903F7
	v_lshlrev_b32_e32 v114, 16, v108                           // 000000005024: 30E4D890
	v_and_b32_e32 v115, 0xffff0000, v108                       // 000000005028: 36E6D8FF FFFF0000
	v_mul_f32_e32 v114, v112, v114                             // 000000005030: 10E4E570
	v_mul_f32_e32 v115, v112, v115                             // 000000005034: 10E6E770
	v_lshrrev_b32_e32 v116, 16, v114                           // 000000005038: 32E8E490
	v_and_b32_e32 v116, 1, v116                                // 00000000503C: 36E8E881
	v_add_nc_u32_e32 v114, 0x7fff, v114                        // 000000005040: 4AE4E4FF 00007FFF
	v_add_nc_u32_e32 v114, v116, v114                          // 000000005048: 4AE4E574
	v_lshrrev_b32_e32 v114, 16, v114                           // 00000000504C: 32E4E490
	v_lshrrev_b32_e32 v116, 16, v115                           // 000000005050: 32E8E690
	v_and_b32_e32 v116, 1, v116                                // 000000005054: 36E8E881
	v_add_nc_u32_e32 v115, 0x7fff, v115                        // 000000005058: 4AE6E6FF 00007FFF
	v_add_nc_u32_e32 v115, v116, v115                          // 000000005060: 4AE6E774
	v_and_b32_e32 v115, 0xffff0000, v115                       // 000000005064: 36E6E6FF FFFF0000
	v_or_b32_e32 v108, v114, v115                              // 00000000506C: 38D8E772
	v_lshlrev_b32_e32 v114, 16, v109                           // 000000005070: 30E4DA90
	v_and_b32_e32 v115, 0xffff0000, v109                       // 000000005074: 36E6DAFF FFFF0000
	v_mul_f32_e32 v114, v112, v114                             // 00000000507C: 10E4E570
	v_mul_f32_e32 v115, v112, v115                             // 000000005080: 10E6E770
	v_lshrrev_b32_e32 v116, 16, v114                           // 000000005084: 32E8E490
	v_and_b32_e32 v116, 1, v116                                // 000000005088: 36E8E881
	v_add_nc_u32_e32 v114, 0x7fff, v114                        // 00000000508C: 4AE4E4FF 00007FFF
	v_add_nc_u32_e32 v114, v116, v114                          // 000000005094: 4AE4E574
	v_lshrrev_b32_e32 v114, 16, v114                           // 000000005098: 32E4E490
	v_lshrrev_b32_e32 v116, 16, v115                           // 00000000509C: 32E8E690
	v_and_b32_e32 v116, 1, v116                                // 0000000050A0: 36E8E881
	v_add_nc_u32_e32 v115, 0x7fff, v115                        // 0000000050A4: 4AE6E6FF 00007FFF
	v_add_nc_u32_e32 v115, v116, v115                          // 0000000050AC: 4AE6E774
	v_and_b32_e32 v115, 0xffff0000, v115                       // 0000000050B0: 36E6E6FF FFFF0000
	v_or_b32_e32 v109, v114, v115                              // 0000000050B8: 38DAE772
	v_lshlrev_b32_e32 v114, 16, v110                           // 0000000050BC: 30E4DC90
	v_and_b32_e32 v115, 0xffff0000, v110                       // 0000000050C0: 36E6DCFF FFFF0000
	v_mul_f32_e32 v114, v112, v114                             // 0000000050C8: 10E4E570
	v_mul_f32_e32 v115, v112, v115                             // 0000000050CC: 10E6E770
	v_lshrrev_b32_e32 v116, 16, v114                           // 0000000050D0: 32E8E490
	v_and_b32_e32 v116, 1, v116                                // 0000000050D4: 36E8E881
	v_add_nc_u32_e32 v114, 0x7fff, v114                        // 0000000050D8: 4AE4E4FF 00007FFF
	v_add_nc_u32_e32 v114, v116, v114                          // 0000000050E0: 4AE4E574
	v_lshrrev_b32_e32 v114, 16, v114                           // 0000000050E4: 32E4E490
	v_lshrrev_b32_e32 v116, 16, v115                           // 0000000050E8: 32E8E690
	v_and_b32_e32 v116, 1, v116                                // 0000000050EC: 36E8E881
	v_add_nc_u32_e32 v115, 0x7fff, v115                        // 0000000050F0: 4AE6E6FF 00007FFF
	v_add_nc_u32_e32 v115, v116, v115                          // 0000000050F8: 4AE6E774
	v_and_b32_e32 v115, 0xffff0000, v115                       // 0000000050FC: 36E6E6FF FFFF0000
	v_or_b32_e32 v110, v114, v115                              // 000000005104: 38DCE772
	v_lshlrev_b32_e32 v114, 16, v111                           // 000000005108: 30E4DE90
	v_and_b32_e32 v115, 0xffff0000, v111                       // 00000000510C: 36E6DEFF FFFF0000
	v_mul_f32_e32 v114, v112, v114                             // 000000005114: 10E4E570
	v_mul_f32_e32 v115, v112, v115                             // 000000005118: 10E6E770
	v_lshrrev_b32_e32 v116, 16, v114                           // 00000000511C: 32E8E490
	v_and_b32_e32 v116, 1, v116                                // 000000005120: 36E8E881
	v_add_nc_u32_e32 v114, 0x7fff, v114                        // 000000005124: 4AE4E4FF 00007FFF
	v_add_nc_u32_e32 v114, v116, v114                          // 00000000512C: 4AE4E574
	v_lshrrev_b32_e32 v114, 16, v114                           // 000000005130: 32E4E490
	v_lshrrev_b32_e32 v116, 16, v115                           // 000000005134: 32E8E690
	v_and_b32_e32 v116, 1, v116                                // 000000005138: 36E8E881
	v_add_nc_u32_e32 v115, 0x7fff, v115                        // 00000000513C: 4AE6E6FF 00007FFF
	v_add_nc_u32_e32 v115, v116, v115                          // 000000005144: 4AE6E774
	v_and_b32_e32 v115, 0xffff0000, v115                       // 000000005148: 36E6E6FF FFFF0000
	v_or_b32_e32 v111, v114, v115                              // 000000005150: 38DEE772
	v_lshlrev_b32_e32 v103, 7, v100                            // 000000005154: 30CEC887
	v_lshl_add_u32 v103, v96, 4, v103                          // 000000005158: D6460067 059D0960
	v_add_nc_u32_e32 v103, 0x2000, v103                        // 000000005160: 4ACECEFF 00002000
	ds_store_b128 v103, v[108:111]                             // 000000005168: DB7C0000 00006C67
	v_add_nc_u32_e32 v100, 40, v97                             // 000000005170: 4AC8C2A8
	v_add_nc_u32_e32 v101, s27, v100                           // 000000005174: 4ACAC81B
	v_lshlrev_b32_e32 v102, 13, v101                           // 000000005178: 30CCCA8D
	v_add_nc_u32_e32 v102, s35, v102                           // 00000000517C: 4ACCCC23
	v_lshl_add_u32 v102, v96, 4, v102                          // 000000005180: D6460066 05990960
	global_load_b128 v[108:111], v102, s[10:11]                // 000000005188: DC5E0000 6C0A0066
	v_lshlrev_b32_e32 v104, 7, v101                            // 000000005190: 30D0CA87
	v_lshl_add_u32 v104, s3, 2, v104                           // 000000005194: D6460068 05A10403
	global_load_b32 v112, v104, s[12:13]                       // 00000000519C: DC520000 700C0068
	s_waitcnt vmcnt(0)                                         // 0000000051A4: BF8903F7
	v_lshlrev_b32_e32 v114, 16, v108                           // 0000000051A8: 30E4D890
	v_and_b32_e32 v115, 0xffff0000, v108                       // 0000000051AC: 36E6D8FF FFFF0000
	v_mul_f32_e32 v114, v112, v114                             // 0000000051B4: 10E4E570
	v_mul_f32_e32 v115, v112, v115                             // 0000000051B8: 10E6E770
	v_lshrrev_b32_e32 v116, 16, v114                           // 0000000051BC: 32E8E490
	v_and_b32_e32 v116, 1, v116                                // 0000000051C0: 36E8E881
	v_add_nc_u32_e32 v114, 0x7fff, v114                        // 0000000051C4: 4AE4E4FF 00007FFF
	v_add_nc_u32_e32 v114, v116, v114                          // 0000000051CC: 4AE4E574
	v_lshrrev_b32_e32 v114, 16, v114                           // 0000000051D0: 32E4E490
	v_lshrrev_b32_e32 v116, 16, v115                           // 0000000051D4: 32E8E690
	v_and_b32_e32 v116, 1, v116                                // 0000000051D8: 36E8E881
	v_add_nc_u32_e32 v115, 0x7fff, v115                        // 0000000051DC: 4AE6E6FF 00007FFF
	v_add_nc_u32_e32 v115, v116, v115                          // 0000000051E4: 4AE6E774
	v_and_b32_e32 v115, 0xffff0000, v115                       // 0000000051E8: 36E6E6FF FFFF0000
	v_or_b32_e32 v108, v114, v115                              // 0000000051F0: 38D8E772
	v_lshlrev_b32_e32 v114, 16, v109                           // 0000000051F4: 30E4DA90
	v_and_b32_e32 v115, 0xffff0000, v109                       // 0000000051F8: 36E6DAFF FFFF0000
	v_mul_f32_e32 v114, v112, v114                             // 000000005200: 10E4E570
	v_mul_f32_e32 v115, v112, v115                             // 000000005204: 10E6E770
	v_lshrrev_b32_e32 v116, 16, v114                           // 000000005208: 32E8E490
	v_and_b32_e32 v116, 1, v116                                // 00000000520C: 36E8E881
	v_add_nc_u32_e32 v114, 0x7fff, v114                        // 000000005210: 4AE4E4FF 00007FFF
	v_add_nc_u32_e32 v114, v116, v114                          // 000000005218: 4AE4E574
	v_lshrrev_b32_e32 v114, 16, v114                           // 00000000521C: 32E4E490
	v_lshrrev_b32_e32 v116, 16, v115                           // 000000005220: 32E8E690
	v_and_b32_e32 v116, 1, v116                                // 000000005224: 36E8E881
	v_add_nc_u32_e32 v115, 0x7fff, v115                        // 000000005228: 4AE6E6FF 00007FFF
	v_add_nc_u32_e32 v115, v116, v115                          // 000000005230: 4AE6E774
	v_and_b32_e32 v115, 0xffff0000, v115                       // 000000005234: 36E6E6FF FFFF0000
	v_or_b32_e32 v109, v114, v115                              // 00000000523C: 38DAE772
	v_lshlrev_b32_e32 v114, 16, v110                           // 000000005240: 30E4DC90
	v_and_b32_e32 v115, 0xffff0000, v110                       // 000000005244: 36E6DCFF FFFF0000
	v_mul_f32_e32 v114, v112, v114                             // 00000000524C: 10E4E570
	v_mul_f32_e32 v115, v112, v115                             // 000000005250: 10E6E770
	v_lshrrev_b32_e32 v116, 16, v114                           // 000000005254: 32E8E490
	v_and_b32_e32 v116, 1, v116                                // 000000005258: 36E8E881
	v_add_nc_u32_e32 v114, 0x7fff, v114                        // 00000000525C: 4AE4E4FF 00007FFF
	v_add_nc_u32_e32 v114, v116, v114                          // 000000005264: 4AE4E574
	v_lshrrev_b32_e32 v114, 16, v114                           // 000000005268: 32E4E490
	v_lshrrev_b32_e32 v116, 16, v115                           // 00000000526C: 32E8E690
	v_and_b32_e32 v116, 1, v116                                // 000000005270: 36E8E881
	v_add_nc_u32_e32 v115, 0x7fff, v115                        // 000000005274: 4AE6E6FF 00007FFF
	v_add_nc_u32_e32 v115, v116, v115                          // 00000000527C: 4AE6E774
	v_and_b32_e32 v115, 0xffff0000, v115                       // 000000005280: 36E6E6FF FFFF0000
	v_or_b32_e32 v110, v114, v115                              // 000000005288: 38DCE772
	v_lshlrev_b32_e32 v114, 16, v111                           // 00000000528C: 30E4DE90
	v_and_b32_e32 v115, 0xffff0000, v111                       // 000000005290: 36E6DEFF FFFF0000
	v_mul_f32_e32 v114, v112, v114                             // 000000005298: 10E4E570
	v_mul_f32_e32 v115, v112, v115                             // 00000000529C: 10E6E770
	v_lshrrev_b32_e32 v116, 16, v114                           // 0000000052A0: 32E8E490
	v_and_b32_e32 v116, 1, v116                                // 0000000052A4: 36E8E881
	v_add_nc_u32_e32 v114, 0x7fff, v114                        // 0000000052A8: 4AE4E4FF 00007FFF
	v_add_nc_u32_e32 v114, v116, v114                          // 0000000052B0: 4AE4E574
	v_lshrrev_b32_e32 v114, 16, v114                           // 0000000052B4: 32E4E490
	v_lshrrev_b32_e32 v116, 16, v115                           // 0000000052B8: 32E8E690
	v_and_b32_e32 v116, 1, v116                                // 0000000052BC: 36E8E881
	v_add_nc_u32_e32 v115, 0x7fff, v115                        // 0000000052C0: 4AE6E6FF 00007FFF
	v_add_nc_u32_e32 v115, v116, v115                          // 0000000052C8: 4AE6E774
	v_and_b32_e32 v115, 0xffff0000, v115                       // 0000000052CC: 36E6E6FF FFFF0000
	v_or_b32_e32 v111, v114, v115                              // 0000000052D4: 38DEE772
	v_lshlrev_b32_e32 v103, 7, v100                            // 0000000052D8: 30CEC887
	v_lshl_add_u32 v103, v96, 4, v103                          // 0000000052DC: D6460067 059D0960
	v_add_nc_u32_e32 v103, 0x2000, v103                        // 0000000052E4: 4ACECEFF 00002000
	ds_store_b128 v103, v[108:111]                             // 0000000052EC: DB7C0000 00006C67
	v_add_nc_u32_e32 v100, 48, v97                             // 0000000052F4: 4AC8C2B0
	v_add_nc_u32_e32 v101, s27, v100                           // 0000000052F8: 4ACAC81B
	v_lshlrev_b32_e32 v102, 13, v101                           // 0000000052FC: 30CCCA8D
	v_add_nc_u32_e32 v102, s35, v102                           // 000000005300: 4ACCCC23
	v_lshl_add_u32 v102, v96, 4, v102                          // 000000005304: D6460066 05990960
	global_load_b128 v[108:111], v102, s[10:11]                // 00000000530C: DC5E0000 6C0A0066
	v_lshlrev_b32_e32 v104, 7, v101                            // 000000005314: 30D0CA87
	v_lshl_add_u32 v104, s3, 2, v104                           // 000000005318: D6460068 05A10403
	global_load_b32 v112, v104, s[12:13]                       // 000000005320: DC520000 700C0068
	s_waitcnt vmcnt(0)                                         // 000000005328: BF8903F7
	v_lshlrev_b32_e32 v114, 16, v108                           // 00000000532C: 30E4D890
	v_and_b32_e32 v115, 0xffff0000, v108                       // 000000005330: 36E6D8FF FFFF0000
	v_mul_f32_e32 v114, v112, v114                             // 000000005338: 10E4E570
	v_mul_f32_e32 v115, v112, v115                             // 00000000533C: 10E6E770
	v_lshrrev_b32_e32 v116, 16, v114                           // 000000005340: 32E8E490
	v_and_b32_e32 v116, 1, v116                                // 000000005344: 36E8E881
	v_add_nc_u32_e32 v114, 0x7fff, v114                        // 000000005348: 4AE4E4FF 00007FFF
	v_add_nc_u32_e32 v114, v116, v114                          // 000000005350: 4AE4E574
	v_lshrrev_b32_e32 v114, 16, v114                           // 000000005354: 32E4E490
	v_lshrrev_b32_e32 v116, 16, v115                           // 000000005358: 32E8E690
	v_and_b32_e32 v116, 1, v116                                // 00000000535C: 36E8E881
	v_add_nc_u32_e32 v115, 0x7fff, v115                        // 000000005360: 4AE6E6FF 00007FFF
	v_add_nc_u32_e32 v115, v116, v115                          // 000000005368: 4AE6E774
	v_and_b32_e32 v115, 0xffff0000, v115                       // 00000000536C: 36E6E6FF FFFF0000
	v_or_b32_e32 v108, v114, v115                              // 000000005374: 38D8E772
	v_lshlrev_b32_e32 v114, 16, v109                           // 000000005378: 30E4DA90
	v_and_b32_e32 v115, 0xffff0000, v109                       // 00000000537C: 36E6DAFF FFFF0000
	v_mul_f32_e32 v114, v112, v114                             // 000000005384: 10E4E570
	v_mul_f32_e32 v115, v112, v115                             // 000000005388: 10E6E770
	v_lshrrev_b32_e32 v116, 16, v114                           // 00000000538C: 32E8E490
	v_and_b32_e32 v116, 1, v116                                // 000000005390: 36E8E881
	v_add_nc_u32_e32 v114, 0x7fff, v114                        // 000000005394: 4AE4E4FF 00007FFF
	v_add_nc_u32_e32 v114, v116, v114                          // 00000000539C: 4AE4E574
	v_lshrrev_b32_e32 v114, 16, v114                           // 0000000053A0: 32E4E490
	v_lshrrev_b32_e32 v116, 16, v115                           // 0000000053A4: 32E8E690
	v_and_b32_e32 v116, 1, v116                                // 0000000053A8: 36E8E881
	v_add_nc_u32_e32 v115, 0x7fff, v115                        // 0000000053AC: 4AE6E6FF 00007FFF
	v_add_nc_u32_e32 v115, v116, v115                          // 0000000053B4: 4AE6E774
	v_and_b32_e32 v115, 0xffff0000, v115                       // 0000000053B8: 36E6E6FF FFFF0000
	v_or_b32_e32 v109, v114, v115                              // 0000000053C0: 38DAE772
	v_lshlrev_b32_e32 v114, 16, v110                           // 0000000053C4: 30E4DC90
	v_and_b32_e32 v115, 0xffff0000, v110                       // 0000000053C8: 36E6DCFF FFFF0000
	v_mul_f32_e32 v114, v112, v114                             // 0000000053D0: 10E4E570
	v_mul_f32_e32 v115, v112, v115                             // 0000000053D4: 10E6E770
	v_lshrrev_b32_e32 v116, 16, v114                           // 0000000053D8: 32E8E490
	v_and_b32_e32 v116, 1, v116                                // 0000000053DC: 36E8E881
	v_add_nc_u32_e32 v114, 0x7fff, v114                        // 0000000053E0: 4AE4E4FF 00007FFF
	v_add_nc_u32_e32 v114, v116, v114                          // 0000000053E8: 4AE4E574
	v_lshrrev_b32_e32 v114, 16, v114                           // 0000000053EC: 32E4E490
	v_lshrrev_b32_e32 v116, 16, v115                           // 0000000053F0: 32E8E690
	v_and_b32_e32 v116, 1, v116                                // 0000000053F4: 36E8E881
	v_add_nc_u32_e32 v115, 0x7fff, v115                        // 0000000053F8: 4AE6E6FF 00007FFF
	v_add_nc_u32_e32 v115, v116, v115                          // 000000005400: 4AE6E774
	v_and_b32_e32 v115, 0xffff0000, v115                       // 000000005404: 36E6E6FF FFFF0000
	v_or_b32_e32 v110, v114, v115                              // 00000000540C: 38DCE772
	v_lshlrev_b32_e32 v114, 16, v111                           // 000000005410: 30E4DE90
	v_and_b32_e32 v115, 0xffff0000, v111                       // 000000005414: 36E6DEFF FFFF0000
	v_mul_f32_e32 v114, v112, v114                             // 00000000541C: 10E4E570
	v_mul_f32_e32 v115, v112, v115                             // 000000005420: 10E6E770
	v_lshrrev_b32_e32 v116, 16, v114                           // 000000005424: 32E8E490
	v_and_b32_e32 v116, 1, v116                                // 000000005428: 36E8E881
	v_add_nc_u32_e32 v114, 0x7fff, v114                        // 00000000542C: 4AE4E4FF 00007FFF
	v_add_nc_u32_e32 v114, v116, v114                          // 000000005434: 4AE4E574
	v_lshrrev_b32_e32 v114, 16, v114                           // 000000005438: 32E4E490
	v_lshrrev_b32_e32 v116, 16, v115                           // 00000000543C: 32E8E690
	v_and_b32_e32 v116, 1, v116                                // 000000005440: 36E8E881
	v_add_nc_u32_e32 v115, 0x7fff, v115                        // 000000005444: 4AE6E6FF 00007FFF
	v_add_nc_u32_e32 v115, v116, v115                          // 00000000544C: 4AE6E774
	v_and_b32_e32 v115, 0xffff0000, v115                       // 000000005450: 36E6E6FF FFFF0000
	v_or_b32_e32 v111, v114, v115                              // 000000005458: 38DEE772
	v_lshlrev_b32_e32 v103, 7, v100                            // 00000000545C: 30CEC887
	v_lshl_add_u32 v103, v96, 4, v103                          // 000000005460: D6460067 059D0960
	v_add_nc_u32_e32 v103, 0x2000, v103                        // 000000005468: 4ACECEFF 00002000
	ds_store_b128 v103, v[108:111]                             // 000000005470: DB7C0000 00006C67
	v_add_nc_u32_e32 v100, 56, v97                             // 000000005478: 4AC8C2B8
	v_add_nc_u32_e32 v101, s27, v100                           // 00000000547C: 4ACAC81B
	v_lshlrev_b32_e32 v102, 13, v101                           // 000000005480: 30CCCA8D
	v_add_nc_u32_e32 v102, s35, v102                           // 000000005484: 4ACCCC23
	v_lshl_add_u32 v102, v96, 4, v102                          // 000000005488: D6460066 05990960
	global_load_b128 v[108:111], v102, s[10:11]                // 000000005490: DC5E0000 6C0A0066
	v_lshlrev_b32_e32 v104, 7, v101                            // 000000005498: 30D0CA87
	v_lshl_add_u32 v104, s3, 2, v104                           // 00000000549C: D6460068 05A10403
	global_load_b32 v112, v104, s[12:13]                       // 0000000054A4: DC520000 700C0068
	s_waitcnt vmcnt(0)                                         // 0000000054AC: BF8903F7
	v_lshlrev_b32_e32 v114, 16, v108                           // 0000000054B0: 30E4D890
	v_and_b32_e32 v115, 0xffff0000, v108                       // 0000000054B4: 36E6D8FF FFFF0000
	v_mul_f32_e32 v114, v112, v114                             // 0000000054BC: 10E4E570
	v_mul_f32_e32 v115, v112, v115                             // 0000000054C0: 10E6E770
	v_lshrrev_b32_e32 v116, 16, v114                           // 0000000054C4: 32E8E490
	v_and_b32_e32 v116, 1, v116                                // 0000000054C8: 36E8E881
	v_add_nc_u32_e32 v114, 0x7fff, v114                        // 0000000054CC: 4AE4E4FF 00007FFF
	v_add_nc_u32_e32 v114, v116, v114                          // 0000000054D4: 4AE4E574
	v_lshrrev_b32_e32 v114, 16, v114                           // 0000000054D8: 32E4E490
	v_lshrrev_b32_e32 v116, 16, v115                           // 0000000054DC: 32E8E690
	v_and_b32_e32 v116, 1, v116                                // 0000000054E0: 36E8E881
	v_add_nc_u32_e32 v115, 0x7fff, v115                        // 0000000054E4: 4AE6E6FF 00007FFF
	v_add_nc_u32_e32 v115, v116, v115                          // 0000000054EC: 4AE6E774
	v_and_b32_e32 v115, 0xffff0000, v115                       // 0000000054F0: 36E6E6FF FFFF0000
	v_or_b32_e32 v108, v114, v115                              // 0000000054F8: 38D8E772
	v_lshlrev_b32_e32 v114, 16, v109                           // 0000000054FC: 30E4DA90
	v_and_b32_e32 v115, 0xffff0000, v109                       // 000000005500: 36E6DAFF FFFF0000
	v_mul_f32_e32 v114, v112, v114                             // 000000005508: 10E4E570
	v_mul_f32_e32 v115, v112, v115                             // 00000000550C: 10E6E770
	v_lshrrev_b32_e32 v116, 16, v114                           // 000000005510: 32E8E490
	v_and_b32_e32 v116, 1, v116                                // 000000005514: 36E8E881
	v_add_nc_u32_e32 v114, 0x7fff, v114                        // 000000005518: 4AE4E4FF 00007FFF
	v_add_nc_u32_e32 v114, v116, v114                          // 000000005520: 4AE4E574
	v_lshrrev_b32_e32 v114, 16, v114                           // 000000005524: 32E4E490
	v_lshrrev_b32_e32 v116, 16, v115                           // 000000005528: 32E8E690
	v_and_b32_e32 v116, 1, v116                                // 00000000552C: 36E8E881
	v_add_nc_u32_e32 v115, 0x7fff, v115                        // 000000005530: 4AE6E6FF 00007FFF
	v_add_nc_u32_e32 v115, v116, v115                          // 000000005538: 4AE6E774
	v_and_b32_e32 v115, 0xffff0000, v115                       // 00000000553C: 36E6E6FF FFFF0000
	v_or_b32_e32 v109, v114, v115                              // 000000005544: 38DAE772
	v_lshlrev_b32_e32 v114, 16, v110                           // 000000005548: 30E4DC90
	v_and_b32_e32 v115, 0xffff0000, v110                       // 00000000554C: 36E6DCFF FFFF0000
	v_mul_f32_e32 v114, v112, v114                             // 000000005554: 10E4E570
	v_mul_f32_e32 v115, v112, v115                             // 000000005558: 10E6E770
	v_lshrrev_b32_e32 v116, 16, v114                           // 00000000555C: 32E8E490
	v_and_b32_e32 v116, 1, v116                                // 000000005560: 36E8E881
	v_add_nc_u32_e32 v114, 0x7fff, v114                        // 000000005564: 4AE4E4FF 00007FFF
	v_add_nc_u32_e32 v114, v116, v114                          // 00000000556C: 4AE4E574
	v_lshrrev_b32_e32 v114, 16, v114                           // 000000005570: 32E4E490
	v_lshrrev_b32_e32 v116, 16, v115                           // 000000005574: 32E8E690
	v_and_b32_e32 v116, 1, v116                                // 000000005578: 36E8E881
	v_add_nc_u32_e32 v115, 0x7fff, v115                        // 00000000557C: 4AE6E6FF 00007FFF
	v_add_nc_u32_e32 v115, v116, v115                          // 000000005584: 4AE6E774
	v_and_b32_e32 v115, 0xffff0000, v115                       // 000000005588: 36E6E6FF FFFF0000
	v_or_b32_e32 v110, v114, v115                              // 000000005590: 38DCE772
	v_lshlrev_b32_e32 v114, 16, v111                           // 000000005594: 30E4DE90
	v_and_b32_e32 v115, 0xffff0000, v111                       // 000000005598: 36E6DEFF FFFF0000
	v_mul_f32_e32 v114, v112, v114                             // 0000000055A0: 10E4E570
	v_mul_f32_e32 v115, v112, v115                             // 0000000055A4: 10E6E770
	v_lshrrev_b32_e32 v116, 16, v114                           // 0000000055A8: 32E8E490
	v_and_b32_e32 v116, 1, v116                                // 0000000055AC: 36E8E881
	v_add_nc_u32_e32 v114, 0x7fff, v114                        // 0000000055B0: 4AE4E4FF 00007FFF
	v_add_nc_u32_e32 v114, v116, v114                          // 0000000055B8: 4AE4E574
	v_lshrrev_b32_e32 v114, 16, v114                           // 0000000055BC: 32E4E490
	v_lshrrev_b32_e32 v116, 16, v115                           // 0000000055C0: 32E8E690
	v_and_b32_e32 v116, 1, v116                                // 0000000055C4: 36E8E881
	v_add_nc_u32_e32 v115, 0x7fff, v115                        // 0000000055C8: 4AE6E6FF 00007FFF
	v_add_nc_u32_e32 v115, v116, v115                          // 0000000055D0: 4AE6E774
	v_and_b32_e32 v115, 0xffff0000, v115                       // 0000000055D4: 36E6E6FF FFFF0000
	v_or_b32_e32 v111, v114, v115                              // 0000000055DC: 38DEE772
	v_lshlrev_b32_e32 v103, 7, v100                            // 0000000055E0: 30CEC887
	v_lshl_add_u32 v103, v96, 4, v103                          // 0000000055E4: D6460067 059D0960
	v_add_nc_u32_e32 v103, 0x2000, v103                        // 0000000055EC: 4ACECEFF 00002000
	ds_store_b128 v103, v[108:111]                             // 0000000055F4: DB7C0000 00006C67
	s_waitcnt lgkmcnt(0)                                       // 0000000055FC: BF89FC07
	s_barrier                                                  // 000000005600: BFBD0000
	v_mov_b32_e32 v64, 0                                       // 000000005604: 7E800280
	v_mov_b32_e32 v65, 0                                       // 000000005608: 7E820280
	v_mov_b32_e32 v66, 0                                       // 00000000560C: 7E840280
	v_mov_b32_e32 v67, 0                                       // 000000005610: 7E860280
	v_mov_b32_e32 v68, 0                                       // 000000005614: 7E880280
	v_mov_b32_e32 v69, 0                                       // 000000005618: 7E8A0280
	v_mov_b32_e32 v70, 0                                       // 00000000561C: 7E8C0280
	v_mov_b32_e32 v71, 0                                       // 000000005620: 7E8E0280
	v_mov_b32_e32 v72, 0                                       // 000000005624: 7E900280
	v_mov_b32_e32 v73, 0                                       // 000000005628: 7E920280
	v_mov_b32_e32 v74, 0                                       // 00000000562C: 7E940280
	v_mov_b32_e32 v75, 0                                       // 000000005630: 7E960280
	v_mov_b32_e32 v76, 0                                       // 000000005634: 7E980280
	v_mov_b32_e32 v77, 0                                       // 000000005638: 7E9A0280
	v_mov_b32_e32 v78, 0                                       // 00000000563C: 7E9C0280
	v_mov_b32_e32 v79, 0                                       // 000000005640: 7E9E0280
	v_mov_b32_e32 v80, 0                                       // 000000005644: 7EA00280
	v_mov_b32_e32 v81, 0                                       // 000000005648: 7EA20280
	v_mov_b32_e32 v82, 0                                       // 00000000564C: 7EA40280
	v_mov_b32_e32 v83, 0                                       // 000000005650: 7EA60280
	v_mov_b32_e32 v84, 0                                       // 000000005654: 7EA80280
	v_mov_b32_e32 v85, 0                                       // 000000005658: 7EAA0280
	v_mov_b32_e32 v86, 0                                       // 00000000565C: 7EAC0280
	v_mov_b32_e32 v87, 0                                       // 000000005660: 7EAE0280
	v_mov_b32_e32 v88, 0                                       // 000000005664: 7EB00280
	v_mov_b32_e32 v89, 0                                       // 000000005668: 7EB20280
	v_mov_b32_e32 v90, 0                                       // 00000000566C: 7EB40280
	v_mov_b32_e32 v91, 0                                       // 000000005670: 7EB60280
	v_mov_b32_e32 v92, 0                                       // 000000005674: 7EB80280
	v_mov_b32_e32 v93, 0                                       // 000000005678: 7EBA0280
	v_mov_b32_e32 v94, 0                                       // 00000000567C: 7EBC0280
	v_mov_b32_e32 v95, 0                                       // 000000005680: 7EBE0280
	v_mov_b32_e32 v96, 0                                       // 000000005684: 7EC00280
	v_mov_b32_e32 v97, 0                                       // 000000005688: 7EC20280
	v_mov_b32_e32 v98, 0                                       // 00000000568C: 7EC40280
	v_mov_b32_e32 v99, 0                                       // 000000005690: 7EC60280
	v_mov_b32_e32 v100, 0                                      // 000000005694: 7EC80280
	v_mov_b32_e32 v101, 0                                      // 000000005698: 7ECA0280
	v_mov_b32_e32 v102, 0                                      // 00000000569C: 7ECC0280
	v_mov_b32_e32 v103, 0                                      // 0000000056A0: 7ECE0280
	v_mov_b32_e32 v104, 0                                      // 0000000056A4: 7ED00280
	v_mov_b32_e32 v105, 0                                      // 0000000056A8: 7ED20280
	v_mov_b32_e32 v106, 0                                      // 0000000056AC: 7ED40280
	v_mov_b32_e32 v107, 0                                      // 0000000056B0: 7ED60280
	v_mov_b32_e32 v108, 0                                      // 0000000056B4: 7ED80280
	v_mov_b32_e32 v109, 0                                      // 0000000056B8: 7EDA0280
	v_mov_b32_e32 v110, 0                                      // 0000000056BC: 7EDC0280
	v_mov_b32_e32 v111, 0                                      // 0000000056C0: 7EDE0280
	v_mov_b32_e32 v112, 0                                      // 0000000056C4: 7EE00280
	v_mov_b32_e32 v113, 0                                      // 0000000056C8: 7EE20280
	v_mov_b32_e32 v114, 0                                      // 0000000056CC: 7EE40280
	v_mov_b32_e32 v115, 0                                      // 0000000056D0: 7EE60280
	v_mov_b32_e32 v116, 0                                      // 0000000056D4: 7EE80280
	v_mov_b32_e32 v117, 0                                      // 0000000056D8: 7EEA0280
	v_mov_b32_e32 v118, 0                                      // 0000000056DC: 7EEC0280
	v_mov_b32_e32 v119, 0                                      // 0000000056E0: 7EEE0280
	v_mov_b32_e32 v120, 0                                      // 0000000056E4: 7EF00280
	v_mov_b32_e32 v121, 0                                      // 0000000056E8: 7EF20280
	v_mov_b32_e32 v122, 0                                      // 0000000056EC: 7EF40280
	v_mov_b32_e32 v123, 0                                      // 0000000056F0: 7EF60280
	v_mov_b32_e32 v124, 0                                      // 0000000056F4: 7EF80280
	v_mov_b32_e32 v125, 0                                      // 0000000056F8: 7EFA0280
	v_mov_b32_e32 v126, 0                                      // 0000000056FC: 7EFC0280
	v_mov_b32_e32 v127, 0                                      // 000000005700: 7EFE0280
	ds_load_b128 v[8:11], v5                                   // 000000005704: DBFC0000 08000005
	s_waitcnt lgkmcnt(0)                                       // 00000000570C: BF89FC07
	ds_swizzle_b32 v12, v8 offset:swizzle(SWAP,16)             // 000000005710: D8D4401F 0C000008
	ds_swizzle_b32 v13, v9 offset:swizzle(SWAP,16)             // 000000005718: D8D4401F 0D000009
	ds_swizzle_b32 v14, v10 offset:swizzle(SWAP,16)            // 000000005720: D8D4401F 0E00000A
	ds_swizzle_b32 v15, v11 offset:swizzle(SWAP,16)            // 000000005728: D8D4401F 0F00000B
	s_waitcnt lgkmcnt(0)                                       // 000000005730: BF89FC07
	v_lshlrev_b32_e32 v129, 10, v4                             // 000000005734: 3102088A
	v_lshl_add_u32 v129, v3, 1, v129                           // 000000005738: D6460081 06050303
	v_add_nc_u32_e32 v129, 0x2000, v129                        // 000000005740: 4B0302FF 00002000
	ds_load_u16 v16, v129                                      // 000000005748: D8F00000 10000081
	ds_load_u16_d16_hi v16, v129 offset:128                    // 000000005750: DA9C0080 10000081
	ds_load_u16 v17, v129 offset:256                           // 000000005758: D8F00100 11000081
	ds_load_u16_d16_hi v17, v129 offset:384                    // 000000005760: DA9C0180 11000081
	ds_load_u16 v18, v129 offset:512                           // 000000005768: D8F00200 12000081
	ds_load_u16_d16_hi v18, v129 offset:640                    // 000000005770: DA9C0280 12000081
	ds_load_u16 v19, v129 offset:768                           // 000000005778: D8F00300 13000081
	ds_load_u16_d16_hi v19, v129 offset:896                    // 000000005780: DA9C0380 13000081
	s_waitcnt lgkmcnt(0)                                       // 000000005788: BF89FC07
	ds_swizzle_b32 v20, v16 offset:swizzle(SWAP,16)            // 00000000578C: D8D4401F 14000010
	ds_swizzle_b32 v21, v17 offset:swizzle(SWAP,16)            // 000000005794: D8D4401F 15000011
	ds_swizzle_b32 v22, v18 offset:swizzle(SWAP,16)            // 00000000579C: D8D4401F 16000012
	ds_swizzle_b32 v23, v19 offset:swizzle(SWAP,16)            // 0000000057A4: D8D4401F 17000013
	s_waitcnt lgkmcnt(0)                                       // 0000000057AC: BF89FC07
	v_wmma_f32_16x16x16_bf16 v[64:71], v[8:15], v[16:23], v[64:71]// 0000000057B0: CC414040 1D022108
	v_lshlrev_b32_e32 v129, 10, v4                             // 0000000057B8: 3102088A
	v_lshl_add_u32 v129, v3, 1, v129                           // 0000000057BC: D6460081 06050303
	v_add_nc_u32_e32 v129, 0x2020, v129                        // 0000000057C4: 4B0302FF 00002020
	ds_load_u16 v16, v129                                      // 0000000057CC: D8F00000 10000081
	ds_load_u16_d16_hi v16, v129 offset:128                    // 0000000057D4: DA9C0080 10000081
	ds_load_u16 v17, v129 offset:256                           // 0000000057DC: D8F00100 11000081
	ds_load_u16_d16_hi v17, v129 offset:384                    // 0000000057E4: DA9C0180 11000081
	ds_load_u16 v18, v129 offset:512                           // 0000000057EC: D8F00200 12000081
	ds_load_u16_d16_hi v18, v129 offset:640                    // 0000000057F4: DA9C0280 12000081
	ds_load_u16 v19, v129 offset:768                           // 0000000057FC: D8F00300 13000081
	ds_load_u16_d16_hi v19, v129 offset:896                    // 000000005804: DA9C0380 13000081
	s_waitcnt lgkmcnt(0)                                       // 00000000580C: BF89FC07
	ds_swizzle_b32 v20, v16 offset:swizzle(SWAP,16)            // 000000005810: D8D4401F 14000010
	ds_swizzle_b32 v21, v17 offset:swizzle(SWAP,16)            // 000000005818: D8D4401F 15000011
	ds_swizzle_b32 v22, v18 offset:swizzle(SWAP,16)            // 000000005820: D8D4401F 16000012
	ds_swizzle_b32 v23, v19 offset:swizzle(SWAP,16)            // 000000005828: D8D4401F 17000013
	s_waitcnt lgkmcnt(0)                                       // 000000005830: BF89FC07
	v_wmma_f32_16x16x16_bf16 v[72:79], v[8:15], v[16:23], v[72:79]// 000000005834: CC414048 1D222108
	v_lshlrev_b32_e32 v129, 10, v4                             // 00000000583C: 3102088A
	v_lshl_add_u32 v129, v3, 1, v129                           // 000000005840: D6460081 06050303
	v_add_nc_u32_e32 v129, 0x2040, v129                        // 000000005848: 4B0302FF 00002040
	ds_load_u16 v16, v129                                      // 000000005850: D8F00000 10000081
	ds_load_u16_d16_hi v16, v129 offset:128                    // 000000005858: DA9C0080 10000081
	ds_load_u16 v17, v129 offset:256                           // 000000005860: D8F00100 11000081
	ds_load_u16_d16_hi v17, v129 offset:384                    // 000000005868: DA9C0180 11000081
	ds_load_u16 v18, v129 offset:512                           // 000000005870: D8F00200 12000081
	ds_load_u16_d16_hi v18, v129 offset:640                    // 000000005878: DA9C0280 12000081
	ds_load_u16 v19, v129 offset:768                           // 000000005880: D8F00300 13000081
	ds_load_u16_d16_hi v19, v129 offset:896                    // 000000005888: DA9C0380 13000081
	s_waitcnt lgkmcnt(0)                                       // 000000005890: BF89FC07
	ds_swizzle_b32 v20, v16 offset:swizzle(SWAP,16)            // 000000005894: D8D4401F 14000010
	ds_swizzle_b32 v21, v17 offset:swizzle(SWAP,16)            // 00000000589C: D8D4401F 15000011
	ds_swizzle_b32 v22, v18 offset:swizzle(SWAP,16)            // 0000000058A4: D8D4401F 16000012
	ds_swizzle_b32 v23, v19 offset:swizzle(SWAP,16)            // 0000000058AC: D8D4401F 17000013
	s_waitcnt lgkmcnt(0)                                       // 0000000058B4: BF89FC07
	v_wmma_f32_16x16x16_bf16 v[80:87], v[8:15], v[16:23], v[80:87]// 0000000058B8: CC414050 1D422108
	v_lshlrev_b32_e32 v129, 10, v4                             // 0000000058C0: 3102088A
	v_lshl_add_u32 v129, v3, 1, v129                           // 0000000058C4: D6460081 06050303
	v_add_nc_u32_e32 v129, 0x2060, v129                        // 0000000058CC: 4B0302FF 00002060
	ds_load_u16 v16, v129                                      // 0000000058D4: D8F00000 10000081
	ds_load_u16_d16_hi v16, v129 offset:128                    // 0000000058DC: DA9C0080 10000081
	ds_load_u16 v17, v129 offset:256                           // 0000000058E4: D8F00100 11000081
	ds_load_u16_d16_hi v17, v129 offset:384                    // 0000000058EC: DA9C0180 11000081
	ds_load_u16 v18, v129 offset:512                           // 0000000058F4: D8F00200 12000081
	ds_load_u16_d16_hi v18, v129 offset:640                    // 0000000058FC: DA9C0280 12000081
	ds_load_u16 v19, v129 offset:768                           // 000000005904: D8F00300 13000081
	ds_load_u16_d16_hi v19, v129 offset:896                    // 00000000590C: DA9C0380 13000081
	s_waitcnt lgkmcnt(0)                                       // 000000005914: BF89FC07
	ds_swizzle_b32 v20, v16 offset:swizzle(SWAP,16)            // 000000005918: D8D4401F 14000010
	ds_swizzle_b32 v21, v17 offset:swizzle(SWAP,16)            // 000000005920: D8D4401F 15000011
	ds_swizzle_b32 v22, v18 offset:swizzle(SWAP,16)            // 000000005928: D8D4401F 16000012
	ds_swizzle_b32 v23, v19 offset:swizzle(SWAP,16)            // 000000005930: D8D4401F 17000013
	s_waitcnt lgkmcnt(0)                                       // 000000005938: BF89FC07
	v_wmma_f32_16x16x16_bf16 v[88:95], v[8:15], v[16:23], v[88:95]// 00000000593C: CC414058 1D622108
	ds_load_b128 v[8:11], v7                                   // 000000005944: DBFC0000 08000007
	s_waitcnt lgkmcnt(0)                                       // 00000000594C: BF89FC07
	ds_swizzle_b32 v12, v8 offset:swizzle(SWAP,16)             // 000000005950: D8D4401F 0C000008
	ds_swizzle_b32 v13, v9 offset:swizzle(SWAP,16)             // 000000005958: D8D4401F 0D000009
	ds_swizzle_b32 v14, v10 offset:swizzle(SWAP,16)            // 000000005960: D8D4401F 0E00000A
	ds_swizzle_b32 v15, v11 offset:swizzle(SWAP,16)            // 000000005968: D8D4401F 0F00000B
	s_waitcnt lgkmcnt(0)                                       // 000000005970: BF89FC07
	v_lshlrev_b32_e32 v129, 10, v4                             // 000000005974: 3102088A
	v_lshl_add_u32 v129, v3, 1, v129                           // 000000005978: D6460081 06050303
	v_add_nc_u32_e32 v129, 0x2000, v129                        // 000000005980: 4B0302FF 00002000
	ds_load_u16 v16, v129                                      // 000000005988: D8F00000 10000081
	ds_load_u16_d16_hi v16, v129 offset:128                    // 000000005990: DA9C0080 10000081
	ds_load_u16 v17, v129 offset:256                           // 000000005998: D8F00100 11000081
	ds_load_u16_d16_hi v17, v129 offset:384                    // 0000000059A0: DA9C0180 11000081
	ds_load_u16 v18, v129 offset:512                           // 0000000059A8: D8F00200 12000081
	ds_load_u16_d16_hi v18, v129 offset:640                    // 0000000059B0: DA9C0280 12000081
	ds_load_u16 v19, v129 offset:768                           // 0000000059B8: D8F00300 13000081
	ds_load_u16_d16_hi v19, v129 offset:896                    // 0000000059C0: DA9C0380 13000081
	s_waitcnt lgkmcnt(0)                                       // 0000000059C8: BF89FC07
	ds_swizzle_b32 v20, v16 offset:swizzle(SWAP,16)            // 0000000059CC: D8D4401F 14000010
	ds_swizzle_b32 v21, v17 offset:swizzle(SWAP,16)            // 0000000059D4: D8D4401F 15000011
	ds_swizzle_b32 v22, v18 offset:swizzle(SWAP,16)            // 0000000059DC: D8D4401F 16000012
	ds_swizzle_b32 v23, v19 offset:swizzle(SWAP,16)            // 0000000059E4: D8D4401F 17000013
	s_waitcnt lgkmcnt(0)                                       // 0000000059EC: BF89FC07
	v_wmma_f32_16x16x16_bf16 v[96:103], v[8:15], v[16:23], v[96:103]// 0000000059F0: CC414060 1D822108
	v_lshlrev_b32_e32 v129, 10, v4                             // 0000000059F8: 3102088A
	v_lshl_add_u32 v129, v3, 1, v129                           // 0000000059FC: D6460081 06050303
	v_add_nc_u32_e32 v129, 0x2020, v129                        // 000000005A04: 4B0302FF 00002020
	ds_load_u16 v16, v129                                      // 000000005A0C: D8F00000 10000081
	ds_load_u16_d16_hi v16, v129 offset:128                    // 000000005A14: DA9C0080 10000081
	ds_load_u16 v17, v129 offset:256                           // 000000005A1C: D8F00100 11000081
	ds_load_u16_d16_hi v17, v129 offset:384                    // 000000005A24: DA9C0180 11000081
	ds_load_u16 v18, v129 offset:512                           // 000000005A2C: D8F00200 12000081
	ds_load_u16_d16_hi v18, v129 offset:640                    // 000000005A34: DA9C0280 12000081
	ds_load_u16 v19, v129 offset:768                           // 000000005A3C: D8F00300 13000081
	ds_load_u16_d16_hi v19, v129 offset:896                    // 000000005A44: DA9C0380 13000081
	s_waitcnt lgkmcnt(0)                                       // 000000005A4C: BF89FC07
	ds_swizzle_b32 v20, v16 offset:swizzle(SWAP,16)            // 000000005A50: D8D4401F 14000010
	ds_swizzle_b32 v21, v17 offset:swizzle(SWAP,16)            // 000000005A58: D8D4401F 15000011
	ds_swizzle_b32 v22, v18 offset:swizzle(SWAP,16)            // 000000005A60: D8D4401F 16000012
	ds_swizzle_b32 v23, v19 offset:swizzle(SWAP,16)            // 000000005A68: D8D4401F 17000013
	s_waitcnt lgkmcnt(0)                                       // 000000005A70: BF89FC07
	v_wmma_f32_16x16x16_bf16 v[104:111], v[8:15], v[16:23], v[104:111]// 000000005A74: CC414068 1DA22108
	v_lshlrev_b32_e32 v129, 10, v4                             // 000000005A7C: 3102088A
	v_lshl_add_u32 v129, v3, 1, v129                           // 000000005A80: D6460081 06050303
	v_add_nc_u32_e32 v129, 0x2040, v129                        // 000000005A88: 4B0302FF 00002040
	ds_load_u16 v16, v129                                      // 000000005A90: D8F00000 10000081
	ds_load_u16_d16_hi v16, v129 offset:128                    // 000000005A98: DA9C0080 10000081
	ds_load_u16 v17, v129 offset:256                           // 000000005AA0: D8F00100 11000081
	ds_load_u16_d16_hi v17, v129 offset:384                    // 000000005AA8: DA9C0180 11000081
	ds_load_u16 v18, v129 offset:512                           // 000000005AB0: D8F00200 12000081
	ds_load_u16_d16_hi v18, v129 offset:640                    // 000000005AB8: DA9C0280 12000081
	ds_load_u16 v19, v129 offset:768                           // 000000005AC0: D8F00300 13000081
	ds_load_u16_d16_hi v19, v129 offset:896                    // 000000005AC8: DA9C0380 13000081
	s_waitcnt lgkmcnt(0)                                       // 000000005AD0: BF89FC07
	ds_swizzle_b32 v20, v16 offset:swizzle(SWAP,16)            // 000000005AD4: D8D4401F 14000010
	ds_swizzle_b32 v21, v17 offset:swizzle(SWAP,16)            // 000000005ADC: D8D4401F 15000011
	ds_swizzle_b32 v22, v18 offset:swizzle(SWAP,16)            // 000000005AE4: D8D4401F 16000012
	ds_swizzle_b32 v23, v19 offset:swizzle(SWAP,16)            // 000000005AEC: D8D4401F 17000013
	s_waitcnt lgkmcnt(0)                                       // 000000005AF4: BF89FC07
	v_wmma_f32_16x16x16_bf16 v[112:119], v[8:15], v[16:23], v[112:119]// 000000005AF8: CC414070 1DC22108
	v_lshlrev_b32_e32 v129, 10, v4                             // 000000005B00: 3102088A
	v_lshl_add_u32 v129, v3, 1, v129                           // 000000005B04: D6460081 06050303
	v_add_nc_u32_e32 v129, 0x2060, v129                        // 000000005B0C: 4B0302FF 00002060
	ds_load_u16 v16, v129                                      // 000000005B14: D8F00000 10000081
	ds_load_u16_d16_hi v16, v129 offset:128                    // 000000005B1C: DA9C0080 10000081
	ds_load_u16 v17, v129 offset:256                           // 000000005B24: D8F00100 11000081
	ds_load_u16_d16_hi v17, v129 offset:384                    // 000000005B2C: DA9C0180 11000081
	ds_load_u16 v18, v129 offset:512                           // 000000005B34: D8F00200 12000081
	ds_load_u16_d16_hi v18, v129 offset:640                    // 000000005B3C: DA9C0280 12000081
	ds_load_u16 v19, v129 offset:768                           // 000000005B44: D8F00300 13000081
	ds_load_u16_d16_hi v19, v129 offset:896                    // 000000005B4C: DA9C0380 13000081
	s_waitcnt lgkmcnt(0)                                       // 000000005B54: BF89FC07
	ds_swizzle_b32 v20, v16 offset:swizzle(SWAP,16)            // 000000005B58: D8D4401F 14000010
	ds_swizzle_b32 v21, v17 offset:swizzle(SWAP,16)            // 000000005B60: D8D4401F 15000011
	ds_swizzle_b32 v22, v18 offset:swizzle(SWAP,16)            // 000000005B68: D8D4401F 16000012
	ds_swizzle_b32 v23, v19 offset:swizzle(SWAP,16)            // 000000005B70: D8D4401F 17000013
	s_waitcnt lgkmcnt(0)                                       // 000000005B78: BF89FC07
	v_wmma_f32_16x16x16_bf16 v[120:127], v[8:15], v[16:23], v[120:127]// 000000005B7C: CC414078 1DE22108
	ds_load_b128 v[8:11], v5 offset:32                         // 000000005B84: DBFC0020 08000005
	s_waitcnt lgkmcnt(0)                                       // 000000005B8C: BF89FC07
	ds_swizzle_b32 v12, v8 offset:swizzle(SWAP,16)             // 000000005B90: D8D4401F 0C000008
	ds_swizzle_b32 v13, v9 offset:swizzle(SWAP,16)             // 000000005B98: D8D4401F 0D000009
	ds_swizzle_b32 v14, v10 offset:swizzle(SWAP,16)            // 000000005BA0: D8D4401F 0E00000A
	ds_swizzle_b32 v15, v11 offset:swizzle(SWAP,16)            // 000000005BA8: D8D4401F 0F00000B
	s_waitcnt lgkmcnt(0)                                       // 000000005BB0: BF89FC07
	v_lshlrev_b32_e32 v129, 10, v4                             // 000000005BB4: 3102088A
	v_lshl_add_u32 v129, v3, 1, v129                           // 000000005BB8: D6460081 06050303
	v_add_nc_u32_e32 v129, 0x2800, v129                        // 000000005BC0: 4B0302FF 00002800
	ds_load_u16 v16, v129                                      // 000000005BC8: D8F00000 10000081
	ds_load_u16_d16_hi v16, v129 offset:128                    // 000000005BD0: DA9C0080 10000081
	ds_load_u16 v17, v129 offset:256                           // 000000005BD8: D8F00100 11000081
	ds_load_u16_d16_hi v17, v129 offset:384                    // 000000005BE0: DA9C0180 11000081
	ds_load_u16 v18, v129 offset:512                           // 000000005BE8: D8F00200 12000081
	ds_load_u16_d16_hi v18, v129 offset:640                    // 000000005BF0: DA9C0280 12000081
	ds_load_u16 v19, v129 offset:768                           // 000000005BF8: D8F00300 13000081
	ds_load_u16_d16_hi v19, v129 offset:896                    // 000000005C00: DA9C0380 13000081
	s_waitcnt lgkmcnt(0)                                       // 000000005C08: BF89FC07
	ds_swizzle_b32 v20, v16 offset:swizzle(SWAP,16)            // 000000005C0C: D8D4401F 14000010
	ds_swizzle_b32 v21, v17 offset:swizzle(SWAP,16)            // 000000005C14: D8D4401F 15000011
	ds_swizzle_b32 v22, v18 offset:swizzle(SWAP,16)            // 000000005C1C: D8D4401F 16000012
	ds_swizzle_b32 v23, v19 offset:swizzle(SWAP,16)            // 000000005C24: D8D4401F 17000013
	s_waitcnt lgkmcnt(0)                                       // 000000005C2C: BF89FC07
	v_wmma_f32_16x16x16_bf16 v[64:71], v[8:15], v[16:23], v[64:71]// 000000005C30: CC414040 1D022108
	v_lshlrev_b32_e32 v129, 10, v4                             // 000000005C38: 3102088A
	v_lshl_add_u32 v129, v3, 1, v129                           // 000000005C3C: D6460081 06050303
	v_add_nc_u32_e32 v129, 0x2820, v129                        // 000000005C44: 4B0302FF 00002820
	ds_load_u16 v16, v129                                      // 000000005C4C: D8F00000 10000081
	ds_load_u16_d16_hi v16, v129 offset:128                    // 000000005C54: DA9C0080 10000081
	ds_load_u16 v17, v129 offset:256                           // 000000005C5C: D8F00100 11000081
	ds_load_u16_d16_hi v17, v129 offset:384                    // 000000005C64: DA9C0180 11000081
	ds_load_u16 v18, v129 offset:512                           // 000000005C6C: D8F00200 12000081
	ds_load_u16_d16_hi v18, v129 offset:640                    // 000000005C74: DA9C0280 12000081
	ds_load_u16 v19, v129 offset:768                           // 000000005C7C: D8F00300 13000081
	ds_load_u16_d16_hi v19, v129 offset:896                    // 000000005C84: DA9C0380 13000081
	s_waitcnt lgkmcnt(0)                                       // 000000005C8C: BF89FC07
	ds_swizzle_b32 v20, v16 offset:swizzle(SWAP,16)            // 000000005C90: D8D4401F 14000010
	ds_swizzle_b32 v21, v17 offset:swizzle(SWAP,16)            // 000000005C98: D8D4401F 15000011
	ds_swizzle_b32 v22, v18 offset:swizzle(SWAP,16)            // 000000005CA0: D8D4401F 16000012
	ds_swizzle_b32 v23, v19 offset:swizzle(SWAP,16)            // 000000005CA8: D8D4401F 17000013
	s_waitcnt lgkmcnt(0)                                       // 000000005CB0: BF89FC07
	v_wmma_f32_16x16x16_bf16 v[72:79], v[8:15], v[16:23], v[72:79]// 000000005CB4: CC414048 1D222108
	v_lshlrev_b32_e32 v129, 10, v4                             // 000000005CBC: 3102088A
	v_lshl_add_u32 v129, v3, 1, v129                           // 000000005CC0: D6460081 06050303
	v_add_nc_u32_e32 v129, 0x2840, v129                        // 000000005CC8: 4B0302FF 00002840
	ds_load_u16 v16, v129                                      // 000000005CD0: D8F00000 10000081
	ds_load_u16_d16_hi v16, v129 offset:128                    // 000000005CD8: DA9C0080 10000081
	ds_load_u16 v17, v129 offset:256                           // 000000005CE0: D8F00100 11000081
	ds_load_u16_d16_hi v17, v129 offset:384                    // 000000005CE8: DA9C0180 11000081
	ds_load_u16 v18, v129 offset:512                           // 000000005CF0: D8F00200 12000081
	ds_load_u16_d16_hi v18, v129 offset:640                    // 000000005CF8: DA9C0280 12000081
	ds_load_u16 v19, v129 offset:768                           // 000000005D00: D8F00300 13000081
	ds_load_u16_d16_hi v19, v129 offset:896                    // 000000005D08: DA9C0380 13000081
	s_waitcnt lgkmcnt(0)                                       // 000000005D10: BF89FC07
	ds_swizzle_b32 v20, v16 offset:swizzle(SWAP,16)            // 000000005D14: D8D4401F 14000010
	ds_swizzle_b32 v21, v17 offset:swizzle(SWAP,16)            // 000000005D1C: D8D4401F 15000011
	ds_swizzle_b32 v22, v18 offset:swizzle(SWAP,16)            // 000000005D24: D8D4401F 16000012
	ds_swizzle_b32 v23, v19 offset:swizzle(SWAP,16)            // 000000005D2C: D8D4401F 17000013
	s_waitcnt lgkmcnt(0)                                       // 000000005D34: BF89FC07
	v_wmma_f32_16x16x16_bf16 v[80:87], v[8:15], v[16:23], v[80:87]// 000000005D38: CC414050 1D422108
	v_lshlrev_b32_e32 v129, 10, v4                             // 000000005D40: 3102088A
	v_lshl_add_u32 v129, v3, 1, v129                           // 000000005D44: D6460081 06050303
	v_add_nc_u32_e32 v129, 0x2860, v129                        // 000000005D4C: 4B0302FF 00002860
	ds_load_u16 v16, v129                                      // 000000005D54: D8F00000 10000081
	ds_load_u16_d16_hi v16, v129 offset:128                    // 000000005D5C: DA9C0080 10000081
	ds_load_u16 v17, v129 offset:256                           // 000000005D64: D8F00100 11000081
	ds_load_u16_d16_hi v17, v129 offset:384                    // 000000005D6C: DA9C0180 11000081
	ds_load_u16 v18, v129 offset:512                           // 000000005D74: D8F00200 12000081
	ds_load_u16_d16_hi v18, v129 offset:640                    // 000000005D7C: DA9C0280 12000081
	ds_load_u16 v19, v129 offset:768                           // 000000005D84: D8F00300 13000081
	ds_load_u16_d16_hi v19, v129 offset:896                    // 000000005D8C: DA9C0380 13000081
	s_waitcnt lgkmcnt(0)                                       // 000000005D94: BF89FC07
	ds_swizzle_b32 v20, v16 offset:swizzle(SWAP,16)            // 000000005D98: D8D4401F 14000010
	ds_swizzle_b32 v21, v17 offset:swizzle(SWAP,16)            // 000000005DA0: D8D4401F 15000011
	ds_swizzle_b32 v22, v18 offset:swizzle(SWAP,16)            // 000000005DA8: D8D4401F 16000012
	ds_swizzle_b32 v23, v19 offset:swizzle(SWAP,16)            // 000000005DB0: D8D4401F 17000013
	s_waitcnt lgkmcnt(0)                                       // 000000005DB8: BF89FC07
	v_wmma_f32_16x16x16_bf16 v[88:95], v[8:15], v[16:23], v[88:95]// 000000005DBC: CC414058 1D622108
	ds_load_b128 v[8:11], v7 offset:32                         // 000000005DC4: DBFC0020 08000007
	s_waitcnt lgkmcnt(0)                                       // 000000005DCC: BF89FC07
	ds_swizzle_b32 v12, v8 offset:swizzle(SWAP,16)             // 000000005DD0: D8D4401F 0C000008
	ds_swizzle_b32 v13, v9 offset:swizzle(SWAP,16)             // 000000005DD8: D8D4401F 0D000009
	ds_swizzle_b32 v14, v10 offset:swizzle(SWAP,16)            // 000000005DE0: D8D4401F 0E00000A
	ds_swizzle_b32 v15, v11 offset:swizzle(SWAP,16)            // 000000005DE8: D8D4401F 0F00000B
	s_waitcnt lgkmcnt(0)                                       // 000000005DF0: BF89FC07
	v_lshlrev_b32_e32 v129, 10, v4                             // 000000005DF4: 3102088A
	v_lshl_add_u32 v129, v3, 1, v129                           // 000000005DF8: D6460081 06050303
	v_add_nc_u32_e32 v129, 0x2800, v129                        // 000000005E00: 4B0302FF 00002800
	ds_load_u16 v16, v129                                      // 000000005E08: D8F00000 10000081
	ds_load_u16_d16_hi v16, v129 offset:128                    // 000000005E10: DA9C0080 10000081
	ds_load_u16 v17, v129 offset:256                           // 000000005E18: D8F00100 11000081
	ds_load_u16_d16_hi v17, v129 offset:384                    // 000000005E20: DA9C0180 11000081
	ds_load_u16 v18, v129 offset:512                           // 000000005E28: D8F00200 12000081
	ds_load_u16_d16_hi v18, v129 offset:640                    // 000000005E30: DA9C0280 12000081
	ds_load_u16 v19, v129 offset:768                           // 000000005E38: D8F00300 13000081
	ds_load_u16_d16_hi v19, v129 offset:896                    // 000000005E40: DA9C0380 13000081
	s_waitcnt lgkmcnt(0)                                       // 000000005E48: BF89FC07
	ds_swizzle_b32 v20, v16 offset:swizzle(SWAP,16)            // 000000005E4C: D8D4401F 14000010
	ds_swizzle_b32 v21, v17 offset:swizzle(SWAP,16)            // 000000005E54: D8D4401F 15000011
	ds_swizzle_b32 v22, v18 offset:swizzle(SWAP,16)            // 000000005E5C: D8D4401F 16000012
	ds_swizzle_b32 v23, v19 offset:swizzle(SWAP,16)            // 000000005E64: D8D4401F 17000013
	s_waitcnt lgkmcnt(0)                                       // 000000005E6C: BF89FC07
	v_wmma_f32_16x16x16_bf16 v[96:103], v[8:15], v[16:23], v[96:103]// 000000005E70: CC414060 1D822108
	v_lshlrev_b32_e32 v129, 10, v4                             // 000000005E78: 3102088A
	v_lshl_add_u32 v129, v3, 1, v129                           // 000000005E7C: D6460081 06050303
	v_add_nc_u32_e32 v129, 0x2820, v129                        // 000000005E84: 4B0302FF 00002820
	ds_load_u16 v16, v129                                      // 000000005E8C: D8F00000 10000081
	ds_load_u16_d16_hi v16, v129 offset:128                    // 000000005E94: DA9C0080 10000081
	ds_load_u16 v17, v129 offset:256                           // 000000005E9C: D8F00100 11000081
	ds_load_u16_d16_hi v17, v129 offset:384                    // 000000005EA4: DA9C0180 11000081
	ds_load_u16 v18, v129 offset:512                           // 000000005EAC: D8F00200 12000081
	ds_load_u16_d16_hi v18, v129 offset:640                    // 000000005EB4: DA9C0280 12000081
	ds_load_u16 v19, v129 offset:768                           // 000000005EBC: D8F00300 13000081
	ds_load_u16_d16_hi v19, v129 offset:896                    // 000000005EC4: DA9C0380 13000081
	s_waitcnt lgkmcnt(0)                                       // 000000005ECC: BF89FC07
	ds_swizzle_b32 v20, v16 offset:swizzle(SWAP,16)            // 000000005ED0: D8D4401F 14000010
	ds_swizzle_b32 v21, v17 offset:swizzle(SWAP,16)            // 000000005ED8: D8D4401F 15000011
	ds_swizzle_b32 v22, v18 offset:swizzle(SWAP,16)            // 000000005EE0: D8D4401F 16000012
	ds_swizzle_b32 v23, v19 offset:swizzle(SWAP,16)            // 000000005EE8: D8D4401F 17000013
	s_waitcnt lgkmcnt(0)                                       // 000000005EF0: BF89FC07
	v_wmma_f32_16x16x16_bf16 v[104:111], v[8:15], v[16:23], v[104:111]// 000000005EF4: CC414068 1DA22108
	v_lshlrev_b32_e32 v129, 10, v4                             // 000000005EFC: 3102088A
	v_lshl_add_u32 v129, v3, 1, v129                           // 000000005F00: D6460081 06050303
	v_add_nc_u32_e32 v129, 0x2840, v129                        // 000000005F08: 4B0302FF 00002840
	ds_load_u16 v16, v129                                      // 000000005F10: D8F00000 10000081
	ds_load_u16_d16_hi v16, v129 offset:128                    // 000000005F18: DA9C0080 10000081
	ds_load_u16 v17, v129 offset:256                           // 000000005F20: D8F00100 11000081
	ds_load_u16_d16_hi v17, v129 offset:384                    // 000000005F28: DA9C0180 11000081
	ds_load_u16 v18, v129 offset:512                           // 000000005F30: D8F00200 12000081
	ds_load_u16_d16_hi v18, v129 offset:640                    // 000000005F38: DA9C0280 12000081
	ds_load_u16 v19, v129 offset:768                           // 000000005F40: D8F00300 13000081
	ds_load_u16_d16_hi v19, v129 offset:896                    // 000000005F48: DA9C0380 13000081
	s_waitcnt lgkmcnt(0)                                       // 000000005F50: BF89FC07
	ds_swizzle_b32 v20, v16 offset:swizzle(SWAP,16)            // 000000005F54: D8D4401F 14000010
	ds_swizzle_b32 v21, v17 offset:swizzle(SWAP,16)            // 000000005F5C: D8D4401F 15000011
	ds_swizzle_b32 v22, v18 offset:swizzle(SWAP,16)            // 000000005F64: D8D4401F 16000012
	ds_swizzle_b32 v23, v19 offset:swizzle(SWAP,16)            // 000000005F6C: D8D4401F 17000013
	s_waitcnt lgkmcnt(0)                                       // 000000005F74: BF89FC07
	v_wmma_f32_16x16x16_bf16 v[112:119], v[8:15], v[16:23], v[112:119]// 000000005F78: CC414070 1DC22108
	v_lshlrev_b32_e32 v129, 10, v4                             // 000000005F80: 3102088A
	v_lshl_add_u32 v129, v3, 1, v129                           // 000000005F84: D6460081 06050303
	v_add_nc_u32_e32 v129, 0x2860, v129                        // 000000005F8C: 4B0302FF 00002860
	ds_load_u16 v16, v129                                      // 000000005F94: D8F00000 10000081
	ds_load_u16_d16_hi v16, v129 offset:128                    // 000000005F9C: DA9C0080 10000081
	ds_load_u16 v17, v129 offset:256                           // 000000005FA4: D8F00100 11000081
	ds_load_u16_d16_hi v17, v129 offset:384                    // 000000005FAC: DA9C0180 11000081
	ds_load_u16 v18, v129 offset:512                           // 000000005FB4: D8F00200 12000081
	ds_load_u16_d16_hi v18, v129 offset:640                    // 000000005FBC: DA9C0280 12000081
	ds_load_u16 v19, v129 offset:768                           // 000000005FC4: D8F00300 13000081
	ds_load_u16_d16_hi v19, v129 offset:896                    // 000000005FCC: DA9C0380 13000081
	s_waitcnt lgkmcnt(0)                                       // 000000005FD4: BF89FC07
	ds_swizzle_b32 v20, v16 offset:swizzle(SWAP,16)            // 000000005FD8: D8D4401F 14000010
	ds_swizzle_b32 v21, v17 offset:swizzle(SWAP,16)            // 000000005FE0: D8D4401F 15000011
	ds_swizzle_b32 v22, v18 offset:swizzle(SWAP,16)            // 000000005FE8: D8D4401F 16000012
	ds_swizzle_b32 v23, v19 offset:swizzle(SWAP,16)            // 000000005FF0: D8D4401F 17000013
	s_waitcnt lgkmcnt(0)                                       // 000000005FF8: BF89FC07
	v_wmma_f32_16x16x16_bf16 v[120:127], v[8:15], v[16:23], v[120:127]// 000000005FFC: CC414078 1DE22108
	ds_load_b128 v[8:11], v5 offset:64                         // 000000006004: DBFC0040 08000005
	s_waitcnt lgkmcnt(0)                                       // 00000000600C: BF89FC07
	ds_swizzle_b32 v12, v8 offset:swizzle(SWAP,16)             // 000000006010: D8D4401F 0C000008
	ds_swizzle_b32 v13, v9 offset:swizzle(SWAP,16)             // 000000006018: D8D4401F 0D000009
	ds_swizzle_b32 v14, v10 offset:swizzle(SWAP,16)            // 000000006020: D8D4401F 0E00000A
	ds_swizzle_b32 v15, v11 offset:swizzle(SWAP,16)            // 000000006028: D8D4401F 0F00000B
	s_waitcnt lgkmcnt(0)                                       // 000000006030: BF89FC07
	v_lshlrev_b32_e32 v129, 10, v4                             // 000000006034: 3102088A
	v_lshl_add_u32 v129, v3, 1, v129                           // 000000006038: D6460081 06050303
	v_add_nc_u32_e32 v129, 0x3000, v129                        // 000000006040: 4B0302FF 00003000
	ds_load_u16 v16, v129                                      // 000000006048: D8F00000 10000081
	ds_load_u16_d16_hi v16, v129 offset:128                    // 000000006050: DA9C0080 10000081
	ds_load_u16 v17, v129 offset:256                           // 000000006058: D8F00100 11000081
	ds_load_u16_d16_hi v17, v129 offset:384                    // 000000006060: DA9C0180 11000081
	ds_load_u16 v18, v129 offset:512                           // 000000006068: D8F00200 12000081
	ds_load_u16_d16_hi v18, v129 offset:640                    // 000000006070: DA9C0280 12000081
	ds_load_u16 v19, v129 offset:768                           // 000000006078: D8F00300 13000081
	ds_load_u16_d16_hi v19, v129 offset:896                    // 000000006080: DA9C0380 13000081
	s_waitcnt lgkmcnt(0)                                       // 000000006088: BF89FC07
	ds_swizzle_b32 v20, v16 offset:swizzle(SWAP,16)            // 00000000608C: D8D4401F 14000010
	ds_swizzle_b32 v21, v17 offset:swizzle(SWAP,16)            // 000000006094: D8D4401F 15000011
	ds_swizzle_b32 v22, v18 offset:swizzle(SWAP,16)            // 00000000609C: D8D4401F 16000012
	ds_swizzle_b32 v23, v19 offset:swizzle(SWAP,16)            // 0000000060A4: D8D4401F 17000013
	s_waitcnt lgkmcnt(0)                                       // 0000000060AC: BF89FC07
	v_wmma_f32_16x16x16_bf16 v[64:71], v[8:15], v[16:23], v[64:71]// 0000000060B0: CC414040 1D022108
	v_lshlrev_b32_e32 v129, 10, v4                             // 0000000060B8: 3102088A
	v_lshl_add_u32 v129, v3, 1, v129                           // 0000000060BC: D6460081 06050303
	v_add_nc_u32_e32 v129, 0x3020, v129                        // 0000000060C4: 4B0302FF 00003020
	ds_load_u16 v16, v129                                      // 0000000060CC: D8F00000 10000081
	ds_load_u16_d16_hi v16, v129 offset:128                    // 0000000060D4: DA9C0080 10000081
	ds_load_u16 v17, v129 offset:256                           // 0000000060DC: D8F00100 11000081
	ds_load_u16_d16_hi v17, v129 offset:384                    // 0000000060E4: DA9C0180 11000081
	ds_load_u16 v18, v129 offset:512                           // 0000000060EC: D8F00200 12000081
	ds_load_u16_d16_hi v18, v129 offset:640                    // 0000000060F4: DA9C0280 12000081
	ds_load_u16 v19, v129 offset:768                           // 0000000060FC: D8F00300 13000081
	ds_load_u16_d16_hi v19, v129 offset:896                    // 000000006104: DA9C0380 13000081
	s_waitcnt lgkmcnt(0)                                       // 00000000610C: BF89FC07
	ds_swizzle_b32 v20, v16 offset:swizzle(SWAP,16)            // 000000006110: D8D4401F 14000010
	ds_swizzle_b32 v21, v17 offset:swizzle(SWAP,16)            // 000000006118: D8D4401F 15000011
	ds_swizzle_b32 v22, v18 offset:swizzle(SWAP,16)            // 000000006120: D8D4401F 16000012
	ds_swizzle_b32 v23, v19 offset:swizzle(SWAP,16)            // 000000006128: D8D4401F 17000013
	s_waitcnt lgkmcnt(0)                                       // 000000006130: BF89FC07
	v_wmma_f32_16x16x16_bf16 v[72:79], v[8:15], v[16:23], v[72:79]// 000000006134: CC414048 1D222108
	v_lshlrev_b32_e32 v129, 10, v4                             // 00000000613C: 3102088A
	v_lshl_add_u32 v129, v3, 1, v129                           // 000000006140: D6460081 06050303
	v_add_nc_u32_e32 v129, 0x3040, v129                        // 000000006148: 4B0302FF 00003040
	ds_load_u16 v16, v129                                      // 000000006150: D8F00000 10000081
	ds_load_u16_d16_hi v16, v129 offset:128                    // 000000006158: DA9C0080 10000081
	ds_load_u16 v17, v129 offset:256                           // 000000006160: D8F00100 11000081
	ds_load_u16_d16_hi v17, v129 offset:384                    // 000000006168: DA9C0180 11000081
	ds_load_u16 v18, v129 offset:512                           // 000000006170: D8F00200 12000081
	ds_load_u16_d16_hi v18, v129 offset:640                    // 000000006178: DA9C0280 12000081
	ds_load_u16 v19, v129 offset:768                           // 000000006180: D8F00300 13000081
	ds_load_u16_d16_hi v19, v129 offset:896                    // 000000006188: DA9C0380 13000081
	s_waitcnt lgkmcnt(0)                                       // 000000006190: BF89FC07
	ds_swizzle_b32 v20, v16 offset:swizzle(SWAP,16)            // 000000006194: D8D4401F 14000010
	ds_swizzle_b32 v21, v17 offset:swizzle(SWAP,16)            // 00000000619C: D8D4401F 15000011
	ds_swizzle_b32 v22, v18 offset:swizzle(SWAP,16)            // 0000000061A4: D8D4401F 16000012
	ds_swizzle_b32 v23, v19 offset:swizzle(SWAP,16)            // 0000000061AC: D8D4401F 17000013
	s_waitcnt lgkmcnt(0)                                       // 0000000061B4: BF89FC07
	v_wmma_f32_16x16x16_bf16 v[80:87], v[8:15], v[16:23], v[80:87]// 0000000061B8: CC414050 1D422108
	v_lshlrev_b32_e32 v129, 10, v4                             // 0000000061C0: 3102088A
	v_lshl_add_u32 v129, v3, 1, v129                           // 0000000061C4: D6460081 06050303
	v_add_nc_u32_e32 v129, 0x3060, v129                        // 0000000061CC: 4B0302FF 00003060
	ds_load_u16 v16, v129                                      // 0000000061D4: D8F00000 10000081
	ds_load_u16_d16_hi v16, v129 offset:128                    // 0000000061DC: DA9C0080 10000081
	ds_load_u16 v17, v129 offset:256                           // 0000000061E4: D8F00100 11000081
	ds_load_u16_d16_hi v17, v129 offset:384                    // 0000000061EC: DA9C0180 11000081
	ds_load_u16 v18, v129 offset:512                           // 0000000061F4: D8F00200 12000081
	ds_load_u16_d16_hi v18, v129 offset:640                    // 0000000061FC: DA9C0280 12000081
	ds_load_u16 v19, v129 offset:768                           // 000000006204: D8F00300 13000081
	ds_load_u16_d16_hi v19, v129 offset:896                    // 00000000620C: DA9C0380 13000081
	s_waitcnt lgkmcnt(0)                                       // 000000006214: BF89FC07
	ds_swizzle_b32 v20, v16 offset:swizzle(SWAP,16)            // 000000006218: D8D4401F 14000010
	ds_swizzle_b32 v21, v17 offset:swizzle(SWAP,16)            // 000000006220: D8D4401F 15000011
	ds_swizzle_b32 v22, v18 offset:swizzle(SWAP,16)            // 000000006228: D8D4401F 16000012
	ds_swizzle_b32 v23, v19 offset:swizzle(SWAP,16)            // 000000006230: D8D4401F 17000013
	s_waitcnt lgkmcnt(0)                                       // 000000006238: BF89FC07
	v_wmma_f32_16x16x16_bf16 v[88:95], v[8:15], v[16:23], v[88:95]// 00000000623C: CC414058 1D622108
	ds_load_b128 v[8:11], v7 offset:64                         // 000000006244: DBFC0040 08000007
	s_waitcnt lgkmcnt(0)                                       // 00000000624C: BF89FC07
	ds_swizzle_b32 v12, v8 offset:swizzle(SWAP,16)             // 000000006250: D8D4401F 0C000008
	ds_swizzle_b32 v13, v9 offset:swizzle(SWAP,16)             // 000000006258: D8D4401F 0D000009
	ds_swizzle_b32 v14, v10 offset:swizzle(SWAP,16)            // 000000006260: D8D4401F 0E00000A
	ds_swizzle_b32 v15, v11 offset:swizzle(SWAP,16)            // 000000006268: D8D4401F 0F00000B
	s_waitcnt lgkmcnt(0)                                       // 000000006270: BF89FC07
	v_lshlrev_b32_e32 v129, 10, v4                             // 000000006274: 3102088A
	v_lshl_add_u32 v129, v3, 1, v129                           // 000000006278: D6460081 06050303
	v_add_nc_u32_e32 v129, 0x3000, v129                        // 000000006280: 4B0302FF 00003000
	ds_load_u16 v16, v129                                      // 000000006288: D8F00000 10000081
	ds_load_u16_d16_hi v16, v129 offset:128                    // 000000006290: DA9C0080 10000081
	ds_load_u16 v17, v129 offset:256                           // 000000006298: D8F00100 11000081
	ds_load_u16_d16_hi v17, v129 offset:384                    // 0000000062A0: DA9C0180 11000081
	ds_load_u16 v18, v129 offset:512                           // 0000000062A8: D8F00200 12000081
	ds_load_u16_d16_hi v18, v129 offset:640                    // 0000000062B0: DA9C0280 12000081
	ds_load_u16 v19, v129 offset:768                           // 0000000062B8: D8F00300 13000081
	ds_load_u16_d16_hi v19, v129 offset:896                    // 0000000062C0: DA9C0380 13000081
	s_waitcnt lgkmcnt(0)                                       // 0000000062C8: BF89FC07
	ds_swizzle_b32 v20, v16 offset:swizzle(SWAP,16)            // 0000000062CC: D8D4401F 14000010
	ds_swizzle_b32 v21, v17 offset:swizzle(SWAP,16)            // 0000000062D4: D8D4401F 15000011
	ds_swizzle_b32 v22, v18 offset:swizzle(SWAP,16)            // 0000000062DC: D8D4401F 16000012
	ds_swizzle_b32 v23, v19 offset:swizzle(SWAP,16)            // 0000000062E4: D8D4401F 17000013
	s_waitcnt lgkmcnt(0)                                       // 0000000062EC: BF89FC07
	v_wmma_f32_16x16x16_bf16 v[96:103], v[8:15], v[16:23], v[96:103]// 0000000062F0: CC414060 1D822108
	v_lshlrev_b32_e32 v129, 10, v4                             // 0000000062F8: 3102088A
	v_lshl_add_u32 v129, v3, 1, v129                           // 0000000062FC: D6460081 06050303
	v_add_nc_u32_e32 v129, 0x3020, v129                        // 000000006304: 4B0302FF 00003020
	ds_load_u16 v16, v129                                      // 00000000630C: D8F00000 10000081
	ds_load_u16_d16_hi v16, v129 offset:128                    // 000000006314: DA9C0080 10000081
	ds_load_u16 v17, v129 offset:256                           // 00000000631C: D8F00100 11000081
	ds_load_u16_d16_hi v17, v129 offset:384                    // 000000006324: DA9C0180 11000081
	ds_load_u16 v18, v129 offset:512                           // 00000000632C: D8F00200 12000081
	ds_load_u16_d16_hi v18, v129 offset:640                    // 000000006334: DA9C0280 12000081
	ds_load_u16 v19, v129 offset:768                           // 00000000633C: D8F00300 13000081
	ds_load_u16_d16_hi v19, v129 offset:896                    // 000000006344: DA9C0380 13000081
	s_waitcnt lgkmcnt(0)                                       // 00000000634C: BF89FC07
	ds_swizzle_b32 v20, v16 offset:swizzle(SWAP,16)            // 000000006350: D8D4401F 14000010
	ds_swizzle_b32 v21, v17 offset:swizzle(SWAP,16)            // 000000006358: D8D4401F 15000011
	ds_swizzle_b32 v22, v18 offset:swizzle(SWAP,16)            // 000000006360: D8D4401F 16000012
	ds_swizzle_b32 v23, v19 offset:swizzle(SWAP,16)            // 000000006368: D8D4401F 17000013
	s_waitcnt lgkmcnt(0)                                       // 000000006370: BF89FC07
	v_wmma_f32_16x16x16_bf16 v[104:111], v[8:15], v[16:23], v[104:111]// 000000006374: CC414068 1DA22108
	v_lshlrev_b32_e32 v129, 10, v4                             // 00000000637C: 3102088A
	v_lshl_add_u32 v129, v3, 1, v129                           // 000000006380: D6460081 06050303
	v_add_nc_u32_e32 v129, 0x3040, v129                        // 000000006388: 4B0302FF 00003040
	ds_load_u16 v16, v129                                      // 000000006390: D8F00000 10000081
	ds_load_u16_d16_hi v16, v129 offset:128                    // 000000006398: DA9C0080 10000081
	ds_load_u16 v17, v129 offset:256                           // 0000000063A0: D8F00100 11000081
	ds_load_u16_d16_hi v17, v129 offset:384                    // 0000000063A8: DA9C0180 11000081
	ds_load_u16 v18, v129 offset:512                           // 0000000063B0: D8F00200 12000081
	ds_load_u16_d16_hi v18, v129 offset:640                    // 0000000063B8: DA9C0280 12000081
	ds_load_u16 v19, v129 offset:768                           // 0000000063C0: D8F00300 13000081
	ds_load_u16_d16_hi v19, v129 offset:896                    // 0000000063C8: DA9C0380 13000081
	s_waitcnt lgkmcnt(0)                                       // 0000000063D0: BF89FC07
	ds_swizzle_b32 v20, v16 offset:swizzle(SWAP,16)            // 0000000063D4: D8D4401F 14000010
	ds_swizzle_b32 v21, v17 offset:swizzle(SWAP,16)            // 0000000063DC: D8D4401F 15000011
	ds_swizzle_b32 v22, v18 offset:swizzle(SWAP,16)            // 0000000063E4: D8D4401F 16000012
	ds_swizzle_b32 v23, v19 offset:swizzle(SWAP,16)            // 0000000063EC: D8D4401F 17000013
	s_waitcnt lgkmcnt(0)                                       // 0000000063F4: BF89FC07
	v_wmma_f32_16x16x16_bf16 v[112:119], v[8:15], v[16:23], v[112:119]// 0000000063F8: CC414070 1DC22108
	v_lshlrev_b32_e32 v129, 10, v4                             // 000000006400: 3102088A
	v_lshl_add_u32 v129, v3, 1, v129                           // 000000006404: D6460081 06050303
	v_add_nc_u32_e32 v129, 0x3060, v129                        // 00000000640C: 4B0302FF 00003060
	ds_load_u16 v16, v129                                      // 000000006414: D8F00000 10000081
	ds_load_u16_d16_hi v16, v129 offset:128                    // 00000000641C: DA9C0080 10000081
	ds_load_u16 v17, v129 offset:256                           // 000000006424: D8F00100 11000081
	ds_load_u16_d16_hi v17, v129 offset:384                    // 00000000642C: DA9C0180 11000081
	ds_load_u16 v18, v129 offset:512                           // 000000006434: D8F00200 12000081
	ds_load_u16_d16_hi v18, v129 offset:640                    // 00000000643C: DA9C0280 12000081
	ds_load_u16 v19, v129 offset:768                           // 000000006444: D8F00300 13000081
	ds_load_u16_d16_hi v19, v129 offset:896                    // 00000000644C: DA9C0380 13000081
	s_waitcnt lgkmcnt(0)                                       // 000000006454: BF89FC07
	ds_swizzle_b32 v20, v16 offset:swizzle(SWAP,16)            // 000000006458: D8D4401F 14000010
	ds_swizzle_b32 v21, v17 offset:swizzle(SWAP,16)            // 000000006460: D8D4401F 15000011
	ds_swizzle_b32 v22, v18 offset:swizzle(SWAP,16)            // 000000006468: D8D4401F 16000012
	ds_swizzle_b32 v23, v19 offset:swizzle(SWAP,16)            // 000000006470: D8D4401F 17000013
	s_waitcnt lgkmcnt(0)                                       // 000000006478: BF89FC07
	v_wmma_f32_16x16x16_bf16 v[120:127], v[8:15], v[16:23], v[120:127]// 00000000647C: CC414078 1DE22108
	ds_load_b128 v[8:11], v5 offset:96                         // 000000006484: DBFC0060 08000005
	s_waitcnt lgkmcnt(0)                                       // 00000000648C: BF89FC07
	ds_swizzle_b32 v12, v8 offset:swizzle(SWAP,16)             // 000000006490: D8D4401F 0C000008
	ds_swizzle_b32 v13, v9 offset:swizzle(SWAP,16)             // 000000006498: D8D4401F 0D000009
	ds_swizzle_b32 v14, v10 offset:swizzle(SWAP,16)            // 0000000064A0: D8D4401F 0E00000A
	ds_swizzle_b32 v15, v11 offset:swizzle(SWAP,16)            // 0000000064A8: D8D4401F 0F00000B
	s_waitcnt lgkmcnt(0)                                       // 0000000064B0: BF89FC07
	v_lshlrev_b32_e32 v129, 10, v4                             // 0000000064B4: 3102088A
	v_lshl_add_u32 v129, v3, 1, v129                           // 0000000064B8: D6460081 06050303
	v_add_nc_u32_e32 v129, 0x3800, v129                        // 0000000064C0: 4B0302FF 00003800
	ds_load_u16 v16, v129                                      // 0000000064C8: D8F00000 10000081
	ds_load_u16_d16_hi v16, v129 offset:128                    // 0000000064D0: DA9C0080 10000081
	ds_load_u16 v17, v129 offset:256                           // 0000000064D8: D8F00100 11000081
	ds_load_u16_d16_hi v17, v129 offset:384                    // 0000000064E0: DA9C0180 11000081
	ds_load_u16 v18, v129 offset:512                           // 0000000064E8: D8F00200 12000081
	ds_load_u16_d16_hi v18, v129 offset:640                    // 0000000064F0: DA9C0280 12000081
	ds_load_u16 v19, v129 offset:768                           // 0000000064F8: D8F00300 13000081
	ds_load_u16_d16_hi v19, v129 offset:896                    // 000000006500: DA9C0380 13000081
	s_waitcnt lgkmcnt(0)                                       // 000000006508: BF89FC07
	ds_swizzle_b32 v20, v16 offset:swizzle(SWAP,16)            // 00000000650C: D8D4401F 14000010
	ds_swizzle_b32 v21, v17 offset:swizzle(SWAP,16)            // 000000006514: D8D4401F 15000011
	ds_swizzle_b32 v22, v18 offset:swizzle(SWAP,16)            // 00000000651C: D8D4401F 16000012
	ds_swizzle_b32 v23, v19 offset:swizzle(SWAP,16)            // 000000006524: D8D4401F 17000013
	s_waitcnt lgkmcnt(0)                                       // 00000000652C: BF89FC07
	v_wmma_f32_16x16x16_bf16 v[64:71], v[8:15], v[16:23], v[64:71]// 000000006530: CC414040 1D022108
	v_lshlrev_b32_e32 v129, 10, v4                             // 000000006538: 3102088A
	v_lshl_add_u32 v129, v3, 1, v129                           // 00000000653C: D6460081 06050303
	v_add_nc_u32_e32 v129, 0x3820, v129                        // 000000006544: 4B0302FF 00003820
	ds_load_u16 v16, v129                                      // 00000000654C: D8F00000 10000081
	ds_load_u16_d16_hi v16, v129 offset:128                    // 000000006554: DA9C0080 10000081
	ds_load_u16 v17, v129 offset:256                           // 00000000655C: D8F00100 11000081
	ds_load_u16_d16_hi v17, v129 offset:384                    // 000000006564: DA9C0180 11000081
	ds_load_u16 v18, v129 offset:512                           // 00000000656C: D8F00200 12000081
	ds_load_u16_d16_hi v18, v129 offset:640                    // 000000006574: DA9C0280 12000081
	ds_load_u16 v19, v129 offset:768                           // 00000000657C: D8F00300 13000081
	ds_load_u16_d16_hi v19, v129 offset:896                    // 000000006584: DA9C0380 13000081
	s_waitcnt lgkmcnt(0)                                       // 00000000658C: BF89FC07
	ds_swizzle_b32 v20, v16 offset:swizzle(SWAP,16)            // 000000006590: D8D4401F 14000010
	ds_swizzle_b32 v21, v17 offset:swizzle(SWAP,16)            // 000000006598: D8D4401F 15000011
	ds_swizzle_b32 v22, v18 offset:swizzle(SWAP,16)            // 0000000065A0: D8D4401F 16000012
	ds_swizzle_b32 v23, v19 offset:swizzle(SWAP,16)            // 0000000065A8: D8D4401F 17000013
	s_waitcnt lgkmcnt(0)                                       // 0000000065B0: BF89FC07
	v_wmma_f32_16x16x16_bf16 v[72:79], v[8:15], v[16:23], v[72:79]// 0000000065B4: CC414048 1D222108
	v_lshlrev_b32_e32 v129, 10, v4                             // 0000000065BC: 3102088A
	v_lshl_add_u32 v129, v3, 1, v129                           // 0000000065C0: D6460081 06050303
	v_add_nc_u32_e32 v129, 0x3840, v129                        // 0000000065C8: 4B0302FF 00003840
	ds_load_u16 v16, v129                                      // 0000000065D0: D8F00000 10000081
	ds_load_u16_d16_hi v16, v129 offset:128                    // 0000000065D8: DA9C0080 10000081
	ds_load_u16 v17, v129 offset:256                           // 0000000065E0: D8F00100 11000081
	ds_load_u16_d16_hi v17, v129 offset:384                    // 0000000065E8: DA9C0180 11000081
	ds_load_u16 v18, v129 offset:512                           // 0000000065F0: D8F00200 12000081
	ds_load_u16_d16_hi v18, v129 offset:640                    // 0000000065F8: DA9C0280 12000081
	ds_load_u16 v19, v129 offset:768                           // 000000006600: D8F00300 13000081
	ds_load_u16_d16_hi v19, v129 offset:896                    // 000000006608: DA9C0380 13000081
	s_waitcnt lgkmcnt(0)                                       // 000000006610: BF89FC07
	ds_swizzle_b32 v20, v16 offset:swizzle(SWAP,16)            // 000000006614: D8D4401F 14000010
	ds_swizzle_b32 v21, v17 offset:swizzle(SWAP,16)            // 00000000661C: D8D4401F 15000011
	ds_swizzle_b32 v22, v18 offset:swizzle(SWAP,16)            // 000000006624: D8D4401F 16000012
	ds_swizzle_b32 v23, v19 offset:swizzle(SWAP,16)            // 00000000662C: D8D4401F 17000013
	s_waitcnt lgkmcnt(0)                                       // 000000006634: BF89FC07
	v_wmma_f32_16x16x16_bf16 v[80:87], v[8:15], v[16:23], v[80:87]// 000000006638: CC414050 1D422108
	v_lshlrev_b32_e32 v129, 10, v4                             // 000000006640: 3102088A
	v_lshl_add_u32 v129, v3, 1, v129                           // 000000006644: D6460081 06050303
	v_add_nc_u32_e32 v129, 0x3860, v129                        // 00000000664C: 4B0302FF 00003860
	ds_load_u16 v16, v129                                      // 000000006654: D8F00000 10000081
	ds_load_u16_d16_hi v16, v129 offset:128                    // 00000000665C: DA9C0080 10000081
	ds_load_u16 v17, v129 offset:256                           // 000000006664: D8F00100 11000081
	ds_load_u16_d16_hi v17, v129 offset:384                    // 00000000666C: DA9C0180 11000081
	ds_load_u16 v18, v129 offset:512                           // 000000006674: D8F00200 12000081
	ds_load_u16_d16_hi v18, v129 offset:640                    // 00000000667C: DA9C0280 12000081
	ds_load_u16 v19, v129 offset:768                           // 000000006684: D8F00300 13000081
	ds_load_u16_d16_hi v19, v129 offset:896                    // 00000000668C: DA9C0380 13000081
	s_waitcnt lgkmcnt(0)                                       // 000000006694: BF89FC07
	ds_swizzle_b32 v20, v16 offset:swizzle(SWAP,16)            // 000000006698: D8D4401F 14000010
	ds_swizzle_b32 v21, v17 offset:swizzle(SWAP,16)            // 0000000066A0: D8D4401F 15000011
	ds_swizzle_b32 v22, v18 offset:swizzle(SWAP,16)            // 0000000066A8: D8D4401F 16000012
	ds_swizzle_b32 v23, v19 offset:swizzle(SWAP,16)            // 0000000066B0: D8D4401F 17000013
	s_waitcnt lgkmcnt(0)                                       // 0000000066B8: BF89FC07
	v_wmma_f32_16x16x16_bf16 v[88:95], v[8:15], v[16:23], v[88:95]// 0000000066BC: CC414058 1D622108
	ds_load_b128 v[8:11], v7 offset:96                         // 0000000066C4: DBFC0060 08000007
	s_waitcnt lgkmcnt(0)                                       // 0000000066CC: BF89FC07
	ds_swizzle_b32 v12, v8 offset:swizzle(SWAP,16)             // 0000000066D0: D8D4401F 0C000008
	ds_swizzle_b32 v13, v9 offset:swizzle(SWAP,16)             // 0000000066D8: D8D4401F 0D000009
	ds_swizzle_b32 v14, v10 offset:swizzle(SWAP,16)            // 0000000066E0: D8D4401F 0E00000A
	ds_swizzle_b32 v15, v11 offset:swizzle(SWAP,16)            // 0000000066E8: D8D4401F 0F00000B
	s_waitcnt lgkmcnt(0)                                       // 0000000066F0: BF89FC07
	v_lshlrev_b32_e32 v129, 10, v4                             // 0000000066F4: 3102088A
	v_lshl_add_u32 v129, v3, 1, v129                           // 0000000066F8: D6460081 06050303
	v_add_nc_u32_e32 v129, 0x3800, v129                        // 000000006700: 4B0302FF 00003800
	ds_load_u16 v16, v129                                      // 000000006708: D8F00000 10000081
	ds_load_u16_d16_hi v16, v129 offset:128                    // 000000006710: DA9C0080 10000081
	ds_load_u16 v17, v129 offset:256                           // 000000006718: D8F00100 11000081
	ds_load_u16_d16_hi v17, v129 offset:384                    // 000000006720: DA9C0180 11000081
	ds_load_u16 v18, v129 offset:512                           // 000000006728: D8F00200 12000081
	ds_load_u16_d16_hi v18, v129 offset:640                    // 000000006730: DA9C0280 12000081
	ds_load_u16 v19, v129 offset:768                           // 000000006738: D8F00300 13000081
	ds_load_u16_d16_hi v19, v129 offset:896                    // 000000006740: DA9C0380 13000081
	s_waitcnt lgkmcnt(0)                                       // 000000006748: BF89FC07
	ds_swizzle_b32 v20, v16 offset:swizzle(SWAP,16)            // 00000000674C: D8D4401F 14000010
	ds_swizzle_b32 v21, v17 offset:swizzle(SWAP,16)            // 000000006754: D8D4401F 15000011
	ds_swizzle_b32 v22, v18 offset:swizzle(SWAP,16)            // 00000000675C: D8D4401F 16000012
	ds_swizzle_b32 v23, v19 offset:swizzle(SWAP,16)            // 000000006764: D8D4401F 17000013
	s_waitcnt lgkmcnt(0)                                       // 00000000676C: BF89FC07
	v_wmma_f32_16x16x16_bf16 v[96:103], v[8:15], v[16:23], v[96:103]// 000000006770: CC414060 1D822108
	v_lshlrev_b32_e32 v129, 10, v4                             // 000000006778: 3102088A
	v_lshl_add_u32 v129, v3, 1, v129                           // 00000000677C: D6460081 06050303
	v_add_nc_u32_e32 v129, 0x3820, v129                        // 000000006784: 4B0302FF 00003820
	ds_load_u16 v16, v129                                      // 00000000678C: D8F00000 10000081
	ds_load_u16_d16_hi v16, v129 offset:128                    // 000000006794: DA9C0080 10000081
	ds_load_u16 v17, v129 offset:256                           // 00000000679C: D8F00100 11000081
	ds_load_u16_d16_hi v17, v129 offset:384                    // 0000000067A4: DA9C0180 11000081
	ds_load_u16 v18, v129 offset:512                           // 0000000067AC: D8F00200 12000081
	ds_load_u16_d16_hi v18, v129 offset:640                    // 0000000067B4: DA9C0280 12000081
	ds_load_u16 v19, v129 offset:768                           // 0000000067BC: D8F00300 13000081
	ds_load_u16_d16_hi v19, v129 offset:896                    // 0000000067C4: DA9C0380 13000081
	s_waitcnt lgkmcnt(0)                                       // 0000000067CC: BF89FC07
	ds_swizzle_b32 v20, v16 offset:swizzle(SWAP,16)            // 0000000067D0: D8D4401F 14000010
	ds_swizzle_b32 v21, v17 offset:swizzle(SWAP,16)            // 0000000067D8: D8D4401F 15000011
	ds_swizzle_b32 v22, v18 offset:swizzle(SWAP,16)            // 0000000067E0: D8D4401F 16000012
	ds_swizzle_b32 v23, v19 offset:swizzle(SWAP,16)            // 0000000067E8: D8D4401F 17000013
	s_waitcnt lgkmcnt(0)                                       // 0000000067F0: BF89FC07
	v_wmma_f32_16x16x16_bf16 v[104:111], v[8:15], v[16:23], v[104:111]// 0000000067F4: CC414068 1DA22108
	v_lshlrev_b32_e32 v129, 10, v4                             // 0000000067FC: 3102088A
	v_lshl_add_u32 v129, v3, 1, v129                           // 000000006800: D6460081 06050303
	v_add_nc_u32_e32 v129, 0x3840, v129                        // 000000006808: 4B0302FF 00003840
	ds_load_u16 v16, v129                                      // 000000006810: D8F00000 10000081
	ds_load_u16_d16_hi v16, v129 offset:128                    // 000000006818: DA9C0080 10000081
	ds_load_u16 v17, v129 offset:256                           // 000000006820: D8F00100 11000081
	ds_load_u16_d16_hi v17, v129 offset:384                    // 000000006828: DA9C0180 11000081
	ds_load_u16 v18, v129 offset:512                           // 000000006830: D8F00200 12000081
	ds_load_u16_d16_hi v18, v129 offset:640                    // 000000006838: DA9C0280 12000081
	ds_load_u16 v19, v129 offset:768                           // 000000006840: D8F00300 13000081
	ds_load_u16_d16_hi v19, v129 offset:896                    // 000000006848: DA9C0380 13000081
	s_waitcnt lgkmcnt(0)                                       // 000000006850: BF89FC07
	ds_swizzle_b32 v20, v16 offset:swizzle(SWAP,16)            // 000000006854: D8D4401F 14000010
	ds_swizzle_b32 v21, v17 offset:swizzle(SWAP,16)            // 00000000685C: D8D4401F 15000011
	ds_swizzle_b32 v22, v18 offset:swizzle(SWAP,16)            // 000000006864: D8D4401F 16000012
	ds_swizzle_b32 v23, v19 offset:swizzle(SWAP,16)            // 00000000686C: D8D4401F 17000013
	s_waitcnt lgkmcnt(0)                                       // 000000006874: BF89FC07
	v_wmma_f32_16x16x16_bf16 v[112:119], v[8:15], v[16:23], v[112:119]// 000000006878: CC414070 1DC22108
	v_lshlrev_b32_e32 v129, 10, v4                             // 000000006880: 3102088A
	v_lshl_add_u32 v129, v3, 1, v129                           // 000000006884: D6460081 06050303
	v_add_nc_u32_e32 v129, 0x3860, v129                        // 00000000688C: 4B0302FF 00003860
	ds_load_u16 v16, v129                                      // 000000006894: D8F00000 10000081
	ds_load_u16_d16_hi v16, v129 offset:128                    // 00000000689C: DA9C0080 10000081
	ds_load_u16 v17, v129 offset:256                           // 0000000068A4: D8F00100 11000081
	ds_load_u16_d16_hi v17, v129 offset:384                    // 0000000068AC: DA9C0180 11000081
	ds_load_u16 v18, v129 offset:512                           // 0000000068B4: D8F00200 12000081
	ds_load_u16_d16_hi v18, v129 offset:640                    // 0000000068BC: DA9C0280 12000081
	ds_load_u16 v19, v129 offset:768                           // 0000000068C4: D8F00300 13000081
	ds_load_u16_d16_hi v19, v129 offset:896                    // 0000000068CC: DA9C0380 13000081
	s_waitcnt lgkmcnt(0)                                       // 0000000068D4: BF89FC07
	ds_swizzle_b32 v20, v16 offset:swizzle(SWAP,16)            // 0000000068D8: D8D4401F 14000010
	ds_swizzle_b32 v21, v17 offset:swizzle(SWAP,16)            // 0000000068E0: D8D4401F 15000011
	ds_swizzle_b32 v22, v18 offset:swizzle(SWAP,16)            // 0000000068E8: D8D4401F 16000012
	ds_swizzle_b32 v23, v19 offset:swizzle(SWAP,16)            // 0000000068F0: D8D4401F 17000013
	s_waitcnt lgkmcnt(0)                                       // 0000000068F8: BF89FC07
	v_wmma_f32_16x16x16_bf16 v[120:127], v[8:15], v[16:23], v[120:127]// 0000000068FC: CC414078 1DE22108
	v_lshrrev_b32_e32 v130, 16, v64                            // 000000006904: 33048090
	v_and_b32_e32 v130, 1, v130                                // 000000006908: 37050481
	v_add_nc_u32_e32 v131, 0x7fff, v64                         // 00000000690C: 4B0680FF 00007FFF
	v_add_nc_u32_e32 v131, v130, v131                          // 000000006914: 4B070782
	v_lshrrev_b32_e32 v131, 16, v131                           // 000000006918: 33070690
	v_add_nc_u32_e32 v132, 0, v6                               // 00000000691C: 4B080C80
	v_add_nc_u32_e32 v133, s27, v132                           // 000000006920: 4B0B081B
	v_lshlrev_b32_e32 v134, 13, v133                           // 000000006924: 310D0A8D
	v_add_nc_u32_e32 v134, s37, v134                           // 000000006928: 4B0D0C25
	v_lshl_add_u32 v134, v3, 1, v134                           // 00000000692C: D6460086 06190303
	v_add_nc_u32_e32 v134, 0, v134                             // 000000006934: 4B0D0C80
	global_store_b16 v134, v131, s[16:17]                      // 000000006938: DC660000 00108386
	v_lshrrev_b32_e32 v130, 16, v65                            // 000000006940: 33048290
	v_and_b32_e32 v130, 1, v130                                // 000000006944: 37050481
	v_add_nc_u32_e32 v131, 0x7fff, v65                         // 000000006948: 4B0682FF 00007FFF
	v_add_nc_u32_e32 v131, v130, v131                          // 000000006950: 4B070782
	v_lshrrev_b32_e32 v131, 16, v131                           // 000000006954: 33070690
	v_add_nc_u32_e32 v132, 2, v6                               // 000000006958: 4B080C82
	v_add_nc_u32_e32 v133, s27, v132                           // 00000000695C: 4B0B081B
	v_lshlrev_b32_e32 v134, 13, v133                           // 000000006960: 310D0A8D
	v_add_nc_u32_e32 v134, s37, v134                           // 000000006964: 4B0D0C25
	v_lshl_add_u32 v134, v3, 1, v134                           // 000000006968: D6460086 06190303
	v_add_nc_u32_e32 v134, 0, v134                             // 000000006970: 4B0D0C80
	global_store_b16 v134, v131, s[16:17]                      // 000000006974: DC660000 00108386
	v_lshrrev_b32_e32 v130, 16, v66                            // 00000000697C: 33048490
	v_and_b32_e32 v130, 1, v130                                // 000000006980: 37050481
	v_add_nc_u32_e32 v131, 0x7fff, v66                         // 000000006984: 4B0684FF 00007FFF
	v_add_nc_u32_e32 v131, v130, v131                          // 00000000698C: 4B070782
	v_lshrrev_b32_e32 v131, 16, v131                           // 000000006990: 33070690
	v_add_nc_u32_e32 v132, 4, v6                               // 000000006994: 4B080C84
	v_add_nc_u32_e32 v133, s27, v132                           // 000000006998: 4B0B081B
	v_lshlrev_b32_e32 v134, 13, v133                           // 00000000699C: 310D0A8D
	v_add_nc_u32_e32 v134, s37, v134                           // 0000000069A0: 4B0D0C25
	v_lshl_add_u32 v134, v3, 1, v134                           // 0000000069A4: D6460086 06190303
	v_add_nc_u32_e32 v134, 0, v134                             // 0000000069AC: 4B0D0C80
	global_store_b16 v134, v131, s[16:17]                      // 0000000069B0: DC660000 00108386
	v_lshrrev_b32_e32 v130, 16, v67                            // 0000000069B8: 33048690
	v_and_b32_e32 v130, 1, v130                                // 0000000069BC: 37050481
	v_add_nc_u32_e32 v131, 0x7fff, v67                         // 0000000069C0: 4B0686FF 00007FFF
	v_add_nc_u32_e32 v131, v130, v131                          // 0000000069C8: 4B070782
	v_lshrrev_b32_e32 v131, 16, v131                           // 0000000069CC: 33070690
	v_add_nc_u32_e32 v132, 6, v6                               // 0000000069D0: 4B080C86
	v_add_nc_u32_e32 v133, s27, v132                           // 0000000069D4: 4B0B081B
	v_lshlrev_b32_e32 v134, 13, v133                           // 0000000069D8: 310D0A8D
	v_add_nc_u32_e32 v134, s37, v134                           // 0000000069DC: 4B0D0C25
	v_lshl_add_u32 v134, v3, 1, v134                           // 0000000069E0: D6460086 06190303
	v_add_nc_u32_e32 v134, 0, v134                             // 0000000069E8: 4B0D0C80
	global_store_b16 v134, v131, s[16:17]                      // 0000000069EC: DC660000 00108386
	v_lshrrev_b32_e32 v130, 16, v68                            // 0000000069F4: 33048890
	v_and_b32_e32 v130, 1, v130                                // 0000000069F8: 37050481
	v_add_nc_u32_e32 v131, 0x7fff, v68                         // 0000000069FC: 4B0688FF 00007FFF
	v_add_nc_u32_e32 v131, v130, v131                          // 000000006A04: 4B070782
	v_lshrrev_b32_e32 v131, 16, v131                           // 000000006A08: 33070690
	v_add_nc_u32_e32 v132, 8, v6                               // 000000006A0C: 4B080C88
	v_add_nc_u32_e32 v133, s27, v132                           // 000000006A10: 4B0B081B
	v_lshlrev_b32_e32 v134, 13, v133                           // 000000006A14: 310D0A8D
	v_add_nc_u32_e32 v134, s37, v134                           // 000000006A18: 4B0D0C25
	v_lshl_add_u32 v134, v3, 1, v134                           // 000000006A1C: D6460086 06190303
	v_add_nc_u32_e32 v134, 0, v134                             // 000000006A24: 4B0D0C80
	global_store_b16 v134, v131, s[16:17]                      // 000000006A28: DC660000 00108386
	v_lshrrev_b32_e32 v130, 16, v69                            // 000000006A30: 33048A90
	v_and_b32_e32 v130, 1, v130                                // 000000006A34: 37050481
	v_add_nc_u32_e32 v131, 0x7fff, v69                         // 000000006A38: 4B068AFF 00007FFF
	v_add_nc_u32_e32 v131, v130, v131                          // 000000006A40: 4B070782
	v_lshrrev_b32_e32 v131, 16, v131                           // 000000006A44: 33070690
	v_add_nc_u32_e32 v132, 10, v6                              // 000000006A48: 4B080C8A
	v_add_nc_u32_e32 v133, s27, v132                           // 000000006A4C: 4B0B081B
	v_lshlrev_b32_e32 v134, 13, v133                           // 000000006A50: 310D0A8D
	v_add_nc_u32_e32 v134, s37, v134                           // 000000006A54: 4B0D0C25
	v_lshl_add_u32 v134, v3, 1, v134                           // 000000006A58: D6460086 06190303
	v_add_nc_u32_e32 v134, 0, v134                             // 000000006A60: 4B0D0C80
	global_store_b16 v134, v131, s[16:17]                      // 000000006A64: DC660000 00108386
	v_lshrrev_b32_e32 v130, 16, v70                            // 000000006A6C: 33048C90
	v_and_b32_e32 v130, 1, v130                                // 000000006A70: 37050481
	v_add_nc_u32_e32 v131, 0x7fff, v70                         // 000000006A74: 4B068CFF 00007FFF
	v_add_nc_u32_e32 v131, v130, v131                          // 000000006A7C: 4B070782
	v_lshrrev_b32_e32 v131, 16, v131                           // 000000006A80: 33070690
	v_add_nc_u32_e32 v132, 12, v6                              // 000000006A84: 4B080C8C
	v_add_nc_u32_e32 v133, s27, v132                           // 000000006A88: 4B0B081B
	v_lshlrev_b32_e32 v134, 13, v133                           // 000000006A8C: 310D0A8D
	v_add_nc_u32_e32 v134, s37, v134                           // 000000006A90: 4B0D0C25
	v_lshl_add_u32 v134, v3, 1, v134                           // 000000006A94: D6460086 06190303
	v_add_nc_u32_e32 v134, 0, v134                             // 000000006A9C: 4B0D0C80
	global_store_b16 v134, v131, s[16:17]                      // 000000006AA0: DC660000 00108386
	v_lshrrev_b32_e32 v130, 16, v71                            // 000000006AA8: 33048E90
	v_and_b32_e32 v130, 1, v130                                // 000000006AAC: 37050481
	v_add_nc_u32_e32 v131, 0x7fff, v71                         // 000000006AB0: 4B068EFF 00007FFF
	v_add_nc_u32_e32 v131, v130, v131                          // 000000006AB8: 4B070782
	v_lshrrev_b32_e32 v131, 16, v131                           // 000000006ABC: 33070690
	v_add_nc_u32_e32 v132, 14, v6                              // 000000006AC0: 4B080C8E
	v_add_nc_u32_e32 v133, s27, v132                           // 000000006AC4: 4B0B081B
	v_lshlrev_b32_e32 v134, 13, v133                           // 000000006AC8: 310D0A8D
	v_add_nc_u32_e32 v134, s37, v134                           // 000000006ACC: 4B0D0C25
	v_lshl_add_u32 v134, v3, 1, v134                           // 000000006AD0: D6460086 06190303
	v_add_nc_u32_e32 v134, 0, v134                             // 000000006AD8: 4B0D0C80
	global_store_b16 v134, v131, s[16:17]                      // 000000006ADC: DC660000 00108386
	v_lshrrev_b32_e32 v130, 16, v72                            // 000000006AE4: 33049090
	v_and_b32_e32 v130, 1, v130                                // 000000006AE8: 37050481
	v_add_nc_u32_e32 v131, 0x7fff, v72                         // 000000006AEC: 4B0690FF 00007FFF
	v_add_nc_u32_e32 v131, v130, v131                          // 000000006AF4: 4B070782
	v_lshrrev_b32_e32 v131, 16, v131                           // 000000006AF8: 33070690
	v_add_nc_u32_e32 v132, 0, v6                               // 000000006AFC: 4B080C80
	v_add_nc_u32_e32 v133, s27, v132                           // 000000006B00: 4B0B081B
	v_lshlrev_b32_e32 v134, 13, v133                           // 000000006B04: 310D0A8D
	v_add_nc_u32_e32 v134, s37, v134                           // 000000006B08: 4B0D0C25
	v_lshl_add_u32 v134, v3, 1, v134                           // 000000006B0C: D6460086 06190303
	v_add_nc_u32_e32 v134, 32, v134                            // 000000006B14: 4B0D0CA0
	global_store_b16 v134, v131, s[16:17]                      // 000000006B18: DC660000 00108386
	v_lshrrev_b32_e32 v130, 16, v73                            // 000000006B20: 33049290
	v_and_b32_e32 v130, 1, v130                                // 000000006B24: 37050481
	v_add_nc_u32_e32 v131, 0x7fff, v73                         // 000000006B28: 4B0692FF 00007FFF
	v_add_nc_u32_e32 v131, v130, v131                          // 000000006B30: 4B070782
	v_lshrrev_b32_e32 v131, 16, v131                           // 000000006B34: 33070690
	v_add_nc_u32_e32 v132, 2, v6                               // 000000006B38: 4B080C82
	v_add_nc_u32_e32 v133, s27, v132                           // 000000006B3C: 4B0B081B
	v_lshlrev_b32_e32 v134, 13, v133                           // 000000006B40: 310D0A8D
	v_add_nc_u32_e32 v134, s37, v134                           // 000000006B44: 4B0D0C25
	v_lshl_add_u32 v134, v3, 1, v134                           // 000000006B48: D6460086 06190303
	v_add_nc_u32_e32 v134, 32, v134                            // 000000006B50: 4B0D0CA0
	global_store_b16 v134, v131, s[16:17]                      // 000000006B54: DC660000 00108386
	v_lshrrev_b32_e32 v130, 16, v74                            // 000000006B5C: 33049490
	v_and_b32_e32 v130, 1, v130                                // 000000006B60: 37050481
	v_add_nc_u32_e32 v131, 0x7fff, v74                         // 000000006B64: 4B0694FF 00007FFF
	v_add_nc_u32_e32 v131, v130, v131                          // 000000006B6C: 4B070782
	v_lshrrev_b32_e32 v131, 16, v131                           // 000000006B70: 33070690
	v_add_nc_u32_e32 v132, 4, v6                               // 000000006B74: 4B080C84
	v_add_nc_u32_e32 v133, s27, v132                           // 000000006B78: 4B0B081B
	v_lshlrev_b32_e32 v134, 13, v133                           // 000000006B7C: 310D0A8D
	v_add_nc_u32_e32 v134, s37, v134                           // 000000006B80: 4B0D0C25
	v_lshl_add_u32 v134, v3, 1, v134                           // 000000006B84: D6460086 06190303
	v_add_nc_u32_e32 v134, 32, v134                            // 000000006B8C: 4B0D0CA0
	global_store_b16 v134, v131, s[16:17]                      // 000000006B90: DC660000 00108386
	v_lshrrev_b32_e32 v130, 16, v75                            // 000000006B98: 33049690
	v_and_b32_e32 v130, 1, v130                                // 000000006B9C: 37050481
	v_add_nc_u32_e32 v131, 0x7fff, v75                         // 000000006BA0: 4B0696FF 00007FFF
	v_add_nc_u32_e32 v131, v130, v131                          // 000000006BA8: 4B070782
	v_lshrrev_b32_e32 v131, 16, v131                           // 000000006BAC: 33070690
	v_add_nc_u32_e32 v132, 6, v6                               // 000000006BB0: 4B080C86
	v_add_nc_u32_e32 v133, s27, v132                           // 000000006BB4: 4B0B081B
	v_lshlrev_b32_e32 v134, 13, v133                           // 000000006BB8: 310D0A8D
	v_add_nc_u32_e32 v134, s37, v134                           // 000000006BBC: 4B0D0C25
	v_lshl_add_u32 v134, v3, 1, v134                           // 000000006BC0: D6460086 06190303
	v_add_nc_u32_e32 v134, 32, v134                            // 000000006BC8: 4B0D0CA0
	global_store_b16 v134, v131, s[16:17]                      // 000000006BCC: DC660000 00108386
	v_lshrrev_b32_e32 v130, 16, v76                            // 000000006BD4: 33049890
	v_and_b32_e32 v130, 1, v130                                // 000000006BD8: 37050481
	v_add_nc_u32_e32 v131, 0x7fff, v76                         // 000000006BDC: 4B0698FF 00007FFF
	v_add_nc_u32_e32 v131, v130, v131                          // 000000006BE4: 4B070782
	v_lshrrev_b32_e32 v131, 16, v131                           // 000000006BE8: 33070690
	v_add_nc_u32_e32 v132, 8, v6                               // 000000006BEC: 4B080C88
	v_add_nc_u32_e32 v133, s27, v132                           // 000000006BF0: 4B0B081B
	v_lshlrev_b32_e32 v134, 13, v133                           // 000000006BF4: 310D0A8D
	v_add_nc_u32_e32 v134, s37, v134                           // 000000006BF8: 4B0D0C25
	v_lshl_add_u32 v134, v3, 1, v134                           // 000000006BFC: D6460086 06190303
	v_add_nc_u32_e32 v134, 32, v134                            // 000000006C04: 4B0D0CA0
	global_store_b16 v134, v131, s[16:17]                      // 000000006C08: DC660000 00108386
	v_lshrrev_b32_e32 v130, 16, v77                            // 000000006C10: 33049A90
	v_and_b32_e32 v130, 1, v130                                // 000000006C14: 37050481
	v_add_nc_u32_e32 v131, 0x7fff, v77                         // 000000006C18: 4B069AFF 00007FFF
	v_add_nc_u32_e32 v131, v130, v131                          // 000000006C20: 4B070782
	v_lshrrev_b32_e32 v131, 16, v131                           // 000000006C24: 33070690
	v_add_nc_u32_e32 v132, 10, v6                              // 000000006C28: 4B080C8A
	v_add_nc_u32_e32 v133, s27, v132                           // 000000006C2C: 4B0B081B
	v_lshlrev_b32_e32 v134, 13, v133                           // 000000006C30: 310D0A8D
	v_add_nc_u32_e32 v134, s37, v134                           // 000000006C34: 4B0D0C25
	v_lshl_add_u32 v134, v3, 1, v134                           // 000000006C38: D6460086 06190303
	v_add_nc_u32_e32 v134, 32, v134                            // 000000006C40: 4B0D0CA0
	global_store_b16 v134, v131, s[16:17]                      // 000000006C44: DC660000 00108386
	v_lshrrev_b32_e32 v130, 16, v78                            // 000000006C4C: 33049C90
	v_and_b32_e32 v130, 1, v130                                // 000000006C50: 37050481
	v_add_nc_u32_e32 v131, 0x7fff, v78                         // 000000006C54: 4B069CFF 00007FFF
	v_add_nc_u32_e32 v131, v130, v131                          // 000000006C5C: 4B070782
	v_lshrrev_b32_e32 v131, 16, v131                           // 000000006C60: 33070690
	v_add_nc_u32_e32 v132, 12, v6                              // 000000006C64: 4B080C8C
	v_add_nc_u32_e32 v133, s27, v132                           // 000000006C68: 4B0B081B
	v_lshlrev_b32_e32 v134, 13, v133                           // 000000006C6C: 310D0A8D
	v_add_nc_u32_e32 v134, s37, v134                           // 000000006C70: 4B0D0C25
	v_lshl_add_u32 v134, v3, 1, v134                           // 000000006C74: D6460086 06190303
	v_add_nc_u32_e32 v134, 32, v134                            // 000000006C7C: 4B0D0CA0
	global_store_b16 v134, v131, s[16:17]                      // 000000006C80: DC660000 00108386
	v_lshrrev_b32_e32 v130, 16, v79                            // 000000006C88: 33049E90
	v_and_b32_e32 v130, 1, v130                                // 000000006C8C: 37050481
	v_add_nc_u32_e32 v131, 0x7fff, v79                         // 000000006C90: 4B069EFF 00007FFF
	v_add_nc_u32_e32 v131, v130, v131                          // 000000006C98: 4B070782
	v_lshrrev_b32_e32 v131, 16, v131                           // 000000006C9C: 33070690
	v_add_nc_u32_e32 v132, 14, v6                              // 000000006CA0: 4B080C8E
	v_add_nc_u32_e32 v133, s27, v132                           // 000000006CA4: 4B0B081B
	v_lshlrev_b32_e32 v134, 13, v133                           // 000000006CA8: 310D0A8D
	v_add_nc_u32_e32 v134, s37, v134                           // 000000006CAC: 4B0D0C25
	v_lshl_add_u32 v134, v3, 1, v134                           // 000000006CB0: D6460086 06190303
	v_add_nc_u32_e32 v134, 32, v134                            // 000000006CB8: 4B0D0CA0
	global_store_b16 v134, v131, s[16:17]                      // 000000006CBC: DC660000 00108386
	v_lshrrev_b32_e32 v130, 16, v80                            // 000000006CC4: 3304A090
	v_and_b32_e32 v130, 1, v130                                // 000000006CC8: 37050481
	v_add_nc_u32_e32 v131, 0x7fff, v80                         // 000000006CCC: 4B06A0FF 00007FFF
	v_add_nc_u32_e32 v131, v130, v131                          // 000000006CD4: 4B070782
	v_lshrrev_b32_e32 v131, 16, v131                           // 000000006CD8: 33070690
	v_add_nc_u32_e32 v132, 0, v6                               // 000000006CDC: 4B080C80
	v_add_nc_u32_e32 v133, s27, v132                           // 000000006CE0: 4B0B081B
	v_lshlrev_b32_e32 v134, 13, v133                           // 000000006CE4: 310D0A8D
	v_add_nc_u32_e32 v134, s37, v134                           // 000000006CE8: 4B0D0C25
	v_lshl_add_u32 v134, v3, 1, v134                           // 000000006CEC: D6460086 06190303
	v_add_nc_u32_e32 v134, 64, v134                            // 000000006CF4: 4B0D0CC0
	global_store_b16 v134, v131, s[16:17]                      // 000000006CF8: DC660000 00108386
	v_lshrrev_b32_e32 v130, 16, v81                            // 000000006D00: 3304A290
	v_and_b32_e32 v130, 1, v130                                // 000000006D04: 37050481
	v_add_nc_u32_e32 v131, 0x7fff, v81                         // 000000006D08: 4B06A2FF 00007FFF
	v_add_nc_u32_e32 v131, v130, v131                          // 000000006D10: 4B070782
	v_lshrrev_b32_e32 v131, 16, v131                           // 000000006D14: 33070690
	v_add_nc_u32_e32 v132, 2, v6                               // 000000006D18: 4B080C82
	v_add_nc_u32_e32 v133, s27, v132                           // 000000006D1C: 4B0B081B
	v_lshlrev_b32_e32 v134, 13, v133                           // 000000006D20: 310D0A8D
	v_add_nc_u32_e32 v134, s37, v134                           // 000000006D24: 4B0D0C25
	v_lshl_add_u32 v134, v3, 1, v134                           // 000000006D28: D6460086 06190303
	v_add_nc_u32_e32 v134, 64, v134                            // 000000006D30: 4B0D0CC0
	global_store_b16 v134, v131, s[16:17]                      // 000000006D34: DC660000 00108386
	v_lshrrev_b32_e32 v130, 16, v82                            // 000000006D3C: 3304A490
	v_and_b32_e32 v130, 1, v130                                // 000000006D40: 37050481
	v_add_nc_u32_e32 v131, 0x7fff, v82                         // 000000006D44: 4B06A4FF 00007FFF
	v_add_nc_u32_e32 v131, v130, v131                          // 000000006D4C: 4B070782
	v_lshrrev_b32_e32 v131, 16, v131                           // 000000006D50: 33070690
	v_add_nc_u32_e32 v132, 4, v6                               // 000000006D54: 4B080C84
	v_add_nc_u32_e32 v133, s27, v132                           // 000000006D58: 4B0B081B
	v_lshlrev_b32_e32 v134, 13, v133                           // 000000006D5C: 310D0A8D
	v_add_nc_u32_e32 v134, s37, v134                           // 000000006D60: 4B0D0C25
	v_lshl_add_u32 v134, v3, 1, v134                           // 000000006D64: D6460086 06190303
	v_add_nc_u32_e32 v134, 64, v134                            // 000000006D6C: 4B0D0CC0
	global_store_b16 v134, v131, s[16:17]                      // 000000006D70: DC660000 00108386
	v_lshrrev_b32_e32 v130, 16, v83                            // 000000006D78: 3304A690
	v_and_b32_e32 v130, 1, v130                                // 000000006D7C: 37050481
	v_add_nc_u32_e32 v131, 0x7fff, v83                         // 000000006D80: 4B06A6FF 00007FFF
	v_add_nc_u32_e32 v131, v130, v131                          // 000000006D88: 4B070782
	v_lshrrev_b32_e32 v131, 16, v131                           // 000000006D8C: 33070690
	v_add_nc_u32_e32 v132, 6, v6                               // 000000006D90: 4B080C86
	v_add_nc_u32_e32 v133, s27, v132                           // 000000006D94: 4B0B081B
	v_lshlrev_b32_e32 v134, 13, v133                           // 000000006D98: 310D0A8D
	v_add_nc_u32_e32 v134, s37, v134                           // 000000006D9C: 4B0D0C25
	v_lshl_add_u32 v134, v3, 1, v134                           // 000000006DA0: D6460086 06190303
	v_add_nc_u32_e32 v134, 64, v134                            // 000000006DA8: 4B0D0CC0
	global_store_b16 v134, v131, s[16:17]                      // 000000006DAC: DC660000 00108386
	v_lshrrev_b32_e32 v130, 16, v84                            // 000000006DB4: 3304A890
	v_and_b32_e32 v130, 1, v130                                // 000000006DB8: 37050481
	v_add_nc_u32_e32 v131, 0x7fff, v84                         // 000000006DBC: 4B06A8FF 00007FFF
	v_add_nc_u32_e32 v131, v130, v131                          // 000000006DC4: 4B070782
	v_lshrrev_b32_e32 v131, 16, v131                           // 000000006DC8: 33070690
	v_add_nc_u32_e32 v132, 8, v6                               // 000000006DCC: 4B080C88
	v_add_nc_u32_e32 v133, s27, v132                           // 000000006DD0: 4B0B081B
	v_lshlrev_b32_e32 v134, 13, v133                           // 000000006DD4: 310D0A8D
	v_add_nc_u32_e32 v134, s37, v134                           // 000000006DD8: 4B0D0C25
	v_lshl_add_u32 v134, v3, 1, v134                           // 000000006DDC: D6460086 06190303
	v_add_nc_u32_e32 v134, 64, v134                            // 000000006DE4: 4B0D0CC0
	global_store_b16 v134, v131, s[16:17]                      // 000000006DE8: DC660000 00108386
	v_lshrrev_b32_e32 v130, 16, v85                            // 000000006DF0: 3304AA90
	v_and_b32_e32 v130, 1, v130                                // 000000006DF4: 37050481
	v_add_nc_u32_e32 v131, 0x7fff, v85                         // 000000006DF8: 4B06AAFF 00007FFF
	v_add_nc_u32_e32 v131, v130, v131                          // 000000006E00: 4B070782
	v_lshrrev_b32_e32 v131, 16, v131                           // 000000006E04: 33070690
	v_add_nc_u32_e32 v132, 10, v6                              // 000000006E08: 4B080C8A
	v_add_nc_u32_e32 v133, s27, v132                           // 000000006E0C: 4B0B081B
	v_lshlrev_b32_e32 v134, 13, v133                           // 000000006E10: 310D0A8D
	v_add_nc_u32_e32 v134, s37, v134                           // 000000006E14: 4B0D0C25
	v_lshl_add_u32 v134, v3, 1, v134                           // 000000006E18: D6460086 06190303
	v_add_nc_u32_e32 v134, 64, v134                            // 000000006E20: 4B0D0CC0
	global_store_b16 v134, v131, s[16:17]                      // 000000006E24: DC660000 00108386
	v_lshrrev_b32_e32 v130, 16, v86                            // 000000006E2C: 3304AC90
	v_and_b32_e32 v130, 1, v130                                // 000000006E30: 37050481
	v_add_nc_u32_e32 v131, 0x7fff, v86                         // 000000006E34: 4B06ACFF 00007FFF
	v_add_nc_u32_e32 v131, v130, v131                          // 000000006E3C: 4B070782
	v_lshrrev_b32_e32 v131, 16, v131                           // 000000006E40: 33070690
	v_add_nc_u32_e32 v132, 12, v6                              // 000000006E44: 4B080C8C
	v_add_nc_u32_e32 v133, s27, v132                           // 000000006E48: 4B0B081B
	v_lshlrev_b32_e32 v134, 13, v133                           // 000000006E4C: 310D0A8D
	v_add_nc_u32_e32 v134, s37, v134                           // 000000006E50: 4B0D0C25
	v_lshl_add_u32 v134, v3, 1, v134                           // 000000006E54: D6460086 06190303
	v_add_nc_u32_e32 v134, 64, v134                            // 000000006E5C: 4B0D0CC0
	global_store_b16 v134, v131, s[16:17]                      // 000000006E60: DC660000 00108386
	v_lshrrev_b32_e32 v130, 16, v87                            // 000000006E68: 3304AE90
	v_and_b32_e32 v130, 1, v130                                // 000000006E6C: 37050481
	v_add_nc_u32_e32 v131, 0x7fff, v87                         // 000000006E70: 4B06AEFF 00007FFF
	v_add_nc_u32_e32 v131, v130, v131                          // 000000006E78: 4B070782
	v_lshrrev_b32_e32 v131, 16, v131                           // 000000006E7C: 33070690
	v_add_nc_u32_e32 v132, 14, v6                              // 000000006E80: 4B080C8E
	v_add_nc_u32_e32 v133, s27, v132                           // 000000006E84: 4B0B081B
	v_lshlrev_b32_e32 v134, 13, v133                           // 000000006E88: 310D0A8D
	v_add_nc_u32_e32 v134, s37, v134                           // 000000006E8C: 4B0D0C25
	v_lshl_add_u32 v134, v3, 1, v134                           // 000000006E90: D6460086 06190303
	v_add_nc_u32_e32 v134, 64, v134                            // 000000006E98: 4B0D0CC0
	global_store_b16 v134, v131, s[16:17]                      // 000000006E9C: DC660000 00108386
	v_lshrrev_b32_e32 v130, 16, v88                            // 000000006EA4: 3304B090
	v_and_b32_e32 v130, 1, v130                                // 000000006EA8: 37050481
	v_add_nc_u32_e32 v131, 0x7fff, v88                         // 000000006EAC: 4B06B0FF 00007FFF
	v_add_nc_u32_e32 v131, v130, v131                          // 000000006EB4: 4B070782
	v_lshrrev_b32_e32 v131, 16, v131                           // 000000006EB8: 33070690
	v_add_nc_u32_e32 v132, 0, v6                               // 000000006EBC: 4B080C80
	v_add_nc_u32_e32 v133, s27, v132                           // 000000006EC0: 4B0B081B
	v_lshlrev_b32_e32 v134, 13, v133                           // 000000006EC4: 310D0A8D
	v_add_nc_u32_e32 v134, s37, v134                           // 000000006EC8: 4B0D0C25
	v_lshl_add_u32 v134, v3, 1, v134                           // 000000006ECC: D6460086 06190303
	v_add_nc_u32_e32 v134, 0x60, v134                          // 000000006ED4: 4B0D0CFF 00000060
	global_store_b16 v134, v131, s[16:17]                      // 000000006EDC: DC660000 00108386
	v_lshrrev_b32_e32 v130, 16, v89                            // 000000006EE4: 3304B290
	v_and_b32_e32 v130, 1, v130                                // 000000006EE8: 37050481
	v_add_nc_u32_e32 v131, 0x7fff, v89                         // 000000006EEC: 4B06B2FF 00007FFF
	v_add_nc_u32_e32 v131, v130, v131                          // 000000006EF4: 4B070782
	v_lshrrev_b32_e32 v131, 16, v131                           // 000000006EF8: 33070690
	v_add_nc_u32_e32 v132, 2, v6                               // 000000006EFC: 4B080C82
	v_add_nc_u32_e32 v133, s27, v132                           // 000000006F00: 4B0B081B
	v_lshlrev_b32_e32 v134, 13, v133                           // 000000006F04: 310D0A8D
	v_add_nc_u32_e32 v134, s37, v134                           // 000000006F08: 4B0D0C25
	v_lshl_add_u32 v134, v3, 1, v134                           // 000000006F0C: D6460086 06190303
	v_add_nc_u32_e32 v134, 0x60, v134                          // 000000006F14: 4B0D0CFF 00000060
	global_store_b16 v134, v131, s[16:17]                      // 000000006F1C: DC660000 00108386
	v_lshrrev_b32_e32 v130, 16, v90                            // 000000006F24: 3304B490
	v_and_b32_e32 v130, 1, v130                                // 000000006F28: 37050481
	v_add_nc_u32_e32 v131, 0x7fff, v90                         // 000000006F2C: 4B06B4FF 00007FFF
	v_add_nc_u32_e32 v131, v130, v131                          // 000000006F34: 4B070782
	v_lshrrev_b32_e32 v131, 16, v131                           // 000000006F38: 33070690
	v_add_nc_u32_e32 v132, 4, v6                               // 000000006F3C: 4B080C84
	v_add_nc_u32_e32 v133, s27, v132                           // 000000006F40: 4B0B081B
	v_lshlrev_b32_e32 v134, 13, v133                           // 000000006F44: 310D0A8D
	v_add_nc_u32_e32 v134, s37, v134                           // 000000006F48: 4B0D0C25
	v_lshl_add_u32 v134, v3, 1, v134                           // 000000006F4C: D6460086 06190303
	v_add_nc_u32_e32 v134, 0x60, v134                          // 000000006F54: 4B0D0CFF 00000060
	global_store_b16 v134, v131, s[16:17]                      // 000000006F5C: DC660000 00108386
	v_lshrrev_b32_e32 v130, 16, v91                            // 000000006F64: 3304B690
	v_and_b32_e32 v130, 1, v130                                // 000000006F68: 37050481
	v_add_nc_u32_e32 v131, 0x7fff, v91                         // 000000006F6C: 4B06B6FF 00007FFF
	v_add_nc_u32_e32 v131, v130, v131                          // 000000006F74: 4B070782
	v_lshrrev_b32_e32 v131, 16, v131                           // 000000006F78: 33070690
	v_add_nc_u32_e32 v132, 6, v6                               // 000000006F7C: 4B080C86
	v_add_nc_u32_e32 v133, s27, v132                           // 000000006F80: 4B0B081B
	v_lshlrev_b32_e32 v134, 13, v133                           // 000000006F84: 310D0A8D
	v_add_nc_u32_e32 v134, s37, v134                           // 000000006F88: 4B0D0C25
	v_lshl_add_u32 v134, v3, 1, v134                           // 000000006F8C: D6460086 06190303
	v_add_nc_u32_e32 v134, 0x60, v134                          // 000000006F94: 4B0D0CFF 00000060
	global_store_b16 v134, v131, s[16:17]                      // 000000006F9C: DC660000 00108386
	v_lshrrev_b32_e32 v130, 16, v92                            // 000000006FA4: 3304B890
	v_and_b32_e32 v130, 1, v130                                // 000000006FA8: 37050481
	v_add_nc_u32_e32 v131, 0x7fff, v92                         // 000000006FAC: 4B06B8FF 00007FFF
	v_add_nc_u32_e32 v131, v130, v131                          // 000000006FB4: 4B070782
	v_lshrrev_b32_e32 v131, 16, v131                           // 000000006FB8: 33070690
	v_add_nc_u32_e32 v132, 8, v6                               // 000000006FBC: 4B080C88
	v_add_nc_u32_e32 v133, s27, v132                           // 000000006FC0: 4B0B081B
	v_lshlrev_b32_e32 v134, 13, v133                           // 000000006FC4: 310D0A8D
	v_add_nc_u32_e32 v134, s37, v134                           // 000000006FC8: 4B0D0C25
	v_lshl_add_u32 v134, v3, 1, v134                           // 000000006FCC: D6460086 06190303
	v_add_nc_u32_e32 v134, 0x60, v134                          // 000000006FD4: 4B0D0CFF 00000060
	global_store_b16 v134, v131, s[16:17]                      // 000000006FDC: DC660000 00108386
	v_lshrrev_b32_e32 v130, 16, v93                            // 000000006FE4: 3304BA90
	v_and_b32_e32 v130, 1, v130                                // 000000006FE8: 37050481
	v_add_nc_u32_e32 v131, 0x7fff, v93                         // 000000006FEC: 4B06BAFF 00007FFF
	v_add_nc_u32_e32 v131, v130, v131                          // 000000006FF4: 4B070782
	v_lshrrev_b32_e32 v131, 16, v131                           // 000000006FF8: 33070690
	v_add_nc_u32_e32 v132, 10, v6                              // 000000006FFC: 4B080C8A
	v_add_nc_u32_e32 v133, s27, v132                           // 000000007000: 4B0B081B
	v_lshlrev_b32_e32 v134, 13, v133                           // 000000007004: 310D0A8D
	v_add_nc_u32_e32 v134, s37, v134                           // 000000007008: 4B0D0C25
	v_lshl_add_u32 v134, v3, 1, v134                           // 00000000700C: D6460086 06190303
	v_add_nc_u32_e32 v134, 0x60, v134                          // 000000007014: 4B0D0CFF 00000060
	global_store_b16 v134, v131, s[16:17]                      // 00000000701C: DC660000 00108386
	v_lshrrev_b32_e32 v130, 16, v94                            // 000000007024: 3304BC90
	v_and_b32_e32 v130, 1, v130                                // 000000007028: 37050481
	v_add_nc_u32_e32 v131, 0x7fff, v94                         // 00000000702C: 4B06BCFF 00007FFF
	v_add_nc_u32_e32 v131, v130, v131                          // 000000007034: 4B070782
	v_lshrrev_b32_e32 v131, 16, v131                           // 000000007038: 33070690
	v_add_nc_u32_e32 v132, 12, v6                              // 00000000703C: 4B080C8C
	v_add_nc_u32_e32 v133, s27, v132                           // 000000007040: 4B0B081B
	v_lshlrev_b32_e32 v134, 13, v133                           // 000000007044: 310D0A8D
	v_add_nc_u32_e32 v134, s37, v134                           // 000000007048: 4B0D0C25
	v_lshl_add_u32 v134, v3, 1, v134                           // 00000000704C: D6460086 06190303
	v_add_nc_u32_e32 v134, 0x60, v134                          // 000000007054: 4B0D0CFF 00000060
	global_store_b16 v134, v131, s[16:17]                      // 00000000705C: DC660000 00108386
	v_lshrrev_b32_e32 v130, 16, v95                            // 000000007064: 3304BE90
	v_and_b32_e32 v130, 1, v130                                // 000000007068: 37050481
	v_add_nc_u32_e32 v131, 0x7fff, v95                         // 00000000706C: 4B06BEFF 00007FFF
	v_add_nc_u32_e32 v131, v130, v131                          // 000000007074: 4B070782
	v_lshrrev_b32_e32 v131, 16, v131                           // 000000007078: 33070690
	v_add_nc_u32_e32 v132, 14, v6                              // 00000000707C: 4B080C8E
	v_add_nc_u32_e32 v133, s27, v132                           // 000000007080: 4B0B081B
	v_lshlrev_b32_e32 v134, 13, v133                           // 000000007084: 310D0A8D
	v_add_nc_u32_e32 v134, s37, v134                           // 000000007088: 4B0D0C25
	v_lshl_add_u32 v134, v3, 1, v134                           // 00000000708C: D6460086 06190303
	v_add_nc_u32_e32 v134, 0x60, v134                          // 000000007094: 4B0D0CFF 00000060
	global_store_b16 v134, v131, s[16:17]                      // 00000000709C: DC660000 00108386
	v_lshrrev_b32_e32 v130, 16, v96                            // 0000000070A4: 3304C090
	v_and_b32_e32 v130, 1, v130                                // 0000000070A8: 37050481
	v_add_nc_u32_e32 v131, 0x7fff, v96                         // 0000000070AC: 4B06C0FF 00007FFF
	v_add_nc_u32_e32 v131, v130, v131                          // 0000000070B4: 4B070782
	v_lshrrev_b32_e32 v131, 16, v131                           // 0000000070B8: 33070690
	v_add_nc_u32_e32 v132, 32, v6                              // 0000000070BC: 4B080CA0
	v_add_nc_u32_e32 v133, s27, v132                           // 0000000070C0: 4B0B081B
	v_lshlrev_b32_e32 v134, 13, v133                           // 0000000070C4: 310D0A8D
	v_add_nc_u32_e32 v134, s37, v134                           // 0000000070C8: 4B0D0C25
	v_lshl_add_u32 v134, v3, 1, v134                           // 0000000070CC: D6460086 06190303
	v_add_nc_u32_e32 v134, 0, v134                             // 0000000070D4: 4B0D0C80
	global_store_b16 v134, v131, s[16:17]                      // 0000000070D8: DC660000 00108386
	v_lshrrev_b32_e32 v130, 16, v97                            // 0000000070E0: 3304C290
	v_and_b32_e32 v130, 1, v130                                // 0000000070E4: 37050481
	v_add_nc_u32_e32 v131, 0x7fff, v97                         // 0000000070E8: 4B06C2FF 00007FFF
	v_add_nc_u32_e32 v131, v130, v131                          // 0000000070F0: 4B070782
	v_lshrrev_b32_e32 v131, 16, v131                           // 0000000070F4: 33070690
	v_add_nc_u32_e32 v132, 34, v6                              // 0000000070F8: 4B080CA2
	v_add_nc_u32_e32 v133, s27, v132                           // 0000000070FC: 4B0B081B
	v_lshlrev_b32_e32 v134, 13, v133                           // 000000007100: 310D0A8D
	v_add_nc_u32_e32 v134, s37, v134                           // 000000007104: 4B0D0C25
	v_lshl_add_u32 v134, v3, 1, v134                           // 000000007108: D6460086 06190303
	v_add_nc_u32_e32 v134, 0, v134                             // 000000007110: 4B0D0C80
	global_store_b16 v134, v131, s[16:17]                      // 000000007114: DC660000 00108386
	v_lshrrev_b32_e32 v130, 16, v98                            // 00000000711C: 3304C490
	v_and_b32_e32 v130, 1, v130                                // 000000007120: 37050481
	v_add_nc_u32_e32 v131, 0x7fff, v98                         // 000000007124: 4B06C4FF 00007FFF
	v_add_nc_u32_e32 v131, v130, v131                          // 00000000712C: 4B070782
	v_lshrrev_b32_e32 v131, 16, v131                           // 000000007130: 33070690
	v_add_nc_u32_e32 v132, 36, v6                              // 000000007134: 4B080CA4
	v_add_nc_u32_e32 v133, s27, v132                           // 000000007138: 4B0B081B
	v_lshlrev_b32_e32 v134, 13, v133                           // 00000000713C: 310D0A8D
	v_add_nc_u32_e32 v134, s37, v134                           // 000000007140: 4B0D0C25
	v_lshl_add_u32 v134, v3, 1, v134                           // 000000007144: D6460086 06190303
	v_add_nc_u32_e32 v134, 0, v134                             // 00000000714C: 4B0D0C80
	global_store_b16 v134, v131, s[16:17]                      // 000000007150: DC660000 00108386
	v_lshrrev_b32_e32 v130, 16, v99                            // 000000007158: 3304C690
	v_and_b32_e32 v130, 1, v130                                // 00000000715C: 37050481
	v_add_nc_u32_e32 v131, 0x7fff, v99                         // 000000007160: 4B06C6FF 00007FFF
	v_add_nc_u32_e32 v131, v130, v131                          // 000000007168: 4B070782
	v_lshrrev_b32_e32 v131, 16, v131                           // 00000000716C: 33070690
	v_add_nc_u32_e32 v132, 38, v6                              // 000000007170: 4B080CA6
	v_add_nc_u32_e32 v133, s27, v132                           // 000000007174: 4B0B081B
	v_lshlrev_b32_e32 v134, 13, v133                           // 000000007178: 310D0A8D
	v_add_nc_u32_e32 v134, s37, v134                           // 00000000717C: 4B0D0C25
	v_lshl_add_u32 v134, v3, 1, v134                           // 000000007180: D6460086 06190303
	v_add_nc_u32_e32 v134, 0, v134                             // 000000007188: 4B0D0C80
	global_store_b16 v134, v131, s[16:17]                      // 00000000718C: DC660000 00108386
	v_lshrrev_b32_e32 v130, 16, v100                           // 000000007194: 3304C890
	v_and_b32_e32 v130, 1, v130                                // 000000007198: 37050481
	v_add_nc_u32_e32 v131, 0x7fff, v100                        // 00000000719C: 4B06C8FF 00007FFF
	v_add_nc_u32_e32 v131, v130, v131                          // 0000000071A4: 4B070782
	v_lshrrev_b32_e32 v131, 16, v131                           // 0000000071A8: 33070690
	v_add_nc_u32_e32 v132, 40, v6                              // 0000000071AC: 4B080CA8
	v_add_nc_u32_e32 v133, s27, v132                           // 0000000071B0: 4B0B081B
	v_lshlrev_b32_e32 v134, 13, v133                           // 0000000071B4: 310D0A8D
	v_add_nc_u32_e32 v134, s37, v134                           // 0000000071B8: 4B0D0C25
	v_lshl_add_u32 v134, v3, 1, v134                           // 0000000071BC: D6460086 06190303
	v_add_nc_u32_e32 v134, 0, v134                             // 0000000071C4: 4B0D0C80
	global_store_b16 v134, v131, s[16:17]                      // 0000000071C8: DC660000 00108386
	v_lshrrev_b32_e32 v130, 16, v101                           // 0000000071D0: 3304CA90
	v_and_b32_e32 v130, 1, v130                                // 0000000071D4: 37050481
	v_add_nc_u32_e32 v131, 0x7fff, v101                        // 0000000071D8: 4B06CAFF 00007FFF
	v_add_nc_u32_e32 v131, v130, v131                          // 0000000071E0: 4B070782
	v_lshrrev_b32_e32 v131, 16, v131                           // 0000000071E4: 33070690
	v_add_nc_u32_e32 v132, 42, v6                              // 0000000071E8: 4B080CAA
	v_add_nc_u32_e32 v133, s27, v132                           // 0000000071EC: 4B0B081B
	v_lshlrev_b32_e32 v134, 13, v133                           // 0000000071F0: 310D0A8D
	v_add_nc_u32_e32 v134, s37, v134                           // 0000000071F4: 4B0D0C25
	v_lshl_add_u32 v134, v3, 1, v134                           // 0000000071F8: D6460086 06190303
	v_add_nc_u32_e32 v134, 0, v134                             // 000000007200: 4B0D0C80
	global_store_b16 v134, v131, s[16:17]                      // 000000007204: DC660000 00108386
	v_lshrrev_b32_e32 v130, 16, v102                           // 00000000720C: 3304CC90
	v_and_b32_e32 v130, 1, v130                                // 000000007210: 37050481
	v_add_nc_u32_e32 v131, 0x7fff, v102                        // 000000007214: 4B06CCFF 00007FFF
	v_add_nc_u32_e32 v131, v130, v131                          // 00000000721C: 4B070782
	v_lshrrev_b32_e32 v131, 16, v131                           // 000000007220: 33070690
	v_add_nc_u32_e32 v132, 44, v6                              // 000000007224: 4B080CAC
	v_add_nc_u32_e32 v133, s27, v132                           // 000000007228: 4B0B081B
	v_lshlrev_b32_e32 v134, 13, v133                           // 00000000722C: 310D0A8D
	v_add_nc_u32_e32 v134, s37, v134                           // 000000007230: 4B0D0C25
	v_lshl_add_u32 v134, v3, 1, v134                           // 000000007234: D6460086 06190303
	v_add_nc_u32_e32 v134, 0, v134                             // 00000000723C: 4B0D0C80
	global_store_b16 v134, v131, s[16:17]                      // 000000007240: DC660000 00108386
	v_lshrrev_b32_e32 v130, 16, v103                           // 000000007248: 3304CE90
	v_and_b32_e32 v130, 1, v130                                // 00000000724C: 37050481
	v_add_nc_u32_e32 v131, 0x7fff, v103                        // 000000007250: 4B06CEFF 00007FFF
	v_add_nc_u32_e32 v131, v130, v131                          // 000000007258: 4B070782
	v_lshrrev_b32_e32 v131, 16, v131                           // 00000000725C: 33070690
	v_add_nc_u32_e32 v132, 46, v6                              // 000000007260: 4B080CAE
	v_add_nc_u32_e32 v133, s27, v132                           // 000000007264: 4B0B081B
	v_lshlrev_b32_e32 v134, 13, v133                           // 000000007268: 310D0A8D
	v_add_nc_u32_e32 v134, s37, v134                           // 00000000726C: 4B0D0C25
	v_lshl_add_u32 v134, v3, 1, v134                           // 000000007270: D6460086 06190303
	v_add_nc_u32_e32 v134, 0, v134                             // 000000007278: 4B0D0C80
	global_store_b16 v134, v131, s[16:17]                      // 00000000727C: DC660000 00108386
	v_lshrrev_b32_e32 v130, 16, v104                           // 000000007284: 3304D090
	v_and_b32_e32 v130, 1, v130                                // 000000007288: 37050481
	v_add_nc_u32_e32 v131, 0x7fff, v104                        // 00000000728C: 4B06D0FF 00007FFF
	v_add_nc_u32_e32 v131, v130, v131                          // 000000007294: 4B070782
	v_lshrrev_b32_e32 v131, 16, v131                           // 000000007298: 33070690
	v_add_nc_u32_e32 v132, 32, v6                              // 00000000729C: 4B080CA0
	v_add_nc_u32_e32 v133, s27, v132                           // 0000000072A0: 4B0B081B
	v_lshlrev_b32_e32 v134, 13, v133                           // 0000000072A4: 310D0A8D
	v_add_nc_u32_e32 v134, s37, v134                           // 0000000072A8: 4B0D0C25
	v_lshl_add_u32 v134, v3, 1, v134                           // 0000000072AC: D6460086 06190303
	v_add_nc_u32_e32 v134, 32, v134                            // 0000000072B4: 4B0D0CA0
	global_store_b16 v134, v131, s[16:17]                      // 0000000072B8: DC660000 00108386
	v_lshrrev_b32_e32 v130, 16, v105                           // 0000000072C0: 3304D290
	v_and_b32_e32 v130, 1, v130                                // 0000000072C4: 37050481
	v_add_nc_u32_e32 v131, 0x7fff, v105                        // 0000000072C8: 4B06D2FF 00007FFF
	v_add_nc_u32_e32 v131, v130, v131                          // 0000000072D0: 4B070782
	v_lshrrev_b32_e32 v131, 16, v131                           // 0000000072D4: 33070690
	v_add_nc_u32_e32 v132, 34, v6                              // 0000000072D8: 4B080CA2
	v_add_nc_u32_e32 v133, s27, v132                           // 0000000072DC: 4B0B081B
	v_lshlrev_b32_e32 v134, 13, v133                           // 0000000072E0: 310D0A8D
	v_add_nc_u32_e32 v134, s37, v134                           // 0000000072E4: 4B0D0C25
	v_lshl_add_u32 v134, v3, 1, v134                           // 0000000072E8: D6460086 06190303
	v_add_nc_u32_e32 v134, 32, v134                            // 0000000072F0: 4B0D0CA0
	global_store_b16 v134, v131, s[16:17]                      // 0000000072F4: DC660000 00108386
	v_lshrrev_b32_e32 v130, 16, v106                           // 0000000072FC: 3304D490
	v_and_b32_e32 v130, 1, v130                                // 000000007300: 37050481
	v_add_nc_u32_e32 v131, 0x7fff, v106                        // 000000007304: 4B06D4FF 00007FFF
	v_add_nc_u32_e32 v131, v130, v131                          // 00000000730C: 4B070782
	v_lshrrev_b32_e32 v131, 16, v131                           // 000000007310: 33070690
	v_add_nc_u32_e32 v132, 36, v6                              // 000000007314: 4B080CA4
	v_add_nc_u32_e32 v133, s27, v132                           // 000000007318: 4B0B081B
	v_lshlrev_b32_e32 v134, 13, v133                           // 00000000731C: 310D0A8D
	v_add_nc_u32_e32 v134, s37, v134                           // 000000007320: 4B0D0C25
	v_lshl_add_u32 v134, v3, 1, v134                           // 000000007324: D6460086 06190303
	v_add_nc_u32_e32 v134, 32, v134                            // 00000000732C: 4B0D0CA0
	global_store_b16 v134, v131, s[16:17]                      // 000000007330: DC660000 00108386
	v_lshrrev_b32_e32 v130, 16, v107                           // 000000007338: 3304D690
	v_and_b32_e32 v130, 1, v130                                // 00000000733C: 37050481
	v_add_nc_u32_e32 v131, 0x7fff, v107                        // 000000007340: 4B06D6FF 00007FFF
	v_add_nc_u32_e32 v131, v130, v131                          // 000000007348: 4B070782
	v_lshrrev_b32_e32 v131, 16, v131                           // 00000000734C: 33070690
	v_add_nc_u32_e32 v132, 38, v6                              // 000000007350: 4B080CA6
	v_add_nc_u32_e32 v133, s27, v132                           // 000000007354: 4B0B081B
	v_lshlrev_b32_e32 v134, 13, v133                           // 000000007358: 310D0A8D
	v_add_nc_u32_e32 v134, s37, v134                           // 00000000735C: 4B0D0C25
	v_lshl_add_u32 v134, v3, 1, v134                           // 000000007360: D6460086 06190303
	v_add_nc_u32_e32 v134, 32, v134                            // 000000007368: 4B0D0CA0
	global_store_b16 v134, v131, s[16:17]                      // 00000000736C: DC660000 00108386
	v_lshrrev_b32_e32 v130, 16, v108                           // 000000007374: 3304D890
	v_and_b32_e32 v130, 1, v130                                // 000000007378: 37050481
	v_add_nc_u32_e32 v131, 0x7fff, v108                        // 00000000737C: 4B06D8FF 00007FFF
	v_add_nc_u32_e32 v131, v130, v131                          // 000000007384: 4B070782
	v_lshrrev_b32_e32 v131, 16, v131                           // 000000007388: 33070690
	v_add_nc_u32_e32 v132, 40, v6                              // 00000000738C: 4B080CA8
	v_add_nc_u32_e32 v133, s27, v132                           // 000000007390: 4B0B081B
	v_lshlrev_b32_e32 v134, 13, v133                           // 000000007394: 310D0A8D
	v_add_nc_u32_e32 v134, s37, v134                           // 000000007398: 4B0D0C25
	v_lshl_add_u32 v134, v3, 1, v134                           // 00000000739C: D6460086 06190303
	v_add_nc_u32_e32 v134, 32, v134                            // 0000000073A4: 4B0D0CA0
	global_store_b16 v134, v131, s[16:17]                      // 0000000073A8: DC660000 00108386
	v_lshrrev_b32_e32 v130, 16, v109                           // 0000000073B0: 3304DA90
	v_and_b32_e32 v130, 1, v130                                // 0000000073B4: 37050481
	v_add_nc_u32_e32 v131, 0x7fff, v109                        // 0000000073B8: 4B06DAFF 00007FFF
	v_add_nc_u32_e32 v131, v130, v131                          // 0000000073C0: 4B070782
	v_lshrrev_b32_e32 v131, 16, v131                           // 0000000073C4: 33070690
	v_add_nc_u32_e32 v132, 42, v6                              // 0000000073C8: 4B080CAA
	v_add_nc_u32_e32 v133, s27, v132                           // 0000000073CC: 4B0B081B
	v_lshlrev_b32_e32 v134, 13, v133                           // 0000000073D0: 310D0A8D
	v_add_nc_u32_e32 v134, s37, v134                           // 0000000073D4: 4B0D0C25
	v_lshl_add_u32 v134, v3, 1, v134                           // 0000000073D8: D6460086 06190303
	v_add_nc_u32_e32 v134, 32, v134                            // 0000000073E0: 4B0D0CA0
	global_store_b16 v134, v131, s[16:17]                      // 0000000073E4: DC660000 00108386
	v_lshrrev_b32_e32 v130, 16, v110                           // 0000000073EC: 3304DC90
	v_and_b32_e32 v130, 1, v130                                // 0000000073F0: 37050481
	v_add_nc_u32_e32 v131, 0x7fff, v110                        // 0000000073F4: 4B06DCFF 00007FFF
	v_add_nc_u32_e32 v131, v130, v131                          // 0000000073FC: 4B070782
	v_lshrrev_b32_e32 v131, 16, v131                           // 000000007400: 33070690
	v_add_nc_u32_e32 v132, 44, v6                              // 000000007404: 4B080CAC
	v_add_nc_u32_e32 v133, s27, v132                           // 000000007408: 4B0B081B
	v_lshlrev_b32_e32 v134, 13, v133                           // 00000000740C: 310D0A8D
	v_add_nc_u32_e32 v134, s37, v134                           // 000000007410: 4B0D0C25
	v_lshl_add_u32 v134, v3, 1, v134                           // 000000007414: D6460086 06190303
	v_add_nc_u32_e32 v134, 32, v134                            // 00000000741C: 4B0D0CA0
	global_store_b16 v134, v131, s[16:17]                      // 000000007420: DC660000 00108386
	v_lshrrev_b32_e32 v130, 16, v111                           // 000000007428: 3304DE90
	v_and_b32_e32 v130, 1, v130                                // 00000000742C: 37050481
	v_add_nc_u32_e32 v131, 0x7fff, v111                        // 000000007430: 4B06DEFF 00007FFF
	v_add_nc_u32_e32 v131, v130, v131                          // 000000007438: 4B070782
	v_lshrrev_b32_e32 v131, 16, v131                           // 00000000743C: 33070690
	v_add_nc_u32_e32 v132, 46, v6                              // 000000007440: 4B080CAE
	v_add_nc_u32_e32 v133, s27, v132                           // 000000007444: 4B0B081B
	v_lshlrev_b32_e32 v134, 13, v133                           // 000000007448: 310D0A8D
	v_add_nc_u32_e32 v134, s37, v134                           // 00000000744C: 4B0D0C25
	v_lshl_add_u32 v134, v3, 1, v134                           // 000000007450: D6460086 06190303
	v_add_nc_u32_e32 v134, 32, v134                            // 000000007458: 4B0D0CA0
	global_store_b16 v134, v131, s[16:17]                      // 00000000745C: DC660000 00108386
	v_lshrrev_b32_e32 v130, 16, v112                           // 000000007464: 3304E090
	v_and_b32_e32 v130, 1, v130                                // 000000007468: 37050481
	v_add_nc_u32_e32 v131, 0x7fff, v112                        // 00000000746C: 4B06E0FF 00007FFF
	v_add_nc_u32_e32 v131, v130, v131                          // 000000007474: 4B070782
	v_lshrrev_b32_e32 v131, 16, v131                           // 000000007478: 33070690
	v_add_nc_u32_e32 v132, 32, v6                              // 00000000747C: 4B080CA0
	v_add_nc_u32_e32 v133, s27, v132                           // 000000007480: 4B0B081B
	v_lshlrev_b32_e32 v134, 13, v133                           // 000000007484: 310D0A8D
	v_add_nc_u32_e32 v134, s37, v134                           // 000000007488: 4B0D0C25
	v_lshl_add_u32 v134, v3, 1, v134                           // 00000000748C: D6460086 06190303
	v_add_nc_u32_e32 v134, 64, v134                            // 000000007494: 4B0D0CC0
	global_store_b16 v134, v131, s[16:17]                      // 000000007498: DC660000 00108386
	v_lshrrev_b32_e32 v130, 16, v113                           // 0000000074A0: 3304E290
	v_and_b32_e32 v130, 1, v130                                // 0000000074A4: 37050481
	v_add_nc_u32_e32 v131, 0x7fff, v113                        // 0000000074A8: 4B06E2FF 00007FFF
	v_add_nc_u32_e32 v131, v130, v131                          // 0000000074B0: 4B070782
	v_lshrrev_b32_e32 v131, 16, v131                           // 0000000074B4: 33070690
	v_add_nc_u32_e32 v132, 34, v6                              // 0000000074B8: 4B080CA2
	v_add_nc_u32_e32 v133, s27, v132                           // 0000000074BC: 4B0B081B
	v_lshlrev_b32_e32 v134, 13, v133                           // 0000000074C0: 310D0A8D
	v_add_nc_u32_e32 v134, s37, v134                           // 0000000074C4: 4B0D0C25
	v_lshl_add_u32 v134, v3, 1, v134                           // 0000000074C8: D6460086 06190303
	v_add_nc_u32_e32 v134, 64, v134                            // 0000000074D0: 4B0D0CC0
	global_store_b16 v134, v131, s[16:17]                      // 0000000074D4: DC660000 00108386
	v_lshrrev_b32_e32 v130, 16, v114                           // 0000000074DC: 3304E490
	v_and_b32_e32 v130, 1, v130                                // 0000000074E0: 37050481
	v_add_nc_u32_e32 v131, 0x7fff, v114                        // 0000000074E4: 4B06E4FF 00007FFF
	v_add_nc_u32_e32 v131, v130, v131                          // 0000000074EC: 4B070782
	v_lshrrev_b32_e32 v131, 16, v131                           // 0000000074F0: 33070690
	v_add_nc_u32_e32 v132, 36, v6                              // 0000000074F4: 4B080CA4
	v_add_nc_u32_e32 v133, s27, v132                           // 0000000074F8: 4B0B081B
	v_lshlrev_b32_e32 v134, 13, v133                           // 0000000074FC: 310D0A8D
	v_add_nc_u32_e32 v134, s37, v134                           // 000000007500: 4B0D0C25
	v_lshl_add_u32 v134, v3, 1, v134                           // 000000007504: D6460086 06190303
	v_add_nc_u32_e32 v134, 64, v134                            // 00000000750C: 4B0D0CC0
	global_store_b16 v134, v131, s[16:17]                      // 000000007510: DC660000 00108386
	v_lshrrev_b32_e32 v130, 16, v115                           // 000000007518: 3304E690
	v_and_b32_e32 v130, 1, v130                                // 00000000751C: 37050481
	v_add_nc_u32_e32 v131, 0x7fff, v115                        // 000000007520: 4B06E6FF 00007FFF
	v_add_nc_u32_e32 v131, v130, v131                          // 000000007528: 4B070782
	v_lshrrev_b32_e32 v131, 16, v131                           // 00000000752C: 33070690
	v_add_nc_u32_e32 v132, 38, v6                              // 000000007530: 4B080CA6
	v_add_nc_u32_e32 v133, s27, v132                           // 000000007534: 4B0B081B
	v_lshlrev_b32_e32 v134, 13, v133                           // 000000007538: 310D0A8D
	v_add_nc_u32_e32 v134, s37, v134                           // 00000000753C: 4B0D0C25
	v_lshl_add_u32 v134, v3, 1, v134                           // 000000007540: D6460086 06190303
	v_add_nc_u32_e32 v134, 64, v134                            // 000000007548: 4B0D0CC0
	global_store_b16 v134, v131, s[16:17]                      // 00000000754C: DC660000 00108386
	v_lshrrev_b32_e32 v130, 16, v116                           // 000000007554: 3304E890
	v_and_b32_e32 v130, 1, v130                                // 000000007558: 37050481
	v_add_nc_u32_e32 v131, 0x7fff, v116                        // 00000000755C: 4B06E8FF 00007FFF
	v_add_nc_u32_e32 v131, v130, v131                          // 000000007564: 4B070782
	v_lshrrev_b32_e32 v131, 16, v131                           // 000000007568: 33070690
	v_add_nc_u32_e32 v132, 40, v6                              // 00000000756C: 4B080CA8
	v_add_nc_u32_e32 v133, s27, v132                           // 000000007570: 4B0B081B
	v_lshlrev_b32_e32 v134, 13, v133                           // 000000007574: 310D0A8D
	v_add_nc_u32_e32 v134, s37, v134                           // 000000007578: 4B0D0C25
	v_lshl_add_u32 v134, v3, 1, v134                           // 00000000757C: D6460086 06190303
	v_add_nc_u32_e32 v134, 64, v134                            // 000000007584: 4B0D0CC0
	global_store_b16 v134, v131, s[16:17]                      // 000000007588: DC660000 00108386
	v_lshrrev_b32_e32 v130, 16, v117                           // 000000007590: 3304EA90
	v_and_b32_e32 v130, 1, v130                                // 000000007594: 37050481
	v_add_nc_u32_e32 v131, 0x7fff, v117                        // 000000007598: 4B06EAFF 00007FFF
	v_add_nc_u32_e32 v131, v130, v131                          // 0000000075A0: 4B070782
	v_lshrrev_b32_e32 v131, 16, v131                           // 0000000075A4: 33070690
	v_add_nc_u32_e32 v132, 42, v6                              // 0000000075A8: 4B080CAA
	v_add_nc_u32_e32 v133, s27, v132                           // 0000000075AC: 4B0B081B
	v_lshlrev_b32_e32 v134, 13, v133                           // 0000000075B0: 310D0A8D
	v_add_nc_u32_e32 v134, s37, v134                           // 0000000075B4: 4B0D0C25
	v_lshl_add_u32 v134, v3, 1, v134                           // 0000000075B8: D6460086 06190303
	v_add_nc_u32_e32 v134, 64, v134                            // 0000000075C0: 4B0D0CC0
	global_store_b16 v134, v131, s[16:17]                      // 0000000075C4: DC660000 00108386
	v_lshrrev_b32_e32 v130, 16, v118                           // 0000000075CC: 3304EC90
	v_and_b32_e32 v130, 1, v130                                // 0000000075D0: 37050481
	v_add_nc_u32_e32 v131, 0x7fff, v118                        // 0000000075D4: 4B06ECFF 00007FFF
	v_add_nc_u32_e32 v131, v130, v131                          // 0000000075DC: 4B070782
	v_lshrrev_b32_e32 v131, 16, v131                           // 0000000075E0: 33070690
	v_add_nc_u32_e32 v132, 44, v6                              // 0000000075E4: 4B080CAC
	v_add_nc_u32_e32 v133, s27, v132                           // 0000000075E8: 4B0B081B
	v_lshlrev_b32_e32 v134, 13, v133                           // 0000000075EC: 310D0A8D
	v_add_nc_u32_e32 v134, s37, v134                           // 0000000075F0: 4B0D0C25
	v_lshl_add_u32 v134, v3, 1, v134                           // 0000000075F4: D6460086 06190303
	v_add_nc_u32_e32 v134, 64, v134                            // 0000000075FC: 4B0D0CC0
	global_store_b16 v134, v131, s[16:17]                      // 000000007600: DC660000 00108386
	v_lshrrev_b32_e32 v130, 16, v119                           // 000000007608: 3304EE90
	v_and_b32_e32 v130, 1, v130                                // 00000000760C: 37050481
	v_add_nc_u32_e32 v131, 0x7fff, v119                        // 000000007610: 4B06EEFF 00007FFF
	v_add_nc_u32_e32 v131, v130, v131                          // 000000007618: 4B070782
	v_lshrrev_b32_e32 v131, 16, v131                           // 00000000761C: 33070690
	v_add_nc_u32_e32 v132, 46, v6                              // 000000007620: 4B080CAE
	v_add_nc_u32_e32 v133, s27, v132                           // 000000007624: 4B0B081B
	v_lshlrev_b32_e32 v134, 13, v133                           // 000000007628: 310D0A8D
	v_add_nc_u32_e32 v134, s37, v134                           // 00000000762C: 4B0D0C25
	v_lshl_add_u32 v134, v3, 1, v134                           // 000000007630: D6460086 06190303
	v_add_nc_u32_e32 v134, 64, v134                            // 000000007638: 4B0D0CC0
	global_store_b16 v134, v131, s[16:17]                      // 00000000763C: DC660000 00108386
	v_lshrrev_b32_e32 v130, 16, v120                           // 000000007644: 3304F090
	v_and_b32_e32 v130, 1, v130                                // 000000007648: 37050481
	v_add_nc_u32_e32 v131, 0x7fff, v120                        // 00000000764C: 4B06F0FF 00007FFF
	v_add_nc_u32_e32 v131, v130, v131                          // 000000007654: 4B070782
	v_lshrrev_b32_e32 v131, 16, v131                           // 000000007658: 33070690
	v_add_nc_u32_e32 v132, 32, v6                              // 00000000765C: 4B080CA0
	v_add_nc_u32_e32 v133, s27, v132                           // 000000007660: 4B0B081B
	v_lshlrev_b32_e32 v134, 13, v133                           // 000000007664: 310D0A8D
	v_add_nc_u32_e32 v134, s37, v134                           // 000000007668: 4B0D0C25
	v_lshl_add_u32 v134, v3, 1, v134                           // 00000000766C: D6460086 06190303
	v_add_nc_u32_e32 v134, 0x60, v134                          // 000000007674: 4B0D0CFF 00000060
	global_store_b16 v134, v131, s[16:17]                      // 00000000767C: DC660000 00108386
	v_lshrrev_b32_e32 v130, 16, v121                           // 000000007684: 3304F290
	v_and_b32_e32 v130, 1, v130                                // 000000007688: 37050481
	v_add_nc_u32_e32 v131, 0x7fff, v121                        // 00000000768C: 4B06F2FF 00007FFF
	v_add_nc_u32_e32 v131, v130, v131                          // 000000007694: 4B070782
	v_lshrrev_b32_e32 v131, 16, v131                           // 000000007698: 33070690
	v_add_nc_u32_e32 v132, 34, v6                              // 00000000769C: 4B080CA2
	v_add_nc_u32_e32 v133, s27, v132                           // 0000000076A0: 4B0B081B
	v_lshlrev_b32_e32 v134, 13, v133                           // 0000000076A4: 310D0A8D
	v_add_nc_u32_e32 v134, s37, v134                           // 0000000076A8: 4B0D0C25
	v_lshl_add_u32 v134, v3, 1, v134                           // 0000000076AC: D6460086 06190303
	v_add_nc_u32_e32 v134, 0x60, v134                          // 0000000076B4: 4B0D0CFF 00000060
	global_store_b16 v134, v131, s[16:17]                      // 0000000076BC: DC660000 00108386
	v_lshrrev_b32_e32 v130, 16, v122                           // 0000000076C4: 3304F490
	v_and_b32_e32 v130, 1, v130                                // 0000000076C8: 37050481
	v_add_nc_u32_e32 v131, 0x7fff, v122                        // 0000000076CC: 4B06F4FF 00007FFF
	v_add_nc_u32_e32 v131, v130, v131                          // 0000000076D4: 4B070782
	v_lshrrev_b32_e32 v131, 16, v131                           // 0000000076D8: 33070690
	v_add_nc_u32_e32 v132, 36, v6                              // 0000000076DC: 4B080CA4
	v_add_nc_u32_e32 v133, s27, v132                           // 0000000076E0: 4B0B081B
	v_lshlrev_b32_e32 v134, 13, v133                           // 0000000076E4: 310D0A8D
	v_add_nc_u32_e32 v134, s37, v134                           // 0000000076E8: 4B0D0C25
	v_lshl_add_u32 v134, v3, 1, v134                           // 0000000076EC: D6460086 06190303
	v_add_nc_u32_e32 v134, 0x60, v134                          // 0000000076F4: 4B0D0CFF 00000060
	global_store_b16 v134, v131, s[16:17]                      // 0000000076FC: DC660000 00108386
	v_lshrrev_b32_e32 v130, 16, v123                           // 000000007704: 3304F690
	v_and_b32_e32 v130, 1, v130                                // 000000007708: 37050481
	v_add_nc_u32_e32 v131, 0x7fff, v123                        // 00000000770C: 4B06F6FF 00007FFF
	v_add_nc_u32_e32 v131, v130, v131                          // 000000007714: 4B070782
	v_lshrrev_b32_e32 v131, 16, v131                           // 000000007718: 33070690
	v_add_nc_u32_e32 v132, 38, v6                              // 00000000771C: 4B080CA6
	v_add_nc_u32_e32 v133, s27, v132                           // 000000007720: 4B0B081B
	v_lshlrev_b32_e32 v134, 13, v133                           // 000000007724: 310D0A8D
	v_add_nc_u32_e32 v134, s37, v134                           // 000000007728: 4B0D0C25
	v_lshl_add_u32 v134, v3, 1, v134                           // 00000000772C: D6460086 06190303
	v_add_nc_u32_e32 v134, 0x60, v134                          // 000000007734: 4B0D0CFF 00000060
	global_store_b16 v134, v131, s[16:17]                      // 00000000773C: DC660000 00108386
	v_lshrrev_b32_e32 v130, 16, v124                           // 000000007744: 3304F890
	v_and_b32_e32 v130, 1, v130                                // 000000007748: 37050481
	v_add_nc_u32_e32 v131, 0x7fff, v124                        // 00000000774C: 4B06F8FF 00007FFF
	v_add_nc_u32_e32 v131, v130, v131                          // 000000007754: 4B070782
	v_lshrrev_b32_e32 v131, 16, v131                           // 000000007758: 33070690
	v_add_nc_u32_e32 v132, 40, v6                              // 00000000775C: 4B080CA8
	v_add_nc_u32_e32 v133, s27, v132                           // 000000007760: 4B0B081B
	v_lshlrev_b32_e32 v134, 13, v133                           // 000000007764: 310D0A8D
	v_add_nc_u32_e32 v134, s37, v134                           // 000000007768: 4B0D0C25
	v_lshl_add_u32 v134, v3, 1, v134                           // 00000000776C: D6460086 06190303
	v_add_nc_u32_e32 v134, 0x60, v134                          // 000000007774: 4B0D0CFF 00000060
	global_store_b16 v134, v131, s[16:17]                      // 00000000777C: DC660000 00108386
	v_lshrrev_b32_e32 v130, 16, v125                           // 000000007784: 3304FA90
	v_and_b32_e32 v130, 1, v130                                // 000000007788: 37050481
	v_add_nc_u32_e32 v131, 0x7fff, v125                        // 00000000778C: 4B06FAFF 00007FFF
	v_add_nc_u32_e32 v131, v130, v131                          // 000000007794: 4B070782
	v_lshrrev_b32_e32 v131, 16, v131                           // 000000007798: 33070690
	v_add_nc_u32_e32 v132, 42, v6                              // 00000000779C: 4B080CAA
	v_add_nc_u32_e32 v133, s27, v132                           // 0000000077A0: 4B0B081B
	v_lshlrev_b32_e32 v134, 13, v133                           // 0000000077A4: 310D0A8D
	v_add_nc_u32_e32 v134, s37, v134                           // 0000000077A8: 4B0D0C25
	v_lshl_add_u32 v134, v3, 1, v134                           // 0000000077AC: D6460086 06190303
	v_add_nc_u32_e32 v134, 0x60, v134                          // 0000000077B4: 4B0D0CFF 00000060
	global_store_b16 v134, v131, s[16:17]                      // 0000000077BC: DC660000 00108386
	v_lshrrev_b32_e32 v130, 16, v126                           // 0000000077C4: 3304FC90
	v_and_b32_e32 v130, 1, v130                                // 0000000077C8: 37050481
	v_add_nc_u32_e32 v131, 0x7fff, v126                        // 0000000077CC: 4B06FCFF 00007FFF
	v_add_nc_u32_e32 v131, v130, v131                          // 0000000077D4: 4B070782
	v_lshrrev_b32_e32 v131, 16, v131                           // 0000000077D8: 33070690
	v_add_nc_u32_e32 v132, 44, v6                              // 0000000077DC: 4B080CAC
	v_add_nc_u32_e32 v133, s27, v132                           // 0000000077E0: 4B0B081B
	v_lshlrev_b32_e32 v134, 13, v133                           // 0000000077E4: 310D0A8D
	v_add_nc_u32_e32 v134, s37, v134                           // 0000000077E8: 4B0D0C25
	v_lshl_add_u32 v134, v3, 1, v134                           // 0000000077EC: D6460086 06190303
	v_add_nc_u32_e32 v134, 0x60, v134                          // 0000000077F4: 4B0D0CFF 00000060
	global_store_b16 v134, v131, s[16:17]                      // 0000000077FC: DC660000 00108386
	v_lshrrev_b32_e32 v130, 16, v127                           // 000000007804: 3304FE90
	v_and_b32_e32 v130, 1, v130                                // 000000007808: 37050481
	v_add_nc_u32_e32 v131, 0x7fff, v127                        // 00000000780C: 4B06FEFF 00007FFF
	v_add_nc_u32_e32 v131, v130, v131                          // 000000007814: 4B070782
	v_lshrrev_b32_e32 v131, 16, v131                           // 000000007818: 33070690
	v_add_nc_u32_e32 v132, 46, v6                              // 00000000781C: 4B080CAE
	v_add_nc_u32_e32 v133, s27, v132                           // 000000007820: 4B0B081B
	v_lshlrev_b32_e32 v134, 13, v133                           // 000000007824: 310D0A8D
	v_add_nc_u32_e32 v134, s37, v134                           // 000000007828: 4B0D0C25
	v_lshl_add_u32 v134, v3, 1, v134                           // 00000000782C: D6460086 06190303
	v_add_nc_u32_e32 v134, 0x60, v134                          // 000000007834: 4B0D0CFF 00000060
	global_store_b16 v134, v131, s[16:17]                      // 00000000783C: DC660000 00108386
	s_barrier                                                  // 000000007844: BFBD0000
	v_and_b32_e32 v96, 7, v0                                   // 000000007848: 36C00087
	v_lshrrev_b32_e32 v97, 3, v0                               // 00000000784C: 32C20083
	s_lshr_b32 s35, s3, 1                                      // 000000007850: 85238103
	s_lshl_b32 s35, s35, 8                                     // 000000007854: 84238823
	s_add_u32 s35, s35, 0                                      // 000000007858: 80238023
	s_lshl_b32 s37, s3, 8                                      // 00000000785C: 84258803
	s_add_u32 s37, s37, 0                                      // 000000007860: 80258025
	v_add_nc_u32_e32 v100, 0, v97                              // 000000007864: 4AC8C280
	v_add_nc_u32_e32 v101, s27, v100                           // 000000007868: 4ACAC81B
	v_lshlrev_b32_e32 v102, 12, v101                           // 00000000786C: 30CCCA8C
	v_add_nc_u32_e32 v102, s35, v102                           // 000000007870: 4ACCCC23
	v_lshl_add_u32 v102, v96, 4, v102                          // 000000007874: D6460066 05990960
	global_load_b128 v[108:111], v102, s[8:9]                  // 00000000787C: DC5E0000 6C080066
	v_lshlrev_b32_e32 v104, 7, v101                            // 000000007884: 30D0CA87
	v_lshl_add_u32 v104, s3, 2, v104                           // 000000007888: D6460068 05A10403
	global_load_b32 v112, v104, s[12:13]                       // 000000007890: DC520000 700C0068
	global_load_b32 v113, v104, s[20:21]                       // 000000007898: DC520000 71140068
	s_waitcnt vmcnt(0)                                         // 0000000078A0: BF8903F7
	v_mul_f32_e32 v113, 0x3fb8aa3b, v113                       // 0000000078A4: 10E2E2FF 3FB8AA3B
	v_exp_f32_e32 v113, v113                                   // 0000000078AC: 7EE24B71
	v_lshlrev_b32_e32 v114, 16, v108                           // 0000000078B0: 30E4D890
	v_and_b32_e32 v115, 0xffff0000, v108                       // 0000000078B4: 36E6D8FF FFFF0000
	v_mul_f32_e32 v114, v112, v114                             // 0000000078BC: 10E4E570
	v_mul_f32_e32 v115, v112, v115                             // 0000000078C0: 10E6E770
	v_mul_f32_e32 v114, v113, v114                             // 0000000078C4: 10E4E571
	v_mul_f32_e32 v115, v113, v115                             // 0000000078C8: 10E6E771
	v_lshrrev_b32_e32 v116, 16, v114                           // 0000000078CC: 32E8E490
	v_and_b32_e32 v116, 1, v116                                // 0000000078D0: 36E8E881
	v_add_nc_u32_e32 v114, 0x7fff, v114                        // 0000000078D4: 4AE4E4FF 00007FFF
	v_add_nc_u32_e32 v114, v116, v114                          // 0000000078DC: 4AE4E574
	v_lshrrev_b32_e32 v114, 16, v114                           // 0000000078E0: 32E4E490
	v_lshrrev_b32_e32 v116, 16, v115                           // 0000000078E4: 32E8E690
	v_and_b32_e32 v116, 1, v116                                // 0000000078E8: 36E8E881
	v_add_nc_u32_e32 v115, 0x7fff, v115                        // 0000000078EC: 4AE6E6FF 00007FFF
	v_add_nc_u32_e32 v115, v116, v115                          // 0000000078F4: 4AE6E774
	v_and_b32_e32 v115, 0xffff0000, v115                       // 0000000078F8: 36E6E6FF FFFF0000
	v_or_b32_e32 v108, v114, v115                              // 000000007900: 38D8E772
	v_lshlrev_b32_e32 v114, 16, v109                           // 000000007904: 30E4DA90
	v_and_b32_e32 v115, 0xffff0000, v109                       // 000000007908: 36E6DAFF FFFF0000
	v_mul_f32_e32 v114, v112, v114                             // 000000007910: 10E4E570
	v_mul_f32_e32 v115, v112, v115                             // 000000007914: 10E6E770
	v_mul_f32_e32 v114, v113, v114                             // 000000007918: 10E4E571
	v_mul_f32_e32 v115, v113, v115                             // 00000000791C: 10E6E771
	v_lshrrev_b32_e32 v116, 16, v114                           // 000000007920: 32E8E490
	v_and_b32_e32 v116, 1, v116                                // 000000007924: 36E8E881
	v_add_nc_u32_e32 v114, 0x7fff, v114                        // 000000007928: 4AE4E4FF 00007FFF
	v_add_nc_u32_e32 v114, v116, v114                          // 000000007930: 4AE4E574
	v_lshrrev_b32_e32 v114, 16, v114                           // 000000007934: 32E4E490
	v_lshrrev_b32_e32 v116, 16, v115                           // 000000007938: 32E8E690
	v_and_b32_e32 v116, 1, v116                                // 00000000793C: 36E8E881
	v_add_nc_u32_e32 v115, 0x7fff, v115                        // 000000007940: 4AE6E6FF 00007FFF
	v_add_nc_u32_e32 v115, v116, v115                          // 000000007948: 4AE6E774
	v_and_b32_e32 v115, 0xffff0000, v115                       // 00000000794C: 36E6E6FF FFFF0000
	v_or_b32_e32 v109, v114, v115                              // 000000007954: 38DAE772
	v_lshlrev_b32_e32 v114, 16, v110                           // 000000007958: 30E4DC90
	v_and_b32_e32 v115, 0xffff0000, v110                       // 00000000795C: 36E6DCFF FFFF0000
	v_mul_f32_e32 v114, v112, v114                             // 000000007964: 10E4E570
	v_mul_f32_e32 v115, v112, v115                             // 000000007968: 10E6E770
	v_mul_f32_e32 v114, v113, v114                             // 00000000796C: 10E4E571
	v_mul_f32_e32 v115, v113, v115                             // 000000007970: 10E6E771
	v_lshrrev_b32_e32 v116, 16, v114                           // 000000007974: 32E8E490
	v_and_b32_e32 v116, 1, v116                                // 000000007978: 36E8E881
	v_add_nc_u32_e32 v114, 0x7fff, v114                        // 00000000797C: 4AE4E4FF 00007FFF
	v_add_nc_u32_e32 v114, v116, v114                          // 000000007984: 4AE4E574
	v_lshrrev_b32_e32 v114, 16, v114                           // 000000007988: 32E4E490
	v_lshrrev_b32_e32 v116, 16, v115                           // 00000000798C: 32E8E690
	v_and_b32_e32 v116, 1, v116                                // 000000007990: 36E8E881
	v_add_nc_u32_e32 v115, 0x7fff, v115                        // 000000007994: 4AE6E6FF 00007FFF
	v_add_nc_u32_e32 v115, v116, v115                          // 00000000799C: 4AE6E774
	v_and_b32_e32 v115, 0xffff0000, v115                       // 0000000079A0: 36E6E6FF FFFF0000
	v_or_b32_e32 v110, v114, v115                              // 0000000079A8: 38DCE772
	v_lshlrev_b32_e32 v114, 16, v111                           // 0000000079AC: 30E4DE90
	v_and_b32_e32 v115, 0xffff0000, v111                       // 0000000079B0: 36E6DEFF FFFF0000
	v_mul_f32_e32 v114, v112, v114                             // 0000000079B8: 10E4E570
	v_mul_f32_e32 v115, v112, v115                             // 0000000079BC: 10E6E770
	v_mul_f32_e32 v114, v113, v114                             // 0000000079C0: 10E4E571
	v_mul_f32_e32 v115, v113, v115                             // 0000000079C4: 10E6E771
	v_lshrrev_b32_e32 v116, 16, v114                           // 0000000079C8: 32E8E490
	v_and_b32_e32 v116, 1, v116                                // 0000000079CC: 36E8E881
	v_add_nc_u32_e32 v114, 0x7fff, v114                        // 0000000079D0: 4AE4E4FF 00007FFF
	v_add_nc_u32_e32 v114, v116, v114                          // 0000000079D8: 4AE4E574
	v_lshrrev_b32_e32 v114, 16, v114                           // 0000000079DC: 32E4E490
	v_lshrrev_b32_e32 v116, 16, v115                           // 0000000079E0: 32E8E690
	v_and_b32_e32 v116, 1, v116                                // 0000000079E4: 36E8E881
	v_add_nc_u32_e32 v115, 0x7fff, v115                        // 0000000079E8: 4AE6E6FF 00007FFF
	v_add_nc_u32_e32 v115, v116, v115                          // 0000000079F0: 4AE6E774
	v_and_b32_e32 v115, 0xffff0000, v115                       // 0000000079F4: 36E6E6FF FFFF0000
	v_or_b32_e32 v111, v114, v115                              // 0000000079FC: 38DEE772
	v_lshlrev_b32_e32 v103, 7, v100                            // 000000007A00: 30CEC887
	v_lshl_add_u32 v103, v96, 4, v103                          // 000000007A04: D6460067 059D0960
	v_add_nc_u32_e32 v103, 0x2000, v103                        // 000000007A0C: 4ACECEFF 00002000
	ds_store_b128 v103, v[108:111]                             // 000000007A14: DB7C0000 00006C67
	v_add_nc_u32_e32 v100, 8, v97                              // 000000007A1C: 4AC8C288
	v_add_nc_u32_e32 v101, s27, v100                           // 000000007A20: 4ACAC81B
	v_lshlrev_b32_e32 v102, 12, v101                           // 000000007A24: 30CCCA8C
	v_add_nc_u32_e32 v102, s35, v102                           // 000000007A28: 4ACCCC23
	v_lshl_add_u32 v102, v96, 4, v102                          // 000000007A2C: D6460066 05990960
	global_load_b128 v[108:111], v102, s[8:9]                  // 000000007A34: DC5E0000 6C080066
	v_lshlrev_b32_e32 v104, 7, v101                            // 000000007A3C: 30D0CA87
	v_lshl_add_u32 v104, s3, 2, v104                           // 000000007A40: D6460068 05A10403
	global_load_b32 v112, v104, s[12:13]                       // 000000007A48: DC520000 700C0068
	global_load_b32 v113, v104, s[20:21]                       // 000000007A50: DC520000 71140068
	s_waitcnt vmcnt(0)                                         // 000000007A58: BF8903F7
	v_mul_f32_e32 v113, 0x3fb8aa3b, v113                       // 000000007A5C: 10E2E2FF 3FB8AA3B
	v_exp_f32_e32 v113, v113                                   // 000000007A64: 7EE24B71
	v_lshlrev_b32_e32 v114, 16, v108                           // 000000007A68: 30E4D890
	v_and_b32_e32 v115, 0xffff0000, v108                       // 000000007A6C: 36E6D8FF FFFF0000
	v_mul_f32_e32 v114, v112, v114                             // 000000007A74: 10E4E570
	v_mul_f32_e32 v115, v112, v115                             // 000000007A78: 10E6E770
	v_mul_f32_e32 v114, v113, v114                             // 000000007A7C: 10E4E571
	v_mul_f32_e32 v115, v113, v115                             // 000000007A80: 10E6E771
	v_lshrrev_b32_e32 v116, 16, v114                           // 000000007A84: 32E8E490
	v_and_b32_e32 v116, 1, v116                                // 000000007A88: 36E8E881
	v_add_nc_u32_e32 v114, 0x7fff, v114                        // 000000007A8C: 4AE4E4FF 00007FFF
	v_add_nc_u32_e32 v114, v116, v114                          // 000000007A94: 4AE4E574
	v_lshrrev_b32_e32 v114, 16, v114                           // 000000007A98: 32E4E490
	v_lshrrev_b32_e32 v116, 16, v115                           // 000000007A9C: 32E8E690
	v_and_b32_e32 v116, 1, v116                                // 000000007AA0: 36E8E881
	v_add_nc_u32_e32 v115, 0x7fff, v115                        // 000000007AA4: 4AE6E6FF 00007FFF
	v_add_nc_u32_e32 v115, v116, v115                          // 000000007AAC: 4AE6E774
	v_and_b32_e32 v115, 0xffff0000, v115                       // 000000007AB0: 36E6E6FF FFFF0000
	v_or_b32_e32 v108, v114, v115                              // 000000007AB8: 38D8E772
	v_lshlrev_b32_e32 v114, 16, v109                           // 000000007ABC: 30E4DA90
	v_and_b32_e32 v115, 0xffff0000, v109                       // 000000007AC0: 36E6DAFF FFFF0000
	v_mul_f32_e32 v114, v112, v114                             // 000000007AC8: 10E4E570
	v_mul_f32_e32 v115, v112, v115                             // 000000007ACC: 10E6E770
	v_mul_f32_e32 v114, v113, v114                             // 000000007AD0: 10E4E571
	v_mul_f32_e32 v115, v113, v115                             // 000000007AD4: 10E6E771
	v_lshrrev_b32_e32 v116, 16, v114                           // 000000007AD8: 32E8E490
	v_and_b32_e32 v116, 1, v116                                // 000000007ADC: 36E8E881
	v_add_nc_u32_e32 v114, 0x7fff, v114                        // 000000007AE0: 4AE4E4FF 00007FFF
	v_add_nc_u32_e32 v114, v116, v114                          // 000000007AE8: 4AE4E574
	v_lshrrev_b32_e32 v114, 16, v114                           // 000000007AEC: 32E4E490
	v_lshrrev_b32_e32 v116, 16, v115                           // 000000007AF0: 32E8E690
	v_and_b32_e32 v116, 1, v116                                // 000000007AF4: 36E8E881
	v_add_nc_u32_e32 v115, 0x7fff, v115                        // 000000007AF8: 4AE6E6FF 00007FFF
	v_add_nc_u32_e32 v115, v116, v115                          // 000000007B00: 4AE6E774
	v_and_b32_e32 v115, 0xffff0000, v115                       // 000000007B04: 36E6E6FF FFFF0000
	v_or_b32_e32 v109, v114, v115                              // 000000007B0C: 38DAE772
	v_lshlrev_b32_e32 v114, 16, v110                           // 000000007B10: 30E4DC90
	v_and_b32_e32 v115, 0xffff0000, v110                       // 000000007B14: 36E6DCFF FFFF0000
	v_mul_f32_e32 v114, v112, v114                             // 000000007B1C: 10E4E570
	v_mul_f32_e32 v115, v112, v115                             // 000000007B20: 10E6E770
	v_mul_f32_e32 v114, v113, v114                             // 000000007B24: 10E4E571
	v_mul_f32_e32 v115, v113, v115                             // 000000007B28: 10E6E771
	v_lshrrev_b32_e32 v116, 16, v114                           // 000000007B2C: 32E8E490
	v_and_b32_e32 v116, 1, v116                                // 000000007B30: 36E8E881
	v_add_nc_u32_e32 v114, 0x7fff, v114                        // 000000007B34: 4AE4E4FF 00007FFF
	v_add_nc_u32_e32 v114, v116, v114                          // 000000007B3C: 4AE4E574
	v_lshrrev_b32_e32 v114, 16, v114                           // 000000007B40: 32E4E490
	v_lshrrev_b32_e32 v116, 16, v115                           // 000000007B44: 32E8E690
	v_and_b32_e32 v116, 1, v116                                // 000000007B48: 36E8E881
	v_add_nc_u32_e32 v115, 0x7fff, v115                        // 000000007B4C: 4AE6E6FF 00007FFF
	v_add_nc_u32_e32 v115, v116, v115                          // 000000007B54: 4AE6E774
	v_and_b32_e32 v115, 0xffff0000, v115                       // 000000007B58: 36E6E6FF FFFF0000
	v_or_b32_e32 v110, v114, v115                              // 000000007B60: 38DCE772
	v_lshlrev_b32_e32 v114, 16, v111                           // 000000007B64: 30E4DE90
	v_and_b32_e32 v115, 0xffff0000, v111                       // 000000007B68: 36E6DEFF FFFF0000
	v_mul_f32_e32 v114, v112, v114                             // 000000007B70: 10E4E570
	v_mul_f32_e32 v115, v112, v115                             // 000000007B74: 10E6E770
	v_mul_f32_e32 v114, v113, v114                             // 000000007B78: 10E4E571
	v_mul_f32_e32 v115, v113, v115                             // 000000007B7C: 10E6E771
	v_lshrrev_b32_e32 v116, 16, v114                           // 000000007B80: 32E8E490
	v_and_b32_e32 v116, 1, v116                                // 000000007B84: 36E8E881
	v_add_nc_u32_e32 v114, 0x7fff, v114                        // 000000007B88: 4AE4E4FF 00007FFF
	v_add_nc_u32_e32 v114, v116, v114                          // 000000007B90: 4AE4E574
	v_lshrrev_b32_e32 v114, 16, v114                           // 000000007B94: 32E4E490
	v_lshrrev_b32_e32 v116, 16, v115                           // 000000007B98: 32E8E690
	v_and_b32_e32 v116, 1, v116                                // 000000007B9C: 36E8E881
	v_add_nc_u32_e32 v115, 0x7fff, v115                        // 000000007BA0: 4AE6E6FF 00007FFF
	v_add_nc_u32_e32 v115, v116, v115                          // 000000007BA8: 4AE6E774
	v_and_b32_e32 v115, 0xffff0000, v115                       // 000000007BAC: 36E6E6FF FFFF0000
	v_or_b32_e32 v111, v114, v115                              // 000000007BB4: 38DEE772
	v_lshlrev_b32_e32 v103, 7, v100                            // 000000007BB8: 30CEC887
	v_lshl_add_u32 v103, v96, 4, v103                          // 000000007BBC: D6460067 059D0960
	v_add_nc_u32_e32 v103, 0x2000, v103                        // 000000007BC4: 4ACECEFF 00002000
	ds_store_b128 v103, v[108:111]                             // 000000007BCC: DB7C0000 00006C67
	v_add_nc_u32_e32 v100, 16, v97                             // 000000007BD4: 4AC8C290
	v_add_nc_u32_e32 v101, s27, v100                           // 000000007BD8: 4ACAC81B
	v_lshlrev_b32_e32 v102, 12, v101                           // 000000007BDC: 30CCCA8C
	v_add_nc_u32_e32 v102, s35, v102                           // 000000007BE0: 4ACCCC23
	v_lshl_add_u32 v102, v96, 4, v102                          // 000000007BE4: D6460066 05990960
	global_load_b128 v[108:111], v102, s[8:9]                  // 000000007BEC: DC5E0000 6C080066
	v_lshlrev_b32_e32 v104, 7, v101                            // 000000007BF4: 30D0CA87
	v_lshl_add_u32 v104, s3, 2, v104                           // 000000007BF8: D6460068 05A10403
	global_load_b32 v112, v104, s[12:13]                       // 000000007C00: DC520000 700C0068
	global_load_b32 v113, v104, s[20:21]                       // 000000007C08: DC520000 71140068
	s_waitcnt vmcnt(0)                                         // 000000007C10: BF8903F7
	v_mul_f32_e32 v113, 0x3fb8aa3b, v113                       // 000000007C14: 10E2E2FF 3FB8AA3B
	v_exp_f32_e32 v113, v113                                   // 000000007C1C: 7EE24B71
	v_lshlrev_b32_e32 v114, 16, v108                           // 000000007C20: 30E4D890
	v_and_b32_e32 v115, 0xffff0000, v108                       // 000000007C24: 36E6D8FF FFFF0000
	v_mul_f32_e32 v114, v112, v114                             // 000000007C2C: 10E4E570
	v_mul_f32_e32 v115, v112, v115                             // 000000007C30: 10E6E770
	v_mul_f32_e32 v114, v113, v114                             // 000000007C34: 10E4E571
	v_mul_f32_e32 v115, v113, v115                             // 000000007C38: 10E6E771
	v_lshrrev_b32_e32 v116, 16, v114                           // 000000007C3C: 32E8E490
	v_and_b32_e32 v116, 1, v116                                // 000000007C40: 36E8E881
	v_add_nc_u32_e32 v114, 0x7fff, v114                        // 000000007C44: 4AE4E4FF 00007FFF
	v_add_nc_u32_e32 v114, v116, v114                          // 000000007C4C: 4AE4E574
	v_lshrrev_b32_e32 v114, 16, v114                           // 000000007C50: 32E4E490
	v_lshrrev_b32_e32 v116, 16, v115                           // 000000007C54: 32E8E690
	v_and_b32_e32 v116, 1, v116                                // 000000007C58: 36E8E881
	v_add_nc_u32_e32 v115, 0x7fff, v115                        // 000000007C5C: 4AE6E6FF 00007FFF
	v_add_nc_u32_e32 v115, v116, v115                          // 000000007C64: 4AE6E774
	v_and_b32_e32 v115, 0xffff0000, v115                       // 000000007C68: 36E6E6FF FFFF0000
	v_or_b32_e32 v108, v114, v115                              // 000000007C70: 38D8E772
	v_lshlrev_b32_e32 v114, 16, v109                           // 000000007C74: 30E4DA90
	v_and_b32_e32 v115, 0xffff0000, v109                       // 000000007C78: 36E6DAFF FFFF0000
	v_mul_f32_e32 v114, v112, v114                             // 000000007C80: 10E4E570
	v_mul_f32_e32 v115, v112, v115                             // 000000007C84: 10E6E770
	v_mul_f32_e32 v114, v113, v114                             // 000000007C88: 10E4E571
	v_mul_f32_e32 v115, v113, v115                             // 000000007C8C: 10E6E771
	v_lshrrev_b32_e32 v116, 16, v114                           // 000000007C90: 32E8E490
	v_and_b32_e32 v116, 1, v116                                // 000000007C94: 36E8E881
	v_add_nc_u32_e32 v114, 0x7fff, v114                        // 000000007C98: 4AE4E4FF 00007FFF
	v_add_nc_u32_e32 v114, v116, v114                          // 000000007CA0: 4AE4E574
	v_lshrrev_b32_e32 v114, 16, v114                           // 000000007CA4: 32E4E490
	v_lshrrev_b32_e32 v116, 16, v115                           // 000000007CA8: 32E8E690
	v_and_b32_e32 v116, 1, v116                                // 000000007CAC: 36E8E881
	v_add_nc_u32_e32 v115, 0x7fff, v115                        // 000000007CB0: 4AE6E6FF 00007FFF
	v_add_nc_u32_e32 v115, v116, v115                          // 000000007CB8: 4AE6E774
	v_and_b32_e32 v115, 0xffff0000, v115                       // 000000007CBC: 36E6E6FF FFFF0000
	v_or_b32_e32 v109, v114, v115                              // 000000007CC4: 38DAE772
	v_lshlrev_b32_e32 v114, 16, v110                           // 000000007CC8: 30E4DC90
	v_and_b32_e32 v115, 0xffff0000, v110                       // 000000007CCC: 36E6DCFF FFFF0000
	v_mul_f32_e32 v114, v112, v114                             // 000000007CD4: 10E4E570
	v_mul_f32_e32 v115, v112, v115                             // 000000007CD8: 10E6E770
	v_mul_f32_e32 v114, v113, v114                             // 000000007CDC: 10E4E571
	v_mul_f32_e32 v115, v113, v115                             // 000000007CE0: 10E6E771
	v_lshrrev_b32_e32 v116, 16, v114                           // 000000007CE4: 32E8E490
	v_and_b32_e32 v116, 1, v116                                // 000000007CE8: 36E8E881
	v_add_nc_u32_e32 v114, 0x7fff, v114                        // 000000007CEC: 4AE4E4FF 00007FFF
	v_add_nc_u32_e32 v114, v116, v114                          // 000000007CF4: 4AE4E574
	v_lshrrev_b32_e32 v114, 16, v114                           // 000000007CF8: 32E4E490
	v_lshrrev_b32_e32 v116, 16, v115                           // 000000007CFC: 32E8E690
	v_and_b32_e32 v116, 1, v116                                // 000000007D00: 36E8E881
	v_add_nc_u32_e32 v115, 0x7fff, v115                        // 000000007D04: 4AE6E6FF 00007FFF
	v_add_nc_u32_e32 v115, v116, v115                          // 000000007D0C: 4AE6E774
	v_and_b32_e32 v115, 0xffff0000, v115                       // 000000007D10: 36E6E6FF FFFF0000
	v_or_b32_e32 v110, v114, v115                              // 000000007D18: 38DCE772
	v_lshlrev_b32_e32 v114, 16, v111                           // 000000007D1C: 30E4DE90
	v_and_b32_e32 v115, 0xffff0000, v111                       // 000000007D20: 36E6DEFF FFFF0000
	v_mul_f32_e32 v114, v112, v114                             // 000000007D28: 10E4E570
	v_mul_f32_e32 v115, v112, v115                             // 000000007D2C: 10E6E770
	v_mul_f32_e32 v114, v113, v114                             // 000000007D30: 10E4E571
	v_mul_f32_e32 v115, v113, v115                             // 000000007D34: 10E6E771
	v_lshrrev_b32_e32 v116, 16, v114                           // 000000007D38: 32E8E490
	v_and_b32_e32 v116, 1, v116                                // 000000007D3C: 36E8E881
	v_add_nc_u32_e32 v114, 0x7fff, v114                        // 000000007D40: 4AE4E4FF 00007FFF
	v_add_nc_u32_e32 v114, v116, v114                          // 000000007D48: 4AE4E574
	v_lshrrev_b32_e32 v114, 16, v114                           // 000000007D4C: 32E4E490
	v_lshrrev_b32_e32 v116, 16, v115                           // 000000007D50: 32E8E690
	v_and_b32_e32 v116, 1, v116                                // 000000007D54: 36E8E881
	v_add_nc_u32_e32 v115, 0x7fff, v115                        // 000000007D58: 4AE6E6FF 00007FFF
	v_add_nc_u32_e32 v115, v116, v115                          // 000000007D60: 4AE6E774
	v_and_b32_e32 v115, 0xffff0000, v115                       // 000000007D64: 36E6E6FF FFFF0000
	v_or_b32_e32 v111, v114, v115                              // 000000007D6C: 38DEE772
	v_lshlrev_b32_e32 v103, 7, v100                            // 000000007D70: 30CEC887
	v_lshl_add_u32 v103, v96, 4, v103                          // 000000007D74: D6460067 059D0960
	v_add_nc_u32_e32 v103, 0x2000, v103                        // 000000007D7C: 4ACECEFF 00002000
	ds_store_b128 v103, v[108:111]                             // 000000007D84: DB7C0000 00006C67
	v_add_nc_u32_e32 v100, 24, v97                             // 000000007D8C: 4AC8C298
	v_add_nc_u32_e32 v101, s27, v100                           // 000000007D90: 4ACAC81B
	v_lshlrev_b32_e32 v102, 12, v101                           // 000000007D94: 30CCCA8C
	v_add_nc_u32_e32 v102, s35, v102                           // 000000007D98: 4ACCCC23
	v_lshl_add_u32 v102, v96, 4, v102                          // 000000007D9C: D6460066 05990960
	global_load_b128 v[108:111], v102, s[8:9]                  // 000000007DA4: DC5E0000 6C080066
	v_lshlrev_b32_e32 v104, 7, v101                            // 000000007DAC: 30D0CA87
	v_lshl_add_u32 v104, s3, 2, v104                           // 000000007DB0: D6460068 05A10403
	global_load_b32 v112, v104, s[12:13]                       // 000000007DB8: DC520000 700C0068
	global_load_b32 v113, v104, s[20:21]                       // 000000007DC0: DC520000 71140068
	s_waitcnt vmcnt(0)                                         // 000000007DC8: BF8903F7
	v_mul_f32_e32 v113, 0x3fb8aa3b, v113                       // 000000007DCC: 10E2E2FF 3FB8AA3B
	v_exp_f32_e32 v113, v113                                   // 000000007DD4: 7EE24B71
	v_lshlrev_b32_e32 v114, 16, v108                           // 000000007DD8: 30E4D890
	v_and_b32_e32 v115, 0xffff0000, v108                       // 000000007DDC: 36E6D8FF FFFF0000
	v_mul_f32_e32 v114, v112, v114                             // 000000007DE4: 10E4E570
	v_mul_f32_e32 v115, v112, v115                             // 000000007DE8: 10E6E770
	v_mul_f32_e32 v114, v113, v114                             // 000000007DEC: 10E4E571
	v_mul_f32_e32 v115, v113, v115                             // 000000007DF0: 10E6E771
	v_lshrrev_b32_e32 v116, 16, v114                           // 000000007DF4: 32E8E490
	v_and_b32_e32 v116, 1, v116                                // 000000007DF8: 36E8E881
	v_add_nc_u32_e32 v114, 0x7fff, v114                        // 000000007DFC: 4AE4E4FF 00007FFF
	v_add_nc_u32_e32 v114, v116, v114                          // 000000007E04: 4AE4E574
	v_lshrrev_b32_e32 v114, 16, v114                           // 000000007E08: 32E4E490
	v_lshrrev_b32_e32 v116, 16, v115                           // 000000007E0C: 32E8E690
	v_and_b32_e32 v116, 1, v116                                // 000000007E10: 36E8E881
	v_add_nc_u32_e32 v115, 0x7fff, v115                        // 000000007E14: 4AE6E6FF 00007FFF
	v_add_nc_u32_e32 v115, v116, v115                          // 000000007E1C: 4AE6E774
	v_and_b32_e32 v115, 0xffff0000, v115                       // 000000007E20: 36E6E6FF FFFF0000
	v_or_b32_e32 v108, v114, v115                              // 000000007E28: 38D8E772
	v_lshlrev_b32_e32 v114, 16, v109                           // 000000007E2C: 30E4DA90
	v_and_b32_e32 v115, 0xffff0000, v109                       // 000000007E30: 36E6DAFF FFFF0000
	v_mul_f32_e32 v114, v112, v114                             // 000000007E38: 10E4E570
	v_mul_f32_e32 v115, v112, v115                             // 000000007E3C: 10E6E770
	v_mul_f32_e32 v114, v113, v114                             // 000000007E40: 10E4E571
	v_mul_f32_e32 v115, v113, v115                             // 000000007E44: 10E6E771
	v_lshrrev_b32_e32 v116, 16, v114                           // 000000007E48: 32E8E490
	v_and_b32_e32 v116, 1, v116                                // 000000007E4C: 36E8E881
	v_add_nc_u32_e32 v114, 0x7fff, v114                        // 000000007E50: 4AE4E4FF 00007FFF
	v_add_nc_u32_e32 v114, v116, v114                          // 000000007E58: 4AE4E574
	v_lshrrev_b32_e32 v114, 16, v114                           // 000000007E5C: 32E4E490
	v_lshrrev_b32_e32 v116, 16, v115                           // 000000007E60: 32E8E690
	v_and_b32_e32 v116, 1, v116                                // 000000007E64: 36E8E881
	v_add_nc_u32_e32 v115, 0x7fff, v115                        // 000000007E68: 4AE6E6FF 00007FFF
	v_add_nc_u32_e32 v115, v116, v115                          // 000000007E70: 4AE6E774
	v_and_b32_e32 v115, 0xffff0000, v115                       // 000000007E74: 36E6E6FF FFFF0000
	v_or_b32_e32 v109, v114, v115                              // 000000007E7C: 38DAE772
	v_lshlrev_b32_e32 v114, 16, v110                           // 000000007E80: 30E4DC90
	v_and_b32_e32 v115, 0xffff0000, v110                       // 000000007E84: 36E6DCFF FFFF0000
	v_mul_f32_e32 v114, v112, v114                             // 000000007E8C: 10E4E570
	v_mul_f32_e32 v115, v112, v115                             // 000000007E90: 10E6E770
	v_mul_f32_e32 v114, v113, v114                             // 000000007E94: 10E4E571
	v_mul_f32_e32 v115, v113, v115                             // 000000007E98: 10E6E771
	v_lshrrev_b32_e32 v116, 16, v114                           // 000000007E9C: 32E8E490
	v_and_b32_e32 v116, 1, v116                                // 000000007EA0: 36E8E881
	v_add_nc_u32_e32 v114, 0x7fff, v114                        // 000000007EA4: 4AE4E4FF 00007FFF
	v_add_nc_u32_e32 v114, v116, v114                          // 000000007EAC: 4AE4E574
	v_lshrrev_b32_e32 v114, 16, v114                           // 000000007EB0: 32E4E490
	v_lshrrev_b32_e32 v116, 16, v115                           // 000000007EB4: 32E8E690
	v_and_b32_e32 v116, 1, v116                                // 000000007EB8: 36E8E881
	v_add_nc_u32_e32 v115, 0x7fff, v115                        // 000000007EBC: 4AE6E6FF 00007FFF
	v_add_nc_u32_e32 v115, v116, v115                          // 000000007EC4: 4AE6E774
	v_and_b32_e32 v115, 0xffff0000, v115                       // 000000007EC8: 36E6E6FF FFFF0000
	v_or_b32_e32 v110, v114, v115                              // 000000007ED0: 38DCE772
	v_lshlrev_b32_e32 v114, 16, v111                           // 000000007ED4: 30E4DE90
	v_and_b32_e32 v115, 0xffff0000, v111                       // 000000007ED8: 36E6DEFF FFFF0000
	v_mul_f32_e32 v114, v112, v114                             // 000000007EE0: 10E4E570
	v_mul_f32_e32 v115, v112, v115                             // 000000007EE4: 10E6E770
	v_mul_f32_e32 v114, v113, v114                             // 000000007EE8: 10E4E571
	v_mul_f32_e32 v115, v113, v115                             // 000000007EEC: 10E6E771
	v_lshrrev_b32_e32 v116, 16, v114                           // 000000007EF0: 32E8E490
	v_and_b32_e32 v116, 1, v116                                // 000000007EF4: 36E8E881
	v_add_nc_u32_e32 v114, 0x7fff, v114                        // 000000007EF8: 4AE4E4FF 00007FFF
	v_add_nc_u32_e32 v114, v116, v114                          // 000000007F00: 4AE4E574
	v_lshrrev_b32_e32 v114, 16, v114                           // 000000007F04: 32E4E490
	v_lshrrev_b32_e32 v116, 16, v115                           // 000000007F08: 32E8E690
	v_and_b32_e32 v116, 1, v116                                // 000000007F0C: 36E8E881
	v_add_nc_u32_e32 v115, 0x7fff, v115                        // 000000007F10: 4AE6E6FF 00007FFF
	v_add_nc_u32_e32 v115, v116, v115                          // 000000007F18: 4AE6E774
	v_and_b32_e32 v115, 0xffff0000, v115                       // 000000007F1C: 36E6E6FF FFFF0000
	v_or_b32_e32 v111, v114, v115                              // 000000007F24: 38DEE772
	v_lshlrev_b32_e32 v103, 7, v100                            // 000000007F28: 30CEC887
	v_lshl_add_u32 v103, v96, 4, v103                          // 000000007F2C: D6460067 059D0960
	v_add_nc_u32_e32 v103, 0x2000, v103                        // 000000007F34: 4ACECEFF 00002000
	ds_store_b128 v103, v[108:111]                             // 000000007F3C: DB7C0000 00006C67
	v_add_nc_u32_e32 v100, 32, v97                             // 000000007F44: 4AC8C2A0
	v_add_nc_u32_e32 v101, s27, v100                           // 000000007F48: 4ACAC81B
	v_lshlrev_b32_e32 v102, 12, v101                           // 000000007F4C: 30CCCA8C
	v_add_nc_u32_e32 v102, s35, v102                           // 000000007F50: 4ACCCC23
	v_lshl_add_u32 v102, v96, 4, v102                          // 000000007F54: D6460066 05990960
	global_load_b128 v[108:111], v102, s[8:9]                  // 000000007F5C: DC5E0000 6C080066
	v_lshlrev_b32_e32 v104, 7, v101                            // 000000007F64: 30D0CA87
	v_lshl_add_u32 v104, s3, 2, v104                           // 000000007F68: D6460068 05A10403
	global_load_b32 v112, v104, s[12:13]                       // 000000007F70: DC520000 700C0068
	global_load_b32 v113, v104, s[20:21]                       // 000000007F78: DC520000 71140068
	s_waitcnt vmcnt(0)                                         // 000000007F80: BF8903F7
	v_mul_f32_e32 v113, 0x3fb8aa3b, v113                       // 000000007F84: 10E2E2FF 3FB8AA3B
	v_exp_f32_e32 v113, v113                                   // 000000007F8C: 7EE24B71
	v_lshlrev_b32_e32 v114, 16, v108                           // 000000007F90: 30E4D890
	v_and_b32_e32 v115, 0xffff0000, v108                       // 000000007F94: 36E6D8FF FFFF0000
	v_mul_f32_e32 v114, v112, v114                             // 000000007F9C: 10E4E570
	v_mul_f32_e32 v115, v112, v115                             // 000000007FA0: 10E6E770
	v_mul_f32_e32 v114, v113, v114                             // 000000007FA4: 10E4E571
	v_mul_f32_e32 v115, v113, v115                             // 000000007FA8: 10E6E771
	v_lshrrev_b32_e32 v116, 16, v114                           // 000000007FAC: 32E8E490
	v_and_b32_e32 v116, 1, v116                                // 000000007FB0: 36E8E881
	v_add_nc_u32_e32 v114, 0x7fff, v114                        // 000000007FB4: 4AE4E4FF 00007FFF
	v_add_nc_u32_e32 v114, v116, v114                          // 000000007FBC: 4AE4E574
	v_lshrrev_b32_e32 v114, 16, v114                           // 000000007FC0: 32E4E490
	v_lshrrev_b32_e32 v116, 16, v115                           // 000000007FC4: 32E8E690
	v_and_b32_e32 v116, 1, v116                                // 000000007FC8: 36E8E881
	v_add_nc_u32_e32 v115, 0x7fff, v115                        // 000000007FCC: 4AE6E6FF 00007FFF
	v_add_nc_u32_e32 v115, v116, v115                          // 000000007FD4: 4AE6E774
	v_and_b32_e32 v115, 0xffff0000, v115                       // 000000007FD8: 36E6E6FF FFFF0000
	v_or_b32_e32 v108, v114, v115                              // 000000007FE0: 38D8E772
	v_lshlrev_b32_e32 v114, 16, v109                           // 000000007FE4: 30E4DA90
	v_and_b32_e32 v115, 0xffff0000, v109                       // 000000007FE8: 36E6DAFF FFFF0000
	v_mul_f32_e32 v114, v112, v114                             // 000000007FF0: 10E4E570
	v_mul_f32_e32 v115, v112, v115                             // 000000007FF4: 10E6E770
	v_mul_f32_e32 v114, v113, v114                             // 000000007FF8: 10E4E571
	v_mul_f32_e32 v115, v113, v115                             // 000000007FFC: 10E6E771
	v_lshrrev_b32_e32 v116, 16, v114                           // 000000008000: 32E8E490
	v_and_b32_e32 v116, 1, v116                                // 000000008004: 36E8E881
	v_add_nc_u32_e32 v114, 0x7fff, v114                        // 000000008008: 4AE4E4FF 00007FFF
	v_add_nc_u32_e32 v114, v116, v114                          // 000000008010: 4AE4E574
	v_lshrrev_b32_e32 v114, 16, v114                           // 000000008014: 32E4E490
	v_lshrrev_b32_e32 v116, 16, v115                           // 000000008018: 32E8E690
	v_and_b32_e32 v116, 1, v116                                // 00000000801C: 36E8E881
	v_add_nc_u32_e32 v115, 0x7fff, v115                        // 000000008020: 4AE6E6FF 00007FFF
	v_add_nc_u32_e32 v115, v116, v115                          // 000000008028: 4AE6E774
	v_and_b32_e32 v115, 0xffff0000, v115                       // 00000000802C: 36E6E6FF FFFF0000
	v_or_b32_e32 v109, v114, v115                              // 000000008034: 38DAE772
	v_lshlrev_b32_e32 v114, 16, v110                           // 000000008038: 30E4DC90
	v_and_b32_e32 v115, 0xffff0000, v110                       // 00000000803C: 36E6DCFF FFFF0000
	v_mul_f32_e32 v114, v112, v114                             // 000000008044: 10E4E570
	v_mul_f32_e32 v115, v112, v115                             // 000000008048: 10E6E770
	v_mul_f32_e32 v114, v113, v114                             // 00000000804C: 10E4E571
	v_mul_f32_e32 v115, v113, v115                             // 000000008050: 10E6E771
	v_lshrrev_b32_e32 v116, 16, v114                           // 000000008054: 32E8E490
	v_and_b32_e32 v116, 1, v116                                // 000000008058: 36E8E881
	v_add_nc_u32_e32 v114, 0x7fff, v114                        // 00000000805C: 4AE4E4FF 00007FFF
	v_add_nc_u32_e32 v114, v116, v114                          // 000000008064: 4AE4E574
	v_lshrrev_b32_e32 v114, 16, v114                           // 000000008068: 32E4E490
	v_lshrrev_b32_e32 v116, 16, v115                           // 00000000806C: 32E8E690
	v_and_b32_e32 v116, 1, v116                                // 000000008070: 36E8E881
	v_add_nc_u32_e32 v115, 0x7fff, v115                        // 000000008074: 4AE6E6FF 00007FFF
	v_add_nc_u32_e32 v115, v116, v115                          // 00000000807C: 4AE6E774
	v_and_b32_e32 v115, 0xffff0000, v115                       // 000000008080: 36E6E6FF FFFF0000
	v_or_b32_e32 v110, v114, v115                              // 000000008088: 38DCE772
	v_lshlrev_b32_e32 v114, 16, v111                           // 00000000808C: 30E4DE90
	v_and_b32_e32 v115, 0xffff0000, v111                       // 000000008090: 36E6DEFF FFFF0000
	v_mul_f32_e32 v114, v112, v114                             // 000000008098: 10E4E570
	v_mul_f32_e32 v115, v112, v115                             // 00000000809C: 10E6E770
	v_mul_f32_e32 v114, v113, v114                             // 0000000080A0: 10E4E571
	v_mul_f32_e32 v115, v113, v115                             // 0000000080A4: 10E6E771
	v_lshrrev_b32_e32 v116, 16, v114                           // 0000000080A8: 32E8E490
	v_and_b32_e32 v116, 1, v116                                // 0000000080AC: 36E8E881
	v_add_nc_u32_e32 v114, 0x7fff, v114                        // 0000000080B0: 4AE4E4FF 00007FFF
	v_add_nc_u32_e32 v114, v116, v114                          // 0000000080B8: 4AE4E574
	v_lshrrev_b32_e32 v114, 16, v114                           // 0000000080BC: 32E4E490
	v_lshrrev_b32_e32 v116, 16, v115                           // 0000000080C0: 32E8E690
	v_and_b32_e32 v116, 1, v116                                // 0000000080C4: 36E8E881
	v_add_nc_u32_e32 v115, 0x7fff, v115                        // 0000000080C8: 4AE6E6FF 00007FFF
	v_add_nc_u32_e32 v115, v116, v115                          // 0000000080D0: 4AE6E774
	v_and_b32_e32 v115, 0xffff0000, v115                       // 0000000080D4: 36E6E6FF FFFF0000
	v_or_b32_e32 v111, v114, v115                              // 0000000080DC: 38DEE772
	v_lshlrev_b32_e32 v103, 7, v100                            // 0000000080E0: 30CEC887
	v_lshl_add_u32 v103, v96, 4, v103                          // 0000000080E4: D6460067 059D0960
	v_add_nc_u32_e32 v103, 0x2000, v103                        // 0000000080EC: 4ACECEFF 00002000
	ds_store_b128 v103, v[108:111]                             // 0000000080F4: DB7C0000 00006C67
	v_add_nc_u32_e32 v100, 40, v97                             // 0000000080FC: 4AC8C2A8
	v_add_nc_u32_e32 v101, s27, v100                           // 000000008100: 4ACAC81B
	v_lshlrev_b32_e32 v102, 12, v101                           // 000000008104: 30CCCA8C
	v_add_nc_u32_e32 v102, s35, v102                           // 000000008108: 4ACCCC23
	v_lshl_add_u32 v102, v96, 4, v102                          // 00000000810C: D6460066 05990960
	global_load_b128 v[108:111], v102, s[8:9]                  // 000000008114: DC5E0000 6C080066
	v_lshlrev_b32_e32 v104, 7, v101                            // 00000000811C: 30D0CA87
	v_lshl_add_u32 v104, s3, 2, v104                           // 000000008120: D6460068 05A10403
	global_load_b32 v112, v104, s[12:13]                       // 000000008128: DC520000 700C0068
	global_load_b32 v113, v104, s[20:21]                       // 000000008130: DC520000 71140068
	s_waitcnt vmcnt(0)                                         // 000000008138: BF8903F7
	v_mul_f32_e32 v113, 0x3fb8aa3b, v113                       // 00000000813C: 10E2E2FF 3FB8AA3B
	v_exp_f32_e32 v113, v113                                   // 000000008144: 7EE24B71
	v_lshlrev_b32_e32 v114, 16, v108                           // 000000008148: 30E4D890
	v_and_b32_e32 v115, 0xffff0000, v108                       // 00000000814C: 36E6D8FF FFFF0000
	v_mul_f32_e32 v114, v112, v114                             // 000000008154: 10E4E570
	v_mul_f32_e32 v115, v112, v115                             // 000000008158: 10E6E770
	v_mul_f32_e32 v114, v113, v114                             // 00000000815C: 10E4E571
	v_mul_f32_e32 v115, v113, v115                             // 000000008160: 10E6E771
	v_lshrrev_b32_e32 v116, 16, v114                           // 000000008164: 32E8E490
	v_and_b32_e32 v116, 1, v116                                // 000000008168: 36E8E881
	v_add_nc_u32_e32 v114, 0x7fff, v114                        // 00000000816C: 4AE4E4FF 00007FFF
	v_add_nc_u32_e32 v114, v116, v114                          // 000000008174: 4AE4E574
	v_lshrrev_b32_e32 v114, 16, v114                           // 000000008178: 32E4E490
	v_lshrrev_b32_e32 v116, 16, v115                           // 00000000817C: 32E8E690
	v_and_b32_e32 v116, 1, v116                                // 000000008180: 36E8E881
	v_add_nc_u32_e32 v115, 0x7fff, v115                        // 000000008184: 4AE6E6FF 00007FFF
	v_add_nc_u32_e32 v115, v116, v115                          // 00000000818C: 4AE6E774
	v_and_b32_e32 v115, 0xffff0000, v115                       // 000000008190: 36E6E6FF FFFF0000
	v_or_b32_e32 v108, v114, v115                              // 000000008198: 38D8E772
	v_lshlrev_b32_e32 v114, 16, v109                           // 00000000819C: 30E4DA90
	v_and_b32_e32 v115, 0xffff0000, v109                       // 0000000081A0: 36E6DAFF FFFF0000
	v_mul_f32_e32 v114, v112, v114                             // 0000000081A8: 10E4E570
	v_mul_f32_e32 v115, v112, v115                             // 0000000081AC: 10E6E770
	v_mul_f32_e32 v114, v113, v114                             // 0000000081B0: 10E4E571
	v_mul_f32_e32 v115, v113, v115                             // 0000000081B4: 10E6E771
	v_lshrrev_b32_e32 v116, 16, v114                           // 0000000081B8: 32E8E490
	v_and_b32_e32 v116, 1, v116                                // 0000000081BC: 36E8E881
	v_add_nc_u32_e32 v114, 0x7fff, v114                        // 0000000081C0: 4AE4E4FF 00007FFF
	v_add_nc_u32_e32 v114, v116, v114                          // 0000000081C8: 4AE4E574
	v_lshrrev_b32_e32 v114, 16, v114                           // 0000000081CC: 32E4E490
	v_lshrrev_b32_e32 v116, 16, v115                           // 0000000081D0: 32E8E690
	v_and_b32_e32 v116, 1, v116                                // 0000000081D4: 36E8E881
	v_add_nc_u32_e32 v115, 0x7fff, v115                        // 0000000081D8: 4AE6E6FF 00007FFF
	v_add_nc_u32_e32 v115, v116, v115                          // 0000000081E0: 4AE6E774
	v_and_b32_e32 v115, 0xffff0000, v115                       // 0000000081E4: 36E6E6FF FFFF0000
	v_or_b32_e32 v109, v114, v115                              // 0000000081EC: 38DAE772
	v_lshlrev_b32_e32 v114, 16, v110                           // 0000000081F0: 30E4DC90
	v_and_b32_e32 v115, 0xffff0000, v110                       // 0000000081F4: 36E6DCFF FFFF0000
	v_mul_f32_e32 v114, v112, v114                             // 0000000081FC: 10E4E570
	v_mul_f32_e32 v115, v112, v115                             // 000000008200: 10E6E770
	v_mul_f32_e32 v114, v113, v114                             // 000000008204: 10E4E571
	v_mul_f32_e32 v115, v113, v115                             // 000000008208: 10E6E771
	v_lshrrev_b32_e32 v116, 16, v114                           // 00000000820C: 32E8E490
	v_and_b32_e32 v116, 1, v116                                // 000000008210: 36E8E881
	v_add_nc_u32_e32 v114, 0x7fff, v114                        // 000000008214: 4AE4E4FF 00007FFF
	v_add_nc_u32_e32 v114, v116, v114                          // 00000000821C: 4AE4E574
	v_lshrrev_b32_e32 v114, 16, v114                           // 000000008220: 32E4E490
	v_lshrrev_b32_e32 v116, 16, v115                           // 000000008224: 32E8E690
	v_and_b32_e32 v116, 1, v116                                // 000000008228: 36E8E881
	v_add_nc_u32_e32 v115, 0x7fff, v115                        // 00000000822C: 4AE6E6FF 00007FFF
	v_add_nc_u32_e32 v115, v116, v115                          // 000000008234: 4AE6E774
	v_and_b32_e32 v115, 0xffff0000, v115                       // 000000008238: 36E6E6FF FFFF0000
	v_or_b32_e32 v110, v114, v115                              // 000000008240: 38DCE772
	v_lshlrev_b32_e32 v114, 16, v111                           // 000000008244: 30E4DE90
	v_and_b32_e32 v115, 0xffff0000, v111                       // 000000008248: 36E6DEFF FFFF0000
	v_mul_f32_e32 v114, v112, v114                             // 000000008250: 10E4E570
	v_mul_f32_e32 v115, v112, v115                             // 000000008254: 10E6E770
	v_mul_f32_e32 v114, v113, v114                             // 000000008258: 10E4E571
	v_mul_f32_e32 v115, v113, v115                             // 00000000825C: 10E6E771
	v_lshrrev_b32_e32 v116, 16, v114                           // 000000008260: 32E8E490
	v_and_b32_e32 v116, 1, v116                                // 000000008264: 36E8E881
	v_add_nc_u32_e32 v114, 0x7fff, v114                        // 000000008268: 4AE4E4FF 00007FFF
	v_add_nc_u32_e32 v114, v116, v114                          // 000000008270: 4AE4E574
	v_lshrrev_b32_e32 v114, 16, v114                           // 000000008274: 32E4E490
	v_lshrrev_b32_e32 v116, 16, v115                           // 000000008278: 32E8E690
	v_and_b32_e32 v116, 1, v116                                // 00000000827C: 36E8E881
	v_add_nc_u32_e32 v115, 0x7fff, v115                        // 000000008280: 4AE6E6FF 00007FFF
	v_add_nc_u32_e32 v115, v116, v115                          // 000000008288: 4AE6E774
	v_and_b32_e32 v115, 0xffff0000, v115                       // 00000000828C: 36E6E6FF FFFF0000
	v_or_b32_e32 v111, v114, v115                              // 000000008294: 38DEE772
	v_lshlrev_b32_e32 v103, 7, v100                            // 000000008298: 30CEC887
	v_lshl_add_u32 v103, v96, 4, v103                          // 00000000829C: D6460067 059D0960
	v_add_nc_u32_e32 v103, 0x2000, v103                        // 0000000082A4: 4ACECEFF 00002000
	ds_store_b128 v103, v[108:111]                             // 0000000082AC: DB7C0000 00006C67
	v_add_nc_u32_e32 v100, 48, v97                             // 0000000082B4: 4AC8C2B0
	v_add_nc_u32_e32 v101, s27, v100                           // 0000000082B8: 4ACAC81B
	v_lshlrev_b32_e32 v102, 12, v101                           // 0000000082BC: 30CCCA8C
	v_add_nc_u32_e32 v102, s35, v102                           // 0000000082C0: 4ACCCC23
	v_lshl_add_u32 v102, v96, 4, v102                          // 0000000082C4: D6460066 05990960
	global_load_b128 v[108:111], v102, s[8:9]                  // 0000000082CC: DC5E0000 6C080066
	v_lshlrev_b32_e32 v104, 7, v101                            // 0000000082D4: 30D0CA87
	v_lshl_add_u32 v104, s3, 2, v104                           // 0000000082D8: D6460068 05A10403
	global_load_b32 v112, v104, s[12:13]                       // 0000000082E0: DC520000 700C0068
	global_load_b32 v113, v104, s[20:21]                       // 0000000082E8: DC520000 71140068
	s_waitcnt vmcnt(0)                                         // 0000000082F0: BF8903F7
	v_mul_f32_e32 v113, 0x3fb8aa3b, v113                       // 0000000082F4: 10E2E2FF 3FB8AA3B
	v_exp_f32_e32 v113, v113                                   // 0000000082FC: 7EE24B71
	v_lshlrev_b32_e32 v114, 16, v108                           // 000000008300: 30E4D890
	v_and_b32_e32 v115, 0xffff0000, v108                       // 000000008304: 36E6D8FF FFFF0000
	v_mul_f32_e32 v114, v112, v114                             // 00000000830C: 10E4E570
	v_mul_f32_e32 v115, v112, v115                             // 000000008310: 10E6E770
	v_mul_f32_e32 v114, v113, v114                             // 000000008314: 10E4E571
	v_mul_f32_e32 v115, v113, v115                             // 000000008318: 10E6E771
	v_lshrrev_b32_e32 v116, 16, v114                           // 00000000831C: 32E8E490
	v_and_b32_e32 v116, 1, v116                                // 000000008320: 36E8E881
	v_add_nc_u32_e32 v114, 0x7fff, v114                        // 000000008324: 4AE4E4FF 00007FFF
	v_add_nc_u32_e32 v114, v116, v114                          // 00000000832C: 4AE4E574
	v_lshrrev_b32_e32 v114, 16, v114                           // 000000008330: 32E4E490
	v_lshrrev_b32_e32 v116, 16, v115                           // 000000008334: 32E8E690
	v_and_b32_e32 v116, 1, v116                                // 000000008338: 36E8E881
	v_add_nc_u32_e32 v115, 0x7fff, v115                        // 00000000833C: 4AE6E6FF 00007FFF
	v_add_nc_u32_e32 v115, v116, v115                          // 000000008344: 4AE6E774
	v_and_b32_e32 v115, 0xffff0000, v115                       // 000000008348: 36E6E6FF FFFF0000
	v_or_b32_e32 v108, v114, v115                              // 000000008350: 38D8E772
	v_lshlrev_b32_e32 v114, 16, v109                           // 000000008354: 30E4DA90
	v_and_b32_e32 v115, 0xffff0000, v109                       // 000000008358: 36E6DAFF FFFF0000
	v_mul_f32_e32 v114, v112, v114                             // 000000008360: 10E4E570
	v_mul_f32_e32 v115, v112, v115                             // 000000008364: 10E6E770
	v_mul_f32_e32 v114, v113, v114                             // 000000008368: 10E4E571
	v_mul_f32_e32 v115, v113, v115                             // 00000000836C: 10E6E771
	v_lshrrev_b32_e32 v116, 16, v114                           // 000000008370: 32E8E490
	v_and_b32_e32 v116, 1, v116                                // 000000008374: 36E8E881
	v_add_nc_u32_e32 v114, 0x7fff, v114                        // 000000008378: 4AE4E4FF 00007FFF
	v_add_nc_u32_e32 v114, v116, v114                          // 000000008380: 4AE4E574
	v_lshrrev_b32_e32 v114, 16, v114                           // 000000008384: 32E4E490
	v_lshrrev_b32_e32 v116, 16, v115                           // 000000008388: 32E8E690
	v_and_b32_e32 v116, 1, v116                                // 00000000838C: 36E8E881
	v_add_nc_u32_e32 v115, 0x7fff, v115                        // 000000008390: 4AE6E6FF 00007FFF
	v_add_nc_u32_e32 v115, v116, v115                          // 000000008398: 4AE6E774
	v_and_b32_e32 v115, 0xffff0000, v115                       // 00000000839C: 36E6E6FF FFFF0000
	v_or_b32_e32 v109, v114, v115                              // 0000000083A4: 38DAE772
	v_lshlrev_b32_e32 v114, 16, v110                           // 0000000083A8: 30E4DC90
	v_and_b32_e32 v115, 0xffff0000, v110                       // 0000000083AC: 36E6DCFF FFFF0000
	v_mul_f32_e32 v114, v112, v114                             // 0000000083B4: 10E4E570
	v_mul_f32_e32 v115, v112, v115                             // 0000000083B8: 10E6E770
	v_mul_f32_e32 v114, v113, v114                             // 0000000083BC: 10E4E571
	v_mul_f32_e32 v115, v113, v115                             // 0000000083C0: 10E6E771
	v_lshrrev_b32_e32 v116, 16, v114                           // 0000000083C4: 32E8E490
	v_and_b32_e32 v116, 1, v116                                // 0000000083C8: 36E8E881
	v_add_nc_u32_e32 v114, 0x7fff, v114                        // 0000000083CC: 4AE4E4FF 00007FFF
	v_add_nc_u32_e32 v114, v116, v114                          // 0000000083D4: 4AE4E574
	v_lshrrev_b32_e32 v114, 16, v114                           // 0000000083D8: 32E4E490
	v_lshrrev_b32_e32 v116, 16, v115                           // 0000000083DC: 32E8E690
	v_and_b32_e32 v116, 1, v116                                // 0000000083E0: 36E8E881
	v_add_nc_u32_e32 v115, 0x7fff, v115                        // 0000000083E4: 4AE6E6FF 00007FFF
	v_add_nc_u32_e32 v115, v116, v115                          // 0000000083EC: 4AE6E774
	v_and_b32_e32 v115, 0xffff0000, v115                       // 0000000083F0: 36E6E6FF FFFF0000
	v_or_b32_e32 v110, v114, v115                              // 0000000083F8: 38DCE772
	v_lshlrev_b32_e32 v114, 16, v111                           // 0000000083FC: 30E4DE90
	v_and_b32_e32 v115, 0xffff0000, v111                       // 000000008400: 36E6DEFF FFFF0000
	v_mul_f32_e32 v114, v112, v114                             // 000000008408: 10E4E570
	v_mul_f32_e32 v115, v112, v115                             // 00000000840C: 10E6E770
	v_mul_f32_e32 v114, v113, v114                             // 000000008410: 10E4E571
	v_mul_f32_e32 v115, v113, v115                             // 000000008414: 10E6E771
	v_lshrrev_b32_e32 v116, 16, v114                           // 000000008418: 32E8E490
	v_and_b32_e32 v116, 1, v116                                // 00000000841C: 36E8E881
	v_add_nc_u32_e32 v114, 0x7fff, v114                        // 000000008420: 4AE4E4FF 00007FFF
	v_add_nc_u32_e32 v114, v116, v114                          // 000000008428: 4AE4E574
	v_lshrrev_b32_e32 v114, 16, v114                           // 00000000842C: 32E4E490
	v_lshrrev_b32_e32 v116, 16, v115                           // 000000008430: 32E8E690
	v_and_b32_e32 v116, 1, v116                                // 000000008434: 36E8E881
	v_add_nc_u32_e32 v115, 0x7fff, v115                        // 000000008438: 4AE6E6FF 00007FFF
	v_add_nc_u32_e32 v115, v116, v115                          // 000000008440: 4AE6E774
	v_and_b32_e32 v115, 0xffff0000, v115                       // 000000008444: 36E6E6FF FFFF0000
	v_or_b32_e32 v111, v114, v115                              // 00000000844C: 38DEE772
	v_lshlrev_b32_e32 v103, 7, v100                            // 000000008450: 30CEC887
	v_lshl_add_u32 v103, v96, 4, v103                          // 000000008454: D6460067 059D0960
	v_add_nc_u32_e32 v103, 0x2000, v103                        // 00000000845C: 4ACECEFF 00002000
	ds_store_b128 v103, v[108:111]                             // 000000008464: DB7C0000 00006C67
	v_add_nc_u32_e32 v100, 56, v97                             // 00000000846C: 4AC8C2B8
	v_add_nc_u32_e32 v101, s27, v100                           // 000000008470: 4ACAC81B
	v_lshlrev_b32_e32 v102, 12, v101                           // 000000008474: 30CCCA8C
	v_add_nc_u32_e32 v102, s35, v102                           // 000000008478: 4ACCCC23
	v_lshl_add_u32 v102, v96, 4, v102                          // 00000000847C: D6460066 05990960
	global_load_b128 v[108:111], v102, s[8:9]                  // 000000008484: DC5E0000 6C080066
	v_lshlrev_b32_e32 v104, 7, v101                            // 00000000848C: 30D0CA87
	v_lshl_add_u32 v104, s3, 2, v104                           // 000000008490: D6460068 05A10403
	global_load_b32 v112, v104, s[12:13]                       // 000000008498: DC520000 700C0068
	global_load_b32 v113, v104, s[20:21]                       // 0000000084A0: DC520000 71140068
	s_waitcnt vmcnt(0)                                         // 0000000084A8: BF8903F7
	v_mul_f32_e32 v113, 0x3fb8aa3b, v113                       // 0000000084AC: 10E2E2FF 3FB8AA3B
	v_exp_f32_e32 v113, v113                                   // 0000000084B4: 7EE24B71
	v_lshlrev_b32_e32 v114, 16, v108                           // 0000000084B8: 30E4D890
	v_and_b32_e32 v115, 0xffff0000, v108                       // 0000000084BC: 36E6D8FF FFFF0000
	v_mul_f32_e32 v114, v112, v114                             // 0000000084C4: 10E4E570
	v_mul_f32_e32 v115, v112, v115                             // 0000000084C8: 10E6E770
	v_mul_f32_e32 v114, v113, v114                             // 0000000084CC: 10E4E571
	v_mul_f32_e32 v115, v113, v115                             // 0000000084D0: 10E6E771
	v_lshrrev_b32_e32 v116, 16, v114                           // 0000000084D4: 32E8E490
	v_and_b32_e32 v116, 1, v116                                // 0000000084D8: 36E8E881
	v_add_nc_u32_e32 v114, 0x7fff, v114                        // 0000000084DC: 4AE4E4FF 00007FFF
	v_add_nc_u32_e32 v114, v116, v114                          // 0000000084E4: 4AE4E574
	v_lshrrev_b32_e32 v114, 16, v114                           // 0000000084E8: 32E4E490
	v_lshrrev_b32_e32 v116, 16, v115                           // 0000000084EC: 32E8E690
	v_and_b32_e32 v116, 1, v116                                // 0000000084F0: 36E8E881
	v_add_nc_u32_e32 v115, 0x7fff, v115                        // 0000000084F4: 4AE6E6FF 00007FFF
	v_add_nc_u32_e32 v115, v116, v115                          // 0000000084FC: 4AE6E774
	v_and_b32_e32 v115, 0xffff0000, v115                       // 000000008500: 36E6E6FF FFFF0000
	v_or_b32_e32 v108, v114, v115                              // 000000008508: 38D8E772
	v_lshlrev_b32_e32 v114, 16, v109                           // 00000000850C: 30E4DA90
	v_and_b32_e32 v115, 0xffff0000, v109                       // 000000008510: 36E6DAFF FFFF0000
	v_mul_f32_e32 v114, v112, v114                             // 000000008518: 10E4E570
	v_mul_f32_e32 v115, v112, v115                             // 00000000851C: 10E6E770
	v_mul_f32_e32 v114, v113, v114                             // 000000008520: 10E4E571
	v_mul_f32_e32 v115, v113, v115                             // 000000008524: 10E6E771
	v_lshrrev_b32_e32 v116, 16, v114                           // 000000008528: 32E8E490
	v_and_b32_e32 v116, 1, v116                                // 00000000852C: 36E8E881
	v_add_nc_u32_e32 v114, 0x7fff, v114                        // 000000008530: 4AE4E4FF 00007FFF
	v_add_nc_u32_e32 v114, v116, v114                          // 000000008538: 4AE4E574
	v_lshrrev_b32_e32 v114, 16, v114                           // 00000000853C: 32E4E490
	v_lshrrev_b32_e32 v116, 16, v115                           // 000000008540: 32E8E690
	v_and_b32_e32 v116, 1, v116                                // 000000008544: 36E8E881
	v_add_nc_u32_e32 v115, 0x7fff, v115                        // 000000008548: 4AE6E6FF 00007FFF
	v_add_nc_u32_e32 v115, v116, v115                          // 000000008550: 4AE6E774
	v_and_b32_e32 v115, 0xffff0000, v115                       // 000000008554: 36E6E6FF FFFF0000
	v_or_b32_e32 v109, v114, v115                              // 00000000855C: 38DAE772
	v_lshlrev_b32_e32 v114, 16, v110                           // 000000008560: 30E4DC90
	v_and_b32_e32 v115, 0xffff0000, v110                       // 000000008564: 36E6DCFF FFFF0000
	v_mul_f32_e32 v114, v112, v114                             // 00000000856C: 10E4E570
	v_mul_f32_e32 v115, v112, v115                             // 000000008570: 10E6E770
	v_mul_f32_e32 v114, v113, v114                             // 000000008574: 10E4E571
	v_mul_f32_e32 v115, v113, v115                             // 000000008578: 10E6E771
	v_lshrrev_b32_e32 v116, 16, v114                           // 00000000857C: 32E8E490
	v_and_b32_e32 v116, 1, v116                                // 000000008580: 36E8E881
	v_add_nc_u32_e32 v114, 0x7fff, v114                        // 000000008584: 4AE4E4FF 00007FFF
	v_add_nc_u32_e32 v114, v116, v114                          // 00000000858C: 4AE4E574
	v_lshrrev_b32_e32 v114, 16, v114                           // 000000008590: 32E4E490
	v_lshrrev_b32_e32 v116, 16, v115                           // 000000008594: 32E8E690
	v_and_b32_e32 v116, 1, v116                                // 000000008598: 36E8E881
	v_add_nc_u32_e32 v115, 0x7fff, v115                        // 00000000859C: 4AE6E6FF 00007FFF
	v_add_nc_u32_e32 v115, v116, v115                          // 0000000085A4: 4AE6E774
	v_and_b32_e32 v115, 0xffff0000, v115                       // 0000000085A8: 36E6E6FF FFFF0000
	v_or_b32_e32 v110, v114, v115                              // 0000000085B0: 38DCE772
	v_lshlrev_b32_e32 v114, 16, v111                           // 0000000085B4: 30E4DE90
	v_and_b32_e32 v115, 0xffff0000, v111                       // 0000000085B8: 36E6DEFF FFFF0000
	v_mul_f32_e32 v114, v112, v114                             // 0000000085C0: 10E4E570
	v_mul_f32_e32 v115, v112, v115                             // 0000000085C4: 10E6E770
	v_mul_f32_e32 v114, v113, v114                             // 0000000085C8: 10E4E571
	v_mul_f32_e32 v115, v113, v115                             // 0000000085CC: 10E6E771
	v_lshrrev_b32_e32 v116, 16, v114                           // 0000000085D0: 32E8E490
	v_and_b32_e32 v116, 1, v116                                // 0000000085D4: 36E8E881
	v_add_nc_u32_e32 v114, 0x7fff, v114                        // 0000000085D8: 4AE4E4FF 00007FFF
	v_add_nc_u32_e32 v114, v116, v114                          // 0000000085E0: 4AE4E574
	v_lshrrev_b32_e32 v114, 16, v114                           // 0000000085E4: 32E4E490
	v_lshrrev_b32_e32 v116, 16, v115                           // 0000000085E8: 32E8E690
	v_and_b32_e32 v116, 1, v116                                // 0000000085EC: 36E8E881
	v_add_nc_u32_e32 v115, 0x7fff, v115                        // 0000000085F0: 4AE6E6FF 00007FFF
	v_add_nc_u32_e32 v115, v116, v115                          // 0000000085F8: 4AE6E774
	v_and_b32_e32 v115, 0xffff0000, v115                       // 0000000085FC: 36E6E6FF FFFF0000
	v_or_b32_e32 v111, v114, v115                              // 000000008604: 38DEE772
	v_lshlrev_b32_e32 v103, 7, v100                            // 000000008608: 30CEC887
	v_lshl_add_u32 v103, v96, 4, v103                          // 00000000860C: D6460067 059D0960
	v_add_nc_u32_e32 v103, 0x2000, v103                        // 000000008614: 4ACECEFF 00002000
	ds_store_b128 v103, v[108:111]                             // 00000000861C: DB7C0000 00006C67
	s_waitcnt lgkmcnt(0)                                       // 000000008624: BF89FC07
	s_barrier                                                  // 000000008628: BFBD0000
	v_mov_b32_e32 v64, 0                                       // 00000000862C: 7E800280
	v_mov_b32_e32 v65, 0                                       // 000000008630: 7E820280
	v_mov_b32_e32 v66, 0                                       // 000000008634: 7E840280
	v_mov_b32_e32 v67, 0                                       // 000000008638: 7E860280
	v_mov_b32_e32 v68, 0                                       // 00000000863C: 7E880280
	v_mov_b32_e32 v69, 0                                       // 000000008640: 7E8A0280
	v_mov_b32_e32 v70, 0                                       // 000000008644: 7E8C0280
	v_mov_b32_e32 v71, 0                                       // 000000008648: 7E8E0280
	v_mov_b32_e32 v72, 0                                       // 00000000864C: 7E900280
	v_mov_b32_e32 v73, 0                                       // 000000008650: 7E920280
	v_mov_b32_e32 v74, 0                                       // 000000008654: 7E940280
	v_mov_b32_e32 v75, 0                                       // 000000008658: 7E960280
	v_mov_b32_e32 v76, 0                                       // 00000000865C: 7E980280
	v_mov_b32_e32 v77, 0                                       // 000000008660: 7E9A0280
	v_mov_b32_e32 v78, 0                                       // 000000008664: 7E9C0280
	v_mov_b32_e32 v79, 0                                       // 000000008668: 7E9E0280
	v_mov_b32_e32 v80, 0                                       // 00000000866C: 7EA00280
	v_mov_b32_e32 v81, 0                                       // 000000008670: 7EA20280
	v_mov_b32_e32 v82, 0                                       // 000000008674: 7EA40280
	v_mov_b32_e32 v83, 0                                       // 000000008678: 7EA60280
	v_mov_b32_e32 v84, 0                                       // 00000000867C: 7EA80280
	v_mov_b32_e32 v85, 0                                       // 000000008680: 7EAA0280
	v_mov_b32_e32 v86, 0                                       // 000000008684: 7EAC0280
	v_mov_b32_e32 v87, 0                                       // 000000008688: 7EAE0280
	v_mov_b32_e32 v88, 0                                       // 00000000868C: 7EB00280
	v_mov_b32_e32 v89, 0                                       // 000000008690: 7EB20280
	v_mov_b32_e32 v90, 0                                       // 000000008694: 7EB40280
	v_mov_b32_e32 v91, 0                                       // 000000008698: 7EB60280
	v_mov_b32_e32 v92, 0                                       // 00000000869C: 7EB80280
	v_mov_b32_e32 v93, 0                                       // 0000000086A0: 7EBA0280
	v_mov_b32_e32 v94, 0                                       // 0000000086A4: 7EBC0280
	v_mov_b32_e32 v95, 0                                       // 0000000086A8: 7EBE0280
	v_mov_b32_e32 v96, 0                                       // 0000000086AC: 7EC00280
	v_mov_b32_e32 v97, 0                                       // 0000000086B0: 7EC20280
	v_mov_b32_e32 v98, 0                                       // 0000000086B4: 7EC40280
	v_mov_b32_e32 v99, 0                                       // 0000000086B8: 7EC60280
	v_mov_b32_e32 v100, 0                                      // 0000000086BC: 7EC80280
	v_mov_b32_e32 v101, 0                                      // 0000000086C0: 7ECA0280
	v_mov_b32_e32 v102, 0                                      // 0000000086C4: 7ECC0280
	v_mov_b32_e32 v103, 0                                      // 0000000086C8: 7ECE0280
	v_mov_b32_e32 v104, 0                                      // 0000000086CC: 7ED00280
	v_mov_b32_e32 v105, 0                                      // 0000000086D0: 7ED20280
	v_mov_b32_e32 v106, 0                                      // 0000000086D4: 7ED40280
	v_mov_b32_e32 v107, 0                                      // 0000000086D8: 7ED60280
	v_mov_b32_e32 v108, 0                                      // 0000000086DC: 7ED80280
	v_mov_b32_e32 v109, 0                                      // 0000000086E0: 7EDA0280
	v_mov_b32_e32 v110, 0                                      // 0000000086E4: 7EDC0280
	v_mov_b32_e32 v111, 0                                      // 0000000086E8: 7EDE0280
	v_mov_b32_e32 v112, 0                                      // 0000000086EC: 7EE00280
	v_mov_b32_e32 v113, 0                                      // 0000000086F0: 7EE20280
	v_mov_b32_e32 v114, 0                                      // 0000000086F4: 7EE40280
	v_mov_b32_e32 v115, 0                                      // 0000000086F8: 7EE60280
	v_mov_b32_e32 v116, 0                                      // 0000000086FC: 7EE80280
	v_mov_b32_e32 v117, 0                                      // 000000008700: 7EEA0280
	v_mov_b32_e32 v118, 0                                      // 000000008704: 7EEC0280
	v_mov_b32_e32 v119, 0                                      // 000000008708: 7EEE0280
	v_mov_b32_e32 v120, 0                                      // 00000000870C: 7EF00280
	v_mov_b32_e32 v121, 0                                      // 000000008710: 7EF20280
	v_mov_b32_e32 v122, 0                                      // 000000008714: 7EF40280
	v_mov_b32_e32 v123, 0                                      // 000000008718: 7EF60280
	v_mov_b32_e32 v124, 0                                      // 00000000871C: 7EF80280
	v_mov_b32_e32 v125, 0                                      // 000000008720: 7EFA0280
	v_mov_b32_e32 v126, 0                                      // 000000008724: 7EFC0280
	v_mov_b32_e32 v127, 0                                      // 000000008728: 7EFE0280
	ds_load_b128 v[8:11], v5                                   // 00000000872C: DBFC0000 08000005
	s_waitcnt lgkmcnt(0)                                       // 000000008734: BF89FC07
	ds_swizzle_b32 v12, v8 offset:swizzle(SWAP,16)             // 000000008738: D8D4401F 0C000008
	ds_swizzle_b32 v13, v9 offset:swizzle(SWAP,16)             // 000000008740: D8D4401F 0D000009
	ds_swizzle_b32 v14, v10 offset:swizzle(SWAP,16)            // 000000008748: D8D4401F 0E00000A
	ds_swizzle_b32 v15, v11 offset:swizzle(SWAP,16)            // 000000008750: D8D4401F 0F00000B
	s_waitcnt lgkmcnt(0)                                       // 000000008758: BF89FC07
	v_lshlrev_b32_e32 v129, 10, v4                             // 00000000875C: 3102088A
	v_lshl_add_u32 v129, v3, 1, v129                           // 000000008760: D6460081 06050303
	v_add_nc_u32_e32 v129, 0x2000, v129                        // 000000008768: 4B0302FF 00002000
	ds_load_u16 v16, v129                                      // 000000008770: D8F00000 10000081
	ds_load_u16_d16_hi v16, v129 offset:128                    // 000000008778: DA9C0080 10000081
	ds_load_u16 v17, v129 offset:256                           // 000000008780: D8F00100 11000081
	ds_load_u16_d16_hi v17, v129 offset:384                    // 000000008788: DA9C0180 11000081
	ds_load_u16 v18, v129 offset:512                           // 000000008790: D8F00200 12000081
	ds_load_u16_d16_hi v18, v129 offset:640                    // 000000008798: DA9C0280 12000081
	ds_load_u16 v19, v129 offset:768                           // 0000000087A0: D8F00300 13000081
	ds_load_u16_d16_hi v19, v129 offset:896                    // 0000000087A8: DA9C0380 13000081
	s_waitcnt lgkmcnt(0)                                       // 0000000087B0: BF89FC07
	ds_swizzle_b32 v20, v16 offset:swizzle(SWAP,16)            // 0000000087B4: D8D4401F 14000010
	ds_swizzle_b32 v21, v17 offset:swizzle(SWAP,16)            // 0000000087BC: D8D4401F 15000011
	ds_swizzle_b32 v22, v18 offset:swizzle(SWAP,16)            // 0000000087C4: D8D4401F 16000012
	ds_swizzle_b32 v23, v19 offset:swizzle(SWAP,16)            // 0000000087CC: D8D4401F 17000013
	s_waitcnt lgkmcnt(0)                                       // 0000000087D4: BF89FC07
	v_wmma_f32_16x16x16_bf16 v[64:71], v[8:15], v[16:23], v[64:71]// 0000000087D8: CC414040 1D022108
	v_lshlrev_b32_e32 v129, 10, v4                             // 0000000087E0: 3102088A
	v_lshl_add_u32 v129, v3, 1, v129                           // 0000000087E4: D6460081 06050303
	v_add_nc_u32_e32 v129, 0x2020, v129                        // 0000000087EC: 4B0302FF 00002020
	ds_load_u16 v16, v129                                      // 0000000087F4: D8F00000 10000081
	ds_load_u16_d16_hi v16, v129 offset:128                    // 0000000087FC: DA9C0080 10000081
	ds_load_u16 v17, v129 offset:256                           // 000000008804: D8F00100 11000081
	ds_load_u16_d16_hi v17, v129 offset:384                    // 00000000880C: DA9C0180 11000081
	ds_load_u16 v18, v129 offset:512                           // 000000008814: D8F00200 12000081
	ds_load_u16_d16_hi v18, v129 offset:640                    // 00000000881C: DA9C0280 12000081
	ds_load_u16 v19, v129 offset:768                           // 000000008824: D8F00300 13000081
	ds_load_u16_d16_hi v19, v129 offset:896                    // 00000000882C: DA9C0380 13000081
	s_waitcnt lgkmcnt(0)                                       // 000000008834: BF89FC07
	ds_swizzle_b32 v20, v16 offset:swizzle(SWAP,16)            // 000000008838: D8D4401F 14000010
	ds_swizzle_b32 v21, v17 offset:swizzle(SWAP,16)            // 000000008840: D8D4401F 15000011
	ds_swizzle_b32 v22, v18 offset:swizzle(SWAP,16)            // 000000008848: D8D4401F 16000012
	ds_swizzle_b32 v23, v19 offset:swizzle(SWAP,16)            // 000000008850: D8D4401F 17000013
	s_waitcnt lgkmcnt(0)                                       // 000000008858: BF89FC07
	v_wmma_f32_16x16x16_bf16 v[72:79], v[8:15], v[16:23], v[72:79]// 00000000885C: CC414048 1D222108
	v_lshlrev_b32_e32 v129, 10, v4                             // 000000008864: 3102088A
	v_lshl_add_u32 v129, v3, 1, v129                           // 000000008868: D6460081 06050303
	v_add_nc_u32_e32 v129, 0x2040, v129                        // 000000008870: 4B0302FF 00002040
	ds_load_u16 v16, v129                                      // 000000008878: D8F00000 10000081
	ds_load_u16_d16_hi v16, v129 offset:128                    // 000000008880: DA9C0080 10000081
	ds_load_u16 v17, v129 offset:256                           // 000000008888: D8F00100 11000081
	ds_load_u16_d16_hi v17, v129 offset:384                    // 000000008890: DA9C0180 11000081
	ds_load_u16 v18, v129 offset:512                           // 000000008898: D8F00200 12000081
	ds_load_u16_d16_hi v18, v129 offset:640                    // 0000000088A0: DA9C0280 12000081
	ds_load_u16 v19, v129 offset:768                           // 0000000088A8: D8F00300 13000081
	ds_load_u16_d16_hi v19, v129 offset:896                    // 0000000088B0: DA9C0380 13000081
	s_waitcnt lgkmcnt(0)                                       // 0000000088B8: BF89FC07
	ds_swizzle_b32 v20, v16 offset:swizzle(SWAP,16)            // 0000000088BC: D8D4401F 14000010
	ds_swizzle_b32 v21, v17 offset:swizzle(SWAP,16)            // 0000000088C4: D8D4401F 15000011
	ds_swizzle_b32 v22, v18 offset:swizzle(SWAP,16)            // 0000000088CC: D8D4401F 16000012
	ds_swizzle_b32 v23, v19 offset:swizzle(SWAP,16)            // 0000000088D4: D8D4401F 17000013
	s_waitcnt lgkmcnt(0)                                       // 0000000088DC: BF89FC07
	v_wmma_f32_16x16x16_bf16 v[80:87], v[8:15], v[16:23], v[80:87]// 0000000088E0: CC414050 1D422108
	v_lshlrev_b32_e32 v129, 10, v4                             // 0000000088E8: 3102088A
	v_lshl_add_u32 v129, v3, 1, v129                           // 0000000088EC: D6460081 06050303
	v_add_nc_u32_e32 v129, 0x2060, v129                        // 0000000088F4: 4B0302FF 00002060
	ds_load_u16 v16, v129                                      // 0000000088FC: D8F00000 10000081
	ds_load_u16_d16_hi v16, v129 offset:128                    // 000000008904: DA9C0080 10000081
	ds_load_u16 v17, v129 offset:256                           // 00000000890C: D8F00100 11000081
	ds_load_u16_d16_hi v17, v129 offset:384                    // 000000008914: DA9C0180 11000081
	ds_load_u16 v18, v129 offset:512                           // 00000000891C: D8F00200 12000081
	ds_load_u16_d16_hi v18, v129 offset:640                    // 000000008924: DA9C0280 12000081
	ds_load_u16 v19, v129 offset:768                           // 00000000892C: D8F00300 13000081
	ds_load_u16_d16_hi v19, v129 offset:896                    // 000000008934: DA9C0380 13000081
	s_waitcnt lgkmcnt(0)                                       // 00000000893C: BF89FC07
	ds_swizzle_b32 v20, v16 offset:swizzle(SWAP,16)            // 000000008940: D8D4401F 14000010
	ds_swizzle_b32 v21, v17 offset:swizzle(SWAP,16)            // 000000008948: D8D4401F 15000011
	ds_swizzle_b32 v22, v18 offset:swizzle(SWAP,16)            // 000000008950: D8D4401F 16000012
	ds_swizzle_b32 v23, v19 offset:swizzle(SWAP,16)            // 000000008958: D8D4401F 17000013
	s_waitcnt lgkmcnt(0)                                       // 000000008960: BF89FC07
	v_wmma_f32_16x16x16_bf16 v[88:95], v[8:15], v[16:23], v[88:95]// 000000008964: CC414058 1D622108
	ds_load_b128 v[8:11], v7                                   // 00000000896C: DBFC0000 08000007
	s_waitcnt lgkmcnt(0)                                       // 000000008974: BF89FC07
	ds_swizzle_b32 v12, v8 offset:swizzle(SWAP,16)             // 000000008978: D8D4401F 0C000008
	ds_swizzle_b32 v13, v9 offset:swizzle(SWAP,16)             // 000000008980: D8D4401F 0D000009
	ds_swizzle_b32 v14, v10 offset:swizzle(SWAP,16)            // 000000008988: D8D4401F 0E00000A
	ds_swizzle_b32 v15, v11 offset:swizzle(SWAP,16)            // 000000008990: D8D4401F 0F00000B
	s_waitcnt lgkmcnt(0)                                       // 000000008998: BF89FC07
	v_lshlrev_b32_e32 v129, 10, v4                             // 00000000899C: 3102088A
	v_lshl_add_u32 v129, v3, 1, v129                           // 0000000089A0: D6460081 06050303
	v_add_nc_u32_e32 v129, 0x2000, v129                        // 0000000089A8: 4B0302FF 00002000
	ds_load_u16 v16, v129                                      // 0000000089B0: D8F00000 10000081
	ds_load_u16_d16_hi v16, v129 offset:128                    // 0000000089B8: DA9C0080 10000081
	ds_load_u16 v17, v129 offset:256                           // 0000000089C0: D8F00100 11000081
	ds_load_u16_d16_hi v17, v129 offset:384                    // 0000000089C8: DA9C0180 11000081
	ds_load_u16 v18, v129 offset:512                           // 0000000089D0: D8F00200 12000081
	ds_load_u16_d16_hi v18, v129 offset:640                    // 0000000089D8: DA9C0280 12000081
	ds_load_u16 v19, v129 offset:768                           // 0000000089E0: D8F00300 13000081
	ds_load_u16_d16_hi v19, v129 offset:896                    // 0000000089E8: DA9C0380 13000081
	s_waitcnt lgkmcnt(0)                                       // 0000000089F0: BF89FC07
	ds_swizzle_b32 v20, v16 offset:swizzle(SWAP,16)            // 0000000089F4: D8D4401F 14000010
	ds_swizzle_b32 v21, v17 offset:swizzle(SWAP,16)            // 0000000089FC: D8D4401F 15000011
	ds_swizzle_b32 v22, v18 offset:swizzle(SWAP,16)            // 000000008A04: D8D4401F 16000012
	ds_swizzle_b32 v23, v19 offset:swizzle(SWAP,16)            // 000000008A0C: D8D4401F 17000013
	s_waitcnt lgkmcnt(0)                                       // 000000008A14: BF89FC07
	v_wmma_f32_16x16x16_bf16 v[96:103], v[8:15], v[16:23], v[96:103]// 000000008A18: CC414060 1D822108
	v_lshlrev_b32_e32 v129, 10, v4                             // 000000008A20: 3102088A
	v_lshl_add_u32 v129, v3, 1, v129                           // 000000008A24: D6460081 06050303
	v_add_nc_u32_e32 v129, 0x2020, v129                        // 000000008A2C: 4B0302FF 00002020
	ds_load_u16 v16, v129                                      // 000000008A34: D8F00000 10000081
	ds_load_u16_d16_hi v16, v129 offset:128                    // 000000008A3C: DA9C0080 10000081
	ds_load_u16 v17, v129 offset:256                           // 000000008A44: D8F00100 11000081
	ds_load_u16_d16_hi v17, v129 offset:384                    // 000000008A4C: DA9C0180 11000081
	ds_load_u16 v18, v129 offset:512                           // 000000008A54: D8F00200 12000081
	ds_load_u16_d16_hi v18, v129 offset:640                    // 000000008A5C: DA9C0280 12000081
	ds_load_u16 v19, v129 offset:768                           // 000000008A64: D8F00300 13000081
	ds_load_u16_d16_hi v19, v129 offset:896                    // 000000008A6C: DA9C0380 13000081
	s_waitcnt lgkmcnt(0)                                       // 000000008A74: BF89FC07
	ds_swizzle_b32 v20, v16 offset:swizzle(SWAP,16)            // 000000008A78: D8D4401F 14000010
	ds_swizzle_b32 v21, v17 offset:swizzle(SWAP,16)            // 000000008A80: D8D4401F 15000011
	ds_swizzle_b32 v22, v18 offset:swizzle(SWAP,16)            // 000000008A88: D8D4401F 16000012
	ds_swizzle_b32 v23, v19 offset:swizzle(SWAP,16)            // 000000008A90: D8D4401F 17000013
	s_waitcnt lgkmcnt(0)                                       // 000000008A98: BF89FC07
	v_wmma_f32_16x16x16_bf16 v[104:111], v[8:15], v[16:23], v[104:111]// 000000008A9C: CC414068 1DA22108
	v_lshlrev_b32_e32 v129, 10, v4                             // 000000008AA4: 3102088A
	v_lshl_add_u32 v129, v3, 1, v129                           // 000000008AA8: D6460081 06050303
	v_add_nc_u32_e32 v129, 0x2040, v129                        // 000000008AB0: 4B0302FF 00002040
	ds_load_u16 v16, v129                                      // 000000008AB8: D8F00000 10000081
	ds_load_u16_d16_hi v16, v129 offset:128                    // 000000008AC0: DA9C0080 10000081
	ds_load_u16 v17, v129 offset:256                           // 000000008AC8: D8F00100 11000081
	ds_load_u16_d16_hi v17, v129 offset:384                    // 000000008AD0: DA9C0180 11000081
	ds_load_u16 v18, v129 offset:512                           // 000000008AD8: D8F00200 12000081
	ds_load_u16_d16_hi v18, v129 offset:640                    // 000000008AE0: DA9C0280 12000081
	ds_load_u16 v19, v129 offset:768                           // 000000008AE8: D8F00300 13000081
	ds_load_u16_d16_hi v19, v129 offset:896                    // 000000008AF0: DA9C0380 13000081
	s_waitcnt lgkmcnt(0)                                       // 000000008AF8: BF89FC07
	ds_swizzle_b32 v20, v16 offset:swizzle(SWAP,16)            // 000000008AFC: D8D4401F 14000010
	ds_swizzle_b32 v21, v17 offset:swizzle(SWAP,16)            // 000000008B04: D8D4401F 15000011
	ds_swizzle_b32 v22, v18 offset:swizzle(SWAP,16)            // 000000008B0C: D8D4401F 16000012
	ds_swizzle_b32 v23, v19 offset:swizzle(SWAP,16)            // 000000008B14: D8D4401F 17000013
	s_waitcnt lgkmcnt(0)                                       // 000000008B1C: BF89FC07
	v_wmma_f32_16x16x16_bf16 v[112:119], v[8:15], v[16:23], v[112:119]// 000000008B20: CC414070 1DC22108
	v_lshlrev_b32_e32 v129, 10, v4                             // 000000008B28: 3102088A
	v_lshl_add_u32 v129, v3, 1, v129                           // 000000008B2C: D6460081 06050303
	v_add_nc_u32_e32 v129, 0x2060, v129                        // 000000008B34: 4B0302FF 00002060
	ds_load_u16 v16, v129                                      // 000000008B3C: D8F00000 10000081
	ds_load_u16_d16_hi v16, v129 offset:128                    // 000000008B44: DA9C0080 10000081
	ds_load_u16 v17, v129 offset:256                           // 000000008B4C: D8F00100 11000081
	ds_load_u16_d16_hi v17, v129 offset:384                    // 000000008B54: DA9C0180 11000081
	ds_load_u16 v18, v129 offset:512                           // 000000008B5C: D8F00200 12000081
	ds_load_u16_d16_hi v18, v129 offset:640                    // 000000008B64: DA9C0280 12000081
	ds_load_u16 v19, v129 offset:768                           // 000000008B6C: D8F00300 13000081
	ds_load_u16_d16_hi v19, v129 offset:896                    // 000000008B74: DA9C0380 13000081
	s_waitcnt lgkmcnt(0)                                       // 000000008B7C: BF89FC07
	ds_swizzle_b32 v20, v16 offset:swizzle(SWAP,16)            // 000000008B80: D8D4401F 14000010
	ds_swizzle_b32 v21, v17 offset:swizzle(SWAP,16)            // 000000008B88: D8D4401F 15000011
	ds_swizzle_b32 v22, v18 offset:swizzle(SWAP,16)            // 000000008B90: D8D4401F 16000012
	ds_swizzle_b32 v23, v19 offset:swizzle(SWAP,16)            // 000000008B98: D8D4401F 17000013
	s_waitcnt lgkmcnt(0)                                       // 000000008BA0: BF89FC07
	v_wmma_f32_16x16x16_bf16 v[120:127], v[8:15], v[16:23], v[120:127]// 000000008BA4: CC414078 1DE22108
	ds_load_b128 v[8:11], v5 offset:32                         // 000000008BAC: DBFC0020 08000005
	s_waitcnt lgkmcnt(0)                                       // 000000008BB4: BF89FC07
	ds_swizzle_b32 v12, v8 offset:swizzle(SWAP,16)             // 000000008BB8: D8D4401F 0C000008
	ds_swizzle_b32 v13, v9 offset:swizzle(SWAP,16)             // 000000008BC0: D8D4401F 0D000009
	ds_swizzle_b32 v14, v10 offset:swizzle(SWAP,16)            // 000000008BC8: D8D4401F 0E00000A
	ds_swizzle_b32 v15, v11 offset:swizzle(SWAP,16)            // 000000008BD0: D8D4401F 0F00000B
	s_waitcnt lgkmcnt(0)                                       // 000000008BD8: BF89FC07
	v_lshlrev_b32_e32 v129, 10, v4                             // 000000008BDC: 3102088A
	v_lshl_add_u32 v129, v3, 1, v129                           // 000000008BE0: D6460081 06050303
	v_add_nc_u32_e32 v129, 0x2800, v129                        // 000000008BE8: 4B0302FF 00002800
	ds_load_u16 v16, v129                                      // 000000008BF0: D8F00000 10000081
	ds_load_u16_d16_hi v16, v129 offset:128                    // 000000008BF8: DA9C0080 10000081
	ds_load_u16 v17, v129 offset:256                           // 000000008C00: D8F00100 11000081
	ds_load_u16_d16_hi v17, v129 offset:384                    // 000000008C08: DA9C0180 11000081
	ds_load_u16 v18, v129 offset:512                           // 000000008C10: D8F00200 12000081
	ds_load_u16_d16_hi v18, v129 offset:640                    // 000000008C18: DA9C0280 12000081
	ds_load_u16 v19, v129 offset:768                           // 000000008C20: D8F00300 13000081
	ds_load_u16_d16_hi v19, v129 offset:896                    // 000000008C28: DA9C0380 13000081
	s_waitcnt lgkmcnt(0)                                       // 000000008C30: BF89FC07
	ds_swizzle_b32 v20, v16 offset:swizzle(SWAP,16)            // 000000008C34: D8D4401F 14000010
	ds_swizzle_b32 v21, v17 offset:swizzle(SWAP,16)            // 000000008C3C: D8D4401F 15000011
	ds_swizzle_b32 v22, v18 offset:swizzle(SWAP,16)            // 000000008C44: D8D4401F 16000012
	ds_swizzle_b32 v23, v19 offset:swizzle(SWAP,16)            // 000000008C4C: D8D4401F 17000013
	s_waitcnt lgkmcnt(0)                                       // 000000008C54: BF89FC07
	v_wmma_f32_16x16x16_bf16 v[64:71], v[8:15], v[16:23], v[64:71]// 000000008C58: CC414040 1D022108
	v_lshlrev_b32_e32 v129, 10, v4                             // 000000008C60: 3102088A
	v_lshl_add_u32 v129, v3, 1, v129                           // 000000008C64: D6460081 06050303
	v_add_nc_u32_e32 v129, 0x2820, v129                        // 000000008C6C: 4B0302FF 00002820
	ds_load_u16 v16, v129                                      // 000000008C74: D8F00000 10000081
	ds_load_u16_d16_hi v16, v129 offset:128                    // 000000008C7C: DA9C0080 10000081
	ds_load_u16 v17, v129 offset:256                           // 000000008C84: D8F00100 11000081
	ds_load_u16_d16_hi v17, v129 offset:384                    // 000000008C8C: DA9C0180 11000081
	ds_load_u16 v18, v129 offset:512                           // 000000008C94: D8F00200 12000081
	ds_load_u16_d16_hi v18, v129 offset:640                    // 000000008C9C: DA9C0280 12000081
	ds_load_u16 v19, v129 offset:768                           // 000000008CA4: D8F00300 13000081
	ds_load_u16_d16_hi v19, v129 offset:896                    // 000000008CAC: DA9C0380 13000081
	s_waitcnt lgkmcnt(0)                                       // 000000008CB4: BF89FC07
	ds_swizzle_b32 v20, v16 offset:swizzle(SWAP,16)            // 000000008CB8: D8D4401F 14000010
	ds_swizzle_b32 v21, v17 offset:swizzle(SWAP,16)            // 000000008CC0: D8D4401F 15000011
	ds_swizzle_b32 v22, v18 offset:swizzle(SWAP,16)            // 000000008CC8: D8D4401F 16000012
	ds_swizzle_b32 v23, v19 offset:swizzle(SWAP,16)            // 000000008CD0: D8D4401F 17000013
	s_waitcnt lgkmcnt(0)                                       // 000000008CD8: BF89FC07
	v_wmma_f32_16x16x16_bf16 v[72:79], v[8:15], v[16:23], v[72:79]// 000000008CDC: CC414048 1D222108
	v_lshlrev_b32_e32 v129, 10, v4                             // 000000008CE4: 3102088A
	v_lshl_add_u32 v129, v3, 1, v129                           // 000000008CE8: D6460081 06050303
	v_add_nc_u32_e32 v129, 0x2840, v129                        // 000000008CF0: 4B0302FF 00002840
	ds_load_u16 v16, v129                                      // 000000008CF8: D8F00000 10000081
	ds_load_u16_d16_hi v16, v129 offset:128                    // 000000008D00: DA9C0080 10000081
	ds_load_u16 v17, v129 offset:256                           // 000000008D08: D8F00100 11000081
	ds_load_u16_d16_hi v17, v129 offset:384                    // 000000008D10: DA9C0180 11000081
	ds_load_u16 v18, v129 offset:512                           // 000000008D18: D8F00200 12000081
	ds_load_u16_d16_hi v18, v129 offset:640                    // 000000008D20: DA9C0280 12000081
	ds_load_u16 v19, v129 offset:768                           // 000000008D28: D8F00300 13000081
	ds_load_u16_d16_hi v19, v129 offset:896                    // 000000008D30: DA9C0380 13000081
	s_waitcnt lgkmcnt(0)                                       // 000000008D38: BF89FC07
	ds_swizzle_b32 v20, v16 offset:swizzle(SWAP,16)            // 000000008D3C: D8D4401F 14000010
	ds_swizzle_b32 v21, v17 offset:swizzle(SWAP,16)            // 000000008D44: D8D4401F 15000011
	ds_swizzle_b32 v22, v18 offset:swizzle(SWAP,16)            // 000000008D4C: D8D4401F 16000012
	ds_swizzle_b32 v23, v19 offset:swizzle(SWAP,16)            // 000000008D54: D8D4401F 17000013
	s_waitcnt lgkmcnt(0)                                       // 000000008D5C: BF89FC07
	v_wmma_f32_16x16x16_bf16 v[80:87], v[8:15], v[16:23], v[80:87]// 000000008D60: CC414050 1D422108
	v_lshlrev_b32_e32 v129, 10, v4                             // 000000008D68: 3102088A
	v_lshl_add_u32 v129, v3, 1, v129                           // 000000008D6C: D6460081 06050303
	v_add_nc_u32_e32 v129, 0x2860, v129                        // 000000008D74: 4B0302FF 00002860
	ds_load_u16 v16, v129                                      // 000000008D7C: D8F00000 10000081
	ds_load_u16_d16_hi v16, v129 offset:128                    // 000000008D84: DA9C0080 10000081
	ds_load_u16 v17, v129 offset:256                           // 000000008D8C: D8F00100 11000081
	ds_load_u16_d16_hi v17, v129 offset:384                    // 000000008D94: DA9C0180 11000081
	ds_load_u16 v18, v129 offset:512                           // 000000008D9C: D8F00200 12000081
	ds_load_u16_d16_hi v18, v129 offset:640                    // 000000008DA4: DA9C0280 12000081
	ds_load_u16 v19, v129 offset:768                           // 000000008DAC: D8F00300 13000081
	ds_load_u16_d16_hi v19, v129 offset:896                    // 000000008DB4: DA9C0380 13000081
	s_waitcnt lgkmcnt(0)                                       // 000000008DBC: BF89FC07
	ds_swizzle_b32 v20, v16 offset:swizzle(SWAP,16)            // 000000008DC0: D8D4401F 14000010
	ds_swizzle_b32 v21, v17 offset:swizzle(SWAP,16)            // 000000008DC8: D8D4401F 15000011
	ds_swizzle_b32 v22, v18 offset:swizzle(SWAP,16)            // 000000008DD0: D8D4401F 16000012
	ds_swizzle_b32 v23, v19 offset:swizzle(SWAP,16)            // 000000008DD8: D8D4401F 17000013
	s_waitcnt lgkmcnt(0)                                       // 000000008DE0: BF89FC07
	v_wmma_f32_16x16x16_bf16 v[88:95], v[8:15], v[16:23], v[88:95]// 000000008DE4: CC414058 1D622108
	ds_load_b128 v[8:11], v7 offset:32                         // 000000008DEC: DBFC0020 08000007
	s_waitcnt lgkmcnt(0)                                       // 000000008DF4: BF89FC07
	ds_swizzle_b32 v12, v8 offset:swizzle(SWAP,16)             // 000000008DF8: D8D4401F 0C000008
	ds_swizzle_b32 v13, v9 offset:swizzle(SWAP,16)             // 000000008E00: D8D4401F 0D000009
	ds_swizzle_b32 v14, v10 offset:swizzle(SWAP,16)            // 000000008E08: D8D4401F 0E00000A
	ds_swizzle_b32 v15, v11 offset:swizzle(SWAP,16)            // 000000008E10: D8D4401F 0F00000B
	s_waitcnt lgkmcnt(0)                                       // 000000008E18: BF89FC07
	v_lshlrev_b32_e32 v129, 10, v4                             // 000000008E1C: 3102088A
	v_lshl_add_u32 v129, v3, 1, v129                           // 000000008E20: D6460081 06050303
	v_add_nc_u32_e32 v129, 0x2800, v129                        // 000000008E28: 4B0302FF 00002800
	ds_load_u16 v16, v129                                      // 000000008E30: D8F00000 10000081
	ds_load_u16_d16_hi v16, v129 offset:128                    // 000000008E38: DA9C0080 10000081
	ds_load_u16 v17, v129 offset:256                           // 000000008E40: D8F00100 11000081
	ds_load_u16_d16_hi v17, v129 offset:384                    // 000000008E48: DA9C0180 11000081
	ds_load_u16 v18, v129 offset:512                           // 000000008E50: D8F00200 12000081
	ds_load_u16_d16_hi v18, v129 offset:640                    // 000000008E58: DA9C0280 12000081
	ds_load_u16 v19, v129 offset:768                           // 000000008E60: D8F00300 13000081
	ds_load_u16_d16_hi v19, v129 offset:896                    // 000000008E68: DA9C0380 13000081
	s_waitcnt lgkmcnt(0)                                       // 000000008E70: BF89FC07
	ds_swizzle_b32 v20, v16 offset:swizzle(SWAP,16)            // 000000008E74: D8D4401F 14000010
	ds_swizzle_b32 v21, v17 offset:swizzle(SWAP,16)            // 000000008E7C: D8D4401F 15000011
	ds_swizzle_b32 v22, v18 offset:swizzle(SWAP,16)            // 000000008E84: D8D4401F 16000012
	ds_swizzle_b32 v23, v19 offset:swizzle(SWAP,16)            // 000000008E8C: D8D4401F 17000013
	s_waitcnt lgkmcnt(0)                                       // 000000008E94: BF89FC07
	v_wmma_f32_16x16x16_bf16 v[96:103], v[8:15], v[16:23], v[96:103]// 000000008E98: CC414060 1D822108
	v_lshlrev_b32_e32 v129, 10, v4                             // 000000008EA0: 3102088A
	v_lshl_add_u32 v129, v3, 1, v129                           // 000000008EA4: D6460081 06050303
	v_add_nc_u32_e32 v129, 0x2820, v129                        // 000000008EAC: 4B0302FF 00002820
	ds_load_u16 v16, v129                                      // 000000008EB4: D8F00000 10000081
	ds_load_u16_d16_hi v16, v129 offset:128                    // 000000008EBC: DA9C0080 10000081
	ds_load_u16 v17, v129 offset:256                           // 000000008EC4: D8F00100 11000081
	ds_load_u16_d16_hi v17, v129 offset:384                    // 000000008ECC: DA9C0180 11000081
	ds_load_u16 v18, v129 offset:512                           // 000000008ED4: D8F00200 12000081
	ds_load_u16_d16_hi v18, v129 offset:640                    // 000000008EDC: DA9C0280 12000081
	ds_load_u16 v19, v129 offset:768                           // 000000008EE4: D8F00300 13000081
	ds_load_u16_d16_hi v19, v129 offset:896                    // 000000008EEC: DA9C0380 13000081
	s_waitcnt lgkmcnt(0)                                       // 000000008EF4: BF89FC07
	ds_swizzle_b32 v20, v16 offset:swizzle(SWAP,16)            // 000000008EF8: D8D4401F 14000010
	ds_swizzle_b32 v21, v17 offset:swizzle(SWAP,16)            // 000000008F00: D8D4401F 15000011
	ds_swizzle_b32 v22, v18 offset:swizzle(SWAP,16)            // 000000008F08: D8D4401F 16000012
	ds_swizzle_b32 v23, v19 offset:swizzle(SWAP,16)            // 000000008F10: D8D4401F 17000013
	s_waitcnt lgkmcnt(0)                                       // 000000008F18: BF89FC07
	v_wmma_f32_16x16x16_bf16 v[104:111], v[8:15], v[16:23], v[104:111]// 000000008F1C: CC414068 1DA22108
	v_lshlrev_b32_e32 v129, 10, v4                             // 000000008F24: 3102088A
	v_lshl_add_u32 v129, v3, 1, v129                           // 000000008F28: D6460081 06050303
	v_add_nc_u32_e32 v129, 0x2840, v129                        // 000000008F30: 4B0302FF 00002840
	ds_load_u16 v16, v129                                      // 000000008F38: D8F00000 10000081
	ds_load_u16_d16_hi v16, v129 offset:128                    // 000000008F40: DA9C0080 10000081
	ds_load_u16 v17, v129 offset:256                           // 000000008F48: D8F00100 11000081
	ds_load_u16_d16_hi v17, v129 offset:384                    // 000000008F50: DA9C0180 11000081
	ds_load_u16 v18, v129 offset:512                           // 000000008F58: D8F00200 12000081
	ds_load_u16_d16_hi v18, v129 offset:640                    // 000000008F60: DA9C0280 12000081
	ds_load_u16 v19, v129 offset:768                           // 000000008F68: D8F00300 13000081
	ds_load_u16_d16_hi v19, v129 offset:896                    // 000000008F70: DA9C0380 13000081
	s_waitcnt lgkmcnt(0)                                       // 000000008F78: BF89FC07
	ds_swizzle_b32 v20, v16 offset:swizzle(SWAP,16)            // 000000008F7C: D8D4401F 14000010
	ds_swizzle_b32 v21, v17 offset:swizzle(SWAP,16)            // 000000008F84: D8D4401F 15000011
	ds_swizzle_b32 v22, v18 offset:swizzle(SWAP,16)            // 000000008F8C: D8D4401F 16000012
	ds_swizzle_b32 v23, v19 offset:swizzle(SWAP,16)            // 000000008F94: D8D4401F 17000013
	s_waitcnt lgkmcnt(0)                                       // 000000008F9C: BF89FC07
	v_wmma_f32_16x16x16_bf16 v[112:119], v[8:15], v[16:23], v[112:119]// 000000008FA0: CC414070 1DC22108
	v_lshlrev_b32_e32 v129, 10, v4                             // 000000008FA8: 3102088A
	v_lshl_add_u32 v129, v3, 1, v129                           // 000000008FAC: D6460081 06050303
	v_add_nc_u32_e32 v129, 0x2860, v129                        // 000000008FB4: 4B0302FF 00002860
	ds_load_u16 v16, v129                                      // 000000008FBC: D8F00000 10000081
	ds_load_u16_d16_hi v16, v129 offset:128                    // 000000008FC4: DA9C0080 10000081
	ds_load_u16 v17, v129 offset:256                           // 000000008FCC: D8F00100 11000081
	ds_load_u16_d16_hi v17, v129 offset:384                    // 000000008FD4: DA9C0180 11000081
	ds_load_u16 v18, v129 offset:512                           // 000000008FDC: D8F00200 12000081
	ds_load_u16_d16_hi v18, v129 offset:640                    // 000000008FE4: DA9C0280 12000081
	ds_load_u16 v19, v129 offset:768                           // 000000008FEC: D8F00300 13000081
	ds_load_u16_d16_hi v19, v129 offset:896                    // 000000008FF4: DA9C0380 13000081
	s_waitcnt lgkmcnt(0)                                       // 000000008FFC: BF89FC07
	ds_swizzle_b32 v20, v16 offset:swizzle(SWAP,16)            // 000000009000: D8D4401F 14000010
	ds_swizzle_b32 v21, v17 offset:swizzle(SWAP,16)            // 000000009008: D8D4401F 15000011
	ds_swizzle_b32 v22, v18 offset:swizzle(SWAP,16)            // 000000009010: D8D4401F 16000012
	ds_swizzle_b32 v23, v19 offset:swizzle(SWAP,16)            // 000000009018: D8D4401F 17000013
	s_waitcnt lgkmcnt(0)                                       // 000000009020: BF89FC07
	v_wmma_f32_16x16x16_bf16 v[120:127], v[8:15], v[16:23], v[120:127]// 000000009024: CC414078 1DE22108
	ds_load_b128 v[8:11], v5 offset:64                         // 00000000902C: DBFC0040 08000005
	s_waitcnt lgkmcnt(0)                                       // 000000009034: BF89FC07
	ds_swizzle_b32 v12, v8 offset:swizzle(SWAP,16)             // 000000009038: D8D4401F 0C000008
	ds_swizzle_b32 v13, v9 offset:swizzle(SWAP,16)             // 000000009040: D8D4401F 0D000009
	ds_swizzle_b32 v14, v10 offset:swizzle(SWAP,16)            // 000000009048: D8D4401F 0E00000A
	ds_swizzle_b32 v15, v11 offset:swizzle(SWAP,16)            // 000000009050: D8D4401F 0F00000B
	s_waitcnt lgkmcnt(0)                                       // 000000009058: BF89FC07
	v_lshlrev_b32_e32 v129, 10, v4                             // 00000000905C: 3102088A
	v_lshl_add_u32 v129, v3, 1, v129                           // 000000009060: D6460081 06050303
	v_add_nc_u32_e32 v129, 0x3000, v129                        // 000000009068: 4B0302FF 00003000
	ds_load_u16 v16, v129                                      // 000000009070: D8F00000 10000081
	ds_load_u16_d16_hi v16, v129 offset:128                    // 000000009078: DA9C0080 10000081
	ds_load_u16 v17, v129 offset:256                           // 000000009080: D8F00100 11000081
	ds_load_u16_d16_hi v17, v129 offset:384                    // 000000009088: DA9C0180 11000081
	ds_load_u16 v18, v129 offset:512                           // 000000009090: D8F00200 12000081
	ds_load_u16_d16_hi v18, v129 offset:640                    // 000000009098: DA9C0280 12000081
	ds_load_u16 v19, v129 offset:768                           // 0000000090A0: D8F00300 13000081
	ds_load_u16_d16_hi v19, v129 offset:896                    // 0000000090A8: DA9C0380 13000081
	s_waitcnt lgkmcnt(0)                                       // 0000000090B0: BF89FC07
	ds_swizzle_b32 v20, v16 offset:swizzle(SWAP,16)            // 0000000090B4: D8D4401F 14000010
	ds_swizzle_b32 v21, v17 offset:swizzle(SWAP,16)            // 0000000090BC: D8D4401F 15000011
	ds_swizzle_b32 v22, v18 offset:swizzle(SWAP,16)            // 0000000090C4: D8D4401F 16000012
	ds_swizzle_b32 v23, v19 offset:swizzle(SWAP,16)            // 0000000090CC: D8D4401F 17000013
	s_waitcnt lgkmcnt(0)                                       // 0000000090D4: BF89FC07
	v_wmma_f32_16x16x16_bf16 v[64:71], v[8:15], v[16:23], v[64:71]// 0000000090D8: CC414040 1D022108
	v_lshlrev_b32_e32 v129, 10, v4                             // 0000000090E0: 3102088A
	v_lshl_add_u32 v129, v3, 1, v129                           // 0000000090E4: D6460081 06050303
	v_add_nc_u32_e32 v129, 0x3020, v129                        // 0000000090EC: 4B0302FF 00003020
	ds_load_u16 v16, v129                                      // 0000000090F4: D8F00000 10000081
	ds_load_u16_d16_hi v16, v129 offset:128                    // 0000000090FC: DA9C0080 10000081
	ds_load_u16 v17, v129 offset:256                           // 000000009104: D8F00100 11000081
	ds_load_u16_d16_hi v17, v129 offset:384                    // 00000000910C: DA9C0180 11000081
	ds_load_u16 v18, v129 offset:512                           // 000000009114: D8F00200 12000081
	ds_load_u16_d16_hi v18, v129 offset:640                    // 00000000911C: DA9C0280 12000081
	ds_load_u16 v19, v129 offset:768                           // 000000009124: D8F00300 13000081
	ds_load_u16_d16_hi v19, v129 offset:896                    // 00000000912C: DA9C0380 13000081
	s_waitcnt lgkmcnt(0)                                       // 000000009134: BF89FC07
	ds_swizzle_b32 v20, v16 offset:swizzle(SWAP,16)            // 000000009138: D8D4401F 14000010
	ds_swizzle_b32 v21, v17 offset:swizzle(SWAP,16)            // 000000009140: D8D4401F 15000011
	ds_swizzle_b32 v22, v18 offset:swizzle(SWAP,16)            // 000000009148: D8D4401F 16000012
	ds_swizzle_b32 v23, v19 offset:swizzle(SWAP,16)            // 000000009150: D8D4401F 17000013
	s_waitcnt lgkmcnt(0)                                       // 000000009158: BF89FC07
	v_wmma_f32_16x16x16_bf16 v[72:79], v[8:15], v[16:23], v[72:79]// 00000000915C: CC414048 1D222108
	v_lshlrev_b32_e32 v129, 10, v4                             // 000000009164: 3102088A
	v_lshl_add_u32 v129, v3, 1, v129                           // 000000009168: D6460081 06050303
	v_add_nc_u32_e32 v129, 0x3040, v129                        // 000000009170: 4B0302FF 00003040
	ds_load_u16 v16, v129                                      // 000000009178: D8F00000 10000081
	ds_load_u16_d16_hi v16, v129 offset:128                    // 000000009180: DA9C0080 10000081
	ds_load_u16 v17, v129 offset:256                           // 000000009188: D8F00100 11000081
	ds_load_u16_d16_hi v17, v129 offset:384                    // 000000009190: DA9C0180 11000081
	ds_load_u16 v18, v129 offset:512                           // 000000009198: D8F00200 12000081
	ds_load_u16_d16_hi v18, v129 offset:640                    // 0000000091A0: DA9C0280 12000081
	ds_load_u16 v19, v129 offset:768                           // 0000000091A8: D8F00300 13000081
	ds_load_u16_d16_hi v19, v129 offset:896                    // 0000000091B0: DA9C0380 13000081
	s_waitcnt lgkmcnt(0)                                       // 0000000091B8: BF89FC07
	ds_swizzle_b32 v20, v16 offset:swizzle(SWAP,16)            // 0000000091BC: D8D4401F 14000010
	ds_swizzle_b32 v21, v17 offset:swizzle(SWAP,16)            // 0000000091C4: D8D4401F 15000011
	ds_swizzle_b32 v22, v18 offset:swizzle(SWAP,16)            // 0000000091CC: D8D4401F 16000012
	ds_swizzle_b32 v23, v19 offset:swizzle(SWAP,16)            // 0000000091D4: D8D4401F 17000013
	s_waitcnt lgkmcnt(0)                                       // 0000000091DC: BF89FC07
	v_wmma_f32_16x16x16_bf16 v[80:87], v[8:15], v[16:23], v[80:87]// 0000000091E0: CC414050 1D422108
	v_lshlrev_b32_e32 v129, 10, v4                             // 0000000091E8: 3102088A
	v_lshl_add_u32 v129, v3, 1, v129                           // 0000000091EC: D6460081 06050303
	v_add_nc_u32_e32 v129, 0x3060, v129                        // 0000000091F4: 4B0302FF 00003060
	ds_load_u16 v16, v129                                      // 0000000091FC: D8F00000 10000081
	ds_load_u16_d16_hi v16, v129 offset:128                    // 000000009204: DA9C0080 10000081
	ds_load_u16 v17, v129 offset:256                           // 00000000920C: D8F00100 11000081
	ds_load_u16_d16_hi v17, v129 offset:384                    // 000000009214: DA9C0180 11000081
	ds_load_u16 v18, v129 offset:512                           // 00000000921C: D8F00200 12000081
	ds_load_u16_d16_hi v18, v129 offset:640                    // 000000009224: DA9C0280 12000081
	ds_load_u16 v19, v129 offset:768                           // 00000000922C: D8F00300 13000081
	ds_load_u16_d16_hi v19, v129 offset:896                    // 000000009234: DA9C0380 13000081
	s_waitcnt lgkmcnt(0)                                       // 00000000923C: BF89FC07
	ds_swizzle_b32 v20, v16 offset:swizzle(SWAP,16)            // 000000009240: D8D4401F 14000010
	ds_swizzle_b32 v21, v17 offset:swizzle(SWAP,16)            // 000000009248: D8D4401F 15000011
	ds_swizzle_b32 v22, v18 offset:swizzle(SWAP,16)            // 000000009250: D8D4401F 16000012
	ds_swizzle_b32 v23, v19 offset:swizzle(SWAP,16)            // 000000009258: D8D4401F 17000013
	s_waitcnt lgkmcnt(0)                                       // 000000009260: BF89FC07
	v_wmma_f32_16x16x16_bf16 v[88:95], v[8:15], v[16:23], v[88:95]// 000000009264: CC414058 1D622108
	ds_load_b128 v[8:11], v7 offset:64                         // 00000000926C: DBFC0040 08000007
	s_waitcnt lgkmcnt(0)                                       // 000000009274: BF89FC07
	ds_swizzle_b32 v12, v8 offset:swizzle(SWAP,16)             // 000000009278: D8D4401F 0C000008
	ds_swizzle_b32 v13, v9 offset:swizzle(SWAP,16)             // 000000009280: D8D4401F 0D000009
	ds_swizzle_b32 v14, v10 offset:swizzle(SWAP,16)            // 000000009288: D8D4401F 0E00000A
	ds_swizzle_b32 v15, v11 offset:swizzle(SWAP,16)            // 000000009290: D8D4401F 0F00000B
	s_waitcnt lgkmcnt(0)                                       // 000000009298: BF89FC07
	v_lshlrev_b32_e32 v129, 10, v4                             // 00000000929C: 3102088A
	v_lshl_add_u32 v129, v3, 1, v129                           // 0000000092A0: D6460081 06050303
	v_add_nc_u32_e32 v129, 0x3000, v129                        // 0000000092A8: 4B0302FF 00003000
	ds_load_u16 v16, v129                                      // 0000000092B0: D8F00000 10000081
	ds_load_u16_d16_hi v16, v129 offset:128                    // 0000000092B8: DA9C0080 10000081
	ds_load_u16 v17, v129 offset:256                           // 0000000092C0: D8F00100 11000081
	ds_load_u16_d16_hi v17, v129 offset:384                    // 0000000092C8: DA9C0180 11000081
	ds_load_u16 v18, v129 offset:512                           // 0000000092D0: D8F00200 12000081
	ds_load_u16_d16_hi v18, v129 offset:640                    // 0000000092D8: DA9C0280 12000081
	ds_load_u16 v19, v129 offset:768                           // 0000000092E0: D8F00300 13000081
	ds_load_u16_d16_hi v19, v129 offset:896                    // 0000000092E8: DA9C0380 13000081
	s_waitcnt lgkmcnt(0)                                       // 0000000092F0: BF89FC07
	ds_swizzle_b32 v20, v16 offset:swizzle(SWAP,16)            // 0000000092F4: D8D4401F 14000010
	ds_swizzle_b32 v21, v17 offset:swizzle(SWAP,16)            // 0000000092FC: D8D4401F 15000011
	ds_swizzle_b32 v22, v18 offset:swizzle(SWAP,16)            // 000000009304: D8D4401F 16000012
	ds_swizzle_b32 v23, v19 offset:swizzle(SWAP,16)            // 00000000930C: D8D4401F 17000013
	s_waitcnt lgkmcnt(0)                                       // 000000009314: BF89FC07
	v_wmma_f32_16x16x16_bf16 v[96:103], v[8:15], v[16:23], v[96:103]// 000000009318: CC414060 1D822108
	v_lshlrev_b32_e32 v129, 10, v4                             // 000000009320: 3102088A
	v_lshl_add_u32 v129, v3, 1, v129                           // 000000009324: D6460081 06050303
	v_add_nc_u32_e32 v129, 0x3020, v129                        // 00000000932C: 4B0302FF 00003020
	ds_load_u16 v16, v129                                      // 000000009334: D8F00000 10000081
	ds_load_u16_d16_hi v16, v129 offset:128                    // 00000000933C: DA9C0080 10000081
	ds_load_u16 v17, v129 offset:256                           // 000000009344: D8F00100 11000081
	ds_load_u16_d16_hi v17, v129 offset:384                    // 00000000934C: DA9C0180 11000081
	ds_load_u16 v18, v129 offset:512                           // 000000009354: D8F00200 12000081
	ds_load_u16_d16_hi v18, v129 offset:640                    // 00000000935C: DA9C0280 12000081
	ds_load_u16 v19, v129 offset:768                           // 000000009364: D8F00300 13000081
	ds_load_u16_d16_hi v19, v129 offset:896                    // 00000000936C: DA9C0380 13000081
	s_waitcnt lgkmcnt(0)                                       // 000000009374: BF89FC07
	ds_swizzle_b32 v20, v16 offset:swizzle(SWAP,16)            // 000000009378: D8D4401F 14000010
	ds_swizzle_b32 v21, v17 offset:swizzle(SWAP,16)            // 000000009380: D8D4401F 15000011
	ds_swizzle_b32 v22, v18 offset:swizzle(SWAP,16)            // 000000009388: D8D4401F 16000012
	ds_swizzle_b32 v23, v19 offset:swizzle(SWAP,16)            // 000000009390: D8D4401F 17000013
	s_waitcnt lgkmcnt(0)                                       // 000000009398: BF89FC07
	v_wmma_f32_16x16x16_bf16 v[104:111], v[8:15], v[16:23], v[104:111]// 00000000939C: CC414068 1DA22108
	v_lshlrev_b32_e32 v129, 10, v4                             // 0000000093A4: 3102088A
	v_lshl_add_u32 v129, v3, 1, v129                           // 0000000093A8: D6460081 06050303
	v_add_nc_u32_e32 v129, 0x3040, v129                        // 0000000093B0: 4B0302FF 00003040
	ds_load_u16 v16, v129                                      // 0000000093B8: D8F00000 10000081
	ds_load_u16_d16_hi v16, v129 offset:128                    // 0000000093C0: DA9C0080 10000081
	ds_load_u16 v17, v129 offset:256                           // 0000000093C8: D8F00100 11000081
	ds_load_u16_d16_hi v17, v129 offset:384                    // 0000000093D0: DA9C0180 11000081
	ds_load_u16 v18, v129 offset:512                           // 0000000093D8: D8F00200 12000081
	ds_load_u16_d16_hi v18, v129 offset:640                    // 0000000093E0: DA9C0280 12000081
	ds_load_u16 v19, v129 offset:768                           // 0000000093E8: D8F00300 13000081
	ds_load_u16_d16_hi v19, v129 offset:896                    // 0000000093F0: DA9C0380 13000081
	s_waitcnt lgkmcnt(0)                                       // 0000000093F8: BF89FC07
	ds_swizzle_b32 v20, v16 offset:swizzle(SWAP,16)            // 0000000093FC: D8D4401F 14000010
	ds_swizzle_b32 v21, v17 offset:swizzle(SWAP,16)            // 000000009404: D8D4401F 15000011
	ds_swizzle_b32 v22, v18 offset:swizzle(SWAP,16)            // 00000000940C: D8D4401F 16000012
	ds_swizzle_b32 v23, v19 offset:swizzle(SWAP,16)            // 000000009414: D8D4401F 17000013
	s_waitcnt lgkmcnt(0)                                       // 00000000941C: BF89FC07
	v_wmma_f32_16x16x16_bf16 v[112:119], v[8:15], v[16:23], v[112:119]// 000000009420: CC414070 1DC22108
	v_lshlrev_b32_e32 v129, 10, v4                             // 000000009428: 3102088A
	v_lshl_add_u32 v129, v3, 1, v129                           // 00000000942C: D6460081 06050303
	v_add_nc_u32_e32 v129, 0x3060, v129                        // 000000009434: 4B0302FF 00003060
	ds_load_u16 v16, v129                                      // 00000000943C: D8F00000 10000081
	ds_load_u16_d16_hi v16, v129 offset:128                    // 000000009444: DA9C0080 10000081
	ds_load_u16 v17, v129 offset:256                           // 00000000944C: D8F00100 11000081
	ds_load_u16_d16_hi v17, v129 offset:384                    // 000000009454: DA9C0180 11000081
	ds_load_u16 v18, v129 offset:512                           // 00000000945C: D8F00200 12000081
	ds_load_u16_d16_hi v18, v129 offset:640                    // 000000009464: DA9C0280 12000081
	ds_load_u16 v19, v129 offset:768                           // 00000000946C: D8F00300 13000081
	ds_load_u16_d16_hi v19, v129 offset:896                    // 000000009474: DA9C0380 13000081
	s_waitcnt lgkmcnt(0)                                       // 00000000947C: BF89FC07
	ds_swizzle_b32 v20, v16 offset:swizzle(SWAP,16)            // 000000009480: D8D4401F 14000010
	ds_swizzle_b32 v21, v17 offset:swizzle(SWAP,16)            // 000000009488: D8D4401F 15000011
	ds_swizzle_b32 v22, v18 offset:swizzle(SWAP,16)            // 000000009490: D8D4401F 16000012
	ds_swizzle_b32 v23, v19 offset:swizzle(SWAP,16)            // 000000009498: D8D4401F 17000013
	s_waitcnt lgkmcnt(0)                                       // 0000000094A0: BF89FC07
	v_wmma_f32_16x16x16_bf16 v[120:127], v[8:15], v[16:23], v[120:127]// 0000000094A4: CC414078 1DE22108
	ds_load_b128 v[8:11], v5 offset:96                         // 0000000094AC: DBFC0060 08000005
	s_waitcnt lgkmcnt(0)                                       // 0000000094B4: BF89FC07
	ds_swizzle_b32 v12, v8 offset:swizzle(SWAP,16)             // 0000000094B8: D8D4401F 0C000008
	ds_swizzle_b32 v13, v9 offset:swizzle(SWAP,16)             // 0000000094C0: D8D4401F 0D000009
	ds_swizzle_b32 v14, v10 offset:swizzle(SWAP,16)            // 0000000094C8: D8D4401F 0E00000A
	ds_swizzle_b32 v15, v11 offset:swizzle(SWAP,16)            // 0000000094D0: D8D4401F 0F00000B
	s_waitcnt lgkmcnt(0)                                       // 0000000094D8: BF89FC07
	v_lshlrev_b32_e32 v129, 10, v4                             // 0000000094DC: 3102088A
	v_lshl_add_u32 v129, v3, 1, v129                           // 0000000094E0: D6460081 06050303
	v_add_nc_u32_e32 v129, 0x3800, v129                        // 0000000094E8: 4B0302FF 00003800
	ds_load_u16 v16, v129                                      // 0000000094F0: D8F00000 10000081
	ds_load_u16_d16_hi v16, v129 offset:128                    // 0000000094F8: DA9C0080 10000081
	ds_load_u16 v17, v129 offset:256                           // 000000009500: D8F00100 11000081
	ds_load_u16_d16_hi v17, v129 offset:384                    // 000000009508: DA9C0180 11000081
	ds_load_u16 v18, v129 offset:512                           // 000000009510: D8F00200 12000081
	ds_load_u16_d16_hi v18, v129 offset:640                    // 000000009518: DA9C0280 12000081
	ds_load_u16 v19, v129 offset:768                           // 000000009520: D8F00300 13000081
	ds_load_u16_d16_hi v19, v129 offset:896                    // 000000009528: DA9C0380 13000081
	s_waitcnt lgkmcnt(0)                                       // 000000009530: BF89FC07
	ds_swizzle_b32 v20, v16 offset:swizzle(SWAP,16)            // 000000009534: D8D4401F 14000010
	ds_swizzle_b32 v21, v17 offset:swizzle(SWAP,16)            // 00000000953C: D8D4401F 15000011
	ds_swizzle_b32 v22, v18 offset:swizzle(SWAP,16)            // 000000009544: D8D4401F 16000012
	ds_swizzle_b32 v23, v19 offset:swizzle(SWAP,16)            // 00000000954C: D8D4401F 17000013
	s_waitcnt lgkmcnt(0)                                       // 000000009554: BF89FC07
	v_wmma_f32_16x16x16_bf16 v[64:71], v[8:15], v[16:23], v[64:71]// 000000009558: CC414040 1D022108
	v_lshlrev_b32_e32 v129, 10, v4                             // 000000009560: 3102088A
	v_lshl_add_u32 v129, v3, 1, v129                           // 000000009564: D6460081 06050303
	v_add_nc_u32_e32 v129, 0x3820, v129                        // 00000000956C: 4B0302FF 00003820
	ds_load_u16 v16, v129                                      // 000000009574: D8F00000 10000081
	ds_load_u16_d16_hi v16, v129 offset:128                    // 00000000957C: DA9C0080 10000081
	ds_load_u16 v17, v129 offset:256                           // 000000009584: D8F00100 11000081
	ds_load_u16_d16_hi v17, v129 offset:384                    // 00000000958C: DA9C0180 11000081
	ds_load_u16 v18, v129 offset:512                           // 000000009594: D8F00200 12000081
	ds_load_u16_d16_hi v18, v129 offset:640                    // 00000000959C: DA9C0280 12000081
	ds_load_u16 v19, v129 offset:768                           // 0000000095A4: D8F00300 13000081
	ds_load_u16_d16_hi v19, v129 offset:896                    // 0000000095AC: DA9C0380 13000081
	s_waitcnt lgkmcnt(0)                                       // 0000000095B4: BF89FC07
	ds_swizzle_b32 v20, v16 offset:swizzle(SWAP,16)            // 0000000095B8: D8D4401F 14000010
	ds_swizzle_b32 v21, v17 offset:swizzle(SWAP,16)            // 0000000095C0: D8D4401F 15000011
	ds_swizzle_b32 v22, v18 offset:swizzle(SWAP,16)            // 0000000095C8: D8D4401F 16000012
	ds_swizzle_b32 v23, v19 offset:swizzle(SWAP,16)            // 0000000095D0: D8D4401F 17000013
	s_waitcnt lgkmcnt(0)                                       // 0000000095D8: BF89FC07
	v_wmma_f32_16x16x16_bf16 v[72:79], v[8:15], v[16:23], v[72:79]// 0000000095DC: CC414048 1D222108
	v_lshlrev_b32_e32 v129, 10, v4                             // 0000000095E4: 3102088A
	v_lshl_add_u32 v129, v3, 1, v129                           // 0000000095E8: D6460081 06050303
	v_add_nc_u32_e32 v129, 0x3840, v129                        // 0000000095F0: 4B0302FF 00003840
	ds_load_u16 v16, v129                                      // 0000000095F8: D8F00000 10000081
	ds_load_u16_d16_hi v16, v129 offset:128                    // 000000009600: DA9C0080 10000081
	ds_load_u16 v17, v129 offset:256                           // 000000009608: D8F00100 11000081
	ds_load_u16_d16_hi v17, v129 offset:384                    // 000000009610: DA9C0180 11000081
	ds_load_u16 v18, v129 offset:512                           // 000000009618: D8F00200 12000081
	ds_load_u16_d16_hi v18, v129 offset:640                    // 000000009620: DA9C0280 12000081
	ds_load_u16 v19, v129 offset:768                           // 000000009628: D8F00300 13000081
	ds_load_u16_d16_hi v19, v129 offset:896                    // 000000009630: DA9C0380 13000081
	s_waitcnt lgkmcnt(0)                                       // 000000009638: BF89FC07
	ds_swizzle_b32 v20, v16 offset:swizzle(SWAP,16)            // 00000000963C: D8D4401F 14000010
	ds_swizzle_b32 v21, v17 offset:swizzle(SWAP,16)            // 000000009644: D8D4401F 15000011
	ds_swizzle_b32 v22, v18 offset:swizzle(SWAP,16)            // 00000000964C: D8D4401F 16000012
	ds_swizzle_b32 v23, v19 offset:swizzle(SWAP,16)            // 000000009654: D8D4401F 17000013
	s_waitcnt lgkmcnt(0)                                       // 00000000965C: BF89FC07
	v_wmma_f32_16x16x16_bf16 v[80:87], v[8:15], v[16:23], v[80:87]// 000000009660: CC414050 1D422108
	v_lshlrev_b32_e32 v129, 10, v4                             // 000000009668: 3102088A
	v_lshl_add_u32 v129, v3, 1, v129                           // 00000000966C: D6460081 06050303
	v_add_nc_u32_e32 v129, 0x3860, v129                        // 000000009674: 4B0302FF 00003860
	ds_load_u16 v16, v129                                      // 00000000967C: D8F00000 10000081
	ds_load_u16_d16_hi v16, v129 offset:128                    // 000000009684: DA9C0080 10000081
	ds_load_u16 v17, v129 offset:256                           // 00000000968C: D8F00100 11000081
	ds_load_u16_d16_hi v17, v129 offset:384                    // 000000009694: DA9C0180 11000081
	ds_load_u16 v18, v129 offset:512                           // 00000000969C: D8F00200 12000081
	ds_load_u16_d16_hi v18, v129 offset:640                    // 0000000096A4: DA9C0280 12000081
	ds_load_u16 v19, v129 offset:768                           // 0000000096AC: D8F00300 13000081
	ds_load_u16_d16_hi v19, v129 offset:896                    // 0000000096B4: DA9C0380 13000081
	s_waitcnt lgkmcnt(0)                                       // 0000000096BC: BF89FC07
	ds_swizzle_b32 v20, v16 offset:swizzle(SWAP,16)            // 0000000096C0: D8D4401F 14000010
	ds_swizzle_b32 v21, v17 offset:swizzle(SWAP,16)            // 0000000096C8: D8D4401F 15000011
	ds_swizzle_b32 v22, v18 offset:swizzle(SWAP,16)            // 0000000096D0: D8D4401F 16000012
	ds_swizzle_b32 v23, v19 offset:swizzle(SWAP,16)            // 0000000096D8: D8D4401F 17000013
	s_waitcnt lgkmcnt(0)                                       // 0000000096E0: BF89FC07
	v_wmma_f32_16x16x16_bf16 v[88:95], v[8:15], v[16:23], v[88:95]// 0000000096E4: CC414058 1D622108
	ds_load_b128 v[8:11], v7 offset:96                         // 0000000096EC: DBFC0060 08000007
	s_waitcnt lgkmcnt(0)                                       // 0000000096F4: BF89FC07
	ds_swizzle_b32 v12, v8 offset:swizzle(SWAP,16)             // 0000000096F8: D8D4401F 0C000008
	ds_swizzle_b32 v13, v9 offset:swizzle(SWAP,16)             // 000000009700: D8D4401F 0D000009
	ds_swizzle_b32 v14, v10 offset:swizzle(SWAP,16)            // 000000009708: D8D4401F 0E00000A
	ds_swizzle_b32 v15, v11 offset:swizzle(SWAP,16)            // 000000009710: D8D4401F 0F00000B
	s_waitcnt lgkmcnt(0)                                       // 000000009718: BF89FC07
	v_lshlrev_b32_e32 v129, 10, v4                             // 00000000971C: 3102088A
	v_lshl_add_u32 v129, v3, 1, v129                           // 000000009720: D6460081 06050303
	v_add_nc_u32_e32 v129, 0x3800, v129                        // 000000009728: 4B0302FF 00003800
	ds_load_u16 v16, v129                                      // 000000009730: D8F00000 10000081
	ds_load_u16_d16_hi v16, v129 offset:128                    // 000000009738: DA9C0080 10000081
	ds_load_u16 v17, v129 offset:256                           // 000000009740: D8F00100 11000081
	ds_load_u16_d16_hi v17, v129 offset:384                    // 000000009748: DA9C0180 11000081
	ds_load_u16 v18, v129 offset:512                           // 000000009750: D8F00200 12000081
	ds_load_u16_d16_hi v18, v129 offset:640                    // 000000009758: DA9C0280 12000081
	ds_load_u16 v19, v129 offset:768                           // 000000009760: D8F00300 13000081
	ds_load_u16_d16_hi v19, v129 offset:896                    // 000000009768: DA9C0380 13000081
	s_waitcnt lgkmcnt(0)                                       // 000000009770: BF89FC07
	ds_swizzle_b32 v20, v16 offset:swizzle(SWAP,16)            // 000000009774: D8D4401F 14000010
	ds_swizzle_b32 v21, v17 offset:swizzle(SWAP,16)            // 00000000977C: D8D4401F 15000011
	ds_swizzle_b32 v22, v18 offset:swizzle(SWAP,16)            // 000000009784: D8D4401F 16000012
	ds_swizzle_b32 v23, v19 offset:swizzle(SWAP,16)            // 00000000978C: D8D4401F 17000013
	s_waitcnt lgkmcnt(0)                                       // 000000009794: BF89FC07
	v_wmma_f32_16x16x16_bf16 v[96:103], v[8:15], v[16:23], v[96:103]// 000000009798: CC414060 1D822108
	v_lshlrev_b32_e32 v129, 10, v4                             // 0000000097A0: 3102088A
	v_lshl_add_u32 v129, v3, 1, v129                           // 0000000097A4: D6460081 06050303
	v_add_nc_u32_e32 v129, 0x3820, v129                        // 0000000097AC: 4B0302FF 00003820
	ds_load_u16 v16, v129                                      // 0000000097B4: D8F00000 10000081
	ds_load_u16_d16_hi v16, v129 offset:128                    // 0000000097BC: DA9C0080 10000081
	ds_load_u16 v17, v129 offset:256                           // 0000000097C4: D8F00100 11000081
	ds_load_u16_d16_hi v17, v129 offset:384                    // 0000000097CC: DA9C0180 11000081
	ds_load_u16 v18, v129 offset:512                           // 0000000097D4: D8F00200 12000081
	ds_load_u16_d16_hi v18, v129 offset:640                    // 0000000097DC: DA9C0280 12000081
	ds_load_u16 v19, v129 offset:768                           // 0000000097E4: D8F00300 13000081
	ds_load_u16_d16_hi v19, v129 offset:896                    // 0000000097EC: DA9C0380 13000081
	s_waitcnt lgkmcnt(0)                                       // 0000000097F4: BF89FC07
	ds_swizzle_b32 v20, v16 offset:swizzle(SWAP,16)            // 0000000097F8: D8D4401F 14000010
	ds_swizzle_b32 v21, v17 offset:swizzle(SWAP,16)            // 000000009800: D8D4401F 15000011
	ds_swizzle_b32 v22, v18 offset:swizzle(SWAP,16)            // 000000009808: D8D4401F 16000012
	ds_swizzle_b32 v23, v19 offset:swizzle(SWAP,16)            // 000000009810: D8D4401F 17000013
	s_waitcnt lgkmcnt(0)                                       // 000000009818: BF89FC07
	v_wmma_f32_16x16x16_bf16 v[104:111], v[8:15], v[16:23], v[104:111]// 00000000981C: CC414068 1DA22108
	v_lshlrev_b32_e32 v129, 10, v4                             // 000000009824: 3102088A
	v_lshl_add_u32 v129, v3, 1, v129                           // 000000009828: D6460081 06050303
	v_add_nc_u32_e32 v129, 0x3840, v129                        // 000000009830: 4B0302FF 00003840
	ds_load_u16 v16, v129                                      // 000000009838: D8F00000 10000081
	ds_load_u16_d16_hi v16, v129 offset:128                    // 000000009840: DA9C0080 10000081
	ds_load_u16 v17, v129 offset:256                           // 000000009848: D8F00100 11000081
	ds_load_u16_d16_hi v17, v129 offset:384                    // 000000009850: DA9C0180 11000081
	ds_load_u16 v18, v129 offset:512                           // 000000009858: D8F00200 12000081
	ds_load_u16_d16_hi v18, v129 offset:640                    // 000000009860: DA9C0280 12000081
	ds_load_u16 v19, v129 offset:768                           // 000000009868: D8F00300 13000081
	ds_load_u16_d16_hi v19, v129 offset:896                    // 000000009870: DA9C0380 13000081
	s_waitcnt lgkmcnt(0)                                       // 000000009878: BF89FC07
	ds_swizzle_b32 v20, v16 offset:swizzle(SWAP,16)            // 00000000987C: D8D4401F 14000010
	ds_swizzle_b32 v21, v17 offset:swizzle(SWAP,16)            // 000000009884: D8D4401F 15000011
	ds_swizzle_b32 v22, v18 offset:swizzle(SWAP,16)            // 00000000988C: D8D4401F 16000012
	ds_swizzle_b32 v23, v19 offset:swizzle(SWAP,16)            // 000000009894: D8D4401F 17000013
	s_waitcnt lgkmcnt(0)                                       // 00000000989C: BF89FC07
	v_wmma_f32_16x16x16_bf16 v[112:119], v[8:15], v[16:23], v[112:119]// 0000000098A0: CC414070 1DC22108
	v_lshlrev_b32_e32 v129, 10, v4                             // 0000000098A8: 3102088A
	v_lshl_add_u32 v129, v3, 1, v129                           // 0000000098AC: D6460081 06050303
	v_add_nc_u32_e32 v129, 0x3860, v129                        // 0000000098B4: 4B0302FF 00003860
	ds_load_u16 v16, v129                                      // 0000000098BC: D8F00000 10000081
	ds_load_u16_d16_hi v16, v129 offset:128                    // 0000000098C4: DA9C0080 10000081
	ds_load_u16 v17, v129 offset:256                           // 0000000098CC: D8F00100 11000081
	ds_load_u16_d16_hi v17, v129 offset:384                    // 0000000098D4: DA9C0180 11000081
	ds_load_u16 v18, v129 offset:512                           // 0000000098DC: D8F00200 12000081
	ds_load_u16_d16_hi v18, v129 offset:640                    // 0000000098E4: DA9C0280 12000081
	ds_load_u16 v19, v129 offset:768                           // 0000000098EC: D8F00300 13000081
	ds_load_u16_d16_hi v19, v129 offset:896                    // 0000000098F4: DA9C0380 13000081
	s_waitcnt lgkmcnt(0)                                       // 0000000098FC: BF89FC07
	ds_swizzle_b32 v20, v16 offset:swizzle(SWAP,16)            // 000000009900: D8D4401F 14000010
	ds_swizzle_b32 v21, v17 offset:swizzle(SWAP,16)            // 000000009908: D8D4401F 15000011
	ds_swizzle_b32 v22, v18 offset:swizzle(SWAP,16)            // 000000009910: D8D4401F 16000012
	ds_swizzle_b32 v23, v19 offset:swizzle(SWAP,16)            // 000000009918: D8D4401F 17000013
	s_waitcnt lgkmcnt(0)                                       // 000000009920: BF89FC07
	v_wmma_f32_16x16x16_bf16 v[120:127], v[8:15], v[16:23], v[120:127]// 000000009924: CC414078 1DE22108
	v_lshrrev_b32_e32 v130, 16, v64                            // 00000000992C: 33048090
	v_and_b32_e32 v130, 1, v130                                // 000000009930: 37050481
	v_add_nc_u32_e32 v131, 0x7fff, v64                         // 000000009934: 4B0680FF 00007FFF
	v_add_nc_u32_e32 v131, v130, v131                          // 00000000993C: 4B070782
	v_lshrrev_b32_e32 v131, 16, v131                           // 000000009940: 33070690
	v_add_nc_u32_e32 v132, 0, v6                               // 000000009944: 4B080C80
	v_add_nc_u32_e32 v133, s27, v132                           // 000000009948: 4B0B081B
	v_lshlrev_b32_e32 v134, 13, v133                           // 00000000994C: 310D0A8D
	v_add_nc_u32_e32 v134, s37, v134                           // 000000009950: 4B0D0C25
	v_lshl_add_u32 v134, v3, 1, v134                           // 000000009954: D6460086 06190303
	v_add_nc_u32_e32 v134, 0, v134                             // 00000000995C: 4B0D0C80
	global_store_b16 v134, v131, s[14:15]                      // 000000009960: DC660000 000E8386
	v_lshrrev_b32_e32 v130, 16, v65                            // 000000009968: 33048290
	v_and_b32_e32 v130, 1, v130                                // 00000000996C: 37050481
	v_add_nc_u32_e32 v131, 0x7fff, v65                         // 000000009970: 4B0682FF 00007FFF
	v_add_nc_u32_e32 v131, v130, v131                          // 000000009978: 4B070782
	v_lshrrev_b32_e32 v131, 16, v131                           // 00000000997C: 33070690
	v_add_nc_u32_e32 v132, 2, v6                               // 000000009980: 4B080C82
	v_add_nc_u32_e32 v133, s27, v132                           // 000000009984: 4B0B081B
	v_lshlrev_b32_e32 v134, 13, v133                           // 000000009988: 310D0A8D
	v_add_nc_u32_e32 v134, s37, v134                           // 00000000998C: 4B0D0C25
	v_lshl_add_u32 v134, v3, 1, v134                           // 000000009990: D6460086 06190303
	v_add_nc_u32_e32 v134, 0, v134                             // 000000009998: 4B0D0C80
	global_store_b16 v134, v131, s[14:15]                      // 00000000999C: DC660000 000E8386
	v_lshrrev_b32_e32 v130, 16, v66                            // 0000000099A4: 33048490
	v_and_b32_e32 v130, 1, v130                                // 0000000099A8: 37050481
	v_add_nc_u32_e32 v131, 0x7fff, v66                         // 0000000099AC: 4B0684FF 00007FFF
	v_add_nc_u32_e32 v131, v130, v131                          // 0000000099B4: 4B070782
	v_lshrrev_b32_e32 v131, 16, v131                           // 0000000099B8: 33070690
	v_add_nc_u32_e32 v132, 4, v6                               // 0000000099BC: 4B080C84
	v_add_nc_u32_e32 v133, s27, v132                           // 0000000099C0: 4B0B081B
	v_lshlrev_b32_e32 v134, 13, v133                           // 0000000099C4: 310D0A8D
	v_add_nc_u32_e32 v134, s37, v134                           // 0000000099C8: 4B0D0C25
	v_lshl_add_u32 v134, v3, 1, v134                           // 0000000099CC: D6460086 06190303
	v_add_nc_u32_e32 v134, 0, v134                             // 0000000099D4: 4B0D0C80
	global_store_b16 v134, v131, s[14:15]                      // 0000000099D8: DC660000 000E8386
	v_lshrrev_b32_e32 v130, 16, v67                            // 0000000099E0: 33048690
	v_and_b32_e32 v130, 1, v130                                // 0000000099E4: 37050481
	v_add_nc_u32_e32 v131, 0x7fff, v67                         // 0000000099E8: 4B0686FF 00007FFF
	v_add_nc_u32_e32 v131, v130, v131                          // 0000000099F0: 4B070782
	v_lshrrev_b32_e32 v131, 16, v131                           // 0000000099F4: 33070690
	v_add_nc_u32_e32 v132, 6, v6                               // 0000000099F8: 4B080C86
	v_add_nc_u32_e32 v133, s27, v132                           // 0000000099FC: 4B0B081B
	v_lshlrev_b32_e32 v134, 13, v133                           // 000000009A00: 310D0A8D
	v_add_nc_u32_e32 v134, s37, v134                           // 000000009A04: 4B0D0C25
	v_lshl_add_u32 v134, v3, 1, v134                           // 000000009A08: D6460086 06190303
	v_add_nc_u32_e32 v134, 0, v134                             // 000000009A10: 4B0D0C80
	global_store_b16 v134, v131, s[14:15]                      // 000000009A14: DC660000 000E8386
	v_lshrrev_b32_e32 v130, 16, v68                            // 000000009A1C: 33048890
	v_and_b32_e32 v130, 1, v130                                // 000000009A20: 37050481
	v_add_nc_u32_e32 v131, 0x7fff, v68                         // 000000009A24: 4B0688FF 00007FFF
	v_add_nc_u32_e32 v131, v130, v131                          // 000000009A2C: 4B070782
	v_lshrrev_b32_e32 v131, 16, v131                           // 000000009A30: 33070690
	v_add_nc_u32_e32 v132, 8, v6                               // 000000009A34: 4B080C88
	v_add_nc_u32_e32 v133, s27, v132                           // 000000009A38: 4B0B081B
	v_lshlrev_b32_e32 v134, 13, v133                           // 000000009A3C: 310D0A8D
	v_add_nc_u32_e32 v134, s37, v134                           // 000000009A40: 4B0D0C25
	v_lshl_add_u32 v134, v3, 1, v134                           // 000000009A44: D6460086 06190303
	v_add_nc_u32_e32 v134, 0, v134                             // 000000009A4C: 4B0D0C80
	global_store_b16 v134, v131, s[14:15]                      // 000000009A50: DC660000 000E8386
	v_lshrrev_b32_e32 v130, 16, v69                            // 000000009A58: 33048A90
	v_and_b32_e32 v130, 1, v130                                // 000000009A5C: 37050481
	v_add_nc_u32_e32 v131, 0x7fff, v69                         // 000000009A60: 4B068AFF 00007FFF
	v_add_nc_u32_e32 v131, v130, v131                          // 000000009A68: 4B070782
	v_lshrrev_b32_e32 v131, 16, v131                           // 000000009A6C: 33070690
	v_add_nc_u32_e32 v132, 10, v6                              // 000000009A70: 4B080C8A
	v_add_nc_u32_e32 v133, s27, v132                           // 000000009A74: 4B0B081B
	v_lshlrev_b32_e32 v134, 13, v133                           // 000000009A78: 310D0A8D
	v_add_nc_u32_e32 v134, s37, v134                           // 000000009A7C: 4B0D0C25
	v_lshl_add_u32 v134, v3, 1, v134                           // 000000009A80: D6460086 06190303
	v_add_nc_u32_e32 v134, 0, v134                             // 000000009A88: 4B0D0C80
	global_store_b16 v134, v131, s[14:15]                      // 000000009A8C: DC660000 000E8386
	v_lshrrev_b32_e32 v130, 16, v70                            // 000000009A94: 33048C90
	v_and_b32_e32 v130, 1, v130                                // 000000009A98: 37050481
	v_add_nc_u32_e32 v131, 0x7fff, v70                         // 000000009A9C: 4B068CFF 00007FFF
	v_add_nc_u32_e32 v131, v130, v131                          // 000000009AA4: 4B070782
	v_lshrrev_b32_e32 v131, 16, v131                           // 000000009AA8: 33070690
	v_add_nc_u32_e32 v132, 12, v6                              // 000000009AAC: 4B080C8C
	v_add_nc_u32_e32 v133, s27, v132                           // 000000009AB0: 4B0B081B
	v_lshlrev_b32_e32 v134, 13, v133                           // 000000009AB4: 310D0A8D
	v_add_nc_u32_e32 v134, s37, v134                           // 000000009AB8: 4B0D0C25
	v_lshl_add_u32 v134, v3, 1, v134                           // 000000009ABC: D6460086 06190303
	v_add_nc_u32_e32 v134, 0, v134                             // 000000009AC4: 4B0D0C80
	global_store_b16 v134, v131, s[14:15]                      // 000000009AC8: DC660000 000E8386
	v_lshrrev_b32_e32 v130, 16, v71                            // 000000009AD0: 33048E90
	v_and_b32_e32 v130, 1, v130                                // 000000009AD4: 37050481
	v_add_nc_u32_e32 v131, 0x7fff, v71                         // 000000009AD8: 4B068EFF 00007FFF
	v_add_nc_u32_e32 v131, v130, v131                          // 000000009AE0: 4B070782
	v_lshrrev_b32_e32 v131, 16, v131                           // 000000009AE4: 33070690
	v_add_nc_u32_e32 v132, 14, v6                              // 000000009AE8: 4B080C8E
	v_add_nc_u32_e32 v133, s27, v132                           // 000000009AEC: 4B0B081B
	v_lshlrev_b32_e32 v134, 13, v133                           // 000000009AF0: 310D0A8D
	v_add_nc_u32_e32 v134, s37, v134                           // 000000009AF4: 4B0D0C25
	v_lshl_add_u32 v134, v3, 1, v134                           // 000000009AF8: D6460086 06190303
	v_add_nc_u32_e32 v134, 0, v134                             // 000000009B00: 4B0D0C80
	global_store_b16 v134, v131, s[14:15]                      // 000000009B04: DC660000 000E8386
	v_lshrrev_b32_e32 v130, 16, v72                            // 000000009B0C: 33049090
	v_and_b32_e32 v130, 1, v130                                // 000000009B10: 37050481
	v_add_nc_u32_e32 v131, 0x7fff, v72                         // 000000009B14: 4B0690FF 00007FFF
	v_add_nc_u32_e32 v131, v130, v131                          // 000000009B1C: 4B070782
	v_lshrrev_b32_e32 v131, 16, v131                           // 000000009B20: 33070690
	v_add_nc_u32_e32 v132, 0, v6                               // 000000009B24: 4B080C80
	v_add_nc_u32_e32 v133, s27, v132                           // 000000009B28: 4B0B081B
	v_lshlrev_b32_e32 v134, 13, v133                           // 000000009B2C: 310D0A8D
	v_add_nc_u32_e32 v134, s37, v134                           // 000000009B30: 4B0D0C25
	v_lshl_add_u32 v134, v3, 1, v134                           // 000000009B34: D6460086 06190303
	v_add_nc_u32_e32 v134, 32, v134                            // 000000009B3C: 4B0D0CA0
	global_store_b16 v134, v131, s[14:15]                      // 000000009B40: DC660000 000E8386
	v_lshrrev_b32_e32 v130, 16, v73                            // 000000009B48: 33049290
	v_and_b32_e32 v130, 1, v130                                // 000000009B4C: 37050481
	v_add_nc_u32_e32 v131, 0x7fff, v73                         // 000000009B50: 4B0692FF 00007FFF
	v_add_nc_u32_e32 v131, v130, v131                          // 000000009B58: 4B070782
	v_lshrrev_b32_e32 v131, 16, v131                           // 000000009B5C: 33070690
	v_add_nc_u32_e32 v132, 2, v6                               // 000000009B60: 4B080C82
	v_add_nc_u32_e32 v133, s27, v132                           // 000000009B64: 4B0B081B
	v_lshlrev_b32_e32 v134, 13, v133                           // 000000009B68: 310D0A8D
	v_add_nc_u32_e32 v134, s37, v134                           // 000000009B6C: 4B0D0C25
	v_lshl_add_u32 v134, v3, 1, v134                           // 000000009B70: D6460086 06190303
	v_add_nc_u32_e32 v134, 32, v134                            // 000000009B78: 4B0D0CA0
	global_store_b16 v134, v131, s[14:15]                      // 000000009B7C: DC660000 000E8386
	v_lshrrev_b32_e32 v130, 16, v74                            // 000000009B84: 33049490
	v_and_b32_e32 v130, 1, v130                                // 000000009B88: 37050481
	v_add_nc_u32_e32 v131, 0x7fff, v74                         // 000000009B8C: 4B0694FF 00007FFF
	v_add_nc_u32_e32 v131, v130, v131                          // 000000009B94: 4B070782
	v_lshrrev_b32_e32 v131, 16, v131                           // 000000009B98: 33070690
	v_add_nc_u32_e32 v132, 4, v6                               // 000000009B9C: 4B080C84
	v_add_nc_u32_e32 v133, s27, v132                           // 000000009BA0: 4B0B081B
	v_lshlrev_b32_e32 v134, 13, v133                           // 000000009BA4: 310D0A8D
	v_add_nc_u32_e32 v134, s37, v134                           // 000000009BA8: 4B0D0C25
	v_lshl_add_u32 v134, v3, 1, v134                           // 000000009BAC: D6460086 06190303
	v_add_nc_u32_e32 v134, 32, v134                            // 000000009BB4: 4B0D0CA0
	global_store_b16 v134, v131, s[14:15]                      // 000000009BB8: DC660000 000E8386
	v_lshrrev_b32_e32 v130, 16, v75                            // 000000009BC0: 33049690
	v_and_b32_e32 v130, 1, v130                                // 000000009BC4: 37050481
	v_add_nc_u32_e32 v131, 0x7fff, v75                         // 000000009BC8: 4B0696FF 00007FFF
	v_add_nc_u32_e32 v131, v130, v131                          // 000000009BD0: 4B070782
	v_lshrrev_b32_e32 v131, 16, v131                           // 000000009BD4: 33070690
	v_add_nc_u32_e32 v132, 6, v6                               // 000000009BD8: 4B080C86
	v_add_nc_u32_e32 v133, s27, v132                           // 000000009BDC: 4B0B081B
	v_lshlrev_b32_e32 v134, 13, v133                           // 000000009BE0: 310D0A8D
	v_add_nc_u32_e32 v134, s37, v134                           // 000000009BE4: 4B0D0C25
	v_lshl_add_u32 v134, v3, 1, v134                           // 000000009BE8: D6460086 06190303
	v_add_nc_u32_e32 v134, 32, v134                            // 000000009BF0: 4B0D0CA0
	global_store_b16 v134, v131, s[14:15]                      // 000000009BF4: DC660000 000E8386
	v_lshrrev_b32_e32 v130, 16, v76                            // 000000009BFC: 33049890
	v_and_b32_e32 v130, 1, v130                                // 000000009C00: 37050481
	v_add_nc_u32_e32 v131, 0x7fff, v76                         // 000000009C04: 4B0698FF 00007FFF
	v_add_nc_u32_e32 v131, v130, v131                          // 000000009C0C: 4B070782
	v_lshrrev_b32_e32 v131, 16, v131                           // 000000009C10: 33070690
	v_add_nc_u32_e32 v132, 8, v6                               // 000000009C14: 4B080C88
	v_add_nc_u32_e32 v133, s27, v132                           // 000000009C18: 4B0B081B
	v_lshlrev_b32_e32 v134, 13, v133                           // 000000009C1C: 310D0A8D
	v_add_nc_u32_e32 v134, s37, v134                           // 000000009C20: 4B0D0C25
	v_lshl_add_u32 v134, v3, 1, v134                           // 000000009C24: D6460086 06190303
	v_add_nc_u32_e32 v134, 32, v134                            // 000000009C2C: 4B0D0CA0
	global_store_b16 v134, v131, s[14:15]                      // 000000009C30: DC660000 000E8386
	v_lshrrev_b32_e32 v130, 16, v77                            // 000000009C38: 33049A90
	v_and_b32_e32 v130, 1, v130                                // 000000009C3C: 37050481
	v_add_nc_u32_e32 v131, 0x7fff, v77                         // 000000009C40: 4B069AFF 00007FFF
	v_add_nc_u32_e32 v131, v130, v131                          // 000000009C48: 4B070782
	v_lshrrev_b32_e32 v131, 16, v131                           // 000000009C4C: 33070690
	v_add_nc_u32_e32 v132, 10, v6                              // 000000009C50: 4B080C8A
	v_add_nc_u32_e32 v133, s27, v132                           // 000000009C54: 4B0B081B
	v_lshlrev_b32_e32 v134, 13, v133                           // 000000009C58: 310D0A8D
	v_add_nc_u32_e32 v134, s37, v134                           // 000000009C5C: 4B0D0C25
	v_lshl_add_u32 v134, v3, 1, v134                           // 000000009C60: D6460086 06190303
	v_add_nc_u32_e32 v134, 32, v134                            // 000000009C68: 4B0D0CA0
	global_store_b16 v134, v131, s[14:15]                      // 000000009C6C: DC660000 000E8386
	v_lshrrev_b32_e32 v130, 16, v78                            // 000000009C74: 33049C90
	v_and_b32_e32 v130, 1, v130                                // 000000009C78: 37050481
	v_add_nc_u32_e32 v131, 0x7fff, v78                         // 000000009C7C: 4B069CFF 00007FFF
	v_add_nc_u32_e32 v131, v130, v131                          // 000000009C84: 4B070782
	v_lshrrev_b32_e32 v131, 16, v131                           // 000000009C88: 33070690
	v_add_nc_u32_e32 v132, 12, v6                              // 000000009C8C: 4B080C8C
	v_add_nc_u32_e32 v133, s27, v132                           // 000000009C90: 4B0B081B
	v_lshlrev_b32_e32 v134, 13, v133                           // 000000009C94: 310D0A8D
	v_add_nc_u32_e32 v134, s37, v134                           // 000000009C98: 4B0D0C25
	v_lshl_add_u32 v134, v3, 1, v134                           // 000000009C9C: D6460086 06190303
	v_add_nc_u32_e32 v134, 32, v134                            // 000000009CA4: 4B0D0CA0
	global_store_b16 v134, v131, s[14:15]                      // 000000009CA8: DC660000 000E8386
	v_lshrrev_b32_e32 v130, 16, v79                            // 000000009CB0: 33049E90
	v_and_b32_e32 v130, 1, v130                                // 000000009CB4: 37050481
	v_add_nc_u32_e32 v131, 0x7fff, v79                         // 000000009CB8: 4B069EFF 00007FFF
	v_add_nc_u32_e32 v131, v130, v131                          // 000000009CC0: 4B070782
	v_lshrrev_b32_e32 v131, 16, v131                           // 000000009CC4: 33070690
	v_add_nc_u32_e32 v132, 14, v6                              // 000000009CC8: 4B080C8E
	v_add_nc_u32_e32 v133, s27, v132                           // 000000009CCC: 4B0B081B
	v_lshlrev_b32_e32 v134, 13, v133                           // 000000009CD0: 310D0A8D
	v_add_nc_u32_e32 v134, s37, v134                           // 000000009CD4: 4B0D0C25
	v_lshl_add_u32 v134, v3, 1, v134                           // 000000009CD8: D6460086 06190303
	v_add_nc_u32_e32 v134, 32, v134                            // 000000009CE0: 4B0D0CA0
	global_store_b16 v134, v131, s[14:15]                      // 000000009CE4: DC660000 000E8386
	v_lshrrev_b32_e32 v130, 16, v80                            // 000000009CEC: 3304A090
	v_and_b32_e32 v130, 1, v130                                // 000000009CF0: 37050481
	v_add_nc_u32_e32 v131, 0x7fff, v80                         // 000000009CF4: 4B06A0FF 00007FFF
	v_add_nc_u32_e32 v131, v130, v131                          // 000000009CFC: 4B070782
	v_lshrrev_b32_e32 v131, 16, v131                           // 000000009D00: 33070690
	v_add_nc_u32_e32 v132, 0, v6                               // 000000009D04: 4B080C80
	v_add_nc_u32_e32 v133, s27, v132                           // 000000009D08: 4B0B081B
	v_lshlrev_b32_e32 v134, 13, v133                           // 000000009D0C: 310D0A8D
	v_add_nc_u32_e32 v134, s37, v134                           // 000000009D10: 4B0D0C25
	v_lshl_add_u32 v134, v3, 1, v134                           // 000000009D14: D6460086 06190303
	v_add_nc_u32_e32 v134, 64, v134                            // 000000009D1C: 4B0D0CC0
	global_store_b16 v134, v131, s[14:15]                      // 000000009D20: DC660000 000E8386
	v_lshrrev_b32_e32 v130, 16, v81                            // 000000009D28: 3304A290
	v_and_b32_e32 v130, 1, v130                                // 000000009D2C: 37050481
	v_add_nc_u32_e32 v131, 0x7fff, v81                         // 000000009D30: 4B06A2FF 00007FFF
	v_add_nc_u32_e32 v131, v130, v131                          // 000000009D38: 4B070782
	v_lshrrev_b32_e32 v131, 16, v131                           // 000000009D3C: 33070690
	v_add_nc_u32_e32 v132, 2, v6                               // 000000009D40: 4B080C82
	v_add_nc_u32_e32 v133, s27, v132                           // 000000009D44: 4B0B081B
	v_lshlrev_b32_e32 v134, 13, v133                           // 000000009D48: 310D0A8D
	v_add_nc_u32_e32 v134, s37, v134                           // 000000009D4C: 4B0D0C25
	v_lshl_add_u32 v134, v3, 1, v134                           // 000000009D50: D6460086 06190303
	v_add_nc_u32_e32 v134, 64, v134                            // 000000009D58: 4B0D0CC0
	global_store_b16 v134, v131, s[14:15]                      // 000000009D5C: DC660000 000E8386
	v_lshrrev_b32_e32 v130, 16, v82                            // 000000009D64: 3304A490
	v_and_b32_e32 v130, 1, v130                                // 000000009D68: 37050481
	v_add_nc_u32_e32 v131, 0x7fff, v82                         // 000000009D6C: 4B06A4FF 00007FFF
	v_add_nc_u32_e32 v131, v130, v131                          // 000000009D74: 4B070782
	v_lshrrev_b32_e32 v131, 16, v131                           // 000000009D78: 33070690
	v_add_nc_u32_e32 v132, 4, v6                               // 000000009D7C: 4B080C84
	v_add_nc_u32_e32 v133, s27, v132                           // 000000009D80: 4B0B081B
	v_lshlrev_b32_e32 v134, 13, v133                           // 000000009D84: 310D0A8D
	v_add_nc_u32_e32 v134, s37, v134                           // 000000009D88: 4B0D0C25
	v_lshl_add_u32 v134, v3, 1, v134                           // 000000009D8C: D6460086 06190303
	v_add_nc_u32_e32 v134, 64, v134                            // 000000009D94: 4B0D0CC0
	global_store_b16 v134, v131, s[14:15]                      // 000000009D98: DC660000 000E8386
	v_lshrrev_b32_e32 v130, 16, v83                            // 000000009DA0: 3304A690
	v_and_b32_e32 v130, 1, v130                                // 000000009DA4: 37050481
	v_add_nc_u32_e32 v131, 0x7fff, v83                         // 000000009DA8: 4B06A6FF 00007FFF
	v_add_nc_u32_e32 v131, v130, v131                          // 000000009DB0: 4B070782
	v_lshrrev_b32_e32 v131, 16, v131                           // 000000009DB4: 33070690
	v_add_nc_u32_e32 v132, 6, v6                               // 000000009DB8: 4B080C86
	v_add_nc_u32_e32 v133, s27, v132                           // 000000009DBC: 4B0B081B
	v_lshlrev_b32_e32 v134, 13, v133                           // 000000009DC0: 310D0A8D
	v_add_nc_u32_e32 v134, s37, v134                           // 000000009DC4: 4B0D0C25
	v_lshl_add_u32 v134, v3, 1, v134                           // 000000009DC8: D6460086 06190303
	v_add_nc_u32_e32 v134, 64, v134                            // 000000009DD0: 4B0D0CC0
	global_store_b16 v134, v131, s[14:15]                      // 000000009DD4: DC660000 000E8386
	v_lshrrev_b32_e32 v130, 16, v84                            // 000000009DDC: 3304A890
	v_and_b32_e32 v130, 1, v130                                // 000000009DE0: 37050481
	v_add_nc_u32_e32 v131, 0x7fff, v84                         // 000000009DE4: 4B06A8FF 00007FFF
	v_add_nc_u32_e32 v131, v130, v131                          // 000000009DEC: 4B070782
	v_lshrrev_b32_e32 v131, 16, v131                           // 000000009DF0: 33070690
	v_add_nc_u32_e32 v132, 8, v6                               // 000000009DF4: 4B080C88
	v_add_nc_u32_e32 v133, s27, v132                           // 000000009DF8: 4B0B081B
	v_lshlrev_b32_e32 v134, 13, v133                           // 000000009DFC: 310D0A8D
	v_add_nc_u32_e32 v134, s37, v134                           // 000000009E00: 4B0D0C25
	v_lshl_add_u32 v134, v3, 1, v134                           // 000000009E04: D6460086 06190303
	v_add_nc_u32_e32 v134, 64, v134                            // 000000009E0C: 4B0D0CC0
	global_store_b16 v134, v131, s[14:15]                      // 000000009E10: DC660000 000E8386
	v_lshrrev_b32_e32 v130, 16, v85                            // 000000009E18: 3304AA90
	v_and_b32_e32 v130, 1, v130                                // 000000009E1C: 37050481
	v_add_nc_u32_e32 v131, 0x7fff, v85                         // 000000009E20: 4B06AAFF 00007FFF
	v_add_nc_u32_e32 v131, v130, v131                          // 000000009E28: 4B070782
	v_lshrrev_b32_e32 v131, 16, v131                           // 000000009E2C: 33070690
	v_add_nc_u32_e32 v132, 10, v6                              // 000000009E30: 4B080C8A
	v_add_nc_u32_e32 v133, s27, v132                           // 000000009E34: 4B0B081B
	v_lshlrev_b32_e32 v134, 13, v133                           // 000000009E38: 310D0A8D
	v_add_nc_u32_e32 v134, s37, v134                           // 000000009E3C: 4B0D0C25
	v_lshl_add_u32 v134, v3, 1, v134                           // 000000009E40: D6460086 06190303
	v_add_nc_u32_e32 v134, 64, v134                            // 000000009E48: 4B0D0CC0
	global_store_b16 v134, v131, s[14:15]                      // 000000009E4C: DC660000 000E8386
	v_lshrrev_b32_e32 v130, 16, v86                            // 000000009E54: 3304AC90
	v_and_b32_e32 v130, 1, v130                                // 000000009E58: 37050481
	v_add_nc_u32_e32 v131, 0x7fff, v86                         // 000000009E5C: 4B06ACFF 00007FFF
	v_add_nc_u32_e32 v131, v130, v131                          // 000000009E64: 4B070782
	v_lshrrev_b32_e32 v131, 16, v131                           // 000000009E68: 33070690
	v_add_nc_u32_e32 v132, 12, v6                              // 000000009E6C: 4B080C8C
	v_add_nc_u32_e32 v133, s27, v132                           // 000000009E70: 4B0B081B
	v_lshlrev_b32_e32 v134, 13, v133                           // 000000009E74: 310D0A8D
	v_add_nc_u32_e32 v134, s37, v134                           // 000000009E78: 4B0D0C25
	v_lshl_add_u32 v134, v3, 1, v134                           // 000000009E7C: D6460086 06190303
	v_add_nc_u32_e32 v134, 64, v134                            // 000000009E84: 4B0D0CC0
	global_store_b16 v134, v131, s[14:15]                      // 000000009E88: DC660000 000E8386
	v_lshrrev_b32_e32 v130, 16, v87                            // 000000009E90: 3304AE90
	v_and_b32_e32 v130, 1, v130                                // 000000009E94: 37050481
	v_add_nc_u32_e32 v131, 0x7fff, v87                         // 000000009E98: 4B06AEFF 00007FFF
	v_add_nc_u32_e32 v131, v130, v131                          // 000000009EA0: 4B070782
	v_lshrrev_b32_e32 v131, 16, v131                           // 000000009EA4: 33070690
	v_add_nc_u32_e32 v132, 14, v6                              // 000000009EA8: 4B080C8E
	v_add_nc_u32_e32 v133, s27, v132                           // 000000009EAC: 4B0B081B
	v_lshlrev_b32_e32 v134, 13, v133                           // 000000009EB0: 310D0A8D
	v_add_nc_u32_e32 v134, s37, v134                           // 000000009EB4: 4B0D0C25
	v_lshl_add_u32 v134, v3, 1, v134                           // 000000009EB8: D6460086 06190303
	v_add_nc_u32_e32 v134, 64, v134                            // 000000009EC0: 4B0D0CC0
	global_store_b16 v134, v131, s[14:15]                      // 000000009EC4: DC660000 000E8386
	v_lshrrev_b32_e32 v130, 16, v88                            // 000000009ECC: 3304B090
	v_and_b32_e32 v130, 1, v130                                // 000000009ED0: 37050481
	v_add_nc_u32_e32 v131, 0x7fff, v88                         // 000000009ED4: 4B06B0FF 00007FFF
	v_add_nc_u32_e32 v131, v130, v131                          // 000000009EDC: 4B070782
	v_lshrrev_b32_e32 v131, 16, v131                           // 000000009EE0: 33070690
	v_add_nc_u32_e32 v132, 0, v6                               // 000000009EE4: 4B080C80
	v_add_nc_u32_e32 v133, s27, v132                           // 000000009EE8: 4B0B081B
	v_lshlrev_b32_e32 v134, 13, v133                           // 000000009EEC: 310D0A8D
	v_add_nc_u32_e32 v134, s37, v134                           // 000000009EF0: 4B0D0C25
	v_lshl_add_u32 v134, v3, 1, v134                           // 000000009EF4: D6460086 06190303
	v_add_nc_u32_e32 v134, 0x60, v134                          // 000000009EFC: 4B0D0CFF 00000060
	global_store_b16 v134, v131, s[14:15]                      // 000000009F04: DC660000 000E8386
	v_lshrrev_b32_e32 v130, 16, v89                            // 000000009F0C: 3304B290
	v_and_b32_e32 v130, 1, v130                                // 000000009F10: 37050481
	v_add_nc_u32_e32 v131, 0x7fff, v89                         // 000000009F14: 4B06B2FF 00007FFF
	v_add_nc_u32_e32 v131, v130, v131                          // 000000009F1C: 4B070782
	v_lshrrev_b32_e32 v131, 16, v131                           // 000000009F20: 33070690
	v_add_nc_u32_e32 v132, 2, v6                               // 000000009F24: 4B080C82
	v_add_nc_u32_e32 v133, s27, v132                           // 000000009F28: 4B0B081B
	v_lshlrev_b32_e32 v134, 13, v133                           // 000000009F2C: 310D0A8D
	v_add_nc_u32_e32 v134, s37, v134                           // 000000009F30: 4B0D0C25
	v_lshl_add_u32 v134, v3, 1, v134                           // 000000009F34: D6460086 06190303
	v_add_nc_u32_e32 v134, 0x60, v134                          // 000000009F3C: 4B0D0CFF 00000060
	global_store_b16 v134, v131, s[14:15]                      // 000000009F44: DC660000 000E8386
	v_lshrrev_b32_e32 v130, 16, v90                            // 000000009F4C: 3304B490
	v_and_b32_e32 v130, 1, v130                                // 000000009F50: 37050481
	v_add_nc_u32_e32 v131, 0x7fff, v90                         // 000000009F54: 4B06B4FF 00007FFF
	v_add_nc_u32_e32 v131, v130, v131                          // 000000009F5C: 4B070782
	v_lshrrev_b32_e32 v131, 16, v131                           // 000000009F60: 33070690
	v_add_nc_u32_e32 v132, 4, v6                               // 000000009F64: 4B080C84
	v_add_nc_u32_e32 v133, s27, v132                           // 000000009F68: 4B0B081B
	v_lshlrev_b32_e32 v134, 13, v133                           // 000000009F6C: 310D0A8D
	v_add_nc_u32_e32 v134, s37, v134                           // 000000009F70: 4B0D0C25
	v_lshl_add_u32 v134, v3, 1, v134                           // 000000009F74: D6460086 06190303
	v_add_nc_u32_e32 v134, 0x60, v134                          // 000000009F7C: 4B0D0CFF 00000060
	global_store_b16 v134, v131, s[14:15]                      // 000000009F84: DC660000 000E8386
	v_lshrrev_b32_e32 v130, 16, v91                            // 000000009F8C: 3304B690
	v_and_b32_e32 v130, 1, v130                                // 000000009F90: 37050481
	v_add_nc_u32_e32 v131, 0x7fff, v91                         // 000000009F94: 4B06B6FF 00007FFF
	v_add_nc_u32_e32 v131, v130, v131                          // 000000009F9C: 4B070782
	v_lshrrev_b32_e32 v131, 16, v131                           // 000000009FA0: 33070690
	v_add_nc_u32_e32 v132, 6, v6                               // 000000009FA4: 4B080C86
	v_add_nc_u32_e32 v133, s27, v132                           // 000000009FA8: 4B0B081B
	v_lshlrev_b32_e32 v134, 13, v133                           // 000000009FAC: 310D0A8D
	v_add_nc_u32_e32 v134, s37, v134                           // 000000009FB0: 4B0D0C25
	v_lshl_add_u32 v134, v3, 1, v134                           // 000000009FB4: D6460086 06190303
	v_add_nc_u32_e32 v134, 0x60, v134                          // 000000009FBC: 4B0D0CFF 00000060
	global_store_b16 v134, v131, s[14:15]                      // 000000009FC4: DC660000 000E8386
	v_lshrrev_b32_e32 v130, 16, v92                            // 000000009FCC: 3304B890
	v_and_b32_e32 v130, 1, v130                                // 000000009FD0: 37050481
	v_add_nc_u32_e32 v131, 0x7fff, v92                         // 000000009FD4: 4B06B8FF 00007FFF
	v_add_nc_u32_e32 v131, v130, v131                          // 000000009FDC: 4B070782
	v_lshrrev_b32_e32 v131, 16, v131                           // 000000009FE0: 33070690
	v_add_nc_u32_e32 v132, 8, v6                               // 000000009FE4: 4B080C88
	v_add_nc_u32_e32 v133, s27, v132                           // 000000009FE8: 4B0B081B
	v_lshlrev_b32_e32 v134, 13, v133                           // 000000009FEC: 310D0A8D
	v_add_nc_u32_e32 v134, s37, v134                           // 000000009FF0: 4B0D0C25
	v_lshl_add_u32 v134, v3, 1, v134                           // 000000009FF4: D6460086 06190303
	v_add_nc_u32_e32 v134, 0x60, v134                          // 000000009FFC: 4B0D0CFF 00000060
	global_store_b16 v134, v131, s[14:15]                      // 00000000A004: DC660000 000E8386
	v_lshrrev_b32_e32 v130, 16, v93                            // 00000000A00C: 3304BA90
	v_and_b32_e32 v130, 1, v130                                // 00000000A010: 37050481
	v_add_nc_u32_e32 v131, 0x7fff, v93                         // 00000000A014: 4B06BAFF 00007FFF
	v_add_nc_u32_e32 v131, v130, v131                          // 00000000A01C: 4B070782
	v_lshrrev_b32_e32 v131, 16, v131                           // 00000000A020: 33070690
	v_add_nc_u32_e32 v132, 10, v6                              // 00000000A024: 4B080C8A
	v_add_nc_u32_e32 v133, s27, v132                           // 00000000A028: 4B0B081B
	v_lshlrev_b32_e32 v134, 13, v133                           // 00000000A02C: 310D0A8D
	v_add_nc_u32_e32 v134, s37, v134                           // 00000000A030: 4B0D0C25
	v_lshl_add_u32 v134, v3, 1, v134                           // 00000000A034: D6460086 06190303
	v_add_nc_u32_e32 v134, 0x60, v134                          // 00000000A03C: 4B0D0CFF 00000060
	global_store_b16 v134, v131, s[14:15]                      // 00000000A044: DC660000 000E8386
	v_lshrrev_b32_e32 v130, 16, v94                            // 00000000A04C: 3304BC90
	v_and_b32_e32 v130, 1, v130                                // 00000000A050: 37050481
	v_add_nc_u32_e32 v131, 0x7fff, v94                         // 00000000A054: 4B06BCFF 00007FFF
	v_add_nc_u32_e32 v131, v130, v131                          // 00000000A05C: 4B070782
	v_lshrrev_b32_e32 v131, 16, v131                           // 00000000A060: 33070690
	v_add_nc_u32_e32 v132, 12, v6                              // 00000000A064: 4B080C8C
	v_add_nc_u32_e32 v133, s27, v132                           // 00000000A068: 4B0B081B
	v_lshlrev_b32_e32 v134, 13, v133                           // 00000000A06C: 310D0A8D
	v_add_nc_u32_e32 v134, s37, v134                           // 00000000A070: 4B0D0C25
	v_lshl_add_u32 v134, v3, 1, v134                           // 00000000A074: D6460086 06190303
	v_add_nc_u32_e32 v134, 0x60, v134                          // 00000000A07C: 4B0D0CFF 00000060
	global_store_b16 v134, v131, s[14:15]                      // 00000000A084: DC660000 000E8386
	v_lshrrev_b32_e32 v130, 16, v95                            // 00000000A08C: 3304BE90
	v_and_b32_e32 v130, 1, v130                                // 00000000A090: 37050481
	v_add_nc_u32_e32 v131, 0x7fff, v95                         // 00000000A094: 4B06BEFF 00007FFF
	v_add_nc_u32_e32 v131, v130, v131                          // 00000000A09C: 4B070782
	v_lshrrev_b32_e32 v131, 16, v131                           // 00000000A0A0: 33070690
	v_add_nc_u32_e32 v132, 14, v6                              // 00000000A0A4: 4B080C8E
	v_add_nc_u32_e32 v133, s27, v132                           // 00000000A0A8: 4B0B081B
	v_lshlrev_b32_e32 v134, 13, v133                           // 00000000A0AC: 310D0A8D
	v_add_nc_u32_e32 v134, s37, v134                           // 00000000A0B0: 4B0D0C25
	v_lshl_add_u32 v134, v3, 1, v134                           // 00000000A0B4: D6460086 06190303
	v_add_nc_u32_e32 v134, 0x60, v134                          // 00000000A0BC: 4B0D0CFF 00000060
	global_store_b16 v134, v131, s[14:15]                      // 00000000A0C4: DC660000 000E8386
	v_lshrrev_b32_e32 v130, 16, v96                            // 00000000A0CC: 3304C090
	v_and_b32_e32 v130, 1, v130                                // 00000000A0D0: 37050481
	v_add_nc_u32_e32 v131, 0x7fff, v96                         // 00000000A0D4: 4B06C0FF 00007FFF
	v_add_nc_u32_e32 v131, v130, v131                          // 00000000A0DC: 4B070782
	v_lshrrev_b32_e32 v131, 16, v131                           // 00000000A0E0: 33070690
	v_add_nc_u32_e32 v132, 32, v6                              // 00000000A0E4: 4B080CA0
	v_add_nc_u32_e32 v133, s27, v132                           // 00000000A0E8: 4B0B081B
	v_lshlrev_b32_e32 v134, 13, v133                           // 00000000A0EC: 310D0A8D
	v_add_nc_u32_e32 v134, s37, v134                           // 00000000A0F0: 4B0D0C25
	v_lshl_add_u32 v134, v3, 1, v134                           // 00000000A0F4: D6460086 06190303
	v_add_nc_u32_e32 v134, 0, v134                             // 00000000A0FC: 4B0D0C80
	global_store_b16 v134, v131, s[14:15]                      // 00000000A100: DC660000 000E8386
	v_lshrrev_b32_e32 v130, 16, v97                            // 00000000A108: 3304C290
	v_and_b32_e32 v130, 1, v130                                // 00000000A10C: 37050481
	v_add_nc_u32_e32 v131, 0x7fff, v97                         // 00000000A110: 4B06C2FF 00007FFF
	v_add_nc_u32_e32 v131, v130, v131                          // 00000000A118: 4B070782
	v_lshrrev_b32_e32 v131, 16, v131                           // 00000000A11C: 33070690
	v_add_nc_u32_e32 v132, 34, v6                              // 00000000A120: 4B080CA2
	v_add_nc_u32_e32 v133, s27, v132                           // 00000000A124: 4B0B081B
	v_lshlrev_b32_e32 v134, 13, v133                           // 00000000A128: 310D0A8D
	v_add_nc_u32_e32 v134, s37, v134                           // 00000000A12C: 4B0D0C25
	v_lshl_add_u32 v134, v3, 1, v134                           // 00000000A130: D6460086 06190303
	v_add_nc_u32_e32 v134, 0, v134                             // 00000000A138: 4B0D0C80
	global_store_b16 v134, v131, s[14:15]                      // 00000000A13C: DC660000 000E8386
	v_lshrrev_b32_e32 v130, 16, v98                            // 00000000A144: 3304C490
	v_and_b32_e32 v130, 1, v130                                // 00000000A148: 37050481
	v_add_nc_u32_e32 v131, 0x7fff, v98                         // 00000000A14C: 4B06C4FF 00007FFF
	v_add_nc_u32_e32 v131, v130, v131                          // 00000000A154: 4B070782
	v_lshrrev_b32_e32 v131, 16, v131                           // 00000000A158: 33070690
	v_add_nc_u32_e32 v132, 36, v6                              // 00000000A15C: 4B080CA4
	v_add_nc_u32_e32 v133, s27, v132                           // 00000000A160: 4B0B081B
	v_lshlrev_b32_e32 v134, 13, v133                           // 00000000A164: 310D0A8D
	v_add_nc_u32_e32 v134, s37, v134                           // 00000000A168: 4B0D0C25
	v_lshl_add_u32 v134, v3, 1, v134                           // 00000000A16C: D6460086 06190303
	v_add_nc_u32_e32 v134, 0, v134                             // 00000000A174: 4B0D0C80
	global_store_b16 v134, v131, s[14:15]                      // 00000000A178: DC660000 000E8386
	v_lshrrev_b32_e32 v130, 16, v99                            // 00000000A180: 3304C690
	v_and_b32_e32 v130, 1, v130                                // 00000000A184: 37050481
	v_add_nc_u32_e32 v131, 0x7fff, v99                         // 00000000A188: 4B06C6FF 00007FFF
	v_add_nc_u32_e32 v131, v130, v131                          // 00000000A190: 4B070782
	v_lshrrev_b32_e32 v131, 16, v131                           // 00000000A194: 33070690
	v_add_nc_u32_e32 v132, 38, v6                              // 00000000A198: 4B080CA6
	v_add_nc_u32_e32 v133, s27, v132                           // 00000000A19C: 4B0B081B
	v_lshlrev_b32_e32 v134, 13, v133                           // 00000000A1A0: 310D0A8D
	v_add_nc_u32_e32 v134, s37, v134                           // 00000000A1A4: 4B0D0C25
	v_lshl_add_u32 v134, v3, 1, v134                           // 00000000A1A8: D6460086 06190303
	v_add_nc_u32_e32 v134, 0, v134                             // 00000000A1B0: 4B0D0C80
	global_store_b16 v134, v131, s[14:15]                      // 00000000A1B4: DC660000 000E8386
	v_lshrrev_b32_e32 v130, 16, v100                           // 00000000A1BC: 3304C890
	v_and_b32_e32 v130, 1, v130                                // 00000000A1C0: 37050481
	v_add_nc_u32_e32 v131, 0x7fff, v100                        // 00000000A1C4: 4B06C8FF 00007FFF
	v_add_nc_u32_e32 v131, v130, v131                          // 00000000A1CC: 4B070782
	v_lshrrev_b32_e32 v131, 16, v131                           // 00000000A1D0: 33070690
	v_add_nc_u32_e32 v132, 40, v6                              // 00000000A1D4: 4B080CA8
	v_add_nc_u32_e32 v133, s27, v132                           // 00000000A1D8: 4B0B081B
	v_lshlrev_b32_e32 v134, 13, v133                           // 00000000A1DC: 310D0A8D
	v_add_nc_u32_e32 v134, s37, v134                           // 00000000A1E0: 4B0D0C25
	v_lshl_add_u32 v134, v3, 1, v134                           // 00000000A1E4: D6460086 06190303
	v_add_nc_u32_e32 v134, 0, v134                             // 00000000A1EC: 4B0D0C80
	global_store_b16 v134, v131, s[14:15]                      // 00000000A1F0: DC660000 000E8386
	v_lshrrev_b32_e32 v130, 16, v101                           // 00000000A1F8: 3304CA90
	v_and_b32_e32 v130, 1, v130                                // 00000000A1FC: 37050481
	v_add_nc_u32_e32 v131, 0x7fff, v101                        // 00000000A200: 4B06CAFF 00007FFF
	v_add_nc_u32_e32 v131, v130, v131                          // 00000000A208: 4B070782
	v_lshrrev_b32_e32 v131, 16, v131                           // 00000000A20C: 33070690
	v_add_nc_u32_e32 v132, 42, v6                              // 00000000A210: 4B080CAA
	v_add_nc_u32_e32 v133, s27, v132                           // 00000000A214: 4B0B081B
	v_lshlrev_b32_e32 v134, 13, v133                           // 00000000A218: 310D0A8D
	v_add_nc_u32_e32 v134, s37, v134                           // 00000000A21C: 4B0D0C25
	v_lshl_add_u32 v134, v3, 1, v134                           // 00000000A220: D6460086 06190303
	v_add_nc_u32_e32 v134, 0, v134                             // 00000000A228: 4B0D0C80
	global_store_b16 v134, v131, s[14:15]                      // 00000000A22C: DC660000 000E8386
	v_lshrrev_b32_e32 v130, 16, v102                           // 00000000A234: 3304CC90
	v_and_b32_e32 v130, 1, v130                                // 00000000A238: 37050481
	v_add_nc_u32_e32 v131, 0x7fff, v102                        // 00000000A23C: 4B06CCFF 00007FFF
	v_add_nc_u32_e32 v131, v130, v131                          // 00000000A244: 4B070782
	v_lshrrev_b32_e32 v131, 16, v131                           // 00000000A248: 33070690
	v_add_nc_u32_e32 v132, 44, v6                              // 00000000A24C: 4B080CAC
	v_add_nc_u32_e32 v133, s27, v132                           // 00000000A250: 4B0B081B
	v_lshlrev_b32_e32 v134, 13, v133                           // 00000000A254: 310D0A8D
	v_add_nc_u32_e32 v134, s37, v134                           // 00000000A258: 4B0D0C25
	v_lshl_add_u32 v134, v3, 1, v134                           // 00000000A25C: D6460086 06190303
	v_add_nc_u32_e32 v134, 0, v134                             // 00000000A264: 4B0D0C80
	global_store_b16 v134, v131, s[14:15]                      // 00000000A268: DC660000 000E8386
	v_lshrrev_b32_e32 v130, 16, v103                           // 00000000A270: 3304CE90
	v_and_b32_e32 v130, 1, v130                                // 00000000A274: 37050481
	v_add_nc_u32_e32 v131, 0x7fff, v103                        // 00000000A278: 4B06CEFF 00007FFF
	v_add_nc_u32_e32 v131, v130, v131                          // 00000000A280: 4B070782
	v_lshrrev_b32_e32 v131, 16, v131                           // 00000000A284: 33070690
	v_add_nc_u32_e32 v132, 46, v6                              // 00000000A288: 4B080CAE
	v_add_nc_u32_e32 v133, s27, v132                           // 00000000A28C: 4B0B081B
	v_lshlrev_b32_e32 v134, 13, v133                           // 00000000A290: 310D0A8D
	v_add_nc_u32_e32 v134, s37, v134                           // 00000000A294: 4B0D0C25
	v_lshl_add_u32 v134, v3, 1, v134                           // 00000000A298: D6460086 06190303
	v_add_nc_u32_e32 v134, 0, v134                             // 00000000A2A0: 4B0D0C80
	global_store_b16 v134, v131, s[14:15]                      // 00000000A2A4: DC660000 000E8386
	v_lshrrev_b32_e32 v130, 16, v104                           // 00000000A2AC: 3304D090
	v_and_b32_e32 v130, 1, v130                                // 00000000A2B0: 37050481
	v_add_nc_u32_e32 v131, 0x7fff, v104                        // 00000000A2B4: 4B06D0FF 00007FFF
	v_add_nc_u32_e32 v131, v130, v131                          // 00000000A2BC: 4B070782
	v_lshrrev_b32_e32 v131, 16, v131                           // 00000000A2C0: 33070690
	v_add_nc_u32_e32 v132, 32, v6                              // 00000000A2C4: 4B080CA0
	v_add_nc_u32_e32 v133, s27, v132                           // 00000000A2C8: 4B0B081B
	v_lshlrev_b32_e32 v134, 13, v133                           // 00000000A2CC: 310D0A8D
	v_add_nc_u32_e32 v134, s37, v134                           // 00000000A2D0: 4B0D0C25
	v_lshl_add_u32 v134, v3, 1, v134                           // 00000000A2D4: D6460086 06190303
	v_add_nc_u32_e32 v134, 32, v134                            // 00000000A2DC: 4B0D0CA0
	global_store_b16 v134, v131, s[14:15]                      // 00000000A2E0: DC660000 000E8386
	v_lshrrev_b32_e32 v130, 16, v105                           // 00000000A2E8: 3304D290
	v_and_b32_e32 v130, 1, v130                                // 00000000A2EC: 37050481
	v_add_nc_u32_e32 v131, 0x7fff, v105                        // 00000000A2F0: 4B06D2FF 00007FFF
	v_add_nc_u32_e32 v131, v130, v131                          // 00000000A2F8: 4B070782
	v_lshrrev_b32_e32 v131, 16, v131                           // 00000000A2FC: 33070690
	v_add_nc_u32_e32 v132, 34, v6                              // 00000000A300: 4B080CA2
	v_add_nc_u32_e32 v133, s27, v132                           // 00000000A304: 4B0B081B
	v_lshlrev_b32_e32 v134, 13, v133                           // 00000000A308: 310D0A8D
	v_add_nc_u32_e32 v134, s37, v134                           // 00000000A30C: 4B0D0C25
	v_lshl_add_u32 v134, v3, 1, v134                           // 00000000A310: D6460086 06190303
	v_add_nc_u32_e32 v134, 32, v134                            // 00000000A318: 4B0D0CA0
	global_store_b16 v134, v131, s[14:15]                      // 00000000A31C: DC660000 000E8386
	v_lshrrev_b32_e32 v130, 16, v106                           // 00000000A324: 3304D490
	v_and_b32_e32 v130, 1, v130                                // 00000000A328: 37050481
	v_add_nc_u32_e32 v131, 0x7fff, v106                        // 00000000A32C: 4B06D4FF 00007FFF
	v_add_nc_u32_e32 v131, v130, v131                          // 00000000A334: 4B070782
	v_lshrrev_b32_e32 v131, 16, v131                           // 00000000A338: 33070690
	v_add_nc_u32_e32 v132, 36, v6                              // 00000000A33C: 4B080CA4
	v_add_nc_u32_e32 v133, s27, v132                           // 00000000A340: 4B0B081B
	v_lshlrev_b32_e32 v134, 13, v133                           // 00000000A344: 310D0A8D
	v_add_nc_u32_e32 v134, s37, v134                           // 00000000A348: 4B0D0C25
	v_lshl_add_u32 v134, v3, 1, v134                           // 00000000A34C: D6460086 06190303
	v_add_nc_u32_e32 v134, 32, v134                            // 00000000A354: 4B0D0CA0
	global_store_b16 v134, v131, s[14:15]                      // 00000000A358: DC660000 000E8386
	v_lshrrev_b32_e32 v130, 16, v107                           // 00000000A360: 3304D690
	v_and_b32_e32 v130, 1, v130                                // 00000000A364: 37050481
	v_add_nc_u32_e32 v131, 0x7fff, v107                        // 00000000A368: 4B06D6FF 00007FFF
	v_add_nc_u32_e32 v131, v130, v131                          // 00000000A370: 4B070782
	v_lshrrev_b32_e32 v131, 16, v131                           // 00000000A374: 33070690
	v_add_nc_u32_e32 v132, 38, v6                              // 00000000A378: 4B080CA6
	v_add_nc_u32_e32 v133, s27, v132                           // 00000000A37C: 4B0B081B
	v_lshlrev_b32_e32 v134, 13, v133                           // 00000000A380: 310D0A8D
	v_add_nc_u32_e32 v134, s37, v134                           // 00000000A384: 4B0D0C25
	v_lshl_add_u32 v134, v3, 1, v134                           // 00000000A388: D6460086 06190303
	v_add_nc_u32_e32 v134, 32, v134                            // 00000000A390: 4B0D0CA0
	global_store_b16 v134, v131, s[14:15]                      // 00000000A394: DC660000 000E8386
	v_lshrrev_b32_e32 v130, 16, v108                           // 00000000A39C: 3304D890
	v_and_b32_e32 v130, 1, v130                                // 00000000A3A0: 37050481
	v_add_nc_u32_e32 v131, 0x7fff, v108                        // 00000000A3A4: 4B06D8FF 00007FFF
	v_add_nc_u32_e32 v131, v130, v131                          // 00000000A3AC: 4B070782
	v_lshrrev_b32_e32 v131, 16, v131                           // 00000000A3B0: 33070690
	v_add_nc_u32_e32 v132, 40, v6                              // 00000000A3B4: 4B080CA8
	v_add_nc_u32_e32 v133, s27, v132                           // 00000000A3B8: 4B0B081B
	v_lshlrev_b32_e32 v134, 13, v133                           // 00000000A3BC: 310D0A8D
	v_add_nc_u32_e32 v134, s37, v134                           // 00000000A3C0: 4B0D0C25
	v_lshl_add_u32 v134, v3, 1, v134                           // 00000000A3C4: D6460086 06190303
	v_add_nc_u32_e32 v134, 32, v134                            // 00000000A3CC: 4B0D0CA0
	global_store_b16 v134, v131, s[14:15]                      // 00000000A3D0: DC660000 000E8386
	v_lshrrev_b32_e32 v130, 16, v109                           // 00000000A3D8: 3304DA90
	v_and_b32_e32 v130, 1, v130                                // 00000000A3DC: 37050481
	v_add_nc_u32_e32 v131, 0x7fff, v109                        // 00000000A3E0: 4B06DAFF 00007FFF
	v_add_nc_u32_e32 v131, v130, v131                          // 00000000A3E8: 4B070782
	v_lshrrev_b32_e32 v131, 16, v131                           // 00000000A3EC: 33070690
	v_add_nc_u32_e32 v132, 42, v6                              // 00000000A3F0: 4B080CAA
	v_add_nc_u32_e32 v133, s27, v132                           // 00000000A3F4: 4B0B081B
	v_lshlrev_b32_e32 v134, 13, v133                           // 00000000A3F8: 310D0A8D
	v_add_nc_u32_e32 v134, s37, v134                           // 00000000A3FC: 4B0D0C25
	v_lshl_add_u32 v134, v3, 1, v134                           // 00000000A400: D6460086 06190303
	v_add_nc_u32_e32 v134, 32, v134                            // 00000000A408: 4B0D0CA0
	global_store_b16 v134, v131, s[14:15]                      // 00000000A40C: DC660000 000E8386
	v_lshrrev_b32_e32 v130, 16, v110                           // 00000000A414: 3304DC90
	v_and_b32_e32 v130, 1, v130                                // 00000000A418: 37050481
	v_add_nc_u32_e32 v131, 0x7fff, v110                        // 00000000A41C: 4B06DCFF 00007FFF
	v_add_nc_u32_e32 v131, v130, v131                          // 00000000A424: 4B070782
	v_lshrrev_b32_e32 v131, 16, v131                           // 00000000A428: 33070690
	v_add_nc_u32_e32 v132, 44, v6                              // 00000000A42C: 4B080CAC
	v_add_nc_u32_e32 v133, s27, v132                           // 00000000A430: 4B0B081B
	v_lshlrev_b32_e32 v134, 13, v133                           // 00000000A434: 310D0A8D
	v_add_nc_u32_e32 v134, s37, v134                           // 00000000A438: 4B0D0C25
	v_lshl_add_u32 v134, v3, 1, v134                           // 00000000A43C: D6460086 06190303
	v_add_nc_u32_e32 v134, 32, v134                            // 00000000A444: 4B0D0CA0
	global_store_b16 v134, v131, s[14:15]                      // 00000000A448: DC660000 000E8386
	v_lshrrev_b32_e32 v130, 16, v111                           // 00000000A450: 3304DE90
	v_and_b32_e32 v130, 1, v130                                // 00000000A454: 37050481
	v_add_nc_u32_e32 v131, 0x7fff, v111                        // 00000000A458: 4B06DEFF 00007FFF
	v_add_nc_u32_e32 v131, v130, v131                          // 00000000A460: 4B070782
	v_lshrrev_b32_e32 v131, 16, v131                           // 00000000A464: 33070690
	v_add_nc_u32_e32 v132, 46, v6                              // 00000000A468: 4B080CAE
	v_add_nc_u32_e32 v133, s27, v132                           // 00000000A46C: 4B0B081B
	v_lshlrev_b32_e32 v134, 13, v133                           // 00000000A470: 310D0A8D
	v_add_nc_u32_e32 v134, s37, v134                           // 00000000A474: 4B0D0C25
	v_lshl_add_u32 v134, v3, 1, v134                           // 00000000A478: D6460086 06190303
	v_add_nc_u32_e32 v134, 32, v134                            // 00000000A480: 4B0D0CA0
	global_store_b16 v134, v131, s[14:15]                      // 00000000A484: DC660000 000E8386
	v_lshrrev_b32_e32 v130, 16, v112                           // 00000000A48C: 3304E090
	v_and_b32_e32 v130, 1, v130                                // 00000000A490: 37050481
	v_add_nc_u32_e32 v131, 0x7fff, v112                        // 00000000A494: 4B06E0FF 00007FFF
	v_add_nc_u32_e32 v131, v130, v131                          // 00000000A49C: 4B070782
	v_lshrrev_b32_e32 v131, 16, v131                           // 00000000A4A0: 33070690
	v_add_nc_u32_e32 v132, 32, v6                              // 00000000A4A4: 4B080CA0
	v_add_nc_u32_e32 v133, s27, v132                           // 00000000A4A8: 4B0B081B
	v_lshlrev_b32_e32 v134, 13, v133                           // 00000000A4AC: 310D0A8D
	v_add_nc_u32_e32 v134, s37, v134                           // 00000000A4B0: 4B0D0C25
	v_lshl_add_u32 v134, v3, 1, v134                           // 00000000A4B4: D6460086 06190303
	v_add_nc_u32_e32 v134, 64, v134                            // 00000000A4BC: 4B0D0CC0
	global_store_b16 v134, v131, s[14:15]                      // 00000000A4C0: DC660000 000E8386
	v_lshrrev_b32_e32 v130, 16, v113                           // 00000000A4C8: 3304E290
	v_and_b32_e32 v130, 1, v130                                // 00000000A4CC: 37050481
	v_add_nc_u32_e32 v131, 0x7fff, v113                        // 00000000A4D0: 4B06E2FF 00007FFF
	v_add_nc_u32_e32 v131, v130, v131                          // 00000000A4D8: 4B070782
	v_lshrrev_b32_e32 v131, 16, v131                           // 00000000A4DC: 33070690
	v_add_nc_u32_e32 v132, 34, v6                              // 00000000A4E0: 4B080CA2
	v_add_nc_u32_e32 v133, s27, v132                           // 00000000A4E4: 4B0B081B
	v_lshlrev_b32_e32 v134, 13, v133                           // 00000000A4E8: 310D0A8D
	v_add_nc_u32_e32 v134, s37, v134                           // 00000000A4EC: 4B0D0C25
	v_lshl_add_u32 v134, v3, 1, v134                           // 00000000A4F0: D6460086 06190303
	v_add_nc_u32_e32 v134, 64, v134                            // 00000000A4F8: 4B0D0CC0
	global_store_b16 v134, v131, s[14:15]                      // 00000000A4FC: DC660000 000E8386
	v_lshrrev_b32_e32 v130, 16, v114                           // 00000000A504: 3304E490
	v_and_b32_e32 v130, 1, v130                                // 00000000A508: 37050481
	v_add_nc_u32_e32 v131, 0x7fff, v114                        // 00000000A50C: 4B06E4FF 00007FFF
	v_add_nc_u32_e32 v131, v130, v131                          // 00000000A514: 4B070782
	v_lshrrev_b32_e32 v131, 16, v131                           // 00000000A518: 33070690
	v_add_nc_u32_e32 v132, 36, v6                              // 00000000A51C: 4B080CA4
	v_add_nc_u32_e32 v133, s27, v132                           // 00000000A520: 4B0B081B
	v_lshlrev_b32_e32 v134, 13, v133                           // 00000000A524: 310D0A8D
	v_add_nc_u32_e32 v134, s37, v134                           // 00000000A528: 4B0D0C25
	v_lshl_add_u32 v134, v3, 1, v134                           // 00000000A52C: D6460086 06190303
	v_add_nc_u32_e32 v134, 64, v134                            // 00000000A534: 4B0D0CC0
	global_store_b16 v134, v131, s[14:15]                      // 00000000A538: DC660000 000E8386
	v_lshrrev_b32_e32 v130, 16, v115                           // 00000000A540: 3304E690
	v_and_b32_e32 v130, 1, v130                                // 00000000A544: 37050481
	v_add_nc_u32_e32 v131, 0x7fff, v115                        // 00000000A548: 4B06E6FF 00007FFF
	v_add_nc_u32_e32 v131, v130, v131                          // 00000000A550: 4B070782
	v_lshrrev_b32_e32 v131, 16, v131                           // 00000000A554: 33070690
	v_add_nc_u32_e32 v132, 38, v6                              // 00000000A558: 4B080CA6
	v_add_nc_u32_e32 v133, s27, v132                           // 00000000A55C: 4B0B081B
	v_lshlrev_b32_e32 v134, 13, v133                           // 00000000A560: 310D0A8D
	v_add_nc_u32_e32 v134, s37, v134                           // 00000000A564: 4B0D0C25
	v_lshl_add_u32 v134, v3, 1, v134                           // 00000000A568: D6460086 06190303
	v_add_nc_u32_e32 v134, 64, v134                            // 00000000A570: 4B0D0CC0
	global_store_b16 v134, v131, s[14:15]                      // 00000000A574: DC660000 000E8386
	v_lshrrev_b32_e32 v130, 16, v116                           // 00000000A57C: 3304E890
	v_and_b32_e32 v130, 1, v130                                // 00000000A580: 37050481
	v_add_nc_u32_e32 v131, 0x7fff, v116                        // 00000000A584: 4B06E8FF 00007FFF
	v_add_nc_u32_e32 v131, v130, v131                          // 00000000A58C: 4B070782
	v_lshrrev_b32_e32 v131, 16, v131                           // 00000000A590: 33070690
	v_add_nc_u32_e32 v132, 40, v6                              // 00000000A594: 4B080CA8
	v_add_nc_u32_e32 v133, s27, v132                           // 00000000A598: 4B0B081B
	v_lshlrev_b32_e32 v134, 13, v133                           // 00000000A59C: 310D0A8D
	v_add_nc_u32_e32 v134, s37, v134                           // 00000000A5A0: 4B0D0C25
	v_lshl_add_u32 v134, v3, 1, v134                           // 00000000A5A4: D6460086 06190303
	v_add_nc_u32_e32 v134, 64, v134                            // 00000000A5AC: 4B0D0CC0
	global_store_b16 v134, v131, s[14:15]                      // 00000000A5B0: DC660000 000E8386
	v_lshrrev_b32_e32 v130, 16, v117                           // 00000000A5B8: 3304EA90
	v_and_b32_e32 v130, 1, v130                                // 00000000A5BC: 37050481
	v_add_nc_u32_e32 v131, 0x7fff, v117                        // 00000000A5C0: 4B06EAFF 00007FFF
	v_add_nc_u32_e32 v131, v130, v131                          // 00000000A5C8: 4B070782
	v_lshrrev_b32_e32 v131, 16, v131                           // 00000000A5CC: 33070690
	v_add_nc_u32_e32 v132, 42, v6                              // 00000000A5D0: 4B080CAA
	v_add_nc_u32_e32 v133, s27, v132                           // 00000000A5D4: 4B0B081B
	v_lshlrev_b32_e32 v134, 13, v133                           // 00000000A5D8: 310D0A8D
	v_add_nc_u32_e32 v134, s37, v134                           // 00000000A5DC: 4B0D0C25
	v_lshl_add_u32 v134, v3, 1, v134                           // 00000000A5E0: D6460086 06190303
	v_add_nc_u32_e32 v134, 64, v134                            // 00000000A5E8: 4B0D0CC0
	global_store_b16 v134, v131, s[14:15]                      // 00000000A5EC: DC660000 000E8386
	v_lshrrev_b32_e32 v130, 16, v118                           // 00000000A5F4: 3304EC90
	v_and_b32_e32 v130, 1, v130                                // 00000000A5F8: 37050481
	v_add_nc_u32_e32 v131, 0x7fff, v118                        // 00000000A5FC: 4B06ECFF 00007FFF
	v_add_nc_u32_e32 v131, v130, v131                          // 00000000A604: 4B070782
	v_lshrrev_b32_e32 v131, 16, v131                           // 00000000A608: 33070690
	v_add_nc_u32_e32 v132, 44, v6                              // 00000000A60C: 4B080CAC
	v_add_nc_u32_e32 v133, s27, v132                           // 00000000A610: 4B0B081B
	v_lshlrev_b32_e32 v134, 13, v133                           // 00000000A614: 310D0A8D
	v_add_nc_u32_e32 v134, s37, v134                           // 00000000A618: 4B0D0C25
	v_lshl_add_u32 v134, v3, 1, v134                           // 00000000A61C: D6460086 06190303
	v_add_nc_u32_e32 v134, 64, v134                            // 00000000A624: 4B0D0CC0
	global_store_b16 v134, v131, s[14:15]                      // 00000000A628: DC660000 000E8386
	v_lshrrev_b32_e32 v130, 16, v119                           // 00000000A630: 3304EE90
	v_and_b32_e32 v130, 1, v130                                // 00000000A634: 37050481
	v_add_nc_u32_e32 v131, 0x7fff, v119                        // 00000000A638: 4B06EEFF 00007FFF
	v_add_nc_u32_e32 v131, v130, v131                          // 00000000A640: 4B070782
	v_lshrrev_b32_e32 v131, 16, v131                           // 00000000A644: 33070690
	v_add_nc_u32_e32 v132, 46, v6                              // 00000000A648: 4B080CAE
	v_add_nc_u32_e32 v133, s27, v132                           // 00000000A64C: 4B0B081B
	v_lshlrev_b32_e32 v134, 13, v133                           // 00000000A650: 310D0A8D
	v_add_nc_u32_e32 v134, s37, v134                           // 00000000A654: 4B0D0C25
	v_lshl_add_u32 v134, v3, 1, v134                           // 00000000A658: D6460086 06190303
	v_add_nc_u32_e32 v134, 64, v134                            // 00000000A660: 4B0D0CC0
	global_store_b16 v134, v131, s[14:15]                      // 00000000A664: DC660000 000E8386
	v_lshrrev_b32_e32 v130, 16, v120                           // 00000000A66C: 3304F090
	v_and_b32_e32 v130, 1, v130                                // 00000000A670: 37050481
	v_add_nc_u32_e32 v131, 0x7fff, v120                        // 00000000A674: 4B06F0FF 00007FFF
	v_add_nc_u32_e32 v131, v130, v131                          // 00000000A67C: 4B070782
	v_lshrrev_b32_e32 v131, 16, v131                           // 00000000A680: 33070690
	v_add_nc_u32_e32 v132, 32, v6                              // 00000000A684: 4B080CA0
	v_add_nc_u32_e32 v133, s27, v132                           // 00000000A688: 4B0B081B
	v_lshlrev_b32_e32 v134, 13, v133                           // 00000000A68C: 310D0A8D
	v_add_nc_u32_e32 v134, s37, v134                           // 00000000A690: 4B0D0C25
	v_lshl_add_u32 v134, v3, 1, v134                           // 00000000A694: D6460086 06190303
	v_add_nc_u32_e32 v134, 0x60, v134                          // 00000000A69C: 4B0D0CFF 00000060
	global_store_b16 v134, v131, s[14:15]                      // 00000000A6A4: DC660000 000E8386
	v_lshrrev_b32_e32 v130, 16, v121                           // 00000000A6AC: 3304F290
	v_and_b32_e32 v130, 1, v130                                // 00000000A6B0: 37050481
	v_add_nc_u32_e32 v131, 0x7fff, v121                        // 00000000A6B4: 4B06F2FF 00007FFF
	v_add_nc_u32_e32 v131, v130, v131                          // 00000000A6BC: 4B070782
	v_lshrrev_b32_e32 v131, 16, v131                           // 00000000A6C0: 33070690
	v_add_nc_u32_e32 v132, 34, v6                              // 00000000A6C4: 4B080CA2
	v_add_nc_u32_e32 v133, s27, v132                           // 00000000A6C8: 4B0B081B
	v_lshlrev_b32_e32 v134, 13, v133                           // 00000000A6CC: 310D0A8D
	v_add_nc_u32_e32 v134, s37, v134                           // 00000000A6D0: 4B0D0C25
	v_lshl_add_u32 v134, v3, 1, v134                           // 00000000A6D4: D6460086 06190303
	v_add_nc_u32_e32 v134, 0x60, v134                          // 00000000A6DC: 4B0D0CFF 00000060
	global_store_b16 v134, v131, s[14:15]                      // 00000000A6E4: DC660000 000E8386
	v_lshrrev_b32_e32 v130, 16, v122                           // 00000000A6EC: 3304F490
	v_and_b32_e32 v130, 1, v130                                // 00000000A6F0: 37050481
	v_add_nc_u32_e32 v131, 0x7fff, v122                        // 00000000A6F4: 4B06F4FF 00007FFF
	v_add_nc_u32_e32 v131, v130, v131                          // 00000000A6FC: 4B070782
	v_lshrrev_b32_e32 v131, 16, v131                           // 00000000A700: 33070690
	v_add_nc_u32_e32 v132, 36, v6                              // 00000000A704: 4B080CA4
	v_add_nc_u32_e32 v133, s27, v132                           // 00000000A708: 4B0B081B
	v_lshlrev_b32_e32 v134, 13, v133                           // 00000000A70C: 310D0A8D
	v_add_nc_u32_e32 v134, s37, v134                           // 00000000A710: 4B0D0C25
	v_lshl_add_u32 v134, v3, 1, v134                           // 00000000A714: D6460086 06190303
	v_add_nc_u32_e32 v134, 0x60, v134                          // 00000000A71C: 4B0D0CFF 00000060
	global_store_b16 v134, v131, s[14:15]                      // 00000000A724: DC660000 000E8386
	v_lshrrev_b32_e32 v130, 16, v123                           // 00000000A72C: 3304F690
	v_and_b32_e32 v130, 1, v130                                // 00000000A730: 37050481
	v_add_nc_u32_e32 v131, 0x7fff, v123                        // 00000000A734: 4B06F6FF 00007FFF
	v_add_nc_u32_e32 v131, v130, v131                          // 00000000A73C: 4B070782
	v_lshrrev_b32_e32 v131, 16, v131                           // 00000000A740: 33070690
	v_add_nc_u32_e32 v132, 38, v6                              // 00000000A744: 4B080CA6
	v_add_nc_u32_e32 v133, s27, v132                           // 00000000A748: 4B0B081B
	v_lshlrev_b32_e32 v134, 13, v133                           // 00000000A74C: 310D0A8D
	v_add_nc_u32_e32 v134, s37, v134                           // 00000000A750: 4B0D0C25
	v_lshl_add_u32 v134, v3, 1, v134                           // 00000000A754: D6460086 06190303
	v_add_nc_u32_e32 v134, 0x60, v134                          // 00000000A75C: 4B0D0CFF 00000060
	global_store_b16 v134, v131, s[14:15]                      // 00000000A764: DC660000 000E8386
	v_lshrrev_b32_e32 v130, 16, v124                           // 00000000A76C: 3304F890
	v_and_b32_e32 v130, 1, v130                                // 00000000A770: 37050481
	v_add_nc_u32_e32 v131, 0x7fff, v124                        // 00000000A774: 4B06F8FF 00007FFF
	v_add_nc_u32_e32 v131, v130, v131                          // 00000000A77C: 4B070782
	v_lshrrev_b32_e32 v131, 16, v131                           // 00000000A780: 33070690
	v_add_nc_u32_e32 v132, 40, v6                              // 00000000A784: 4B080CA8
	v_add_nc_u32_e32 v133, s27, v132                           // 00000000A788: 4B0B081B
	v_lshlrev_b32_e32 v134, 13, v133                           // 00000000A78C: 310D0A8D
	v_add_nc_u32_e32 v134, s37, v134                           // 00000000A790: 4B0D0C25
	v_lshl_add_u32 v134, v3, 1, v134                           // 00000000A794: D6460086 06190303
	v_add_nc_u32_e32 v134, 0x60, v134                          // 00000000A79C: 4B0D0CFF 00000060
	global_store_b16 v134, v131, s[14:15]                      // 00000000A7A4: DC660000 000E8386
	v_lshrrev_b32_e32 v130, 16, v125                           // 00000000A7AC: 3304FA90
	v_and_b32_e32 v130, 1, v130                                // 00000000A7B0: 37050481
	v_add_nc_u32_e32 v131, 0x7fff, v125                        // 00000000A7B4: 4B06FAFF 00007FFF
	v_add_nc_u32_e32 v131, v130, v131                          // 00000000A7BC: 4B070782
	v_lshrrev_b32_e32 v131, 16, v131                           // 00000000A7C0: 33070690
	v_add_nc_u32_e32 v132, 42, v6                              // 00000000A7C4: 4B080CAA
	v_add_nc_u32_e32 v133, s27, v132                           // 00000000A7C8: 4B0B081B
	v_lshlrev_b32_e32 v134, 13, v133                           // 00000000A7CC: 310D0A8D
	v_add_nc_u32_e32 v134, s37, v134                           // 00000000A7D0: 4B0D0C25
	v_lshl_add_u32 v134, v3, 1, v134                           // 00000000A7D4: D6460086 06190303
	v_add_nc_u32_e32 v134, 0x60, v134                          // 00000000A7DC: 4B0D0CFF 00000060
	global_store_b16 v134, v131, s[14:15]                      // 00000000A7E4: DC660000 000E8386
	v_lshrrev_b32_e32 v130, 16, v126                           // 00000000A7EC: 3304FC90
	v_and_b32_e32 v130, 1, v130                                // 00000000A7F0: 37050481
	v_add_nc_u32_e32 v131, 0x7fff, v126                        // 00000000A7F4: 4B06FCFF 00007FFF
	v_add_nc_u32_e32 v131, v130, v131                          // 00000000A7FC: 4B070782
	v_lshrrev_b32_e32 v131, 16, v131                           // 00000000A800: 33070690
	v_add_nc_u32_e32 v132, 44, v6                              // 00000000A804: 4B080CAC
	v_add_nc_u32_e32 v133, s27, v132                           // 00000000A808: 4B0B081B
	v_lshlrev_b32_e32 v134, 13, v133                           // 00000000A80C: 310D0A8D
	v_add_nc_u32_e32 v134, s37, v134                           // 00000000A810: 4B0D0C25
	v_lshl_add_u32 v134, v3, 1, v134                           // 00000000A814: D6460086 06190303
	v_add_nc_u32_e32 v134, 0x60, v134                          // 00000000A81C: 4B0D0CFF 00000060
	global_store_b16 v134, v131, s[14:15]                      // 00000000A824: DC660000 000E8386
	v_lshrrev_b32_e32 v130, 16, v127                           // 00000000A82C: 3304FE90
	v_and_b32_e32 v130, 1, v130                                // 00000000A830: 37050481
	v_add_nc_u32_e32 v131, 0x7fff, v127                        // 00000000A834: 4B06FEFF 00007FFF
	v_add_nc_u32_e32 v131, v130, v131                          // 00000000A83C: 4B070782
	v_lshrrev_b32_e32 v131, 16, v131                           // 00000000A840: 33070690
	v_add_nc_u32_e32 v132, 46, v6                              // 00000000A844: 4B080CAE
	v_add_nc_u32_e32 v133, s27, v132                           // 00000000A848: 4B0B081B
	v_lshlrev_b32_e32 v134, 13, v133                           // 00000000A84C: 310D0A8D
	v_add_nc_u32_e32 v134, s37, v134                           // 00000000A850: 4B0D0C25
	v_lshl_add_u32 v134, v3, 1, v134                           // 00000000A854: D6460086 06190303
	v_add_nc_u32_e32 v134, 0x60, v134                          // 00000000A85C: 4B0D0CFF 00000060
	global_store_b16 v134, v131, s[14:15]                      // 00000000A864: DC660000 000E8386
	s_barrier                                                  // 00000000A86C: BFBD0000
	v_and_b32_e32 v96, 7, v0                                   // 00000000A870: 36C00087
	v_lshrrev_b32_e32 v97, 3, v0                               // 00000000A874: 32C20083
	s_lshr_b32 s35, s3, 1                                      // 00000000A878: 85238103
	s_lshl_b32 s35, s35, 8                                     // 00000000A87C: 84238823
	s_add_u32 s35, s35, 0x80                                   // 00000000A880: 8023FF23 00000080
	s_lshl_b32 s37, s3, 8                                      // 00000000A888: 84258803
	s_add_u32 s37, s37, 0x80                                   // 00000000A88C: 8025FF25 00000080
	v_add_nc_u32_e32 v100, 0, v97                              // 00000000A894: 4AC8C280
	v_add_nc_u32_e32 v101, s27, v100                           // 00000000A898: 4ACAC81B
	v_lshlrev_b32_e32 v102, 12, v101                           // 00000000A89C: 30CCCA8C
	v_add_nc_u32_e32 v102, s35, v102                           // 00000000A8A0: 4ACCCC23
	v_lshl_add_u32 v102, v96, 4, v102                          // 00000000A8A4: D6460066 05990960
	global_load_b128 v[108:111], v102, s[8:9]                  // 00000000A8AC: DC5E0000 6C080066
	v_lshlrev_b32_e32 v104, 7, v101                            // 00000000A8B4: 30D0CA87
	v_lshl_add_u32 v104, s3, 2, v104                           // 00000000A8B8: D6460068 05A10403
	global_load_b32 v112, v104, s[12:13]                       // 00000000A8C0: DC520000 700C0068
	global_load_b32 v113, v104, s[20:21]                       // 00000000A8C8: DC520000 71140068
	s_waitcnt vmcnt(0)                                         // 00000000A8D0: BF8903F7
	v_mul_f32_e32 v113, 0x3fb8aa3b, v113                       // 00000000A8D4: 10E2E2FF 3FB8AA3B
	v_exp_f32_e32 v113, v113                                   // 00000000A8DC: 7EE24B71
	v_lshlrev_b32_e32 v114, 16, v108                           // 00000000A8E0: 30E4D890
	v_and_b32_e32 v115, 0xffff0000, v108                       // 00000000A8E4: 36E6D8FF FFFF0000
	v_mul_f32_e32 v114, v112, v114                             // 00000000A8EC: 10E4E570
	v_mul_f32_e32 v115, v112, v115                             // 00000000A8F0: 10E6E770
	v_mul_f32_e32 v114, v113, v114                             // 00000000A8F4: 10E4E571
	v_mul_f32_e32 v115, v113, v115                             // 00000000A8F8: 10E6E771
	v_lshrrev_b32_e32 v116, 16, v114                           // 00000000A8FC: 32E8E490
	v_and_b32_e32 v116, 1, v116                                // 00000000A900: 36E8E881
	v_add_nc_u32_e32 v114, 0x7fff, v114                        // 00000000A904: 4AE4E4FF 00007FFF
	v_add_nc_u32_e32 v114, v116, v114                          // 00000000A90C: 4AE4E574
	v_lshrrev_b32_e32 v114, 16, v114                           // 00000000A910: 32E4E490
	v_lshrrev_b32_e32 v116, 16, v115                           // 00000000A914: 32E8E690
	v_and_b32_e32 v116, 1, v116                                // 00000000A918: 36E8E881
	v_add_nc_u32_e32 v115, 0x7fff, v115                        // 00000000A91C: 4AE6E6FF 00007FFF
	v_add_nc_u32_e32 v115, v116, v115                          // 00000000A924: 4AE6E774
	v_and_b32_e32 v115, 0xffff0000, v115                       // 00000000A928: 36E6E6FF FFFF0000
	v_or_b32_e32 v108, v114, v115                              // 00000000A930: 38D8E772
	v_lshlrev_b32_e32 v114, 16, v109                           // 00000000A934: 30E4DA90
	v_and_b32_e32 v115, 0xffff0000, v109                       // 00000000A938: 36E6DAFF FFFF0000
	v_mul_f32_e32 v114, v112, v114                             // 00000000A940: 10E4E570
	v_mul_f32_e32 v115, v112, v115                             // 00000000A944: 10E6E770
	v_mul_f32_e32 v114, v113, v114                             // 00000000A948: 10E4E571
	v_mul_f32_e32 v115, v113, v115                             // 00000000A94C: 10E6E771
	v_lshrrev_b32_e32 v116, 16, v114                           // 00000000A950: 32E8E490
	v_and_b32_e32 v116, 1, v116                                // 00000000A954: 36E8E881
	v_add_nc_u32_e32 v114, 0x7fff, v114                        // 00000000A958: 4AE4E4FF 00007FFF
	v_add_nc_u32_e32 v114, v116, v114                          // 00000000A960: 4AE4E574
	v_lshrrev_b32_e32 v114, 16, v114                           // 00000000A964: 32E4E490
	v_lshrrev_b32_e32 v116, 16, v115                           // 00000000A968: 32E8E690
	v_and_b32_e32 v116, 1, v116                                // 00000000A96C: 36E8E881
	v_add_nc_u32_e32 v115, 0x7fff, v115                        // 00000000A970: 4AE6E6FF 00007FFF
	v_add_nc_u32_e32 v115, v116, v115                          // 00000000A978: 4AE6E774
	v_and_b32_e32 v115, 0xffff0000, v115                       // 00000000A97C: 36E6E6FF FFFF0000
	v_or_b32_e32 v109, v114, v115                              // 00000000A984: 38DAE772
	v_lshlrev_b32_e32 v114, 16, v110                           // 00000000A988: 30E4DC90
	v_and_b32_e32 v115, 0xffff0000, v110                       // 00000000A98C: 36E6DCFF FFFF0000
	v_mul_f32_e32 v114, v112, v114                             // 00000000A994: 10E4E570
	v_mul_f32_e32 v115, v112, v115                             // 00000000A998: 10E6E770
	v_mul_f32_e32 v114, v113, v114                             // 00000000A99C: 10E4E571
	v_mul_f32_e32 v115, v113, v115                             // 00000000A9A0: 10E6E771
	v_lshrrev_b32_e32 v116, 16, v114                           // 00000000A9A4: 32E8E490
	v_and_b32_e32 v116, 1, v116                                // 00000000A9A8: 36E8E881
	v_add_nc_u32_e32 v114, 0x7fff, v114                        // 00000000A9AC: 4AE4E4FF 00007FFF
	v_add_nc_u32_e32 v114, v116, v114                          // 00000000A9B4: 4AE4E574
	v_lshrrev_b32_e32 v114, 16, v114                           // 00000000A9B8: 32E4E490
	v_lshrrev_b32_e32 v116, 16, v115                           // 00000000A9BC: 32E8E690
	v_and_b32_e32 v116, 1, v116                                // 00000000A9C0: 36E8E881
	v_add_nc_u32_e32 v115, 0x7fff, v115                        // 00000000A9C4: 4AE6E6FF 00007FFF
	v_add_nc_u32_e32 v115, v116, v115                          // 00000000A9CC: 4AE6E774
	v_and_b32_e32 v115, 0xffff0000, v115                       // 00000000A9D0: 36E6E6FF FFFF0000
	v_or_b32_e32 v110, v114, v115                              // 00000000A9D8: 38DCE772
	v_lshlrev_b32_e32 v114, 16, v111                           // 00000000A9DC: 30E4DE90
	v_and_b32_e32 v115, 0xffff0000, v111                       // 00000000A9E0: 36E6DEFF FFFF0000
	v_mul_f32_e32 v114, v112, v114                             // 00000000A9E8: 10E4E570
	v_mul_f32_e32 v115, v112, v115                             // 00000000A9EC: 10E6E770
	v_mul_f32_e32 v114, v113, v114                             // 00000000A9F0: 10E4E571
	v_mul_f32_e32 v115, v113, v115                             // 00000000A9F4: 10E6E771
	v_lshrrev_b32_e32 v116, 16, v114                           // 00000000A9F8: 32E8E490
	v_and_b32_e32 v116, 1, v116                                // 00000000A9FC: 36E8E881
	v_add_nc_u32_e32 v114, 0x7fff, v114                        // 00000000AA00: 4AE4E4FF 00007FFF
	v_add_nc_u32_e32 v114, v116, v114                          // 00000000AA08: 4AE4E574
	v_lshrrev_b32_e32 v114, 16, v114                           // 00000000AA0C: 32E4E490
	v_lshrrev_b32_e32 v116, 16, v115                           // 00000000AA10: 32E8E690
	v_and_b32_e32 v116, 1, v116                                // 00000000AA14: 36E8E881
	v_add_nc_u32_e32 v115, 0x7fff, v115                        // 00000000AA18: 4AE6E6FF 00007FFF
	v_add_nc_u32_e32 v115, v116, v115                          // 00000000AA20: 4AE6E774
	v_and_b32_e32 v115, 0xffff0000, v115                       // 00000000AA24: 36E6E6FF FFFF0000
	v_or_b32_e32 v111, v114, v115                              // 00000000AA2C: 38DEE772
	v_lshlrev_b32_e32 v103, 7, v100                            // 00000000AA30: 30CEC887
	v_lshl_add_u32 v103, v96, 4, v103                          // 00000000AA34: D6460067 059D0960
	v_add_nc_u32_e32 v103, 0x2000, v103                        // 00000000AA3C: 4ACECEFF 00002000
	ds_store_b128 v103, v[108:111]                             // 00000000AA44: DB7C0000 00006C67
	v_add_nc_u32_e32 v100, 8, v97                              // 00000000AA4C: 4AC8C288
	v_add_nc_u32_e32 v101, s27, v100                           // 00000000AA50: 4ACAC81B
	v_lshlrev_b32_e32 v102, 12, v101                           // 00000000AA54: 30CCCA8C
	v_add_nc_u32_e32 v102, s35, v102                           // 00000000AA58: 4ACCCC23
	v_lshl_add_u32 v102, v96, 4, v102                          // 00000000AA5C: D6460066 05990960
	global_load_b128 v[108:111], v102, s[8:9]                  // 00000000AA64: DC5E0000 6C080066
	v_lshlrev_b32_e32 v104, 7, v101                            // 00000000AA6C: 30D0CA87
	v_lshl_add_u32 v104, s3, 2, v104                           // 00000000AA70: D6460068 05A10403
	global_load_b32 v112, v104, s[12:13]                       // 00000000AA78: DC520000 700C0068
	global_load_b32 v113, v104, s[20:21]                       // 00000000AA80: DC520000 71140068
	s_waitcnt vmcnt(0)                                         // 00000000AA88: BF8903F7
	v_mul_f32_e32 v113, 0x3fb8aa3b, v113                       // 00000000AA8C: 10E2E2FF 3FB8AA3B
	v_exp_f32_e32 v113, v113                                   // 00000000AA94: 7EE24B71
	v_lshlrev_b32_e32 v114, 16, v108                           // 00000000AA98: 30E4D890
	v_and_b32_e32 v115, 0xffff0000, v108                       // 00000000AA9C: 36E6D8FF FFFF0000
	v_mul_f32_e32 v114, v112, v114                             // 00000000AAA4: 10E4E570
	v_mul_f32_e32 v115, v112, v115                             // 00000000AAA8: 10E6E770
	v_mul_f32_e32 v114, v113, v114                             // 00000000AAAC: 10E4E571
	v_mul_f32_e32 v115, v113, v115                             // 00000000AAB0: 10E6E771
	v_lshrrev_b32_e32 v116, 16, v114                           // 00000000AAB4: 32E8E490
	v_and_b32_e32 v116, 1, v116                                // 00000000AAB8: 36E8E881
	v_add_nc_u32_e32 v114, 0x7fff, v114                        // 00000000AABC: 4AE4E4FF 00007FFF
	v_add_nc_u32_e32 v114, v116, v114                          // 00000000AAC4: 4AE4E574
	v_lshrrev_b32_e32 v114, 16, v114                           // 00000000AAC8: 32E4E490
	v_lshrrev_b32_e32 v116, 16, v115                           // 00000000AACC: 32E8E690
	v_and_b32_e32 v116, 1, v116                                // 00000000AAD0: 36E8E881
	v_add_nc_u32_e32 v115, 0x7fff, v115                        // 00000000AAD4: 4AE6E6FF 00007FFF
	v_add_nc_u32_e32 v115, v116, v115                          // 00000000AADC: 4AE6E774
	v_and_b32_e32 v115, 0xffff0000, v115                       // 00000000AAE0: 36E6E6FF FFFF0000
	v_or_b32_e32 v108, v114, v115                              // 00000000AAE8: 38D8E772
	v_lshlrev_b32_e32 v114, 16, v109                           // 00000000AAEC: 30E4DA90
	v_and_b32_e32 v115, 0xffff0000, v109                       // 00000000AAF0: 36E6DAFF FFFF0000
	v_mul_f32_e32 v114, v112, v114                             // 00000000AAF8: 10E4E570
	v_mul_f32_e32 v115, v112, v115                             // 00000000AAFC: 10E6E770
	v_mul_f32_e32 v114, v113, v114                             // 00000000AB00: 10E4E571
	v_mul_f32_e32 v115, v113, v115                             // 00000000AB04: 10E6E771
	v_lshrrev_b32_e32 v116, 16, v114                           // 00000000AB08: 32E8E490
	v_and_b32_e32 v116, 1, v116                                // 00000000AB0C: 36E8E881
	v_add_nc_u32_e32 v114, 0x7fff, v114                        // 00000000AB10: 4AE4E4FF 00007FFF
	v_add_nc_u32_e32 v114, v116, v114                          // 00000000AB18: 4AE4E574
	v_lshrrev_b32_e32 v114, 16, v114                           // 00000000AB1C: 32E4E490
	v_lshrrev_b32_e32 v116, 16, v115                           // 00000000AB20: 32E8E690
	v_and_b32_e32 v116, 1, v116                                // 00000000AB24: 36E8E881
	v_add_nc_u32_e32 v115, 0x7fff, v115                        // 00000000AB28: 4AE6E6FF 00007FFF
	v_add_nc_u32_e32 v115, v116, v115                          // 00000000AB30: 4AE6E774
	v_and_b32_e32 v115, 0xffff0000, v115                       // 00000000AB34: 36E6E6FF FFFF0000
	v_or_b32_e32 v109, v114, v115                              // 00000000AB3C: 38DAE772
	v_lshlrev_b32_e32 v114, 16, v110                           // 00000000AB40: 30E4DC90
	v_and_b32_e32 v115, 0xffff0000, v110                       // 00000000AB44: 36E6DCFF FFFF0000
	v_mul_f32_e32 v114, v112, v114                             // 00000000AB4C: 10E4E570
	v_mul_f32_e32 v115, v112, v115                             // 00000000AB50: 10E6E770
	v_mul_f32_e32 v114, v113, v114                             // 00000000AB54: 10E4E571
	v_mul_f32_e32 v115, v113, v115                             // 00000000AB58: 10E6E771
	v_lshrrev_b32_e32 v116, 16, v114                           // 00000000AB5C: 32E8E490
	v_and_b32_e32 v116, 1, v116                                // 00000000AB60: 36E8E881
	v_add_nc_u32_e32 v114, 0x7fff, v114                        // 00000000AB64: 4AE4E4FF 00007FFF
	v_add_nc_u32_e32 v114, v116, v114                          // 00000000AB6C: 4AE4E574
	v_lshrrev_b32_e32 v114, 16, v114                           // 00000000AB70: 32E4E490
	v_lshrrev_b32_e32 v116, 16, v115                           // 00000000AB74: 32E8E690
	v_and_b32_e32 v116, 1, v116                                // 00000000AB78: 36E8E881
	v_add_nc_u32_e32 v115, 0x7fff, v115                        // 00000000AB7C: 4AE6E6FF 00007FFF
	v_add_nc_u32_e32 v115, v116, v115                          // 00000000AB84: 4AE6E774
	v_and_b32_e32 v115, 0xffff0000, v115                       // 00000000AB88: 36E6E6FF FFFF0000
	v_or_b32_e32 v110, v114, v115                              // 00000000AB90: 38DCE772
	v_lshlrev_b32_e32 v114, 16, v111                           // 00000000AB94: 30E4DE90
	v_and_b32_e32 v115, 0xffff0000, v111                       // 00000000AB98: 36E6DEFF FFFF0000
	v_mul_f32_e32 v114, v112, v114                             // 00000000ABA0: 10E4E570
	v_mul_f32_e32 v115, v112, v115                             // 00000000ABA4: 10E6E770
	v_mul_f32_e32 v114, v113, v114                             // 00000000ABA8: 10E4E571
	v_mul_f32_e32 v115, v113, v115                             // 00000000ABAC: 10E6E771
	v_lshrrev_b32_e32 v116, 16, v114                           // 00000000ABB0: 32E8E490
	v_and_b32_e32 v116, 1, v116                                // 00000000ABB4: 36E8E881
	v_add_nc_u32_e32 v114, 0x7fff, v114                        // 00000000ABB8: 4AE4E4FF 00007FFF
	v_add_nc_u32_e32 v114, v116, v114                          // 00000000ABC0: 4AE4E574
	v_lshrrev_b32_e32 v114, 16, v114                           // 00000000ABC4: 32E4E490
	v_lshrrev_b32_e32 v116, 16, v115                           // 00000000ABC8: 32E8E690
	v_and_b32_e32 v116, 1, v116                                // 00000000ABCC: 36E8E881
	v_add_nc_u32_e32 v115, 0x7fff, v115                        // 00000000ABD0: 4AE6E6FF 00007FFF
	v_add_nc_u32_e32 v115, v116, v115                          // 00000000ABD8: 4AE6E774
	v_and_b32_e32 v115, 0xffff0000, v115                       // 00000000ABDC: 36E6E6FF FFFF0000
	v_or_b32_e32 v111, v114, v115                              // 00000000ABE4: 38DEE772
	v_lshlrev_b32_e32 v103, 7, v100                            // 00000000ABE8: 30CEC887
	v_lshl_add_u32 v103, v96, 4, v103                          // 00000000ABEC: D6460067 059D0960
	v_add_nc_u32_e32 v103, 0x2000, v103                        // 00000000ABF4: 4ACECEFF 00002000
	ds_store_b128 v103, v[108:111]                             // 00000000ABFC: DB7C0000 00006C67
	v_add_nc_u32_e32 v100, 16, v97                             // 00000000AC04: 4AC8C290
	v_add_nc_u32_e32 v101, s27, v100                           // 00000000AC08: 4ACAC81B
	v_lshlrev_b32_e32 v102, 12, v101                           // 00000000AC0C: 30CCCA8C
	v_add_nc_u32_e32 v102, s35, v102                           // 00000000AC10: 4ACCCC23
	v_lshl_add_u32 v102, v96, 4, v102                          // 00000000AC14: D6460066 05990960
	global_load_b128 v[108:111], v102, s[8:9]                  // 00000000AC1C: DC5E0000 6C080066
	v_lshlrev_b32_e32 v104, 7, v101                            // 00000000AC24: 30D0CA87
	v_lshl_add_u32 v104, s3, 2, v104                           // 00000000AC28: D6460068 05A10403
	global_load_b32 v112, v104, s[12:13]                       // 00000000AC30: DC520000 700C0068
	global_load_b32 v113, v104, s[20:21]                       // 00000000AC38: DC520000 71140068
	s_waitcnt vmcnt(0)                                         // 00000000AC40: BF8903F7
	v_mul_f32_e32 v113, 0x3fb8aa3b, v113                       // 00000000AC44: 10E2E2FF 3FB8AA3B
	v_exp_f32_e32 v113, v113                                   // 00000000AC4C: 7EE24B71
	v_lshlrev_b32_e32 v114, 16, v108                           // 00000000AC50: 30E4D890
	v_and_b32_e32 v115, 0xffff0000, v108                       // 00000000AC54: 36E6D8FF FFFF0000
	v_mul_f32_e32 v114, v112, v114                             // 00000000AC5C: 10E4E570
	v_mul_f32_e32 v115, v112, v115                             // 00000000AC60: 10E6E770
	v_mul_f32_e32 v114, v113, v114                             // 00000000AC64: 10E4E571
	v_mul_f32_e32 v115, v113, v115                             // 00000000AC68: 10E6E771
	v_lshrrev_b32_e32 v116, 16, v114                           // 00000000AC6C: 32E8E490
	v_and_b32_e32 v116, 1, v116                                // 00000000AC70: 36E8E881
	v_add_nc_u32_e32 v114, 0x7fff, v114                        // 00000000AC74: 4AE4E4FF 00007FFF
	v_add_nc_u32_e32 v114, v116, v114                          // 00000000AC7C: 4AE4E574
	v_lshrrev_b32_e32 v114, 16, v114                           // 00000000AC80: 32E4E490
	v_lshrrev_b32_e32 v116, 16, v115                           // 00000000AC84: 32E8E690
	v_and_b32_e32 v116, 1, v116                                // 00000000AC88: 36E8E881
	v_add_nc_u32_e32 v115, 0x7fff, v115                        // 00000000AC8C: 4AE6E6FF 00007FFF
	v_add_nc_u32_e32 v115, v116, v115                          // 00000000AC94: 4AE6E774
	v_and_b32_e32 v115, 0xffff0000, v115                       // 00000000AC98: 36E6E6FF FFFF0000
	v_or_b32_e32 v108, v114, v115                              // 00000000ACA0: 38D8E772
	v_lshlrev_b32_e32 v114, 16, v109                           // 00000000ACA4: 30E4DA90
	v_and_b32_e32 v115, 0xffff0000, v109                       // 00000000ACA8: 36E6DAFF FFFF0000
	v_mul_f32_e32 v114, v112, v114                             // 00000000ACB0: 10E4E570
	v_mul_f32_e32 v115, v112, v115                             // 00000000ACB4: 10E6E770
	v_mul_f32_e32 v114, v113, v114                             // 00000000ACB8: 10E4E571
	v_mul_f32_e32 v115, v113, v115                             // 00000000ACBC: 10E6E771
	v_lshrrev_b32_e32 v116, 16, v114                           // 00000000ACC0: 32E8E490
	v_and_b32_e32 v116, 1, v116                                // 00000000ACC4: 36E8E881
	v_add_nc_u32_e32 v114, 0x7fff, v114                        // 00000000ACC8: 4AE4E4FF 00007FFF
	v_add_nc_u32_e32 v114, v116, v114                          // 00000000ACD0: 4AE4E574
	v_lshrrev_b32_e32 v114, 16, v114                           // 00000000ACD4: 32E4E490
	v_lshrrev_b32_e32 v116, 16, v115                           // 00000000ACD8: 32E8E690
	v_and_b32_e32 v116, 1, v116                                // 00000000ACDC: 36E8E881
	v_add_nc_u32_e32 v115, 0x7fff, v115                        // 00000000ACE0: 4AE6E6FF 00007FFF
	v_add_nc_u32_e32 v115, v116, v115                          // 00000000ACE8: 4AE6E774
	v_and_b32_e32 v115, 0xffff0000, v115                       // 00000000ACEC: 36E6E6FF FFFF0000
	v_or_b32_e32 v109, v114, v115                              // 00000000ACF4: 38DAE772
	v_lshlrev_b32_e32 v114, 16, v110                           // 00000000ACF8: 30E4DC90
	v_and_b32_e32 v115, 0xffff0000, v110                       // 00000000ACFC: 36E6DCFF FFFF0000
	v_mul_f32_e32 v114, v112, v114                             // 00000000AD04: 10E4E570
	v_mul_f32_e32 v115, v112, v115                             // 00000000AD08: 10E6E770
	v_mul_f32_e32 v114, v113, v114                             // 00000000AD0C: 10E4E571
	v_mul_f32_e32 v115, v113, v115                             // 00000000AD10: 10E6E771
	v_lshrrev_b32_e32 v116, 16, v114                           // 00000000AD14: 32E8E490
	v_and_b32_e32 v116, 1, v116                                // 00000000AD18: 36E8E881
	v_add_nc_u32_e32 v114, 0x7fff, v114                        // 00000000AD1C: 4AE4E4FF 00007FFF
	v_add_nc_u32_e32 v114, v116, v114                          // 00000000AD24: 4AE4E574
	v_lshrrev_b32_e32 v114, 16, v114                           // 00000000AD28: 32E4E490
	v_lshrrev_b32_e32 v116, 16, v115                           // 00000000AD2C: 32E8E690
	v_and_b32_e32 v116, 1, v116                                // 00000000AD30: 36E8E881
	v_add_nc_u32_e32 v115, 0x7fff, v115                        // 00000000AD34: 4AE6E6FF 00007FFF
	v_add_nc_u32_e32 v115, v116, v115                          // 00000000AD3C: 4AE6E774
	v_and_b32_e32 v115, 0xffff0000, v115                       // 00000000AD40: 36E6E6FF FFFF0000
	v_or_b32_e32 v110, v114, v115                              // 00000000AD48: 38DCE772
	v_lshlrev_b32_e32 v114, 16, v111                           // 00000000AD4C: 30E4DE90
	v_and_b32_e32 v115, 0xffff0000, v111                       // 00000000AD50: 36E6DEFF FFFF0000
	v_mul_f32_e32 v114, v112, v114                             // 00000000AD58: 10E4E570
	v_mul_f32_e32 v115, v112, v115                             // 00000000AD5C: 10E6E770
	v_mul_f32_e32 v114, v113, v114                             // 00000000AD60: 10E4E571
	v_mul_f32_e32 v115, v113, v115                             // 00000000AD64: 10E6E771
	v_lshrrev_b32_e32 v116, 16, v114                           // 00000000AD68: 32E8E490
	v_and_b32_e32 v116, 1, v116                                // 00000000AD6C: 36E8E881
	v_add_nc_u32_e32 v114, 0x7fff, v114                        // 00000000AD70: 4AE4E4FF 00007FFF
	v_add_nc_u32_e32 v114, v116, v114                          // 00000000AD78: 4AE4E574
	v_lshrrev_b32_e32 v114, 16, v114                           // 00000000AD7C: 32E4E490
	v_lshrrev_b32_e32 v116, 16, v115                           // 00000000AD80: 32E8E690
	v_and_b32_e32 v116, 1, v116                                // 00000000AD84: 36E8E881
	v_add_nc_u32_e32 v115, 0x7fff, v115                        // 00000000AD88: 4AE6E6FF 00007FFF
	v_add_nc_u32_e32 v115, v116, v115                          // 00000000AD90: 4AE6E774
	v_and_b32_e32 v115, 0xffff0000, v115                       // 00000000AD94: 36E6E6FF FFFF0000
	v_or_b32_e32 v111, v114, v115                              // 00000000AD9C: 38DEE772
	v_lshlrev_b32_e32 v103, 7, v100                            // 00000000ADA0: 30CEC887
	v_lshl_add_u32 v103, v96, 4, v103                          // 00000000ADA4: D6460067 059D0960
	v_add_nc_u32_e32 v103, 0x2000, v103                        // 00000000ADAC: 4ACECEFF 00002000
	ds_store_b128 v103, v[108:111]                             // 00000000ADB4: DB7C0000 00006C67
	v_add_nc_u32_e32 v100, 24, v97                             // 00000000ADBC: 4AC8C298
	v_add_nc_u32_e32 v101, s27, v100                           // 00000000ADC0: 4ACAC81B
	v_lshlrev_b32_e32 v102, 12, v101                           // 00000000ADC4: 30CCCA8C
	v_add_nc_u32_e32 v102, s35, v102                           // 00000000ADC8: 4ACCCC23
	v_lshl_add_u32 v102, v96, 4, v102                          // 00000000ADCC: D6460066 05990960
	global_load_b128 v[108:111], v102, s[8:9]                  // 00000000ADD4: DC5E0000 6C080066
	v_lshlrev_b32_e32 v104, 7, v101                            // 00000000ADDC: 30D0CA87
	v_lshl_add_u32 v104, s3, 2, v104                           // 00000000ADE0: D6460068 05A10403
	global_load_b32 v112, v104, s[12:13]                       // 00000000ADE8: DC520000 700C0068
	global_load_b32 v113, v104, s[20:21]                       // 00000000ADF0: DC520000 71140068
	s_waitcnt vmcnt(0)                                         // 00000000ADF8: BF8903F7
	v_mul_f32_e32 v113, 0x3fb8aa3b, v113                       // 00000000ADFC: 10E2E2FF 3FB8AA3B
	v_exp_f32_e32 v113, v113                                   // 00000000AE04: 7EE24B71
	v_lshlrev_b32_e32 v114, 16, v108                           // 00000000AE08: 30E4D890
	v_and_b32_e32 v115, 0xffff0000, v108                       // 00000000AE0C: 36E6D8FF FFFF0000
	v_mul_f32_e32 v114, v112, v114                             // 00000000AE14: 10E4E570
	v_mul_f32_e32 v115, v112, v115                             // 00000000AE18: 10E6E770
	v_mul_f32_e32 v114, v113, v114                             // 00000000AE1C: 10E4E571
	v_mul_f32_e32 v115, v113, v115                             // 00000000AE20: 10E6E771
	v_lshrrev_b32_e32 v116, 16, v114                           // 00000000AE24: 32E8E490
	v_and_b32_e32 v116, 1, v116                                // 00000000AE28: 36E8E881
	v_add_nc_u32_e32 v114, 0x7fff, v114                        // 00000000AE2C: 4AE4E4FF 00007FFF
	v_add_nc_u32_e32 v114, v116, v114                          // 00000000AE34: 4AE4E574
	v_lshrrev_b32_e32 v114, 16, v114                           // 00000000AE38: 32E4E490
	v_lshrrev_b32_e32 v116, 16, v115                           // 00000000AE3C: 32E8E690
	v_and_b32_e32 v116, 1, v116                                // 00000000AE40: 36E8E881
	v_add_nc_u32_e32 v115, 0x7fff, v115                        // 00000000AE44: 4AE6E6FF 00007FFF
	v_add_nc_u32_e32 v115, v116, v115                          // 00000000AE4C: 4AE6E774
	v_and_b32_e32 v115, 0xffff0000, v115                       // 00000000AE50: 36E6E6FF FFFF0000
	v_or_b32_e32 v108, v114, v115                              // 00000000AE58: 38D8E772
	v_lshlrev_b32_e32 v114, 16, v109                           // 00000000AE5C: 30E4DA90
	v_and_b32_e32 v115, 0xffff0000, v109                       // 00000000AE60: 36E6DAFF FFFF0000
	v_mul_f32_e32 v114, v112, v114                             // 00000000AE68: 10E4E570
	v_mul_f32_e32 v115, v112, v115                             // 00000000AE6C: 10E6E770
	v_mul_f32_e32 v114, v113, v114                             // 00000000AE70: 10E4E571
	v_mul_f32_e32 v115, v113, v115                             // 00000000AE74: 10E6E771
	v_lshrrev_b32_e32 v116, 16, v114                           // 00000000AE78: 32E8E490
	v_and_b32_e32 v116, 1, v116                                // 00000000AE7C: 36E8E881
	v_add_nc_u32_e32 v114, 0x7fff, v114                        // 00000000AE80: 4AE4E4FF 00007FFF
	v_add_nc_u32_e32 v114, v116, v114                          // 00000000AE88: 4AE4E574
	v_lshrrev_b32_e32 v114, 16, v114                           // 00000000AE8C: 32E4E490
	v_lshrrev_b32_e32 v116, 16, v115                           // 00000000AE90: 32E8E690
	v_and_b32_e32 v116, 1, v116                                // 00000000AE94: 36E8E881
	v_add_nc_u32_e32 v115, 0x7fff, v115                        // 00000000AE98: 4AE6E6FF 00007FFF
	v_add_nc_u32_e32 v115, v116, v115                          // 00000000AEA0: 4AE6E774
	v_and_b32_e32 v115, 0xffff0000, v115                       // 00000000AEA4: 36E6E6FF FFFF0000
	v_or_b32_e32 v109, v114, v115                              // 00000000AEAC: 38DAE772
	v_lshlrev_b32_e32 v114, 16, v110                           // 00000000AEB0: 30E4DC90
	v_and_b32_e32 v115, 0xffff0000, v110                       // 00000000AEB4: 36E6DCFF FFFF0000
	v_mul_f32_e32 v114, v112, v114                             // 00000000AEBC: 10E4E570
	v_mul_f32_e32 v115, v112, v115                             // 00000000AEC0: 10E6E770
	v_mul_f32_e32 v114, v113, v114                             // 00000000AEC4: 10E4E571
	v_mul_f32_e32 v115, v113, v115                             // 00000000AEC8: 10E6E771
	v_lshrrev_b32_e32 v116, 16, v114                           // 00000000AECC: 32E8E490
	v_and_b32_e32 v116, 1, v116                                // 00000000AED0: 36E8E881
	v_add_nc_u32_e32 v114, 0x7fff, v114                        // 00000000AED4: 4AE4E4FF 00007FFF
	v_add_nc_u32_e32 v114, v116, v114                          // 00000000AEDC: 4AE4E574
	v_lshrrev_b32_e32 v114, 16, v114                           // 00000000AEE0: 32E4E490
	v_lshrrev_b32_e32 v116, 16, v115                           // 00000000AEE4: 32E8E690
	v_and_b32_e32 v116, 1, v116                                // 00000000AEE8: 36E8E881
	v_add_nc_u32_e32 v115, 0x7fff, v115                        // 00000000AEEC: 4AE6E6FF 00007FFF
	v_add_nc_u32_e32 v115, v116, v115                          // 00000000AEF4: 4AE6E774
	v_and_b32_e32 v115, 0xffff0000, v115                       // 00000000AEF8: 36E6E6FF FFFF0000
	v_or_b32_e32 v110, v114, v115                              // 00000000AF00: 38DCE772
	v_lshlrev_b32_e32 v114, 16, v111                           // 00000000AF04: 30E4DE90
	v_and_b32_e32 v115, 0xffff0000, v111                       // 00000000AF08: 36E6DEFF FFFF0000
	v_mul_f32_e32 v114, v112, v114                             // 00000000AF10: 10E4E570
	v_mul_f32_e32 v115, v112, v115                             // 00000000AF14: 10E6E770
	v_mul_f32_e32 v114, v113, v114                             // 00000000AF18: 10E4E571
	v_mul_f32_e32 v115, v113, v115                             // 00000000AF1C: 10E6E771
	v_lshrrev_b32_e32 v116, 16, v114                           // 00000000AF20: 32E8E490
	v_and_b32_e32 v116, 1, v116                                // 00000000AF24: 36E8E881
	v_add_nc_u32_e32 v114, 0x7fff, v114                        // 00000000AF28: 4AE4E4FF 00007FFF
	v_add_nc_u32_e32 v114, v116, v114                          // 00000000AF30: 4AE4E574
	v_lshrrev_b32_e32 v114, 16, v114                           // 00000000AF34: 32E4E490
	v_lshrrev_b32_e32 v116, 16, v115                           // 00000000AF38: 32E8E690
	v_and_b32_e32 v116, 1, v116                                // 00000000AF3C: 36E8E881
	v_add_nc_u32_e32 v115, 0x7fff, v115                        // 00000000AF40: 4AE6E6FF 00007FFF
	v_add_nc_u32_e32 v115, v116, v115                          // 00000000AF48: 4AE6E774
	v_and_b32_e32 v115, 0xffff0000, v115                       // 00000000AF4C: 36E6E6FF FFFF0000
	v_or_b32_e32 v111, v114, v115                              // 00000000AF54: 38DEE772
	v_lshlrev_b32_e32 v103, 7, v100                            // 00000000AF58: 30CEC887
	v_lshl_add_u32 v103, v96, 4, v103                          // 00000000AF5C: D6460067 059D0960
	v_add_nc_u32_e32 v103, 0x2000, v103                        // 00000000AF64: 4ACECEFF 00002000
	ds_store_b128 v103, v[108:111]                             // 00000000AF6C: DB7C0000 00006C67
	v_add_nc_u32_e32 v100, 32, v97                             // 00000000AF74: 4AC8C2A0
	v_add_nc_u32_e32 v101, s27, v100                           // 00000000AF78: 4ACAC81B
	v_lshlrev_b32_e32 v102, 12, v101                           // 00000000AF7C: 30CCCA8C
	v_add_nc_u32_e32 v102, s35, v102                           // 00000000AF80: 4ACCCC23
	v_lshl_add_u32 v102, v96, 4, v102                          // 00000000AF84: D6460066 05990960
	global_load_b128 v[108:111], v102, s[8:9]                  // 00000000AF8C: DC5E0000 6C080066
	v_lshlrev_b32_e32 v104, 7, v101                            // 00000000AF94: 30D0CA87
	v_lshl_add_u32 v104, s3, 2, v104                           // 00000000AF98: D6460068 05A10403
	global_load_b32 v112, v104, s[12:13]                       // 00000000AFA0: DC520000 700C0068
	global_load_b32 v113, v104, s[20:21]                       // 00000000AFA8: DC520000 71140068
	s_waitcnt vmcnt(0)                                         // 00000000AFB0: BF8903F7
	v_mul_f32_e32 v113, 0x3fb8aa3b, v113                       // 00000000AFB4: 10E2E2FF 3FB8AA3B
	v_exp_f32_e32 v113, v113                                   // 00000000AFBC: 7EE24B71
	v_lshlrev_b32_e32 v114, 16, v108                           // 00000000AFC0: 30E4D890
	v_and_b32_e32 v115, 0xffff0000, v108                       // 00000000AFC4: 36E6D8FF FFFF0000
	v_mul_f32_e32 v114, v112, v114                             // 00000000AFCC: 10E4E570
	v_mul_f32_e32 v115, v112, v115                             // 00000000AFD0: 10E6E770
	v_mul_f32_e32 v114, v113, v114                             // 00000000AFD4: 10E4E571
	v_mul_f32_e32 v115, v113, v115                             // 00000000AFD8: 10E6E771
	v_lshrrev_b32_e32 v116, 16, v114                           // 00000000AFDC: 32E8E490
	v_and_b32_e32 v116, 1, v116                                // 00000000AFE0: 36E8E881
	v_add_nc_u32_e32 v114, 0x7fff, v114                        // 00000000AFE4: 4AE4E4FF 00007FFF
	v_add_nc_u32_e32 v114, v116, v114                          // 00000000AFEC: 4AE4E574
	v_lshrrev_b32_e32 v114, 16, v114                           // 00000000AFF0: 32E4E490
	v_lshrrev_b32_e32 v116, 16, v115                           // 00000000AFF4: 32E8E690
	v_and_b32_e32 v116, 1, v116                                // 00000000AFF8: 36E8E881
	v_add_nc_u32_e32 v115, 0x7fff, v115                        // 00000000AFFC: 4AE6E6FF 00007FFF
	v_add_nc_u32_e32 v115, v116, v115                          // 00000000B004: 4AE6E774
	v_and_b32_e32 v115, 0xffff0000, v115                       // 00000000B008: 36E6E6FF FFFF0000
	v_or_b32_e32 v108, v114, v115                              // 00000000B010: 38D8E772
	v_lshlrev_b32_e32 v114, 16, v109                           // 00000000B014: 30E4DA90
	v_and_b32_e32 v115, 0xffff0000, v109                       // 00000000B018: 36E6DAFF FFFF0000
	v_mul_f32_e32 v114, v112, v114                             // 00000000B020: 10E4E570
	v_mul_f32_e32 v115, v112, v115                             // 00000000B024: 10E6E770
	v_mul_f32_e32 v114, v113, v114                             // 00000000B028: 10E4E571
	v_mul_f32_e32 v115, v113, v115                             // 00000000B02C: 10E6E771
	v_lshrrev_b32_e32 v116, 16, v114                           // 00000000B030: 32E8E490
	v_and_b32_e32 v116, 1, v116                                // 00000000B034: 36E8E881
	v_add_nc_u32_e32 v114, 0x7fff, v114                        // 00000000B038: 4AE4E4FF 00007FFF
	v_add_nc_u32_e32 v114, v116, v114                          // 00000000B040: 4AE4E574
	v_lshrrev_b32_e32 v114, 16, v114                           // 00000000B044: 32E4E490
	v_lshrrev_b32_e32 v116, 16, v115                           // 00000000B048: 32E8E690
	v_and_b32_e32 v116, 1, v116                                // 00000000B04C: 36E8E881
	v_add_nc_u32_e32 v115, 0x7fff, v115                        // 00000000B050: 4AE6E6FF 00007FFF
	v_add_nc_u32_e32 v115, v116, v115                          // 00000000B058: 4AE6E774
	v_and_b32_e32 v115, 0xffff0000, v115                       // 00000000B05C: 36E6E6FF FFFF0000
	v_or_b32_e32 v109, v114, v115                              // 00000000B064: 38DAE772
	v_lshlrev_b32_e32 v114, 16, v110                           // 00000000B068: 30E4DC90
	v_and_b32_e32 v115, 0xffff0000, v110                       // 00000000B06C: 36E6DCFF FFFF0000
	v_mul_f32_e32 v114, v112, v114                             // 00000000B074: 10E4E570
	v_mul_f32_e32 v115, v112, v115                             // 00000000B078: 10E6E770
	v_mul_f32_e32 v114, v113, v114                             // 00000000B07C: 10E4E571
	v_mul_f32_e32 v115, v113, v115                             // 00000000B080: 10E6E771
	v_lshrrev_b32_e32 v116, 16, v114                           // 00000000B084: 32E8E490
	v_and_b32_e32 v116, 1, v116                                // 00000000B088: 36E8E881
	v_add_nc_u32_e32 v114, 0x7fff, v114                        // 00000000B08C: 4AE4E4FF 00007FFF
	v_add_nc_u32_e32 v114, v116, v114                          // 00000000B094: 4AE4E574
	v_lshrrev_b32_e32 v114, 16, v114                           // 00000000B098: 32E4E490
	v_lshrrev_b32_e32 v116, 16, v115                           // 00000000B09C: 32E8E690
	v_and_b32_e32 v116, 1, v116                                // 00000000B0A0: 36E8E881
	v_add_nc_u32_e32 v115, 0x7fff, v115                        // 00000000B0A4: 4AE6E6FF 00007FFF
	v_add_nc_u32_e32 v115, v116, v115                          // 00000000B0AC: 4AE6E774
	v_and_b32_e32 v115, 0xffff0000, v115                       // 00000000B0B0: 36E6E6FF FFFF0000
	v_or_b32_e32 v110, v114, v115                              // 00000000B0B8: 38DCE772
	v_lshlrev_b32_e32 v114, 16, v111                           // 00000000B0BC: 30E4DE90
	v_and_b32_e32 v115, 0xffff0000, v111                       // 00000000B0C0: 36E6DEFF FFFF0000
	v_mul_f32_e32 v114, v112, v114                             // 00000000B0C8: 10E4E570
	v_mul_f32_e32 v115, v112, v115                             // 00000000B0CC: 10E6E770
	v_mul_f32_e32 v114, v113, v114                             // 00000000B0D0: 10E4E571
	v_mul_f32_e32 v115, v113, v115                             // 00000000B0D4: 10E6E771
	v_lshrrev_b32_e32 v116, 16, v114                           // 00000000B0D8: 32E8E490
	v_and_b32_e32 v116, 1, v116                                // 00000000B0DC: 36E8E881
	v_add_nc_u32_e32 v114, 0x7fff, v114                        // 00000000B0E0: 4AE4E4FF 00007FFF
	v_add_nc_u32_e32 v114, v116, v114                          // 00000000B0E8: 4AE4E574
	v_lshrrev_b32_e32 v114, 16, v114                           // 00000000B0EC: 32E4E490
	v_lshrrev_b32_e32 v116, 16, v115                           // 00000000B0F0: 32E8E690
	v_and_b32_e32 v116, 1, v116                                // 00000000B0F4: 36E8E881
	v_add_nc_u32_e32 v115, 0x7fff, v115                        // 00000000B0F8: 4AE6E6FF 00007FFF
	v_add_nc_u32_e32 v115, v116, v115                          // 00000000B100: 4AE6E774
	v_and_b32_e32 v115, 0xffff0000, v115                       // 00000000B104: 36E6E6FF FFFF0000
	v_or_b32_e32 v111, v114, v115                              // 00000000B10C: 38DEE772
	v_lshlrev_b32_e32 v103, 7, v100                            // 00000000B110: 30CEC887
	v_lshl_add_u32 v103, v96, 4, v103                          // 00000000B114: D6460067 059D0960
	v_add_nc_u32_e32 v103, 0x2000, v103                        // 00000000B11C: 4ACECEFF 00002000
	ds_store_b128 v103, v[108:111]                             // 00000000B124: DB7C0000 00006C67
	v_add_nc_u32_e32 v100, 40, v97                             // 00000000B12C: 4AC8C2A8
	v_add_nc_u32_e32 v101, s27, v100                           // 00000000B130: 4ACAC81B
	v_lshlrev_b32_e32 v102, 12, v101                           // 00000000B134: 30CCCA8C
	v_add_nc_u32_e32 v102, s35, v102                           // 00000000B138: 4ACCCC23
	v_lshl_add_u32 v102, v96, 4, v102                          // 00000000B13C: D6460066 05990960
	global_load_b128 v[108:111], v102, s[8:9]                  // 00000000B144: DC5E0000 6C080066
	v_lshlrev_b32_e32 v104, 7, v101                            // 00000000B14C: 30D0CA87
	v_lshl_add_u32 v104, s3, 2, v104                           // 00000000B150: D6460068 05A10403
	global_load_b32 v112, v104, s[12:13]                       // 00000000B158: DC520000 700C0068
	global_load_b32 v113, v104, s[20:21]                       // 00000000B160: DC520000 71140068
	s_waitcnt vmcnt(0)                                         // 00000000B168: BF8903F7
	v_mul_f32_e32 v113, 0x3fb8aa3b, v113                       // 00000000B16C: 10E2E2FF 3FB8AA3B
	v_exp_f32_e32 v113, v113                                   // 00000000B174: 7EE24B71
	v_lshlrev_b32_e32 v114, 16, v108                           // 00000000B178: 30E4D890
	v_and_b32_e32 v115, 0xffff0000, v108                       // 00000000B17C: 36E6D8FF FFFF0000
	v_mul_f32_e32 v114, v112, v114                             // 00000000B184: 10E4E570
	v_mul_f32_e32 v115, v112, v115                             // 00000000B188: 10E6E770
	v_mul_f32_e32 v114, v113, v114                             // 00000000B18C: 10E4E571
	v_mul_f32_e32 v115, v113, v115                             // 00000000B190: 10E6E771
	v_lshrrev_b32_e32 v116, 16, v114                           // 00000000B194: 32E8E490
	v_and_b32_e32 v116, 1, v116                                // 00000000B198: 36E8E881
	v_add_nc_u32_e32 v114, 0x7fff, v114                        // 00000000B19C: 4AE4E4FF 00007FFF
	v_add_nc_u32_e32 v114, v116, v114                          // 00000000B1A4: 4AE4E574
	v_lshrrev_b32_e32 v114, 16, v114                           // 00000000B1A8: 32E4E490
	v_lshrrev_b32_e32 v116, 16, v115                           // 00000000B1AC: 32E8E690
	v_and_b32_e32 v116, 1, v116                                // 00000000B1B0: 36E8E881
	v_add_nc_u32_e32 v115, 0x7fff, v115                        // 00000000B1B4: 4AE6E6FF 00007FFF
	v_add_nc_u32_e32 v115, v116, v115                          // 00000000B1BC: 4AE6E774
	v_and_b32_e32 v115, 0xffff0000, v115                       // 00000000B1C0: 36E6E6FF FFFF0000
	v_or_b32_e32 v108, v114, v115                              // 00000000B1C8: 38D8E772
	v_lshlrev_b32_e32 v114, 16, v109                           // 00000000B1CC: 30E4DA90
	v_and_b32_e32 v115, 0xffff0000, v109                       // 00000000B1D0: 36E6DAFF FFFF0000
	v_mul_f32_e32 v114, v112, v114                             // 00000000B1D8: 10E4E570
	v_mul_f32_e32 v115, v112, v115                             // 00000000B1DC: 10E6E770
	v_mul_f32_e32 v114, v113, v114                             // 00000000B1E0: 10E4E571
	v_mul_f32_e32 v115, v113, v115                             // 00000000B1E4: 10E6E771
	v_lshrrev_b32_e32 v116, 16, v114                           // 00000000B1E8: 32E8E490
	v_and_b32_e32 v116, 1, v116                                // 00000000B1EC: 36E8E881
	v_add_nc_u32_e32 v114, 0x7fff, v114                        // 00000000B1F0: 4AE4E4FF 00007FFF
	v_add_nc_u32_e32 v114, v116, v114                          // 00000000B1F8: 4AE4E574
	v_lshrrev_b32_e32 v114, 16, v114                           // 00000000B1FC: 32E4E490
	v_lshrrev_b32_e32 v116, 16, v115                           // 00000000B200: 32E8E690
	v_and_b32_e32 v116, 1, v116                                // 00000000B204: 36E8E881
	v_add_nc_u32_e32 v115, 0x7fff, v115                        // 00000000B208: 4AE6E6FF 00007FFF
	v_add_nc_u32_e32 v115, v116, v115                          // 00000000B210: 4AE6E774
	v_and_b32_e32 v115, 0xffff0000, v115                       // 00000000B214: 36E6E6FF FFFF0000
	v_or_b32_e32 v109, v114, v115                              // 00000000B21C: 38DAE772
	v_lshlrev_b32_e32 v114, 16, v110                           // 00000000B220: 30E4DC90
	v_and_b32_e32 v115, 0xffff0000, v110                       // 00000000B224: 36E6DCFF FFFF0000
	v_mul_f32_e32 v114, v112, v114                             // 00000000B22C: 10E4E570
	v_mul_f32_e32 v115, v112, v115                             // 00000000B230: 10E6E770
	v_mul_f32_e32 v114, v113, v114                             // 00000000B234: 10E4E571
	v_mul_f32_e32 v115, v113, v115                             // 00000000B238: 10E6E771
	v_lshrrev_b32_e32 v116, 16, v114                           // 00000000B23C: 32E8E490
	v_and_b32_e32 v116, 1, v116                                // 00000000B240: 36E8E881
	v_add_nc_u32_e32 v114, 0x7fff, v114                        // 00000000B244: 4AE4E4FF 00007FFF
	v_add_nc_u32_e32 v114, v116, v114                          // 00000000B24C: 4AE4E574
	v_lshrrev_b32_e32 v114, 16, v114                           // 00000000B250: 32E4E490
	v_lshrrev_b32_e32 v116, 16, v115                           // 00000000B254: 32E8E690
	v_and_b32_e32 v116, 1, v116                                // 00000000B258: 36E8E881
	v_add_nc_u32_e32 v115, 0x7fff, v115                        // 00000000B25C: 4AE6E6FF 00007FFF
	v_add_nc_u32_e32 v115, v116, v115                          // 00000000B264: 4AE6E774
	v_and_b32_e32 v115, 0xffff0000, v115                       // 00000000B268: 36E6E6FF FFFF0000
	v_or_b32_e32 v110, v114, v115                              // 00000000B270: 38DCE772
	v_lshlrev_b32_e32 v114, 16, v111                           // 00000000B274: 30E4DE90
	v_and_b32_e32 v115, 0xffff0000, v111                       // 00000000B278: 36E6DEFF FFFF0000
	v_mul_f32_e32 v114, v112, v114                             // 00000000B280: 10E4E570
	v_mul_f32_e32 v115, v112, v115                             // 00000000B284: 10E6E770
	v_mul_f32_e32 v114, v113, v114                             // 00000000B288: 10E4E571
	v_mul_f32_e32 v115, v113, v115                             // 00000000B28C: 10E6E771
	v_lshrrev_b32_e32 v116, 16, v114                           // 00000000B290: 32E8E490
	v_and_b32_e32 v116, 1, v116                                // 00000000B294: 36E8E881
	v_add_nc_u32_e32 v114, 0x7fff, v114                        // 00000000B298: 4AE4E4FF 00007FFF
	v_add_nc_u32_e32 v114, v116, v114                          // 00000000B2A0: 4AE4E574
	v_lshrrev_b32_e32 v114, 16, v114                           // 00000000B2A4: 32E4E490
	v_lshrrev_b32_e32 v116, 16, v115                           // 00000000B2A8: 32E8E690
	v_and_b32_e32 v116, 1, v116                                // 00000000B2AC: 36E8E881
	v_add_nc_u32_e32 v115, 0x7fff, v115                        // 00000000B2B0: 4AE6E6FF 00007FFF
	v_add_nc_u32_e32 v115, v116, v115                          // 00000000B2B8: 4AE6E774
	v_and_b32_e32 v115, 0xffff0000, v115                       // 00000000B2BC: 36E6E6FF FFFF0000
	v_or_b32_e32 v111, v114, v115                              // 00000000B2C4: 38DEE772
	v_lshlrev_b32_e32 v103, 7, v100                            // 00000000B2C8: 30CEC887
	v_lshl_add_u32 v103, v96, 4, v103                          // 00000000B2CC: D6460067 059D0960
	v_add_nc_u32_e32 v103, 0x2000, v103                        // 00000000B2D4: 4ACECEFF 00002000
	ds_store_b128 v103, v[108:111]                             // 00000000B2DC: DB7C0000 00006C67
	v_add_nc_u32_e32 v100, 48, v97                             // 00000000B2E4: 4AC8C2B0
	v_add_nc_u32_e32 v101, s27, v100                           // 00000000B2E8: 4ACAC81B
	v_lshlrev_b32_e32 v102, 12, v101                           // 00000000B2EC: 30CCCA8C
	v_add_nc_u32_e32 v102, s35, v102                           // 00000000B2F0: 4ACCCC23
	v_lshl_add_u32 v102, v96, 4, v102                          // 00000000B2F4: D6460066 05990960
	global_load_b128 v[108:111], v102, s[8:9]                  // 00000000B2FC: DC5E0000 6C080066
	v_lshlrev_b32_e32 v104, 7, v101                            // 00000000B304: 30D0CA87
	v_lshl_add_u32 v104, s3, 2, v104                           // 00000000B308: D6460068 05A10403
	global_load_b32 v112, v104, s[12:13]                       // 00000000B310: DC520000 700C0068
	global_load_b32 v113, v104, s[20:21]                       // 00000000B318: DC520000 71140068
	s_waitcnt vmcnt(0)                                         // 00000000B320: BF8903F7
	v_mul_f32_e32 v113, 0x3fb8aa3b, v113                       // 00000000B324: 10E2E2FF 3FB8AA3B
	v_exp_f32_e32 v113, v113                                   // 00000000B32C: 7EE24B71
	v_lshlrev_b32_e32 v114, 16, v108                           // 00000000B330: 30E4D890
	v_and_b32_e32 v115, 0xffff0000, v108                       // 00000000B334: 36E6D8FF FFFF0000
	v_mul_f32_e32 v114, v112, v114                             // 00000000B33C: 10E4E570
	v_mul_f32_e32 v115, v112, v115                             // 00000000B340: 10E6E770
	v_mul_f32_e32 v114, v113, v114                             // 00000000B344: 10E4E571
	v_mul_f32_e32 v115, v113, v115                             // 00000000B348: 10E6E771
	v_lshrrev_b32_e32 v116, 16, v114                           // 00000000B34C: 32E8E490
	v_and_b32_e32 v116, 1, v116                                // 00000000B350: 36E8E881
	v_add_nc_u32_e32 v114, 0x7fff, v114                        // 00000000B354: 4AE4E4FF 00007FFF
	v_add_nc_u32_e32 v114, v116, v114                          // 00000000B35C: 4AE4E574
	v_lshrrev_b32_e32 v114, 16, v114                           // 00000000B360: 32E4E490
	v_lshrrev_b32_e32 v116, 16, v115                           // 00000000B364: 32E8E690
	v_and_b32_e32 v116, 1, v116                                // 00000000B368: 36E8E881
	v_add_nc_u32_e32 v115, 0x7fff, v115                        // 00000000B36C: 4AE6E6FF 00007FFF
	v_add_nc_u32_e32 v115, v116, v115                          // 00000000B374: 4AE6E774
	v_and_b32_e32 v115, 0xffff0000, v115                       // 00000000B378: 36E6E6FF FFFF0000
	v_or_b32_e32 v108, v114, v115                              // 00000000B380: 38D8E772
	v_lshlrev_b32_e32 v114, 16, v109                           // 00000000B384: 30E4DA90
	v_and_b32_e32 v115, 0xffff0000, v109                       // 00000000B388: 36E6DAFF FFFF0000
	v_mul_f32_e32 v114, v112, v114                             // 00000000B390: 10E4E570
	v_mul_f32_e32 v115, v112, v115                             // 00000000B394: 10E6E770
	v_mul_f32_e32 v114, v113, v114                             // 00000000B398: 10E4E571
	v_mul_f32_e32 v115, v113, v115                             // 00000000B39C: 10E6E771
	v_lshrrev_b32_e32 v116, 16, v114                           // 00000000B3A0: 32E8E490
	v_and_b32_e32 v116, 1, v116                                // 00000000B3A4: 36E8E881
	v_add_nc_u32_e32 v114, 0x7fff, v114                        // 00000000B3A8: 4AE4E4FF 00007FFF
	v_add_nc_u32_e32 v114, v116, v114                          // 00000000B3B0: 4AE4E574
	v_lshrrev_b32_e32 v114, 16, v114                           // 00000000B3B4: 32E4E490
	v_lshrrev_b32_e32 v116, 16, v115                           // 00000000B3B8: 32E8E690
	v_and_b32_e32 v116, 1, v116                                // 00000000B3BC: 36E8E881
	v_add_nc_u32_e32 v115, 0x7fff, v115                        // 00000000B3C0: 4AE6E6FF 00007FFF
	v_add_nc_u32_e32 v115, v116, v115                          // 00000000B3C8: 4AE6E774
	v_and_b32_e32 v115, 0xffff0000, v115                       // 00000000B3CC: 36E6E6FF FFFF0000
	v_or_b32_e32 v109, v114, v115                              // 00000000B3D4: 38DAE772
	v_lshlrev_b32_e32 v114, 16, v110                           // 00000000B3D8: 30E4DC90
	v_and_b32_e32 v115, 0xffff0000, v110                       // 00000000B3DC: 36E6DCFF FFFF0000
	v_mul_f32_e32 v114, v112, v114                             // 00000000B3E4: 10E4E570
	v_mul_f32_e32 v115, v112, v115                             // 00000000B3E8: 10E6E770
	v_mul_f32_e32 v114, v113, v114                             // 00000000B3EC: 10E4E571
	v_mul_f32_e32 v115, v113, v115                             // 00000000B3F0: 10E6E771
	v_lshrrev_b32_e32 v116, 16, v114                           // 00000000B3F4: 32E8E490
	v_and_b32_e32 v116, 1, v116                                // 00000000B3F8: 36E8E881
	v_add_nc_u32_e32 v114, 0x7fff, v114                        // 00000000B3FC: 4AE4E4FF 00007FFF
	v_add_nc_u32_e32 v114, v116, v114                          // 00000000B404: 4AE4E574
	v_lshrrev_b32_e32 v114, 16, v114                           // 00000000B408: 32E4E490
	v_lshrrev_b32_e32 v116, 16, v115                           // 00000000B40C: 32E8E690
	v_and_b32_e32 v116, 1, v116                                // 00000000B410: 36E8E881
	v_add_nc_u32_e32 v115, 0x7fff, v115                        // 00000000B414: 4AE6E6FF 00007FFF
	v_add_nc_u32_e32 v115, v116, v115                          // 00000000B41C: 4AE6E774
	v_and_b32_e32 v115, 0xffff0000, v115                       // 00000000B420: 36E6E6FF FFFF0000
	v_or_b32_e32 v110, v114, v115                              // 00000000B428: 38DCE772
	v_lshlrev_b32_e32 v114, 16, v111                           // 00000000B42C: 30E4DE90
	v_and_b32_e32 v115, 0xffff0000, v111                       // 00000000B430: 36E6DEFF FFFF0000
	v_mul_f32_e32 v114, v112, v114                             // 00000000B438: 10E4E570
	v_mul_f32_e32 v115, v112, v115                             // 00000000B43C: 10E6E770
	v_mul_f32_e32 v114, v113, v114                             // 00000000B440: 10E4E571
	v_mul_f32_e32 v115, v113, v115                             // 00000000B444: 10E6E771
	v_lshrrev_b32_e32 v116, 16, v114                           // 00000000B448: 32E8E490
	v_and_b32_e32 v116, 1, v116                                // 00000000B44C: 36E8E881
	v_add_nc_u32_e32 v114, 0x7fff, v114                        // 00000000B450: 4AE4E4FF 00007FFF
	v_add_nc_u32_e32 v114, v116, v114                          // 00000000B458: 4AE4E574
	v_lshrrev_b32_e32 v114, 16, v114                           // 00000000B45C: 32E4E490
	v_lshrrev_b32_e32 v116, 16, v115                           // 00000000B460: 32E8E690
	v_and_b32_e32 v116, 1, v116                                // 00000000B464: 36E8E881
	v_add_nc_u32_e32 v115, 0x7fff, v115                        // 00000000B468: 4AE6E6FF 00007FFF
	v_add_nc_u32_e32 v115, v116, v115                          // 00000000B470: 4AE6E774
	v_and_b32_e32 v115, 0xffff0000, v115                       // 00000000B474: 36E6E6FF FFFF0000
	v_or_b32_e32 v111, v114, v115                              // 00000000B47C: 38DEE772
	v_lshlrev_b32_e32 v103, 7, v100                            // 00000000B480: 30CEC887
	v_lshl_add_u32 v103, v96, 4, v103                          // 00000000B484: D6460067 059D0960
	v_add_nc_u32_e32 v103, 0x2000, v103                        // 00000000B48C: 4ACECEFF 00002000
	ds_store_b128 v103, v[108:111]                             // 00000000B494: DB7C0000 00006C67
	v_add_nc_u32_e32 v100, 56, v97                             // 00000000B49C: 4AC8C2B8
	v_add_nc_u32_e32 v101, s27, v100                           // 00000000B4A0: 4ACAC81B
	v_lshlrev_b32_e32 v102, 12, v101                           // 00000000B4A4: 30CCCA8C
	v_add_nc_u32_e32 v102, s35, v102                           // 00000000B4A8: 4ACCCC23
	v_lshl_add_u32 v102, v96, 4, v102                          // 00000000B4AC: D6460066 05990960
	global_load_b128 v[108:111], v102, s[8:9]                  // 00000000B4B4: DC5E0000 6C080066
	v_lshlrev_b32_e32 v104, 7, v101                            // 00000000B4BC: 30D0CA87
	v_lshl_add_u32 v104, s3, 2, v104                           // 00000000B4C0: D6460068 05A10403
	global_load_b32 v112, v104, s[12:13]                       // 00000000B4C8: DC520000 700C0068
	global_load_b32 v113, v104, s[20:21]                       // 00000000B4D0: DC520000 71140068
	s_waitcnt vmcnt(0)                                         // 00000000B4D8: BF8903F7
	v_mul_f32_e32 v113, 0x3fb8aa3b, v113                       // 00000000B4DC: 10E2E2FF 3FB8AA3B
	v_exp_f32_e32 v113, v113                                   // 00000000B4E4: 7EE24B71
	v_lshlrev_b32_e32 v114, 16, v108                           // 00000000B4E8: 30E4D890
	v_and_b32_e32 v115, 0xffff0000, v108                       // 00000000B4EC: 36E6D8FF FFFF0000
	v_mul_f32_e32 v114, v112, v114                             // 00000000B4F4: 10E4E570
	v_mul_f32_e32 v115, v112, v115                             // 00000000B4F8: 10E6E770
	v_mul_f32_e32 v114, v113, v114                             // 00000000B4FC: 10E4E571
	v_mul_f32_e32 v115, v113, v115                             // 00000000B500: 10E6E771
	v_lshrrev_b32_e32 v116, 16, v114                           // 00000000B504: 32E8E490
	v_and_b32_e32 v116, 1, v116                                // 00000000B508: 36E8E881
	v_add_nc_u32_e32 v114, 0x7fff, v114                        // 00000000B50C: 4AE4E4FF 00007FFF
	v_add_nc_u32_e32 v114, v116, v114                          // 00000000B514: 4AE4E574
	v_lshrrev_b32_e32 v114, 16, v114                           // 00000000B518: 32E4E490
	v_lshrrev_b32_e32 v116, 16, v115                           // 00000000B51C: 32E8E690
	v_and_b32_e32 v116, 1, v116                                // 00000000B520: 36E8E881
	v_add_nc_u32_e32 v115, 0x7fff, v115                        // 00000000B524: 4AE6E6FF 00007FFF
	v_add_nc_u32_e32 v115, v116, v115                          // 00000000B52C: 4AE6E774
	v_and_b32_e32 v115, 0xffff0000, v115                       // 00000000B530: 36E6E6FF FFFF0000
	v_or_b32_e32 v108, v114, v115                              // 00000000B538: 38D8E772
	v_lshlrev_b32_e32 v114, 16, v109                           // 00000000B53C: 30E4DA90
	v_and_b32_e32 v115, 0xffff0000, v109                       // 00000000B540: 36E6DAFF FFFF0000
	v_mul_f32_e32 v114, v112, v114                             // 00000000B548: 10E4E570
	v_mul_f32_e32 v115, v112, v115                             // 00000000B54C: 10E6E770
	v_mul_f32_e32 v114, v113, v114                             // 00000000B550: 10E4E571
	v_mul_f32_e32 v115, v113, v115                             // 00000000B554: 10E6E771
	v_lshrrev_b32_e32 v116, 16, v114                           // 00000000B558: 32E8E490
	v_and_b32_e32 v116, 1, v116                                // 00000000B55C: 36E8E881
	v_add_nc_u32_e32 v114, 0x7fff, v114                        // 00000000B560: 4AE4E4FF 00007FFF
	v_add_nc_u32_e32 v114, v116, v114                          // 00000000B568: 4AE4E574
	v_lshrrev_b32_e32 v114, 16, v114                           // 00000000B56C: 32E4E490
	v_lshrrev_b32_e32 v116, 16, v115                           // 00000000B570: 32E8E690
	v_and_b32_e32 v116, 1, v116                                // 00000000B574: 36E8E881
	v_add_nc_u32_e32 v115, 0x7fff, v115                        // 00000000B578: 4AE6E6FF 00007FFF
	v_add_nc_u32_e32 v115, v116, v115                          // 00000000B580: 4AE6E774
	v_and_b32_e32 v115, 0xffff0000, v115                       // 00000000B584: 36E6E6FF FFFF0000
	v_or_b32_e32 v109, v114, v115                              // 00000000B58C: 38DAE772
	v_lshlrev_b32_e32 v114, 16, v110                           // 00000000B590: 30E4DC90
	v_and_b32_e32 v115, 0xffff0000, v110                       // 00000000B594: 36E6DCFF FFFF0000
	v_mul_f32_e32 v114, v112, v114                             // 00000000B59C: 10E4E570
	v_mul_f32_e32 v115, v112, v115                             // 00000000B5A0: 10E6E770
	v_mul_f32_e32 v114, v113, v114                             // 00000000B5A4: 10E4E571
	v_mul_f32_e32 v115, v113, v115                             // 00000000B5A8: 10E6E771
	v_lshrrev_b32_e32 v116, 16, v114                           // 00000000B5AC: 32E8E490
	v_and_b32_e32 v116, 1, v116                                // 00000000B5B0: 36E8E881
	v_add_nc_u32_e32 v114, 0x7fff, v114                        // 00000000B5B4: 4AE4E4FF 00007FFF
	v_add_nc_u32_e32 v114, v116, v114                          // 00000000B5BC: 4AE4E574
	v_lshrrev_b32_e32 v114, 16, v114                           // 00000000B5C0: 32E4E490
	v_lshrrev_b32_e32 v116, 16, v115                           // 00000000B5C4: 32E8E690
	v_and_b32_e32 v116, 1, v116                                // 00000000B5C8: 36E8E881
	v_add_nc_u32_e32 v115, 0x7fff, v115                        // 00000000B5CC: 4AE6E6FF 00007FFF
	v_add_nc_u32_e32 v115, v116, v115                          // 00000000B5D4: 4AE6E774
	v_and_b32_e32 v115, 0xffff0000, v115                       // 00000000B5D8: 36E6E6FF FFFF0000
	v_or_b32_e32 v110, v114, v115                              // 00000000B5E0: 38DCE772
	v_lshlrev_b32_e32 v114, 16, v111                           // 00000000B5E4: 30E4DE90
	v_and_b32_e32 v115, 0xffff0000, v111                       // 00000000B5E8: 36E6DEFF FFFF0000
	v_mul_f32_e32 v114, v112, v114                             // 00000000B5F0: 10E4E570
	v_mul_f32_e32 v115, v112, v115                             // 00000000B5F4: 10E6E770
	v_mul_f32_e32 v114, v113, v114                             // 00000000B5F8: 10E4E571
	v_mul_f32_e32 v115, v113, v115                             // 00000000B5FC: 10E6E771
	v_lshrrev_b32_e32 v116, 16, v114                           // 00000000B600: 32E8E490
	v_and_b32_e32 v116, 1, v116                                // 00000000B604: 36E8E881
	v_add_nc_u32_e32 v114, 0x7fff, v114                        // 00000000B608: 4AE4E4FF 00007FFF
	v_add_nc_u32_e32 v114, v116, v114                          // 00000000B610: 4AE4E574
	v_lshrrev_b32_e32 v114, 16, v114                           // 00000000B614: 32E4E490
	v_lshrrev_b32_e32 v116, 16, v115                           // 00000000B618: 32E8E690
	v_and_b32_e32 v116, 1, v116                                // 00000000B61C: 36E8E881
	v_add_nc_u32_e32 v115, 0x7fff, v115                        // 00000000B620: 4AE6E6FF 00007FFF
	v_add_nc_u32_e32 v115, v116, v115                          // 00000000B628: 4AE6E774
	v_and_b32_e32 v115, 0xffff0000, v115                       // 00000000B62C: 36E6E6FF FFFF0000
	v_or_b32_e32 v111, v114, v115                              // 00000000B634: 38DEE772
	v_lshlrev_b32_e32 v103, 7, v100                            // 00000000B638: 30CEC887
	v_lshl_add_u32 v103, v96, 4, v103                          // 00000000B63C: D6460067 059D0960
	v_add_nc_u32_e32 v103, 0x2000, v103                        // 00000000B644: 4ACECEFF 00002000
	ds_store_b128 v103, v[108:111]                             // 00000000B64C: DB7C0000 00006C67
	s_waitcnt lgkmcnt(0)                                       // 00000000B654: BF89FC07
	s_barrier                                                  // 00000000B658: BFBD0000
	v_mov_b32_e32 v64, 0                                       // 00000000B65C: 7E800280
	v_mov_b32_e32 v65, 0                                       // 00000000B660: 7E820280
	v_mov_b32_e32 v66, 0                                       // 00000000B664: 7E840280
	v_mov_b32_e32 v67, 0                                       // 00000000B668: 7E860280
	v_mov_b32_e32 v68, 0                                       // 00000000B66C: 7E880280
	v_mov_b32_e32 v69, 0                                       // 00000000B670: 7E8A0280
	v_mov_b32_e32 v70, 0                                       // 00000000B674: 7E8C0280
	v_mov_b32_e32 v71, 0                                       // 00000000B678: 7E8E0280
	v_mov_b32_e32 v72, 0                                       // 00000000B67C: 7E900280
	v_mov_b32_e32 v73, 0                                       // 00000000B680: 7E920280
	v_mov_b32_e32 v74, 0                                       // 00000000B684: 7E940280
	v_mov_b32_e32 v75, 0                                       // 00000000B688: 7E960280
	v_mov_b32_e32 v76, 0                                       // 00000000B68C: 7E980280
	v_mov_b32_e32 v77, 0                                       // 00000000B690: 7E9A0280
	v_mov_b32_e32 v78, 0                                       // 00000000B694: 7E9C0280
	v_mov_b32_e32 v79, 0                                       // 00000000B698: 7E9E0280
	v_mov_b32_e32 v80, 0                                       // 00000000B69C: 7EA00280
	v_mov_b32_e32 v81, 0                                       // 00000000B6A0: 7EA20280
	v_mov_b32_e32 v82, 0                                       // 00000000B6A4: 7EA40280
	v_mov_b32_e32 v83, 0                                       // 00000000B6A8: 7EA60280
	v_mov_b32_e32 v84, 0                                       // 00000000B6AC: 7EA80280
	v_mov_b32_e32 v85, 0                                       // 00000000B6B0: 7EAA0280
	v_mov_b32_e32 v86, 0                                       // 00000000B6B4: 7EAC0280
	v_mov_b32_e32 v87, 0                                       // 00000000B6B8: 7EAE0280
	v_mov_b32_e32 v88, 0                                       // 00000000B6BC: 7EB00280
	v_mov_b32_e32 v89, 0                                       // 00000000B6C0: 7EB20280
	v_mov_b32_e32 v90, 0                                       // 00000000B6C4: 7EB40280
	v_mov_b32_e32 v91, 0                                       // 00000000B6C8: 7EB60280
	v_mov_b32_e32 v92, 0                                       // 00000000B6CC: 7EB80280
	v_mov_b32_e32 v93, 0                                       // 00000000B6D0: 7EBA0280
	v_mov_b32_e32 v94, 0                                       // 00000000B6D4: 7EBC0280
	v_mov_b32_e32 v95, 0                                       // 00000000B6D8: 7EBE0280
	v_mov_b32_e32 v96, 0                                       // 00000000B6DC: 7EC00280
	v_mov_b32_e32 v97, 0                                       // 00000000B6E0: 7EC20280
	v_mov_b32_e32 v98, 0                                       // 00000000B6E4: 7EC40280
	v_mov_b32_e32 v99, 0                                       // 00000000B6E8: 7EC60280
	v_mov_b32_e32 v100, 0                                      // 00000000B6EC: 7EC80280
	v_mov_b32_e32 v101, 0                                      // 00000000B6F0: 7ECA0280
	v_mov_b32_e32 v102, 0                                      // 00000000B6F4: 7ECC0280
	v_mov_b32_e32 v103, 0                                      // 00000000B6F8: 7ECE0280
	v_mov_b32_e32 v104, 0                                      // 00000000B6FC: 7ED00280
	v_mov_b32_e32 v105, 0                                      // 00000000B700: 7ED20280
	v_mov_b32_e32 v106, 0                                      // 00000000B704: 7ED40280
	v_mov_b32_e32 v107, 0                                      // 00000000B708: 7ED60280
	v_mov_b32_e32 v108, 0                                      // 00000000B70C: 7ED80280
	v_mov_b32_e32 v109, 0                                      // 00000000B710: 7EDA0280
	v_mov_b32_e32 v110, 0                                      // 00000000B714: 7EDC0280
	v_mov_b32_e32 v111, 0                                      // 00000000B718: 7EDE0280
	v_mov_b32_e32 v112, 0                                      // 00000000B71C: 7EE00280
	v_mov_b32_e32 v113, 0                                      // 00000000B720: 7EE20280
	v_mov_b32_e32 v114, 0                                      // 00000000B724: 7EE40280
	v_mov_b32_e32 v115, 0                                      // 00000000B728: 7EE60280
	v_mov_b32_e32 v116, 0                                      // 00000000B72C: 7EE80280
	v_mov_b32_e32 v117, 0                                      // 00000000B730: 7EEA0280
	v_mov_b32_e32 v118, 0                                      // 00000000B734: 7EEC0280
	v_mov_b32_e32 v119, 0                                      // 00000000B738: 7EEE0280
	v_mov_b32_e32 v120, 0                                      // 00000000B73C: 7EF00280
	v_mov_b32_e32 v121, 0                                      // 00000000B740: 7EF20280
	v_mov_b32_e32 v122, 0                                      // 00000000B744: 7EF40280
	v_mov_b32_e32 v123, 0                                      // 00000000B748: 7EF60280
	v_mov_b32_e32 v124, 0                                      // 00000000B74C: 7EF80280
	v_mov_b32_e32 v125, 0                                      // 00000000B750: 7EFA0280
	v_mov_b32_e32 v126, 0                                      // 00000000B754: 7EFC0280
	v_mov_b32_e32 v127, 0                                      // 00000000B758: 7EFE0280
	ds_load_b128 v[8:11], v5                                   // 00000000B75C: DBFC0000 08000005
	s_waitcnt lgkmcnt(0)                                       // 00000000B764: BF89FC07
	ds_swizzle_b32 v12, v8 offset:swizzle(SWAP,16)             // 00000000B768: D8D4401F 0C000008
	ds_swizzle_b32 v13, v9 offset:swizzle(SWAP,16)             // 00000000B770: D8D4401F 0D000009
	ds_swizzle_b32 v14, v10 offset:swizzle(SWAP,16)            // 00000000B778: D8D4401F 0E00000A
	ds_swizzle_b32 v15, v11 offset:swizzle(SWAP,16)            // 00000000B780: D8D4401F 0F00000B
	s_waitcnt lgkmcnt(0)                                       // 00000000B788: BF89FC07
	v_lshlrev_b32_e32 v129, 10, v4                             // 00000000B78C: 3102088A
	v_lshl_add_u32 v129, v3, 1, v129                           // 00000000B790: D6460081 06050303
	v_add_nc_u32_e32 v129, 0x2000, v129                        // 00000000B798: 4B0302FF 00002000
	ds_load_u16 v16, v129                                      // 00000000B7A0: D8F00000 10000081
	ds_load_u16_d16_hi v16, v129 offset:128                    // 00000000B7A8: DA9C0080 10000081
	ds_load_u16 v17, v129 offset:256                           // 00000000B7B0: D8F00100 11000081
	ds_load_u16_d16_hi v17, v129 offset:384                    // 00000000B7B8: DA9C0180 11000081
	ds_load_u16 v18, v129 offset:512                           // 00000000B7C0: D8F00200 12000081
	ds_load_u16_d16_hi v18, v129 offset:640                    // 00000000B7C8: DA9C0280 12000081
	ds_load_u16 v19, v129 offset:768                           // 00000000B7D0: D8F00300 13000081
	ds_load_u16_d16_hi v19, v129 offset:896                    // 00000000B7D8: DA9C0380 13000081
	s_waitcnt lgkmcnt(0)                                       // 00000000B7E0: BF89FC07
	ds_swizzle_b32 v20, v16 offset:swizzle(SWAP,16)            // 00000000B7E4: D8D4401F 14000010
	ds_swizzle_b32 v21, v17 offset:swizzle(SWAP,16)            // 00000000B7EC: D8D4401F 15000011
	ds_swizzle_b32 v22, v18 offset:swizzle(SWAP,16)            // 00000000B7F4: D8D4401F 16000012
	ds_swizzle_b32 v23, v19 offset:swizzle(SWAP,16)            // 00000000B7FC: D8D4401F 17000013
	s_waitcnt lgkmcnt(0)                                       // 00000000B804: BF89FC07
	v_wmma_f32_16x16x16_bf16 v[64:71], v[8:15], v[16:23], v[64:71]// 00000000B808: CC414040 1D022108
	v_lshlrev_b32_e32 v129, 10, v4                             // 00000000B810: 3102088A
	v_lshl_add_u32 v129, v3, 1, v129                           // 00000000B814: D6460081 06050303
	v_add_nc_u32_e32 v129, 0x2020, v129                        // 00000000B81C: 4B0302FF 00002020
	ds_load_u16 v16, v129                                      // 00000000B824: D8F00000 10000081
	ds_load_u16_d16_hi v16, v129 offset:128                    // 00000000B82C: DA9C0080 10000081
	ds_load_u16 v17, v129 offset:256                           // 00000000B834: D8F00100 11000081
	ds_load_u16_d16_hi v17, v129 offset:384                    // 00000000B83C: DA9C0180 11000081
	ds_load_u16 v18, v129 offset:512                           // 00000000B844: D8F00200 12000081
	ds_load_u16_d16_hi v18, v129 offset:640                    // 00000000B84C: DA9C0280 12000081
	ds_load_u16 v19, v129 offset:768                           // 00000000B854: D8F00300 13000081
	ds_load_u16_d16_hi v19, v129 offset:896                    // 00000000B85C: DA9C0380 13000081
	s_waitcnt lgkmcnt(0)                                       // 00000000B864: BF89FC07
	ds_swizzle_b32 v20, v16 offset:swizzle(SWAP,16)            // 00000000B868: D8D4401F 14000010
	ds_swizzle_b32 v21, v17 offset:swizzle(SWAP,16)            // 00000000B870: D8D4401F 15000011
	ds_swizzle_b32 v22, v18 offset:swizzle(SWAP,16)            // 00000000B878: D8D4401F 16000012
	ds_swizzle_b32 v23, v19 offset:swizzle(SWAP,16)            // 00000000B880: D8D4401F 17000013
	s_waitcnt lgkmcnt(0)                                       // 00000000B888: BF89FC07
	v_wmma_f32_16x16x16_bf16 v[72:79], v[8:15], v[16:23], v[72:79]// 00000000B88C: CC414048 1D222108
	v_lshlrev_b32_e32 v129, 10, v4                             // 00000000B894: 3102088A
	v_lshl_add_u32 v129, v3, 1, v129                           // 00000000B898: D6460081 06050303
	v_add_nc_u32_e32 v129, 0x2040, v129                        // 00000000B8A0: 4B0302FF 00002040
	ds_load_u16 v16, v129                                      // 00000000B8A8: D8F00000 10000081
	ds_load_u16_d16_hi v16, v129 offset:128                    // 00000000B8B0: DA9C0080 10000081
	ds_load_u16 v17, v129 offset:256                           // 00000000B8B8: D8F00100 11000081
	ds_load_u16_d16_hi v17, v129 offset:384                    // 00000000B8C0: DA9C0180 11000081
	ds_load_u16 v18, v129 offset:512                           // 00000000B8C8: D8F00200 12000081
	ds_load_u16_d16_hi v18, v129 offset:640                    // 00000000B8D0: DA9C0280 12000081
	ds_load_u16 v19, v129 offset:768                           // 00000000B8D8: D8F00300 13000081
	ds_load_u16_d16_hi v19, v129 offset:896                    // 00000000B8E0: DA9C0380 13000081
	s_waitcnt lgkmcnt(0)                                       // 00000000B8E8: BF89FC07
	ds_swizzle_b32 v20, v16 offset:swizzle(SWAP,16)            // 00000000B8EC: D8D4401F 14000010
	ds_swizzle_b32 v21, v17 offset:swizzle(SWAP,16)            // 00000000B8F4: D8D4401F 15000011
	ds_swizzle_b32 v22, v18 offset:swizzle(SWAP,16)            // 00000000B8FC: D8D4401F 16000012
	ds_swizzle_b32 v23, v19 offset:swizzle(SWAP,16)            // 00000000B904: D8D4401F 17000013
	s_waitcnt lgkmcnt(0)                                       // 00000000B90C: BF89FC07
	v_wmma_f32_16x16x16_bf16 v[80:87], v[8:15], v[16:23], v[80:87]// 00000000B910: CC414050 1D422108
	v_lshlrev_b32_e32 v129, 10, v4                             // 00000000B918: 3102088A
	v_lshl_add_u32 v129, v3, 1, v129                           // 00000000B91C: D6460081 06050303
	v_add_nc_u32_e32 v129, 0x2060, v129                        // 00000000B924: 4B0302FF 00002060
	ds_load_u16 v16, v129                                      // 00000000B92C: D8F00000 10000081
	ds_load_u16_d16_hi v16, v129 offset:128                    // 00000000B934: DA9C0080 10000081
	ds_load_u16 v17, v129 offset:256                           // 00000000B93C: D8F00100 11000081
	ds_load_u16_d16_hi v17, v129 offset:384                    // 00000000B944: DA9C0180 11000081
	ds_load_u16 v18, v129 offset:512                           // 00000000B94C: D8F00200 12000081
	ds_load_u16_d16_hi v18, v129 offset:640                    // 00000000B954: DA9C0280 12000081
	ds_load_u16 v19, v129 offset:768                           // 00000000B95C: D8F00300 13000081
	ds_load_u16_d16_hi v19, v129 offset:896                    // 00000000B964: DA9C0380 13000081
	s_waitcnt lgkmcnt(0)                                       // 00000000B96C: BF89FC07
	ds_swizzle_b32 v20, v16 offset:swizzle(SWAP,16)            // 00000000B970: D8D4401F 14000010
	ds_swizzle_b32 v21, v17 offset:swizzle(SWAP,16)            // 00000000B978: D8D4401F 15000011
	ds_swizzle_b32 v22, v18 offset:swizzle(SWAP,16)            // 00000000B980: D8D4401F 16000012
	ds_swizzle_b32 v23, v19 offset:swizzle(SWAP,16)            // 00000000B988: D8D4401F 17000013
	s_waitcnt lgkmcnt(0)                                       // 00000000B990: BF89FC07
	v_wmma_f32_16x16x16_bf16 v[88:95], v[8:15], v[16:23], v[88:95]// 00000000B994: CC414058 1D622108
	ds_load_b128 v[8:11], v7                                   // 00000000B99C: DBFC0000 08000007
	s_waitcnt lgkmcnt(0)                                       // 00000000B9A4: BF89FC07
	ds_swizzle_b32 v12, v8 offset:swizzle(SWAP,16)             // 00000000B9A8: D8D4401F 0C000008
	ds_swizzle_b32 v13, v9 offset:swizzle(SWAP,16)             // 00000000B9B0: D8D4401F 0D000009
	ds_swizzle_b32 v14, v10 offset:swizzle(SWAP,16)            // 00000000B9B8: D8D4401F 0E00000A
	ds_swizzle_b32 v15, v11 offset:swizzle(SWAP,16)            // 00000000B9C0: D8D4401F 0F00000B
	s_waitcnt lgkmcnt(0)                                       // 00000000B9C8: BF89FC07
	v_lshlrev_b32_e32 v129, 10, v4                             // 00000000B9CC: 3102088A
	v_lshl_add_u32 v129, v3, 1, v129                           // 00000000B9D0: D6460081 06050303
	v_add_nc_u32_e32 v129, 0x2000, v129                        // 00000000B9D8: 4B0302FF 00002000
	ds_load_u16 v16, v129                                      // 00000000B9E0: D8F00000 10000081
	ds_load_u16_d16_hi v16, v129 offset:128                    // 00000000B9E8: DA9C0080 10000081
	ds_load_u16 v17, v129 offset:256                           // 00000000B9F0: D8F00100 11000081
	ds_load_u16_d16_hi v17, v129 offset:384                    // 00000000B9F8: DA9C0180 11000081
	ds_load_u16 v18, v129 offset:512                           // 00000000BA00: D8F00200 12000081
	ds_load_u16_d16_hi v18, v129 offset:640                    // 00000000BA08: DA9C0280 12000081
	ds_load_u16 v19, v129 offset:768                           // 00000000BA10: D8F00300 13000081
	ds_load_u16_d16_hi v19, v129 offset:896                    // 00000000BA18: DA9C0380 13000081
	s_waitcnt lgkmcnt(0)                                       // 00000000BA20: BF89FC07
	ds_swizzle_b32 v20, v16 offset:swizzle(SWAP,16)            // 00000000BA24: D8D4401F 14000010
	ds_swizzle_b32 v21, v17 offset:swizzle(SWAP,16)            // 00000000BA2C: D8D4401F 15000011
	ds_swizzle_b32 v22, v18 offset:swizzle(SWAP,16)            // 00000000BA34: D8D4401F 16000012
	ds_swizzle_b32 v23, v19 offset:swizzle(SWAP,16)            // 00000000BA3C: D8D4401F 17000013
	s_waitcnt lgkmcnt(0)                                       // 00000000BA44: BF89FC07
	v_wmma_f32_16x16x16_bf16 v[96:103], v[8:15], v[16:23], v[96:103]// 00000000BA48: CC414060 1D822108
	v_lshlrev_b32_e32 v129, 10, v4                             // 00000000BA50: 3102088A
	v_lshl_add_u32 v129, v3, 1, v129                           // 00000000BA54: D6460081 06050303
	v_add_nc_u32_e32 v129, 0x2020, v129                        // 00000000BA5C: 4B0302FF 00002020
	ds_load_u16 v16, v129                                      // 00000000BA64: D8F00000 10000081
	ds_load_u16_d16_hi v16, v129 offset:128                    // 00000000BA6C: DA9C0080 10000081
	ds_load_u16 v17, v129 offset:256                           // 00000000BA74: D8F00100 11000081
	ds_load_u16_d16_hi v17, v129 offset:384                    // 00000000BA7C: DA9C0180 11000081
	ds_load_u16 v18, v129 offset:512                           // 00000000BA84: D8F00200 12000081
	ds_load_u16_d16_hi v18, v129 offset:640                    // 00000000BA8C: DA9C0280 12000081
	ds_load_u16 v19, v129 offset:768                           // 00000000BA94: D8F00300 13000081
	ds_load_u16_d16_hi v19, v129 offset:896                    // 00000000BA9C: DA9C0380 13000081
	s_waitcnt lgkmcnt(0)                                       // 00000000BAA4: BF89FC07
	ds_swizzle_b32 v20, v16 offset:swizzle(SWAP,16)            // 00000000BAA8: D8D4401F 14000010
	ds_swizzle_b32 v21, v17 offset:swizzle(SWAP,16)            // 00000000BAB0: D8D4401F 15000011
	ds_swizzle_b32 v22, v18 offset:swizzle(SWAP,16)            // 00000000BAB8: D8D4401F 16000012
	ds_swizzle_b32 v23, v19 offset:swizzle(SWAP,16)            // 00000000BAC0: D8D4401F 17000013
	s_waitcnt lgkmcnt(0)                                       // 00000000BAC8: BF89FC07
	v_wmma_f32_16x16x16_bf16 v[104:111], v[8:15], v[16:23], v[104:111]// 00000000BACC: CC414068 1DA22108
	v_lshlrev_b32_e32 v129, 10, v4                             // 00000000BAD4: 3102088A
	v_lshl_add_u32 v129, v3, 1, v129                           // 00000000BAD8: D6460081 06050303
	v_add_nc_u32_e32 v129, 0x2040, v129                        // 00000000BAE0: 4B0302FF 00002040
	ds_load_u16 v16, v129                                      // 00000000BAE8: D8F00000 10000081
	ds_load_u16_d16_hi v16, v129 offset:128                    // 00000000BAF0: DA9C0080 10000081
	ds_load_u16 v17, v129 offset:256                           // 00000000BAF8: D8F00100 11000081
	ds_load_u16_d16_hi v17, v129 offset:384                    // 00000000BB00: DA9C0180 11000081
	ds_load_u16 v18, v129 offset:512                           // 00000000BB08: D8F00200 12000081
	ds_load_u16_d16_hi v18, v129 offset:640                    // 00000000BB10: DA9C0280 12000081
	ds_load_u16 v19, v129 offset:768                           // 00000000BB18: D8F00300 13000081
	ds_load_u16_d16_hi v19, v129 offset:896                    // 00000000BB20: DA9C0380 13000081
	s_waitcnt lgkmcnt(0)                                       // 00000000BB28: BF89FC07
	ds_swizzle_b32 v20, v16 offset:swizzle(SWAP,16)            // 00000000BB2C: D8D4401F 14000010
	ds_swizzle_b32 v21, v17 offset:swizzle(SWAP,16)            // 00000000BB34: D8D4401F 15000011
	ds_swizzle_b32 v22, v18 offset:swizzle(SWAP,16)            // 00000000BB3C: D8D4401F 16000012
	ds_swizzle_b32 v23, v19 offset:swizzle(SWAP,16)            // 00000000BB44: D8D4401F 17000013
	s_waitcnt lgkmcnt(0)                                       // 00000000BB4C: BF89FC07
	v_wmma_f32_16x16x16_bf16 v[112:119], v[8:15], v[16:23], v[112:119]// 00000000BB50: CC414070 1DC22108
	v_lshlrev_b32_e32 v129, 10, v4                             // 00000000BB58: 3102088A
	v_lshl_add_u32 v129, v3, 1, v129                           // 00000000BB5C: D6460081 06050303
	v_add_nc_u32_e32 v129, 0x2060, v129                        // 00000000BB64: 4B0302FF 00002060
	ds_load_u16 v16, v129                                      // 00000000BB6C: D8F00000 10000081
	ds_load_u16_d16_hi v16, v129 offset:128                    // 00000000BB74: DA9C0080 10000081
	ds_load_u16 v17, v129 offset:256                           // 00000000BB7C: D8F00100 11000081
	ds_load_u16_d16_hi v17, v129 offset:384                    // 00000000BB84: DA9C0180 11000081
	ds_load_u16 v18, v129 offset:512                           // 00000000BB8C: D8F00200 12000081
	ds_load_u16_d16_hi v18, v129 offset:640                    // 00000000BB94: DA9C0280 12000081
	ds_load_u16 v19, v129 offset:768                           // 00000000BB9C: D8F00300 13000081
	ds_load_u16_d16_hi v19, v129 offset:896                    // 00000000BBA4: DA9C0380 13000081
	s_waitcnt lgkmcnt(0)                                       // 00000000BBAC: BF89FC07
	ds_swizzle_b32 v20, v16 offset:swizzle(SWAP,16)            // 00000000BBB0: D8D4401F 14000010
	ds_swizzle_b32 v21, v17 offset:swizzle(SWAP,16)            // 00000000BBB8: D8D4401F 15000011
	ds_swizzle_b32 v22, v18 offset:swizzle(SWAP,16)            // 00000000BBC0: D8D4401F 16000012
	ds_swizzle_b32 v23, v19 offset:swizzle(SWAP,16)            // 00000000BBC8: D8D4401F 17000013
	s_waitcnt lgkmcnt(0)                                       // 00000000BBD0: BF89FC07
	v_wmma_f32_16x16x16_bf16 v[120:127], v[8:15], v[16:23], v[120:127]// 00000000BBD4: CC414078 1DE22108
	ds_load_b128 v[8:11], v5 offset:32                         // 00000000BBDC: DBFC0020 08000005
	s_waitcnt lgkmcnt(0)                                       // 00000000BBE4: BF89FC07
	ds_swizzle_b32 v12, v8 offset:swizzle(SWAP,16)             // 00000000BBE8: D8D4401F 0C000008
	ds_swizzle_b32 v13, v9 offset:swizzle(SWAP,16)             // 00000000BBF0: D8D4401F 0D000009
	ds_swizzle_b32 v14, v10 offset:swizzle(SWAP,16)            // 00000000BBF8: D8D4401F 0E00000A
	ds_swizzle_b32 v15, v11 offset:swizzle(SWAP,16)            // 00000000BC00: D8D4401F 0F00000B
	s_waitcnt lgkmcnt(0)                                       // 00000000BC08: BF89FC07
	v_lshlrev_b32_e32 v129, 10, v4                             // 00000000BC0C: 3102088A
	v_lshl_add_u32 v129, v3, 1, v129                           // 00000000BC10: D6460081 06050303
	v_add_nc_u32_e32 v129, 0x2800, v129                        // 00000000BC18: 4B0302FF 00002800
	ds_load_u16 v16, v129                                      // 00000000BC20: D8F00000 10000081
	ds_load_u16_d16_hi v16, v129 offset:128                    // 00000000BC28: DA9C0080 10000081
	ds_load_u16 v17, v129 offset:256                           // 00000000BC30: D8F00100 11000081
	ds_load_u16_d16_hi v17, v129 offset:384                    // 00000000BC38: DA9C0180 11000081
	ds_load_u16 v18, v129 offset:512                           // 00000000BC40: D8F00200 12000081
	ds_load_u16_d16_hi v18, v129 offset:640                    // 00000000BC48: DA9C0280 12000081
	ds_load_u16 v19, v129 offset:768                           // 00000000BC50: D8F00300 13000081
	ds_load_u16_d16_hi v19, v129 offset:896                    // 00000000BC58: DA9C0380 13000081
	s_waitcnt lgkmcnt(0)                                       // 00000000BC60: BF89FC07
	ds_swizzle_b32 v20, v16 offset:swizzle(SWAP,16)            // 00000000BC64: D8D4401F 14000010
	ds_swizzle_b32 v21, v17 offset:swizzle(SWAP,16)            // 00000000BC6C: D8D4401F 15000011
	ds_swizzle_b32 v22, v18 offset:swizzle(SWAP,16)            // 00000000BC74: D8D4401F 16000012
	ds_swizzle_b32 v23, v19 offset:swizzle(SWAP,16)            // 00000000BC7C: D8D4401F 17000013
	s_waitcnt lgkmcnt(0)                                       // 00000000BC84: BF89FC07
	v_wmma_f32_16x16x16_bf16 v[64:71], v[8:15], v[16:23], v[64:71]// 00000000BC88: CC414040 1D022108
	v_lshlrev_b32_e32 v129, 10, v4                             // 00000000BC90: 3102088A
	v_lshl_add_u32 v129, v3, 1, v129                           // 00000000BC94: D6460081 06050303
	v_add_nc_u32_e32 v129, 0x2820, v129                        // 00000000BC9C: 4B0302FF 00002820
	ds_load_u16 v16, v129                                      // 00000000BCA4: D8F00000 10000081
	ds_load_u16_d16_hi v16, v129 offset:128                    // 00000000BCAC: DA9C0080 10000081
	ds_load_u16 v17, v129 offset:256                           // 00000000BCB4: D8F00100 11000081
	ds_load_u16_d16_hi v17, v129 offset:384                    // 00000000BCBC: DA9C0180 11000081
	ds_load_u16 v18, v129 offset:512                           // 00000000BCC4: D8F00200 12000081
	ds_load_u16_d16_hi v18, v129 offset:640                    // 00000000BCCC: DA9C0280 12000081
	ds_load_u16 v19, v129 offset:768                           // 00000000BCD4: D8F00300 13000081
	ds_load_u16_d16_hi v19, v129 offset:896                    // 00000000BCDC: DA9C0380 13000081
	s_waitcnt lgkmcnt(0)                                       // 00000000BCE4: BF89FC07
	ds_swizzle_b32 v20, v16 offset:swizzle(SWAP,16)            // 00000000BCE8: D8D4401F 14000010
	ds_swizzle_b32 v21, v17 offset:swizzle(SWAP,16)            // 00000000BCF0: D8D4401F 15000011
	ds_swizzle_b32 v22, v18 offset:swizzle(SWAP,16)            // 00000000BCF8: D8D4401F 16000012
	ds_swizzle_b32 v23, v19 offset:swizzle(SWAP,16)            // 00000000BD00: D8D4401F 17000013
	s_waitcnt lgkmcnt(0)                                       // 00000000BD08: BF89FC07
	v_wmma_f32_16x16x16_bf16 v[72:79], v[8:15], v[16:23], v[72:79]// 00000000BD0C: CC414048 1D222108
	v_lshlrev_b32_e32 v129, 10, v4                             // 00000000BD14: 3102088A
	v_lshl_add_u32 v129, v3, 1, v129                           // 00000000BD18: D6460081 06050303
	v_add_nc_u32_e32 v129, 0x2840, v129                        // 00000000BD20: 4B0302FF 00002840
	ds_load_u16 v16, v129                                      // 00000000BD28: D8F00000 10000081
	ds_load_u16_d16_hi v16, v129 offset:128                    // 00000000BD30: DA9C0080 10000081
	ds_load_u16 v17, v129 offset:256                           // 00000000BD38: D8F00100 11000081
	ds_load_u16_d16_hi v17, v129 offset:384                    // 00000000BD40: DA9C0180 11000081
	ds_load_u16 v18, v129 offset:512                           // 00000000BD48: D8F00200 12000081
	ds_load_u16_d16_hi v18, v129 offset:640                    // 00000000BD50: DA9C0280 12000081
	ds_load_u16 v19, v129 offset:768                           // 00000000BD58: D8F00300 13000081
	ds_load_u16_d16_hi v19, v129 offset:896                    // 00000000BD60: DA9C0380 13000081
	s_waitcnt lgkmcnt(0)                                       // 00000000BD68: BF89FC07
	ds_swizzle_b32 v20, v16 offset:swizzle(SWAP,16)            // 00000000BD6C: D8D4401F 14000010
	ds_swizzle_b32 v21, v17 offset:swizzle(SWAP,16)            // 00000000BD74: D8D4401F 15000011
	ds_swizzle_b32 v22, v18 offset:swizzle(SWAP,16)            // 00000000BD7C: D8D4401F 16000012
	ds_swizzle_b32 v23, v19 offset:swizzle(SWAP,16)            // 00000000BD84: D8D4401F 17000013
	s_waitcnt lgkmcnt(0)                                       // 00000000BD8C: BF89FC07
	v_wmma_f32_16x16x16_bf16 v[80:87], v[8:15], v[16:23], v[80:87]// 00000000BD90: CC414050 1D422108
	v_lshlrev_b32_e32 v129, 10, v4                             // 00000000BD98: 3102088A
	v_lshl_add_u32 v129, v3, 1, v129                           // 00000000BD9C: D6460081 06050303
	v_add_nc_u32_e32 v129, 0x2860, v129                        // 00000000BDA4: 4B0302FF 00002860
	ds_load_u16 v16, v129                                      // 00000000BDAC: D8F00000 10000081
	ds_load_u16_d16_hi v16, v129 offset:128                    // 00000000BDB4: DA9C0080 10000081
	ds_load_u16 v17, v129 offset:256                           // 00000000BDBC: D8F00100 11000081
	ds_load_u16_d16_hi v17, v129 offset:384                    // 00000000BDC4: DA9C0180 11000081
	ds_load_u16 v18, v129 offset:512                           // 00000000BDCC: D8F00200 12000081
	ds_load_u16_d16_hi v18, v129 offset:640                    // 00000000BDD4: DA9C0280 12000081
	ds_load_u16 v19, v129 offset:768                           // 00000000BDDC: D8F00300 13000081
	ds_load_u16_d16_hi v19, v129 offset:896                    // 00000000BDE4: DA9C0380 13000081
	s_waitcnt lgkmcnt(0)                                       // 00000000BDEC: BF89FC07
	ds_swizzle_b32 v20, v16 offset:swizzle(SWAP,16)            // 00000000BDF0: D8D4401F 14000010
	ds_swizzle_b32 v21, v17 offset:swizzle(SWAP,16)            // 00000000BDF8: D8D4401F 15000011
	ds_swizzle_b32 v22, v18 offset:swizzle(SWAP,16)            // 00000000BE00: D8D4401F 16000012
	ds_swizzle_b32 v23, v19 offset:swizzle(SWAP,16)            // 00000000BE08: D8D4401F 17000013
	s_waitcnt lgkmcnt(0)                                       // 00000000BE10: BF89FC07
	v_wmma_f32_16x16x16_bf16 v[88:95], v[8:15], v[16:23], v[88:95]// 00000000BE14: CC414058 1D622108
	ds_load_b128 v[8:11], v7 offset:32                         // 00000000BE1C: DBFC0020 08000007
	s_waitcnt lgkmcnt(0)                                       // 00000000BE24: BF89FC07
	ds_swizzle_b32 v12, v8 offset:swizzle(SWAP,16)             // 00000000BE28: D8D4401F 0C000008
	ds_swizzle_b32 v13, v9 offset:swizzle(SWAP,16)             // 00000000BE30: D8D4401F 0D000009
	ds_swizzle_b32 v14, v10 offset:swizzle(SWAP,16)            // 00000000BE38: D8D4401F 0E00000A
	ds_swizzle_b32 v15, v11 offset:swizzle(SWAP,16)            // 00000000BE40: D8D4401F 0F00000B
	s_waitcnt lgkmcnt(0)                                       // 00000000BE48: BF89FC07
	v_lshlrev_b32_e32 v129, 10, v4                             // 00000000BE4C: 3102088A
	v_lshl_add_u32 v129, v3, 1, v129                           // 00000000BE50: D6460081 06050303
	v_add_nc_u32_e32 v129, 0x2800, v129                        // 00000000BE58: 4B0302FF 00002800
	ds_load_u16 v16, v129                                      // 00000000BE60: D8F00000 10000081
	ds_load_u16_d16_hi v16, v129 offset:128                    // 00000000BE68: DA9C0080 10000081
	ds_load_u16 v17, v129 offset:256                           // 00000000BE70: D8F00100 11000081
	ds_load_u16_d16_hi v17, v129 offset:384                    // 00000000BE78: DA9C0180 11000081
	ds_load_u16 v18, v129 offset:512                           // 00000000BE80: D8F00200 12000081
	ds_load_u16_d16_hi v18, v129 offset:640                    // 00000000BE88: DA9C0280 12000081
	ds_load_u16 v19, v129 offset:768                           // 00000000BE90: D8F00300 13000081
	ds_load_u16_d16_hi v19, v129 offset:896                    // 00000000BE98: DA9C0380 13000081
	s_waitcnt lgkmcnt(0)                                       // 00000000BEA0: BF89FC07
	ds_swizzle_b32 v20, v16 offset:swizzle(SWAP,16)            // 00000000BEA4: D8D4401F 14000010
	ds_swizzle_b32 v21, v17 offset:swizzle(SWAP,16)            // 00000000BEAC: D8D4401F 15000011
	ds_swizzle_b32 v22, v18 offset:swizzle(SWAP,16)            // 00000000BEB4: D8D4401F 16000012
	ds_swizzle_b32 v23, v19 offset:swizzle(SWAP,16)            // 00000000BEBC: D8D4401F 17000013
	s_waitcnt lgkmcnt(0)                                       // 00000000BEC4: BF89FC07
	v_wmma_f32_16x16x16_bf16 v[96:103], v[8:15], v[16:23], v[96:103]// 00000000BEC8: CC414060 1D822108
	v_lshlrev_b32_e32 v129, 10, v4                             // 00000000BED0: 3102088A
	v_lshl_add_u32 v129, v3, 1, v129                           // 00000000BED4: D6460081 06050303
	v_add_nc_u32_e32 v129, 0x2820, v129                        // 00000000BEDC: 4B0302FF 00002820
	ds_load_u16 v16, v129                                      // 00000000BEE4: D8F00000 10000081
	ds_load_u16_d16_hi v16, v129 offset:128                    // 00000000BEEC: DA9C0080 10000081
	ds_load_u16 v17, v129 offset:256                           // 00000000BEF4: D8F00100 11000081
	ds_load_u16_d16_hi v17, v129 offset:384                    // 00000000BEFC: DA9C0180 11000081
	ds_load_u16 v18, v129 offset:512                           // 00000000BF04: D8F00200 12000081
	ds_load_u16_d16_hi v18, v129 offset:640                    // 00000000BF0C: DA9C0280 12000081
	ds_load_u16 v19, v129 offset:768                           // 00000000BF14: D8F00300 13000081
	ds_load_u16_d16_hi v19, v129 offset:896                    // 00000000BF1C: DA9C0380 13000081
	s_waitcnt lgkmcnt(0)                                       // 00000000BF24: BF89FC07
	ds_swizzle_b32 v20, v16 offset:swizzle(SWAP,16)            // 00000000BF28: D8D4401F 14000010
	ds_swizzle_b32 v21, v17 offset:swizzle(SWAP,16)            // 00000000BF30: D8D4401F 15000011
	ds_swizzle_b32 v22, v18 offset:swizzle(SWAP,16)            // 00000000BF38: D8D4401F 16000012
	ds_swizzle_b32 v23, v19 offset:swizzle(SWAP,16)            // 00000000BF40: D8D4401F 17000013
	s_waitcnt lgkmcnt(0)                                       // 00000000BF48: BF89FC07
	v_wmma_f32_16x16x16_bf16 v[104:111], v[8:15], v[16:23], v[104:111]// 00000000BF4C: CC414068 1DA22108
	v_lshlrev_b32_e32 v129, 10, v4                             // 00000000BF54: 3102088A
	v_lshl_add_u32 v129, v3, 1, v129                           // 00000000BF58: D6460081 06050303
	v_add_nc_u32_e32 v129, 0x2840, v129                        // 00000000BF60: 4B0302FF 00002840
	ds_load_u16 v16, v129                                      // 00000000BF68: D8F00000 10000081
	ds_load_u16_d16_hi v16, v129 offset:128                    // 00000000BF70: DA9C0080 10000081
	ds_load_u16 v17, v129 offset:256                           // 00000000BF78: D8F00100 11000081
	ds_load_u16_d16_hi v17, v129 offset:384                    // 00000000BF80: DA9C0180 11000081
	ds_load_u16 v18, v129 offset:512                           // 00000000BF88: D8F00200 12000081
	ds_load_u16_d16_hi v18, v129 offset:640                    // 00000000BF90: DA9C0280 12000081
	ds_load_u16 v19, v129 offset:768                           // 00000000BF98: D8F00300 13000081
	ds_load_u16_d16_hi v19, v129 offset:896                    // 00000000BFA0: DA9C0380 13000081
	s_waitcnt lgkmcnt(0)                                       // 00000000BFA8: BF89FC07
	ds_swizzle_b32 v20, v16 offset:swizzle(SWAP,16)            // 00000000BFAC: D8D4401F 14000010
	ds_swizzle_b32 v21, v17 offset:swizzle(SWAP,16)            // 00000000BFB4: D8D4401F 15000011
	ds_swizzle_b32 v22, v18 offset:swizzle(SWAP,16)            // 00000000BFBC: D8D4401F 16000012
	ds_swizzle_b32 v23, v19 offset:swizzle(SWAP,16)            // 00000000BFC4: D8D4401F 17000013
	s_waitcnt lgkmcnt(0)                                       // 00000000BFCC: BF89FC07
	v_wmma_f32_16x16x16_bf16 v[112:119], v[8:15], v[16:23], v[112:119]// 00000000BFD0: CC414070 1DC22108
	v_lshlrev_b32_e32 v129, 10, v4                             // 00000000BFD8: 3102088A
	v_lshl_add_u32 v129, v3, 1, v129                           // 00000000BFDC: D6460081 06050303
	v_add_nc_u32_e32 v129, 0x2860, v129                        // 00000000BFE4: 4B0302FF 00002860
	ds_load_u16 v16, v129                                      // 00000000BFEC: D8F00000 10000081
	ds_load_u16_d16_hi v16, v129 offset:128                    // 00000000BFF4: DA9C0080 10000081
	ds_load_u16 v17, v129 offset:256                           // 00000000BFFC: D8F00100 11000081
	ds_load_u16_d16_hi v17, v129 offset:384                    // 00000000C004: DA9C0180 11000081
	ds_load_u16 v18, v129 offset:512                           // 00000000C00C: D8F00200 12000081
	ds_load_u16_d16_hi v18, v129 offset:640                    // 00000000C014: DA9C0280 12000081
	ds_load_u16 v19, v129 offset:768                           // 00000000C01C: D8F00300 13000081
	ds_load_u16_d16_hi v19, v129 offset:896                    // 00000000C024: DA9C0380 13000081
	s_waitcnt lgkmcnt(0)                                       // 00000000C02C: BF89FC07
	ds_swizzle_b32 v20, v16 offset:swizzle(SWAP,16)            // 00000000C030: D8D4401F 14000010
	ds_swizzle_b32 v21, v17 offset:swizzle(SWAP,16)            // 00000000C038: D8D4401F 15000011
	ds_swizzle_b32 v22, v18 offset:swizzle(SWAP,16)            // 00000000C040: D8D4401F 16000012
	ds_swizzle_b32 v23, v19 offset:swizzle(SWAP,16)            // 00000000C048: D8D4401F 17000013
	s_waitcnt lgkmcnt(0)                                       // 00000000C050: BF89FC07
	v_wmma_f32_16x16x16_bf16 v[120:127], v[8:15], v[16:23], v[120:127]// 00000000C054: CC414078 1DE22108
	ds_load_b128 v[8:11], v5 offset:64                         // 00000000C05C: DBFC0040 08000005
	s_waitcnt lgkmcnt(0)                                       // 00000000C064: BF89FC07
	ds_swizzle_b32 v12, v8 offset:swizzle(SWAP,16)             // 00000000C068: D8D4401F 0C000008
	ds_swizzle_b32 v13, v9 offset:swizzle(SWAP,16)             // 00000000C070: D8D4401F 0D000009
	ds_swizzle_b32 v14, v10 offset:swizzle(SWAP,16)            // 00000000C078: D8D4401F 0E00000A
	ds_swizzle_b32 v15, v11 offset:swizzle(SWAP,16)            // 00000000C080: D8D4401F 0F00000B
	s_waitcnt lgkmcnt(0)                                       // 00000000C088: BF89FC07
	v_lshlrev_b32_e32 v129, 10, v4                             // 00000000C08C: 3102088A
	v_lshl_add_u32 v129, v3, 1, v129                           // 00000000C090: D6460081 06050303
	v_add_nc_u32_e32 v129, 0x3000, v129                        // 00000000C098: 4B0302FF 00003000
	ds_load_u16 v16, v129                                      // 00000000C0A0: D8F00000 10000081
	ds_load_u16_d16_hi v16, v129 offset:128                    // 00000000C0A8: DA9C0080 10000081
	ds_load_u16 v17, v129 offset:256                           // 00000000C0B0: D8F00100 11000081
	ds_load_u16_d16_hi v17, v129 offset:384                    // 00000000C0B8: DA9C0180 11000081
	ds_load_u16 v18, v129 offset:512                           // 00000000C0C0: D8F00200 12000081
	ds_load_u16_d16_hi v18, v129 offset:640                    // 00000000C0C8: DA9C0280 12000081
	ds_load_u16 v19, v129 offset:768                           // 00000000C0D0: D8F00300 13000081
	ds_load_u16_d16_hi v19, v129 offset:896                    // 00000000C0D8: DA9C0380 13000081
	s_waitcnt lgkmcnt(0)                                       // 00000000C0E0: BF89FC07
	ds_swizzle_b32 v20, v16 offset:swizzle(SWAP,16)            // 00000000C0E4: D8D4401F 14000010
	ds_swizzle_b32 v21, v17 offset:swizzle(SWAP,16)            // 00000000C0EC: D8D4401F 15000011
	ds_swizzle_b32 v22, v18 offset:swizzle(SWAP,16)            // 00000000C0F4: D8D4401F 16000012
	ds_swizzle_b32 v23, v19 offset:swizzle(SWAP,16)            // 00000000C0FC: D8D4401F 17000013
	s_waitcnt lgkmcnt(0)                                       // 00000000C104: BF89FC07
	v_wmma_f32_16x16x16_bf16 v[64:71], v[8:15], v[16:23], v[64:71]// 00000000C108: CC414040 1D022108
	v_lshlrev_b32_e32 v129, 10, v4                             // 00000000C110: 3102088A
	v_lshl_add_u32 v129, v3, 1, v129                           // 00000000C114: D6460081 06050303
	v_add_nc_u32_e32 v129, 0x3020, v129                        // 00000000C11C: 4B0302FF 00003020
	ds_load_u16 v16, v129                                      // 00000000C124: D8F00000 10000081
	ds_load_u16_d16_hi v16, v129 offset:128                    // 00000000C12C: DA9C0080 10000081
	ds_load_u16 v17, v129 offset:256                           // 00000000C134: D8F00100 11000081
	ds_load_u16_d16_hi v17, v129 offset:384                    // 00000000C13C: DA9C0180 11000081
	ds_load_u16 v18, v129 offset:512                           // 00000000C144: D8F00200 12000081
	ds_load_u16_d16_hi v18, v129 offset:640                    // 00000000C14C: DA9C0280 12000081
	ds_load_u16 v19, v129 offset:768                           // 00000000C154: D8F00300 13000081
	ds_load_u16_d16_hi v19, v129 offset:896                    // 00000000C15C: DA9C0380 13000081
	s_waitcnt lgkmcnt(0)                                       // 00000000C164: BF89FC07
	ds_swizzle_b32 v20, v16 offset:swizzle(SWAP,16)            // 00000000C168: D8D4401F 14000010
	ds_swizzle_b32 v21, v17 offset:swizzle(SWAP,16)            // 00000000C170: D8D4401F 15000011
	ds_swizzle_b32 v22, v18 offset:swizzle(SWAP,16)            // 00000000C178: D8D4401F 16000012
	ds_swizzle_b32 v23, v19 offset:swizzle(SWAP,16)            // 00000000C180: D8D4401F 17000013
	s_waitcnt lgkmcnt(0)                                       // 00000000C188: BF89FC07
	v_wmma_f32_16x16x16_bf16 v[72:79], v[8:15], v[16:23], v[72:79]// 00000000C18C: CC414048 1D222108
	v_lshlrev_b32_e32 v129, 10, v4                             // 00000000C194: 3102088A
	v_lshl_add_u32 v129, v3, 1, v129                           // 00000000C198: D6460081 06050303
	v_add_nc_u32_e32 v129, 0x3040, v129                        // 00000000C1A0: 4B0302FF 00003040
	ds_load_u16 v16, v129                                      // 00000000C1A8: D8F00000 10000081
	ds_load_u16_d16_hi v16, v129 offset:128                    // 00000000C1B0: DA9C0080 10000081
	ds_load_u16 v17, v129 offset:256                           // 00000000C1B8: D8F00100 11000081
	ds_load_u16_d16_hi v17, v129 offset:384                    // 00000000C1C0: DA9C0180 11000081
	ds_load_u16 v18, v129 offset:512                           // 00000000C1C8: D8F00200 12000081
	ds_load_u16_d16_hi v18, v129 offset:640                    // 00000000C1D0: DA9C0280 12000081
	ds_load_u16 v19, v129 offset:768                           // 00000000C1D8: D8F00300 13000081
	ds_load_u16_d16_hi v19, v129 offset:896                    // 00000000C1E0: DA9C0380 13000081
	s_waitcnt lgkmcnt(0)                                       // 00000000C1E8: BF89FC07
	ds_swizzle_b32 v20, v16 offset:swizzle(SWAP,16)            // 00000000C1EC: D8D4401F 14000010
	ds_swizzle_b32 v21, v17 offset:swizzle(SWAP,16)            // 00000000C1F4: D8D4401F 15000011
	ds_swizzle_b32 v22, v18 offset:swizzle(SWAP,16)            // 00000000C1FC: D8D4401F 16000012
	ds_swizzle_b32 v23, v19 offset:swizzle(SWAP,16)            // 00000000C204: D8D4401F 17000013
	s_waitcnt lgkmcnt(0)                                       // 00000000C20C: BF89FC07
	v_wmma_f32_16x16x16_bf16 v[80:87], v[8:15], v[16:23], v[80:87]// 00000000C210: CC414050 1D422108
	v_lshlrev_b32_e32 v129, 10, v4                             // 00000000C218: 3102088A
	v_lshl_add_u32 v129, v3, 1, v129                           // 00000000C21C: D6460081 06050303
	v_add_nc_u32_e32 v129, 0x3060, v129                        // 00000000C224: 4B0302FF 00003060
	ds_load_u16 v16, v129                                      // 00000000C22C: D8F00000 10000081
	ds_load_u16_d16_hi v16, v129 offset:128                    // 00000000C234: DA9C0080 10000081
	ds_load_u16 v17, v129 offset:256                           // 00000000C23C: D8F00100 11000081
	ds_load_u16_d16_hi v17, v129 offset:384                    // 00000000C244: DA9C0180 11000081
	ds_load_u16 v18, v129 offset:512                           // 00000000C24C: D8F00200 12000081
	ds_load_u16_d16_hi v18, v129 offset:640                    // 00000000C254: DA9C0280 12000081
	ds_load_u16 v19, v129 offset:768                           // 00000000C25C: D8F00300 13000081
	ds_load_u16_d16_hi v19, v129 offset:896                    // 00000000C264: DA9C0380 13000081
	s_waitcnt lgkmcnt(0)                                       // 00000000C26C: BF89FC07
	ds_swizzle_b32 v20, v16 offset:swizzle(SWAP,16)            // 00000000C270: D8D4401F 14000010
	ds_swizzle_b32 v21, v17 offset:swizzle(SWAP,16)            // 00000000C278: D8D4401F 15000011
	ds_swizzle_b32 v22, v18 offset:swizzle(SWAP,16)            // 00000000C280: D8D4401F 16000012
	ds_swizzle_b32 v23, v19 offset:swizzle(SWAP,16)            // 00000000C288: D8D4401F 17000013
	s_waitcnt lgkmcnt(0)                                       // 00000000C290: BF89FC07
	v_wmma_f32_16x16x16_bf16 v[88:95], v[8:15], v[16:23], v[88:95]// 00000000C294: CC414058 1D622108
	ds_load_b128 v[8:11], v7 offset:64                         // 00000000C29C: DBFC0040 08000007
	s_waitcnt lgkmcnt(0)                                       // 00000000C2A4: BF89FC07
	ds_swizzle_b32 v12, v8 offset:swizzle(SWAP,16)             // 00000000C2A8: D8D4401F 0C000008
	ds_swizzle_b32 v13, v9 offset:swizzle(SWAP,16)             // 00000000C2B0: D8D4401F 0D000009
	ds_swizzle_b32 v14, v10 offset:swizzle(SWAP,16)            // 00000000C2B8: D8D4401F 0E00000A
	ds_swizzle_b32 v15, v11 offset:swizzle(SWAP,16)            // 00000000C2C0: D8D4401F 0F00000B
	s_waitcnt lgkmcnt(0)                                       // 00000000C2C8: BF89FC07
	v_lshlrev_b32_e32 v129, 10, v4                             // 00000000C2CC: 3102088A
	v_lshl_add_u32 v129, v3, 1, v129                           // 00000000C2D0: D6460081 06050303
	v_add_nc_u32_e32 v129, 0x3000, v129                        // 00000000C2D8: 4B0302FF 00003000
	ds_load_u16 v16, v129                                      // 00000000C2E0: D8F00000 10000081
	ds_load_u16_d16_hi v16, v129 offset:128                    // 00000000C2E8: DA9C0080 10000081
	ds_load_u16 v17, v129 offset:256                           // 00000000C2F0: D8F00100 11000081
	ds_load_u16_d16_hi v17, v129 offset:384                    // 00000000C2F8: DA9C0180 11000081
	ds_load_u16 v18, v129 offset:512                           // 00000000C300: D8F00200 12000081
	ds_load_u16_d16_hi v18, v129 offset:640                    // 00000000C308: DA9C0280 12000081
	ds_load_u16 v19, v129 offset:768                           // 00000000C310: D8F00300 13000081
	ds_load_u16_d16_hi v19, v129 offset:896                    // 00000000C318: DA9C0380 13000081
	s_waitcnt lgkmcnt(0)                                       // 00000000C320: BF89FC07
	ds_swizzle_b32 v20, v16 offset:swizzle(SWAP,16)            // 00000000C324: D8D4401F 14000010
	ds_swizzle_b32 v21, v17 offset:swizzle(SWAP,16)            // 00000000C32C: D8D4401F 15000011
	ds_swizzle_b32 v22, v18 offset:swizzle(SWAP,16)            // 00000000C334: D8D4401F 16000012
	ds_swizzle_b32 v23, v19 offset:swizzle(SWAP,16)            // 00000000C33C: D8D4401F 17000013
	s_waitcnt lgkmcnt(0)                                       // 00000000C344: BF89FC07
	v_wmma_f32_16x16x16_bf16 v[96:103], v[8:15], v[16:23], v[96:103]// 00000000C348: CC414060 1D822108
	v_lshlrev_b32_e32 v129, 10, v4                             // 00000000C350: 3102088A
	v_lshl_add_u32 v129, v3, 1, v129                           // 00000000C354: D6460081 06050303
	v_add_nc_u32_e32 v129, 0x3020, v129                        // 00000000C35C: 4B0302FF 00003020
	ds_load_u16 v16, v129                                      // 00000000C364: D8F00000 10000081
	ds_load_u16_d16_hi v16, v129 offset:128                    // 00000000C36C: DA9C0080 10000081
	ds_load_u16 v17, v129 offset:256                           // 00000000C374: D8F00100 11000081
	ds_load_u16_d16_hi v17, v129 offset:384                    // 00000000C37C: DA9C0180 11000081
	ds_load_u16 v18, v129 offset:512                           // 00000000C384: D8F00200 12000081
	ds_load_u16_d16_hi v18, v129 offset:640                    // 00000000C38C: DA9C0280 12000081
	ds_load_u16 v19, v129 offset:768                           // 00000000C394: D8F00300 13000081
	ds_load_u16_d16_hi v19, v129 offset:896                    // 00000000C39C: DA9C0380 13000081
	s_waitcnt lgkmcnt(0)                                       // 00000000C3A4: BF89FC07
	ds_swizzle_b32 v20, v16 offset:swizzle(SWAP,16)            // 00000000C3A8: D8D4401F 14000010
	ds_swizzle_b32 v21, v17 offset:swizzle(SWAP,16)            // 00000000C3B0: D8D4401F 15000011
	ds_swizzle_b32 v22, v18 offset:swizzle(SWAP,16)            // 00000000C3B8: D8D4401F 16000012
	ds_swizzle_b32 v23, v19 offset:swizzle(SWAP,16)            // 00000000C3C0: D8D4401F 17000013
	s_waitcnt lgkmcnt(0)                                       // 00000000C3C8: BF89FC07
	v_wmma_f32_16x16x16_bf16 v[104:111], v[8:15], v[16:23], v[104:111]// 00000000C3CC: CC414068 1DA22108
	v_lshlrev_b32_e32 v129, 10, v4                             // 00000000C3D4: 3102088A
	v_lshl_add_u32 v129, v3, 1, v129                           // 00000000C3D8: D6460081 06050303
	v_add_nc_u32_e32 v129, 0x3040, v129                        // 00000000C3E0: 4B0302FF 00003040
	ds_load_u16 v16, v129                                      // 00000000C3E8: D8F00000 10000081
	ds_load_u16_d16_hi v16, v129 offset:128                    // 00000000C3F0: DA9C0080 10000081
	ds_load_u16 v17, v129 offset:256                           // 00000000C3F8: D8F00100 11000081
	ds_load_u16_d16_hi v17, v129 offset:384                    // 00000000C400: DA9C0180 11000081
	ds_load_u16 v18, v129 offset:512                           // 00000000C408: D8F00200 12000081
	ds_load_u16_d16_hi v18, v129 offset:640                    // 00000000C410: DA9C0280 12000081
	ds_load_u16 v19, v129 offset:768                           // 00000000C418: D8F00300 13000081
	ds_load_u16_d16_hi v19, v129 offset:896                    // 00000000C420: DA9C0380 13000081
	s_waitcnt lgkmcnt(0)                                       // 00000000C428: BF89FC07
	ds_swizzle_b32 v20, v16 offset:swizzle(SWAP,16)            // 00000000C42C: D8D4401F 14000010
	ds_swizzle_b32 v21, v17 offset:swizzle(SWAP,16)            // 00000000C434: D8D4401F 15000011
	ds_swizzle_b32 v22, v18 offset:swizzle(SWAP,16)            // 00000000C43C: D8D4401F 16000012
	ds_swizzle_b32 v23, v19 offset:swizzle(SWAP,16)            // 00000000C444: D8D4401F 17000013
	s_waitcnt lgkmcnt(0)                                       // 00000000C44C: BF89FC07
	v_wmma_f32_16x16x16_bf16 v[112:119], v[8:15], v[16:23], v[112:119]// 00000000C450: CC414070 1DC22108
	v_lshlrev_b32_e32 v129, 10, v4                             // 00000000C458: 3102088A
	v_lshl_add_u32 v129, v3, 1, v129                           // 00000000C45C: D6460081 06050303
	v_add_nc_u32_e32 v129, 0x3060, v129                        // 00000000C464: 4B0302FF 00003060
	ds_load_u16 v16, v129                                      // 00000000C46C: D8F00000 10000081
	ds_load_u16_d16_hi v16, v129 offset:128                    // 00000000C474: DA9C0080 10000081
	ds_load_u16 v17, v129 offset:256                           // 00000000C47C: D8F00100 11000081
	ds_load_u16_d16_hi v17, v129 offset:384                    // 00000000C484: DA9C0180 11000081
	ds_load_u16 v18, v129 offset:512                           // 00000000C48C: D8F00200 12000081
	ds_load_u16_d16_hi v18, v129 offset:640                    // 00000000C494: DA9C0280 12000081
	ds_load_u16 v19, v129 offset:768                           // 00000000C49C: D8F00300 13000081
	ds_load_u16_d16_hi v19, v129 offset:896                    // 00000000C4A4: DA9C0380 13000081
	s_waitcnt lgkmcnt(0)                                       // 00000000C4AC: BF89FC07
	ds_swizzle_b32 v20, v16 offset:swizzle(SWAP,16)            // 00000000C4B0: D8D4401F 14000010
	ds_swizzle_b32 v21, v17 offset:swizzle(SWAP,16)            // 00000000C4B8: D8D4401F 15000011
	ds_swizzle_b32 v22, v18 offset:swizzle(SWAP,16)            // 00000000C4C0: D8D4401F 16000012
	ds_swizzle_b32 v23, v19 offset:swizzle(SWAP,16)            // 00000000C4C8: D8D4401F 17000013
	s_waitcnt lgkmcnt(0)                                       // 00000000C4D0: BF89FC07
	v_wmma_f32_16x16x16_bf16 v[120:127], v[8:15], v[16:23], v[120:127]// 00000000C4D4: CC414078 1DE22108
	ds_load_b128 v[8:11], v5 offset:96                         // 00000000C4DC: DBFC0060 08000005
	s_waitcnt lgkmcnt(0)                                       // 00000000C4E4: BF89FC07
	ds_swizzle_b32 v12, v8 offset:swizzle(SWAP,16)             // 00000000C4E8: D8D4401F 0C000008
	ds_swizzle_b32 v13, v9 offset:swizzle(SWAP,16)             // 00000000C4F0: D8D4401F 0D000009
	ds_swizzle_b32 v14, v10 offset:swizzle(SWAP,16)            // 00000000C4F8: D8D4401F 0E00000A
	ds_swizzle_b32 v15, v11 offset:swizzle(SWAP,16)            // 00000000C500: D8D4401F 0F00000B
	s_waitcnt lgkmcnt(0)                                       // 00000000C508: BF89FC07
	v_lshlrev_b32_e32 v129, 10, v4                             // 00000000C50C: 3102088A
	v_lshl_add_u32 v129, v3, 1, v129                           // 00000000C510: D6460081 06050303
	v_add_nc_u32_e32 v129, 0x3800, v129                        // 00000000C518: 4B0302FF 00003800
	ds_load_u16 v16, v129                                      // 00000000C520: D8F00000 10000081
	ds_load_u16_d16_hi v16, v129 offset:128                    // 00000000C528: DA9C0080 10000081
	ds_load_u16 v17, v129 offset:256                           // 00000000C530: D8F00100 11000081
	ds_load_u16_d16_hi v17, v129 offset:384                    // 00000000C538: DA9C0180 11000081
	ds_load_u16 v18, v129 offset:512                           // 00000000C540: D8F00200 12000081
	ds_load_u16_d16_hi v18, v129 offset:640                    // 00000000C548: DA9C0280 12000081
	ds_load_u16 v19, v129 offset:768                           // 00000000C550: D8F00300 13000081
	ds_load_u16_d16_hi v19, v129 offset:896                    // 00000000C558: DA9C0380 13000081
	s_waitcnt lgkmcnt(0)                                       // 00000000C560: BF89FC07
	ds_swizzle_b32 v20, v16 offset:swizzle(SWAP,16)            // 00000000C564: D8D4401F 14000010
	ds_swizzle_b32 v21, v17 offset:swizzle(SWAP,16)            // 00000000C56C: D8D4401F 15000011
	ds_swizzle_b32 v22, v18 offset:swizzle(SWAP,16)            // 00000000C574: D8D4401F 16000012
	ds_swizzle_b32 v23, v19 offset:swizzle(SWAP,16)            // 00000000C57C: D8D4401F 17000013
	s_waitcnt lgkmcnt(0)                                       // 00000000C584: BF89FC07
	v_wmma_f32_16x16x16_bf16 v[64:71], v[8:15], v[16:23], v[64:71]// 00000000C588: CC414040 1D022108
	v_lshlrev_b32_e32 v129, 10, v4                             // 00000000C590: 3102088A
	v_lshl_add_u32 v129, v3, 1, v129                           // 00000000C594: D6460081 06050303
	v_add_nc_u32_e32 v129, 0x3820, v129                        // 00000000C59C: 4B0302FF 00003820
	ds_load_u16 v16, v129                                      // 00000000C5A4: D8F00000 10000081
	ds_load_u16_d16_hi v16, v129 offset:128                    // 00000000C5AC: DA9C0080 10000081
	ds_load_u16 v17, v129 offset:256                           // 00000000C5B4: D8F00100 11000081
	ds_load_u16_d16_hi v17, v129 offset:384                    // 00000000C5BC: DA9C0180 11000081
	ds_load_u16 v18, v129 offset:512                           // 00000000C5C4: D8F00200 12000081
	ds_load_u16_d16_hi v18, v129 offset:640                    // 00000000C5CC: DA9C0280 12000081
	ds_load_u16 v19, v129 offset:768                           // 00000000C5D4: D8F00300 13000081
	ds_load_u16_d16_hi v19, v129 offset:896                    // 00000000C5DC: DA9C0380 13000081
	s_waitcnt lgkmcnt(0)                                       // 00000000C5E4: BF89FC07
	ds_swizzle_b32 v20, v16 offset:swizzle(SWAP,16)            // 00000000C5E8: D8D4401F 14000010
	ds_swizzle_b32 v21, v17 offset:swizzle(SWAP,16)            // 00000000C5F0: D8D4401F 15000011
	ds_swizzle_b32 v22, v18 offset:swizzle(SWAP,16)            // 00000000C5F8: D8D4401F 16000012
	ds_swizzle_b32 v23, v19 offset:swizzle(SWAP,16)            // 00000000C600: D8D4401F 17000013
	s_waitcnt lgkmcnt(0)                                       // 00000000C608: BF89FC07
	v_wmma_f32_16x16x16_bf16 v[72:79], v[8:15], v[16:23], v[72:79]// 00000000C60C: CC414048 1D222108
	v_lshlrev_b32_e32 v129, 10, v4                             // 00000000C614: 3102088A
	v_lshl_add_u32 v129, v3, 1, v129                           // 00000000C618: D6460081 06050303
	v_add_nc_u32_e32 v129, 0x3840, v129                        // 00000000C620: 4B0302FF 00003840
	ds_load_u16 v16, v129                                      // 00000000C628: D8F00000 10000081
	ds_load_u16_d16_hi v16, v129 offset:128                    // 00000000C630: DA9C0080 10000081
	ds_load_u16 v17, v129 offset:256                           // 00000000C638: D8F00100 11000081
	ds_load_u16_d16_hi v17, v129 offset:384                    // 00000000C640: DA9C0180 11000081
	ds_load_u16 v18, v129 offset:512                           // 00000000C648: D8F00200 12000081
	ds_load_u16_d16_hi v18, v129 offset:640                    // 00000000C650: DA9C0280 12000081
	ds_load_u16 v19, v129 offset:768                           // 00000000C658: D8F00300 13000081
	ds_load_u16_d16_hi v19, v129 offset:896                    // 00000000C660: DA9C0380 13000081
	s_waitcnt lgkmcnt(0)                                       // 00000000C668: BF89FC07
	ds_swizzle_b32 v20, v16 offset:swizzle(SWAP,16)            // 00000000C66C: D8D4401F 14000010
	ds_swizzle_b32 v21, v17 offset:swizzle(SWAP,16)            // 00000000C674: D8D4401F 15000011
	ds_swizzle_b32 v22, v18 offset:swizzle(SWAP,16)            // 00000000C67C: D8D4401F 16000012
	ds_swizzle_b32 v23, v19 offset:swizzle(SWAP,16)            // 00000000C684: D8D4401F 17000013
	s_waitcnt lgkmcnt(0)                                       // 00000000C68C: BF89FC07
	v_wmma_f32_16x16x16_bf16 v[80:87], v[8:15], v[16:23], v[80:87]// 00000000C690: CC414050 1D422108
	v_lshlrev_b32_e32 v129, 10, v4                             // 00000000C698: 3102088A
	v_lshl_add_u32 v129, v3, 1, v129                           // 00000000C69C: D6460081 06050303
	v_add_nc_u32_e32 v129, 0x3860, v129                        // 00000000C6A4: 4B0302FF 00003860
	ds_load_u16 v16, v129                                      // 00000000C6AC: D8F00000 10000081
	ds_load_u16_d16_hi v16, v129 offset:128                    // 00000000C6B4: DA9C0080 10000081
	ds_load_u16 v17, v129 offset:256                           // 00000000C6BC: D8F00100 11000081
	ds_load_u16_d16_hi v17, v129 offset:384                    // 00000000C6C4: DA9C0180 11000081
	ds_load_u16 v18, v129 offset:512                           // 00000000C6CC: D8F00200 12000081
	ds_load_u16_d16_hi v18, v129 offset:640                    // 00000000C6D4: DA9C0280 12000081
	ds_load_u16 v19, v129 offset:768                           // 00000000C6DC: D8F00300 13000081
	ds_load_u16_d16_hi v19, v129 offset:896                    // 00000000C6E4: DA9C0380 13000081
	s_waitcnt lgkmcnt(0)                                       // 00000000C6EC: BF89FC07
	ds_swizzle_b32 v20, v16 offset:swizzle(SWAP,16)            // 00000000C6F0: D8D4401F 14000010
	ds_swizzle_b32 v21, v17 offset:swizzle(SWAP,16)            // 00000000C6F8: D8D4401F 15000011
	ds_swizzle_b32 v22, v18 offset:swizzle(SWAP,16)            // 00000000C700: D8D4401F 16000012
	ds_swizzle_b32 v23, v19 offset:swizzle(SWAP,16)            // 00000000C708: D8D4401F 17000013
	s_waitcnt lgkmcnt(0)                                       // 00000000C710: BF89FC07
	v_wmma_f32_16x16x16_bf16 v[88:95], v[8:15], v[16:23], v[88:95]// 00000000C714: CC414058 1D622108
	ds_load_b128 v[8:11], v7 offset:96                         // 00000000C71C: DBFC0060 08000007
	s_waitcnt lgkmcnt(0)                                       // 00000000C724: BF89FC07
	ds_swizzle_b32 v12, v8 offset:swizzle(SWAP,16)             // 00000000C728: D8D4401F 0C000008
	ds_swizzle_b32 v13, v9 offset:swizzle(SWAP,16)             // 00000000C730: D8D4401F 0D000009
	ds_swizzle_b32 v14, v10 offset:swizzle(SWAP,16)            // 00000000C738: D8D4401F 0E00000A
	ds_swizzle_b32 v15, v11 offset:swizzle(SWAP,16)            // 00000000C740: D8D4401F 0F00000B
	s_waitcnt lgkmcnt(0)                                       // 00000000C748: BF89FC07
	v_lshlrev_b32_e32 v129, 10, v4                             // 00000000C74C: 3102088A
	v_lshl_add_u32 v129, v3, 1, v129                           // 00000000C750: D6460081 06050303
	v_add_nc_u32_e32 v129, 0x3800, v129                        // 00000000C758: 4B0302FF 00003800
	ds_load_u16 v16, v129                                      // 00000000C760: D8F00000 10000081
	ds_load_u16_d16_hi v16, v129 offset:128                    // 00000000C768: DA9C0080 10000081
	ds_load_u16 v17, v129 offset:256                           // 00000000C770: D8F00100 11000081
	ds_load_u16_d16_hi v17, v129 offset:384                    // 00000000C778: DA9C0180 11000081
	ds_load_u16 v18, v129 offset:512                           // 00000000C780: D8F00200 12000081
	ds_load_u16_d16_hi v18, v129 offset:640                    // 00000000C788: DA9C0280 12000081
	ds_load_u16 v19, v129 offset:768                           // 00000000C790: D8F00300 13000081
	ds_load_u16_d16_hi v19, v129 offset:896                    // 00000000C798: DA9C0380 13000081
	s_waitcnt lgkmcnt(0)                                       // 00000000C7A0: BF89FC07
	ds_swizzle_b32 v20, v16 offset:swizzle(SWAP,16)            // 00000000C7A4: D8D4401F 14000010
	ds_swizzle_b32 v21, v17 offset:swizzle(SWAP,16)            // 00000000C7AC: D8D4401F 15000011
	ds_swizzle_b32 v22, v18 offset:swizzle(SWAP,16)            // 00000000C7B4: D8D4401F 16000012
	ds_swizzle_b32 v23, v19 offset:swizzle(SWAP,16)            // 00000000C7BC: D8D4401F 17000013
	s_waitcnt lgkmcnt(0)                                       // 00000000C7C4: BF89FC07
	v_wmma_f32_16x16x16_bf16 v[96:103], v[8:15], v[16:23], v[96:103]// 00000000C7C8: CC414060 1D822108
	v_lshlrev_b32_e32 v129, 10, v4                             // 00000000C7D0: 3102088A
	v_lshl_add_u32 v129, v3, 1, v129                           // 00000000C7D4: D6460081 06050303
	v_add_nc_u32_e32 v129, 0x3820, v129                        // 00000000C7DC: 4B0302FF 00003820
	ds_load_u16 v16, v129                                      // 00000000C7E4: D8F00000 10000081
	ds_load_u16_d16_hi v16, v129 offset:128                    // 00000000C7EC: DA9C0080 10000081
	ds_load_u16 v17, v129 offset:256                           // 00000000C7F4: D8F00100 11000081
	ds_load_u16_d16_hi v17, v129 offset:384                    // 00000000C7FC: DA9C0180 11000081
	ds_load_u16 v18, v129 offset:512                           // 00000000C804: D8F00200 12000081
	ds_load_u16_d16_hi v18, v129 offset:640                    // 00000000C80C: DA9C0280 12000081
	ds_load_u16 v19, v129 offset:768                           // 00000000C814: D8F00300 13000081
	ds_load_u16_d16_hi v19, v129 offset:896                    // 00000000C81C: DA9C0380 13000081
	s_waitcnt lgkmcnt(0)                                       // 00000000C824: BF89FC07
	ds_swizzle_b32 v20, v16 offset:swizzle(SWAP,16)            // 00000000C828: D8D4401F 14000010
	ds_swizzle_b32 v21, v17 offset:swizzle(SWAP,16)            // 00000000C830: D8D4401F 15000011
	ds_swizzle_b32 v22, v18 offset:swizzle(SWAP,16)            // 00000000C838: D8D4401F 16000012
	ds_swizzle_b32 v23, v19 offset:swizzle(SWAP,16)            // 00000000C840: D8D4401F 17000013
	s_waitcnt lgkmcnt(0)                                       // 00000000C848: BF89FC07
	v_wmma_f32_16x16x16_bf16 v[104:111], v[8:15], v[16:23], v[104:111]// 00000000C84C: CC414068 1DA22108
	v_lshlrev_b32_e32 v129, 10, v4                             // 00000000C854: 3102088A
	v_lshl_add_u32 v129, v3, 1, v129                           // 00000000C858: D6460081 06050303
	v_add_nc_u32_e32 v129, 0x3840, v129                        // 00000000C860: 4B0302FF 00003840
	ds_load_u16 v16, v129                                      // 00000000C868: D8F00000 10000081
	ds_load_u16_d16_hi v16, v129 offset:128                    // 00000000C870: DA9C0080 10000081
	ds_load_u16 v17, v129 offset:256                           // 00000000C878: D8F00100 11000081
	ds_load_u16_d16_hi v17, v129 offset:384                    // 00000000C880: DA9C0180 11000081
	ds_load_u16 v18, v129 offset:512                           // 00000000C888: D8F00200 12000081
	ds_load_u16_d16_hi v18, v129 offset:640                    // 00000000C890: DA9C0280 12000081
	ds_load_u16 v19, v129 offset:768                           // 00000000C898: D8F00300 13000081
	ds_load_u16_d16_hi v19, v129 offset:896                    // 00000000C8A0: DA9C0380 13000081
	s_waitcnt lgkmcnt(0)                                       // 00000000C8A8: BF89FC07
	ds_swizzle_b32 v20, v16 offset:swizzle(SWAP,16)            // 00000000C8AC: D8D4401F 14000010
	ds_swizzle_b32 v21, v17 offset:swizzle(SWAP,16)            // 00000000C8B4: D8D4401F 15000011
	ds_swizzle_b32 v22, v18 offset:swizzle(SWAP,16)            // 00000000C8BC: D8D4401F 16000012
	ds_swizzle_b32 v23, v19 offset:swizzle(SWAP,16)            // 00000000C8C4: D8D4401F 17000013
	s_waitcnt lgkmcnt(0)                                       // 00000000C8CC: BF89FC07
	v_wmma_f32_16x16x16_bf16 v[112:119], v[8:15], v[16:23], v[112:119]// 00000000C8D0: CC414070 1DC22108
	v_lshlrev_b32_e32 v129, 10, v4                             // 00000000C8D8: 3102088A
	v_lshl_add_u32 v129, v3, 1, v129                           // 00000000C8DC: D6460081 06050303
	v_add_nc_u32_e32 v129, 0x3860, v129                        // 00000000C8E4: 4B0302FF 00003860
	ds_load_u16 v16, v129                                      // 00000000C8EC: D8F00000 10000081
	ds_load_u16_d16_hi v16, v129 offset:128                    // 00000000C8F4: DA9C0080 10000081
	ds_load_u16 v17, v129 offset:256                           // 00000000C8FC: D8F00100 11000081
	ds_load_u16_d16_hi v17, v129 offset:384                    // 00000000C904: DA9C0180 11000081
	ds_load_u16 v18, v129 offset:512                           // 00000000C90C: D8F00200 12000081
	ds_load_u16_d16_hi v18, v129 offset:640                    // 00000000C914: DA9C0280 12000081
	ds_load_u16 v19, v129 offset:768                           // 00000000C91C: D8F00300 13000081
	ds_load_u16_d16_hi v19, v129 offset:896                    // 00000000C924: DA9C0380 13000081
	s_waitcnt lgkmcnt(0)                                       // 00000000C92C: BF89FC07
	ds_swizzle_b32 v20, v16 offset:swizzle(SWAP,16)            // 00000000C930: D8D4401F 14000010
	ds_swizzle_b32 v21, v17 offset:swizzle(SWAP,16)            // 00000000C938: D8D4401F 15000011
	ds_swizzle_b32 v22, v18 offset:swizzle(SWAP,16)            // 00000000C940: D8D4401F 16000012
	ds_swizzle_b32 v23, v19 offset:swizzle(SWAP,16)            // 00000000C948: D8D4401F 17000013
	s_waitcnt lgkmcnt(0)                                       // 00000000C950: BF89FC07
	v_wmma_f32_16x16x16_bf16 v[120:127], v[8:15], v[16:23], v[120:127]// 00000000C954: CC414078 1DE22108
	v_lshrrev_b32_e32 v130, 16, v64                            // 00000000C95C: 33048090
	v_and_b32_e32 v130, 1, v130                                // 00000000C960: 37050481
	v_add_nc_u32_e32 v131, 0x7fff, v64                         // 00000000C964: 4B0680FF 00007FFF
	v_add_nc_u32_e32 v131, v130, v131                          // 00000000C96C: 4B070782
	v_lshrrev_b32_e32 v131, 16, v131                           // 00000000C970: 33070690
	v_add_nc_u32_e32 v132, 0, v6                               // 00000000C974: 4B080C80
	v_add_nc_u32_e32 v133, s27, v132                           // 00000000C978: 4B0B081B
	v_lshlrev_b32_e32 v134, 13, v133                           // 00000000C97C: 310D0A8D
	v_add_nc_u32_e32 v134, s37, v134                           // 00000000C980: 4B0D0C25
	v_lshl_add_u32 v134, v3, 1, v134                           // 00000000C984: D6460086 06190303
	v_add_nc_u32_e32 v134, 0, v134                             // 00000000C98C: 4B0D0C80
	global_store_b16 v134, v131, s[14:15]                      // 00000000C990: DC660000 000E8386
	v_lshrrev_b32_e32 v130, 16, v65                            // 00000000C998: 33048290
	v_and_b32_e32 v130, 1, v130                                // 00000000C99C: 37050481
	v_add_nc_u32_e32 v131, 0x7fff, v65                         // 00000000C9A0: 4B0682FF 00007FFF
	v_add_nc_u32_e32 v131, v130, v131                          // 00000000C9A8: 4B070782
	v_lshrrev_b32_e32 v131, 16, v131                           // 00000000C9AC: 33070690
	v_add_nc_u32_e32 v132, 2, v6                               // 00000000C9B0: 4B080C82
	v_add_nc_u32_e32 v133, s27, v132                           // 00000000C9B4: 4B0B081B
	v_lshlrev_b32_e32 v134, 13, v133                           // 00000000C9B8: 310D0A8D
	v_add_nc_u32_e32 v134, s37, v134                           // 00000000C9BC: 4B0D0C25
	v_lshl_add_u32 v134, v3, 1, v134                           // 00000000C9C0: D6460086 06190303
	v_add_nc_u32_e32 v134, 0, v134                             // 00000000C9C8: 4B0D0C80
	global_store_b16 v134, v131, s[14:15]                      // 00000000C9CC: DC660000 000E8386
	v_lshrrev_b32_e32 v130, 16, v66                            // 00000000C9D4: 33048490
	v_and_b32_e32 v130, 1, v130                                // 00000000C9D8: 37050481
	v_add_nc_u32_e32 v131, 0x7fff, v66                         // 00000000C9DC: 4B0684FF 00007FFF
	v_add_nc_u32_e32 v131, v130, v131                          // 00000000C9E4: 4B070782
	v_lshrrev_b32_e32 v131, 16, v131                           // 00000000C9E8: 33070690
	v_add_nc_u32_e32 v132, 4, v6                               // 00000000C9EC: 4B080C84
	v_add_nc_u32_e32 v133, s27, v132                           // 00000000C9F0: 4B0B081B
	v_lshlrev_b32_e32 v134, 13, v133                           // 00000000C9F4: 310D0A8D
	v_add_nc_u32_e32 v134, s37, v134                           // 00000000C9F8: 4B0D0C25
	v_lshl_add_u32 v134, v3, 1, v134                           // 00000000C9FC: D6460086 06190303
	v_add_nc_u32_e32 v134, 0, v134                             // 00000000CA04: 4B0D0C80
	global_store_b16 v134, v131, s[14:15]                      // 00000000CA08: DC660000 000E8386
	v_lshrrev_b32_e32 v130, 16, v67                            // 00000000CA10: 33048690
	v_and_b32_e32 v130, 1, v130                                // 00000000CA14: 37050481
	v_add_nc_u32_e32 v131, 0x7fff, v67                         // 00000000CA18: 4B0686FF 00007FFF
	v_add_nc_u32_e32 v131, v130, v131                          // 00000000CA20: 4B070782
	v_lshrrev_b32_e32 v131, 16, v131                           // 00000000CA24: 33070690
	v_add_nc_u32_e32 v132, 6, v6                               // 00000000CA28: 4B080C86
	v_add_nc_u32_e32 v133, s27, v132                           // 00000000CA2C: 4B0B081B
	v_lshlrev_b32_e32 v134, 13, v133                           // 00000000CA30: 310D0A8D
	v_add_nc_u32_e32 v134, s37, v134                           // 00000000CA34: 4B0D0C25
	v_lshl_add_u32 v134, v3, 1, v134                           // 00000000CA38: D6460086 06190303
	v_add_nc_u32_e32 v134, 0, v134                             // 00000000CA40: 4B0D0C80
	global_store_b16 v134, v131, s[14:15]                      // 00000000CA44: DC660000 000E8386
	v_lshrrev_b32_e32 v130, 16, v68                            // 00000000CA4C: 33048890
	v_and_b32_e32 v130, 1, v130                                // 00000000CA50: 37050481
	v_add_nc_u32_e32 v131, 0x7fff, v68                         // 00000000CA54: 4B0688FF 00007FFF
	v_add_nc_u32_e32 v131, v130, v131                          // 00000000CA5C: 4B070782
	v_lshrrev_b32_e32 v131, 16, v131                           // 00000000CA60: 33070690
	v_add_nc_u32_e32 v132, 8, v6                               // 00000000CA64: 4B080C88
	v_add_nc_u32_e32 v133, s27, v132                           // 00000000CA68: 4B0B081B
	v_lshlrev_b32_e32 v134, 13, v133                           // 00000000CA6C: 310D0A8D
	v_add_nc_u32_e32 v134, s37, v134                           // 00000000CA70: 4B0D0C25
	v_lshl_add_u32 v134, v3, 1, v134                           // 00000000CA74: D6460086 06190303
	v_add_nc_u32_e32 v134, 0, v134                             // 00000000CA7C: 4B0D0C80
	global_store_b16 v134, v131, s[14:15]                      // 00000000CA80: DC660000 000E8386
	v_lshrrev_b32_e32 v130, 16, v69                            // 00000000CA88: 33048A90
	v_and_b32_e32 v130, 1, v130                                // 00000000CA8C: 37050481
	v_add_nc_u32_e32 v131, 0x7fff, v69                         // 00000000CA90: 4B068AFF 00007FFF
	v_add_nc_u32_e32 v131, v130, v131                          // 00000000CA98: 4B070782
	v_lshrrev_b32_e32 v131, 16, v131                           // 00000000CA9C: 33070690
	v_add_nc_u32_e32 v132, 10, v6                              // 00000000CAA0: 4B080C8A
	v_add_nc_u32_e32 v133, s27, v132                           // 00000000CAA4: 4B0B081B
	v_lshlrev_b32_e32 v134, 13, v133                           // 00000000CAA8: 310D0A8D
	v_add_nc_u32_e32 v134, s37, v134                           // 00000000CAAC: 4B0D0C25
	v_lshl_add_u32 v134, v3, 1, v134                           // 00000000CAB0: D6460086 06190303
	v_add_nc_u32_e32 v134, 0, v134                             // 00000000CAB8: 4B0D0C80
	global_store_b16 v134, v131, s[14:15]                      // 00000000CABC: DC660000 000E8386
	v_lshrrev_b32_e32 v130, 16, v70                            // 00000000CAC4: 33048C90
	v_and_b32_e32 v130, 1, v130                                // 00000000CAC8: 37050481
	v_add_nc_u32_e32 v131, 0x7fff, v70                         // 00000000CACC: 4B068CFF 00007FFF
	v_add_nc_u32_e32 v131, v130, v131                          // 00000000CAD4: 4B070782
	v_lshrrev_b32_e32 v131, 16, v131                           // 00000000CAD8: 33070690
	v_add_nc_u32_e32 v132, 12, v6                              // 00000000CADC: 4B080C8C
	v_add_nc_u32_e32 v133, s27, v132                           // 00000000CAE0: 4B0B081B
	v_lshlrev_b32_e32 v134, 13, v133                           // 00000000CAE4: 310D0A8D
	v_add_nc_u32_e32 v134, s37, v134                           // 00000000CAE8: 4B0D0C25
	v_lshl_add_u32 v134, v3, 1, v134                           // 00000000CAEC: D6460086 06190303
	v_add_nc_u32_e32 v134, 0, v134                             // 00000000CAF4: 4B0D0C80
	global_store_b16 v134, v131, s[14:15]                      // 00000000CAF8: DC660000 000E8386
	v_lshrrev_b32_e32 v130, 16, v71                            // 00000000CB00: 33048E90
	v_and_b32_e32 v130, 1, v130                                // 00000000CB04: 37050481
	v_add_nc_u32_e32 v131, 0x7fff, v71                         // 00000000CB08: 4B068EFF 00007FFF
	v_add_nc_u32_e32 v131, v130, v131                          // 00000000CB10: 4B070782
	v_lshrrev_b32_e32 v131, 16, v131                           // 00000000CB14: 33070690
	v_add_nc_u32_e32 v132, 14, v6                              // 00000000CB18: 4B080C8E
	v_add_nc_u32_e32 v133, s27, v132                           // 00000000CB1C: 4B0B081B
	v_lshlrev_b32_e32 v134, 13, v133                           // 00000000CB20: 310D0A8D
	v_add_nc_u32_e32 v134, s37, v134                           // 00000000CB24: 4B0D0C25
	v_lshl_add_u32 v134, v3, 1, v134                           // 00000000CB28: D6460086 06190303
	v_add_nc_u32_e32 v134, 0, v134                             // 00000000CB30: 4B0D0C80
	global_store_b16 v134, v131, s[14:15]                      // 00000000CB34: DC660000 000E8386
	v_lshrrev_b32_e32 v130, 16, v72                            // 00000000CB3C: 33049090
	v_and_b32_e32 v130, 1, v130                                // 00000000CB40: 37050481
	v_add_nc_u32_e32 v131, 0x7fff, v72                         // 00000000CB44: 4B0690FF 00007FFF
	v_add_nc_u32_e32 v131, v130, v131                          // 00000000CB4C: 4B070782
	v_lshrrev_b32_e32 v131, 16, v131                           // 00000000CB50: 33070690
	v_add_nc_u32_e32 v132, 0, v6                               // 00000000CB54: 4B080C80
	v_add_nc_u32_e32 v133, s27, v132                           // 00000000CB58: 4B0B081B
	v_lshlrev_b32_e32 v134, 13, v133                           // 00000000CB5C: 310D0A8D
	v_add_nc_u32_e32 v134, s37, v134                           // 00000000CB60: 4B0D0C25
	v_lshl_add_u32 v134, v3, 1, v134                           // 00000000CB64: D6460086 06190303
	v_add_nc_u32_e32 v134, 32, v134                            // 00000000CB6C: 4B0D0CA0
	global_store_b16 v134, v131, s[14:15]                      // 00000000CB70: DC660000 000E8386
	v_lshrrev_b32_e32 v130, 16, v73                            // 00000000CB78: 33049290
	v_and_b32_e32 v130, 1, v130                                // 00000000CB7C: 37050481
	v_add_nc_u32_e32 v131, 0x7fff, v73                         // 00000000CB80: 4B0692FF 00007FFF
	v_add_nc_u32_e32 v131, v130, v131                          // 00000000CB88: 4B070782
	v_lshrrev_b32_e32 v131, 16, v131                           // 00000000CB8C: 33070690
	v_add_nc_u32_e32 v132, 2, v6                               // 00000000CB90: 4B080C82
	v_add_nc_u32_e32 v133, s27, v132                           // 00000000CB94: 4B0B081B
	v_lshlrev_b32_e32 v134, 13, v133                           // 00000000CB98: 310D0A8D
	v_add_nc_u32_e32 v134, s37, v134                           // 00000000CB9C: 4B0D0C25
	v_lshl_add_u32 v134, v3, 1, v134                           // 00000000CBA0: D6460086 06190303
	v_add_nc_u32_e32 v134, 32, v134                            // 00000000CBA8: 4B0D0CA0
	global_store_b16 v134, v131, s[14:15]                      // 00000000CBAC: DC660000 000E8386
	v_lshrrev_b32_e32 v130, 16, v74                            // 00000000CBB4: 33049490
	v_and_b32_e32 v130, 1, v130                                // 00000000CBB8: 37050481
	v_add_nc_u32_e32 v131, 0x7fff, v74                         // 00000000CBBC: 4B0694FF 00007FFF
	v_add_nc_u32_e32 v131, v130, v131                          // 00000000CBC4: 4B070782
	v_lshrrev_b32_e32 v131, 16, v131                           // 00000000CBC8: 33070690
	v_add_nc_u32_e32 v132, 4, v6                               // 00000000CBCC: 4B080C84
	v_add_nc_u32_e32 v133, s27, v132                           // 00000000CBD0: 4B0B081B
	v_lshlrev_b32_e32 v134, 13, v133                           // 00000000CBD4: 310D0A8D
	v_add_nc_u32_e32 v134, s37, v134                           // 00000000CBD8: 4B0D0C25
	v_lshl_add_u32 v134, v3, 1, v134                           // 00000000CBDC: D6460086 06190303
	v_add_nc_u32_e32 v134, 32, v134                            // 00000000CBE4: 4B0D0CA0
	global_store_b16 v134, v131, s[14:15]                      // 00000000CBE8: DC660000 000E8386
	v_lshrrev_b32_e32 v130, 16, v75                            // 00000000CBF0: 33049690
	v_and_b32_e32 v130, 1, v130                                // 00000000CBF4: 37050481
	v_add_nc_u32_e32 v131, 0x7fff, v75                         // 00000000CBF8: 4B0696FF 00007FFF
	v_add_nc_u32_e32 v131, v130, v131                          // 00000000CC00: 4B070782
	v_lshrrev_b32_e32 v131, 16, v131                           // 00000000CC04: 33070690
	v_add_nc_u32_e32 v132, 6, v6                               // 00000000CC08: 4B080C86
	v_add_nc_u32_e32 v133, s27, v132                           // 00000000CC0C: 4B0B081B
	v_lshlrev_b32_e32 v134, 13, v133                           // 00000000CC10: 310D0A8D
	v_add_nc_u32_e32 v134, s37, v134                           // 00000000CC14: 4B0D0C25
	v_lshl_add_u32 v134, v3, 1, v134                           // 00000000CC18: D6460086 06190303
	v_add_nc_u32_e32 v134, 32, v134                            // 00000000CC20: 4B0D0CA0
	global_store_b16 v134, v131, s[14:15]                      // 00000000CC24: DC660000 000E8386
	v_lshrrev_b32_e32 v130, 16, v76                            // 00000000CC2C: 33049890
	v_and_b32_e32 v130, 1, v130                                // 00000000CC30: 37050481
	v_add_nc_u32_e32 v131, 0x7fff, v76                         // 00000000CC34: 4B0698FF 00007FFF
	v_add_nc_u32_e32 v131, v130, v131                          // 00000000CC3C: 4B070782
	v_lshrrev_b32_e32 v131, 16, v131                           // 00000000CC40: 33070690
	v_add_nc_u32_e32 v132, 8, v6                               // 00000000CC44: 4B080C88
	v_add_nc_u32_e32 v133, s27, v132                           // 00000000CC48: 4B0B081B
	v_lshlrev_b32_e32 v134, 13, v133                           // 00000000CC4C: 310D0A8D
	v_add_nc_u32_e32 v134, s37, v134                           // 00000000CC50: 4B0D0C25
	v_lshl_add_u32 v134, v3, 1, v134                           // 00000000CC54: D6460086 06190303
	v_add_nc_u32_e32 v134, 32, v134                            // 00000000CC5C: 4B0D0CA0
	global_store_b16 v134, v131, s[14:15]                      // 00000000CC60: DC660000 000E8386
	v_lshrrev_b32_e32 v130, 16, v77                            // 00000000CC68: 33049A90
	v_and_b32_e32 v130, 1, v130                                // 00000000CC6C: 37050481
	v_add_nc_u32_e32 v131, 0x7fff, v77                         // 00000000CC70: 4B069AFF 00007FFF
	v_add_nc_u32_e32 v131, v130, v131                          // 00000000CC78: 4B070782
	v_lshrrev_b32_e32 v131, 16, v131                           // 00000000CC7C: 33070690
	v_add_nc_u32_e32 v132, 10, v6                              // 00000000CC80: 4B080C8A
	v_add_nc_u32_e32 v133, s27, v132                           // 00000000CC84: 4B0B081B
	v_lshlrev_b32_e32 v134, 13, v133                           // 00000000CC88: 310D0A8D
	v_add_nc_u32_e32 v134, s37, v134                           // 00000000CC8C: 4B0D0C25
	v_lshl_add_u32 v134, v3, 1, v134                           // 00000000CC90: D6460086 06190303
	v_add_nc_u32_e32 v134, 32, v134                            // 00000000CC98: 4B0D0CA0
	global_store_b16 v134, v131, s[14:15]                      // 00000000CC9C: DC660000 000E8386
	v_lshrrev_b32_e32 v130, 16, v78                            // 00000000CCA4: 33049C90
	v_and_b32_e32 v130, 1, v130                                // 00000000CCA8: 37050481
	v_add_nc_u32_e32 v131, 0x7fff, v78                         // 00000000CCAC: 4B069CFF 00007FFF
	v_add_nc_u32_e32 v131, v130, v131                          // 00000000CCB4: 4B070782
	v_lshrrev_b32_e32 v131, 16, v131                           // 00000000CCB8: 33070690
	v_add_nc_u32_e32 v132, 12, v6                              // 00000000CCBC: 4B080C8C
	v_add_nc_u32_e32 v133, s27, v132                           // 00000000CCC0: 4B0B081B
	v_lshlrev_b32_e32 v134, 13, v133                           // 00000000CCC4: 310D0A8D
	v_add_nc_u32_e32 v134, s37, v134                           // 00000000CCC8: 4B0D0C25
	v_lshl_add_u32 v134, v3, 1, v134                           // 00000000CCCC: D6460086 06190303
	v_add_nc_u32_e32 v134, 32, v134                            // 00000000CCD4: 4B0D0CA0
	global_store_b16 v134, v131, s[14:15]                      // 00000000CCD8: DC660000 000E8386
	v_lshrrev_b32_e32 v130, 16, v79                            // 00000000CCE0: 33049E90
	v_and_b32_e32 v130, 1, v130                                // 00000000CCE4: 37050481
	v_add_nc_u32_e32 v131, 0x7fff, v79                         // 00000000CCE8: 4B069EFF 00007FFF
	v_add_nc_u32_e32 v131, v130, v131                          // 00000000CCF0: 4B070782
	v_lshrrev_b32_e32 v131, 16, v131                           // 00000000CCF4: 33070690
	v_add_nc_u32_e32 v132, 14, v6                              // 00000000CCF8: 4B080C8E
	v_add_nc_u32_e32 v133, s27, v132                           // 00000000CCFC: 4B0B081B
	v_lshlrev_b32_e32 v134, 13, v133                           // 00000000CD00: 310D0A8D
	v_add_nc_u32_e32 v134, s37, v134                           // 00000000CD04: 4B0D0C25
	v_lshl_add_u32 v134, v3, 1, v134                           // 00000000CD08: D6460086 06190303
	v_add_nc_u32_e32 v134, 32, v134                            // 00000000CD10: 4B0D0CA0
	global_store_b16 v134, v131, s[14:15]                      // 00000000CD14: DC660000 000E8386
	v_lshrrev_b32_e32 v130, 16, v80                            // 00000000CD1C: 3304A090
	v_and_b32_e32 v130, 1, v130                                // 00000000CD20: 37050481
	v_add_nc_u32_e32 v131, 0x7fff, v80                         // 00000000CD24: 4B06A0FF 00007FFF
	v_add_nc_u32_e32 v131, v130, v131                          // 00000000CD2C: 4B070782
	v_lshrrev_b32_e32 v131, 16, v131                           // 00000000CD30: 33070690
	v_add_nc_u32_e32 v132, 0, v6                               // 00000000CD34: 4B080C80
	v_add_nc_u32_e32 v133, s27, v132                           // 00000000CD38: 4B0B081B
	v_lshlrev_b32_e32 v134, 13, v133                           // 00000000CD3C: 310D0A8D
	v_add_nc_u32_e32 v134, s37, v134                           // 00000000CD40: 4B0D0C25
	v_lshl_add_u32 v134, v3, 1, v134                           // 00000000CD44: D6460086 06190303
	v_add_nc_u32_e32 v134, 64, v134                            // 00000000CD4C: 4B0D0CC0
	global_store_b16 v134, v131, s[14:15]                      // 00000000CD50: DC660000 000E8386
	v_lshrrev_b32_e32 v130, 16, v81                            // 00000000CD58: 3304A290
	v_and_b32_e32 v130, 1, v130                                // 00000000CD5C: 37050481
	v_add_nc_u32_e32 v131, 0x7fff, v81                         // 00000000CD60: 4B06A2FF 00007FFF
	v_add_nc_u32_e32 v131, v130, v131                          // 00000000CD68: 4B070782
	v_lshrrev_b32_e32 v131, 16, v131                           // 00000000CD6C: 33070690
	v_add_nc_u32_e32 v132, 2, v6                               // 00000000CD70: 4B080C82
	v_add_nc_u32_e32 v133, s27, v132                           // 00000000CD74: 4B0B081B
	v_lshlrev_b32_e32 v134, 13, v133                           // 00000000CD78: 310D0A8D
	v_add_nc_u32_e32 v134, s37, v134                           // 00000000CD7C: 4B0D0C25
	v_lshl_add_u32 v134, v3, 1, v134                           // 00000000CD80: D6460086 06190303
	v_add_nc_u32_e32 v134, 64, v134                            // 00000000CD88: 4B0D0CC0
	global_store_b16 v134, v131, s[14:15]                      // 00000000CD8C: DC660000 000E8386
	v_lshrrev_b32_e32 v130, 16, v82                            // 00000000CD94: 3304A490
	v_and_b32_e32 v130, 1, v130                                // 00000000CD98: 37050481
	v_add_nc_u32_e32 v131, 0x7fff, v82                         // 00000000CD9C: 4B06A4FF 00007FFF
	v_add_nc_u32_e32 v131, v130, v131                          // 00000000CDA4: 4B070782
	v_lshrrev_b32_e32 v131, 16, v131                           // 00000000CDA8: 33070690
	v_add_nc_u32_e32 v132, 4, v6                               // 00000000CDAC: 4B080C84
	v_add_nc_u32_e32 v133, s27, v132                           // 00000000CDB0: 4B0B081B
	v_lshlrev_b32_e32 v134, 13, v133                           // 00000000CDB4: 310D0A8D
	v_add_nc_u32_e32 v134, s37, v134                           // 00000000CDB8: 4B0D0C25
	v_lshl_add_u32 v134, v3, 1, v134                           // 00000000CDBC: D6460086 06190303
	v_add_nc_u32_e32 v134, 64, v134                            // 00000000CDC4: 4B0D0CC0
	global_store_b16 v134, v131, s[14:15]                      // 00000000CDC8: DC660000 000E8386
	v_lshrrev_b32_e32 v130, 16, v83                            // 00000000CDD0: 3304A690
	v_and_b32_e32 v130, 1, v130                                // 00000000CDD4: 37050481
	v_add_nc_u32_e32 v131, 0x7fff, v83                         // 00000000CDD8: 4B06A6FF 00007FFF
	v_add_nc_u32_e32 v131, v130, v131                          // 00000000CDE0: 4B070782
	v_lshrrev_b32_e32 v131, 16, v131                           // 00000000CDE4: 33070690
	v_add_nc_u32_e32 v132, 6, v6                               // 00000000CDE8: 4B080C86
	v_add_nc_u32_e32 v133, s27, v132                           // 00000000CDEC: 4B0B081B
	v_lshlrev_b32_e32 v134, 13, v133                           // 00000000CDF0: 310D0A8D
	v_add_nc_u32_e32 v134, s37, v134                           // 00000000CDF4: 4B0D0C25
	v_lshl_add_u32 v134, v3, 1, v134                           // 00000000CDF8: D6460086 06190303
	v_add_nc_u32_e32 v134, 64, v134                            // 00000000CE00: 4B0D0CC0
	global_store_b16 v134, v131, s[14:15]                      // 00000000CE04: DC660000 000E8386
	v_lshrrev_b32_e32 v130, 16, v84                            // 00000000CE0C: 3304A890
	v_and_b32_e32 v130, 1, v130                                // 00000000CE10: 37050481
	v_add_nc_u32_e32 v131, 0x7fff, v84                         // 00000000CE14: 4B06A8FF 00007FFF
	v_add_nc_u32_e32 v131, v130, v131                          // 00000000CE1C: 4B070782
	v_lshrrev_b32_e32 v131, 16, v131                           // 00000000CE20: 33070690
	v_add_nc_u32_e32 v132, 8, v6                               // 00000000CE24: 4B080C88
	v_add_nc_u32_e32 v133, s27, v132                           // 00000000CE28: 4B0B081B
	v_lshlrev_b32_e32 v134, 13, v133                           // 00000000CE2C: 310D0A8D
	v_add_nc_u32_e32 v134, s37, v134                           // 00000000CE30: 4B0D0C25
	v_lshl_add_u32 v134, v3, 1, v134                           // 00000000CE34: D6460086 06190303
	v_add_nc_u32_e32 v134, 64, v134                            // 00000000CE3C: 4B0D0CC0
	global_store_b16 v134, v131, s[14:15]                      // 00000000CE40: DC660000 000E8386
	v_lshrrev_b32_e32 v130, 16, v85                            // 00000000CE48: 3304AA90
	v_and_b32_e32 v130, 1, v130                                // 00000000CE4C: 37050481
	v_add_nc_u32_e32 v131, 0x7fff, v85                         // 00000000CE50: 4B06AAFF 00007FFF
	v_add_nc_u32_e32 v131, v130, v131                          // 00000000CE58: 4B070782
	v_lshrrev_b32_e32 v131, 16, v131                           // 00000000CE5C: 33070690
	v_add_nc_u32_e32 v132, 10, v6                              // 00000000CE60: 4B080C8A
	v_add_nc_u32_e32 v133, s27, v132                           // 00000000CE64: 4B0B081B
	v_lshlrev_b32_e32 v134, 13, v133                           // 00000000CE68: 310D0A8D
	v_add_nc_u32_e32 v134, s37, v134                           // 00000000CE6C: 4B0D0C25
	v_lshl_add_u32 v134, v3, 1, v134                           // 00000000CE70: D6460086 06190303
	v_add_nc_u32_e32 v134, 64, v134                            // 00000000CE78: 4B0D0CC0
	global_store_b16 v134, v131, s[14:15]                      // 00000000CE7C: DC660000 000E8386
	v_lshrrev_b32_e32 v130, 16, v86                            // 00000000CE84: 3304AC90
	v_and_b32_e32 v130, 1, v130                                // 00000000CE88: 37050481
	v_add_nc_u32_e32 v131, 0x7fff, v86                         // 00000000CE8C: 4B06ACFF 00007FFF
	v_add_nc_u32_e32 v131, v130, v131                          // 00000000CE94: 4B070782
	v_lshrrev_b32_e32 v131, 16, v131                           // 00000000CE98: 33070690
	v_add_nc_u32_e32 v132, 12, v6                              // 00000000CE9C: 4B080C8C
	v_add_nc_u32_e32 v133, s27, v132                           // 00000000CEA0: 4B0B081B
	v_lshlrev_b32_e32 v134, 13, v133                           // 00000000CEA4: 310D0A8D
	v_add_nc_u32_e32 v134, s37, v134                           // 00000000CEA8: 4B0D0C25
	v_lshl_add_u32 v134, v3, 1, v134                           // 00000000CEAC: D6460086 06190303
	v_add_nc_u32_e32 v134, 64, v134                            // 00000000CEB4: 4B0D0CC0
	global_store_b16 v134, v131, s[14:15]                      // 00000000CEB8: DC660000 000E8386
	v_lshrrev_b32_e32 v130, 16, v87                            // 00000000CEC0: 3304AE90
	v_and_b32_e32 v130, 1, v130                                // 00000000CEC4: 37050481
	v_add_nc_u32_e32 v131, 0x7fff, v87                         // 00000000CEC8: 4B06AEFF 00007FFF
	v_add_nc_u32_e32 v131, v130, v131                          // 00000000CED0: 4B070782
	v_lshrrev_b32_e32 v131, 16, v131                           // 00000000CED4: 33070690
	v_add_nc_u32_e32 v132, 14, v6                              // 00000000CED8: 4B080C8E
	v_add_nc_u32_e32 v133, s27, v132                           // 00000000CEDC: 4B0B081B
	v_lshlrev_b32_e32 v134, 13, v133                           // 00000000CEE0: 310D0A8D
	v_add_nc_u32_e32 v134, s37, v134                           // 00000000CEE4: 4B0D0C25
	v_lshl_add_u32 v134, v3, 1, v134                           // 00000000CEE8: D6460086 06190303
	v_add_nc_u32_e32 v134, 64, v134                            // 00000000CEF0: 4B0D0CC0
	global_store_b16 v134, v131, s[14:15]                      // 00000000CEF4: DC660000 000E8386
	v_lshrrev_b32_e32 v130, 16, v88                            // 00000000CEFC: 3304B090
	v_and_b32_e32 v130, 1, v130                                // 00000000CF00: 37050481
	v_add_nc_u32_e32 v131, 0x7fff, v88                         // 00000000CF04: 4B06B0FF 00007FFF
	v_add_nc_u32_e32 v131, v130, v131                          // 00000000CF0C: 4B070782
	v_lshrrev_b32_e32 v131, 16, v131                           // 00000000CF10: 33070690
	v_add_nc_u32_e32 v132, 0, v6                               // 00000000CF14: 4B080C80
	v_add_nc_u32_e32 v133, s27, v132                           // 00000000CF18: 4B0B081B
	v_lshlrev_b32_e32 v134, 13, v133                           // 00000000CF1C: 310D0A8D
	v_add_nc_u32_e32 v134, s37, v134                           // 00000000CF20: 4B0D0C25
	v_lshl_add_u32 v134, v3, 1, v134                           // 00000000CF24: D6460086 06190303
	v_add_nc_u32_e32 v134, 0x60, v134                          // 00000000CF2C: 4B0D0CFF 00000060
	global_store_b16 v134, v131, s[14:15]                      // 00000000CF34: DC660000 000E8386
	v_lshrrev_b32_e32 v130, 16, v89                            // 00000000CF3C: 3304B290
	v_and_b32_e32 v130, 1, v130                                // 00000000CF40: 37050481
	v_add_nc_u32_e32 v131, 0x7fff, v89                         // 00000000CF44: 4B06B2FF 00007FFF
	v_add_nc_u32_e32 v131, v130, v131                          // 00000000CF4C: 4B070782
	v_lshrrev_b32_e32 v131, 16, v131                           // 00000000CF50: 33070690
	v_add_nc_u32_e32 v132, 2, v6                               // 00000000CF54: 4B080C82
	v_add_nc_u32_e32 v133, s27, v132                           // 00000000CF58: 4B0B081B
	v_lshlrev_b32_e32 v134, 13, v133                           // 00000000CF5C: 310D0A8D
	v_add_nc_u32_e32 v134, s37, v134                           // 00000000CF60: 4B0D0C25
	v_lshl_add_u32 v134, v3, 1, v134                           // 00000000CF64: D6460086 06190303
	v_add_nc_u32_e32 v134, 0x60, v134                          // 00000000CF6C: 4B0D0CFF 00000060
	global_store_b16 v134, v131, s[14:15]                      // 00000000CF74: DC660000 000E8386
	v_lshrrev_b32_e32 v130, 16, v90                            // 00000000CF7C: 3304B490
	v_and_b32_e32 v130, 1, v130                                // 00000000CF80: 37050481
	v_add_nc_u32_e32 v131, 0x7fff, v90                         // 00000000CF84: 4B06B4FF 00007FFF
	v_add_nc_u32_e32 v131, v130, v131                          // 00000000CF8C: 4B070782
	v_lshrrev_b32_e32 v131, 16, v131                           // 00000000CF90: 33070690
	v_add_nc_u32_e32 v132, 4, v6                               // 00000000CF94: 4B080C84
	v_add_nc_u32_e32 v133, s27, v132                           // 00000000CF98: 4B0B081B
	v_lshlrev_b32_e32 v134, 13, v133                           // 00000000CF9C: 310D0A8D
	v_add_nc_u32_e32 v134, s37, v134                           // 00000000CFA0: 4B0D0C25
	v_lshl_add_u32 v134, v3, 1, v134                           // 00000000CFA4: D6460086 06190303
	v_add_nc_u32_e32 v134, 0x60, v134                          // 00000000CFAC: 4B0D0CFF 00000060
	global_store_b16 v134, v131, s[14:15]                      // 00000000CFB4: DC660000 000E8386
	v_lshrrev_b32_e32 v130, 16, v91                            // 00000000CFBC: 3304B690
	v_and_b32_e32 v130, 1, v130                                // 00000000CFC0: 37050481
	v_add_nc_u32_e32 v131, 0x7fff, v91                         // 00000000CFC4: 4B06B6FF 00007FFF
	v_add_nc_u32_e32 v131, v130, v131                          // 00000000CFCC: 4B070782
	v_lshrrev_b32_e32 v131, 16, v131                           // 00000000CFD0: 33070690
	v_add_nc_u32_e32 v132, 6, v6                               // 00000000CFD4: 4B080C86
	v_add_nc_u32_e32 v133, s27, v132                           // 00000000CFD8: 4B0B081B
	v_lshlrev_b32_e32 v134, 13, v133                           // 00000000CFDC: 310D0A8D
	v_add_nc_u32_e32 v134, s37, v134                           // 00000000CFE0: 4B0D0C25
	v_lshl_add_u32 v134, v3, 1, v134                           // 00000000CFE4: D6460086 06190303
	v_add_nc_u32_e32 v134, 0x60, v134                          // 00000000CFEC: 4B0D0CFF 00000060
	global_store_b16 v134, v131, s[14:15]                      // 00000000CFF4: DC660000 000E8386
	v_lshrrev_b32_e32 v130, 16, v92                            // 00000000CFFC: 3304B890
	v_and_b32_e32 v130, 1, v130                                // 00000000D000: 37050481
	v_add_nc_u32_e32 v131, 0x7fff, v92                         // 00000000D004: 4B06B8FF 00007FFF
	v_add_nc_u32_e32 v131, v130, v131                          // 00000000D00C: 4B070782
	v_lshrrev_b32_e32 v131, 16, v131                           // 00000000D010: 33070690
	v_add_nc_u32_e32 v132, 8, v6                               // 00000000D014: 4B080C88
	v_add_nc_u32_e32 v133, s27, v132                           // 00000000D018: 4B0B081B
	v_lshlrev_b32_e32 v134, 13, v133                           // 00000000D01C: 310D0A8D
	v_add_nc_u32_e32 v134, s37, v134                           // 00000000D020: 4B0D0C25
	v_lshl_add_u32 v134, v3, 1, v134                           // 00000000D024: D6460086 06190303
	v_add_nc_u32_e32 v134, 0x60, v134                          // 00000000D02C: 4B0D0CFF 00000060
	global_store_b16 v134, v131, s[14:15]                      // 00000000D034: DC660000 000E8386
	v_lshrrev_b32_e32 v130, 16, v93                            // 00000000D03C: 3304BA90
	v_and_b32_e32 v130, 1, v130                                // 00000000D040: 37050481
	v_add_nc_u32_e32 v131, 0x7fff, v93                         // 00000000D044: 4B06BAFF 00007FFF
	v_add_nc_u32_e32 v131, v130, v131                          // 00000000D04C: 4B070782
	v_lshrrev_b32_e32 v131, 16, v131                           // 00000000D050: 33070690
	v_add_nc_u32_e32 v132, 10, v6                              // 00000000D054: 4B080C8A
	v_add_nc_u32_e32 v133, s27, v132                           // 00000000D058: 4B0B081B
	v_lshlrev_b32_e32 v134, 13, v133                           // 00000000D05C: 310D0A8D
	v_add_nc_u32_e32 v134, s37, v134                           // 00000000D060: 4B0D0C25
	v_lshl_add_u32 v134, v3, 1, v134                           // 00000000D064: D6460086 06190303
	v_add_nc_u32_e32 v134, 0x60, v134                          // 00000000D06C: 4B0D0CFF 00000060
	global_store_b16 v134, v131, s[14:15]                      // 00000000D074: DC660000 000E8386
	v_lshrrev_b32_e32 v130, 16, v94                            // 00000000D07C: 3304BC90
	v_and_b32_e32 v130, 1, v130                                // 00000000D080: 37050481
	v_add_nc_u32_e32 v131, 0x7fff, v94                         // 00000000D084: 4B06BCFF 00007FFF
	v_add_nc_u32_e32 v131, v130, v131                          // 00000000D08C: 4B070782
	v_lshrrev_b32_e32 v131, 16, v131                           // 00000000D090: 33070690
	v_add_nc_u32_e32 v132, 12, v6                              // 00000000D094: 4B080C8C
	v_add_nc_u32_e32 v133, s27, v132                           // 00000000D098: 4B0B081B
	v_lshlrev_b32_e32 v134, 13, v133                           // 00000000D09C: 310D0A8D
	v_add_nc_u32_e32 v134, s37, v134                           // 00000000D0A0: 4B0D0C25
	v_lshl_add_u32 v134, v3, 1, v134                           // 00000000D0A4: D6460086 06190303
	v_add_nc_u32_e32 v134, 0x60, v134                          // 00000000D0AC: 4B0D0CFF 00000060
	global_store_b16 v134, v131, s[14:15]                      // 00000000D0B4: DC660000 000E8386
	v_lshrrev_b32_e32 v130, 16, v95                            // 00000000D0BC: 3304BE90
	v_and_b32_e32 v130, 1, v130                                // 00000000D0C0: 37050481
	v_add_nc_u32_e32 v131, 0x7fff, v95                         // 00000000D0C4: 4B06BEFF 00007FFF
	v_add_nc_u32_e32 v131, v130, v131                          // 00000000D0CC: 4B070782
	v_lshrrev_b32_e32 v131, 16, v131                           // 00000000D0D0: 33070690
	v_add_nc_u32_e32 v132, 14, v6                              // 00000000D0D4: 4B080C8E
	v_add_nc_u32_e32 v133, s27, v132                           // 00000000D0D8: 4B0B081B
	v_lshlrev_b32_e32 v134, 13, v133                           // 00000000D0DC: 310D0A8D
	v_add_nc_u32_e32 v134, s37, v134                           // 00000000D0E0: 4B0D0C25
	v_lshl_add_u32 v134, v3, 1, v134                           // 00000000D0E4: D6460086 06190303
	v_add_nc_u32_e32 v134, 0x60, v134                          // 00000000D0EC: 4B0D0CFF 00000060
	global_store_b16 v134, v131, s[14:15]                      // 00000000D0F4: DC660000 000E8386
	v_lshrrev_b32_e32 v130, 16, v96                            // 00000000D0FC: 3304C090
	v_and_b32_e32 v130, 1, v130                                // 00000000D100: 37050481
	v_add_nc_u32_e32 v131, 0x7fff, v96                         // 00000000D104: 4B06C0FF 00007FFF
	v_add_nc_u32_e32 v131, v130, v131                          // 00000000D10C: 4B070782
	v_lshrrev_b32_e32 v131, 16, v131                           // 00000000D110: 33070690
	v_add_nc_u32_e32 v132, 32, v6                              // 00000000D114: 4B080CA0
	v_add_nc_u32_e32 v133, s27, v132                           // 00000000D118: 4B0B081B
	v_lshlrev_b32_e32 v134, 13, v133                           // 00000000D11C: 310D0A8D
	v_add_nc_u32_e32 v134, s37, v134                           // 00000000D120: 4B0D0C25
	v_lshl_add_u32 v134, v3, 1, v134                           // 00000000D124: D6460086 06190303
	v_add_nc_u32_e32 v134, 0, v134                             // 00000000D12C: 4B0D0C80
	global_store_b16 v134, v131, s[14:15]                      // 00000000D130: DC660000 000E8386
	v_lshrrev_b32_e32 v130, 16, v97                            // 00000000D138: 3304C290
	v_and_b32_e32 v130, 1, v130                                // 00000000D13C: 37050481
	v_add_nc_u32_e32 v131, 0x7fff, v97                         // 00000000D140: 4B06C2FF 00007FFF
	v_add_nc_u32_e32 v131, v130, v131                          // 00000000D148: 4B070782
	v_lshrrev_b32_e32 v131, 16, v131                           // 00000000D14C: 33070690
	v_add_nc_u32_e32 v132, 34, v6                              // 00000000D150: 4B080CA2
	v_add_nc_u32_e32 v133, s27, v132                           // 00000000D154: 4B0B081B
	v_lshlrev_b32_e32 v134, 13, v133                           // 00000000D158: 310D0A8D
	v_add_nc_u32_e32 v134, s37, v134                           // 00000000D15C: 4B0D0C25
	v_lshl_add_u32 v134, v3, 1, v134                           // 00000000D160: D6460086 06190303
	v_add_nc_u32_e32 v134, 0, v134                             // 00000000D168: 4B0D0C80
	global_store_b16 v134, v131, s[14:15]                      // 00000000D16C: DC660000 000E8386
	v_lshrrev_b32_e32 v130, 16, v98                            // 00000000D174: 3304C490
	v_and_b32_e32 v130, 1, v130                                // 00000000D178: 37050481
	v_add_nc_u32_e32 v131, 0x7fff, v98                         // 00000000D17C: 4B06C4FF 00007FFF
	v_add_nc_u32_e32 v131, v130, v131                          // 00000000D184: 4B070782
	v_lshrrev_b32_e32 v131, 16, v131                           // 00000000D188: 33070690
	v_add_nc_u32_e32 v132, 36, v6                              // 00000000D18C: 4B080CA4
	v_add_nc_u32_e32 v133, s27, v132                           // 00000000D190: 4B0B081B
	v_lshlrev_b32_e32 v134, 13, v133                           // 00000000D194: 310D0A8D
	v_add_nc_u32_e32 v134, s37, v134                           // 00000000D198: 4B0D0C25
	v_lshl_add_u32 v134, v3, 1, v134                           // 00000000D19C: D6460086 06190303
	v_add_nc_u32_e32 v134, 0, v134                             // 00000000D1A4: 4B0D0C80
	global_store_b16 v134, v131, s[14:15]                      // 00000000D1A8: DC660000 000E8386
	v_lshrrev_b32_e32 v130, 16, v99                            // 00000000D1B0: 3304C690
	v_and_b32_e32 v130, 1, v130                                // 00000000D1B4: 37050481
	v_add_nc_u32_e32 v131, 0x7fff, v99                         // 00000000D1B8: 4B06C6FF 00007FFF
	v_add_nc_u32_e32 v131, v130, v131                          // 00000000D1C0: 4B070782
	v_lshrrev_b32_e32 v131, 16, v131                           // 00000000D1C4: 33070690
	v_add_nc_u32_e32 v132, 38, v6                              // 00000000D1C8: 4B080CA6
	v_add_nc_u32_e32 v133, s27, v132                           // 00000000D1CC: 4B0B081B
	v_lshlrev_b32_e32 v134, 13, v133                           // 00000000D1D0: 310D0A8D
	v_add_nc_u32_e32 v134, s37, v134                           // 00000000D1D4: 4B0D0C25
	v_lshl_add_u32 v134, v3, 1, v134                           // 00000000D1D8: D6460086 06190303
	v_add_nc_u32_e32 v134, 0, v134                             // 00000000D1E0: 4B0D0C80
	global_store_b16 v134, v131, s[14:15]                      // 00000000D1E4: DC660000 000E8386
	v_lshrrev_b32_e32 v130, 16, v100                           // 00000000D1EC: 3304C890
	v_and_b32_e32 v130, 1, v130                                // 00000000D1F0: 37050481
	v_add_nc_u32_e32 v131, 0x7fff, v100                        // 00000000D1F4: 4B06C8FF 00007FFF
	v_add_nc_u32_e32 v131, v130, v131                          // 00000000D1FC: 4B070782
	v_lshrrev_b32_e32 v131, 16, v131                           // 00000000D200: 33070690
	v_add_nc_u32_e32 v132, 40, v6                              // 00000000D204: 4B080CA8
	v_add_nc_u32_e32 v133, s27, v132                           // 00000000D208: 4B0B081B
	v_lshlrev_b32_e32 v134, 13, v133                           // 00000000D20C: 310D0A8D
	v_add_nc_u32_e32 v134, s37, v134                           // 00000000D210: 4B0D0C25
	v_lshl_add_u32 v134, v3, 1, v134                           // 00000000D214: D6460086 06190303
	v_add_nc_u32_e32 v134, 0, v134                             // 00000000D21C: 4B0D0C80
	global_store_b16 v134, v131, s[14:15]                      // 00000000D220: DC660000 000E8386
	v_lshrrev_b32_e32 v130, 16, v101                           // 00000000D228: 3304CA90
	v_and_b32_e32 v130, 1, v130                                // 00000000D22C: 37050481
	v_add_nc_u32_e32 v131, 0x7fff, v101                        // 00000000D230: 4B06CAFF 00007FFF
	v_add_nc_u32_e32 v131, v130, v131                          // 00000000D238: 4B070782
	v_lshrrev_b32_e32 v131, 16, v131                           // 00000000D23C: 33070690
	v_add_nc_u32_e32 v132, 42, v6                              // 00000000D240: 4B080CAA
	v_add_nc_u32_e32 v133, s27, v132                           // 00000000D244: 4B0B081B
	v_lshlrev_b32_e32 v134, 13, v133                           // 00000000D248: 310D0A8D
	v_add_nc_u32_e32 v134, s37, v134                           // 00000000D24C: 4B0D0C25
	v_lshl_add_u32 v134, v3, 1, v134                           // 00000000D250: D6460086 06190303
	v_add_nc_u32_e32 v134, 0, v134                             // 00000000D258: 4B0D0C80
	global_store_b16 v134, v131, s[14:15]                      // 00000000D25C: DC660000 000E8386
	v_lshrrev_b32_e32 v130, 16, v102                           // 00000000D264: 3304CC90
	v_and_b32_e32 v130, 1, v130                                // 00000000D268: 37050481
	v_add_nc_u32_e32 v131, 0x7fff, v102                        // 00000000D26C: 4B06CCFF 00007FFF
	v_add_nc_u32_e32 v131, v130, v131                          // 00000000D274: 4B070782
	v_lshrrev_b32_e32 v131, 16, v131                           // 00000000D278: 33070690
	v_add_nc_u32_e32 v132, 44, v6                              // 00000000D27C: 4B080CAC
	v_add_nc_u32_e32 v133, s27, v132                           // 00000000D280: 4B0B081B
	v_lshlrev_b32_e32 v134, 13, v133                           // 00000000D284: 310D0A8D
	v_add_nc_u32_e32 v134, s37, v134                           // 00000000D288: 4B0D0C25
	v_lshl_add_u32 v134, v3, 1, v134                           // 00000000D28C: D6460086 06190303
	v_add_nc_u32_e32 v134, 0, v134                             // 00000000D294: 4B0D0C80
	global_store_b16 v134, v131, s[14:15]                      // 00000000D298: DC660000 000E8386
	v_lshrrev_b32_e32 v130, 16, v103                           // 00000000D2A0: 3304CE90
	v_and_b32_e32 v130, 1, v130                                // 00000000D2A4: 37050481
	v_add_nc_u32_e32 v131, 0x7fff, v103                        // 00000000D2A8: 4B06CEFF 00007FFF
	v_add_nc_u32_e32 v131, v130, v131                          // 00000000D2B0: 4B070782
	v_lshrrev_b32_e32 v131, 16, v131                           // 00000000D2B4: 33070690
	v_add_nc_u32_e32 v132, 46, v6                              // 00000000D2B8: 4B080CAE
	v_add_nc_u32_e32 v133, s27, v132                           // 00000000D2BC: 4B0B081B
	v_lshlrev_b32_e32 v134, 13, v133                           // 00000000D2C0: 310D0A8D
	v_add_nc_u32_e32 v134, s37, v134                           // 00000000D2C4: 4B0D0C25
	v_lshl_add_u32 v134, v3, 1, v134                           // 00000000D2C8: D6460086 06190303
	v_add_nc_u32_e32 v134, 0, v134                             // 00000000D2D0: 4B0D0C80
	global_store_b16 v134, v131, s[14:15]                      // 00000000D2D4: DC660000 000E8386
	v_lshrrev_b32_e32 v130, 16, v104                           // 00000000D2DC: 3304D090
	v_and_b32_e32 v130, 1, v130                                // 00000000D2E0: 37050481
	v_add_nc_u32_e32 v131, 0x7fff, v104                        // 00000000D2E4: 4B06D0FF 00007FFF
	v_add_nc_u32_e32 v131, v130, v131                          // 00000000D2EC: 4B070782
	v_lshrrev_b32_e32 v131, 16, v131                           // 00000000D2F0: 33070690
	v_add_nc_u32_e32 v132, 32, v6                              // 00000000D2F4: 4B080CA0
	v_add_nc_u32_e32 v133, s27, v132                           // 00000000D2F8: 4B0B081B
	v_lshlrev_b32_e32 v134, 13, v133                           // 00000000D2FC: 310D0A8D
	v_add_nc_u32_e32 v134, s37, v134                           // 00000000D300: 4B0D0C25
	v_lshl_add_u32 v134, v3, 1, v134                           // 00000000D304: D6460086 06190303
	v_add_nc_u32_e32 v134, 32, v134                            // 00000000D30C: 4B0D0CA0
	global_store_b16 v134, v131, s[14:15]                      // 00000000D310: DC660000 000E8386
	v_lshrrev_b32_e32 v130, 16, v105                           // 00000000D318: 3304D290
	v_and_b32_e32 v130, 1, v130                                // 00000000D31C: 37050481
	v_add_nc_u32_e32 v131, 0x7fff, v105                        // 00000000D320: 4B06D2FF 00007FFF
	v_add_nc_u32_e32 v131, v130, v131                          // 00000000D328: 4B070782
	v_lshrrev_b32_e32 v131, 16, v131                           // 00000000D32C: 33070690
	v_add_nc_u32_e32 v132, 34, v6                              // 00000000D330: 4B080CA2
	v_add_nc_u32_e32 v133, s27, v132                           // 00000000D334: 4B0B081B
	v_lshlrev_b32_e32 v134, 13, v133                           // 00000000D338: 310D0A8D
	v_add_nc_u32_e32 v134, s37, v134                           // 00000000D33C: 4B0D0C25
	v_lshl_add_u32 v134, v3, 1, v134                           // 00000000D340: D6460086 06190303
	v_add_nc_u32_e32 v134, 32, v134                            // 00000000D348: 4B0D0CA0
	global_store_b16 v134, v131, s[14:15]                      // 00000000D34C: DC660000 000E8386
	v_lshrrev_b32_e32 v130, 16, v106                           // 00000000D354: 3304D490
	v_and_b32_e32 v130, 1, v130                                // 00000000D358: 37050481
	v_add_nc_u32_e32 v131, 0x7fff, v106                        // 00000000D35C: 4B06D4FF 00007FFF
	v_add_nc_u32_e32 v131, v130, v131                          // 00000000D364: 4B070782
	v_lshrrev_b32_e32 v131, 16, v131                           // 00000000D368: 33070690
	v_add_nc_u32_e32 v132, 36, v6                              // 00000000D36C: 4B080CA4
	v_add_nc_u32_e32 v133, s27, v132                           // 00000000D370: 4B0B081B
	v_lshlrev_b32_e32 v134, 13, v133                           // 00000000D374: 310D0A8D
	v_add_nc_u32_e32 v134, s37, v134                           // 00000000D378: 4B0D0C25
	v_lshl_add_u32 v134, v3, 1, v134                           // 00000000D37C: D6460086 06190303
	v_add_nc_u32_e32 v134, 32, v134                            // 00000000D384: 4B0D0CA0
	global_store_b16 v134, v131, s[14:15]                      // 00000000D388: DC660000 000E8386
	v_lshrrev_b32_e32 v130, 16, v107                           // 00000000D390: 3304D690
	v_and_b32_e32 v130, 1, v130                                // 00000000D394: 37050481
	v_add_nc_u32_e32 v131, 0x7fff, v107                        // 00000000D398: 4B06D6FF 00007FFF
	v_add_nc_u32_e32 v131, v130, v131                          // 00000000D3A0: 4B070782
	v_lshrrev_b32_e32 v131, 16, v131                           // 00000000D3A4: 33070690
	v_add_nc_u32_e32 v132, 38, v6                              // 00000000D3A8: 4B080CA6
	v_add_nc_u32_e32 v133, s27, v132                           // 00000000D3AC: 4B0B081B
	v_lshlrev_b32_e32 v134, 13, v133                           // 00000000D3B0: 310D0A8D
	v_add_nc_u32_e32 v134, s37, v134                           // 00000000D3B4: 4B0D0C25
	v_lshl_add_u32 v134, v3, 1, v134                           // 00000000D3B8: D6460086 06190303
	v_add_nc_u32_e32 v134, 32, v134                            // 00000000D3C0: 4B0D0CA0
	global_store_b16 v134, v131, s[14:15]                      // 00000000D3C4: DC660000 000E8386
	v_lshrrev_b32_e32 v130, 16, v108                           // 00000000D3CC: 3304D890
	v_and_b32_e32 v130, 1, v130                                // 00000000D3D0: 37050481
	v_add_nc_u32_e32 v131, 0x7fff, v108                        // 00000000D3D4: 4B06D8FF 00007FFF
	v_add_nc_u32_e32 v131, v130, v131                          // 00000000D3DC: 4B070782
	v_lshrrev_b32_e32 v131, 16, v131                           // 00000000D3E0: 33070690
	v_add_nc_u32_e32 v132, 40, v6                              // 00000000D3E4: 4B080CA8
	v_add_nc_u32_e32 v133, s27, v132                           // 00000000D3E8: 4B0B081B
	v_lshlrev_b32_e32 v134, 13, v133                           // 00000000D3EC: 310D0A8D
	v_add_nc_u32_e32 v134, s37, v134                           // 00000000D3F0: 4B0D0C25
	v_lshl_add_u32 v134, v3, 1, v134                           // 00000000D3F4: D6460086 06190303
	v_add_nc_u32_e32 v134, 32, v134                            // 00000000D3FC: 4B0D0CA0
	global_store_b16 v134, v131, s[14:15]                      // 00000000D400: DC660000 000E8386
	v_lshrrev_b32_e32 v130, 16, v109                           // 00000000D408: 3304DA90
	v_and_b32_e32 v130, 1, v130                                // 00000000D40C: 37050481
	v_add_nc_u32_e32 v131, 0x7fff, v109                        // 00000000D410: 4B06DAFF 00007FFF
	v_add_nc_u32_e32 v131, v130, v131                          // 00000000D418: 4B070782
	v_lshrrev_b32_e32 v131, 16, v131                           // 00000000D41C: 33070690
	v_add_nc_u32_e32 v132, 42, v6                              // 00000000D420: 4B080CAA
	v_add_nc_u32_e32 v133, s27, v132                           // 00000000D424: 4B0B081B
	v_lshlrev_b32_e32 v134, 13, v133                           // 00000000D428: 310D0A8D
	v_add_nc_u32_e32 v134, s37, v134                           // 00000000D42C: 4B0D0C25
	v_lshl_add_u32 v134, v3, 1, v134                           // 00000000D430: D6460086 06190303
	v_add_nc_u32_e32 v134, 32, v134                            // 00000000D438: 4B0D0CA0
	global_store_b16 v134, v131, s[14:15]                      // 00000000D43C: DC660000 000E8386
	v_lshrrev_b32_e32 v130, 16, v110                           // 00000000D444: 3304DC90
	v_and_b32_e32 v130, 1, v130                                // 00000000D448: 37050481
	v_add_nc_u32_e32 v131, 0x7fff, v110                        // 00000000D44C: 4B06DCFF 00007FFF
	v_add_nc_u32_e32 v131, v130, v131                          // 00000000D454: 4B070782
	v_lshrrev_b32_e32 v131, 16, v131                           // 00000000D458: 33070690
	v_add_nc_u32_e32 v132, 44, v6                              // 00000000D45C: 4B080CAC
	v_add_nc_u32_e32 v133, s27, v132                           // 00000000D460: 4B0B081B
	v_lshlrev_b32_e32 v134, 13, v133                           // 00000000D464: 310D0A8D
	v_add_nc_u32_e32 v134, s37, v134                           // 00000000D468: 4B0D0C25
	v_lshl_add_u32 v134, v3, 1, v134                           // 00000000D46C: D6460086 06190303
	v_add_nc_u32_e32 v134, 32, v134                            // 00000000D474: 4B0D0CA0
	global_store_b16 v134, v131, s[14:15]                      // 00000000D478: DC660000 000E8386
	v_lshrrev_b32_e32 v130, 16, v111                           // 00000000D480: 3304DE90
	v_and_b32_e32 v130, 1, v130                                // 00000000D484: 37050481
	v_add_nc_u32_e32 v131, 0x7fff, v111                        // 00000000D488: 4B06DEFF 00007FFF
	v_add_nc_u32_e32 v131, v130, v131                          // 00000000D490: 4B070782
	v_lshrrev_b32_e32 v131, 16, v131                           // 00000000D494: 33070690
	v_add_nc_u32_e32 v132, 46, v6                              // 00000000D498: 4B080CAE
	v_add_nc_u32_e32 v133, s27, v132                           // 00000000D49C: 4B0B081B
	v_lshlrev_b32_e32 v134, 13, v133                           // 00000000D4A0: 310D0A8D
	v_add_nc_u32_e32 v134, s37, v134                           // 00000000D4A4: 4B0D0C25
	v_lshl_add_u32 v134, v3, 1, v134                           // 00000000D4A8: D6460086 06190303
	v_add_nc_u32_e32 v134, 32, v134                            // 00000000D4B0: 4B0D0CA0
	global_store_b16 v134, v131, s[14:15]                      // 00000000D4B4: DC660000 000E8386
	v_lshrrev_b32_e32 v130, 16, v112                           // 00000000D4BC: 3304E090
	v_and_b32_e32 v130, 1, v130                                // 00000000D4C0: 37050481
	v_add_nc_u32_e32 v131, 0x7fff, v112                        // 00000000D4C4: 4B06E0FF 00007FFF
	v_add_nc_u32_e32 v131, v130, v131                          // 00000000D4CC: 4B070782
	v_lshrrev_b32_e32 v131, 16, v131                           // 00000000D4D0: 33070690
	v_add_nc_u32_e32 v132, 32, v6                              // 00000000D4D4: 4B080CA0
	v_add_nc_u32_e32 v133, s27, v132                           // 00000000D4D8: 4B0B081B
	v_lshlrev_b32_e32 v134, 13, v133                           // 00000000D4DC: 310D0A8D
	v_add_nc_u32_e32 v134, s37, v134                           // 00000000D4E0: 4B0D0C25
	v_lshl_add_u32 v134, v3, 1, v134                           // 00000000D4E4: D6460086 06190303
	v_add_nc_u32_e32 v134, 64, v134                            // 00000000D4EC: 4B0D0CC0
	global_store_b16 v134, v131, s[14:15]                      // 00000000D4F0: DC660000 000E8386
	v_lshrrev_b32_e32 v130, 16, v113                           // 00000000D4F8: 3304E290
	v_and_b32_e32 v130, 1, v130                                // 00000000D4FC: 37050481
	v_add_nc_u32_e32 v131, 0x7fff, v113                        // 00000000D500: 4B06E2FF 00007FFF
	v_add_nc_u32_e32 v131, v130, v131                          // 00000000D508: 4B070782
	v_lshrrev_b32_e32 v131, 16, v131                           // 00000000D50C: 33070690
	v_add_nc_u32_e32 v132, 34, v6                              // 00000000D510: 4B080CA2
	v_add_nc_u32_e32 v133, s27, v132                           // 00000000D514: 4B0B081B
	v_lshlrev_b32_e32 v134, 13, v133                           // 00000000D518: 310D0A8D
	v_add_nc_u32_e32 v134, s37, v134                           // 00000000D51C: 4B0D0C25
	v_lshl_add_u32 v134, v3, 1, v134                           // 00000000D520: D6460086 06190303
	v_add_nc_u32_e32 v134, 64, v134                            // 00000000D528: 4B0D0CC0
	global_store_b16 v134, v131, s[14:15]                      // 00000000D52C: DC660000 000E8386
	v_lshrrev_b32_e32 v130, 16, v114                           // 00000000D534: 3304E490
	v_and_b32_e32 v130, 1, v130                                // 00000000D538: 37050481
	v_add_nc_u32_e32 v131, 0x7fff, v114                        // 00000000D53C: 4B06E4FF 00007FFF
	v_add_nc_u32_e32 v131, v130, v131                          // 00000000D544: 4B070782
	v_lshrrev_b32_e32 v131, 16, v131                           // 00000000D548: 33070690
	v_add_nc_u32_e32 v132, 36, v6                              // 00000000D54C: 4B080CA4
	v_add_nc_u32_e32 v133, s27, v132                           // 00000000D550: 4B0B081B
	v_lshlrev_b32_e32 v134, 13, v133                           // 00000000D554: 310D0A8D
	v_add_nc_u32_e32 v134, s37, v134                           // 00000000D558: 4B0D0C25
	v_lshl_add_u32 v134, v3, 1, v134                           // 00000000D55C: D6460086 06190303
	v_add_nc_u32_e32 v134, 64, v134                            // 00000000D564: 4B0D0CC0
	global_store_b16 v134, v131, s[14:15]                      // 00000000D568: DC660000 000E8386
	v_lshrrev_b32_e32 v130, 16, v115                           // 00000000D570: 3304E690
	v_and_b32_e32 v130, 1, v130                                // 00000000D574: 37050481
	v_add_nc_u32_e32 v131, 0x7fff, v115                        // 00000000D578: 4B06E6FF 00007FFF
	v_add_nc_u32_e32 v131, v130, v131                          // 00000000D580: 4B070782
	v_lshrrev_b32_e32 v131, 16, v131                           // 00000000D584: 33070690
	v_add_nc_u32_e32 v132, 38, v6                              // 00000000D588: 4B080CA6
	v_add_nc_u32_e32 v133, s27, v132                           // 00000000D58C: 4B0B081B
	v_lshlrev_b32_e32 v134, 13, v133                           // 00000000D590: 310D0A8D
	v_add_nc_u32_e32 v134, s37, v134                           // 00000000D594: 4B0D0C25
	v_lshl_add_u32 v134, v3, 1, v134                           // 00000000D598: D6460086 06190303
	v_add_nc_u32_e32 v134, 64, v134                            // 00000000D5A0: 4B0D0CC0
	global_store_b16 v134, v131, s[14:15]                      // 00000000D5A4: DC660000 000E8386
	v_lshrrev_b32_e32 v130, 16, v116                           // 00000000D5AC: 3304E890
	v_and_b32_e32 v130, 1, v130                                // 00000000D5B0: 37050481
	v_add_nc_u32_e32 v131, 0x7fff, v116                        // 00000000D5B4: 4B06E8FF 00007FFF
	v_add_nc_u32_e32 v131, v130, v131                          // 00000000D5BC: 4B070782
	v_lshrrev_b32_e32 v131, 16, v131                           // 00000000D5C0: 33070690
	v_add_nc_u32_e32 v132, 40, v6                              // 00000000D5C4: 4B080CA8
	v_add_nc_u32_e32 v133, s27, v132                           // 00000000D5C8: 4B0B081B
	v_lshlrev_b32_e32 v134, 13, v133                           // 00000000D5CC: 310D0A8D
	v_add_nc_u32_e32 v134, s37, v134                           // 00000000D5D0: 4B0D0C25
	v_lshl_add_u32 v134, v3, 1, v134                           // 00000000D5D4: D6460086 06190303
	v_add_nc_u32_e32 v134, 64, v134                            // 00000000D5DC: 4B0D0CC0
	global_store_b16 v134, v131, s[14:15]                      // 00000000D5E0: DC660000 000E8386
	v_lshrrev_b32_e32 v130, 16, v117                           // 00000000D5E8: 3304EA90
	v_and_b32_e32 v130, 1, v130                                // 00000000D5EC: 37050481
	v_add_nc_u32_e32 v131, 0x7fff, v117                        // 00000000D5F0: 4B06EAFF 00007FFF
	v_add_nc_u32_e32 v131, v130, v131                          // 00000000D5F8: 4B070782
	v_lshrrev_b32_e32 v131, 16, v131                           // 00000000D5FC: 33070690
	v_add_nc_u32_e32 v132, 42, v6                              // 00000000D600: 4B080CAA
	v_add_nc_u32_e32 v133, s27, v132                           // 00000000D604: 4B0B081B
	v_lshlrev_b32_e32 v134, 13, v133                           // 00000000D608: 310D0A8D
	v_add_nc_u32_e32 v134, s37, v134                           // 00000000D60C: 4B0D0C25
	v_lshl_add_u32 v134, v3, 1, v134                           // 00000000D610: D6460086 06190303
	v_add_nc_u32_e32 v134, 64, v134                            // 00000000D618: 4B0D0CC0
	global_store_b16 v134, v131, s[14:15]                      // 00000000D61C: DC660000 000E8386
	v_lshrrev_b32_e32 v130, 16, v118                           // 00000000D624: 3304EC90
	v_and_b32_e32 v130, 1, v130                                // 00000000D628: 37050481
	v_add_nc_u32_e32 v131, 0x7fff, v118                        // 00000000D62C: 4B06ECFF 00007FFF
	v_add_nc_u32_e32 v131, v130, v131                          // 00000000D634: 4B070782
	v_lshrrev_b32_e32 v131, 16, v131                           // 00000000D638: 33070690
	v_add_nc_u32_e32 v132, 44, v6                              // 00000000D63C: 4B080CAC
	v_add_nc_u32_e32 v133, s27, v132                           // 00000000D640: 4B0B081B
	v_lshlrev_b32_e32 v134, 13, v133                           // 00000000D644: 310D0A8D
	v_add_nc_u32_e32 v134, s37, v134                           // 00000000D648: 4B0D0C25
	v_lshl_add_u32 v134, v3, 1, v134                           // 00000000D64C: D6460086 06190303
	v_add_nc_u32_e32 v134, 64, v134                            // 00000000D654: 4B0D0CC0
	global_store_b16 v134, v131, s[14:15]                      // 00000000D658: DC660000 000E8386
	v_lshrrev_b32_e32 v130, 16, v119                           // 00000000D660: 3304EE90
	v_and_b32_e32 v130, 1, v130                                // 00000000D664: 37050481
	v_add_nc_u32_e32 v131, 0x7fff, v119                        // 00000000D668: 4B06EEFF 00007FFF
	v_add_nc_u32_e32 v131, v130, v131                          // 00000000D670: 4B070782
	v_lshrrev_b32_e32 v131, 16, v131                           // 00000000D674: 33070690
	v_add_nc_u32_e32 v132, 46, v6                              // 00000000D678: 4B080CAE
	v_add_nc_u32_e32 v133, s27, v132                           // 00000000D67C: 4B0B081B
	v_lshlrev_b32_e32 v134, 13, v133                           // 00000000D680: 310D0A8D
	v_add_nc_u32_e32 v134, s37, v134                           // 00000000D684: 4B0D0C25
	v_lshl_add_u32 v134, v3, 1, v134                           // 00000000D688: D6460086 06190303
	v_add_nc_u32_e32 v134, 64, v134                            // 00000000D690: 4B0D0CC0
	global_store_b16 v134, v131, s[14:15]                      // 00000000D694: DC660000 000E8386
	v_lshrrev_b32_e32 v130, 16, v120                           // 00000000D69C: 3304F090
	v_and_b32_e32 v130, 1, v130                                // 00000000D6A0: 37050481
	v_add_nc_u32_e32 v131, 0x7fff, v120                        // 00000000D6A4: 4B06F0FF 00007FFF
	v_add_nc_u32_e32 v131, v130, v131                          // 00000000D6AC: 4B070782
	v_lshrrev_b32_e32 v131, 16, v131                           // 00000000D6B0: 33070690
	v_add_nc_u32_e32 v132, 32, v6                              // 00000000D6B4: 4B080CA0
	v_add_nc_u32_e32 v133, s27, v132                           // 00000000D6B8: 4B0B081B
	v_lshlrev_b32_e32 v134, 13, v133                           // 00000000D6BC: 310D0A8D
	v_add_nc_u32_e32 v134, s37, v134                           // 00000000D6C0: 4B0D0C25
	v_lshl_add_u32 v134, v3, 1, v134                           // 00000000D6C4: D6460086 06190303
	v_add_nc_u32_e32 v134, 0x60, v134                          // 00000000D6CC: 4B0D0CFF 00000060
	global_store_b16 v134, v131, s[14:15]                      // 00000000D6D4: DC660000 000E8386
	v_lshrrev_b32_e32 v130, 16, v121                           // 00000000D6DC: 3304F290
	v_and_b32_e32 v130, 1, v130                                // 00000000D6E0: 37050481
	v_add_nc_u32_e32 v131, 0x7fff, v121                        // 00000000D6E4: 4B06F2FF 00007FFF
	v_add_nc_u32_e32 v131, v130, v131                          // 00000000D6EC: 4B070782
	v_lshrrev_b32_e32 v131, 16, v131                           // 00000000D6F0: 33070690
	v_add_nc_u32_e32 v132, 34, v6                              // 00000000D6F4: 4B080CA2
	v_add_nc_u32_e32 v133, s27, v132                           // 00000000D6F8: 4B0B081B
	v_lshlrev_b32_e32 v134, 13, v133                           // 00000000D6FC: 310D0A8D
	v_add_nc_u32_e32 v134, s37, v134                           // 00000000D700: 4B0D0C25
	v_lshl_add_u32 v134, v3, 1, v134                           // 00000000D704: D6460086 06190303
	v_add_nc_u32_e32 v134, 0x60, v134                          // 00000000D70C: 4B0D0CFF 00000060
	global_store_b16 v134, v131, s[14:15]                      // 00000000D714: DC660000 000E8386
	v_lshrrev_b32_e32 v130, 16, v122                           // 00000000D71C: 3304F490
	v_and_b32_e32 v130, 1, v130                                // 00000000D720: 37050481
	v_add_nc_u32_e32 v131, 0x7fff, v122                        // 00000000D724: 4B06F4FF 00007FFF
	v_add_nc_u32_e32 v131, v130, v131                          // 00000000D72C: 4B070782
	v_lshrrev_b32_e32 v131, 16, v131                           // 00000000D730: 33070690
	v_add_nc_u32_e32 v132, 36, v6                              // 00000000D734: 4B080CA4
	v_add_nc_u32_e32 v133, s27, v132                           // 00000000D738: 4B0B081B
	v_lshlrev_b32_e32 v134, 13, v133                           // 00000000D73C: 310D0A8D
	v_add_nc_u32_e32 v134, s37, v134                           // 00000000D740: 4B0D0C25
	v_lshl_add_u32 v134, v3, 1, v134                           // 00000000D744: D6460086 06190303
	v_add_nc_u32_e32 v134, 0x60, v134                          // 00000000D74C: 4B0D0CFF 00000060
	global_store_b16 v134, v131, s[14:15]                      // 00000000D754: DC660000 000E8386
	v_lshrrev_b32_e32 v130, 16, v123                           // 00000000D75C: 3304F690
	v_and_b32_e32 v130, 1, v130                                // 00000000D760: 37050481
	v_add_nc_u32_e32 v131, 0x7fff, v123                        // 00000000D764: 4B06F6FF 00007FFF
	v_add_nc_u32_e32 v131, v130, v131                          // 00000000D76C: 4B070782
	v_lshrrev_b32_e32 v131, 16, v131                           // 00000000D770: 33070690
	v_add_nc_u32_e32 v132, 38, v6                              // 00000000D774: 4B080CA6
	v_add_nc_u32_e32 v133, s27, v132                           // 00000000D778: 4B0B081B
	v_lshlrev_b32_e32 v134, 13, v133                           // 00000000D77C: 310D0A8D
	v_add_nc_u32_e32 v134, s37, v134                           // 00000000D780: 4B0D0C25
	v_lshl_add_u32 v134, v3, 1, v134                           // 00000000D784: D6460086 06190303
	v_add_nc_u32_e32 v134, 0x60, v134                          // 00000000D78C: 4B0D0CFF 00000060
	global_store_b16 v134, v131, s[14:15]                      // 00000000D794: DC660000 000E8386
	v_lshrrev_b32_e32 v130, 16, v124                           // 00000000D79C: 3304F890
	v_and_b32_e32 v130, 1, v130                                // 00000000D7A0: 37050481
	v_add_nc_u32_e32 v131, 0x7fff, v124                        // 00000000D7A4: 4B06F8FF 00007FFF
	v_add_nc_u32_e32 v131, v130, v131                          // 00000000D7AC: 4B070782
	v_lshrrev_b32_e32 v131, 16, v131                           // 00000000D7B0: 33070690
	v_add_nc_u32_e32 v132, 40, v6                              // 00000000D7B4: 4B080CA8
	v_add_nc_u32_e32 v133, s27, v132                           // 00000000D7B8: 4B0B081B
	v_lshlrev_b32_e32 v134, 13, v133                           // 00000000D7BC: 310D0A8D
	v_add_nc_u32_e32 v134, s37, v134                           // 00000000D7C0: 4B0D0C25
	v_lshl_add_u32 v134, v3, 1, v134                           // 00000000D7C4: D6460086 06190303
	v_add_nc_u32_e32 v134, 0x60, v134                          // 00000000D7CC: 4B0D0CFF 00000060
	global_store_b16 v134, v131, s[14:15]                      // 00000000D7D4: DC660000 000E8386
	v_lshrrev_b32_e32 v130, 16, v125                           // 00000000D7DC: 3304FA90
	v_and_b32_e32 v130, 1, v130                                // 00000000D7E0: 37050481
	v_add_nc_u32_e32 v131, 0x7fff, v125                        // 00000000D7E4: 4B06FAFF 00007FFF
	v_add_nc_u32_e32 v131, v130, v131                          // 00000000D7EC: 4B070782
	v_lshrrev_b32_e32 v131, 16, v131                           // 00000000D7F0: 33070690
	v_add_nc_u32_e32 v132, 42, v6                              // 00000000D7F4: 4B080CAA
	v_add_nc_u32_e32 v133, s27, v132                           // 00000000D7F8: 4B0B081B
	v_lshlrev_b32_e32 v134, 13, v133                           // 00000000D7FC: 310D0A8D
	v_add_nc_u32_e32 v134, s37, v134                           // 00000000D800: 4B0D0C25
	v_lshl_add_u32 v134, v3, 1, v134                           // 00000000D804: D6460086 06190303
	v_add_nc_u32_e32 v134, 0x60, v134                          // 00000000D80C: 4B0D0CFF 00000060
	global_store_b16 v134, v131, s[14:15]                      // 00000000D814: DC660000 000E8386
	v_lshrrev_b32_e32 v130, 16, v126                           // 00000000D81C: 3304FC90
	v_and_b32_e32 v130, 1, v130                                // 00000000D820: 37050481
	v_add_nc_u32_e32 v131, 0x7fff, v126                        // 00000000D824: 4B06FCFF 00007FFF
	v_add_nc_u32_e32 v131, v130, v131                          // 00000000D82C: 4B070782
	v_lshrrev_b32_e32 v131, 16, v131                           // 00000000D830: 33070690
	v_add_nc_u32_e32 v132, 44, v6                              // 00000000D834: 4B080CAC
	v_add_nc_u32_e32 v133, s27, v132                           // 00000000D838: 4B0B081B
	v_lshlrev_b32_e32 v134, 13, v133                           // 00000000D83C: 310D0A8D
	v_add_nc_u32_e32 v134, s37, v134                           // 00000000D840: 4B0D0C25
	v_lshl_add_u32 v134, v3, 1, v134                           // 00000000D844: D6460086 06190303
	v_add_nc_u32_e32 v134, 0x60, v134                          // 00000000D84C: 4B0D0CFF 00000060
	global_store_b16 v134, v131, s[14:15]                      // 00000000D854: DC660000 000E8386
	v_lshrrev_b32_e32 v130, 16, v127                           // 00000000D85C: 3304FE90
	v_and_b32_e32 v130, 1, v130                                // 00000000D860: 37050481
	v_add_nc_u32_e32 v131, 0x7fff, v127                        // 00000000D864: 4B06FEFF 00007FFF
	v_add_nc_u32_e32 v131, v130, v131                          // 00000000D86C: 4B070782
	v_lshrrev_b32_e32 v131, 16, v131                           // 00000000D870: 33070690
	v_add_nc_u32_e32 v132, 46, v6                              // 00000000D874: 4B080CAE
	v_add_nc_u32_e32 v133, s27, v132                           // 00000000D878: 4B0B081B
	v_lshlrev_b32_e32 v134, 13, v133                           // 00000000D87C: 310D0A8D
	v_add_nc_u32_e32 v134, s37, v134                           // 00000000D880: 4B0D0C25
	v_lshl_add_u32 v134, v3, 1, v134                           // 00000000D884: D6460086 06190303
	v_add_nc_u32_e32 v134, 0x60, v134                          // 00000000D88C: 4B0D0CFF 00000060
	global_store_b16 v134, v131, s[14:15]                      // 00000000D894: DC660000 000E8386
	s_barrier                                                  // 00000000D89C: BFBD0000
	s_endpgm                                                   // 00000000D8A0: BFB00000
