
build/experiments/attention-n64-split-kv/extend_attention_wmma_n64_split_kv_gfx1151.hsaco:	file format elf64-amdgpu

Disassembly of section .text:

0000000000001900 <extend_attention_wmma_n64_split_kv_gfx1151>:
	s_clause 0x3                                               // 000000001900: BF850003
	s_load_b128 s[4:7], s[0:1], null                           // 000000001904: F4080100 F8000000
	s_load_b128 s[8:11], s[0:1], 0x10                          // 00000000190C: F4080200 F8000010
	s_load_b128 s[12:15], s[0:1], 0x20                         // 000000001914: F4080300 F8000020
	s_load_b128 s[16:19], s[0:1], 0x30                         // 00000000191C: F4080400 F8000030
	s_load_b64 s[20:21], s[0:1], 0x40                          // 000000001924: F4040500 F8000040
	s_waitcnt lgkmcnt(0)                                       // 00000000192C: BF89FC07
	s_load_b32 s22, s[18:19], 0x4                              // 000000001930: F4000589 F8000004
	s_waitcnt lgkmcnt(0)                                       // 000000001938: BF89FC07
	s_mov_b32 s18, s20                                         // 00000000193C: BE920014
	s_mov_b32 s19, s22                                         // 000000001940: BE930016
	s_mov_b32 s20, s21                                         // 000000001944: BE940015
	s_lshl_b32 s21, s2, 6                                      // 000000001948: 84158602
	s_cmp_ge_u32 s21, s18                                      // 00000000194C: BF091215
	s_cbranch_scc1 9749                                        // 000000001950: BFA22615 <extend_attention_wmma_n64_split_kv_gfx1151+0x98a8>
	s_lshr_b32 s23, s3, 3                                      // 000000001954: 85178303
	s_lshl_b32 s24, s3, 9                                      // 000000001958: 84188903
	s_lshl_b32 s25, s23, 9                                     // 00000000195C: 84198917
	s_add_u32 s26, s21, 64                                     // 000000001960: 801AC015
	s_min_u32 s26, s26, s18                                    // 000000001964: 899A121A
	s_add_u32 s27, s19, s26                                    // 000000001968: 801B1A13
	s_mov_b32 s28, 0                                           // 00000000196C: BE9C0080
	v_and_b32_e32 v1, 31, v0                                   // 000000001970: 3602009F
	v_lshrrev_b32_e32 v2, 5, v0                                // 000000001974: 32040085
	v_and_b32_e32 v3, 15, v0                                   // 000000001978: 3606008F
	v_lshrrev_b32_e32 v4, 4, v0                                // 00000000197C: 32080084
	v_and_b32_e32 v4, 1, v4                                    // 000000001980: 36080881
	v_readfirstlane_b32 s29, v2                                // 000000001984: 7E3A0502
	v_lshlrev_b32_e32 v229, 4, v1                              // 000000001988: 31CA0284
	v_lshlrev_b32_e32 v231, 4, v2                              // 00000000198C: 31CE0484
	v_add_nc_u32_e32 v231, s21, v231                           // 000000001990: 4BCFCE15
	v_add_nc_u32_e32 v231, v231, v3                            // 000000001994: 4BCE07E7
	v_lshlrev_b32_e32 v240, 13, v231                           // 000000001998: 31E1CE8D
	v_add_nc_u32_e32 v240, s24, v240                           // 00000000199C: 4BE1E018
	v_lshl_add_u32 v240, v4, 4, v240                           // 0000000019A0: D64600F0 07C10904
	v_lshlrev_b32_e32 v5, 13, v2                               // 0000000019A8: 300A048D
	v_lshl_add_u32 v5, v3, 9, v5                               // 0000000019AC: D6460005 04151303
	v_lshl_add_u32 v5, v4, 4, v5                               // 0000000019B4: D6460005 04150904
	global_load_b128 v[225:228], v240, s[4:5]                  // 0000000019BC: DC5E0000 E10400F0
	s_waitcnt vmcnt(0)                                         // 0000000019C4: BF8903F7
	ds_store_b128 v5, v[225:228]                               // 0000000019C8: DB7C0000 0000E105
	global_load_b128 v[225:228], v240, s[4:5] offset:32        // 0000000019D0: DC5E0020 E10400F0
	s_waitcnt vmcnt(0)                                         // 0000000019D8: BF8903F7
	ds_store_b128 v5, v[225:228] offset:32                     // 0000000019DC: DB7C0020 0000E105
	global_load_b128 v[225:228], v240, s[4:5] offset:64        // 0000000019E4: DC5E0040 E10400F0
	s_waitcnt vmcnt(0)                                         // 0000000019EC: BF8903F7
	ds_store_b128 v5, v[225:228] offset:64                     // 0000000019F0: DB7C0040 0000E105
	global_load_b128 v[225:228], v240, s[4:5] offset:96        // 0000000019F8: DC5E0060 E10400F0
	s_waitcnt vmcnt(0)                                         // 000000001A00: BF8903F7
	ds_store_b128 v5, v[225:228] offset:96                     // 000000001A04: DB7C0060 0000E105
	global_load_b128 v[225:228], v240, s[4:5] offset:128       // 000000001A0C: DC5E0080 E10400F0
	s_waitcnt vmcnt(0)                                         // 000000001A14: BF8903F7
	ds_store_b128 v5, v[225:228] offset:128                    // 000000001A18: DB7C0080 0000E105
	global_load_b128 v[225:228], v240, s[4:5] offset:160       // 000000001A20: DC5E00A0 E10400F0
	s_waitcnt vmcnt(0)                                         // 000000001A28: BF8903F7
	ds_store_b128 v5, v[225:228] offset:160                    // 000000001A2C: DB7C00A0 0000E105
	global_load_b128 v[225:228], v240, s[4:5] offset:192       // 000000001A34: DC5E00C0 E10400F0
	s_waitcnt vmcnt(0)                                         // 000000001A3C: BF8903F7
	ds_store_b128 v5, v[225:228] offset:192                    // 000000001A40: DB7C00C0 0000E105
	global_load_b128 v[225:228], v240, s[4:5] offset:224       // 000000001A48: DC5E00E0 E10400F0
	s_waitcnt vmcnt(0)                                         // 000000001A50: BF8903F7
	ds_store_b128 v5, v[225:228] offset:224                    // 000000001A54: DB7C00E0 0000E105
	global_load_b128 v[225:228], v240, s[4:5] offset:256       // 000000001A5C: DC5E0100 E10400F0
	s_waitcnt vmcnt(0)                                         // 000000001A64: BF8903F7
	ds_store_b128 v5, v[225:228] offset:256                    // 000000001A68: DB7C0100 0000E105
	global_load_b128 v[225:228], v240, s[4:5] offset:288       // 000000001A70: DC5E0120 E10400F0
	s_waitcnt vmcnt(0)                                         // 000000001A78: BF8903F7
	ds_store_b128 v5, v[225:228] offset:288                    // 000000001A7C: DB7C0120 0000E105
	global_load_b128 v[225:228], v240, s[4:5] offset:320       // 000000001A84: DC5E0140 E10400F0
	s_waitcnt vmcnt(0)                                         // 000000001A8C: BF8903F7
	ds_store_b128 v5, v[225:228] offset:320                    // 000000001A90: DB7C0140 0000E105
	global_load_b128 v[225:228], v240, s[4:5] offset:352       // 000000001A98: DC5E0160 E10400F0
	s_waitcnt vmcnt(0)                                         // 000000001AA0: BF8903F7
	ds_store_b128 v5, v[225:228] offset:352                    // 000000001AA4: DB7C0160 0000E105
	global_load_b128 v[225:228], v240, s[4:5] offset:384       // 000000001AAC: DC5E0180 E10400F0
	s_waitcnt vmcnt(0)                                         // 000000001AB4: BF8903F7
	ds_store_b128 v5, v[225:228] offset:384                    // 000000001AB8: DB7C0180 0000E105
	global_load_b128 v[225:228], v240, s[4:5] offset:416       // 000000001AC0: DC5E01A0 E10400F0
	s_waitcnt vmcnt(0)                                         // 000000001AC8: BF8903F7
	ds_store_b128 v5, v[225:228] offset:416                    // 000000001ACC: DB7C01A0 0000E105
	global_load_b128 v[225:228], v240, s[4:5] offset:448       // 000000001AD4: DC5E01C0 E10400F0
	s_waitcnt vmcnt(0)                                         // 000000001ADC: BF8903F7
	ds_store_b128 v5, v[225:228] offset:448                    // 000000001AE0: DB7C01C0 0000E105
	global_load_b128 v[225:228], v240, s[4:5] offset:480       // 000000001AE8: DC5E01E0 E10400F0
	s_waitcnt vmcnt(0)                                         // 000000001AF0: BF8903F7
	ds_store_b128 v5, v[225:228] offset:480                    // 000000001AF4: DB7C01E0 0000E105
	s_waitcnt lgkmcnt(0)                                       // 000000001AFC: BF89FC07
	s_barrier                                                  // 000000001B00: BFBD0000
	v_lshlrev_b32_e32 v6, 4, v2                                // 000000001B04: 300C0484
	v_add_nc_u32_e32 v6, s21, v6                               // 000000001B08: 4A0C0C15
	v_add_nc_u32_e32 v6, v6, v4                                // 000000001B0C: 4A0C0906
	v_lshlrev_b32_e32 v231, 11, v2                             // 000000001B10: 31CE048B
	v_lshl_add_u32 v232, v4, 7, v231                           // 000000001B14: D64600E8 079D0F04
	v_lshl_add_u32 v232, v3, 1, v232                           // 000000001B1C: D64600E8 07A10303
	v_add_nc_u32_e32 v232, 0xc000, v232                        // 000000001B24: 4BD1D0FF 0000C000
	v_lshl_add_u32 v233, v3, 7, v231                           // 000000001B2C: D64600E9 079D0F03
	v_lshl_add_u32 v233, v4, 4, v233                           // 000000001B34: D64600E9 07A50904
	v_add_nc_u32_e32 v233, 0xc000, v233                        // 000000001B3C: 4BD3D2FF 0000C000
	v_mov_b32_e32 v32, 0xff800000                              // 000000001B44: 7E4002FF FF800000
	v_mov_b32_e32 v33, v32                                     // 000000001B4C: 7E420320
	v_mov_b32_e32 v34, v32                                     // 000000001B50: 7E440320
	v_mov_b32_e32 v35, v32                                     // 000000001B54: 7E460320
	v_mov_b32_e32 v36, v32                                     // 000000001B58: 7E480320
	v_mov_b32_e32 v37, v32                                     // 000000001B5C: 7E4A0320
	v_mov_b32_e32 v38, v32                                     // 000000001B60: 7E4C0320
	v_mov_b32_e32 v39, v32                                     // 000000001B64: 7E4E0320
	v_dual_mov_b32 v40, 0 :: v_dual_mov_b32 v41, 0             // 000000001B68: CA100080 28280080
	v_dual_mov_b32 v42, 0 :: v_dual_mov_b32 v43, 0             // 000000001B70: CA100080 2A2A0080
	v_dual_mov_b32 v44, 0 :: v_dual_mov_b32 v45, 0             // 000000001B78: CA100080 2C2C0080
	v_dual_mov_b32 v46, 0 :: v_dual_mov_b32 v47, 0             // 000000001B80: CA100080 2E2E0080
	v_dual_mov_b32 v64, 0 :: v_dual_mov_b32 v65, 0             // 000000001B88: CA100080 40400080
	v_dual_mov_b32 v66, 0 :: v_dual_mov_b32 v67, 0             // 000000001B90: CA100080 42420080
	v_dual_mov_b32 v68, 0 :: v_dual_mov_b32 v69, 0             // 000000001B98: CA100080 44440080
	v_dual_mov_b32 v70, 0 :: v_dual_mov_b32 v71, 0             // 000000001BA0: CA100080 46460080
	v_dual_mov_b32 v72, 0 :: v_dual_mov_b32 v73, 0             // 000000001BA8: CA100080 48480080
	v_dual_mov_b32 v74, 0 :: v_dual_mov_b32 v75, 0             // 000000001BB0: CA100080 4A4A0080
	v_dual_mov_b32 v76, 0 :: v_dual_mov_b32 v77, 0             // 000000001BB8: CA100080 4C4C0080
	v_dual_mov_b32 v78, 0 :: v_dual_mov_b32 v79, 0             // 000000001BC0: CA100080 4E4E0080
	v_dual_mov_b32 v80, 0 :: v_dual_mov_b32 v81, 0             // 000000001BC8: CA100080 50500080
	v_dual_mov_b32 v82, 0 :: v_dual_mov_b32 v83, 0             // 000000001BD0: CA100080 52520080
	v_dual_mov_b32 v84, 0 :: v_dual_mov_b32 v85, 0             // 000000001BD8: CA100080 54540080
	v_dual_mov_b32 v86, 0 :: v_dual_mov_b32 v87, 0             // 000000001BE0: CA100080 56560080
	v_dual_mov_b32 v88, 0 :: v_dual_mov_b32 v89, 0             // 000000001BE8: CA100080 58580080
	v_dual_mov_b32 v90, 0 :: v_dual_mov_b32 v91, 0             // 000000001BF0: CA100080 5A5A0080
	v_dual_mov_b32 v92, 0 :: v_dual_mov_b32 v93, 0             // 000000001BF8: CA100080 5C5C0080
	v_dual_mov_b32 v94, 0 :: v_dual_mov_b32 v95, 0             // 000000001C00: CA100080 5E5E0080
	v_dual_mov_b32 v96, 0 :: v_dual_mov_b32 v97, 0             // 000000001C08: CA100080 60600080
	v_dual_mov_b32 v98, 0 :: v_dual_mov_b32 v99, 0             // 000000001C10: CA100080 62620080
	v_dual_mov_b32 v100, 0 :: v_dual_mov_b32 v101, 0           // 000000001C18: CA100080 64640080
	v_dual_mov_b32 v102, 0 :: v_dual_mov_b32 v103, 0           // 000000001C20: CA100080 66660080
	v_dual_mov_b32 v104, 0 :: v_dual_mov_b32 v105, 0           // 000000001C28: CA100080 68680080
	v_dual_mov_b32 v106, 0 :: v_dual_mov_b32 v107, 0           // 000000001C30: CA100080 6A6A0080
	v_dual_mov_b32 v108, 0 :: v_dual_mov_b32 v109, 0           // 000000001C38: CA100080 6C6C0080
	v_dual_mov_b32 v110, 0 :: v_dual_mov_b32 v111, 0           // 000000001C40: CA100080 6E6E0080
	v_dual_mov_b32 v112, 0 :: v_dual_mov_b32 v113, 0           // 000000001C48: CA100080 70700080
	v_dual_mov_b32 v114, 0 :: v_dual_mov_b32 v115, 0           // 000000001C50: CA100080 72720080
	v_dual_mov_b32 v116, 0 :: v_dual_mov_b32 v117, 0           // 000000001C58: CA100080 74740080
	v_dual_mov_b32 v118, 0 :: v_dual_mov_b32 v119, 0           // 000000001C60: CA100080 76760080
	v_dual_mov_b32 v120, 0 :: v_dual_mov_b32 v121, 0           // 000000001C68: CA100080 78780080
	v_dual_mov_b32 v122, 0 :: v_dual_mov_b32 v123, 0           // 000000001C70: CA100080 7A7A0080
	v_dual_mov_b32 v124, 0 :: v_dual_mov_b32 v125, 0           // 000000001C78: CA100080 7C7C0080
	v_dual_mov_b32 v126, 0 :: v_dual_mov_b32 v127, 0           // 000000001C80: CA100080 7E7E0080
	v_dual_mov_b32 v128, 0 :: v_dual_mov_b32 v129, 0           // 000000001C88: CA100080 80800080
	v_dual_mov_b32 v130, 0 :: v_dual_mov_b32 v131, 0           // 000000001C90: CA100080 82820080
	v_dual_mov_b32 v132, 0 :: v_dual_mov_b32 v133, 0           // 000000001C98: CA100080 84840080
	v_dual_mov_b32 v134, 0 :: v_dual_mov_b32 v135, 0           // 000000001CA0: CA100080 86860080
	v_dual_mov_b32 v136, 0 :: v_dual_mov_b32 v137, 0           // 000000001CA8: CA100080 88880080
	v_dual_mov_b32 v138, 0 :: v_dual_mov_b32 v139, 0           // 000000001CB0: CA100080 8A8A0080
	v_dual_mov_b32 v140, 0 :: v_dual_mov_b32 v141, 0           // 000000001CB8: CA100080 8C8C0080
	v_dual_mov_b32 v142, 0 :: v_dual_mov_b32 v143, 0           // 000000001CC0: CA100080 8E8E0080
	v_dual_mov_b32 v144, 0 :: v_dual_mov_b32 v145, 0           // 000000001CC8: CA100080 90900080
	v_dual_mov_b32 v146, 0 :: v_dual_mov_b32 v147, 0           // 000000001CD0: CA100080 92920080
	v_dual_mov_b32 v148, 0 :: v_dual_mov_b32 v149, 0           // 000000001CD8: CA100080 94940080
	v_dual_mov_b32 v150, 0 :: v_dual_mov_b32 v151, 0           // 000000001CE0: CA100080 96960080
	v_dual_mov_b32 v152, 0 :: v_dual_mov_b32 v153, 0           // 000000001CE8: CA100080 98980080
	v_dual_mov_b32 v154, 0 :: v_dual_mov_b32 v155, 0           // 000000001CF0: CA100080 9A9A0080
	v_dual_mov_b32 v156, 0 :: v_dual_mov_b32 v157, 0           // 000000001CF8: CA100080 9C9C0080
	v_dual_mov_b32 v158, 0 :: v_dual_mov_b32 v159, 0           // 000000001D00: CA100080 9E9E0080
	v_dual_mov_b32 v160, 0 :: v_dual_mov_b32 v161, 0           // 000000001D08: CA100080 A0A00080
	v_dual_mov_b32 v162, 0 :: v_dual_mov_b32 v163, 0           // 000000001D10: CA100080 A2A20080
	v_dual_mov_b32 v164, 0 :: v_dual_mov_b32 v165, 0           // 000000001D18: CA100080 A4A40080
	v_dual_mov_b32 v166, 0 :: v_dual_mov_b32 v167, 0           // 000000001D20: CA100080 A6A60080
	v_dual_mov_b32 v168, 0 :: v_dual_mov_b32 v169, 0           // 000000001D28: CA100080 A8A80080
	v_dual_mov_b32 v170, 0 :: v_dual_mov_b32 v171, 0           // 000000001D30: CA100080 AAAA0080
	v_dual_mov_b32 v172, 0 :: v_dual_mov_b32 v173, 0           // 000000001D38: CA100080 ACAC0080
	v_dual_mov_b32 v174, 0 :: v_dual_mov_b32 v175, 0           // 000000001D40: CA100080 AEAE0080
	v_dual_mov_b32 v176, 0 :: v_dual_mov_b32 v177, 0           // 000000001D48: CA100080 B0B00080
	v_dual_mov_b32 v178, 0 :: v_dual_mov_b32 v179, 0           // 000000001D50: CA100080 B2B20080
	v_dual_mov_b32 v180, 0 :: v_dual_mov_b32 v181, 0           // 000000001D58: CA100080 B4B40080
	v_dual_mov_b32 v182, 0 :: v_dual_mov_b32 v183, 0           // 000000001D60: CA100080 B6B60080
	v_dual_mov_b32 v184, 0 :: v_dual_mov_b32 v185, 0           // 000000001D68: CA100080 B8B80080
	v_dual_mov_b32 v186, 0 :: v_dual_mov_b32 v187, 0           // 000000001D70: CA100080 BABA0080
	v_dual_mov_b32 v188, 0 :: v_dual_mov_b32 v189, 0           // 000000001D78: CA100080 BCBC0080
	v_dual_mov_b32 v190, 0 :: v_dual_mov_b32 v191, 0           // 000000001D80: CA100080 BEBE0080
	s_barrier                                                  // 000000001D88: BFBD0000
	v_dual_mov_b32 v24, 0 :: v_dual_mov_b32 v25, 0             // 000000001D8C: CA100080 18180080
	v_dual_mov_b32 v26, 0 :: v_dual_mov_b32 v27, 0             // 000000001D94: CA100080 1A1A0080
	v_dual_mov_b32 v28, 0 :: v_dual_mov_b32 v29, 0             // 000000001D9C: CA100080 1C1C0080
	v_dual_mov_b32 v30, 0 :: v_dual_mov_b32 v31, 0             // 000000001DA4: CA100080 1E1E0080
	v_dual_mov_b32 v192, 0 :: v_dual_mov_b32 v193, 0           // 000000001DAC: CA100080 C0C00080
	v_dual_mov_b32 v194, 0 :: v_dual_mov_b32 v195, 0           // 000000001DB4: CA100080 C2C20080
	v_dual_mov_b32 v196, 0 :: v_dual_mov_b32 v197, 0           // 000000001DBC: CA100080 C4C40080
	v_dual_mov_b32 v198, 0 :: v_dual_mov_b32 v199, 0           // 000000001DC4: CA100080 C6C60080
	v_dual_mov_b32 v200, 0 :: v_dual_mov_b32 v201, 0           // 000000001DCC: CA100080 C8C80080
	v_dual_mov_b32 v202, 0 :: v_dual_mov_b32 v203, 0           // 000000001DD4: CA100080 CACA0080
	v_dual_mov_b32 v204, 0 :: v_dual_mov_b32 v205, 0           // 000000001DDC: CA100080 CCCC0080
	v_dual_mov_b32 v206, 0 :: v_dual_mov_b32 v207, 0           // 000000001DE4: CA100080 CECE0080
	v_dual_mov_b32 v208, 0 :: v_dual_mov_b32 v209, 0           // 000000001DEC: CA100080 D0D00080
	v_dual_mov_b32 v210, 0 :: v_dual_mov_b32 v211, 0           // 000000001DF4: CA100080 D2D20080
	v_dual_mov_b32 v212, 0 :: v_dual_mov_b32 v213, 0           // 000000001DFC: CA100080 D4D40080
	v_dual_mov_b32 v214, 0 :: v_dual_mov_b32 v215, 0           // 000000001E04: CA100080 D6D60080
	s_cmp_lt_u32 s28, s19                                      // 000000001E0C: BF0A131C
	s_cbranch_scc0 158                                         // 000000001E10: BFA1009E <extend_attention_wmma_n64_split_kv_gfx1151+0x78c>
	s_add_u32 s30, s28, s29                                    // 000000001E14: 801E1D1C
	s_add_u32 s30, s30, 0                                      // 000000001E18: 801E801E
	s_lshl_b32 s30, s30, 3                                     // 000000001E1C: 841E831E
	s_load_b64 s[44:45], s[16:17], s30                         // 000000001E20: F4040B08 3C000000
	s_load_b64 s[46:47], s[16:17], s30 offset:0x20             // 000000001E28: F4040B88 3C000020
	s_load_b64 s[48:49], s[16:17], s30 offset:0x40             // 000000001E30: F4040C08 3C000040
	s_load_b64 s[50:51], s[16:17], s30 offset:0x60             // 000000001E38: F4040C88 3C000060
	s_load_b64 s[52:53], s[16:17], s30 offset:0x80             // 000000001E40: F4040D08 3C000080
	s_load_b64 s[54:55], s[16:17], s30 offset:0xa0             // 000000001E48: F4040D88 3C0000A0
	s_load_b64 s[56:57], s[16:17], s30 offset:0xc0             // 000000001E50: F4040E08 3C0000C0
	s_load_b64 s[58:59], s[16:17], s30 offset:0xe0             // 000000001E58: F4040E88 3C0000E0
	s_waitcnt lgkmcnt(0)                                       // 000000001E60: BF89FC07
	s_lshl_b32 s38, s44, 10                                    // 000000001E64: 84268A2C
	s_add_u32 s38, s38, s25                                    // 000000001E68: 80261926
	s_add_u32 s32, s12, s38                                    // 000000001E6C: 8020260C
	s_addc_u32 s33, s13, 0                                     // 000000001E70: 8221800D
	global_load_b128 v[8:11], v229, s[32:33]                   // 000000001E74: DC5E0000 082000E5
	s_lshl_b32 s38, s46, 10                                    // 000000001E7C: 84268A2E
	s_add_u32 s38, s38, s25                                    // 000000001E80: 80261926
	s_add_u32 s32, s12, s38                                    // 000000001E84: 8020260C
	s_addc_u32 s33, s13, 0                                     // 000000001E88: 8221800D
	global_load_b128 v[12:15], v229, s[32:33]                  // 000000001E8C: DC5E0000 0C2000E5
	s_lshl_b32 s38, s48, 10                                    // 000000001E94: 84268A30
	s_add_u32 s38, s38, s25                                    // 000000001E98: 80261926
	s_add_u32 s32, s12, s38                                    // 000000001E9C: 8020260C
	s_addc_u32 s33, s13, 0                                     // 000000001EA0: 8221800D
	global_load_b128 v[16:19], v229, s[32:33]                  // 000000001EA4: DC5E0000 102000E5
	s_lshl_b32 s38, s50, 10                                    // 000000001EAC: 84268A32
	s_add_u32 s38, s38, s25                                    // 000000001EB0: 80261926
	s_add_u32 s32, s12, s38                                    // 000000001EB4: 8020260C
	s_addc_u32 s33, s13, 0                                     // 000000001EB8: 8221800D
	global_load_b128 v[20:23], v229, s[32:33]                  // 000000001EBC: DC5E0000 142000E5
	s_lshl_b32 s38, s52, 10                                    // 000000001EC4: 84268A34
	s_add_u32 s38, s38, s25                                    // 000000001EC8: 80261926
	s_add_u32 s32, s12, s38                                    // 000000001ECC: 8020260C
	s_addc_u32 s33, s13, 0                                     // 000000001ED0: 8221800D
	global_load_b128 v[231:234], v229, s[32:33]                // 000000001ED4: DC5E0000 E72000E5
	s_lshl_b32 s38, s54, 10                                    // 000000001EDC: 84268A36
	s_add_u32 s38, s38, s25                                    // 000000001EE0: 80261926
	s_add_u32 s32, s12, s38                                    // 000000001EE4: 8020260C
	s_addc_u32 s33, s13, 0                                     // 000000001EE8: 8221800D
	global_load_b128 v[235:238], v229, s[32:33]                // 000000001EEC: DC5E0000 EB2000E5
	s_lshl_b32 s38, s56, 10                                    // 000000001EF4: 84268A38
	s_add_u32 s38, s38, s25                                    // 000000001EF8: 80261926
	s_add_u32 s32, s12, s38                                    // 000000001EFC: 8020260C
	s_addc_u32 s33, s13, 0                                     // 000000001F00: 8221800D
	global_load_b128 v[239:242], v229, s[32:33]                // 000000001F04: DC5E0000 EF2000E5
	s_lshl_b32 s38, s58, 10                                    // 000000001F0C: 84268A3A
	s_add_u32 s38, s38, s25                                    // 000000001F10: 80261926
	s_add_u32 s32, s12, s38                                    // 000000001F14: 8020260C
	s_addc_u32 s33, s13, 0                                     // 000000001F18: 8221800D
	global_load_b128 v[243:246], v229, s[32:33]                // 000000001F1C: DC5E0000 F32000E5
	s_waitcnt vmcnt(0)                                         // 000000001F24: BF8903F7
	s_add_u32 s39, s29, 0                                      // 000000001F28: 8027801D
	s_lshl_b32 s39, s39, 9                                     // 000000001F2C: 84278927
	v_add_nc_u32_e32 v230, s39, v229                           // 000000001F30: 4BCDCA27
	v_add_nc_u32_e32 v230, 0x8000, v230                        // 000000001F34: 4BCDCCFF 00008000
	s_lshr_b32 s41, s39, 9                                     // 000000001F3C: 85298927
	s_and_b32 s41, s41, 7                                      // 000000001F40: 8B298729
	s_lshl_b32 s41, s41, 4                                     // 000000001F44: 84298429
	v_xor_b32_e32 v230, s41, v230                              // 000000001F48: 3BCDCC29
	ds_store_b128 v230, v[8:11]                                // 000000001F4C: DB7C0000 000008E6
	s_add_u32 s39, s29, 4                                      // 000000001F54: 8027841D
	s_lshl_b32 s39, s39, 9                                     // 000000001F58: 84278927
	v_add_nc_u32_e32 v230, s39, v229                           // 000000001F5C: 4BCDCA27
	v_add_nc_u32_e32 v230, 0x8000, v230                        // 000000001F60: 4BCDCCFF 00008000
	s_lshr_b32 s41, s39, 9                                     // 000000001F68: 85298927
	s_and_b32 s41, s41, 7                                      // 000000001F6C: 8B298729
	s_lshl_b32 s41, s41, 4                                     // 000000001F70: 84298429
	v_xor_b32_e32 v230, s41, v230                              // 000000001F74: 3BCDCC29
	ds_store_b128 v230, v[12:15]                               // 000000001F78: DB7C0000 00000CE6
	s_add_u32 s39, s29, 8                                      // 000000001F80: 8027881D
	s_lshl_b32 s39, s39, 9                                     // 000000001F84: 84278927
	v_add_nc_u32_e32 v230, s39, v229                           // 000000001F88: 4BCDCA27
	v_add_nc_u32_e32 v230, 0x8000, v230                        // 000000001F8C: 4BCDCCFF 00008000
	s_lshr_b32 s41, s39, 9                                     // 000000001F94: 85298927
	s_and_b32 s41, s41, 7                                      // 000000001F98: 8B298729
	s_lshl_b32 s41, s41, 4                                     // 000000001F9C: 84298429
	v_xor_b32_e32 v230, s41, v230                              // 000000001FA0: 3BCDCC29
	ds_store_b128 v230, v[16:19]                               // 000000001FA4: DB7C0000 000010E6
	s_add_u32 s39, s29, 12                                     // 000000001FAC: 80278C1D
	s_lshl_b32 s39, s39, 9                                     // 000000001FB0: 84278927
	v_add_nc_u32_e32 v230, s39, v229                           // 000000001FB4: 4BCDCA27
	v_add_nc_u32_e32 v230, 0x8000, v230                        // 000000001FB8: 4BCDCCFF 00008000
	s_lshr_b32 s41, s39, 9                                     // 000000001FC0: 85298927
	s_and_b32 s41, s41, 7                                      // 000000001FC4: 8B298729
	s_lshl_b32 s41, s41, 4                                     // 000000001FC8: 84298429
	v_xor_b32_e32 v230, s41, v230                              // 000000001FCC: 3BCDCC29
	ds_store_b128 v230, v[20:23]                               // 000000001FD0: DB7C0000 000014E6
	s_add_u32 s39, s29, 16                                     // 000000001FD8: 8027901D
	s_lshl_b32 s39, s39, 9                                     // 000000001FDC: 84278927
	v_add_nc_u32_e32 v230, s39, v229                           // 000000001FE0: 4BCDCA27
	v_add_nc_u32_e32 v230, 0x8000, v230                        // 000000001FE4: 4BCDCCFF 00008000
	s_lshr_b32 s41, s39, 9                                     // 000000001FEC: 85298927
	s_and_b32 s41, s41, 7                                      // 000000001FF0: 8B298729
	s_lshl_b32 s41, s41, 4                                     // 000000001FF4: 84298429
	v_xor_b32_e32 v230, s41, v230                              // 000000001FF8: 3BCDCC29
	ds_store_b128 v230, v[231:234]                             // 000000001FFC: DB7C0000 0000E7E6
	s_add_u32 s39, s29, 20                                     // 000000002004: 8027941D
	s_lshl_b32 s39, s39, 9                                     // 000000002008: 84278927
	v_add_nc_u32_e32 v230, s39, v229                           // 00000000200C: 4BCDCA27
	v_add_nc_u32_e32 v230, 0x8000, v230                        // 000000002010: 4BCDCCFF 00008000
	s_lshr_b32 s41, s39, 9                                     // 000000002018: 85298927
	s_and_b32 s41, s41, 7                                      // 00000000201C: 8B298729
	s_lshl_b32 s41, s41, 4                                     // 000000002020: 84298429
	v_xor_b32_e32 v230, s41, v230                              // 000000002024: 3BCDCC29
	ds_store_b128 v230, v[235:238]                             // 000000002028: DB7C0000 0000EBE6
	s_add_u32 s39, s29, 24                                     // 000000002030: 8027981D
	s_lshl_b32 s39, s39, 9                                     // 000000002034: 84278927
	v_add_nc_u32_e32 v230, s39, v229                           // 000000002038: 4BCDCA27
	v_add_nc_u32_e32 v230, 0x8000, v230                        // 00000000203C: 4BCDCCFF 00008000
	s_lshr_b32 s41, s39, 9                                     // 000000002044: 85298927
	s_and_b32 s41, s41, 7                                      // 000000002048: 8B298729
	s_lshl_b32 s41, s41, 4                                     // 00000000204C: 84298429
	v_xor_b32_e32 v230, s41, v230                              // 000000002050: 3BCDCC29
	ds_store_b128 v230, v[239:242]                             // 000000002054: DB7C0000 0000EFE6
	s_add_u32 s39, s29, 28                                     // 00000000205C: 80279C1D
	s_lshl_b32 s39, s39, 9                                     // 000000002060: 84278927
	v_add_nc_u32_e32 v230, s39, v229                           // 000000002064: 4BCDCA27
	v_add_nc_u32_e32 v230, 0x8000, v230                        // 000000002068: 4BCDCCFF 00008000
	s_lshr_b32 s41, s39, 9                                     // 000000002070: 85298927
	s_and_b32 s41, s41, 7                                      // 000000002074: 8B298729
	s_lshl_b32 s41, s41, 4                                     // 000000002078: 84298429
	v_xor_b32_e32 v230, s41, v230                              // 00000000207C: 3BCDCC29
	ds_store_b128 v230, v[243:246]                             // 000000002080: DB7C0000 0000F3E6
	s_branch 161                                               // 000000002088: BFA000A1 <extend_attention_wmma_n64_split_kv_gfx1151+0xa10>
	s_add_u32 s38, s28, s29                                    // 00000000208C: 80261D1C
	s_add_u32 s38, s38, 0                                      // 000000002090: 80268026
	s_sub_u32 s38, s38, s19                                    // 000000002094: 80A61326
	s_lshl_b32 s38, s38, 10                                    // 000000002098: 84268A26
	s_add_u32 s38, s38, s25                                    // 00000000209C: 80261926
	s_add_u32 s32, s6, s38                                     // 0000000020A0: 80202606
	s_addc_u32 s33, s7, 0                                      // 0000000020A4: 82218007
	global_load_b128 v[8:11], v229, s[32:33]                   // 0000000020A8: DC5E0000 082000E5
	s_add_u32 s38, s28, s29                                    // 0000000020B0: 80261D1C
	s_add_u32 s38, s38, 4                                      // 0000000020B4: 80268426
	s_sub_u32 s38, s38, s19                                    // 0000000020B8: 80A61326
	s_lshl_b32 s38, s38, 10                                    // 0000000020BC: 84268A26
	s_add_u32 s38, s38, s25                                    // 0000000020C0: 80261926
	s_add_u32 s32, s6, s38                                     // 0000000020C4: 80202606
	s_addc_u32 s33, s7, 0                                      // 0000000020C8: 82218007
	global_load_b128 v[12:15], v229, s[32:33]                  // 0000000020CC: DC5E0000 0C2000E5
	s_add_u32 s38, s28, s29                                    // 0000000020D4: 80261D1C
	s_add_u32 s38, s38, 8                                      // 0000000020D8: 80268826
	s_sub_u32 s38, s38, s19                                    // 0000000020DC: 80A61326
	s_lshl_b32 s38, s38, 10                                    // 0000000020E0: 84268A26
	s_add_u32 s38, s38, s25                                    // 0000000020E4: 80261926
	s_add_u32 s32, s6, s38                                     // 0000000020E8: 80202606
	s_addc_u32 s33, s7, 0                                      // 0000000020EC: 82218007
	global_load_b128 v[16:19], v229, s[32:33]                  // 0000000020F0: DC5E0000 102000E5
	s_add_u32 s38, s28, s29                                    // 0000000020F8: 80261D1C
	s_add_u32 s38, s38, 12                                     // 0000000020FC: 80268C26
	s_sub_u32 s38, s38, s19                                    // 000000002100: 80A61326
	s_lshl_b32 s38, s38, 10                                    // 000000002104: 84268A26
	s_add_u32 s38, s38, s25                                    // 000000002108: 80261926
	s_add_u32 s32, s6, s38                                     // 00000000210C: 80202606
	s_addc_u32 s33, s7, 0                                      // 000000002110: 82218007
	global_load_b128 v[20:23], v229, s[32:33]                  // 000000002114: DC5E0000 142000E5
	s_add_u32 s38, s28, s29                                    // 00000000211C: 80261D1C
	s_add_u32 s38, s38, 16                                     // 000000002120: 80269026
	s_sub_u32 s38, s38, s19                                    // 000000002124: 80A61326
	s_lshl_b32 s38, s38, 10                                    // 000000002128: 84268A26
	s_add_u32 s38, s38, s25                                    // 00000000212C: 80261926
	s_add_u32 s32, s6, s38                                     // 000000002130: 80202606
	s_addc_u32 s33, s7, 0                                      // 000000002134: 82218007
	global_load_b128 v[231:234], v229, s[32:33]                // 000000002138: DC5E0000 E72000E5
	s_add_u32 s38, s28, s29                                    // 000000002140: 80261D1C
	s_add_u32 s38, s38, 20                                     // 000000002144: 80269426
	s_sub_u32 s38, s38, s19                                    // 000000002148: 80A61326
	s_lshl_b32 s38, s38, 10                                    // 00000000214C: 84268A26
	s_add_u32 s38, s38, s25                                    // 000000002150: 80261926
	s_add_u32 s32, s6, s38                                     // 000000002154: 80202606
	s_addc_u32 s33, s7, 0                                      // 000000002158: 82218007
	global_load_b128 v[235:238], v229, s[32:33]                // 00000000215C: DC5E0000 EB2000E5
	s_add_u32 s38, s28, s29                                    // 000000002164: 80261D1C
	s_add_u32 s38, s38, 24                                     // 000000002168: 80269826
	s_sub_u32 s38, s38, s19                                    // 00000000216C: 80A61326
	s_lshl_b32 s38, s38, 10                                    // 000000002170: 84268A26
	s_add_u32 s38, s38, s25                                    // 000000002174: 80261926
	s_add_u32 s32, s6, s38                                     // 000000002178: 80202606
	s_addc_u32 s33, s7, 0                                      // 00000000217C: 82218007
	global_load_b128 v[239:242], v229, s[32:33]                // 000000002180: DC5E0000 EF2000E5
	s_add_u32 s38, s28, s29                                    // 000000002188: 80261D1C
	s_add_u32 s38, s38, 28                                     // 00000000218C: 80269C26
	s_sub_u32 s38, s38, s19                                    // 000000002190: 80A61326
	s_lshl_b32 s38, s38, 10                                    // 000000002194: 84268A26
	s_add_u32 s38, s38, s25                                    // 000000002198: 80261926
	s_add_u32 s32, s6, s38                                     // 00000000219C: 80202606
	s_addc_u32 s33, s7, 0                                      // 0000000021A0: 82218007
	global_load_b128 v[243:246], v229, s[32:33]                // 0000000021A4: DC5E0000 F32000E5
	s_waitcnt vmcnt(0)                                         // 0000000021AC: BF8903F7
	s_add_u32 s39, s29, 0                                      // 0000000021B0: 8027801D
	s_lshl_b32 s39, s39, 9                                     // 0000000021B4: 84278927
	v_add_nc_u32_e32 v230, s39, v229                           // 0000000021B8: 4BCDCA27
	v_add_nc_u32_e32 v230, 0x8000, v230                        // 0000000021BC: 4BCDCCFF 00008000
	s_lshr_b32 s41, s39, 9                                     // 0000000021C4: 85298927
	s_and_b32 s41, s41, 7                                      // 0000000021C8: 8B298729
	s_lshl_b32 s41, s41, 4                                     // 0000000021CC: 84298429
	v_xor_b32_e32 v230, s41, v230                              // 0000000021D0: 3BCDCC29
	ds_store_b128 v230, v[8:11]                                // 0000000021D4: DB7C0000 000008E6
	s_add_u32 s39, s29, 4                                      // 0000000021DC: 8027841D
	s_lshl_b32 s39, s39, 9                                     // 0000000021E0: 84278927
	v_add_nc_u32_e32 v230, s39, v229                           // 0000000021E4: 4BCDCA27
	v_add_nc_u32_e32 v230, 0x8000, v230                        // 0000000021E8: 4BCDCCFF 00008000
	s_lshr_b32 s41, s39, 9                                     // 0000000021F0: 85298927
	s_and_b32 s41, s41, 7                                      // 0000000021F4: 8B298729
	s_lshl_b32 s41, s41, 4                                     // 0000000021F8: 84298429
	v_xor_b32_e32 v230, s41, v230                              // 0000000021FC: 3BCDCC29
	ds_store_b128 v230, v[12:15]                               // 000000002200: DB7C0000 00000CE6
	s_add_u32 s39, s29, 8                                      // 000000002208: 8027881D
	s_lshl_b32 s39, s39, 9                                     // 00000000220C: 84278927
	v_add_nc_u32_e32 v230, s39, v229                           // 000000002210: 4BCDCA27
	v_add_nc_u32_e32 v230, 0x8000, v230                        // 000000002214: 4BCDCCFF 00008000
	s_lshr_b32 s41, s39, 9                                     // 00000000221C: 85298927
	s_and_b32 s41, s41, 7                                      // 000000002220: 8B298729
	s_lshl_b32 s41, s41, 4                                     // 000000002224: 84298429
	v_xor_b32_e32 v230, s41, v230                              // 000000002228: 3BCDCC29
	ds_store_b128 v230, v[16:19]                               // 00000000222C: DB7C0000 000010E6
	s_add_u32 s39, s29, 12                                     // 000000002234: 80278C1D
	s_lshl_b32 s39, s39, 9                                     // 000000002238: 84278927
	v_add_nc_u32_e32 v230, s39, v229                           // 00000000223C: 4BCDCA27
	v_add_nc_u32_e32 v230, 0x8000, v230                        // 000000002240: 4BCDCCFF 00008000
	s_lshr_b32 s41, s39, 9                                     // 000000002248: 85298927
	s_and_b32 s41, s41, 7                                      // 00000000224C: 8B298729
	s_lshl_b32 s41, s41, 4                                     // 000000002250: 84298429
	v_xor_b32_e32 v230, s41, v230                              // 000000002254: 3BCDCC29
	ds_store_b128 v230, v[20:23]                               // 000000002258: DB7C0000 000014E6
	s_add_u32 s39, s29, 16                                     // 000000002260: 8027901D
	s_lshl_b32 s39, s39, 9                                     // 000000002264: 84278927
	v_add_nc_u32_e32 v230, s39, v229                           // 000000002268: 4BCDCA27
	v_add_nc_u32_e32 v230, 0x8000, v230                        // 00000000226C: 4BCDCCFF 00008000
	s_lshr_b32 s41, s39, 9                                     // 000000002274: 85298927
	s_and_b32 s41, s41, 7                                      // 000000002278: 8B298729
	s_lshl_b32 s41, s41, 4                                     // 00000000227C: 84298429
	v_xor_b32_e32 v230, s41, v230                              // 000000002280: 3BCDCC29
	ds_store_b128 v230, v[231:234]                             // 000000002284: DB7C0000 0000E7E6
	s_add_u32 s39, s29, 20                                     // 00000000228C: 8027941D
	s_lshl_b32 s39, s39, 9                                     // 000000002290: 84278927
	v_add_nc_u32_e32 v230, s39, v229                           // 000000002294: 4BCDCA27
	v_add_nc_u32_e32 v230, 0x8000, v230                        // 000000002298: 4BCDCCFF 00008000
	s_lshr_b32 s41, s39, 9                                     // 0000000022A0: 85298927
	s_and_b32 s41, s41, 7                                      // 0000000022A4: 8B298729
	s_lshl_b32 s41, s41, 4                                     // 0000000022A8: 84298429
	v_xor_b32_e32 v230, s41, v230                              // 0000000022AC: 3BCDCC29
	ds_store_b128 v230, v[235:238]                             // 0000000022B0: DB7C0000 0000EBE6
	s_add_u32 s39, s29, 24                                     // 0000000022B8: 8027981D
	s_lshl_b32 s39, s39, 9                                     // 0000000022BC: 84278927
	v_add_nc_u32_e32 v230, s39, v229                           // 0000000022C0: 4BCDCA27
	v_add_nc_u32_e32 v230, 0x8000, v230                        // 0000000022C4: 4BCDCCFF 00008000
	s_lshr_b32 s41, s39, 9                                     // 0000000022CC: 85298927
	s_and_b32 s41, s41, 7                                      // 0000000022D0: 8B298729
	s_lshl_b32 s41, s41, 4                                     // 0000000022D4: 84298429
	v_xor_b32_e32 v230, s41, v230                              // 0000000022D8: 3BCDCC29
	ds_store_b128 v230, v[239:242]                             // 0000000022DC: DB7C0000 0000EFE6
	s_add_u32 s39, s29, 28                                     // 0000000022E4: 80279C1D
	s_lshl_b32 s39, s39, 9                                     // 0000000022E8: 84278927
	v_add_nc_u32_e32 v230, s39, v229                           // 0000000022EC: 4BCDCA27
	v_add_nc_u32_e32 v230, 0x8000, v230                        // 0000000022F0: 4BCDCCFF 00008000
	s_lshr_b32 s41, s39, 9                                     // 0000000022F8: 85298927
	s_and_b32 s41, s41, 7                                      // 0000000022FC: 8B298729
	s_lshl_b32 s41, s41, 4                                     // 000000002300: 84298429
	v_xor_b32_e32 v230, s41, v230                              // 000000002304: 3BCDCC29
	ds_store_b128 v230, v[243:246]                             // 000000002308: DB7C0000 0000F3E6
	s_waitcnt lgkmcnt(0)                                       // 000000002310: BF89FC07
	s_barrier                                                  // 000000002314: BFBD0000
	ds_load_b128 v[8:11], v5                                   // 000000002318: DBFC0000 08000005
	s_waitcnt lgkmcnt(0)                                       // 000000002320: BF89FC07
	ds_swizzle_b32 v12, v8 offset:swizzle(SWAP,16)             // 000000002324: D8D4401F 0C000008
	ds_swizzle_b32 v13, v9 offset:swizzle(SWAP,16)             // 00000000232C: D8D4401F 0D000009
	ds_swizzle_b32 v14, v10 offset:swizzle(SWAP,16)            // 000000002334: D8D4401F 0E00000A
	ds_swizzle_b32 v15, v11 offset:swizzle(SWAP,16)            // 00000000233C: D8D4401F 0F00000B
	s_waitcnt lgkmcnt(0)                                       // 000000002344: BF89FC07
	v_lshlrev_b32_e32 v234, 9, v3                              // 000000002348: 31D40689
	v_lshl_add_u32 v234, v4, 4, v234                           // 00000000234C: D64600EA 07A90904
	v_add_nc_u32_e32 v234, 0x8000, v234                        // 000000002354: 4BD5D4FF 00008000
	v_and_b32_e32 v235, 7, v3                                  // 00000000235C: 37D60687
	v_lshlrev_b32_e32 v235, 4, v235                            // 000000002360: 31D7D684
	v_xor_b32_e32 v234, v235, v234                             // 000000002364: 3BD5D5EB
	ds_load_b128 v[16:19], v234                                // 000000002368: DBFC0000 100000EA
	s_waitcnt lgkmcnt(0)                                       // 000000002370: BF89FC07
	ds_swizzle_b32 v20, v16 offset:swizzle(SWAP,16)            // 000000002374: D8D4401F 14000010
	ds_swizzle_b32 v21, v17 offset:swizzle(SWAP,16)            // 00000000237C: D8D4401F 15000011
	ds_swizzle_b32 v22, v18 offset:swizzle(SWAP,16)            // 000000002384: D8D4401F 16000012
	ds_swizzle_b32 v23, v19 offset:swizzle(SWAP,16)            // 00000000238C: D8D4401F 17000013
	s_waitcnt lgkmcnt(0)                                       // 000000002394: BF89FC07
	v_wmma_f32_16x16x16_bf16 v[24:31], v[8:15], v[16:23], v[24:31]// 000000002398: CC414018 1C622108
	v_lshlrev_b32_e32 v234, 9, v3                              // 0000000023A0: 31D40689
	v_lshl_add_u32 v234, v4, 4, v234                           // 0000000023A4: D64600EA 07A90904
	v_add_nc_u32_e32 v234, 0xa000, v234                        // 0000000023AC: 4BD5D4FF 0000A000
	v_and_b32_e32 v235, 7, v3                                  // 0000000023B4: 37D60687
	v_lshlrev_b32_e32 v235, 4, v235                            // 0000000023B8: 31D7D684
	v_xor_b32_e32 v234, v235, v234                             // 0000000023BC: 3BD5D5EB
	ds_load_b128 v[16:19], v234                                // 0000000023C0: DBFC0000 100000EA
	s_waitcnt lgkmcnt(0)                                       // 0000000023C8: BF89FC07
	ds_swizzle_b32 v20, v16 offset:swizzle(SWAP,16)            // 0000000023CC: D8D4401F 14000010
	ds_swizzle_b32 v21, v17 offset:swizzle(SWAP,16)            // 0000000023D4: D8D4401F 15000011
	ds_swizzle_b32 v22, v18 offset:swizzle(SWAP,16)            // 0000000023DC: D8D4401F 16000012
	ds_swizzle_b32 v23, v19 offset:swizzle(SWAP,16)            // 0000000023E4: D8D4401F 17000013
	s_waitcnt lgkmcnt(0)                                       // 0000000023EC: BF89FC07
	v_wmma_f32_16x16x16_bf16 v[192:199], v[8:15], v[16:23], v[192:199]// 0000000023F0: CC4140C0 1F022108
	ds_load_b128 v[8:11], v5 offset:32                         // 0000000023F8: DBFC0020 08000005
	s_waitcnt lgkmcnt(0)                                       // 000000002400: BF89FC07
	ds_swizzle_b32 v12, v8 offset:swizzle(SWAP,16)             // 000000002404: D8D4401F 0C000008
	ds_swizzle_b32 v13, v9 offset:swizzle(SWAP,16)             // 00000000240C: D8D4401F 0D000009
	ds_swizzle_b32 v14, v10 offset:swizzle(SWAP,16)            // 000000002414: D8D4401F 0E00000A
	ds_swizzle_b32 v15, v11 offset:swizzle(SWAP,16)            // 00000000241C: D8D4401F 0F00000B
	s_waitcnt lgkmcnt(0)                                       // 000000002424: BF89FC07
	v_lshlrev_b32_e32 v234, 9, v3                              // 000000002428: 31D40689
	v_lshl_add_u32 v234, v4, 4, v234                           // 00000000242C: D64600EA 07A90904
	v_add_nc_u32_e32 v234, 0x8020, v234                        // 000000002434: 4BD5D4FF 00008020
	v_and_b32_e32 v235, 7, v3                                  // 00000000243C: 37D60687
	v_lshlrev_b32_e32 v235, 4, v235                            // 000000002440: 31D7D684
	v_xor_b32_e32 v234, v235, v234                             // 000000002444: 3BD5D5EB
	ds_load_b128 v[16:19], v234                                // 000000002448: DBFC0000 100000EA
	s_waitcnt lgkmcnt(0)                                       // 000000002450: BF89FC07
	ds_swizzle_b32 v20, v16 offset:swizzle(SWAP,16)            // 000000002454: D8D4401F 14000010
	ds_swizzle_b32 v21, v17 offset:swizzle(SWAP,16)            // 00000000245C: D8D4401F 15000011
	ds_swizzle_b32 v22, v18 offset:swizzle(SWAP,16)            // 000000002464: D8D4401F 16000012
	ds_swizzle_b32 v23, v19 offset:swizzle(SWAP,16)            // 00000000246C: D8D4401F 17000013
	s_waitcnt lgkmcnt(0)                                       // 000000002474: BF89FC07
	v_wmma_f32_16x16x16_bf16 v[24:31], v[8:15], v[16:23], v[24:31]// 000000002478: CC414018 1C622108
	v_lshlrev_b32_e32 v234, 9, v3                              // 000000002480: 31D40689
	v_lshl_add_u32 v234, v4, 4, v234                           // 000000002484: D64600EA 07A90904
	v_add_nc_u32_e32 v234, 0xa020, v234                        // 00000000248C: 4BD5D4FF 0000A020
	v_and_b32_e32 v235, 7, v3                                  // 000000002494: 37D60687
	v_lshlrev_b32_e32 v235, 4, v235                            // 000000002498: 31D7D684
	v_xor_b32_e32 v234, v235, v234                             // 00000000249C: 3BD5D5EB
	ds_load_b128 v[16:19], v234                                // 0000000024A0: DBFC0000 100000EA
	s_waitcnt lgkmcnt(0)                                       // 0000000024A8: BF89FC07
	ds_swizzle_b32 v20, v16 offset:swizzle(SWAP,16)            // 0000000024AC: D8D4401F 14000010
	ds_swizzle_b32 v21, v17 offset:swizzle(SWAP,16)            // 0000000024B4: D8D4401F 15000011
	ds_swizzle_b32 v22, v18 offset:swizzle(SWAP,16)            // 0000000024BC: D8D4401F 16000012
	ds_swizzle_b32 v23, v19 offset:swizzle(SWAP,16)            // 0000000024C4: D8D4401F 17000013
	s_waitcnt lgkmcnt(0)                                       // 0000000024CC: BF89FC07
	v_wmma_f32_16x16x16_bf16 v[192:199], v[8:15], v[16:23], v[192:199]// 0000000024D0: CC4140C0 1F022108
	ds_load_b128 v[8:11], v5 offset:64                         // 0000000024D8: DBFC0040 08000005
	s_waitcnt lgkmcnt(0)                                       // 0000000024E0: BF89FC07
	ds_swizzle_b32 v12, v8 offset:swizzle(SWAP,16)             // 0000000024E4: D8D4401F 0C000008
	ds_swizzle_b32 v13, v9 offset:swizzle(SWAP,16)             // 0000000024EC: D8D4401F 0D000009
	ds_swizzle_b32 v14, v10 offset:swizzle(SWAP,16)            // 0000000024F4: D8D4401F 0E00000A
	ds_swizzle_b32 v15, v11 offset:swizzle(SWAP,16)            // 0000000024FC: D8D4401F 0F00000B
	s_waitcnt lgkmcnt(0)                                       // 000000002504: BF89FC07
	v_lshlrev_b32_e32 v234, 9, v3                              // 000000002508: 31D40689
	v_lshl_add_u32 v234, v4, 4, v234                           // 00000000250C: D64600EA 07A90904
	v_add_nc_u32_e32 v234, 0x8040, v234                        // 000000002514: 4BD5D4FF 00008040
	v_and_b32_e32 v235, 7, v3                                  // 00000000251C: 37D60687
	v_lshlrev_b32_e32 v235, 4, v235                            // 000000002520: 31D7D684
	v_xor_b32_e32 v234, v235, v234                             // 000000002524: 3BD5D5EB
	ds_load_b128 v[16:19], v234                                // 000000002528: DBFC0000 100000EA
	s_waitcnt lgkmcnt(0)                                       // 000000002530: BF89FC07
	ds_swizzle_b32 v20, v16 offset:swizzle(SWAP,16)            // 000000002534: D8D4401F 14000010
	ds_swizzle_b32 v21, v17 offset:swizzle(SWAP,16)            // 00000000253C: D8D4401F 15000011
	ds_swizzle_b32 v22, v18 offset:swizzle(SWAP,16)            // 000000002544: D8D4401F 16000012
	ds_swizzle_b32 v23, v19 offset:swizzle(SWAP,16)            // 00000000254C: D8D4401F 17000013
	s_waitcnt lgkmcnt(0)                                       // 000000002554: BF89FC07
	v_wmma_f32_16x16x16_bf16 v[24:31], v[8:15], v[16:23], v[24:31]// 000000002558: CC414018 1C622108
	v_lshlrev_b32_e32 v234, 9, v3                              // 000000002560: 31D40689
	v_lshl_add_u32 v234, v4, 4, v234                           // 000000002564: D64600EA 07A90904
	v_add_nc_u32_e32 v234, 0xa040, v234                        // 00000000256C: 4BD5D4FF 0000A040
	v_and_b32_e32 v235, 7, v3                                  // 000000002574: 37D60687
	v_lshlrev_b32_e32 v235, 4, v235                            // 000000002578: 31D7D684
	v_xor_b32_e32 v234, v235, v234                             // 00000000257C: 3BD5D5EB
	ds_load_b128 v[16:19], v234                                // 000000002580: DBFC0000 100000EA
	s_waitcnt lgkmcnt(0)                                       // 000000002588: BF89FC07
	ds_swizzle_b32 v20, v16 offset:swizzle(SWAP,16)            // 00000000258C: D8D4401F 14000010
	ds_swizzle_b32 v21, v17 offset:swizzle(SWAP,16)            // 000000002594: D8D4401F 15000011
	ds_swizzle_b32 v22, v18 offset:swizzle(SWAP,16)            // 00000000259C: D8D4401F 16000012
	ds_swizzle_b32 v23, v19 offset:swizzle(SWAP,16)            // 0000000025A4: D8D4401F 17000013
	s_waitcnt lgkmcnt(0)                                       // 0000000025AC: BF89FC07
	v_wmma_f32_16x16x16_bf16 v[192:199], v[8:15], v[16:23], v[192:199]// 0000000025B0: CC4140C0 1F022108
	ds_load_b128 v[8:11], v5 offset:96                         // 0000000025B8: DBFC0060 08000005
	s_waitcnt lgkmcnt(0)                                       // 0000000025C0: BF89FC07
	ds_swizzle_b32 v12, v8 offset:swizzle(SWAP,16)             // 0000000025C4: D8D4401F 0C000008
	ds_swizzle_b32 v13, v9 offset:swizzle(SWAP,16)             // 0000000025CC: D8D4401F 0D000009
	ds_swizzle_b32 v14, v10 offset:swizzle(SWAP,16)            // 0000000025D4: D8D4401F 0E00000A
	ds_swizzle_b32 v15, v11 offset:swizzle(SWAP,16)            // 0000000025DC: D8D4401F 0F00000B
	s_waitcnt lgkmcnt(0)                                       // 0000000025E4: BF89FC07
	v_lshlrev_b32_e32 v234, 9, v3                              // 0000000025E8: 31D40689
	v_lshl_add_u32 v234, v4, 4, v234                           // 0000000025EC: D64600EA 07A90904
	v_add_nc_u32_e32 v234, 0x8060, v234                        // 0000000025F4: 4BD5D4FF 00008060
	v_and_b32_e32 v235, 7, v3                                  // 0000000025FC: 37D60687
	v_lshlrev_b32_e32 v235, 4, v235                            // 000000002600: 31D7D684
	v_xor_b32_e32 v234, v235, v234                             // 000000002604: 3BD5D5EB
	ds_load_b128 v[16:19], v234                                // 000000002608: DBFC0000 100000EA
	s_waitcnt lgkmcnt(0)                                       // 000000002610: BF89FC07
	ds_swizzle_b32 v20, v16 offset:swizzle(SWAP,16)            // 000000002614: D8D4401F 14000010
	ds_swizzle_b32 v21, v17 offset:swizzle(SWAP,16)            // 00000000261C: D8D4401F 15000011
	ds_swizzle_b32 v22, v18 offset:swizzle(SWAP,16)            // 000000002624: D8D4401F 16000012
	ds_swizzle_b32 v23, v19 offset:swizzle(SWAP,16)            // 00000000262C: D8D4401F 17000013
	s_waitcnt lgkmcnt(0)                                       // 000000002634: BF89FC07
	v_wmma_f32_16x16x16_bf16 v[24:31], v[8:15], v[16:23], v[24:31]// 000000002638: CC414018 1C622108
	v_lshlrev_b32_e32 v234, 9, v3                              // 000000002640: 31D40689
	v_lshl_add_u32 v234, v4, 4, v234                           // 000000002644: D64600EA 07A90904
	v_add_nc_u32_e32 v234, 0xa060, v234                        // 00000000264C: 4BD5D4FF 0000A060
	v_and_b32_e32 v235, 7, v3                                  // 000000002654: 37D60687
	v_lshlrev_b32_e32 v235, 4, v235                            // 000000002658: 31D7D684
	v_xor_b32_e32 v234, v235, v234                             // 00000000265C: 3BD5D5EB
	ds_load_b128 v[16:19], v234                                // 000000002660: DBFC0000 100000EA
	s_waitcnt lgkmcnt(0)                                       // 000000002668: BF89FC07
	ds_swizzle_b32 v20, v16 offset:swizzle(SWAP,16)            // 00000000266C: D8D4401F 14000010
	ds_swizzle_b32 v21, v17 offset:swizzle(SWAP,16)            // 000000002674: D8D4401F 15000011
	ds_swizzle_b32 v22, v18 offset:swizzle(SWAP,16)            // 00000000267C: D8D4401F 16000012
	ds_swizzle_b32 v23, v19 offset:swizzle(SWAP,16)            // 000000002684: D8D4401F 17000013
	s_waitcnt lgkmcnt(0)                                       // 00000000268C: BF89FC07
	v_wmma_f32_16x16x16_bf16 v[192:199], v[8:15], v[16:23], v[192:199]// 000000002690: CC4140C0 1F022108
	ds_load_b128 v[8:11], v5 offset:128                        // 000000002698: DBFC0080 08000005
	s_waitcnt lgkmcnt(0)                                       // 0000000026A0: BF89FC07
	ds_swizzle_b32 v12, v8 offset:swizzle(SWAP,16)             // 0000000026A4: D8D4401F 0C000008
	ds_swizzle_b32 v13, v9 offset:swizzle(SWAP,16)             // 0000000026AC: D8D4401F 0D000009
	ds_swizzle_b32 v14, v10 offset:swizzle(SWAP,16)            // 0000000026B4: D8D4401F 0E00000A
	ds_swizzle_b32 v15, v11 offset:swizzle(SWAP,16)            // 0000000026BC: D8D4401F 0F00000B
	s_waitcnt lgkmcnt(0)                                       // 0000000026C4: BF89FC07
	v_lshlrev_b32_e32 v234, 9, v3                              // 0000000026C8: 31D40689
	v_lshl_add_u32 v234, v4, 4, v234                           // 0000000026CC: D64600EA 07A90904
	v_add_nc_u32_e32 v234, 0x8080, v234                        // 0000000026D4: 4BD5D4FF 00008080
	v_and_b32_e32 v235, 7, v3                                  // 0000000026DC: 37D60687
	v_lshlrev_b32_e32 v235, 4, v235                            // 0000000026E0: 31D7D684
	v_xor_b32_e32 v234, v235, v234                             // 0000000026E4: 3BD5D5EB
	ds_load_b128 v[16:19], v234                                // 0000000026E8: DBFC0000 100000EA
	s_waitcnt lgkmcnt(0)                                       // 0000000026F0: BF89FC07
	ds_swizzle_b32 v20, v16 offset:swizzle(SWAP,16)            // 0000000026F4: D8D4401F 14000010
	ds_swizzle_b32 v21, v17 offset:swizzle(SWAP,16)            // 0000000026FC: D8D4401F 15000011
	ds_swizzle_b32 v22, v18 offset:swizzle(SWAP,16)            // 000000002704: D8D4401F 16000012
	ds_swizzle_b32 v23, v19 offset:swizzle(SWAP,16)            // 00000000270C: D8D4401F 17000013
	s_waitcnt lgkmcnt(0)                                       // 000000002714: BF89FC07
	v_wmma_f32_16x16x16_bf16 v[24:31], v[8:15], v[16:23], v[24:31]// 000000002718: CC414018 1C622108
	v_lshlrev_b32_e32 v234, 9, v3                              // 000000002720: 31D40689
	v_lshl_add_u32 v234, v4, 4, v234                           // 000000002724: D64600EA 07A90904
	v_add_nc_u32_e32 v234, 0xa080, v234                        // 00000000272C: 4BD5D4FF 0000A080
	v_and_b32_e32 v235, 7, v3                                  // 000000002734: 37D60687
	v_lshlrev_b32_e32 v235, 4, v235                            // 000000002738: 31D7D684
	v_xor_b32_e32 v234, v235, v234                             // 00000000273C: 3BD5D5EB
	ds_load_b128 v[16:19], v234                                // 000000002740: DBFC0000 100000EA
	s_waitcnt lgkmcnt(0)                                       // 000000002748: BF89FC07
	ds_swizzle_b32 v20, v16 offset:swizzle(SWAP,16)            // 00000000274C: D8D4401F 14000010
	ds_swizzle_b32 v21, v17 offset:swizzle(SWAP,16)            // 000000002754: D8D4401F 15000011
	ds_swizzle_b32 v22, v18 offset:swizzle(SWAP,16)            // 00000000275C: D8D4401F 16000012
	ds_swizzle_b32 v23, v19 offset:swizzle(SWAP,16)            // 000000002764: D8D4401F 17000013
	s_waitcnt lgkmcnt(0)                                       // 00000000276C: BF89FC07
	v_wmma_f32_16x16x16_bf16 v[192:199], v[8:15], v[16:23], v[192:199]// 000000002770: CC4140C0 1F022108
	ds_load_b128 v[8:11], v5 offset:160                        // 000000002778: DBFC00A0 08000005
	s_waitcnt lgkmcnt(0)                                       // 000000002780: BF89FC07
	ds_swizzle_b32 v12, v8 offset:swizzle(SWAP,16)             // 000000002784: D8D4401F 0C000008
	ds_swizzle_b32 v13, v9 offset:swizzle(SWAP,16)             // 00000000278C: D8D4401F 0D000009
	ds_swizzle_b32 v14, v10 offset:swizzle(SWAP,16)            // 000000002794: D8D4401F 0E00000A
	ds_swizzle_b32 v15, v11 offset:swizzle(SWAP,16)            // 00000000279C: D8D4401F 0F00000B
	s_waitcnt lgkmcnt(0)                                       // 0000000027A4: BF89FC07
	v_lshlrev_b32_e32 v234, 9, v3                              // 0000000027A8: 31D40689
	v_lshl_add_u32 v234, v4, 4, v234                           // 0000000027AC: D64600EA 07A90904
	v_add_nc_u32_e32 v234, 0x80a0, v234                        // 0000000027B4: 4BD5D4FF 000080A0
	v_and_b32_e32 v235, 7, v3                                  // 0000000027BC: 37D60687
	v_lshlrev_b32_e32 v235, 4, v235                            // 0000000027C0: 31D7D684
	v_xor_b32_e32 v234, v235, v234                             // 0000000027C4: 3BD5D5EB
	ds_load_b128 v[16:19], v234                                // 0000000027C8: DBFC0000 100000EA
	s_waitcnt lgkmcnt(0)                                       // 0000000027D0: BF89FC07
	ds_swizzle_b32 v20, v16 offset:swizzle(SWAP,16)            // 0000000027D4: D8D4401F 14000010
	ds_swizzle_b32 v21, v17 offset:swizzle(SWAP,16)            // 0000000027DC: D8D4401F 15000011
	ds_swizzle_b32 v22, v18 offset:swizzle(SWAP,16)            // 0000000027E4: D8D4401F 16000012
	ds_swizzle_b32 v23, v19 offset:swizzle(SWAP,16)            // 0000000027EC: D8D4401F 17000013
	s_waitcnt lgkmcnt(0)                                       // 0000000027F4: BF89FC07
	v_wmma_f32_16x16x16_bf16 v[24:31], v[8:15], v[16:23], v[24:31]// 0000000027F8: CC414018 1C622108
	v_lshlrev_b32_e32 v234, 9, v3                              // 000000002800: 31D40689
	v_lshl_add_u32 v234, v4, 4, v234                           // 000000002804: D64600EA 07A90904
	v_add_nc_u32_e32 v234, 0xa0a0, v234                        // 00000000280C: 4BD5D4FF 0000A0A0
	v_and_b32_e32 v235, 7, v3                                  // 000000002814: 37D60687
	v_lshlrev_b32_e32 v235, 4, v235                            // 000000002818: 31D7D684
	v_xor_b32_e32 v234, v235, v234                             // 00000000281C: 3BD5D5EB
	ds_load_b128 v[16:19], v234                                // 000000002820: DBFC0000 100000EA
	s_waitcnt lgkmcnt(0)                                       // 000000002828: BF89FC07
	ds_swizzle_b32 v20, v16 offset:swizzle(SWAP,16)            // 00000000282C: D8D4401F 14000010
	ds_swizzle_b32 v21, v17 offset:swizzle(SWAP,16)            // 000000002834: D8D4401F 15000011
	ds_swizzle_b32 v22, v18 offset:swizzle(SWAP,16)            // 00000000283C: D8D4401F 16000012
	ds_swizzle_b32 v23, v19 offset:swizzle(SWAP,16)            // 000000002844: D8D4401F 17000013
	s_waitcnt lgkmcnt(0)                                       // 00000000284C: BF89FC07
	v_wmma_f32_16x16x16_bf16 v[192:199], v[8:15], v[16:23], v[192:199]// 000000002850: CC4140C0 1F022108
	ds_load_b128 v[8:11], v5 offset:192                        // 000000002858: DBFC00C0 08000005
	s_waitcnt lgkmcnt(0)                                       // 000000002860: BF89FC07
	ds_swizzle_b32 v12, v8 offset:swizzle(SWAP,16)             // 000000002864: D8D4401F 0C000008
	ds_swizzle_b32 v13, v9 offset:swizzle(SWAP,16)             // 00000000286C: D8D4401F 0D000009
	ds_swizzle_b32 v14, v10 offset:swizzle(SWAP,16)            // 000000002874: D8D4401F 0E00000A
	ds_swizzle_b32 v15, v11 offset:swizzle(SWAP,16)            // 00000000287C: D8D4401F 0F00000B
	s_waitcnt lgkmcnt(0)                                       // 000000002884: BF89FC07
	v_lshlrev_b32_e32 v234, 9, v3                              // 000000002888: 31D40689
	v_lshl_add_u32 v234, v4, 4, v234                           // 00000000288C: D64600EA 07A90904
	v_add_nc_u32_e32 v234, 0x80c0, v234                        // 000000002894: 4BD5D4FF 000080C0
	v_and_b32_e32 v235, 7, v3                                  // 00000000289C: 37D60687
	v_lshlrev_b32_e32 v235, 4, v235                            // 0000000028A0: 31D7D684
	v_xor_b32_e32 v234, v235, v234                             // 0000000028A4: 3BD5D5EB
	ds_load_b128 v[16:19], v234                                // 0000000028A8: DBFC0000 100000EA
	s_waitcnt lgkmcnt(0)                                       // 0000000028B0: BF89FC07
	ds_swizzle_b32 v20, v16 offset:swizzle(SWAP,16)            // 0000000028B4: D8D4401F 14000010
	ds_swizzle_b32 v21, v17 offset:swizzle(SWAP,16)            // 0000000028BC: D8D4401F 15000011
	ds_swizzle_b32 v22, v18 offset:swizzle(SWAP,16)            // 0000000028C4: D8D4401F 16000012
	ds_swizzle_b32 v23, v19 offset:swizzle(SWAP,16)            // 0000000028CC: D8D4401F 17000013
	s_waitcnt lgkmcnt(0)                                       // 0000000028D4: BF89FC07
	v_wmma_f32_16x16x16_bf16 v[24:31], v[8:15], v[16:23], v[24:31]// 0000000028D8: CC414018 1C622108
	v_lshlrev_b32_e32 v234, 9, v3                              // 0000000028E0: 31D40689
	v_lshl_add_u32 v234, v4, 4, v234                           // 0000000028E4: D64600EA 07A90904
	v_add_nc_u32_e32 v234, 0xa0c0, v234                        // 0000000028EC: 4BD5D4FF 0000A0C0
	v_and_b32_e32 v235, 7, v3                                  // 0000000028F4: 37D60687
	v_lshlrev_b32_e32 v235, 4, v235                            // 0000000028F8: 31D7D684
	v_xor_b32_e32 v234, v235, v234                             // 0000000028FC: 3BD5D5EB
	ds_load_b128 v[16:19], v234                                // 000000002900: DBFC0000 100000EA
	s_waitcnt lgkmcnt(0)                                       // 000000002908: BF89FC07
	ds_swizzle_b32 v20, v16 offset:swizzle(SWAP,16)            // 00000000290C: D8D4401F 14000010
	ds_swizzle_b32 v21, v17 offset:swizzle(SWAP,16)            // 000000002914: D8D4401F 15000011
	ds_swizzle_b32 v22, v18 offset:swizzle(SWAP,16)            // 00000000291C: D8D4401F 16000012
	ds_swizzle_b32 v23, v19 offset:swizzle(SWAP,16)            // 000000002924: D8D4401F 17000013
	s_waitcnt lgkmcnt(0)                                       // 00000000292C: BF89FC07
	v_wmma_f32_16x16x16_bf16 v[192:199], v[8:15], v[16:23], v[192:199]// 000000002930: CC4140C0 1F022108
	ds_load_b128 v[8:11], v5 offset:224                        // 000000002938: DBFC00E0 08000005
	s_waitcnt lgkmcnt(0)                                       // 000000002940: BF89FC07
	ds_swizzle_b32 v12, v8 offset:swizzle(SWAP,16)             // 000000002944: D8D4401F 0C000008
	ds_swizzle_b32 v13, v9 offset:swizzle(SWAP,16)             // 00000000294C: D8D4401F 0D000009
	ds_swizzle_b32 v14, v10 offset:swizzle(SWAP,16)            // 000000002954: D8D4401F 0E00000A
	ds_swizzle_b32 v15, v11 offset:swizzle(SWAP,16)            // 00000000295C: D8D4401F 0F00000B
	s_waitcnt lgkmcnt(0)                                       // 000000002964: BF89FC07
	v_lshlrev_b32_e32 v234, 9, v3                              // 000000002968: 31D40689
	v_lshl_add_u32 v234, v4, 4, v234                           // 00000000296C: D64600EA 07A90904
	v_add_nc_u32_e32 v234, 0x80e0, v234                        // 000000002974: 4BD5D4FF 000080E0
	v_and_b32_e32 v235, 7, v3                                  // 00000000297C: 37D60687
	v_lshlrev_b32_e32 v235, 4, v235                            // 000000002980: 31D7D684
	v_xor_b32_e32 v234, v235, v234                             // 000000002984: 3BD5D5EB
	ds_load_b128 v[16:19], v234                                // 000000002988: DBFC0000 100000EA
	s_waitcnt lgkmcnt(0)                                       // 000000002990: BF89FC07
	ds_swizzle_b32 v20, v16 offset:swizzle(SWAP,16)            // 000000002994: D8D4401F 14000010
	ds_swizzle_b32 v21, v17 offset:swizzle(SWAP,16)            // 00000000299C: D8D4401F 15000011
	ds_swizzle_b32 v22, v18 offset:swizzle(SWAP,16)            // 0000000029A4: D8D4401F 16000012
	ds_swizzle_b32 v23, v19 offset:swizzle(SWAP,16)            // 0000000029AC: D8D4401F 17000013
	s_waitcnt lgkmcnt(0)                                       // 0000000029B4: BF89FC07
	v_wmma_f32_16x16x16_bf16 v[24:31], v[8:15], v[16:23], v[24:31]// 0000000029B8: CC414018 1C622108
	v_lshlrev_b32_e32 v234, 9, v3                              // 0000000029C0: 31D40689
	v_lshl_add_u32 v234, v4, 4, v234                           // 0000000029C4: D64600EA 07A90904
	v_add_nc_u32_e32 v234, 0xa0e0, v234                        // 0000000029CC: 4BD5D4FF 0000A0E0
	v_and_b32_e32 v235, 7, v3                                  // 0000000029D4: 37D60687
	v_lshlrev_b32_e32 v235, 4, v235                            // 0000000029D8: 31D7D684
	v_xor_b32_e32 v234, v235, v234                             // 0000000029DC: 3BD5D5EB
	ds_load_b128 v[16:19], v234                                // 0000000029E0: DBFC0000 100000EA
	s_waitcnt lgkmcnt(0)                                       // 0000000029E8: BF89FC07
	ds_swizzle_b32 v20, v16 offset:swizzle(SWAP,16)            // 0000000029EC: D8D4401F 14000010
	ds_swizzle_b32 v21, v17 offset:swizzle(SWAP,16)            // 0000000029F4: D8D4401F 15000011
	ds_swizzle_b32 v22, v18 offset:swizzle(SWAP,16)            // 0000000029FC: D8D4401F 16000012
	ds_swizzle_b32 v23, v19 offset:swizzle(SWAP,16)            // 000000002A04: D8D4401F 17000013
	s_waitcnt lgkmcnt(0)                                       // 000000002A0C: BF89FC07
	v_wmma_f32_16x16x16_bf16 v[192:199], v[8:15], v[16:23], v[192:199]// 000000002A10: CC4140C0 1F022108
	ds_load_b128 v[8:11], v5 offset:256                        // 000000002A18: DBFC0100 08000005
	s_waitcnt lgkmcnt(0)                                       // 000000002A20: BF89FC07
	ds_swizzle_b32 v12, v8 offset:swizzle(SWAP,16)             // 000000002A24: D8D4401F 0C000008
	ds_swizzle_b32 v13, v9 offset:swizzle(SWAP,16)             // 000000002A2C: D8D4401F 0D000009
	ds_swizzle_b32 v14, v10 offset:swizzle(SWAP,16)            // 000000002A34: D8D4401F 0E00000A
	ds_swizzle_b32 v15, v11 offset:swizzle(SWAP,16)            // 000000002A3C: D8D4401F 0F00000B
	s_waitcnt lgkmcnt(0)                                       // 000000002A44: BF89FC07
	v_lshlrev_b32_e32 v234, 9, v3                              // 000000002A48: 31D40689
	v_lshl_add_u32 v234, v4, 4, v234                           // 000000002A4C: D64600EA 07A90904
	v_add_nc_u32_e32 v234, 0x8100, v234                        // 000000002A54: 4BD5D4FF 00008100
	v_and_b32_e32 v235, 7, v3                                  // 000000002A5C: 37D60687
	v_lshlrev_b32_e32 v235, 4, v235                            // 000000002A60: 31D7D684
	v_xor_b32_e32 v234, v235, v234                             // 000000002A64: 3BD5D5EB
	ds_load_b128 v[16:19], v234                                // 000000002A68: DBFC0000 100000EA
	s_waitcnt lgkmcnt(0)                                       // 000000002A70: BF89FC07
	ds_swizzle_b32 v20, v16 offset:swizzle(SWAP,16)            // 000000002A74: D8D4401F 14000010
	ds_swizzle_b32 v21, v17 offset:swizzle(SWAP,16)            // 000000002A7C: D8D4401F 15000011
	ds_swizzle_b32 v22, v18 offset:swizzle(SWAP,16)            // 000000002A84: D8D4401F 16000012
	ds_swizzle_b32 v23, v19 offset:swizzle(SWAP,16)            // 000000002A8C: D8D4401F 17000013
	s_waitcnt lgkmcnt(0)                                       // 000000002A94: BF89FC07
	v_wmma_f32_16x16x16_bf16 v[24:31], v[8:15], v[16:23], v[24:31]// 000000002A98: CC414018 1C622108
	v_lshlrev_b32_e32 v234, 9, v3                              // 000000002AA0: 31D40689
	v_lshl_add_u32 v234, v4, 4, v234                           // 000000002AA4: D64600EA 07A90904
	v_add_nc_u32_e32 v234, 0xa100, v234                        // 000000002AAC: 4BD5D4FF 0000A100
	v_and_b32_e32 v235, 7, v3                                  // 000000002AB4: 37D60687
	v_lshlrev_b32_e32 v235, 4, v235                            // 000000002AB8: 31D7D684
	v_xor_b32_e32 v234, v235, v234                             // 000000002ABC: 3BD5D5EB
	ds_load_b128 v[16:19], v234                                // 000000002AC0: DBFC0000 100000EA
	s_waitcnt lgkmcnt(0)                                       // 000000002AC8: BF89FC07
	ds_swizzle_b32 v20, v16 offset:swizzle(SWAP,16)            // 000000002ACC: D8D4401F 14000010
	ds_swizzle_b32 v21, v17 offset:swizzle(SWAP,16)            // 000000002AD4: D8D4401F 15000011
	ds_swizzle_b32 v22, v18 offset:swizzle(SWAP,16)            // 000000002ADC: D8D4401F 16000012
	ds_swizzle_b32 v23, v19 offset:swizzle(SWAP,16)            // 000000002AE4: D8D4401F 17000013
	s_waitcnt lgkmcnt(0)                                       // 000000002AEC: BF89FC07
	v_wmma_f32_16x16x16_bf16 v[192:199], v[8:15], v[16:23], v[192:199]// 000000002AF0: CC4140C0 1F022108
	ds_load_b128 v[8:11], v5 offset:288                        // 000000002AF8: DBFC0120 08000005
	s_waitcnt lgkmcnt(0)                                       // 000000002B00: BF89FC07
	ds_swizzle_b32 v12, v8 offset:swizzle(SWAP,16)             // 000000002B04: D8D4401F 0C000008
	ds_swizzle_b32 v13, v9 offset:swizzle(SWAP,16)             // 000000002B0C: D8D4401F 0D000009
	ds_swizzle_b32 v14, v10 offset:swizzle(SWAP,16)            // 000000002B14: D8D4401F 0E00000A
	ds_swizzle_b32 v15, v11 offset:swizzle(SWAP,16)            // 000000002B1C: D8D4401F 0F00000B
	s_waitcnt lgkmcnt(0)                                       // 000000002B24: BF89FC07
	v_lshlrev_b32_e32 v234, 9, v3                              // 000000002B28: 31D40689
	v_lshl_add_u32 v234, v4, 4, v234                           // 000000002B2C: D64600EA 07A90904
	v_add_nc_u32_e32 v234, 0x8120, v234                        // 000000002B34: 4BD5D4FF 00008120
	v_and_b32_e32 v235, 7, v3                                  // 000000002B3C: 37D60687
	v_lshlrev_b32_e32 v235, 4, v235                            // 000000002B40: 31D7D684
	v_xor_b32_e32 v234, v235, v234                             // 000000002B44: 3BD5D5EB
	ds_load_b128 v[16:19], v234                                // 000000002B48: DBFC0000 100000EA
	s_waitcnt lgkmcnt(0)                                       // 000000002B50: BF89FC07
	ds_swizzle_b32 v20, v16 offset:swizzle(SWAP,16)            // 000000002B54: D8D4401F 14000010
	ds_swizzle_b32 v21, v17 offset:swizzle(SWAP,16)            // 000000002B5C: D8D4401F 15000011
	ds_swizzle_b32 v22, v18 offset:swizzle(SWAP,16)            // 000000002B64: D8D4401F 16000012
	ds_swizzle_b32 v23, v19 offset:swizzle(SWAP,16)            // 000000002B6C: D8D4401F 17000013
	s_waitcnt lgkmcnt(0)                                       // 000000002B74: BF89FC07
	v_wmma_f32_16x16x16_bf16 v[24:31], v[8:15], v[16:23], v[24:31]// 000000002B78: CC414018 1C622108
	v_lshlrev_b32_e32 v234, 9, v3                              // 000000002B80: 31D40689
	v_lshl_add_u32 v234, v4, 4, v234                           // 000000002B84: D64600EA 07A90904
	v_add_nc_u32_e32 v234, 0xa120, v234                        // 000000002B8C: 4BD5D4FF 0000A120
	v_and_b32_e32 v235, 7, v3                                  // 000000002B94: 37D60687
	v_lshlrev_b32_e32 v235, 4, v235                            // 000000002B98: 31D7D684
	v_xor_b32_e32 v234, v235, v234                             // 000000002B9C: 3BD5D5EB
	ds_load_b128 v[16:19], v234                                // 000000002BA0: DBFC0000 100000EA
	s_waitcnt lgkmcnt(0)                                       // 000000002BA8: BF89FC07
	ds_swizzle_b32 v20, v16 offset:swizzle(SWAP,16)            // 000000002BAC: D8D4401F 14000010
	ds_swizzle_b32 v21, v17 offset:swizzle(SWAP,16)            // 000000002BB4: D8D4401F 15000011
	ds_swizzle_b32 v22, v18 offset:swizzle(SWAP,16)            // 000000002BBC: D8D4401F 16000012
	ds_swizzle_b32 v23, v19 offset:swizzle(SWAP,16)            // 000000002BC4: D8D4401F 17000013
	s_waitcnt lgkmcnt(0)                                       // 000000002BCC: BF89FC07
	v_wmma_f32_16x16x16_bf16 v[192:199], v[8:15], v[16:23], v[192:199]// 000000002BD0: CC4140C0 1F022108
	ds_load_b128 v[8:11], v5 offset:320                        // 000000002BD8: DBFC0140 08000005
	s_waitcnt lgkmcnt(0)                                       // 000000002BE0: BF89FC07
	ds_swizzle_b32 v12, v8 offset:swizzle(SWAP,16)             // 000000002BE4: D8D4401F 0C000008
	ds_swizzle_b32 v13, v9 offset:swizzle(SWAP,16)             // 000000002BEC: D8D4401F 0D000009
	ds_swizzle_b32 v14, v10 offset:swizzle(SWAP,16)            // 000000002BF4: D8D4401F 0E00000A
	ds_swizzle_b32 v15, v11 offset:swizzle(SWAP,16)            // 000000002BFC: D8D4401F 0F00000B
	s_waitcnt lgkmcnt(0)                                       // 000000002C04: BF89FC07
	v_lshlrev_b32_e32 v234, 9, v3                              // 000000002C08: 31D40689
	v_lshl_add_u32 v234, v4, 4, v234                           // 000000002C0C: D64600EA 07A90904
	v_add_nc_u32_e32 v234, 0x8140, v234                        // 000000002C14: 4BD5D4FF 00008140
	v_and_b32_e32 v235, 7, v3                                  // 000000002C1C: 37D60687
	v_lshlrev_b32_e32 v235, 4, v235                            // 000000002C20: 31D7D684
	v_xor_b32_e32 v234, v235, v234                             // 000000002C24: 3BD5D5EB
	ds_load_b128 v[16:19], v234                                // 000000002C28: DBFC0000 100000EA
	s_waitcnt lgkmcnt(0)                                       // 000000002C30: BF89FC07
	ds_swizzle_b32 v20, v16 offset:swizzle(SWAP,16)            // 000000002C34: D8D4401F 14000010
	ds_swizzle_b32 v21, v17 offset:swizzle(SWAP,16)            // 000000002C3C: D8D4401F 15000011
	ds_swizzle_b32 v22, v18 offset:swizzle(SWAP,16)            // 000000002C44: D8D4401F 16000012
	ds_swizzle_b32 v23, v19 offset:swizzle(SWAP,16)            // 000000002C4C: D8D4401F 17000013
	s_waitcnt lgkmcnt(0)                                       // 000000002C54: BF89FC07
	v_wmma_f32_16x16x16_bf16 v[24:31], v[8:15], v[16:23], v[24:31]// 000000002C58: CC414018 1C622108
	v_lshlrev_b32_e32 v234, 9, v3                              // 000000002C60: 31D40689
	v_lshl_add_u32 v234, v4, 4, v234                           // 000000002C64: D64600EA 07A90904
	v_add_nc_u32_e32 v234, 0xa140, v234                        // 000000002C6C: 4BD5D4FF 0000A140
	v_and_b32_e32 v235, 7, v3                                  // 000000002C74: 37D60687
	v_lshlrev_b32_e32 v235, 4, v235                            // 000000002C78: 31D7D684
	v_xor_b32_e32 v234, v235, v234                             // 000000002C7C: 3BD5D5EB
	ds_load_b128 v[16:19], v234                                // 000000002C80: DBFC0000 100000EA
	s_waitcnt lgkmcnt(0)                                       // 000000002C88: BF89FC07
	ds_swizzle_b32 v20, v16 offset:swizzle(SWAP,16)            // 000000002C8C: D8D4401F 14000010
	ds_swizzle_b32 v21, v17 offset:swizzle(SWAP,16)            // 000000002C94: D8D4401F 15000011
	ds_swizzle_b32 v22, v18 offset:swizzle(SWAP,16)            // 000000002C9C: D8D4401F 16000012
	ds_swizzle_b32 v23, v19 offset:swizzle(SWAP,16)            // 000000002CA4: D8D4401F 17000013
	s_waitcnt lgkmcnt(0)                                       // 000000002CAC: BF89FC07
	v_wmma_f32_16x16x16_bf16 v[192:199], v[8:15], v[16:23], v[192:199]// 000000002CB0: CC4140C0 1F022108
	ds_load_b128 v[8:11], v5 offset:352                        // 000000002CB8: DBFC0160 08000005
	s_waitcnt lgkmcnt(0)                                       // 000000002CC0: BF89FC07
	ds_swizzle_b32 v12, v8 offset:swizzle(SWAP,16)             // 000000002CC4: D8D4401F 0C000008
	ds_swizzle_b32 v13, v9 offset:swizzle(SWAP,16)             // 000000002CCC: D8D4401F 0D000009
	ds_swizzle_b32 v14, v10 offset:swizzle(SWAP,16)            // 000000002CD4: D8D4401F 0E00000A
	ds_swizzle_b32 v15, v11 offset:swizzle(SWAP,16)            // 000000002CDC: D8D4401F 0F00000B
	s_waitcnt lgkmcnt(0)                                       // 000000002CE4: BF89FC07
	v_lshlrev_b32_e32 v234, 9, v3                              // 000000002CE8: 31D40689
	v_lshl_add_u32 v234, v4, 4, v234                           // 000000002CEC: D64600EA 07A90904
	v_add_nc_u32_e32 v234, 0x8160, v234                        // 000000002CF4: 4BD5D4FF 00008160
	v_and_b32_e32 v235, 7, v3                                  // 000000002CFC: 37D60687
	v_lshlrev_b32_e32 v235, 4, v235                            // 000000002D00: 31D7D684
	v_xor_b32_e32 v234, v235, v234                             // 000000002D04: 3BD5D5EB
	ds_load_b128 v[16:19], v234                                // 000000002D08: DBFC0000 100000EA
	s_waitcnt lgkmcnt(0)                                       // 000000002D10: BF89FC07
	ds_swizzle_b32 v20, v16 offset:swizzle(SWAP,16)            // 000000002D14: D8D4401F 14000010
	ds_swizzle_b32 v21, v17 offset:swizzle(SWAP,16)            // 000000002D1C: D8D4401F 15000011
	ds_swizzle_b32 v22, v18 offset:swizzle(SWAP,16)            // 000000002D24: D8D4401F 16000012
	ds_swizzle_b32 v23, v19 offset:swizzle(SWAP,16)            // 000000002D2C: D8D4401F 17000013
	s_waitcnt lgkmcnt(0)                                       // 000000002D34: BF89FC07
	v_wmma_f32_16x16x16_bf16 v[24:31], v[8:15], v[16:23], v[24:31]// 000000002D38: CC414018 1C622108
	v_lshlrev_b32_e32 v234, 9, v3                              // 000000002D40: 31D40689
	v_lshl_add_u32 v234, v4, 4, v234                           // 000000002D44: D64600EA 07A90904
	v_add_nc_u32_e32 v234, 0xa160, v234                        // 000000002D4C: 4BD5D4FF 0000A160
	v_and_b32_e32 v235, 7, v3                                  // 000000002D54: 37D60687
	v_lshlrev_b32_e32 v235, 4, v235                            // 000000002D58: 31D7D684
	v_xor_b32_e32 v234, v235, v234                             // 000000002D5C: 3BD5D5EB
	ds_load_b128 v[16:19], v234                                // 000000002D60: DBFC0000 100000EA
	s_waitcnt lgkmcnt(0)                                       // 000000002D68: BF89FC07
	ds_swizzle_b32 v20, v16 offset:swizzle(SWAP,16)            // 000000002D6C: D8D4401F 14000010
	ds_swizzle_b32 v21, v17 offset:swizzle(SWAP,16)            // 000000002D74: D8D4401F 15000011
	ds_swizzle_b32 v22, v18 offset:swizzle(SWAP,16)            // 000000002D7C: D8D4401F 16000012
	ds_swizzle_b32 v23, v19 offset:swizzle(SWAP,16)            // 000000002D84: D8D4401F 17000013
	s_waitcnt lgkmcnt(0)                                       // 000000002D8C: BF89FC07
	v_wmma_f32_16x16x16_bf16 v[192:199], v[8:15], v[16:23], v[192:199]// 000000002D90: CC4140C0 1F022108
	ds_load_b128 v[8:11], v5 offset:384                        // 000000002D98: DBFC0180 08000005
	s_waitcnt lgkmcnt(0)                                       // 000000002DA0: BF89FC07
	ds_swizzle_b32 v12, v8 offset:swizzle(SWAP,16)             // 000000002DA4: D8D4401F 0C000008
	ds_swizzle_b32 v13, v9 offset:swizzle(SWAP,16)             // 000000002DAC: D8D4401F 0D000009
	ds_swizzle_b32 v14, v10 offset:swizzle(SWAP,16)            // 000000002DB4: D8D4401F 0E00000A
	ds_swizzle_b32 v15, v11 offset:swizzle(SWAP,16)            // 000000002DBC: D8D4401F 0F00000B
	s_waitcnt lgkmcnt(0)                                       // 000000002DC4: BF89FC07
	v_lshlrev_b32_e32 v234, 9, v3                              // 000000002DC8: 31D40689
	v_lshl_add_u32 v234, v4, 4, v234                           // 000000002DCC: D64600EA 07A90904
	v_add_nc_u32_e32 v234, 0x8180, v234                        // 000000002DD4: 4BD5D4FF 00008180
	v_and_b32_e32 v235, 7, v3                                  // 000000002DDC: 37D60687
	v_lshlrev_b32_e32 v235, 4, v235                            // 000000002DE0: 31D7D684
	v_xor_b32_e32 v234, v235, v234                             // 000000002DE4: 3BD5D5EB
	ds_load_b128 v[16:19], v234                                // 000000002DE8: DBFC0000 100000EA
	s_waitcnt lgkmcnt(0)                                       // 000000002DF0: BF89FC07
	ds_swizzle_b32 v20, v16 offset:swizzle(SWAP,16)            // 000000002DF4: D8D4401F 14000010
	ds_swizzle_b32 v21, v17 offset:swizzle(SWAP,16)            // 000000002DFC: D8D4401F 15000011
	ds_swizzle_b32 v22, v18 offset:swizzle(SWAP,16)            // 000000002E04: D8D4401F 16000012
	ds_swizzle_b32 v23, v19 offset:swizzle(SWAP,16)            // 000000002E0C: D8D4401F 17000013
	s_waitcnt lgkmcnt(0)                                       // 000000002E14: BF89FC07
	v_wmma_f32_16x16x16_bf16 v[24:31], v[8:15], v[16:23], v[24:31]// 000000002E18: CC414018 1C622108
	v_lshlrev_b32_e32 v234, 9, v3                              // 000000002E20: 31D40689
	v_lshl_add_u32 v234, v4, 4, v234                           // 000000002E24: D64600EA 07A90904
	v_add_nc_u32_e32 v234, 0xa180, v234                        // 000000002E2C: 4BD5D4FF 0000A180
	v_and_b32_e32 v235, 7, v3                                  // 000000002E34: 37D60687
	v_lshlrev_b32_e32 v235, 4, v235                            // 000000002E38: 31D7D684
	v_xor_b32_e32 v234, v235, v234                             // 000000002E3C: 3BD5D5EB
	ds_load_b128 v[16:19], v234                                // 000000002E40: DBFC0000 100000EA
	s_waitcnt lgkmcnt(0)                                       // 000000002E48: BF89FC07
	ds_swizzle_b32 v20, v16 offset:swizzle(SWAP,16)            // 000000002E4C: D8D4401F 14000010
	ds_swizzle_b32 v21, v17 offset:swizzle(SWAP,16)            // 000000002E54: D8D4401F 15000011
	ds_swizzle_b32 v22, v18 offset:swizzle(SWAP,16)            // 000000002E5C: D8D4401F 16000012
	ds_swizzle_b32 v23, v19 offset:swizzle(SWAP,16)            // 000000002E64: D8D4401F 17000013
	s_waitcnt lgkmcnt(0)                                       // 000000002E6C: BF89FC07
	v_wmma_f32_16x16x16_bf16 v[192:199], v[8:15], v[16:23], v[192:199]// 000000002E70: CC4140C0 1F022108
	ds_load_b128 v[8:11], v5 offset:416                        // 000000002E78: DBFC01A0 08000005
	s_waitcnt lgkmcnt(0)                                       // 000000002E80: BF89FC07
	ds_swizzle_b32 v12, v8 offset:swizzle(SWAP,16)             // 000000002E84: D8D4401F 0C000008
	ds_swizzle_b32 v13, v9 offset:swizzle(SWAP,16)             // 000000002E8C: D8D4401F 0D000009
	ds_swizzle_b32 v14, v10 offset:swizzle(SWAP,16)            // 000000002E94: D8D4401F 0E00000A
	ds_swizzle_b32 v15, v11 offset:swizzle(SWAP,16)            // 000000002E9C: D8D4401F 0F00000B
	s_waitcnt lgkmcnt(0)                                       // 000000002EA4: BF89FC07
	v_lshlrev_b32_e32 v234, 9, v3                              // 000000002EA8: 31D40689
	v_lshl_add_u32 v234, v4, 4, v234                           // 000000002EAC: D64600EA 07A90904
	v_add_nc_u32_e32 v234, 0x81a0, v234                        // 000000002EB4: 4BD5D4FF 000081A0
	v_and_b32_e32 v235, 7, v3                                  // 000000002EBC: 37D60687
	v_lshlrev_b32_e32 v235, 4, v235                            // 000000002EC0: 31D7D684
	v_xor_b32_e32 v234, v235, v234                             // 000000002EC4: 3BD5D5EB
	ds_load_b128 v[16:19], v234                                // 000000002EC8: DBFC0000 100000EA
	s_waitcnt lgkmcnt(0)                                       // 000000002ED0: BF89FC07
	ds_swizzle_b32 v20, v16 offset:swizzle(SWAP,16)            // 000000002ED4: D8D4401F 14000010
	ds_swizzle_b32 v21, v17 offset:swizzle(SWAP,16)            // 000000002EDC: D8D4401F 15000011
	ds_swizzle_b32 v22, v18 offset:swizzle(SWAP,16)            // 000000002EE4: D8D4401F 16000012
	ds_swizzle_b32 v23, v19 offset:swizzle(SWAP,16)            // 000000002EEC: D8D4401F 17000013
	s_waitcnt lgkmcnt(0)                                       // 000000002EF4: BF89FC07
	v_wmma_f32_16x16x16_bf16 v[24:31], v[8:15], v[16:23], v[24:31]// 000000002EF8: CC414018 1C622108
	v_lshlrev_b32_e32 v234, 9, v3                              // 000000002F00: 31D40689
	v_lshl_add_u32 v234, v4, 4, v234                           // 000000002F04: D64600EA 07A90904
	v_add_nc_u32_e32 v234, 0xa1a0, v234                        // 000000002F0C: 4BD5D4FF 0000A1A0
	v_and_b32_e32 v235, 7, v3                                  // 000000002F14: 37D60687
	v_lshlrev_b32_e32 v235, 4, v235                            // 000000002F18: 31D7D684
	v_xor_b32_e32 v234, v235, v234                             // 000000002F1C: 3BD5D5EB
	ds_load_b128 v[16:19], v234                                // 000000002F20: DBFC0000 100000EA
	s_waitcnt lgkmcnt(0)                                       // 000000002F28: BF89FC07
	ds_swizzle_b32 v20, v16 offset:swizzle(SWAP,16)            // 000000002F2C: D8D4401F 14000010
	ds_swizzle_b32 v21, v17 offset:swizzle(SWAP,16)            // 000000002F34: D8D4401F 15000011
	ds_swizzle_b32 v22, v18 offset:swizzle(SWAP,16)            // 000000002F3C: D8D4401F 16000012
	ds_swizzle_b32 v23, v19 offset:swizzle(SWAP,16)            // 000000002F44: D8D4401F 17000013
	s_waitcnt lgkmcnt(0)                                       // 000000002F4C: BF89FC07
	v_wmma_f32_16x16x16_bf16 v[192:199], v[8:15], v[16:23], v[192:199]// 000000002F50: CC4140C0 1F022108
	ds_load_b128 v[8:11], v5 offset:448                        // 000000002F58: DBFC01C0 08000005
	s_waitcnt lgkmcnt(0)                                       // 000000002F60: BF89FC07
	ds_swizzle_b32 v12, v8 offset:swizzle(SWAP,16)             // 000000002F64: D8D4401F 0C000008
	ds_swizzle_b32 v13, v9 offset:swizzle(SWAP,16)             // 000000002F6C: D8D4401F 0D000009
	ds_swizzle_b32 v14, v10 offset:swizzle(SWAP,16)            // 000000002F74: D8D4401F 0E00000A
	ds_swizzle_b32 v15, v11 offset:swizzle(SWAP,16)            // 000000002F7C: D8D4401F 0F00000B
	s_waitcnt lgkmcnt(0)                                       // 000000002F84: BF89FC07
	v_lshlrev_b32_e32 v234, 9, v3                              // 000000002F88: 31D40689
	v_lshl_add_u32 v234, v4, 4, v234                           // 000000002F8C: D64600EA 07A90904
	v_add_nc_u32_e32 v234, 0x81c0, v234                        // 000000002F94: 4BD5D4FF 000081C0
	v_and_b32_e32 v235, 7, v3                                  // 000000002F9C: 37D60687
	v_lshlrev_b32_e32 v235, 4, v235                            // 000000002FA0: 31D7D684
	v_xor_b32_e32 v234, v235, v234                             // 000000002FA4: 3BD5D5EB
	ds_load_b128 v[16:19], v234                                // 000000002FA8: DBFC0000 100000EA
	s_waitcnt lgkmcnt(0)                                       // 000000002FB0: BF89FC07
	ds_swizzle_b32 v20, v16 offset:swizzle(SWAP,16)            // 000000002FB4: D8D4401F 14000010
	ds_swizzle_b32 v21, v17 offset:swizzle(SWAP,16)            // 000000002FBC: D8D4401F 15000011
	ds_swizzle_b32 v22, v18 offset:swizzle(SWAP,16)            // 000000002FC4: D8D4401F 16000012
	ds_swizzle_b32 v23, v19 offset:swizzle(SWAP,16)            // 000000002FCC: D8D4401F 17000013
	s_waitcnt lgkmcnt(0)                                       // 000000002FD4: BF89FC07
	v_wmma_f32_16x16x16_bf16 v[24:31], v[8:15], v[16:23], v[24:31]// 000000002FD8: CC414018 1C622108
	v_lshlrev_b32_e32 v234, 9, v3                              // 000000002FE0: 31D40689
	v_lshl_add_u32 v234, v4, 4, v234                           // 000000002FE4: D64600EA 07A90904
	v_add_nc_u32_e32 v234, 0xa1c0, v234                        // 000000002FEC: 4BD5D4FF 0000A1C0
	v_and_b32_e32 v235, 7, v3                                  // 000000002FF4: 37D60687
	v_lshlrev_b32_e32 v235, 4, v235                            // 000000002FF8: 31D7D684
	v_xor_b32_e32 v234, v235, v234                             // 000000002FFC: 3BD5D5EB
	ds_load_b128 v[16:19], v234                                // 000000003000: DBFC0000 100000EA
	s_waitcnt lgkmcnt(0)                                       // 000000003008: BF89FC07
	ds_swizzle_b32 v20, v16 offset:swizzle(SWAP,16)            // 00000000300C: D8D4401F 14000010
	ds_swizzle_b32 v21, v17 offset:swizzle(SWAP,16)            // 000000003014: D8D4401F 15000011
	ds_swizzle_b32 v22, v18 offset:swizzle(SWAP,16)            // 00000000301C: D8D4401F 16000012
	ds_swizzle_b32 v23, v19 offset:swizzle(SWAP,16)            // 000000003024: D8D4401F 17000013
	s_waitcnt lgkmcnt(0)                                       // 00000000302C: BF89FC07
	v_wmma_f32_16x16x16_bf16 v[192:199], v[8:15], v[16:23], v[192:199]// 000000003030: CC4140C0 1F022108
	ds_load_b128 v[8:11], v5 offset:480                        // 000000003038: DBFC01E0 08000005
	s_waitcnt lgkmcnt(0)                                       // 000000003040: BF89FC07
	ds_swizzle_b32 v12, v8 offset:swizzle(SWAP,16)             // 000000003044: D8D4401F 0C000008
	ds_swizzle_b32 v13, v9 offset:swizzle(SWAP,16)             // 00000000304C: D8D4401F 0D000009
	ds_swizzle_b32 v14, v10 offset:swizzle(SWAP,16)            // 000000003054: D8D4401F 0E00000A
	ds_swizzle_b32 v15, v11 offset:swizzle(SWAP,16)            // 00000000305C: D8D4401F 0F00000B
	s_waitcnt lgkmcnt(0)                                       // 000000003064: BF89FC07
	v_lshlrev_b32_e32 v234, 9, v3                              // 000000003068: 31D40689
	v_lshl_add_u32 v234, v4, 4, v234                           // 00000000306C: D64600EA 07A90904
	v_add_nc_u32_e32 v234, 0x81e0, v234                        // 000000003074: 4BD5D4FF 000081E0
	v_and_b32_e32 v235, 7, v3                                  // 00000000307C: 37D60687
	v_lshlrev_b32_e32 v235, 4, v235                            // 000000003080: 31D7D684
	v_xor_b32_e32 v234, v235, v234                             // 000000003084: 3BD5D5EB
	ds_load_b128 v[16:19], v234                                // 000000003088: DBFC0000 100000EA
	s_waitcnt lgkmcnt(0)                                       // 000000003090: BF89FC07
	ds_swizzle_b32 v20, v16 offset:swizzle(SWAP,16)            // 000000003094: D8D4401F 14000010
	ds_swizzle_b32 v21, v17 offset:swizzle(SWAP,16)            // 00000000309C: D8D4401F 15000011
	ds_swizzle_b32 v22, v18 offset:swizzle(SWAP,16)            // 0000000030A4: D8D4401F 16000012
	ds_swizzle_b32 v23, v19 offset:swizzle(SWAP,16)            // 0000000030AC: D8D4401F 17000013
	s_waitcnt lgkmcnt(0)                                       // 0000000030B4: BF89FC07
	v_wmma_f32_16x16x16_bf16 v[24:31], v[8:15], v[16:23], v[24:31]// 0000000030B8: CC414018 1C622108
	v_lshlrev_b32_e32 v234, 9, v3                              // 0000000030C0: 31D40689
	v_lshl_add_u32 v234, v4, 4, v234                           // 0000000030C4: D64600EA 07A90904
	v_add_nc_u32_e32 v234, 0xa1e0, v234                        // 0000000030CC: 4BD5D4FF 0000A1E0
	v_and_b32_e32 v235, 7, v3                                  // 0000000030D4: 37D60687
	v_lshlrev_b32_e32 v235, 4, v235                            // 0000000030D8: 31D7D684
	v_xor_b32_e32 v234, v235, v234                             // 0000000030DC: 3BD5D5EB
	ds_load_b128 v[16:19], v234                                // 0000000030E0: DBFC0000 100000EA
	s_waitcnt lgkmcnt(0)                                       // 0000000030E8: BF89FC07
	ds_swizzle_b32 v20, v16 offset:swizzle(SWAP,16)            // 0000000030EC: D8D4401F 14000010
	ds_swizzle_b32 v21, v17 offset:swizzle(SWAP,16)            // 0000000030F4: D8D4401F 15000011
	ds_swizzle_b32 v22, v18 offset:swizzle(SWAP,16)            // 0000000030FC: D8D4401F 16000012
	ds_swizzle_b32 v23, v19 offset:swizzle(SWAP,16)            // 000000003104: D8D4401F 17000013
	s_waitcnt lgkmcnt(0)                                       // 00000000310C: BF89FC07
	v_wmma_f32_16x16x16_bf16 v[192:199], v[8:15], v[16:23], v[192:199]// 000000003110: CC4140C0 1F022108
	s_barrier                                                  // 000000003118: BFBD0000
	s_cmp_lt_u32 s28, s19                                      // 00000000311C: BF0A131C
	s_cbranch_scc0 158                                         // 000000003120: BFA1009E <extend_attention_wmma_n64_split_kv_gfx1151+0x1a9c>
	s_add_u32 s30, s28, s29                                    // 000000003124: 801E1D1C
	s_add_u32 s30, s30, 32                                     // 000000003128: 801EA01E
	s_lshl_b32 s30, s30, 3                                     // 00000000312C: 841E831E
	s_load_b64 s[44:45], s[16:17], s30                         // 000000003130: F4040B08 3C000000
	s_load_b64 s[46:47], s[16:17], s30 offset:0x20             // 000000003138: F4040B88 3C000020
	s_load_b64 s[48:49], s[16:17], s30 offset:0x40             // 000000003140: F4040C08 3C000040
	s_load_b64 s[50:51], s[16:17], s30 offset:0x60             // 000000003148: F4040C88 3C000060
	s_load_b64 s[52:53], s[16:17], s30 offset:0x80             // 000000003150: F4040D08 3C000080
	s_load_b64 s[54:55], s[16:17], s30 offset:0xa0             // 000000003158: F4040D88 3C0000A0
	s_load_b64 s[56:57], s[16:17], s30 offset:0xc0             // 000000003160: F4040E08 3C0000C0
	s_load_b64 s[58:59], s[16:17], s30 offset:0xe0             // 000000003168: F4040E88 3C0000E0
	s_waitcnt lgkmcnt(0)                                       // 000000003170: BF89FC07
	s_lshl_b32 s38, s44, 10                                    // 000000003174: 84268A2C
	s_add_u32 s38, s38, s25                                    // 000000003178: 80261926
	s_add_u32 s32, s12, s38                                    // 00000000317C: 8020260C
	s_addc_u32 s33, s13, 0                                     // 000000003180: 8221800D
	global_load_b128 v[8:11], v229, s[32:33]                   // 000000003184: DC5E0000 082000E5
	s_lshl_b32 s38, s46, 10                                    // 00000000318C: 84268A2E
	s_add_u32 s38, s38, s25                                    // 000000003190: 80261926
	s_add_u32 s32, s12, s38                                    // 000000003194: 8020260C
	s_addc_u32 s33, s13, 0                                     // 000000003198: 8221800D
	global_load_b128 v[12:15], v229, s[32:33]                  // 00000000319C: DC5E0000 0C2000E5
	s_lshl_b32 s38, s48, 10                                    // 0000000031A4: 84268A30
	s_add_u32 s38, s38, s25                                    // 0000000031A8: 80261926
	s_add_u32 s32, s12, s38                                    // 0000000031AC: 8020260C
	s_addc_u32 s33, s13, 0                                     // 0000000031B0: 8221800D
	global_load_b128 v[16:19], v229, s[32:33]                  // 0000000031B4: DC5E0000 102000E5
	s_lshl_b32 s38, s50, 10                                    // 0000000031BC: 84268A32
	s_add_u32 s38, s38, s25                                    // 0000000031C0: 80261926
	s_add_u32 s32, s12, s38                                    // 0000000031C4: 8020260C
	s_addc_u32 s33, s13, 0                                     // 0000000031C8: 8221800D
	global_load_b128 v[20:23], v229, s[32:33]                  // 0000000031CC: DC5E0000 142000E5
	s_lshl_b32 s38, s52, 10                                    // 0000000031D4: 84268A34
	s_add_u32 s38, s38, s25                                    // 0000000031D8: 80261926
	s_add_u32 s32, s12, s38                                    // 0000000031DC: 8020260C
	s_addc_u32 s33, s13, 0                                     // 0000000031E0: 8221800D
	global_load_b128 v[231:234], v229, s[32:33]                // 0000000031E4: DC5E0000 E72000E5
	s_lshl_b32 s38, s54, 10                                    // 0000000031EC: 84268A36
	s_add_u32 s38, s38, s25                                    // 0000000031F0: 80261926
	s_add_u32 s32, s12, s38                                    // 0000000031F4: 8020260C
	s_addc_u32 s33, s13, 0                                     // 0000000031F8: 8221800D
	global_load_b128 v[235:238], v229, s[32:33]                // 0000000031FC: DC5E0000 EB2000E5
	s_lshl_b32 s38, s56, 10                                    // 000000003204: 84268A38
	s_add_u32 s38, s38, s25                                    // 000000003208: 80261926
	s_add_u32 s32, s12, s38                                    // 00000000320C: 8020260C
	s_addc_u32 s33, s13, 0                                     // 000000003210: 8221800D
	global_load_b128 v[239:242], v229, s[32:33]                // 000000003214: DC5E0000 EF2000E5
	s_lshl_b32 s38, s58, 10                                    // 00000000321C: 84268A3A
	s_add_u32 s38, s38, s25                                    // 000000003220: 80261926
	s_add_u32 s32, s12, s38                                    // 000000003224: 8020260C
	s_addc_u32 s33, s13, 0                                     // 000000003228: 8221800D
	global_load_b128 v[243:246], v229, s[32:33]                // 00000000322C: DC5E0000 F32000E5
	s_waitcnt vmcnt(0)                                         // 000000003234: BF8903F7
	s_add_u32 s39, s29, 0                                      // 000000003238: 8027801D
	s_lshl_b32 s39, s39, 9                                     // 00000000323C: 84278927
	v_add_nc_u32_e32 v230, s39, v229                           // 000000003240: 4BCDCA27
	v_add_nc_u32_e32 v230, 0x8000, v230                        // 000000003244: 4BCDCCFF 00008000
	s_lshr_b32 s41, s39, 9                                     // 00000000324C: 85298927
	s_and_b32 s41, s41, 7                                      // 000000003250: 8B298729
	s_lshl_b32 s41, s41, 4                                     // 000000003254: 84298429
	v_xor_b32_e32 v230, s41, v230                              // 000000003258: 3BCDCC29
	ds_store_b128 v230, v[8:11]                                // 00000000325C: DB7C0000 000008E6
	s_add_u32 s39, s29, 4                                      // 000000003264: 8027841D
	s_lshl_b32 s39, s39, 9                                     // 000000003268: 84278927
	v_add_nc_u32_e32 v230, s39, v229                           // 00000000326C: 4BCDCA27
	v_add_nc_u32_e32 v230, 0x8000, v230                        // 000000003270: 4BCDCCFF 00008000
	s_lshr_b32 s41, s39, 9                                     // 000000003278: 85298927
	s_and_b32 s41, s41, 7                                      // 00000000327C: 8B298729
	s_lshl_b32 s41, s41, 4                                     // 000000003280: 84298429
	v_xor_b32_e32 v230, s41, v230                              // 000000003284: 3BCDCC29
	ds_store_b128 v230, v[12:15]                               // 000000003288: DB7C0000 00000CE6
	s_add_u32 s39, s29, 8                                      // 000000003290: 8027881D
	s_lshl_b32 s39, s39, 9                                     // 000000003294: 84278927
	v_add_nc_u32_e32 v230, s39, v229                           // 000000003298: 4BCDCA27
	v_add_nc_u32_e32 v230, 0x8000, v230                        // 00000000329C: 4BCDCCFF 00008000
	s_lshr_b32 s41, s39, 9                                     // 0000000032A4: 85298927
	s_and_b32 s41, s41, 7                                      // 0000000032A8: 8B298729
	s_lshl_b32 s41, s41, 4                                     // 0000000032AC: 84298429
	v_xor_b32_e32 v230, s41, v230                              // 0000000032B0: 3BCDCC29
	ds_store_b128 v230, v[16:19]                               // 0000000032B4: DB7C0000 000010E6
	s_add_u32 s39, s29, 12                                     // 0000000032BC: 80278C1D
	s_lshl_b32 s39, s39, 9                                     // 0000000032C0: 84278927
	v_add_nc_u32_e32 v230, s39, v229                           // 0000000032C4: 4BCDCA27
	v_add_nc_u32_e32 v230, 0x8000, v230                        // 0000000032C8: 4BCDCCFF 00008000
	s_lshr_b32 s41, s39, 9                                     // 0000000032D0: 85298927
	s_and_b32 s41, s41, 7                                      // 0000000032D4: 8B298729
	s_lshl_b32 s41, s41, 4                                     // 0000000032D8: 84298429
	v_xor_b32_e32 v230, s41, v230                              // 0000000032DC: 3BCDCC29
	ds_store_b128 v230, v[20:23]                               // 0000000032E0: DB7C0000 000014E6
	s_add_u32 s39, s29, 16                                     // 0000000032E8: 8027901D
	s_lshl_b32 s39, s39, 9                                     // 0000000032EC: 84278927
	v_add_nc_u32_e32 v230, s39, v229                           // 0000000032F0: 4BCDCA27
	v_add_nc_u32_e32 v230, 0x8000, v230                        // 0000000032F4: 4BCDCCFF 00008000
	s_lshr_b32 s41, s39, 9                                     // 0000000032FC: 85298927
	s_and_b32 s41, s41, 7                                      // 000000003300: 8B298729
	s_lshl_b32 s41, s41, 4                                     // 000000003304: 84298429
	v_xor_b32_e32 v230, s41, v230                              // 000000003308: 3BCDCC29
	ds_store_b128 v230, v[231:234]                             // 00000000330C: DB7C0000 0000E7E6
	s_add_u32 s39, s29, 20                                     // 000000003314: 8027941D
	s_lshl_b32 s39, s39, 9                                     // 000000003318: 84278927
	v_add_nc_u32_e32 v230, s39, v229                           // 00000000331C: 4BCDCA27
	v_add_nc_u32_e32 v230, 0x8000, v230                        // 000000003320: 4BCDCCFF 00008000
	s_lshr_b32 s41, s39, 9                                     // 000000003328: 85298927
	s_and_b32 s41, s41, 7                                      // 00000000332C: 8B298729
	s_lshl_b32 s41, s41, 4                                     // 000000003330: 84298429
	v_xor_b32_e32 v230, s41, v230                              // 000000003334: 3BCDCC29
	ds_store_b128 v230, v[235:238]                             // 000000003338: DB7C0000 0000EBE6
	s_add_u32 s39, s29, 24                                     // 000000003340: 8027981D
	s_lshl_b32 s39, s39, 9                                     // 000000003344: 84278927
	v_add_nc_u32_e32 v230, s39, v229                           // 000000003348: 4BCDCA27
	v_add_nc_u32_e32 v230, 0x8000, v230                        // 00000000334C: 4BCDCCFF 00008000
	s_lshr_b32 s41, s39, 9                                     // 000000003354: 85298927
	s_and_b32 s41, s41, 7                                      // 000000003358: 8B298729
	s_lshl_b32 s41, s41, 4                                     // 00000000335C: 84298429
	v_xor_b32_e32 v230, s41, v230                              // 000000003360: 3BCDCC29
	ds_store_b128 v230, v[239:242]                             // 000000003364: DB7C0000 0000EFE6
	s_add_u32 s39, s29, 28                                     // 00000000336C: 80279C1D
	s_lshl_b32 s39, s39, 9                                     // 000000003370: 84278927
	v_add_nc_u32_e32 v230, s39, v229                           // 000000003374: 4BCDCA27
	v_add_nc_u32_e32 v230, 0x8000, v230                        // 000000003378: 4BCDCCFF 00008000
	s_lshr_b32 s41, s39, 9                                     // 000000003380: 85298927
	s_and_b32 s41, s41, 7                                      // 000000003384: 8B298729
	s_lshl_b32 s41, s41, 4                                     // 000000003388: 84298429
	v_xor_b32_e32 v230, s41, v230                              // 00000000338C: 3BCDCC29
	ds_store_b128 v230, v[243:246]                             // 000000003390: DB7C0000 0000F3E6
	s_branch 161                                               // 000000003398: BFA000A1 <extend_attention_wmma_n64_split_kv_gfx1151+0x1d20>
	s_add_u32 s38, s28, s29                                    // 00000000339C: 80261D1C
	s_add_u32 s38, s38, 32                                     // 0000000033A0: 8026A026
	s_sub_u32 s38, s38, s19                                    // 0000000033A4: 80A61326
	s_lshl_b32 s38, s38, 10                                    // 0000000033A8: 84268A26
	s_add_u32 s38, s38, s25                                    // 0000000033AC: 80261926
	s_add_u32 s32, s6, s38                                     // 0000000033B0: 80202606
	s_addc_u32 s33, s7, 0                                      // 0000000033B4: 82218007
	global_load_b128 v[8:11], v229, s[32:33]                   // 0000000033B8: DC5E0000 082000E5
	s_add_u32 s38, s28, s29                                    // 0000000033C0: 80261D1C
	s_add_u32 s38, s38, 36                                     // 0000000033C4: 8026A426
	s_sub_u32 s38, s38, s19                                    // 0000000033C8: 80A61326
	s_lshl_b32 s38, s38, 10                                    // 0000000033CC: 84268A26
	s_add_u32 s38, s38, s25                                    // 0000000033D0: 80261926
	s_add_u32 s32, s6, s38                                     // 0000000033D4: 80202606
	s_addc_u32 s33, s7, 0                                      // 0000000033D8: 82218007
	global_load_b128 v[12:15], v229, s[32:33]                  // 0000000033DC: DC5E0000 0C2000E5
	s_add_u32 s38, s28, s29                                    // 0000000033E4: 80261D1C
	s_add_u32 s38, s38, 40                                     // 0000000033E8: 8026A826
	s_sub_u32 s38, s38, s19                                    // 0000000033EC: 80A61326
	s_lshl_b32 s38, s38, 10                                    // 0000000033F0: 84268A26
	s_add_u32 s38, s38, s25                                    // 0000000033F4: 80261926
	s_add_u32 s32, s6, s38                                     // 0000000033F8: 80202606
	s_addc_u32 s33, s7, 0                                      // 0000000033FC: 82218007
	global_load_b128 v[16:19], v229, s[32:33]                  // 000000003400: DC5E0000 102000E5
	s_add_u32 s38, s28, s29                                    // 000000003408: 80261D1C
	s_add_u32 s38, s38, 44                                     // 00000000340C: 8026AC26
	s_sub_u32 s38, s38, s19                                    // 000000003410: 80A61326
	s_lshl_b32 s38, s38, 10                                    // 000000003414: 84268A26
	s_add_u32 s38, s38, s25                                    // 000000003418: 80261926
	s_add_u32 s32, s6, s38                                     // 00000000341C: 80202606
	s_addc_u32 s33, s7, 0                                      // 000000003420: 82218007
	global_load_b128 v[20:23], v229, s[32:33]                  // 000000003424: DC5E0000 142000E5
	s_add_u32 s38, s28, s29                                    // 00000000342C: 80261D1C
	s_add_u32 s38, s38, 48                                     // 000000003430: 8026B026
	s_sub_u32 s38, s38, s19                                    // 000000003434: 80A61326
	s_lshl_b32 s38, s38, 10                                    // 000000003438: 84268A26
	s_add_u32 s38, s38, s25                                    // 00000000343C: 80261926
	s_add_u32 s32, s6, s38                                     // 000000003440: 80202606
	s_addc_u32 s33, s7, 0                                      // 000000003444: 82218007
	global_load_b128 v[231:234], v229, s[32:33]                // 000000003448: DC5E0000 E72000E5
	s_add_u32 s38, s28, s29                                    // 000000003450: 80261D1C
	s_add_u32 s38, s38, 52                                     // 000000003454: 8026B426
	s_sub_u32 s38, s38, s19                                    // 000000003458: 80A61326
	s_lshl_b32 s38, s38, 10                                    // 00000000345C: 84268A26
	s_add_u32 s38, s38, s25                                    // 000000003460: 80261926
	s_add_u32 s32, s6, s38                                     // 000000003464: 80202606
	s_addc_u32 s33, s7, 0                                      // 000000003468: 82218007
	global_load_b128 v[235:238], v229, s[32:33]                // 00000000346C: DC5E0000 EB2000E5
	s_add_u32 s38, s28, s29                                    // 000000003474: 80261D1C
	s_add_u32 s38, s38, 56                                     // 000000003478: 8026B826
	s_sub_u32 s38, s38, s19                                    // 00000000347C: 80A61326
	s_lshl_b32 s38, s38, 10                                    // 000000003480: 84268A26
	s_add_u32 s38, s38, s25                                    // 000000003484: 80261926
	s_add_u32 s32, s6, s38                                     // 000000003488: 80202606
	s_addc_u32 s33, s7, 0                                      // 00000000348C: 82218007
	global_load_b128 v[239:242], v229, s[32:33]                // 000000003490: DC5E0000 EF2000E5
	s_add_u32 s38, s28, s29                                    // 000000003498: 80261D1C
	s_add_u32 s38, s38, 60                                     // 00000000349C: 8026BC26
	s_sub_u32 s38, s38, s19                                    // 0000000034A0: 80A61326
	s_lshl_b32 s38, s38, 10                                    // 0000000034A4: 84268A26
	s_add_u32 s38, s38, s25                                    // 0000000034A8: 80261926
	s_add_u32 s32, s6, s38                                     // 0000000034AC: 80202606
	s_addc_u32 s33, s7, 0                                      // 0000000034B0: 82218007
	global_load_b128 v[243:246], v229, s[32:33]                // 0000000034B4: DC5E0000 F32000E5
	s_waitcnt vmcnt(0)                                         // 0000000034BC: BF8903F7
	s_add_u32 s39, s29, 0                                      // 0000000034C0: 8027801D
	s_lshl_b32 s39, s39, 9                                     // 0000000034C4: 84278927
	v_add_nc_u32_e32 v230, s39, v229                           // 0000000034C8: 4BCDCA27
	v_add_nc_u32_e32 v230, 0x8000, v230                        // 0000000034CC: 4BCDCCFF 00008000
	s_lshr_b32 s41, s39, 9                                     // 0000000034D4: 85298927
	s_and_b32 s41, s41, 7                                      // 0000000034D8: 8B298729
	s_lshl_b32 s41, s41, 4                                     // 0000000034DC: 84298429
	v_xor_b32_e32 v230, s41, v230                              // 0000000034E0: 3BCDCC29
	ds_store_b128 v230, v[8:11]                                // 0000000034E4: DB7C0000 000008E6
	s_add_u32 s39, s29, 4                                      // 0000000034EC: 8027841D
	s_lshl_b32 s39, s39, 9                                     // 0000000034F0: 84278927
	v_add_nc_u32_e32 v230, s39, v229                           // 0000000034F4: 4BCDCA27
	v_add_nc_u32_e32 v230, 0x8000, v230                        // 0000000034F8: 4BCDCCFF 00008000
	s_lshr_b32 s41, s39, 9                                     // 000000003500: 85298927
	s_and_b32 s41, s41, 7                                      // 000000003504: 8B298729
	s_lshl_b32 s41, s41, 4                                     // 000000003508: 84298429
	v_xor_b32_e32 v230, s41, v230                              // 00000000350C: 3BCDCC29
	ds_store_b128 v230, v[12:15]                               // 000000003510: DB7C0000 00000CE6
	s_add_u32 s39, s29, 8                                      // 000000003518: 8027881D
	s_lshl_b32 s39, s39, 9                                     // 00000000351C: 84278927
	v_add_nc_u32_e32 v230, s39, v229                           // 000000003520: 4BCDCA27
	v_add_nc_u32_e32 v230, 0x8000, v230                        // 000000003524: 4BCDCCFF 00008000
	s_lshr_b32 s41, s39, 9                                     // 00000000352C: 85298927
	s_and_b32 s41, s41, 7                                      // 000000003530: 8B298729
	s_lshl_b32 s41, s41, 4                                     // 000000003534: 84298429
	v_xor_b32_e32 v230, s41, v230                              // 000000003538: 3BCDCC29
	ds_store_b128 v230, v[16:19]                               // 00000000353C: DB7C0000 000010E6
	s_add_u32 s39, s29, 12                                     // 000000003544: 80278C1D
	s_lshl_b32 s39, s39, 9                                     // 000000003548: 84278927
	v_add_nc_u32_e32 v230, s39, v229                           // 00000000354C: 4BCDCA27
	v_add_nc_u32_e32 v230, 0x8000, v230                        // 000000003550: 4BCDCCFF 00008000
	s_lshr_b32 s41, s39, 9                                     // 000000003558: 85298927
	s_and_b32 s41, s41, 7                                      // 00000000355C: 8B298729
	s_lshl_b32 s41, s41, 4                                     // 000000003560: 84298429
	v_xor_b32_e32 v230, s41, v230                              // 000000003564: 3BCDCC29
	ds_store_b128 v230, v[20:23]                               // 000000003568: DB7C0000 000014E6
	s_add_u32 s39, s29, 16                                     // 000000003570: 8027901D
	s_lshl_b32 s39, s39, 9                                     // 000000003574: 84278927
	v_add_nc_u32_e32 v230, s39, v229                           // 000000003578: 4BCDCA27
	v_add_nc_u32_e32 v230, 0x8000, v230                        // 00000000357C: 4BCDCCFF 00008000
	s_lshr_b32 s41, s39, 9                                     // 000000003584: 85298927
	s_and_b32 s41, s41, 7                                      // 000000003588: 8B298729
	s_lshl_b32 s41, s41, 4                                     // 00000000358C: 84298429
	v_xor_b32_e32 v230, s41, v230                              // 000000003590: 3BCDCC29
	ds_store_b128 v230, v[231:234]                             // 000000003594: DB7C0000 0000E7E6
	s_add_u32 s39, s29, 20                                     // 00000000359C: 8027941D
	s_lshl_b32 s39, s39, 9                                     // 0000000035A0: 84278927
	v_add_nc_u32_e32 v230, s39, v229                           // 0000000035A4: 4BCDCA27
	v_add_nc_u32_e32 v230, 0x8000, v230                        // 0000000035A8: 4BCDCCFF 00008000
	s_lshr_b32 s41, s39, 9                                     // 0000000035B0: 85298927
	s_and_b32 s41, s41, 7                                      // 0000000035B4: 8B298729
	s_lshl_b32 s41, s41, 4                                     // 0000000035B8: 84298429
	v_xor_b32_e32 v230, s41, v230                              // 0000000035BC: 3BCDCC29
	ds_store_b128 v230, v[235:238]                             // 0000000035C0: DB7C0000 0000EBE6
	s_add_u32 s39, s29, 24                                     // 0000000035C8: 8027981D
	s_lshl_b32 s39, s39, 9                                     // 0000000035CC: 84278927
	v_add_nc_u32_e32 v230, s39, v229                           // 0000000035D0: 4BCDCA27
	v_add_nc_u32_e32 v230, 0x8000, v230                        // 0000000035D4: 4BCDCCFF 00008000
	s_lshr_b32 s41, s39, 9                                     // 0000000035DC: 85298927
	s_and_b32 s41, s41, 7                                      // 0000000035E0: 8B298729
	s_lshl_b32 s41, s41, 4                                     // 0000000035E4: 84298429
	v_xor_b32_e32 v230, s41, v230                              // 0000000035E8: 3BCDCC29
	ds_store_b128 v230, v[239:242]                             // 0000000035EC: DB7C0000 0000EFE6
	s_add_u32 s39, s29, 28                                     // 0000000035F4: 80279C1D
	s_lshl_b32 s39, s39, 9                                     // 0000000035F8: 84278927
	v_add_nc_u32_e32 v230, s39, v229                           // 0000000035FC: 4BCDCA27
	v_add_nc_u32_e32 v230, 0x8000, v230                        // 000000003600: 4BCDCCFF 00008000
	s_lshr_b32 s41, s39, 9                                     // 000000003608: 85298927
	s_and_b32 s41, s41, 7                                      // 00000000360C: 8B298729
	s_lshl_b32 s41, s41, 4                                     // 000000003610: 84298429
	v_xor_b32_e32 v230, s41, v230                              // 000000003614: 3BCDCC29
	ds_store_b128 v230, v[243:246]                             // 000000003618: DB7C0000 0000F3E6
	s_waitcnt lgkmcnt(0)                                       // 000000003620: BF89FC07
	s_barrier                                                  // 000000003624: BFBD0000
	ds_load_b128 v[8:11], v5                                   // 000000003628: DBFC0000 08000005
	s_waitcnt lgkmcnt(0)                                       // 000000003630: BF89FC07
	ds_swizzle_b32 v12, v8 offset:swizzle(SWAP,16)             // 000000003634: D8D4401F 0C000008
	ds_swizzle_b32 v13, v9 offset:swizzle(SWAP,16)             // 00000000363C: D8D4401F 0D000009
	ds_swizzle_b32 v14, v10 offset:swizzle(SWAP,16)            // 000000003644: D8D4401F 0E00000A
	ds_swizzle_b32 v15, v11 offset:swizzle(SWAP,16)            // 00000000364C: D8D4401F 0F00000B
	s_waitcnt lgkmcnt(0)                                       // 000000003654: BF89FC07
	v_lshlrev_b32_e32 v234, 9, v3                              // 000000003658: 31D40689
	v_lshl_add_u32 v234, v4, 4, v234                           // 00000000365C: D64600EA 07A90904
	v_add_nc_u32_e32 v234, 0x8000, v234                        // 000000003664: 4BD5D4FF 00008000
	v_and_b32_e32 v235, 7, v3                                  // 00000000366C: 37D60687
	v_lshlrev_b32_e32 v235, 4, v235                            // 000000003670: 31D7D684
	v_xor_b32_e32 v234, v235, v234                             // 000000003674: 3BD5D5EB
	ds_load_b128 v[16:19], v234                                // 000000003678: DBFC0000 100000EA
	s_waitcnt lgkmcnt(0)                                       // 000000003680: BF89FC07
	ds_swizzle_b32 v20, v16 offset:swizzle(SWAP,16)            // 000000003684: D8D4401F 14000010
	ds_swizzle_b32 v21, v17 offset:swizzle(SWAP,16)            // 00000000368C: D8D4401F 15000011
	ds_swizzle_b32 v22, v18 offset:swizzle(SWAP,16)            // 000000003694: D8D4401F 16000012
	ds_swizzle_b32 v23, v19 offset:swizzle(SWAP,16)            // 00000000369C: D8D4401F 17000013
	s_waitcnt lgkmcnt(0)                                       // 0000000036A4: BF89FC07
	v_wmma_f32_16x16x16_bf16 v[200:207], v[8:15], v[16:23], v[200:207]// 0000000036A8: CC4140C8 1F222108
	v_lshlrev_b32_e32 v234, 9, v3                              // 0000000036B0: 31D40689
	v_lshl_add_u32 v234, v4, 4, v234                           // 0000000036B4: D64600EA 07A90904
	v_add_nc_u32_e32 v234, 0xa000, v234                        // 0000000036BC: 4BD5D4FF 0000A000
	v_and_b32_e32 v235, 7, v3                                  // 0000000036C4: 37D60687
	v_lshlrev_b32_e32 v235, 4, v235                            // 0000000036C8: 31D7D684
	v_xor_b32_e32 v234, v235, v234                             // 0000000036CC: 3BD5D5EB
	ds_load_b128 v[16:19], v234                                // 0000000036D0: DBFC0000 100000EA
	s_waitcnt lgkmcnt(0)                                       // 0000000036D8: BF89FC07
	ds_swizzle_b32 v20, v16 offset:swizzle(SWAP,16)            // 0000000036DC: D8D4401F 14000010
	ds_swizzle_b32 v21, v17 offset:swizzle(SWAP,16)            // 0000000036E4: D8D4401F 15000011
	ds_swizzle_b32 v22, v18 offset:swizzle(SWAP,16)            // 0000000036EC: D8D4401F 16000012
	ds_swizzle_b32 v23, v19 offset:swizzle(SWAP,16)            // 0000000036F4: D8D4401F 17000013
	s_waitcnt lgkmcnt(0)                                       // 0000000036FC: BF89FC07
	v_wmma_f32_16x16x16_bf16 v[208:215], v[8:15], v[16:23], v[208:215]// 000000003700: CC4140D0 1F422108
	ds_load_b128 v[8:11], v5 offset:32                         // 000000003708: DBFC0020 08000005
	s_waitcnt lgkmcnt(0)                                       // 000000003710: BF89FC07
	ds_swizzle_b32 v12, v8 offset:swizzle(SWAP,16)             // 000000003714: D8D4401F 0C000008
	ds_swizzle_b32 v13, v9 offset:swizzle(SWAP,16)             // 00000000371C: D8D4401F 0D000009
	ds_swizzle_b32 v14, v10 offset:swizzle(SWAP,16)            // 000000003724: D8D4401F 0E00000A
	ds_swizzle_b32 v15, v11 offset:swizzle(SWAP,16)            // 00000000372C: D8D4401F 0F00000B
	s_waitcnt lgkmcnt(0)                                       // 000000003734: BF89FC07
	v_lshlrev_b32_e32 v234, 9, v3                              // 000000003738: 31D40689
	v_lshl_add_u32 v234, v4, 4, v234                           // 00000000373C: D64600EA 07A90904
	v_add_nc_u32_e32 v234, 0x8020, v234                        // 000000003744: 4BD5D4FF 00008020
	v_and_b32_e32 v235, 7, v3                                  // 00000000374C: 37D60687
	v_lshlrev_b32_e32 v235, 4, v235                            // 000000003750: 31D7D684
	v_xor_b32_e32 v234, v235, v234                             // 000000003754: 3BD5D5EB
	ds_load_b128 v[16:19], v234                                // 000000003758: DBFC0000 100000EA
	s_waitcnt lgkmcnt(0)                                       // 000000003760: BF89FC07
	ds_swizzle_b32 v20, v16 offset:swizzle(SWAP,16)            // 000000003764: D8D4401F 14000010
	ds_swizzle_b32 v21, v17 offset:swizzle(SWAP,16)            // 00000000376C: D8D4401F 15000011
	ds_swizzle_b32 v22, v18 offset:swizzle(SWAP,16)            // 000000003774: D8D4401F 16000012
	ds_swizzle_b32 v23, v19 offset:swizzle(SWAP,16)            // 00000000377C: D8D4401F 17000013
	s_waitcnt lgkmcnt(0)                                       // 000000003784: BF89FC07
	v_wmma_f32_16x16x16_bf16 v[200:207], v[8:15], v[16:23], v[200:207]// 000000003788: CC4140C8 1F222108
	v_lshlrev_b32_e32 v234, 9, v3                              // 000000003790: 31D40689
	v_lshl_add_u32 v234, v4, 4, v234                           // 000000003794: D64600EA 07A90904
	v_add_nc_u32_e32 v234, 0xa020, v234                        // 00000000379C: 4BD5D4FF 0000A020
	v_and_b32_e32 v235, 7, v3                                  // 0000000037A4: 37D60687
	v_lshlrev_b32_e32 v235, 4, v235                            // 0000000037A8: 31D7D684
	v_xor_b32_e32 v234, v235, v234                             // 0000000037AC: 3BD5D5EB
	ds_load_b128 v[16:19], v234                                // 0000000037B0: DBFC0000 100000EA
	s_waitcnt lgkmcnt(0)                                       // 0000000037B8: BF89FC07
	ds_swizzle_b32 v20, v16 offset:swizzle(SWAP,16)            // 0000000037BC: D8D4401F 14000010
	ds_swizzle_b32 v21, v17 offset:swizzle(SWAP,16)            // 0000000037C4: D8D4401F 15000011
	ds_swizzle_b32 v22, v18 offset:swizzle(SWAP,16)            // 0000000037CC: D8D4401F 16000012
	ds_swizzle_b32 v23, v19 offset:swizzle(SWAP,16)            // 0000000037D4: D8D4401F 17000013
	s_waitcnt lgkmcnt(0)                                       // 0000000037DC: BF89FC07
	v_wmma_f32_16x16x16_bf16 v[208:215], v[8:15], v[16:23], v[208:215]// 0000000037E0: CC4140D0 1F422108
	ds_load_b128 v[8:11], v5 offset:64                         // 0000000037E8: DBFC0040 08000005
	s_waitcnt lgkmcnt(0)                                       // 0000000037F0: BF89FC07
	ds_swizzle_b32 v12, v8 offset:swizzle(SWAP,16)             // 0000000037F4: D8D4401F 0C000008
	ds_swizzle_b32 v13, v9 offset:swizzle(SWAP,16)             // 0000000037FC: D8D4401F 0D000009
	ds_swizzle_b32 v14, v10 offset:swizzle(SWAP,16)            // 000000003804: D8D4401F 0E00000A
	ds_swizzle_b32 v15, v11 offset:swizzle(SWAP,16)            // 00000000380C: D8D4401F 0F00000B
	s_waitcnt lgkmcnt(0)                                       // 000000003814: BF89FC07
	v_lshlrev_b32_e32 v234, 9, v3                              // 000000003818: 31D40689
	v_lshl_add_u32 v234, v4, 4, v234                           // 00000000381C: D64600EA 07A90904
	v_add_nc_u32_e32 v234, 0x8040, v234                        // 000000003824: 4BD5D4FF 00008040
	v_and_b32_e32 v235, 7, v3                                  // 00000000382C: 37D60687
	v_lshlrev_b32_e32 v235, 4, v235                            // 000000003830: 31D7D684
	v_xor_b32_e32 v234, v235, v234                             // 000000003834: 3BD5D5EB
	ds_load_b128 v[16:19], v234                                // 000000003838: DBFC0000 100000EA
	s_waitcnt lgkmcnt(0)                                       // 000000003840: BF89FC07
	ds_swizzle_b32 v20, v16 offset:swizzle(SWAP,16)            // 000000003844: D8D4401F 14000010
	ds_swizzle_b32 v21, v17 offset:swizzle(SWAP,16)            // 00000000384C: D8D4401F 15000011
	ds_swizzle_b32 v22, v18 offset:swizzle(SWAP,16)            // 000000003854: D8D4401F 16000012
	ds_swizzle_b32 v23, v19 offset:swizzle(SWAP,16)            // 00000000385C: D8D4401F 17000013
	s_waitcnt lgkmcnt(0)                                       // 000000003864: BF89FC07
	v_wmma_f32_16x16x16_bf16 v[200:207], v[8:15], v[16:23], v[200:207]// 000000003868: CC4140C8 1F222108
	v_lshlrev_b32_e32 v234, 9, v3                              // 000000003870: 31D40689
	v_lshl_add_u32 v234, v4, 4, v234                           // 000000003874: D64600EA 07A90904
	v_add_nc_u32_e32 v234, 0xa040, v234                        // 00000000387C: 4BD5D4FF 0000A040
	v_and_b32_e32 v235, 7, v3                                  // 000000003884: 37D60687
	v_lshlrev_b32_e32 v235, 4, v235                            // 000000003888: 31D7D684
	v_xor_b32_e32 v234, v235, v234                             // 00000000388C: 3BD5D5EB
	ds_load_b128 v[16:19], v234                                // 000000003890: DBFC0000 100000EA
	s_waitcnt lgkmcnt(0)                                       // 000000003898: BF89FC07
	ds_swizzle_b32 v20, v16 offset:swizzle(SWAP,16)            // 00000000389C: D8D4401F 14000010
	ds_swizzle_b32 v21, v17 offset:swizzle(SWAP,16)            // 0000000038A4: D8D4401F 15000011
	ds_swizzle_b32 v22, v18 offset:swizzle(SWAP,16)            // 0000000038AC: D8D4401F 16000012
	ds_swizzle_b32 v23, v19 offset:swizzle(SWAP,16)            // 0000000038B4: D8D4401F 17000013
	s_waitcnt lgkmcnt(0)                                       // 0000000038BC: BF89FC07
	v_wmma_f32_16x16x16_bf16 v[208:215], v[8:15], v[16:23], v[208:215]// 0000000038C0: CC4140D0 1F422108
	ds_load_b128 v[8:11], v5 offset:96                         // 0000000038C8: DBFC0060 08000005
	s_waitcnt lgkmcnt(0)                                       // 0000000038D0: BF89FC07
	ds_swizzle_b32 v12, v8 offset:swizzle(SWAP,16)             // 0000000038D4: D8D4401F 0C000008
	ds_swizzle_b32 v13, v9 offset:swizzle(SWAP,16)             // 0000000038DC: D8D4401F 0D000009
	ds_swizzle_b32 v14, v10 offset:swizzle(SWAP,16)            // 0000000038E4: D8D4401F 0E00000A
	ds_swizzle_b32 v15, v11 offset:swizzle(SWAP,16)            // 0000000038EC: D8D4401F 0F00000B
	s_waitcnt lgkmcnt(0)                                       // 0000000038F4: BF89FC07
	v_lshlrev_b32_e32 v234, 9, v3                              // 0000000038F8: 31D40689
	v_lshl_add_u32 v234, v4, 4, v234                           // 0000000038FC: D64600EA 07A90904
	v_add_nc_u32_e32 v234, 0x8060, v234                        // 000000003904: 4BD5D4FF 00008060
	v_and_b32_e32 v235, 7, v3                                  // 00000000390C: 37D60687
	v_lshlrev_b32_e32 v235, 4, v235                            // 000000003910: 31D7D684
	v_xor_b32_e32 v234, v235, v234                             // 000000003914: 3BD5D5EB
	ds_load_b128 v[16:19], v234                                // 000000003918: DBFC0000 100000EA
	s_waitcnt lgkmcnt(0)                                       // 000000003920: BF89FC07
	ds_swizzle_b32 v20, v16 offset:swizzle(SWAP,16)            // 000000003924: D8D4401F 14000010
	ds_swizzle_b32 v21, v17 offset:swizzle(SWAP,16)            // 00000000392C: D8D4401F 15000011
	ds_swizzle_b32 v22, v18 offset:swizzle(SWAP,16)            // 000000003934: D8D4401F 16000012
	ds_swizzle_b32 v23, v19 offset:swizzle(SWAP,16)            // 00000000393C: D8D4401F 17000013
	s_waitcnt lgkmcnt(0)                                       // 000000003944: BF89FC07
	v_wmma_f32_16x16x16_bf16 v[200:207], v[8:15], v[16:23], v[200:207]// 000000003948: CC4140C8 1F222108
	v_lshlrev_b32_e32 v234, 9, v3                              // 000000003950: 31D40689
	v_lshl_add_u32 v234, v4, 4, v234                           // 000000003954: D64600EA 07A90904
	v_add_nc_u32_e32 v234, 0xa060, v234                        // 00000000395C: 4BD5D4FF 0000A060
	v_and_b32_e32 v235, 7, v3                                  // 000000003964: 37D60687
	v_lshlrev_b32_e32 v235, 4, v235                            // 000000003968: 31D7D684
	v_xor_b32_e32 v234, v235, v234                             // 00000000396C: 3BD5D5EB
	ds_load_b128 v[16:19], v234                                // 000000003970: DBFC0000 100000EA
	s_waitcnt lgkmcnt(0)                                       // 000000003978: BF89FC07
	ds_swizzle_b32 v20, v16 offset:swizzle(SWAP,16)            // 00000000397C: D8D4401F 14000010
	ds_swizzle_b32 v21, v17 offset:swizzle(SWAP,16)            // 000000003984: D8D4401F 15000011
	ds_swizzle_b32 v22, v18 offset:swizzle(SWAP,16)            // 00000000398C: D8D4401F 16000012
	ds_swizzle_b32 v23, v19 offset:swizzle(SWAP,16)            // 000000003994: D8D4401F 17000013
	s_waitcnt lgkmcnt(0)                                       // 00000000399C: BF89FC07
	v_wmma_f32_16x16x16_bf16 v[208:215], v[8:15], v[16:23], v[208:215]// 0000000039A0: CC4140D0 1F422108
	ds_load_b128 v[8:11], v5 offset:128                        // 0000000039A8: DBFC0080 08000005
	s_waitcnt lgkmcnt(0)                                       // 0000000039B0: BF89FC07
	ds_swizzle_b32 v12, v8 offset:swizzle(SWAP,16)             // 0000000039B4: D8D4401F 0C000008
	ds_swizzle_b32 v13, v9 offset:swizzle(SWAP,16)             // 0000000039BC: D8D4401F 0D000009
	ds_swizzle_b32 v14, v10 offset:swizzle(SWAP,16)            // 0000000039C4: D8D4401F 0E00000A
	ds_swizzle_b32 v15, v11 offset:swizzle(SWAP,16)            // 0000000039CC: D8D4401F 0F00000B
	s_waitcnt lgkmcnt(0)                                       // 0000000039D4: BF89FC07
	v_lshlrev_b32_e32 v234, 9, v3                              // 0000000039D8: 31D40689
	v_lshl_add_u32 v234, v4, 4, v234                           // 0000000039DC: D64600EA 07A90904
	v_add_nc_u32_e32 v234, 0x8080, v234                        // 0000000039E4: 4BD5D4FF 00008080
	v_and_b32_e32 v235, 7, v3                                  // 0000000039EC: 37D60687
	v_lshlrev_b32_e32 v235, 4, v235                            // 0000000039F0: 31D7D684
	v_xor_b32_e32 v234, v235, v234                             // 0000000039F4: 3BD5D5EB
	ds_load_b128 v[16:19], v234                                // 0000000039F8: DBFC0000 100000EA
	s_waitcnt lgkmcnt(0)                                       // 000000003A00: BF89FC07
	ds_swizzle_b32 v20, v16 offset:swizzle(SWAP,16)            // 000000003A04: D8D4401F 14000010
	ds_swizzle_b32 v21, v17 offset:swizzle(SWAP,16)            // 000000003A0C: D8D4401F 15000011
	ds_swizzle_b32 v22, v18 offset:swizzle(SWAP,16)            // 000000003A14: D8D4401F 16000012
	ds_swizzle_b32 v23, v19 offset:swizzle(SWAP,16)            // 000000003A1C: D8D4401F 17000013
	s_waitcnt lgkmcnt(0)                                       // 000000003A24: BF89FC07
	v_wmma_f32_16x16x16_bf16 v[200:207], v[8:15], v[16:23], v[200:207]// 000000003A28: CC4140C8 1F222108
	v_lshlrev_b32_e32 v234, 9, v3                              // 000000003A30: 31D40689
	v_lshl_add_u32 v234, v4, 4, v234                           // 000000003A34: D64600EA 07A90904
	v_add_nc_u32_e32 v234, 0xa080, v234                        // 000000003A3C: 4BD5D4FF 0000A080
	v_and_b32_e32 v235, 7, v3                                  // 000000003A44: 37D60687
	v_lshlrev_b32_e32 v235, 4, v235                            // 000000003A48: 31D7D684
	v_xor_b32_e32 v234, v235, v234                             // 000000003A4C: 3BD5D5EB
	ds_load_b128 v[16:19], v234                                // 000000003A50: DBFC0000 100000EA
	s_waitcnt lgkmcnt(0)                                       // 000000003A58: BF89FC07
	ds_swizzle_b32 v20, v16 offset:swizzle(SWAP,16)            // 000000003A5C: D8D4401F 14000010
	ds_swizzle_b32 v21, v17 offset:swizzle(SWAP,16)            // 000000003A64: D8D4401F 15000011
	ds_swizzle_b32 v22, v18 offset:swizzle(SWAP,16)            // 000000003A6C: D8D4401F 16000012
	ds_swizzle_b32 v23, v19 offset:swizzle(SWAP,16)            // 000000003A74: D8D4401F 17000013
	s_waitcnt lgkmcnt(0)                                       // 000000003A7C: BF89FC07
	v_wmma_f32_16x16x16_bf16 v[208:215], v[8:15], v[16:23], v[208:215]// 000000003A80: CC4140D0 1F422108
	ds_load_b128 v[8:11], v5 offset:160                        // 000000003A88: DBFC00A0 08000005
	s_waitcnt lgkmcnt(0)                                       // 000000003A90: BF89FC07
	ds_swizzle_b32 v12, v8 offset:swizzle(SWAP,16)             // 000000003A94: D8D4401F 0C000008
	ds_swizzle_b32 v13, v9 offset:swizzle(SWAP,16)             // 000000003A9C: D8D4401F 0D000009
	ds_swizzle_b32 v14, v10 offset:swizzle(SWAP,16)            // 000000003AA4: D8D4401F 0E00000A
	ds_swizzle_b32 v15, v11 offset:swizzle(SWAP,16)            // 000000003AAC: D8D4401F 0F00000B
	s_waitcnt lgkmcnt(0)                                       // 000000003AB4: BF89FC07
	v_lshlrev_b32_e32 v234, 9, v3                              // 000000003AB8: 31D40689
	v_lshl_add_u32 v234, v4, 4, v234                           // 000000003ABC: D64600EA 07A90904
	v_add_nc_u32_e32 v234, 0x80a0, v234                        // 000000003AC4: 4BD5D4FF 000080A0
	v_and_b32_e32 v235, 7, v3                                  // 000000003ACC: 37D60687
	v_lshlrev_b32_e32 v235, 4, v235                            // 000000003AD0: 31D7D684
	v_xor_b32_e32 v234, v235, v234                             // 000000003AD4: 3BD5D5EB
	ds_load_b128 v[16:19], v234                                // 000000003AD8: DBFC0000 100000EA
	s_waitcnt lgkmcnt(0)                                       // 000000003AE0: BF89FC07
	ds_swizzle_b32 v20, v16 offset:swizzle(SWAP,16)            // 000000003AE4: D8D4401F 14000010
	ds_swizzle_b32 v21, v17 offset:swizzle(SWAP,16)            // 000000003AEC: D8D4401F 15000011
	ds_swizzle_b32 v22, v18 offset:swizzle(SWAP,16)            // 000000003AF4: D8D4401F 16000012
	ds_swizzle_b32 v23, v19 offset:swizzle(SWAP,16)            // 000000003AFC: D8D4401F 17000013
	s_waitcnt lgkmcnt(0)                                       // 000000003B04: BF89FC07
	v_wmma_f32_16x16x16_bf16 v[200:207], v[8:15], v[16:23], v[200:207]// 000000003B08: CC4140C8 1F222108
	v_lshlrev_b32_e32 v234, 9, v3                              // 000000003B10: 31D40689
	v_lshl_add_u32 v234, v4, 4, v234                           // 000000003B14: D64600EA 07A90904
	v_add_nc_u32_e32 v234, 0xa0a0, v234                        // 000000003B1C: 4BD5D4FF 0000A0A0
	v_and_b32_e32 v235, 7, v3                                  // 000000003B24: 37D60687
	v_lshlrev_b32_e32 v235, 4, v235                            // 000000003B28: 31D7D684
	v_xor_b32_e32 v234, v235, v234                             // 000000003B2C: 3BD5D5EB
	ds_load_b128 v[16:19], v234                                // 000000003B30: DBFC0000 100000EA
	s_waitcnt lgkmcnt(0)                                       // 000000003B38: BF89FC07
	ds_swizzle_b32 v20, v16 offset:swizzle(SWAP,16)            // 000000003B3C: D8D4401F 14000010
	ds_swizzle_b32 v21, v17 offset:swizzle(SWAP,16)            // 000000003B44: D8D4401F 15000011
	ds_swizzle_b32 v22, v18 offset:swizzle(SWAP,16)            // 000000003B4C: D8D4401F 16000012
	ds_swizzle_b32 v23, v19 offset:swizzle(SWAP,16)            // 000000003B54: D8D4401F 17000013
	s_waitcnt lgkmcnt(0)                                       // 000000003B5C: BF89FC07
	v_wmma_f32_16x16x16_bf16 v[208:215], v[8:15], v[16:23], v[208:215]// 000000003B60: CC4140D0 1F422108
	ds_load_b128 v[8:11], v5 offset:192                        // 000000003B68: DBFC00C0 08000005
	s_waitcnt lgkmcnt(0)                                       // 000000003B70: BF89FC07
	ds_swizzle_b32 v12, v8 offset:swizzle(SWAP,16)             // 000000003B74: D8D4401F 0C000008
	ds_swizzle_b32 v13, v9 offset:swizzle(SWAP,16)             // 000000003B7C: D8D4401F 0D000009
	ds_swizzle_b32 v14, v10 offset:swizzle(SWAP,16)            // 000000003B84: D8D4401F 0E00000A
	ds_swizzle_b32 v15, v11 offset:swizzle(SWAP,16)            // 000000003B8C: D8D4401F 0F00000B
	s_waitcnt lgkmcnt(0)                                       // 000000003B94: BF89FC07
	v_lshlrev_b32_e32 v234, 9, v3                              // 000000003B98: 31D40689
	v_lshl_add_u32 v234, v4, 4, v234                           // 000000003B9C: D64600EA 07A90904
	v_add_nc_u32_e32 v234, 0x80c0, v234                        // 000000003BA4: 4BD5D4FF 000080C0
	v_and_b32_e32 v235, 7, v3                                  // 000000003BAC: 37D60687
	v_lshlrev_b32_e32 v235, 4, v235                            // 000000003BB0: 31D7D684
	v_xor_b32_e32 v234, v235, v234                             // 000000003BB4: 3BD5D5EB
	ds_load_b128 v[16:19], v234                                // 000000003BB8: DBFC0000 100000EA
	s_waitcnt lgkmcnt(0)                                       // 000000003BC0: BF89FC07
	ds_swizzle_b32 v20, v16 offset:swizzle(SWAP,16)            // 000000003BC4: D8D4401F 14000010
	ds_swizzle_b32 v21, v17 offset:swizzle(SWAP,16)            // 000000003BCC: D8D4401F 15000011
	ds_swizzle_b32 v22, v18 offset:swizzle(SWAP,16)            // 000000003BD4: D8D4401F 16000012
	ds_swizzle_b32 v23, v19 offset:swizzle(SWAP,16)            // 000000003BDC: D8D4401F 17000013
	s_waitcnt lgkmcnt(0)                                       // 000000003BE4: BF89FC07
	v_wmma_f32_16x16x16_bf16 v[200:207], v[8:15], v[16:23], v[200:207]// 000000003BE8: CC4140C8 1F222108
	v_lshlrev_b32_e32 v234, 9, v3                              // 000000003BF0: 31D40689
	v_lshl_add_u32 v234, v4, 4, v234                           // 000000003BF4: D64600EA 07A90904
	v_add_nc_u32_e32 v234, 0xa0c0, v234                        // 000000003BFC: 4BD5D4FF 0000A0C0
	v_and_b32_e32 v235, 7, v3                                  // 000000003C04: 37D60687
	v_lshlrev_b32_e32 v235, 4, v235                            // 000000003C08: 31D7D684
	v_xor_b32_e32 v234, v235, v234                             // 000000003C0C: 3BD5D5EB
	ds_load_b128 v[16:19], v234                                // 000000003C10: DBFC0000 100000EA
	s_waitcnt lgkmcnt(0)                                       // 000000003C18: BF89FC07
	ds_swizzle_b32 v20, v16 offset:swizzle(SWAP,16)            // 000000003C1C: D8D4401F 14000010
	ds_swizzle_b32 v21, v17 offset:swizzle(SWAP,16)            // 000000003C24: D8D4401F 15000011
	ds_swizzle_b32 v22, v18 offset:swizzle(SWAP,16)            // 000000003C2C: D8D4401F 16000012
	ds_swizzle_b32 v23, v19 offset:swizzle(SWAP,16)            // 000000003C34: D8D4401F 17000013
	s_waitcnt lgkmcnt(0)                                       // 000000003C3C: BF89FC07
	v_wmma_f32_16x16x16_bf16 v[208:215], v[8:15], v[16:23], v[208:215]// 000000003C40: CC4140D0 1F422108
	ds_load_b128 v[8:11], v5 offset:224                        // 000000003C48: DBFC00E0 08000005
	s_waitcnt lgkmcnt(0)                                       // 000000003C50: BF89FC07
	ds_swizzle_b32 v12, v8 offset:swizzle(SWAP,16)             // 000000003C54: D8D4401F 0C000008
	ds_swizzle_b32 v13, v9 offset:swizzle(SWAP,16)             // 000000003C5C: D8D4401F 0D000009
	ds_swizzle_b32 v14, v10 offset:swizzle(SWAP,16)            // 000000003C64: D8D4401F 0E00000A
	ds_swizzle_b32 v15, v11 offset:swizzle(SWAP,16)            // 000000003C6C: D8D4401F 0F00000B
	s_waitcnt lgkmcnt(0)                                       // 000000003C74: BF89FC07
	v_lshlrev_b32_e32 v234, 9, v3                              // 000000003C78: 31D40689
	v_lshl_add_u32 v234, v4, 4, v234                           // 000000003C7C: D64600EA 07A90904
	v_add_nc_u32_e32 v234, 0x80e0, v234                        // 000000003C84: 4BD5D4FF 000080E0
	v_and_b32_e32 v235, 7, v3                                  // 000000003C8C: 37D60687
	v_lshlrev_b32_e32 v235, 4, v235                            // 000000003C90: 31D7D684
	v_xor_b32_e32 v234, v235, v234                             // 000000003C94: 3BD5D5EB
	ds_load_b128 v[16:19], v234                                // 000000003C98: DBFC0000 100000EA
	s_waitcnt lgkmcnt(0)                                       // 000000003CA0: BF89FC07
	ds_swizzle_b32 v20, v16 offset:swizzle(SWAP,16)            // 000000003CA4: D8D4401F 14000010
	ds_swizzle_b32 v21, v17 offset:swizzle(SWAP,16)            // 000000003CAC: D8D4401F 15000011
	ds_swizzle_b32 v22, v18 offset:swizzle(SWAP,16)            // 000000003CB4: D8D4401F 16000012
	ds_swizzle_b32 v23, v19 offset:swizzle(SWAP,16)            // 000000003CBC: D8D4401F 17000013
	s_waitcnt lgkmcnt(0)                                       // 000000003CC4: BF89FC07
	v_wmma_f32_16x16x16_bf16 v[200:207], v[8:15], v[16:23], v[200:207]// 000000003CC8: CC4140C8 1F222108
	v_lshlrev_b32_e32 v234, 9, v3                              // 000000003CD0: 31D40689
	v_lshl_add_u32 v234, v4, 4, v234                           // 000000003CD4: D64600EA 07A90904
	v_add_nc_u32_e32 v234, 0xa0e0, v234                        // 000000003CDC: 4BD5D4FF 0000A0E0
	v_and_b32_e32 v235, 7, v3                                  // 000000003CE4: 37D60687
	v_lshlrev_b32_e32 v235, 4, v235                            // 000000003CE8: 31D7D684
	v_xor_b32_e32 v234, v235, v234                             // 000000003CEC: 3BD5D5EB
	ds_load_b128 v[16:19], v234                                // 000000003CF0: DBFC0000 100000EA
	s_waitcnt lgkmcnt(0)                                       // 000000003CF8: BF89FC07
	ds_swizzle_b32 v20, v16 offset:swizzle(SWAP,16)            // 000000003CFC: D8D4401F 14000010
	ds_swizzle_b32 v21, v17 offset:swizzle(SWAP,16)            // 000000003D04: D8D4401F 15000011
	ds_swizzle_b32 v22, v18 offset:swizzle(SWAP,16)            // 000000003D0C: D8D4401F 16000012
	ds_swizzle_b32 v23, v19 offset:swizzle(SWAP,16)            // 000000003D14: D8D4401F 17000013
	s_waitcnt lgkmcnt(0)                                       // 000000003D1C: BF89FC07
	v_wmma_f32_16x16x16_bf16 v[208:215], v[8:15], v[16:23], v[208:215]// 000000003D20: CC4140D0 1F422108
	ds_load_b128 v[8:11], v5 offset:256                        // 000000003D28: DBFC0100 08000005
	s_waitcnt lgkmcnt(0)                                       // 000000003D30: BF89FC07
	ds_swizzle_b32 v12, v8 offset:swizzle(SWAP,16)             // 000000003D34: D8D4401F 0C000008
	ds_swizzle_b32 v13, v9 offset:swizzle(SWAP,16)             // 000000003D3C: D8D4401F 0D000009
	ds_swizzle_b32 v14, v10 offset:swizzle(SWAP,16)            // 000000003D44: D8D4401F 0E00000A
	ds_swizzle_b32 v15, v11 offset:swizzle(SWAP,16)            // 000000003D4C: D8D4401F 0F00000B
	s_waitcnt lgkmcnt(0)                                       // 000000003D54: BF89FC07
	v_lshlrev_b32_e32 v234, 9, v3                              // 000000003D58: 31D40689
	v_lshl_add_u32 v234, v4, 4, v234                           // 000000003D5C: D64600EA 07A90904
	v_add_nc_u32_e32 v234, 0x8100, v234                        // 000000003D64: 4BD5D4FF 00008100
	v_and_b32_e32 v235, 7, v3                                  // 000000003D6C: 37D60687
	v_lshlrev_b32_e32 v235, 4, v235                            // 000000003D70: 31D7D684
	v_xor_b32_e32 v234, v235, v234                             // 000000003D74: 3BD5D5EB
	ds_load_b128 v[16:19], v234                                // 000000003D78: DBFC0000 100000EA
	s_waitcnt lgkmcnt(0)                                       // 000000003D80: BF89FC07
	ds_swizzle_b32 v20, v16 offset:swizzle(SWAP,16)            // 000000003D84: D8D4401F 14000010
	ds_swizzle_b32 v21, v17 offset:swizzle(SWAP,16)            // 000000003D8C: D8D4401F 15000011
	ds_swizzle_b32 v22, v18 offset:swizzle(SWAP,16)            // 000000003D94: D8D4401F 16000012
	ds_swizzle_b32 v23, v19 offset:swizzle(SWAP,16)            // 000000003D9C: D8D4401F 17000013
	s_waitcnt lgkmcnt(0)                                       // 000000003DA4: BF89FC07
	v_wmma_f32_16x16x16_bf16 v[200:207], v[8:15], v[16:23], v[200:207]// 000000003DA8: CC4140C8 1F222108
	v_lshlrev_b32_e32 v234, 9, v3                              // 000000003DB0: 31D40689
	v_lshl_add_u32 v234, v4, 4, v234                           // 000000003DB4: D64600EA 07A90904
	v_add_nc_u32_e32 v234, 0xa100, v234                        // 000000003DBC: 4BD5D4FF 0000A100
	v_and_b32_e32 v235, 7, v3                                  // 000000003DC4: 37D60687
	v_lshlrev_b32_e32 v235, 4, v235                            // 000000003DC8: 31D7D684
	v_xor_b32_e32 v234, v235, v234                             // 000000003DCC: 3BD5D5EB
	ds_load_b128 v[16:19], v234                                // 000000003DD0: DBFC0000 100000EA
	s_waitcnt lgkmcnt(0)                                       // 000000003DD8: BF89FC07
	ds_swizzle_b32 v20, v16 offset:swizzle(SWAP,16)            // 000000003DDC: D8D4401F 14000010
	ds_swizzle_b32 v21, v17 offset:swizzle(SWAP,16)            // 000000003DE4: D8D4401F 15000011
	ds_swizzle_b32 v22, v18 offset:swizzle(SWAP,16)            // 000000003DEC: D8D4401F 16000012
	ds_swizzle_b32 v23, v19 offset:swizzle(SWAP,16)            // 000000003DF4: D8D4401F 17000013
	s_waitcnt lgkmcnt(0)                                       // 000000003DFC: BF89FC07
	v_wmma_f32_16x16x16_bf16 v[208:215], v[8:15], v[16:23], v[208:215]// 000000003E00: CC4140D0 1F422108
	ds_load_b128 v[8:11], v5 offset:288                        // 000000003E08: DBFC0120 08000005
	s_waitcnt lgkmcnt(0)                                       // 000000003E10: BF89FC07
	ds_swizzle_b32 v12, v8 offset:swizzle(SWAP,16)             // 000000003E14: D8D4401F 0C000008
	ds_swizzle_b32 v13, v9 offset:swizzle(SWAP,16)             // 000000003E1C: D8D4401F 0D000009
	ds_swizzle_b32 v14, v10 offset:swizzle(SWAP,16)            // 000000003E24: D8D4401F 0E00000A
	ds_swizzle_b32 v15, v11 offset:swizzle(SWAP,16)            // 000000003E2C: D8D4401F 0F00000B
	s_waitcnt lgkmcnt(0)                                       // 000000003E34: BF89FC07
	v_lshlrev_b32_e32 v234, 9, v3                              // 000000003E38: 31D40689
	v_lshl_add_u32 v234, v4, 4, v234                           // 000000003E3C: D64600EA 07A90904
	v_add_nc_u32_e32 v234, 0x8120, v234                        // 000000003E44: 4BD5D4FF 00008120
	v_and_b32_e32 v235, 7, v3                                  // 000000003E4C: 37D60687
	v_lshlrev_b32_e32 v235, 4, v235                            // 000000003E50: 31D7D684
	v_xor_b32_e32 v234, v235, v234                             // 000000003E54: 3BD5D5EB
	ds_load_b128 v[16:19], v234                                // 000000003E58: DBFC0000 100000EA
	s_waitcnt lgkmcnt(0)                                       // 000000003E60: BF89FC07
	ds_swizzle_b32 v20, v16 offset:swizzle(SWAP,16)            // 000000003E64: D8D4401F 14000010
	ds_swizzle_b32 v21, v17 offset:swizzle(SWAP,16)            // 000000003E6C: D8D4401F 15000011
	ds_swizzle_b32 v22, v18 offset:swizzle(SWAP,16)            // 000000003E74: D8D4401F 16000012
	ds_swizzle_b32 v23, v19 offset:swizzle(SWAP,16)            // 000000003E7C: D8D4401F 17000013
	s_waitcnt lgkmcnt(0)                                       // 000000003E84: BF89FC07
	v_wmma_f32_16x16x16_bf16 v[200:207], v[8:15], v[16:23], v[200:207]// 000000003E88: CC4140C8 1F222108
	v_lshlrev_b32_e32 v234, 9, v3                              // 000000003E90: 31D40689
	v_lshl_add_u32 v234, v4, 4, v234                           // 000000003E94: D64600EA 07A90904
	v_add_nc_u32_e32 v234, 0xa120, v234                        // 000000003E9C: 4BD5D4FF 0000A120
	v_and_b32_e32 v235, 7, v3                                  // 000000003EA4: 37D60687
	v_lshlrev_b32_e32 v235, 4, v235                            // 000000003EA8: 31D7D684
	v_xor_b32_e32 v234, v235, v234                             // 000000003EAC: 3BD5D5EB
	ds_load_b128 v[16:19], v234                                // 000000003EB0: DBFC0000 100000EA
	s_waitcnt lgkmcnt(0)                                       // 000000003EB8: BF89FC07
	ds_swizzle_b32 v20, v16 offset:swizzle(SWAP,16)            // 000000003EBC: D8D4401F 14000010
	ds_swizzle_b32 v21, v17 offset:swizzle(SWAP,16)            // 000000003EC4: D8D4401F 15000011
	ds_swizzle_b32 v22, v18 offset:swizzle(SWAP,16)            // 000000003ECC: D8D4401F 16000012
	ds_swizzle_b32 v23, v19 offset:swizzle(SWAP,16)            // 000000003ED4: D8D4401F 17000013
	s_waitcnt lgkmcnt(0)                                       // 000000003EDC: BF89FC07
	v_wmma_f32_16x16x16_bf16 v[208:215], v[8:15], v[16:23], v[208:215]// 000000003EE0: CC4140D0 1F422108
	ds_load_b128 v[8:11], v5 offset:320                        // 000000003EE8: DBFC0140 08000005
	s_waitcnt lgkmcnt(0)                                       // 000000003EF0: BF89FC07
	ds_swizzle_b32 v12, v8 offset:swizzle(SWAP,16)             // 000000003EF4: D8D4401F 0C000008
	ds_swizzle_b32 v13, v9 offset:swizzle(SWAP,16)             // 000000003EFC: D8D4401F 0D000009
	ds_swizzle_b32 v14, v10 offset:swizzle(SWAP,16)            // 000000003F04: D8D4401F 0E00000A
	ds_swizzle_b32 v15, v11 offset:swizzle(SWAP,16)            // 000000003F0C: D8D4401F 0F00000B
	s_waitcnt lgkmcnt(0)                                       // 000000003F14: BF89FC07
	v_lshlrev_b32_e32 v234, 9, v3                              // 000000003F18: 31D40689
	v_lshl_add_u32 v234, v4, 4, v234                           // 000000003F1C: D64600EA 07A90904
	v_add_nc_u32_e32 v234, 0x8140, v234                        // 000000003F24: 4BD5D4FF 00008140
	v_and_b32_e32 v235, 7, v3                                  // 000000003F2C: 37D60687
	v_lshlrev_b32_e32 v235, 4, v235                            // 000000003F30: 31D7D684
	v_xor_b32_e32 v234, v235, v234                             // 000000003F34: 3BD5D5EB
	ds_load_b128 v[16:19], v234                                // 000000003F38: DBFC0000 100000EA
	s_waitcnt lgkmcnt(0)                                       // 000000003F40: BF89FC07
	ds_swizzle_b32 v20, v16 offset:swizzle(SWAP,16)            // 000000003F44: D8D4401F 14000010
	ds_swizzle_b32 v21, v17 offset:swizzle(SWAP,16)            // 000000003F4C: D8D4401F 15000011
	ds_swizzle_b32 v22, v18 offset:swizzle(SWAP,16)            // 000000003F54: D8D4401F 16000012
	ds_swizzle_b32 v23, v19 offset:swizzle(SWAP,16)            // 000000003F5C: D8D4401F 17000013
	s_waitcnt lgkmcnt(0)                                       // 000000003F64: BF89FC07
	v_wmma_f32_16x16x16_bf16 v[200:207], v[8:15], v[16:23], v[200:207]// 000000003F68: CC4140C8 1F222108
	v_lshlrev_b32_e32 v234, 9, v3                              // 000000003F70: 31D40689
	v_lshl_add_u32 v234, v4, 4, v234                           // 000000003F74: D64600EA 07A90904
	v_add_nc_u32_e32 v234, 0xa140, v234                        // 000000003F7C: 4BD5D4FF 0000A140
	v_and_b32_e32 v235, 7, v3                                  // 000000003F84: 37D60687
	v_lshlrev_b32_e32 v235, 4, v235                            // 000000003F88: 31D7D684
	v_xor_b32_e32 v234, v235, v234                             // 000000003F8C: 3BD5D5EB
	ds_load_b128 v[16:19], v234                                // 000000003F90: DBFC0000 100000EA
	s_waitcnt lgkmcnt(0)                                       // 000000003F98: BF89FC07
	ds_swizzle_b32 v20, v16 offset:swizzle(SWAP,16)            // 000000003F9C: D8D4401F 14000010
	ds_swizzle_b32 v21, v17 offset:swizzle(SWAP,16)            // 000000003FA4: D8D4401F 15000011
	ds_swizzle_b32 v22, v18 offset:swizzle(SWAP,16)            // 000000003FAC: D8D4401F 16000012
	ds_swizzle_b32 v23, v19 offset:swizzle(SWAP,16)            // 000000003FB4: D8D4401F 17000013
	s_waitcnt lgkmcnt(0)                                       // 000000003FBC: BF89FC07
	v_wmma_f32_16x16x16_bf16 v[208:215], v[8:15], v[16:23], v[208:215]// 000000003FC0: CC4140D0 1F422108
	ds_load_b128 v[8:11], v5 offset:352                        // 000000003FC8: DBFC0160 08000005
	s_waitcnt lgkmcnt(0)                                       // 000000003FD0: BF89FC07
	ds_swizzle_b32 v12, v8 offset:swizzle(SWAP,16)             // 000000003FD4: D8D4401F 0C000008
	ds_swizzle_b32 v13, v9 offset:swizzle(SWAP,16)             // 000000003FDC: D8D4401F 0D000009
	ds_swizzle_b32 v14, v10 offset:swizzle(SWAP,16)            // 000000003FE4: D8D4401F 0E00000A
	ds_swizzle_b32 v15, v11 offset:swizzle(SWAP,16)            // 000000003FEC: D8D4401F 0F00000B
	s_waitcnt lgkmcnt(0)                                       // 000000003FF4: BF89FC07
	v_lshlrev_b32_e32 v234, 9, v3                              // 000000003FF8: 31D40689
	v_lshl_add_u32 v234, v4, 4, v234                           // 000000003FFC: D64600EA 07A90904
	v_add_nc_u32_e32 v234, 0x8160, v234                        // 000000004004: 4BD5D4FF 00008160
	v_and_b32_e32 v235, 7, v3                                  // 00000000400C: 37D60687
	v_lshlrev_b32_e32 v235, 4, v235                            // 000000004010: 31D7D684
	v_xor_b32_e32 v234, v235, v234                             // 000000004014: 3BD5D5EB
	ds_load_b128 v[16:19], v234                                // 000000004018: DBFC0000 100000EA
	s_waitcnt lgkmcnt(0)                                       // 000000004020: BF89FC07
	ds_swizzle_b32 v20, v16 offset:swizzle(SWAP,16)            // 000000004024: D8D4401F 14000010
	ds_swizzle_b32 v21, v17 offset:swizzle(SWAP,16)            // 00000000402C: D8D4401F 15000011
	ds_swizzle_b32 v22, v18 offset:swizzle(SWAP,16)            // 000000004034: D8D4401F 16000012
	ds_swizzle_b32 v23, v19 offset:swizzle(SWAP,16)            // 00000000403C: D8D4401F 17000013
	s_waitcnt lgkmcnt(0)                                       // 000000004044: BF89FC07
	v_wmma_f32_16x16x16_bf16 v[200:207], v[8:15], v[16:23], v[200:207]// 000000004048: CC4140C8 1F222108
	v_lshlrev_b32_e32 v234, 9, v3                              // 000000004050: 31D40689
	v_lshl_add_u32 v234, v4, 4, v234                           // 000000004054: D64600EA 07A90904
	v_add_nc_u32_e32 v234, 0xa160, v234                        // 00000000405C: 4BD5D4FF 0000A160
	v_and_b32_e32 v235, 7, v3                                  // 000000004064: 37D60687
	v_lshlrev_b32_e32 v235, 4, v235                            // 000000004068: 31D7D684
	v_xor_b32_e32 v234, v235, v234                             // 00000000406C: 3BD5D5EB
	ds_load_b128 v[16:19], v234                                // 000000004070: DBFC0000 100000EA
	s_waitcnt lgkmcnt(0)                                       // 000000004078: BF89FC07
	ds_swizzle_b32 v20, v16 offset:swizzle(SWAP,16)            // 00000000407C: D8D4401F 14000010
	ds_swizzle_b32 v21, v17 offset:swizzle(SWAP,16)            // 000000004084: D8D4401F 15000011
	ds_swizzle_b32 v22, v18 offset:swizzle(SWAP,16)            // 00000000408C: D8D4401F 16000012
	ds_swizzle_b32 v23, v19 offset:swizzle(SWAP,16)            // 000000004094: D8D4401F 17000013
	s_waitcnt lgkmcnt(0)                                       // 00000000409C: BF89FC07
	v_wmma_f32_16x16x16_bf16 v[208:215], v[8:15], v[16:23], v[208:215]// 0000000040A0: CC4140D0 1F422108
	ds_load_b128 v[8:11], v5 offset:384                        // 0000000040A8: DBFC0180 08000005
	s_waitcnt lgkmcnt(0)                                       // 0000000040B0: BF89FC07
	ds_swizzle_b32 v12, v8 offset:swizzle(SWAP,16)             // 0000000040B4: D8D4401F 0C000008
	ds_swizzle_b32 v13, v9 offset:swizzle(SWAP,16)             // 0000000040BC: D8D4401F 0D000009
	ds_swizzle_b32 v14, v10 offset:swizzle(SWAP,16)            // 0000000040C4: D8D4401F 0E00000A
	ds_swizzle_b32 v15, v11 offset:swizzle(SWAP,16)            // 0000000040CC: D8D4401F 0F00000B
	s_waitcnt lgkmcnt(0)                                       // 0000000040D4: BF89FC07
	v_lshlrev_b32_e32 v234, 9, v3                              // 0000000040D8: 31D40689
	v_lshl_add_u32 v234, v4, 4, v234                           // 0000000040DC: D64600EA 07A90904
	v_add_nc_u32_e32 v234, 0x8180, v234                        // 0000000040E4: 4BD5D4FF 00008180
	v_and_b32_e32 v235, 7, v3                                  // 0000000040EC: 37D60687
	v_lshlrev_b32_e32 v235, 4, v235                            // 0000000040F0: 31D7D684
	v_xor_b32_e32 v234, v235, v234                             // 0000000040F4: 3BD5D5EB
	ds_load_b128 v[16:19], v234                                // 0000000040F8: DBFC0000 100000EA
	s_waitcnt lgkmcnt(0)                                       // 000000004100: BF89FC07
	ds_swizzle_b32 v20, v16 offset:swizzle(SWAP,16)            // 000000004104: D8D4401F 14000010
	ds_swizzle_b32 v21, v17 offset:swizzle(SWAP,16)            // 00000000410C: D8D4401F 15000011
	ds_swizzle_b32 v22, v18 offset:swizzle(SWAP,16)            // 000000004114: D8D4401F 16000012
	ds_swizzle_b32 v23, v19 offset:swizzle(SWAP,16)            // 00000000411C: D8D4401F 17000013
	s_waitcnt lgkmcnt(0)                                       // 000000004124: BF89FC07
	v_wmma_f32_16x16x16_bf16 v[200:207], v[8:15], v[16:23], v[200:207]// 000000004128: CC4140C8 1F222108
	v_lshlrev_b32_e32 v234, 9, v3                              // 000000004130: 31D40689
	v_lshl_add_u32 v234, v4, 4, v234                           // 000000004134: D64600EA 07A90904
	v_add_nc_u32_e32 v234, 0xa180, v234                        // 00000000413C: 4BD5D4FF 0000A180
	v_and_b32_e32 v235, 7, v3                                  // 000000004144: 37D60687
	v_lshlrev_b32_e32 v235, 4, v235                            // 000000004148: 31D7D684
	v_xor_b32_e32 v234, v235, v234                             // 00000000414C: 3BD5D5EB
	ds_load_b128 v[16:19], v234                                // 000000004150: DBFC0000 100000EA
	s_waitcnt lgkmcnt(0)                                       // 000000004158: BF89FC07
	ds_swizzle_b32 v20, v16 offset:swizzle(SWAP,16)            // 00000000415C: D8D4401F 14000010
	ds_swizzle_b32 v21, v17 offset:swizzle(SWAP,16)            // 000000004164: D8D4401F 15000011
	ds_swizzle_b32 v22, v18 offset:swizzle(SWAP,16)            // 00000000416C: D8D4401F 16000012
	ds_swizzle_b32 v23, v19 offset:swizzle(SWAP,16)            // 000000004174: D8D4401F 17000013
	s_waitcnt lgkmcnt(0)                                       // 00000000417C: BF89FC07
	v_wmma_f32_16x16x16_bf16 v[208:215], v[8:15], v[16:23], v[208:215]// 000000004180: CC4140D0 1F422108
	ds_load_b128 v[8:11], v5 offset:416                        // 000000004188: DBFC01A0 08000005
	s_waitcnt lgkmcnt(0)                                       // 000000004190: BF89FC07
	ds_swizzle_b32 v12, v8 offset:swizzle(SWAP,16)             // 000000004194: D8D4401F 0C000008
	ds_swizzle_b32 v13, v9 offset:swizzle(SWAP,16)             // 00000000419C: D8D4401F 0D000009
	ds_swizzle_b32 v14, v10 offset:swizzle(SWAP,16)            // 0000000041A4: D8D4401F 0E00000A
	ds_swizzle_b32 v15, v11 offset:swizzle(SWAP,16)            // 0000000041AC: D8D4401F 0F00000B
	s_waitcnt lgkmcnt(0)                                       // 0000000041B4: BF89FC07
	v_lshlrev_b32_e32 v234, 9, v3                              // 0000000041B8: 31D40689
	v_lshl_add_u32 v234, v4, 4, v234                           // 0000000041BC: D64600EA 07A90904
	v_add_nc_u32_e32 v234, 0x81a0, v234                        // 0000000041C4: 4BD5D4FF 000081A0
	v_and_b32_e32 v235, 7, v3                                  // 0000000041CC: 37D60687
	v_lshlrev_b32_e32 v235, 4, v235                            // 0000000041D0: 31D7D684
	v_xor_b32_e32 v234, v235, v234                             // 0000000041D4: 3BD5D5EB
	ds_load_b128 v[16:19], v234                                // 0000000041D8: DBFC0000 100000EA
	s_waitcnt lgkmcnt(0)                                       // 0000000041E0: BF89FC07
	ds_swizzle_b32 v20, v16 offset:swizzle(SWAP,16)            // 0000000041E4: D8D4401F 14000010
	ds_swizzle_b32 v21, v17 offset:swizzle(SWAP,16)            // 0000000041EC: D8D4401F 15000011
	ds_swizzle_b32 v22, v18 offset:swizzle(SWAP,16)            // 0000000041F4: D8D4401F 16000012
	ds_swizzle_b32 v23, v19 offset:swizzle(SWAP,16)            // 0000000041FC: D8D4401F 17000013
	s_waitcnt lgkmcnt(0)                                       // 000000004204: BF89FC07
	v_wmma_f32_16x16x16_bf16 v[200:207], v[8:15], v[16:23], v[200:207]// 000000004208: CC4140C8 1F222108
	v_lshlrev_b32_e32 v234, 9, v3                              // 000000004210: 31D40689
	v_lshl_add_u32 v234, v4, 4, v234                           // 000000004214: D64600EA 07A90904
	v_add_nc_u32_e32 v234, 0xa1a0, v234                        // 00000000421C: 4BD5D4FF 0000A1A0
	v_and_b32_e32 v235, 7, v3                                  // 000000004224: 37D60687
	v_lshlrev_b32_e32 v235, 4, v235                            // 000000004228: 31D7D684
	v_xor_b32_e32 v234, v235, v234                             // 00000000422C: 3BD5D5EB
	ds_load_b128 v[16:19], v234                                // 000000004230: DBFC0000 100000EA
	s_waitcnt lgkmcnt(0)                                       // 000000004238: BF89FC07
	ds_swizzle_b32 v20, v16 offset:swizzle(SWAP,16)            // 00000000423C: D8D4401F 14000010
	ds_swizzle_b32 v21, v17 offset:swizzle(SWAP,16)            // 000000004244: D8D4401F 15000011
	ds_swizzle_b32 v22, v18 offset:swizzle(SWAP,16)            // 00000000424C: D8D4401F 16000012
	ds_swizzle_b32 v23, v19 offset:swizzle(SWAP,16)            // 000000004254: D8D4401F 17000013
	s_waitcnt lgkmcnt(0)                                       // 00000000425C: BF89FC07
	v_wmma_f32_16x16x16_bf16 v[208:215], v[8:15], v[16:23], v[208:215]// 000000004260: CC4140D0 1F422108
	ds_load_b128 v[8:11], v5 offset:448                        // 000000004268: DBFC01C0 08000005
	s_waitcnt lgkmcnt(0)                                       // 000000004270: BF89FC07
	ds_swizzle_b32 v12, v8 offset:swizzle(SWAP,16)             // 000000004274: D8D4401F 0C000008
	ds_swizzle_b32 v13, v9 offset:swizzle(SWAP,16)             // 00000000427C: D8D4401F 0D000009
	ds_swizzle_b32 v14, v10 offset:swizzle(SWAP,16)            // 000000004284: D8D4401F 0E00000A
	ds_swizzle_b32 v15, v11 offset:swizzle(SWAP,16)            // 00000000428C: D8D4401F 0F00000B
	s_waitcnt lgkmcnt(0)                                       // 000000004294: BF89FC07
	v_lshlrev_b32_e32 v234, 9, v3                              // 000000004298: 31D40689
	v_lshl_add_u32 v234, v4, 4, v234                           // 00000000429C: D64600EA 07A90904
	v_add_nc_u32_e32 v234, 0x81c0, v234                        // 0000000042A4: 4BD5D4FF 000081C0
	v_and_b32_e32 v235, 7, v3                                  // 0000000042AC: 37D60687
	v_lshlrev_b32_e32 v235, 4, v235                            // 0000000042B0: 31D7D684
	v_xor_b32_e32 v234, v235, v234                             // 0000000042B4: 3BD5D5EB
	ds_load_b128 v[16:19], v234                                // 0000000042B8: DBFC0000 100000EA
	s_waitcnt lgkmcnt(0)                                       // 0000000042C0: BF89FC07
	ds_swizzle_b32 v20, v16 offset:swizzle(SWAP,16)            // 0000000042C4: D8D4401F 14000010
	ds_swizzle_b32 v21, v17 offset:swizzle(SWAP,16)            // 0000000042CC: D8D4401F 15000011
	ds_swizzle_b32 v22, v18 offset:swizzle(SWAP,16)            // 0000000042D4: D8D4401F 16000012
	ds_swizzle_b32 v23, v19 offset:swizzle(SWAP,16)            // 0000000042DC: D8D4401F 17000013
	s_waitcnt lgkmcnt(0)                                       // 0000000042E4: BF89FC07
	v_wmma_f32_16x16x16_bf16 v[200:207], v[8:15], v[16:23], v[200:207]// 0000000042E8: CC4140C8 1F222108
	v_lshlrev_b32_e32 v234, 9, v3                              // 0000000042F0: 31D40689
	v_lshl_add_u32 v234, v4, 4, v234                           // 0000000042F4: D64600EA 07A90904
	v_add_nc_u32_e32 v234, 0xa1c0, v234                        // 0000000042FC: 4BD5D4FF 0000A1C0
	v_and_b32_e32 v235, 7, v3                                  // 000000004304: 37D60687
	v_lshlrev_b32_e32 v235, 4, v235                            // 000000004308: 31D7D684
	v_xor_b32_e32 v234, v235, v234                             // 00000000430C: 3BD5D5EB
	ds_load_b128 v[16:19], v234                                // 000000004310: DBFC0000 100000EA
	s_waitcnt lgkmcnt(0)                                       // 000000004318: BF89FC07
	ds_swizzle_b32 v20, v16 offset:swizzle(SWAP,16)            // 00000000431C: D8D4401F 14000010
	ds_swizzle_b32 v21, v17 offset:swizzle(SWAP,16)            // 000000004324: D8D4401F 15000011
	ds_swizzle_b32 v22, v18 offset:swizzle(SWAP,16)            // 00000000432C: D8D4401F 16000012
	ds_swizzle_b32 v23, v19 offset:swizzle(SWAP,16)            // 000000004334: D8D4401F 17000013
	s_waitcnt lgkmcnt(0)                                       // 00000000433C: BF89FC07
	v_wmma_f32_16x16x16_bf16 v[208:215], v[8:15], v[16:23], v[208:215]// 000000004340: CC4140D0 1F422108
	ds_load_b128 v[8:11], v5 offset:480                        // 000000004348: DBFC01E0 08000005
	s_waitcnt lgkmcnt(0)                                       // 000000004350: BF89FC07
	ds_swizzle_b32 v12, v8 offset:swizzle(SWAP,16)             // 000000004354: D8D4401F 0C000008
	ds_swizzle_b32 v13, v9 offset:swizzle(SWAP,16)             // 00000000435C: D8D4401F 0D000009
	ds_swizzle_b32 v14, v10 offset:swizzle(SWAP,16)            // 000000004364: D8D4401F 0E00000A
	ds_swizzle_b32 v15, v11 offset:swizzle(SWAP,16)            // 00000000436C: D8D4401F 0F00000B
	s_waitcnt lgkmcnt(0)                                       // 000000004374: BF89FC07
	v_lshlrev_b32_e32 v234, 9, v3                              // 000000004378: 31D40689
	v_lshl_add_u32 v234, v4, 4, v234                           // 00000000437C: D64600EA 07A90904
	v_add_nc_u32_e32 v234, 0x81e0, v234                        // 000000004384: 4BD5D4FF 000081E0
	v_and_b32_e32 v235, 7, v3                                  // 00000000438C: 37D60687
	v_lshlrev_b32_e32 v235, 4, v235                            // 000000004390: 31D7D684
	v_xor_b32_e32 v234, v235, v234                             // 000000004394: 3BD5D5EB
	ds_load_b128 v[16:19], v234                                // 000000004398: DBFC0000 100000EA
	s_waitcnt lgkmcnt(0)                                       // 0000000043A0: BF89FC07
	ds_swizzle_b32 v20, v16 offset:swizzle(SWAP,16)            // 0000000043A4: D8D4401F 14000010
	ds_swizzle_b32 v21, v17 offset:swizzle(SWAP,16)            // 0000000043AC: D8D4401F 15000011
	ds_swizzle_b32 v22, v18 offset:swizzle(SWAP,16)            // 0000000043B4: D8D4401F 16000012
	ds_swizzle_b32 v23, v19 offset:swizzle(SWAP,16)            // 0000000043BC: D8D4401F 17000013
	s_waitcnt lgkmcnt(0)                                       // 0000000043C4: BF89FC07
	v_wmma_f32_16x16x16_bf16 v[200:207], v[8:15], v[16:23], v[200:207]// 0000000043C8: CC4140C8 1F222108
	v_lshlrev_b32_e32 v234, 9, v3                              // 0000000043D0: 31D40689
	v_lshl_add_u32 v234, v4, 4, v234                           // 0000000043D4: D64600EA 07A90904
	v_add_nc_u32_e32 v234, 0xa1e0, v234                        // 0000000043DC: 4BD5D4FF 0000A1E0
	v_and_b32_e32 v235, 7, v3                                  // 0000000043E4: 37D60687
	v_lshlrev_b32_e32 v235, 4, v235                            // 0000000043E8: 31D7D684
	v_xor_b32_e32 v234, v235, v234                             // 0000000043EC: 3BD5D5EB
	ds_load_b128 v[16:19], v234                                // 0000000043F0: DBFC0000 100000EA
	s_waitcnt lgkmcnt(0)                                       // 0000000043F8: BF89FC07
	ds_swizzle_b32 v20, v16 offset:swizzle(SWAP,16)            // 0000000043FC: D8D4401F 14000010
	ds_swizzle_b32 v21, v17 offset:swizzle(SWAP,16)            // 000000004404: D8D4401F 15000011
	ds_swizzle_b32 v22, v18 offset:swizzle(SWAP,16)            // 00000000440C: D8D4401F 16000012
	ds_swizzle_b32 v23, v19 offset:swizzle(SWAP,16)            // 000000004414: D8D4401F 17000013
	s_waitcnt lgkmcnt(0)                                       // 00000000441C: BF89FC07
	v_wmma_f32_16x16x16_bf16 v[208:215], v[8:15], v[16:23], v[208:215]// 000000004420: CC4140D0 1F422108
	v_lshlrev_b32_e32 v231, 11, v2                             // 000000004428: 31CE048B
	v_lshl_add_u32 v232, v4, 7, v231                           // 00000000442C: D64600E8 079D0F04
	v_lshl_add_u32 v232, v3, 1, v232                           // 000000004434: D64600E8 07A10303
	v_add_nc_u32_e32 v232, 0xc000, v232                        // 00000000443C: 4BD1D0FF 0000C000
	v_lshl_add_u32 v233, v3, 7, v231                           // 000000004444: D64600E9 079D0F03
	v_lshlrev_b32_e32 v229, 4, v1                              // 00000000444C: 31CA0284
	v_lshl_add_u32 v233, v4, 4, v233                           // 000000004450: D64600E9 07A50904
	v_add_nc_u32_e32 v233, 0xc000, v233                        // 000000004458: 4BD3D2FF 0000C000
	s_add_u32 s40, s19, s21                                    // 000000004460: 80281513
	s_cmp_eq_u32 s28, s40                                      // 000000004464: BF06281C
	s_cbranch_scc1 33                                          // 000000004468: BFA20021 <extend_attention_wmma_n64_split_kv_gfx1151+0x2bf0>
	v_mul_f32_e32 v24, s20, v24                                // 00000000446C: 10303014
	v_mul_f32_e32 v25, s20, v25                                // 000000004470: 10323214
	v_mul_f32_e32 v26, s20, v26                                // 000000004474: 10343414
	v_mul_f32_e32 v27, s20, v27                                // 000000004478: 10363614
	v_mul_f32_e32 v28, s20, v28                                // 00000000447C: 10383814
	v_mul_f32_e32 v29, s20, v29                                // 000000004480: 103A3A14
	v_mul_f32_e32 v30, s20, v30                                // 000000004484: 103C3C14
	v_mul_f32_e32 v31, s20, v31                                // 000000004488: 103E3E14
	v_mul_f32_e32 v192, s20, v192                              // 00000000448C: 11818014
	v_mul_f32_e32 v193, s20, v193                              // 000000004490: 11838214
	v_mul_f32_e32 v194, s20, v194                              // 000000004494: 11858414
	v_mul_f32_e32 v195, s20, v195                              // 000000004498: 11878614
	v_mul_f32_e32 v196, s20, v196                              // 00000000449C: 11898814
	v_mul_f32_e32 v197, s20, v197                              // 0000000044A0: 118B8A14
	v_mul_f32_e32 v198, s20, v198                              // 0000000044A4: 118D8C14
	v_mul_f32_e32 v199, s20, v199                              // 0000000044A8: 118F8E14
	v_mul_f32_e32 v200, s20, v200                              // 0000000044AC: 11919014
	v_mul_f32_e32 v201, s20, v201                              // 0000000044B0: 11939214
	v_mul_f32_e32 v202, s20, v202                              // 0000000044B4: 11959414
	v_mul_f32_e32 v203, s20, v203                              // 0000000044B8: 11979614
	v_mul_f32_e32 v204, s20, v204                              // 0000000044BC: 11999814
	v_mul_f32_e32 v205, s20, v205                              // 0000000044C0: 119B9A14
	v_mul_f32_e32 v206, s20, v206                              // 0000000044C4: 119D9C14
	v_mul_f32_e32 v207, s20, v207                              // 0000000044C8: 119F9E14
	v_mul_f32_e32 v208, s20, v208                              // 0000000044CC: 11A1A014
	v_mul_f32_e32 v209, s20, v209                              // 0000000044D0: 11A3A214
	v_mul_f32_e32 v210, s20, v210                              // 0000000044D4: 11A5A414
	v_mul_f32_e32 v211, s20, v211                              // 0000000044D8: 11A7A614
	v_mul_f32_e32 v212, s20, v212                              // 0000000044DC: 11A9A814
	v_mul_f32_e32 v213, s20, v213                              // 0000000044E0: 11ABAA14
	v_mul_f32_e32 v214, s20, v214                              // 0000000044E4: 11ADAC14
	v_mul_f32_e32 v215, s20, v215                              // 0000000044E8: 11AFAE14
	s_branch 288                                               // 0000000044EC: BFA00120 <extend_attention_wmma_n64_split_kv_gfx1151+0x3070>
	v_mul_f32_e32 v24, s20, v24                                // 0000000044F0: 10303014
	v_add_nc_u32_e32 v235, 0, v3                               // 0000000044F4: 4BD60680
	v_add_nc_u32_e32 v235, s28, v235                           // 0000000044F8: 4BD7D61C
	v_add_nc_u32_e32 v236, 0, v6                               // 0000000044FC: 4BD80C80
	v_add_nc_u32_e32 v237, s19, v236                           // 000000004500: 4BDBD813
	v_add_nc_u32_e32 v237, 1, v237                             // 000000004504: 4BDBDA81
	v_cmp_lt_u32_e32 vcc_lo, v235, v237                        // 000000004508: 7C93DBEB
	v_cndmask_b32_e32 v24, 0xff800000, v24, vcc_lo             // 00000000450C: 023030FF FF800000
	v_mul_f32_e32 v25, s20, v25                                // 000000004514: 10323214
	v_add_nc_u32_e32 v235, 0, v3                               // 000000004518: 4BD60680
	v_add_nc_u32_e32 v235, s28, v235                           // 00000000451C: 4BD7D61C
	v_add_nc_u32_e32 v236, 2, v6                               // 000000004520: 4BD80C82
	v_add_nc_u32_e32 v237, s19, v236                           // 000000004524: 4BDBD813
	v_add_nc_u32_e32 v237, 1, v237                             // 000000004528: 4BDBDA81
	v_cmp_lt_u32_e32 vcc_lo, v235, v237                        // 00000000452C: 7C93DBEB
	v_cndmask_b32_e32 v25, 0xff800000, v25, vcc_lo             // 000000004530: 023232FF FF800000
	v_mul_f32_e32 v26, s20, v26                                // 000000004538: 10343414
	v_add_nc_u32_e32 v235, 0, v3                               // 00000000453C: 4BD60680
	v_add_nc_u32_e32 v235, s28, v235                           // 000000004540: 4BD7D61C
	v_add_nc_u32_e32 v236, 4, v6                               // 000000004544: 4BD80C84
	v_add_nc_u32_e32 v237, s19, v236                           // 000000004548: 4BDBD813
	v_add_nc_u32_e32 v237, 1, v237                             // 00000000454C: 4BDBDA81
	v_cmp_lt_u32_e32 vcc_lo, v235, v237                        // 000000004550: 7C93DBEB
	v_cndmask_b32_e32 v26, 0xff800000, v26, vcc_lo             // 000000004554: 023434FF FF800000
	v_mul_f32_e32 v27, s20, v27                                // 00000000455C: 10363614
	v_add_nc_u32_e32 v235, 0, v3                               // 000000004560: 4BD60680
	v_add_nc_u32_e32 v235, s28, v235                           // 000000004564: 4BD7D61C
	v_add_nc_u32_e32 v236, 6, v6                               // 000000004568: 4BD80C86
	v_add_nc_u32_e32 v237, s19, v236                           // 00000000456C: 4BDBD813
	v_add_nc_u32_e32 v237, 1, v237                             // 000000004570: 4BDBDA81
	v_cmp_lt_u32_e32 vcc_lo, v235, v237                        // 000000004574: 7C93DBEB
	v_cndmask_b32_e32 v27, 0xff800000, v27, vcc_lo             // 000000004578: 023636FF FF800000
	v_mul_f32_e32 v28, s20, v28                                // 000000004580: 10383814
	v_add_nc_u32_e32 v235, 0, v3                               // 000000004584: 4BD60680
	v_add_nc_u32_e32 v235, s28, v235                           // 000000004588: 4BD7D61C
	v_add_nc_u32_e32 v236, 8, v6                               // 00000000458C: 4BD80C88
	v_add_nc_u32_e32 v237, s19, v236                           // 000000004590: 4BDBD813
	v_add_nc_u32_e32 v237, 1, v237                             // 000000004594: 4BDBDA81
	v_cmp_lt_u32_e32 vcc_lo, v235, v237                        // 000000004598: 7C93DBEB
	v_cndmask_b32_e32 v28, 0xff800000, v28, vcc_lo             // 00000000459C: 023838FF FF800000
	v_mul_f32_e32 v29, s20, v29                                // 0000000045A4: 103A3A14
	v_add_nc_u32_e32 v235, 0, v3                               // 0000000045A8: 4BD60680
	v_add_nc_u32_e32 v235, s28, v235                           // 0000000045AC: 4BD7D61C
	v_add_nc_u32_e32 v236, 10, v6                              // 0000000045B0: 4BD80C8A
	v_add_nc_u32_e32 v237, s19, v236                           // 0000000045B4: 4BDBD813
	v_add_nc_u32_e32 v237, 1, v237                             // 0000000045B8: 4BDBDA81
	v_cmp_lt_u32_e32 vcc_lo, v235, v237                        // 0000000045BC: 7C93DBEB
	v_cndmask_b32_e32 v29, 0xff800000, v29, vcc_lo             // 0000000045C0: 023A3AFF FF800000
	v_mul_f32_e32 v30, s20, v30                                // 0000000045C8: 103C3C14
	v_add_nc_u32_e32 v235, 0, v3                               // 0000000045CC: 4BD60680
	v_add_nc_u32_e32 v235, s28, v235                           // 0000000045D0: 4BD7D61C
	v_add_nc_u32_e32 v236, 12, v6                              // 0000000045D4: 4BD80C8C
	v_add_nc_u32_e32 v237, s19, v236                           // 0000000045D8: 4BDBD813
	v_add_nc_u32_e32 v237, 1, v237                             // 0000000045DC: 4BDBDA81
	v_cmp_lt_u32_e32 vcc_lo, v235, v237                        // 0000000045E0: 7C93DBEB
	v_cndmask_b32_e32 v30, 0xff800000, v30, vcc_lo             // 0000000045E4: 023C3CFF FF800000
	v_mul_f32_e32 v31, s20, v31                                // 0000000045EC: 103E3E14
	v_add_nc_u32_e32 v235, 0, v3                               // 0000000045F0: 4BD60680
	v_add_nc_u32_e32 v235, s28, v235                           // 0000000045F4: 4BD7D61C
	v_add_nc_u32_e32 v236, 14, v6                              // 0000000045F8: 4BD80C8E
	v_add_nc_u32_e32 v237, s19, v236                           // 0000000045FC: 4BDBD813
	v_add_nc_u32_e32 v237, 1, v237                             // 000000004600: 4BDBDA81
	v_cmp_lt_u32_e32 vcc_lo, v235, v237                        // 000000004604: 7C93DBEB
	v_cndmask_b32_e32 v31, 0xff800000, v31, vcc_lo             // 000000004608: 023E3EFF FF800000
	v_mul_f32_e32 v192, s20, v192                              // 000000004610: 11818014
	v_add_nc_u32_e32 v235, 16, v3                              // 000000004614: 4BD60690
	v_add_nc_u32_e32 v235, s28, v235                           // 000000004618: 4BD7D61C
	v_add_nc_u32_e32 v236, 0, v6                               // 00000000461C: 4BD80C80
	v_add_nc_u32_e32 v237, s19, v236                           // 000000004620: 4BDBD813
	v_add_nc_u32_e32 v237, 1, v237                             // 000000004624: 4BDBDA81
	v_cmp_lt_u32_e32 vcc_lo, v235, v237                        // 000000004628: 7C93DBEB
	v_cndmask_b32_e32 v192, 0xff800000, v192, vcc_lo           // 00000000462C: 038180FF FF800000
	v_mul_f32_e32 v193, s20, v193                              // 000000004634: 11838214
	v_add_nc_u32_e32 v235, 16, v3                              // 000000004638: 4BD60690
	v_add_nc_u32_e32 v235, s28, v235                           // 00000000463C: 4BD7D61C
	v_add_nc_u32_e32 v236, 2, v6                               // 000000004640: 4BD80C82
	v_add_nc_u32_e32 v237, s19, v236                           // 000000004644: 4BDBD813
	v_add_nc_u32_e32 v237, 1, v237                             // 000000004648: 4BDBDA81
	v_cmp_lt_u32_e32 vcc_lo, v235, v237                        // 00000000464C: 7C93DBEB
	v_cndmask_b32_e32 v193, 0xff800000, v193, vcc_lo           // 000000004650: 038382FF FF800000
	v_mul_f32_e32 v194, s20, v194                              // 000000004658: 11858414
	v_add_nc_u32_e32 v235, 16, v3                              // 00000000465C: 4BD60690
	v_add_nc_u32_e32 v235, s28, v235                           // 000000004660: 4BD7D61C
	v_add_nc_u32_e32 v236, 4, v6                               // 000000004664: 4BD80C84
	v_add_nc_u32_e32 v237, s19, v236                           // 000000004668: 4BDBD813
	v_add_nc_u32_e32 v237, 1, v237                             // 00000000466C: 4BDBDA81
	v_cmp_lt_u32_e32 vcc_lo, v235, v237                        // 000000004670: 7C93DBEB
	v_cndmask_b32_e32 v194, 0xff800000, v194, vcc_lo           // 000000004674: 038584FF FF800000
	v_mul_f32_e32 v195, s20, v195                              // 00000000467C: 11878614
	v_add_nc_u32_e32 v235, 16, v3                              // 000000004680: 4BD60690
	v_add_nc_u32_e32 v235, s28, v235                           // 000000004684: 4BD7D61C
	v_add_nc_u32_e32 v236, 6, v6                               // 000000004688: 4BD80C86
	v_add_nc_u32_e32 v237, s19, v236                           // 00000000468C: 4BDBD813
	v_add_nc_u32_e32 v237, 1, v237                             // 000000004690: 4BDBDA81
	v_cmp_lt_u32_e32 vcc_lo, v235, v237                        // 000000004694: 7C93DBEB
	v_cndmask_b32_e32 v195, 0xff800000, v195, vcc_lo           // 000000004698: 038786FF FF800000
	v_mul_f32_e32 v196, s20, v196                              // 0000000046A0: 11898814
	v_add_nc_u32_e32 v235, 16, v3                              // 0000000046A4: 4BD60690
	v_add_nc_u32_e32 v235, s28, v235                           // 0000000046A8: 4BD7D61C
	v_add_nc_u32_e32 v236, 8, v6                               // 0000000046AC: 4BD80C88
	v_add_nc_u32_e32 v237, s19, v236                           // 0000000046B0: 4BDBD813
	v_add_nc_u32_e32 v237, 1, v237                             // 0000000046B4: 4BDBDA81
	v_cmp_lt_u32_e32 vcc_lo, v235, v237                        // 0000000046B8: 7C93DBEB
	v_cndmask_b32_e32 v196, 0xff800000, v196, vcc_lo           // 0000000046BC: 038988FF FF800000
	v_mul_f32_e32 v197, s20, v197                              // 0000000046C4: 118B8A14
	v_add_nc_u32_e32 v235, 16, v3                              // 0000000046C8: 4BD60690
	v_add_nc_u32_e32 v235, s28, v235                           // 0000000046CC: 4BD7D61C
	v_add_nc_u32_e32 v236, 10, v6                              // 0000000046D0: 4BD80C8A
	v_add_nc_u32_e32 v237, s19, v236                           // 0000000046D4: 4BDBD813
	v_add_nc_u32_e32 v237, 1, v237                             // 0000000046D8: 4BDBDA81
	v_cmp_lt_u32_e32 vcc_lo, v235, v237                        // 0000000046DC: 7C93DBEB
	v_cndmask_b32_e32 v197, 0xff800000, v197, vcc_lo           // 0000000046E0: 038B8AFF FF800000
	v_mul_f32_e32 v198, s20, v198                              // 0000000046E8: 118D8C14
	v_add_nc_u32_e32 v235, 16, v3                              // 0000000046EC: 4BD60690
	v_add_nc_u32_e32 v235, s28, v235                           // 0000000046F0: 4BD7D61C
	v_add_nc_u32_e32 v236, 12, v6                              // 0000000046F4: 4BD80C8C
	v_add_nc_u32_e32 v237, s19, v236                           // 0000000046F8: 4BDBD813
	v_add_nc_u32_e32 v237, 1, v237                             // 0000000046FC: 4BDBDA81
	v_cmp_lt_u32_e32 vcc_lo, v235, v237                        // 000000004700: 7C93DBEB
	v_cndmask_b32_e32 v198, 0xff800000, v198, vcc_lo           // 000000004704: 038D8CFF FF800000
	v_mul_f32_e32 v199, s20, v199                              // 00000000470C: 118F8E14
	v_add_nc_u32_e32 v235, 16, v3                              // 000000004710: 4BD60690
	v_add_nc_u32_e32 v235, s28, v235                           // 000000004714: 4BD7D61C
	v_add_nc_u32_e32 v236, 14, v6                              // 000000004718: 4BD80C8E
	v_add_nc_u32_e32 v237, s19, v236                           // 00000000471C: 4BDBD813
	v_add_nc_u32_e32 v237, 1, v237                             // 000000004720: 4BDBDA81
	v_cmp_lt_u32_e32 vcc_lo, v235, v237                        // 000000004724: 7C93DBEB
	v_cndmask_b32_e32 v199, 0xff800000, v199, vcc_lo           // 000000004728: 038F8EFF FF800000
	v_mul_f32_e32 v200, s20, v200                              // 000000004730: 11919014
	v_add_nc_u32_e32 v235, 32, v3                              // 000000004734: 4BD606A0
	v_add_nc_u32_e32 v235, s28, v235                           // 000000004738: 4BD7D61C
	v_add_nc_u32_e32 v236, 0, v6                               // 00000000473C: 4BD80C80
	v_add_nc_u32_e32 v237, s19, v236                           // 000000004740: 4BDBD813
	v_add_nc_u32_e32 v237, 1, v237                             // 000000004744: 4BDBDA81
	v_cmp_lt_u32_e32 vcc_lo, v235, v237                        // 000000004748: 7C93DBEB
	v_cndmask_b32_e32 v200, 0xff800000, v200, vcc_lo           // 00000000474C: 039190FF FF800000
	v_mul_f32_e32 v201, s20, v201                              // 000000004754: 11939214
	v_add_nc_u32_e32 v235, 32, v3                              // 000000004758: 4BD606A0
	v_add_nc_u32_e32 v235, s28, v235                           // 00000000475C: 4BD7D61C
	v_add_nc_u32_e32 v236, 2, v6                               // 000000004760: 4BD80C82
	v_add_nc_u32_e32 v237, s19, v236                           // 000000004764: 4BDBD813
	v_add_nc_u32_e32 v237, 1, v237                             // 000000004768: 4BDBDA81
	v_cmp_lt_u32_e32 vcc_lo, v235, v237                        // 00000000476C: 7C93DBEB
	v_cndmask_b32_e32 v201, 0xff800000, v201, vcc_lo           // 000000004770: 039392FF FF800000
	v_mul_f32_e32 v202, s20, v202                              // 000000004778: 11959414
	v_add_nc_u32_e32 v235, 32, v3                              // 00000000477C: 4BD606A0
	v_add_nc_u32_e32 v235, s28, v235                           // 000000004780: 4BD7D61C
	v_add_nc_u32_e32 v236, 4, v6                               // 000000004784: 4BD80C84
	v_add_nc_u32_e32 v237, s19, v236                           // 000000004788: 4BDBD813
	v_add_nc_u32_e32 v237, 1, v237                             // 00000000478C: 4BDBDA81
	v_cmp_lt_u32_e32 vcc_lo, v235, v237                        // 000000004790: 7C93DBEB
	v_cndmask_b32_e32 v202, 0xff800000, v202, vcc_lo           // 000000004794: 039594FF FF800000
	v_mul_f32_e32 v203, s20, v203                              // 00000000479C: 11979614
	v_add_nc_u32_e32 v235, 32, v3                              // 0000000047A0: 4BD606A0
	v_add_nc_u32_e32 v235, s28, v235                           // 0000000047A4: 4BD7D61C
	v_add_nc_u32_e32 v236, 6, v6                               // 0000000047A8: 4BD80C86
	v_add_nc_u32_e32 v237, s19, v236                           // 0000000047AC: 4BDBD813
	v_add_nc_u32_e32 v237, 1, v237                             // 0000000047B0: 4BDBDA81
	v_cmp_lt_u32_e32 vcc_lo, v235, v237                        // 0000000047B4: 7C93DBEB
	v_cndmask_b32_e32 v203, 0xff800000, v203, vcc_lo           // 0000000047B8: 039796FF FF800000
	v_mul_f32_e32 v204, s20, v204                              // 0000000047C0: 11999814
	v_add_nc_u32_e32 v235, 32, v3                              // 0000000047C4: 4BD606A0
	v_add_nc_u32_e32 v235, s28, v235                           // 0000000047C8: 4BD7D61C
	v_add_nc_u32_e32 v236, 8, v6                               // 0000000047CC: 4BD80C88
	v_add_nc_u32_e32 v237, s19, v236                           // 0000000047D0: 4BDBD813
	v_add_nc_u32_e32 v237, 1, v237                             // 0000000047D4: 4BDBDA81
	v_cmp_lt_u32_e32 vcc_lo, v235, v237                        // 0000000047D8: 7C93DBEB
	v_cndmask_b32_e32 v204, 0xff800000, v204, vcc_lo           // 0000000047DC: 039998FF FF800000
	v_mul_f32_e32 v205, s20, v205                              // 0000000047E4: 119B9A14
	v_add_nc_u32_e32 v235, 32, v3                              // 0000000047E8: 4BD606A0
	v_add_nc_u32_e32 v235, s28, v235                           // 0000000047EC: 4BD7D61C
	v_add_nc_u32_e32 v236, 10, v6                              // 0000000047F0: 4BD80C8A
	v_add_nc_u32_e32 v237, s19, v236                           // 0000000047F4: 4BDBD813
	v_add_nc_u32_e32 v237, 1, v237                             // 0000000047F8: 4BDBDA81
	v_cmp_lt_u32_e32 vcc_lo, v235, v237                        // 0000000047FC: 7C93DBEB
	v_cndmask_b32_e32 v205, 0xff800000, v205, vcc_lo           // 000000004800: 039B9AFF FF800000
	v_mul_f32_e32 v206, s20, v206                              // 000000004808: 119D9C14
	v_add_nc_u32_e32 v235, 32, v3                              // 00000000480C: 4BD606A0
	v_add_nc_u32_e32 v235, s28, v235                           // 000000004810: 4BD7D61C
	v_add_nc_u32_e32 v236, 12, v6                              // 000000004814: 4BD80C8C
	v_add_nc_u32_e32 v237, s19, v236                           // 000000004818: 4BDBD813
	v_add_nc_u32_e32 v237, 1, v237                             // 00000000481C: 4BDBDA81
	v_cmp_lt_u32_e32 vcc_lo, v235, v237                        // 000000004820: 7C93DBEB
	v_cndmask_b32_e32 v206, 0xff800000, v206, vcc_lo           // 000000004824: 039D9CFF FF800000
	v_mul_f32_e32 v207, s20, v207                              // 00000000482C: 119F9E14
	v_add_nc_u32_e32 v235, 32, v3                              // 000000004830: 4BD606A0
	v_add_nc_u32_e32 v235, s28, v235                           // 000000004834: 4BD7D61C
	v_add_nc_u32_e32 v236, 14, v6                              // 000000004838: 4BD80C8E
	v_add_nc_u32_e32 v237, s19, v236                           // 00000000483C: 4BDBD813
	v_add_nc_u32_e32 v237, 1, v237                             // 000000004840: 4BDBDA81
	v_cmp_lt_u32_e32 vcc_lo, v235, v237                        // 000000004844: 7C93DBEB
	v_cndmask_b32_e32 v207, 0xff800000, v207, vcc_lo           // 000000004848: 039F9EFF FF800000
	v_mul_f32_e32 v208, s20, v208                              // 000000004850: 11A1A014
	v_add_nc_u32_e32 v235, 48, v3                              // 000000004854: 4BD606B0
	v_add_nc_u32_e32 v235, s28, v235                           // 000000004858: 4BD7D61C
	v_add_nc_u32_e32 v236, 0, v6                               // 00000000485C: 4BD80C80
	v_add_nc_u32_e32 v237, s19, v236                           // 000000004860: 4BDBD813
	v_add_nc_u32_e32 v237, 1, v237                             // 000000004864: 4BDBDA81
	v_cmp_lt_u32_e32 vcc_lo, v235, v237                        // 000000004868: 7C93DBEB
	v_cndmask_b32_e32 v208, 0xff800000, v208, vcc_lo           // 00000000486C: 03A1A0FF FF800000
	v_mul_f32_e32 v209, s20, v209                              // 000000004874: 11A3A214
	v_add_nc_u32_e32 v235, 48, v3                              // 000000004878: 4BD606B0
	v_add_nc_u32_e32 v235, s28, v235                           // 00000000487C: 4BD7D61C
	v_add_nc_u32_e32 v236, 2, v6                               // 000000004880: 4BD80C82
	v_add_nc_u32_e32 v237, s19, v236                           // 000000004884: 4BDBD813
	v_add_nc_u32_e32 v237, 1, v237                             // 000000004888: 4BDBDA81
	v_cmp_lt_u32_e32 vcc_lo, v235, v237                        // 00000000488C: 7C93DBEB
	v_cndmask_b32_e32 v209, 0xff800000, v209, vcc_lo           // 000000004890: 03A3A2FF FF800000
	v_mul_f32_e32 v210, s20, v210                              // 000000004898: 11A5A414
	v_add_nc_u32_e32 v235, 48, v3                              // 00000000489C: 4BD606B0
	v_add_nc_u32_e32 v235, s28, v235                           // 0000000048A0: 4BD7D61C
	v_add_nc_u32_e32 v236, 4, v6                               // 0000000048A4: 4BD80C84
	v_add_nc_u32_e32 v237, s19, v236                           // 0000000048A8: 4BDBD813
	v_add_nc_u32_e32 v237, 1, v237                             // 0000000048AC: 4BDBDA81
	v_cmp_lt_u32_e32 vcc_lo, v235, v237                        // 0000000048B0: 7C93DBEB
	v_cndmask_b32_e32 v210, 0xff800000, v210, vcc_lo           // 0000000048B4: 03A5A4FF FF800000
	v_mul_f32_e32 v211, s20, v211                              // 0000000048BC: 11A7A614
	v_add_nc_u32_e32 v235, 48, v3                              // 0000000048C0: 4BD606B0
	v_add_nc_u32_e32 v235, s28, v235                           // 0000000048C4: 4BD7D61C
	v_add_nc_u32_e32 v236, 6, v6                               // 0000000048C8: 4BD80C86
	v_add_nc_u32_e32 v237, s19, v236                           // 0000000048CC: 4BDBD813
	v_add_nc_u32_e32 v237, 1, v237                             // 0000000048D0: 4BDBDA81
	v_cmp_lt_u32_e32 vcc_lo, v235, v237                        // 0000000048D4: 7C93DBEB
	v_cndmask_b32_e32 v211, 0xff800000, v211, vcc_lo           // 0000000048D8: 03A7A6FF FF800000
	v_mul_f32_e32 v212, s20, v212                              // 0000000048E0: 11A9A814
	v_add_nc_u32_e32 v235, 48, v3                              // 0000000048E4: 4BD606B0
	v_add_nc_u32_e32 v235, s28, v235                           // 0000000048E8: 4BD7D61C
	v_add_nc_u32_e32 v236, 8, v6                               // 0000000048EC: 4BD80C88
	v_add_nc_u32_e32 v237, s19, v236                           // 0000000048F0: 4BDBD813
	v_add_nc_u32_e32 v237, 1, v237                             // 0000000048F4: 4BDBDA81
	v_cmp_lt_u32_e32 vcc_lo, v235, v237                        // 0000000048F8: 7C93DBEB
	v_cndmask_b32_e32 v212, 0xff800000, v212, vcc_lo           // 0000000048FC: 03A9A8FF FF800000
	v_mul_f32_e32 v213, s20, v213                              // 000000004904: 11ABAA14
	v_add_nc_u32_e32 v235, 48, v3                              // 000000004908: 4BD606B0
	v_add_nc_u32_e32 v235, s28, v235                           // 00000000490C: 4BD7D61C
	v_add_nc_u32_e32 v236, 10, v6                              // 000000004910: 4BD80C8A
	v_add_nc_u32_e32 v237, s19, v236                           // 000000004914: 4BDBD813
	v_add_nc_u32_e32 v237, 1, v237                             // 000000004918: 4BDBDA81
	v_cmp_lt_u32_e32 vcc_lo, v235, v237                        // 00000000491C: 7C93DBEB
	v_cndmask_b32_e32 v213, 0xff800000, v213, vcc_lo           // 000000004920: 03ABAAFF FF800000
	v_mul_f32_e32 v214, s20, v214                              // 000000004928: 11ADAC14
	v_add_nc_u32_e32 v235, 48, v3                              // 00000000492C: 4BD606B0
	v_add_nc_u32_e32 v235, s28, v235                           // 000000004930: 4BD7D61C
	v_add_nc_u32_e32 v236, 12, v6                              // 000000004934: 4BD80C8C
	v_add_nc_u32_e32 v237, s19, v236                           // 000000004938: 4BDBD813
	v_add_nc_u32_e32 v237, 1, v237                             // 00000000493C: 4BDBDA81
	v_cmp_lt_u32_e32 vcc_lo, v235, v237                        // 000000004940: 7C93DBEB
	v_cndmask_b32_e32 v214, 0xff800000, v214, vcc_lo           // 000000004944: 03ADACFF FF800000
	v_mul_f32_e32 v215, s20, v215                              // 00000000494C: 11AFAE14
	v_add_nc_u32_e32 v235, 48, v3                              // 000000004950: 4BD606B0
	v_add_nc_u32_e32 v235, s28, v235                           // 000000004954: 4BD7D61C
	v_add_nc_u32_e32 v236, 14, v6                              // 000000004958: 4BD80C8E
	v_add_nc_u32_e32 v237, s19, v236                           // 00000000495C: 4BDBD813
	v_add_nc_u32_e32 v237, 1, v237                             // 000000004960: 4BDBDA81
	v_cmp_lt_u32_e32 vcc_lo, v235, v237                        // 000000004964: 7C93DBEB
	v_cndmask_b32_e32 v215, 0xff800000, v215, vcc_lo           // 000000004968: 03AFAEFF FF800000
	v_mov_b32_e32 v216, v24                                    // 000000004970: 7FB00318
	v_mov_b32_e32 v224, v216                                   // 000000004974: 7FC003D8
	v_mov_b32_dpp v224, v224 row_shr:8 row_mask:0xf bank_mask:0xc// 000000004978: 7FC002FA FC0118E0
	v_mov_b32_dpp v224, v216 row_shl:8 row_mask:0xf bank_mask:0x3// 000000004980: 7FC002FA F30108D8
	v_max_f32_e32 v216, v216, v224                             // 000000004988: 21B1C1D8
	v_mov_b32_e32 v224, v216                                   // 00000000498C: 7FC003D8
	v_mov_b32_dpp v224, v224 row_shr:4 row_mask:0xf bank_mask:0xa// 000000004990: 7FC002FA FA0114E0
	v_mov_b32_dpp v224, v216 row_shl:4 row_mask:0xf bank_mask:0x5// 000000004998: 7FC002FA F50104D8
	v_max_f32_e32 v216, v216, v224                             // 0000000049A0: 21B1C1D8
	v_mov_b32_dpp v224, v216 quad_perm:[2,3,0,1] row_mask:0xf bank_mask:0xf// 0000000049A4: 7FC002FA FF004ED8
	v_max_f32_e32 v216, v216, v224                             // 0000000049AC: 21B1C1D8
	v_mov_b32_dpp v224, v216 quad_perm:[1,0,3,2] row_mask:0xf bank_mask:0xf// 0000000049B0: 7FC002FA FF00B1D8
	v_max_f32_e32 v216, v216, v224                             // 0000000049B8: 21B1C1D8
	v_mov_b32_e32 v225, v192                                   // 0000000049BC: 7FC203C0
	v_mov_b32_e32 v224, v225                                   // 0000000049C0: 7FC003E1
	v_mov_b32_dpp v224, v224 row_shr:8 row_mask:0xf bank_mask:0xc// 0000000049C4: 7FC002FA FC0118E0
	v_mov_b32_dpp v224, v225 row_shl:8 row_mask:0xf bank_mask:0x3// 0000000049CC: 7FC002FA F30108E1
	v_max_f32_e32 v225, v225, v224                             // 0000000049D4: 21C3C1E1
	v_mov_b32_e32 v224, v225                                   // 0000000049D8: 7FC003E1
	v_mov_b32_dpp v224, v224 row_shr:4 row_mask:0xf bank_mask:0xa// 0000000049DC: 7FC002FA FA0114E0
	v_mov_b32_dpp v224, v225 row_shl:4 row_mask:0xf bank_mask:0x5// 0000000049E4: 7FC002FA F50104E1
	v_max_f32_e32 v225, v225, v224                             // 0000000049EC: 21C3C1E1
	v_mov_b32_dpp v224, v225 quad_perm:[2,3,0,1] row_mask:0xf bank_mask:0xf// 0000000049F0: 7FC002FA FF004EE1
	v_max_f32_e32 v225, v225, v224                             // 0000000049F8: 21C3C1E1
	v_mov_b32_dpp v224, v225 quad_perm:[1,0,3,2] row_mask:0xf bank_mask:0xf// 0000000049FC: 7FC002FA FF00B1E1
	v_max_f32_e32 v225, v225, v224                             // 000000004A04: 21C3C1E1
	v_max_f32_e32 v216, v216, v225                             // 000000004A08: 21B1C3D8
	v_mov_b32_e32 v225, v200                                   // 000000004A0C: 7FC203C8
	v_mov_b32_e32 v224, v225                                   // 000000004A10: 7FC003E1
	v_mov_b32_dpp v224, v224 row_shr:8 row_mask:0xf bank_mask:0xc// 000000004A14: 7FC002FA FC0118E0
	v_mov_b32_dpp v224, v225 row_shl:8 row_mask:0xf bank_mask:0x3// 000000004A1C: 7FC002FA F30108E1
	v_max_f32_e32 v225, v225, v224                             // 000000004A24: 21C3C1E1
	v_mov_b32_e32 v224, v225                                   // 000000004A28: 7FC003E1
	v_mov_b32_dpp v224, v224 row_shr:4 row_mask:0xf bank_mask:0xa// 000000004A2C: 7FC002FA FA0114E0
	v_mov_b32_dpp v224, v225 row_shl:4 row_mask:0xf bank_mask:0x5// 000000004A34: 7FC002FA F50104E1
	v_max_f32_e32 v225, v225, v224                             // 000000004A3C: 21C3C1E1
	v_mov_b32_dpp v224, v225 quad_perm:[2,3,0,1] row_mask:0xf bank_mask:0xf// 000000004A40: 7FC002FA FF004EE1
	v_max_f32_e32 v225, v225, v224                             // 000000004A48: 21C3C1E1
	v_mov_b32_dpp v224, v225 quad_perm:[1,0,3,2] row_mask:0xf bank_mask:0xf// 000000004A4C: 7FC002FA FF00B1E1
	v_max_f32_e32 v225, v225, v224                             // 000000004A54: 21C3C1E1
	v_max_f32_e32 v216, v216, v225                             // 000000004A58: 21B1C3D8
	v_mov_b32_e32 v225, v208                                   // 000000004A5C: 7FC203D0
	v_mov_b32_e32 v224, v225                                   // 000000004A60: 7FC003E1
	v_mov_b32_dpp v224, v224 row_shr:8 row_mask:0xf bank_mask:0xc// 000000004A64: 7FC002FA FC0118E0
	v_mov_b32_dpp v224, v225 row_shl:8 row_mask:0xf bank_mask:0x3// 000000004A6C: 7FC002FA F30108E1
	v_max_f32_e32 v225, v225, v224                             // 000000004A74: 21C3C1E1
	v_mov_b32_e32 v224, v225                                   // 000000004A78: 7FC003E1
	v_mov_b32_dpp v224, v224 row_shr:4 row_mask:0xf bank_mask:0xa// 000000004A7C: 7FC002FA FA0114E0
	v_mov_b32_dpp v224, v225 row_shl:4 row_mask:0xf bank_mask:0x5// 000000004A84: 7FC002FA F50104E1
	v_max_f32_e32 v225, v225, v224                             // 000000004A8C: 21C3C1E1
	v_mov_b32_dpp v224, v225 quad_perm:[2,3,0,1] row_mask:0xf bank_mask:0xf// 000000004A90: 7FC002FA FF004EE1
	v_max_f32_e32 v225, v225, v224                             // 000000004A98: 21C3C1E1
	v_mov_b32_dpp v224, v225 quad_perm:[1,0,3,2] row_mask:0xf bank_mask:0xf// 000000004A9C: 7FC002FA FF00B1E1
	v_max_f32_e32 v225, v225, v224                             // 000000004AA4: 21C3C1E1
	v_max_f32_e32 v216, v216, v225                             // 000000004AA8: 21B1C3D8
	v_max_f32_e32 v216, v32, v216                              // 000000004AAC: 21B1B120
	v_sub_f32_e32 v48, v32, v216                               // 000000004AB0: 0861B120
	v_mul_f32_e32 v48, 0x3fb8aa3b, v48                         // 000000004AB4: 106060FF 3FB8AA3B
	v_exp_f32_e32 v48, v48                                     // 000000004ABC: 7E604B30
	v_sub_f32_e32 v24, v24, v216                               // 000000004AC0: 0831B118
	v_mul_f32_e32 v24, 0x3fb8aa3b, v24                         // 000000004AC4: 103030FF 3FB8AA3B
	v_exp_f32_e32 v24, v24                                     // 000000004ACC: 7E304B18
	v_sub_f32_e32 v192, v192, v216                             // 000000004AD0: 0981B1C0
	v_mul_f32_e32 v192, 0x3fb8aa3b, v192                       // 000000004AD4: 118180FF 3FB8AA3B
	v_exp_f32_e32 v192, v192                                   // 000000004ADC: 7F804BC0
	v_sub_f32_e32 v200, v200, v216                             // 000000004AE0: 0991B1C8
	v_mul_f32_e32 v200, 0x3fb8aa3b, v200                       // 000000004AE4: 119190FF 3FB8AA3B
	v_exp_f32_e32 v200, v200                                   // 000000004AEC: 7F904BC8
	v_sub_f32_e32 v208, v208, v216                             // 000000004AF0: 09A1B1D0
	v_mul_f32_e32 v208, 0x3fb8aa3b, v208                       // 000000004AF4: 11A1A0FF 3FB8AA3B
	v_exp_f32_e32 v208, v208                                   // 000000004AFC: 7FA04BD0
	v_mov_b32_e32 v32, v216                                    // 000000004B00: 7E4003D8
	v_mov_b32_e32 v216, v24                                    // 000000004B04: 7FB00318
	v_mov_b32_e32 v224, v216                                   // 000000004B08: 7FC003D8
	v_mov_b32_dpp v224, v224 row_shr:8 row_mask:0xf bank_mask:0xc// 000000004B0C: 7FC002FA FC0118E0
	v_mov_b32_dpp v224, v216 row_shl:8 row_mask:0xf bank_mask:0x3// 000000004B14: 7FC002FA F30108D8
	v_add_f32_e32 v216, v216, v224                             // 000000004B1C: 07B1C1D8
	v_mov_b32_e32 v224, v216                                   // 000000004B20: 7FC003D8
	v_mov_b32_dpp v224, v224 row_shr:4 row_mask:0xf bank_mask:0xa// 000000004B24: 7FC002FA FA0114E0
	v_mov_b32_dpp v224, v216 row_shl:4 row_mask:0xf bank_mask:0x5// 000000004B2C: 7FC002FA F50104D8
	v_add_f32_e32 v216, v216, v224                             // 000000004B34: 07B1C1D8
	v_mov_b32_dpp v224, v216 quad_perm:[2,3,0,1] row_mask:0xf bank_mask:0xf// 000000004B38: 7FC002FA FF004ED8
	v_add_f32_e32 v216, v216, v224                             // 000000004B40: 07B1C1D8
	v_mov_b32_dpp v224, v216 quad_perm:[1,0,3,2] row_mask:0xf bank_mask:0xf// 000000004B44: 7FC002FA FF00B1D8
	v_add_f32_e32 v216, v216, v224                             // 000000004B4C: 07B1C1D8
	v_mov_b32_e32 v225, v192                                   // 000000004B50: 7FC203C0
	v_mov_b32_e32 v224, v225                                   // 000000004B54: 7FC003E1
	v_mov_b32_dpp v224, v224 row_shr:8 row_mask:0xf bank_mask:0xc// 000000004B58: 7FC002FA FC0118E0
	v_mov_b32_dpp v224, v225 row_shl:8 row_mask:0xf bank_mask:0x3// 000000004B60: 7FC002FA F30108E1
	v_add_f32_e32 v225, v225, v224                             // 000000004B68: 07C3C1E1
	v_mov_b32_e32 v224, v225                                   // 000000004B6C: 7FC003E1
	v_mov_b32_dpp v224, v224 row_shr:4 row_mask:0xf bank_mask:0xa// 000000004B70: 7FC002FA FA0114E0
	v_mov_b32_dpp v224, v225 row_shl:4 row_mask:0xf bank_mask:0x5// 000000004B78: 7FC002FA F50104E1
	v_add_f32_e32 v225, v225, v224                             // 000000004B80: 07C3C1E1
	v_mov_b32_dpp v224, v225 quad_perm:[2,3,0,1] row_mask:0xf bank_mask:0xf// 000000004B84: 7FC002FA FF004EE1
	v_add_f32_e32 v225, v225, v224                             // 000000004B8C: 07C3C1E1
	v_mov_b32_dpp v224, v225 quad_perm:[1,0,3,2] row_mask:0xf bank_mask:0xf// 000000004B90: 7FC002FA FF00B1E1
	v_add_f32_e32 v225, v225, v224                             // 000000004B98: 07C3C1E1
	v_add_f32_e32 v216, v216, v225                             // 000000004B9C: 07B1C3D8
	v_mov_b32_e32 v225, v200                                   // 000000004BA0: 7FC203C8
	v_mov_b32_e32 v224, v225                                   // 000000004BA4: 7FC003E1
	v_mov_b32_dpp v224, v224 row_shr:8 row_mask:0xf bank_mask:0xc// 000000004BA8: 7FC002FA FC0118E0
	v_mov_b32_dpp v224, v225 row_shl:8 row_mask:0xf bank_mask:0x3// 000000004BB0: 7FC002FA F30108E1
	v_add_f32_e32 v225, v225, v224                             // 000000004BB8: 07C3C1E1
	v_mov_b32_e32 v224, v225                                   // 000000004BBC: 7FC003E1
	v_mov_b32_dpp v224, v224 row_shr:4 row_mask:0xf bank_mask:0xa// 000000004BC0: 7FC002FA FA0114E0
	v_mov_b32_dpp v224, v225 row_shl:4 row_mask:0xf bank_mask:0x5// 000000004BC8: 7FC002FA F50104E1
	v_add_f32_e32 v225, v225, v224                             // 000000004BD0: 07C3C1E1
	v_mov_b32_dpp v224, v225 quad_perm:[2,3,0,1] row_mask:0xf bank_mask:0xf// 000000004BD4: 7FC002FA FF004EE1
	v_add_f32_e32 v225, v225, v224                             // 000000004BDC: 07C3C1E1
	v_mov_b32_dpp v224, v225 quad_perm:[1,0,3,2] row_mask:0xf bank_mask:0xf// 000000004BE0: 7FC002FA FF00B1E1
	v_add_f32_e32 v225, v225, v224                             // 000000004BE8: 07C3C1E1
	v_add_f32_e32 v216, v216, v225                             // 000000004BEC: 07B1C3D8
	v_mov_b32_e32 v225, v208                                   // 000000004BF0: 7FC203D0
	v_mov_b32_e32 v224, v225                                   // 000000004BF4: 7FC003E1
	v_mov_b32_dpp v224, v224 row_shr:8 row_mask:0xf bank_mask:0xc// 000000004BF8: 7FC002FA FC0118E0
	v_mov_b32_dpp v224, v225 row_shl:8 row_mask:0xf bank_mask:0x3// 000000004C00: 7FC002FA F30108E1
	v_add_f32_e32 v225, v225, v224                             // 000000004C08: 07C3C1E1
	v_mov_b32_e32 v224, v225                                   // 000000004C0C: 7FC003E1
	v_mov_b32_dpp v224, v224 row_shr:4 row_mask:0xf bank_mask:0xa// 000000004C10: 7FC002FA FA0114E0
	v_mov_b32_dpp v224, v225 row_shl:4 row_mask:0xf bank_mask:0x5// 000000004C18: 7FC002FA F50104E1
	v_add_f32_e32 v225, v225, v224                             // 000000004C20: 07C3C1E1
	v_mov_b32_dpp v224, v225 quad_perm:[2,3,0,1] row_mask:0xf bank_mask:0xf// 000000004C24: 7FC002FA FF004EE1
	v_add_f32_e32 v225, v225, v224                             // 000000004C2C: 07C3C1E1
	v_mov_b32_dpp v224, v225 quad_perm:[1,0,3,2] row_mask:0xf bank_mask:0xf// 000000004C30: 7FC002FA FF00B1E1
	v_add_f32_e32 v225, v225, v224                             // 000000004C38: 07C3C1E1
	v_add_f32_e32 v216, v216, v225                             // 000000004C3C: 07B1C3D8
	v_mul_f32_e32 v40, v40, v48                                // 000000004C40: 10506128
	v_add_f32_e32 v40, v40, v216                               // 000000004C44: 0651B128
	v_mov_b32_e32 v217, v25                                    // 000000004C48: 7FB20319
	v_mov_b32_e32 v224, v217                                   // 000000004C4C: 7FC003D9
	v_mov_b32_dpp v224, v224 row_shr:8 row_mask:0xf bank_mask:0xc// 000000004C50: 7FC002FA FC0118E0
	v_mov_b32_dpp v224, v217 row_shl:8 row_mask:0xf bank_mask:0x3// 000000004C58: 7FC002FA F30108D9
	v_max_f32_e32 v217, v217, v224                             // 000000004C60: 21B3C1D9
	v_mov_b32_e32 v224, v217                                   // 000000004C64: 7FC003D9
	v_mov_b32_dpp v224, v224 row_shr:4 row_mask:0xf bank_mask:0xa// 000000004C68: 7FC002FA FA0114E0
	v_mov_b32_dpp v224, v217 row_shl:4 row_mask:0xf bank_mask:0x5// 000000004C70: 7FC002FA F50104D9
	v_max_f32_e32 v217, v217, v224                             // 000000004C78: 21B3C1D9
	v_mov_b32_dpp v224, v217 quad_perm:[2,3,0,1] row_mask:0xf bank_mask:0xf// 000000004C7C: 7FC002FA FF004ED9
	v_max_f32_e32 v217, v217, v224                             // 000000004C84: 21B3C1D9
	v_mov_b32_dpp v224, v217 quad_perm:[1,0,3,2] row_mask:0xf bank_mask:0xf// 000000004C88: 7FC002FA FF00B1D9
	v_max_f32_e32 v217, v217, v224                             // 000000004C90: 21B3C1D9
	v_mov_b32_e32 v225, v193                                   // 000000004C94: 7FC203C1
	v_mov_b32_e32 v224, v225                                   // 000000004C98: 7FC003E1
	v_mov_b32_dpp v224, v224 row_shr:8 row_mask:0xf bank_mask:0xc// 000000004C9C: 7FC002FA FC0118E0
	v_mov_b32_dpp v224, v225 row_shl:8 row_mask:0xf bank_mask:0x3// 000000004CA4: 7FC002FA F30108E1
	v_max_f32_e32 v225, v225, v224                             // 000000004CAC: 21C3C1E1
	v_mov_b32_e32 v224, v225                                   // 000000004CB0: 7FC003E1
	v_mov_b32_dpp v224, v224 row_shr:4 row_mask:0xf bank_mask:0xa// 000000004CB4: 7FC002FA FA0114E0
	v_mov_b32_dpp v224, v225 row_shl:4 row_mask:0xf bank_mask:0x5// 000000004CBC: 7FC002FA F50104E1
	v_max_f32_e32 v225, v225, v224                             // 000000004CC4: 21C3C1E1
	v_mov_b32_dpp v224, v225 quad_perm:[2,3,0,1] row_mask:0xf bank_mask:0xf// 000000004CC8: 7FC002FA FF004EE1
	v_max_f32_e32 v225, v225, v224                             // 000000004CD0: 21C3C1E1
	v_mov_b32_dpp v224, v225 quad_perm:[1,0,3,2] row_mask:0xf bank_mask:0xf// 000000004CD4: 7FC002FA FF00B1E1
	v_max_f32_e32 v225, v225, v224                             // 000000004CDC: 21C3C1E1
	v_max_f32_e32 v217, v217, v225                             // 000000004CE0: 21B3C3D9
	v_mov_b32_e32 v225, v201                                   // 000000004CE4: 7FC203C9
	v_mov_b32_e32 v224, v225                                   // 000000004CE8: 7FC003E1
	v_mov_b32_dpp v224, v224 row_shr:8 row_mask:0xf bank_mask:0xc// 000000004CEC: 7FC002FA FC0118E0
	v_mov_b32_dpp v224, v225 row_shl:8 row_mask:0xf bank_mask:0x3// 000000004CF4: 7FC002FA F30108E1
	v_max_f32_e32 v225, v225, v224                             // 000000004CFC: 21C3C1E1
	v_mov_b32_e32 v224, v225                                   // 000000004D00: 7FC003E1
	v_mov_b32_dpp v224, v224 row_shr:4 row_mask:0xf bank_mask:0xa// 000000004D04: 7FC002FA FA0114E0
	v_mov_b32_dpp v224, v225 row_shl:4 row_mask:0xf bank_mask:0x5// 000000004D0C: 7FC002FA F50104E1
	v_max_f32_e32 v225, v225, v224                             // 000000004D14: 21C3C1E1
	v_mov_b32_dpp v224, v225 quad_perm:[2,3,0,1] row_mask:0xf bank_mask:0xf// 000000004D18: 7FC002FA FF004EE1
	v_max_f32_e32 v225, v225, v224                             // 000000004D20: 21C3C1E1
	v_mov_b32_dpp v224, v225 quad_perm:[1,0,3,2] row_mask:0xf bank_mask:0xf// 000000004D24: 7FC002FA FF00B1E1
	v_max_f32_e32 v225, v225, v224                             // 000000004D2C: 21C3C1E1
	v_max_f32_e32 v217, v217, v225                             // 000000004D30: 21B3C3D9
	v_mov_b32_e32 v225, v209                                   // 000000004D34: 7FC203D1
	v_mov_b32_e32 v224, v225                                   // 000000004D38: 7FC003E1
	v_mov_b32_dpp v224, v224 row_shr:8 row_mask:0xf bank_mask:0xc// 000000004D3C: 7FC002FA FC0118E0
	v_mov_b32_dpp v224, v225 row_shl:8 row_mask:0xf bank_mask:0x3// 000000004D44: 7FC002FA F30108E1
	v_max_f32_e32 v225, v225, v224                             // 000000004D4C: 21C3C1E1
	v_mov_b32_e32 v224, v225                                   // 000000004D50: 7FC003E1
	v_mov_b32_dpp v224, v224 row_shr:4 row_mask:0xf bank_mask:0xa// 000000004D54: 7FC002FA FA0114E0
	v_mov_b32_dpp v224, v225 row_shl:4 row_mask:0xf bank_mask:0x5// 000000004D5C: 7FC002FA F50104E1
	v_max_f32_e32 v225, v225, v224                             // 000000004D64: 21C3C1E1
	v_mov_b32_dpp v224, v225 quad_perm:[2,3,0,1] row_mask:0xf bank_mask:0xf// 000000004D68: 7FC002FA FF004EE1
	v_max_f32_e32 v225, v225, v224                             // 000000004D70: 21C3C1E1
	v_mov_b32_dpp v224, v225 quad_perm:[1,0,3,2] row_mask:0xf bank_mask:0xf// 000000004D74: 7FC002FA FF00B1E1
	v_max_f32_e32 v225, v225, v224                             // 000000004D7C: 21C3C1E1
	v_max_f32_e32 v217, v217, v225                             // 000000004D80: 21B3C3D9
	v_max_f32_e32 v217, v33, v217                              // 000000004D84: 21B3B321
	v_sub_f32_e32 v49, v33, v217                               // 000000004D88: 0863B321
	v_mul_f32_e32 v49, 0x3fb8aa3b, v49                         // 000000004D8C: 106262FF 3FB8AA3B
	v_exp_f32_e32 v49, v49                                     // 000000004D94: 7E624B31
	v_sub_f32_e32 v25, v25, v217                               // 000000004D98: 0833B319
	v_mul_f32_e32 v25, 0x3fb8aa3b, v25                         // 000000004D9C: 103232FF 3FB8AA3B
	v_exp_f32_e32 v25, v25                                     // 000000004DA4: 7E324B19
	v_sub_f32_e32 v193, v193, v217                             // 000000004DA8: 0983B3C1
	v_mul_f32_e32 v193, 0x3fb8aa3b, v193                       // 000000004DAC: 118382FF 3FB8AA3B
	v_exp_f32_e32 v193, v193                                   // 000000004DB4: 7F824BC1
	v_sub_f32_e32 v201, v201, v217                             // 000000004DB8: 0993B3C9
	v_mul_f32_e32 v201, 0x3fb8aa3b, v201                       // 000000004DBC: 119392FF 3FB8AA3B
	v_exp_f32_e32 v201, v201                                   // 000000004DC4: 7F924BC9
	v_sub_f32_e32 v209, v209, v217                             // 000000004DC8: 09A3B3D1
	v_mul_f32_e32 v209, 0x3fb8aa3b, v209                       // 000000004DCC: 11A3A2FF 3FB8AA3B
	v_exp_f32_e32 v209, v209                                   // 000000004DD4: 7FA24BD1
	v_mov_b32_e32 v33, v217                                    // 000000004DD8: 7E4203D9
	v_mov_b32_e32 v217, v25                                    // 000000004DDC: 7FB20319
	v_mov_b32_e32 v224, v217                                   // 000000004DE0: 7FC003D9
	v_mov_b32_dpp v224, v224 row_shr:8 row_mask:0xf bank_mask:0xc// 000000004DE4: 7FC002FA FC0118E0
	v_mov_b32_dpp v224, v217 row_shl:8 row_mask:0xf bank_mask:0x3// 000000004DEC: 7FC002FA F30108D9
	v_add_f32_e32 v217, v217, v224                             // 000000004DF4: 07B3C1D9
	v_mov_b32_e32 v224, v217                                   // 000000004DF8: 7FC003D9
	v_mov_b32_dpp v224, v224 row_shr:4 row_mask:0xf bank_mask:0xa// 000000004DFC: 7FC002FA FA0114E0
	v_mov_b32_dpp v224, v217 row_shl:4 row_mask:0xf bank_mask:0x5// 000000004E04: 7FC002FA F50104D9
	v_add_f32_e32 v217, v217, v224                             // 000000004E0C: 07B3C1D9
	v_mov_b32_dpp v224, v217 quad_perm:[2,3,0,1] row_mask:0xf bank_mask:0xf// 000000004E10: 7FC002FA FF004ED9
	v_add_f32_e32 v217, v217, v224                             // 000000004E18: 07B3C1D9
	v_mov_b32_dpp v224, v217 quad_perm:[1,0,3,2] row_mask:0xf bank_mask:0xf// 000000004E1C: 7FC002FA FF00B1D9
	v_add_f32_e32 v217, v217, v224                             // 000000004E24: 07B3C1D9
	v_mov_b32_e32 v225, v193                                   // 000000004E28: 7FC203C1
	v_mov_b32_e32 v224, v225                                   // 000000004E2C: 7FC003E1
	v_mov_b32_dpp v224, v224 row_shr:8 row_mask:0xf bank_mask:0xc// 000000004E30: 7FC002FA FC0118E0
	v_mov_b32_dpp v224, v225 row_shl:8 row_mask:0xf bank_mask:0x3// 000000004E38: 7FC002FA F30108E1
	v_add_f32_e32 v225, v225, v224                             // 000000004E40: 07C3C1E1
	v_mov_b32_e32 v224, v225                                   // 000000004E44: 7FC003E1
	v_mov_b32_dpp v224, v224 row_shr:4 row_mask:0xf bank_mask:0xa// 000000004E48: 7FC002FA FA0114E0
	v_mov_b32_dpp v224, v225 row_shl:4 row_mask:0xf bank_mask:0x5// 000000004E50: 7FC002FA F50104E1
	v_add_f32_e32 v225, v225, v224                             // 000000004E58: 07C3C1E1
	v_mov_b32_dpp v224, v225 quad_perm:[2,3,0,1] row_mask:0xf bank_mask:0xf// 000000004E5C: 7FC002FA FF004EE1
	v_add_f32_e32 v225, v225, v224                             // 000000004E64: 07C3C1E1
	v_mov_b32_dpp v224, v225 quad_perm:[1,0,3,2] row_mask:0xf bank_mask:0xf// 000000004E68: 7FC002FA FF00B1E1
	v_add_f32_e32 v225, v225, v224                             // 000000004E70: 07C3C1E1
	v_add_f32_e32 v217, v217, v225                             // 000000004E74: 07B3C3D9
	v_mov_b32_e32 v225, v201                                   // 000000004E78: 7FC203C9
	v_mov_b32_e32 v224, v225                                   // 000000004E7C: 7FC003E1
	v_mov_b32_dpp v224, v224 row_shr:8 row_mask:0xf bank_mask:0xc// 000000004E80: 7FC002FA FC0118E0
	v_mov_b32_dpp v224, v225 row_shl:8 row_mask:0xf bank_mask:0x3// 000000004E88: 7FC002FA F30108E1
	v_add_f32_e32 v225, v225, v224                             // 000000004E90: 07C3C1E1
	v_mov_b32_e32 v224, v225                                   // 000000004E94: 7FC003E1
	v_mov_b32_dpp v224, v224 row_shr:4 row_mask:0xf bank_mask:0xa// 000000004E98: 7FC002FA FA0114E0
	v_mov_b32_dpp v224, v225 row_shl:4 row_mask:0xf bank_mask:0x5// 000000004EA0: 7FC002FA F50104E1
	v_add_f32_e32 v225, v225, v224                             // 000000004EA8: 07C3C1E1
	v_mov_b32_dpp v224, v225 quad_perm:[2,3,0,1] row_mask:0xf bank_mask:0xf// 000000004EAC: 7FC002FA FF004EE1
	v_add_f32_e32 v225, v225, v224                             // 000000004EB4: 07C3C1E1
	v_mov_b32_dpp v224, v225 quad_perm:[1,0,3,2] row_mask:0xf bank_mask:0xf// 000000004EB8: 7FC002FA FF00B1E1
	v_add_f32_e32 v225, v225, v224                             // 000000004EC0: 07C3C1E1
	v_add_f32_e32 v217, v217, v225                             // 000000004EC4: 07B3C3D9
	v_mov_b32_e32 v225, v209                                   // 000000004EC8: 7FC203D1
	v_mov_b32_e32 v224, v225                                   // 000000004ECC: 7FC003E1
	v_mov_b32_dpp v224, v224 row_shr:8 row_mask:0xf bank_mask:0xc// 000000004ED0: 7FC002FA FC0118E0
	v_mov_b32_dpp v224, v225 row_shl:8 row_mask:0xf bank_mask:0x3// 000000004ED8: 7FC002FA F30108E1
	v_add_f32_e32 v225, v225, v224                             // 000000004EE0: 07C3C1E1
	v_mov_b32_e32 v224, v225                                   // 000000004EE4: 7FC003E1
	v_mov_b32_dpp v224, v224 row_shr:4 row_mask:0xf bank_mask:0xa// 000000004EE8: 7FC002FA FA0114E0
	v_mov_b32_dpp v224, v225 row_shl:4 row_mask:0xf bank_mask:0x5// 000000004EF0: 7FC002FA F50104E1
	v_add_f32_e32 v225, v225, v224                             // 000000004EF8: 07C3C1E1
	v_mov_b32_dpp v224, v225 quad_perm:[2,3,0,1] row_mask:0xf bank_mask:0xf// 000000004EFC: 7FC002FA FF004EE1
	v_add_f32_e32 v225, v225, v224                             // 000000004F04: 07C3C1E1
	v_mov_b32_dpp v224, v225 quad_perm:[1,0,3,2] row_mask:0xf bank_mask:0xf// 000000004F08: 7FC002FA FF00B1E1
	v_add_f32_e32 v225, v225, v224                             // 000000004F10: 07C3C1E1
	v_add_f32_e32 v217, v217, v225                             // 000000004F14: 07B3C3D9
	v_mul_f32_e32 v41, v41, v49                                // 000000004F18: 10526329
	v_add_f32_e32 v41, v41, v217                               // 000000004F1C: 0653B329
	v_mov_b32_e32 v218, v26                                    // 000000004F20: 7FB4031A
	v_mov_b32_e32 v224, v218                                   // 000000004F24: 7FC003DA
	v_mov_b32_dpp v224, v224 row_shr:8 row_mask:0xf bank_mask:0xc// 000000004F28: 7FC002FA FC0118E0
	v_mov_b32_dpp v224, v218 row_shl:8 row_mask:0xf bank_mask:0x3// 000000004F30: 7FC002FA F30108DA
	v_max_f32_e32 v218, v218, v224                             // 000000004F38: 21B5C1DA
	v_mov_b32_e32 v224, v218                                   // 000000004F3C: 7FC003DA
	v_mov_b32_dpp v224, v224 row_shr:4 row_mask:0xf bank_mask:0xa// 000000004F40: 7FC002FA FA0114E0
	v_mov_b32_dpp v224, v218 row_shl:4 row_mask:0xf bank_mask:0x5// 000000004F48: 7FC002FA F50104DA
	v_max_f32_e32 v218, v218, v224                             // 000000004F50: 21B5C1DA
	v_mov_b32_dpp v224, v218 quad_perm:[2,3,0,1] row_mask:0xf bank_mask:0xf// 000000004F54: 7FC002FA FF004EDA
	v_max_f32_e32 v218, v218, v224                             // 000000004F5C: 21B5C1DA
	v_mov_b32_dpp v224, v218 quad_perm:[1,0,3,2] row_mask:0xf bank_mask:0xf// 000000004F60: 7FC002FA FF00B1DA
	v_max_f32_e32 v218, v218, v224                             // 000000004F68: 21B5C1DA
	v_mov_b32_e32 v225, v194                                   // 000000004F6C: 7FC203C2
	v_mov_b32_e32 v224, v225                                   // 000000004F70: 7FC003E1
	v_mov_b32_dpp v224, v224 row_shr:8 row_mask:0xf bank_mask:0xc// 000000004F74: 7FC002FA FC0118E0
	v_mov_b32_dpp v224, v225 row_shl:8 row_mask:0xf bank_mask:0x3// 000000004F7C: 7FC002FA F30108E1
	v_max_f32_e32 v225, v225, v224                             // 000000004F84: 21C3C1E1
	v_mov_b32_e32 v224, v225                                   // 000000004F88: 7FC003E1
	v_mov_b32_dpp v224, v224 row_shr:4 row_mask:0xf bank_mask:0xa// 000000004F8C: 7FC002FA FA0114E0
	v_mov_b32_dpp v224, v225 row_shl:4 row_mask:0xf bank_mask:0x5// 000000004F94: 7FC002FA F50104E1
	v_max_f32_e32 v225, v225, v224                             // 000000004F9C: 21C3C1E1
	v_mov_b32_dpp v224, v225 quad_perm:[2,3,0,1] row_mask:0xf bank_mask:0xf// 000000004FA0: 7FC002FA FF004EE1
	v_max_f32_e32 v225, v225, v224                             // 000000004FA8: 21C3C1E1
	v_mov_b32_dpp v224, v225 quad_perm:[1,0,3,2] row_mask:0xf bank_mask:0xf// 000000004FAC: 7FC002FA FF00B1E1
	v_max_f32_e32 v225, v225, v224                             // 000000004FB4: 21C3C1E1
	v_max_f32_e32 v218, v218, v225                             // 000000004FB8: 21B5C3DA
	v_mov_b32_e32 v225, v202                                   // 000000004FBC: 7FC203CA
	v_mov_b32_e32 v224, v225                                   // 000000004FC0: 7FC003E1
	v_mov_b32_dpp v224, v224 row_shr:8 row_mask:0xf bank_mask:0xc// 000000004FC4: 7FC002FA FC0118E0
	v_mov_b32_dpp v224, v225 row_shl:8 row_mask:0xf bank_mask:0x3// 000000004FCC: 7FC002FA F30108E1
	v_max_f32_e32 v225, v225, v224                             // 000000004FD4: 21C3C1E1
	v_mov_b32_e32 v224, v225                                   // 000000004FD8: 7FC003E1
	v_mov_b32_dpp v224, v224 row_shr:4 row_mask:0xf bank_mask:0xa// 000000004FDC: 7FC002FA FA0114E0
	v_mov_b32_dpp v224, v225 row_shl:4 row_mask:0xf bank_mask:0x5// 000000004FE4: 7FC002FA F50104E1
	v_max_f32_e32 v225, v225, v224                             // 000000004FEC: 21C3C1E1
	v_mov_b32_dpp v224, v225 quad_perm:[2,3,0,1] row_mask:0xf bank_mask:0xf// 000000004FF0: 7FC002FA FF004EE1
	v_max_f32_e32 v225, v225, v224                             // 000000004FF8: 21C3C1E1
	v_mov_b32_dpp v224, v225 quad_perm:[1,0,3,2] row_mask:0xf bank_mask:0xf// 000000004FFC: 7FC002FA FF00B1E1
	v_max_f32_e32 v225, v225, v224                             // 000000005004: 21C3C1E1
	v_max_f32_e32 v218, v218, v225                             // 000000005008: 21B5C3DA
	v_mov_b32_e32 v225, v210                                   // 00000000500C: 7FC203D2
	v_mov_b32_e32 v224, v225                                   // 000000005010: 7FC003E1
	v_mov_b32_dpp v224, v224 row_shr:8 row_mask:0xf bank_mask:0xc// 000000005014: 7FC002FA FC0118E0
	v_mov_b32_dpp v224, v225 row_shl:8 row_mask:0xf bank_mask:0x3// 00000000501C: 7FC002FA F30108E1
	v_max_f32_e32 v225, v225, v224                             // 000000005024: 21C3C1E1
	v_mov_b32_e32 v224, v225                                   // 000000005028: 7FC003E1
	v_mov_b32_dpp v224, v224 row_shr:4 row_mask:0xf bank_mask:0xa// 00000000502C: 7FC002FA FA0114E0
	v_mov_b32_dpp v224, v225 row_shl:4 row_mask:0xf bank_mask:0x5// 000000005034: 7FC002FA F50104E1
	v_max_f32_e32 v225, v225, v224                             // 00000000503C: 21C3C1E1
	v_mov_b32_dpp v224, v225 quad_perm:[2,3,0,1] row_mask:0xf bank_mask:0xf// 000000005040: 7FC002FA FF004EE1
	v_max_f32_e32 v225, v225, v224                             // 000000005048: 21C3C1E1
	v_mov_b32_dpp v224, v225 quad_perm:[1,0,3,2] row_mask:0xf bank_mask:0xf// 00000000504C: 7FC002FA FF00B1E1
	v_max_f32_e32 v225, v225, v224                             // 000000005054: 21C3C1E1
	v_max_f32_e32 v218, v218, v225                             // 000000005058: 21B5C3DA
	v_max_f32_e32 v218, v34, v218                              // 00000000505C: 21B5B522
	v_sub_f32_e32 v50, v34, v218                               // 000000005060: 0865B522
	v_mul_f32_e32 v50, 0x3fb8aa3b, v50                         // 000000005064: 106464FF 3FB8AA3B
	v_exp_f32_e32 v50, v50                                     // 00000000506C: 7E644B32
	v_sub_f32_e32 v26, v26, v218                               // 000000005070: 0835B51A
	v_mul_f32_e32 v26, 0x3fb8aa3b, v26                         // 000000005074: 103434FF 3FB8AA3B
	v_exp_f32_e32 v26, v26                                     // 00000000507C: 7E344B1A
	v_sub_f32_e32 v194, v194, v218                             // 000000005080: 0985B5C2
	v_mul_f32_e32 v194, 0x3fb8aa3b, v194                       // 000000005084: 118584FF 3FB8AA3B
	v_exp_f32_e32 v194, v194                                   // 00000000508C: 7F844BC2
	v_sub_f32_e32 v202, v202, v218                             // 000000005090: 0995B5CA
	v_mul_f32_e32 v202, 0x3fb8aa3b, v202                       // 000000005094: 119594FF 3FB8AA3B
	v_exp_f32_e32 v202, v202                                   // 00000000509C: 7F944BCA
	v_sub_f32_e32 v210, v210, v218                             // 0000000050A0: 09A5B5D2
	v_mul_f32_e32 v210, 0x3fb8aa3b, v210                       // 0000000050A4: 11A5A4FF 3FB8AA3B
	v_exp_f32_e32 v210, v210                                   // 0000000050AC: 7FA44BD2
	v_mov_b32_e32 v34, v218                                    // 0000000050B0: 7E4403DA
	v_mov_b32_e32 v218, v26                                    // 0000000050B4: 7FB4031A
	v_mov_b32_e32 v224, v218                                   // 0000000050B8: 7FC003DA
	v_mov_b32_dpp v224, v224 row_shr:8 row_mask:0xf bank_mask:0xc// 0000000050BC: 7FC002FA FC0118E0
	v_mov_b32_dpp v224, v218 row_shl:8 row_mask:0xf bank_mask:0x3// 0000000050C4: 7FC002FA F30108DA
	v_add_f32_e32 v218, v218, v224                             // 0000000050CC: 07B5C1DA
	v_mov_b32_e32 v224, v218                                   // 0000000050D0: 7FC003DA
	v_mov_b32_dpp v224, v224 row_shr:4 row_mask:0xf bank_mask:0xa// 0000000050D4: 7FC002FA FA0114E0
	v_mov_b32_dpp v224, v218 row_shl:4 row_mask:0xf bank_mask:0x5// 0000000050DC: 7FC002FA F50104DA
	v_add_f32_e32 v218, v218, v224                             // 0000000050E4: 07B5C1DA
	v_mov_b32_dpp v224, v218 quad_perm:[2,3,0,1] row_mask:0xf bank_mask:0xf// 0000000050E8: 7FC002FA FF004EDA
	v_add_f32_e32 v218, v218, v224                             // 0000000050F0: 07B5C1DA
	v_mov_b32_dpp v224, v218 quad_perm:[1,0,3,2] row_mask:0xf bank_mask:0xf// 0000000050F4: 7FC002FA FF00B1DA
	v_add_f32_e32 v218, v218, v224                             // 0000000050FC: 07B5C1DA
	v_mov_b32_e32 v225, v194                                   // 000000005100: 7FC203C2
	v_mov_b32_e32 v224, v225                                   // 000000005104: 7FC003E1
	v_mov_b32_dpp v224, v224 row_shr:8 row_mask:0xf bank_mask:0xc// 000000005108: 7FC002FA FC0118E0
	v_mov_b32_dpp v224, v225 row_shl:8 row_mask:0xf bank_mask:0x3// 000000005110: 7FC002FA F30108E1
	v_add_f32_e32 v225, v225, v224                             // 000000005118: 07C3C1E1
	v_mov_b32_e32 v224, v225                                   // 00000000511C: 7FC003E1
	v_mov_b32_dpp v224, v224 row_shr:4 row_mask:0xf bank_mask:0xa// 000000005120: 7FC002FA FA0114E0
	v_mov_b32_dpp v224, v225 row_shl:4 row_mask:0xf bank_mask:0x5// 000000005128: 7FC002FA F50104E1
	v_add_f32_e32 v225, v225, v224                             // 000000005130: 07C3C1E1
	v_mov_b32_dpp v224, v225 quad_perm:[2,3,0,1] row_mask:0xf bank_mask:0xf// 000000005134: 7FC002FA FF004EE1
	v_add_f32_e32 v225, v225, v224                             // 00000000513C: 07C3C1E1
	v_mov_b32_dpp v224, v225 quad_perm:[1,0,3,2] row_mask:0xf bank_mask:0xf// 000000005140: 7FC002FA FF00B1E1
	v_add_f32_e32 v225, v225, v224                             // 000000005148: 07C3C1E1
	v_add_f32_e32 v218, v218, v225                             // 00000000514C: 07B5C3DA
	v_mov_b32_e32 v225, v202                                   // 000000005150: 7FC203CA
	v_mov_b32_e32 v224, v225                                   // 000000005154: 7FC003E1
	v_mov_b32_dpp v224, v224 row_shr:8 row_mask:0xf bank_mask:0xc// 000000005158: 7FC002FA FC0118E0
	v_mov_b32_dpp v224, v225 row_shl:8 row_mask:0xf bank_mask:0x3// 000000005160: 7FC002FA F30108E1
	v_add_f32_e32 v225, v225, v224                             // 000000005168: 07C3C1E1
	v_mov_b32_e32 v224, v225                                   // 00000000516C: 7FC003E1
	v_mov_b32_dpp v224, v224 row_shr:4 row_mask:0xf bank_mask:0xa// 000000005170: 7FC002FA FA0114E0
	v_mov_b32_dpp v224, v225 row_shl:4 row_mask:0xf bank_mask:0x5// 000000005178: 7FC002FA F50104E1
	v_add_f32_e32 v225, v225, v224                             // 000000005180: 07C3C1E1
	v_mov_b32_dpp v224, v225 quad_perm:[2,3,0,1] row_mask:0xf bank_mask:0xf// 000000005184: 7FC002FA FF004EE1
	v_add_f32_e32 v225, v225, v224                             // 00000000518C: 07C3C1E1
	v_mov_b32_dpp v224, v225 quad_perm:[1,0,3,2] row_mask:0xf bank_mask:0xf// 000000005190: 7FC002FA FF00B1E1
	v_add_f32_e32 v225, v225, v224                             // 000000005198: 07C3C1E1
	v_add_f32_e32 v218, v218, v225                             // 00000000519C: 07B5C3DA
	v_mov_b32_e32 v225, v210                                   // 0000000051A0: 7FC203D2
	v_mov_b32_e32 v224, v225                                   // 0000000051A4: 7FC003E1
	v_mov_b32_dpp v224, v224 row_shr:8 row_mask:0xf bank_mask:0xc// 0000000051A8: 7FC002FA FC0118E0
	v_mov_b32_dpp v224, v225 row_shl:8 row_mask:0xf bank_mask:0x3// 0000000051B0: 7FC002FA F30108E1
	v_add_f32_e32 v225, v225, v224                             // 0000000051B8: 07C3C1E1
	v_mov_b32_e32 v224, v225                                   // 0000000051BC: 7FC003E1
	v_mov_b32_dpp v224, v224 row_shr:4 row_mask:0xf bank_mask:0xa// 0000000051C0: 7FC002FA FA0114E0
	v_mov_b32_dpp v224, v225 row_shl:4 row_mask:0xf bank_mask:0x5// 0000000051C8: 7FC002FA F50104E1
	v_add_f32_e32 v225, v225, v224                             // 0000000051D0: 07C3C1E1
	v_mov_b32_dpp v224, v225 quad_perm:[2,3,0,1] row_mask:0xf bank_mask:0xf// 0000000051D4: 7FC002FA FF004EE1
	v_add_f32_e32 v225, v225, v224                             // 0000000051DC: 07C3C1E1
	v_mov_b32_dpp v224, v225 quad_perm:[1,0,3,2] row_mask:0xf bank_mask:0xf// 0000000051E0: 7FC002FA FF00B1E1
	v_add_f32_e32 v225, v225, v224                             // 0000000051E8: 07C3C1E1
	v_add_f32_e32 v218, v218, v225                             // 0000000051EC: 07B5C3DA
	v_mul_f32_e32 v42, v42, v50                                // 0000000051F0: 1054652A
	v_add_f32_e32 v42, v42, v218                               // 0000000051F4: 0655B52A
	v_mov_b32_e32 v219, v27                                    // 0000000051F8: 7FB6031B
	v_mov_b32_e32 v224, v219                                   // 0000000051FC: 7FC003DB
	v_mov_b32_dpp v224, v224 row_shr:8 row_mask:0xf bank_mask:0xc// 000000005200: 7FC002FA FC0118E0
	v_mov_b32_dpp v224, v219 row_shl:8 row_mask:0xf bank_mask:0x3// 000000005208: 7FC002FA F30108DB
	v_max_f32_e32 v219, v219, v224                             // 000000005210: 21B7C1DB
	v_mov_b32_e32 v224, v219                                   // 000000005214: 7FC003DB
	v_mov_b32_dpp v224, v224 row_shr:4 row_mask:0xf bank_mask:0xa// 000000005218: 7FC002FA FA0114E0
	v_mov_b32_dpp v224, v219 row_shl:4 row_mask:0xf bank_mask:0x5// 000000005220: 7FC002FA F50104DB
	v_max_f32_e32 v219, v219, v224                             // 000000005228: 21B7C1DB
	v_mov_b32_dpp v224, v219 quad_perm:[2,3,0,1] row_mask:0xf bank_mask:0xf// 00000000522C: 7FC002FA FF004EDB
	v_max_f32_e32 v219, v219, v224                             // 000000005234: 21B7C1DB
	v_mov_b32_dpp v224, v219 quad_perm:[1,0,3,2] row_mask:0xf bank_mask:0xf// 000000005238: 7FC002FA FF00B1DB
	v_max_f32_e32 v219, v219, v224                             // 000000005240: 21B7C1DB
	v_mov_b32_e32 v225, v195                                   // 000000005244: 7FC203C3
	v_mov_b32_e32 v224, v225                                   // 000000005248: 7FC003E1
	v_mov_b32_dpp v224, v224 row_shr:8 row_mask:0xf bank_mask:0xc// 00000000524C: 7FC002FA FC0118E0
	v_mov_b32_dpp v224, v225 row_shl:8 row_mask:0xf bank_mask:0x3// 000000005254: 7FC002FA F30108E1
	v_max_f32_e32 v225, v225, v224                             // 00000000525C: 21C3C1E1
	v_mov_b32_e32 v224, v225                                   // 000000005260: 7FC003E1
	v_mov_b32_dpp v224, v224 row_shr:4 row_mask:0xf bank_mask:0xa// 000000005264: 7FC002FA FA0114E0
	v_mov_b32_dpp v224, v225 row_shl:4 row_mask:0xf bank_mask:0x5// 00000000526C: 7FC002FA F50104E1
	v_max_f32_e32 v225, v225, v224                             // 000000005274: 21C3C1E1
	v_mov_b32_dpp v224, v225 quad_perm:[2,3,0,1] row_mask:0xf bank_mask:0xf// 000000005278: 7FC002FA FF004EE1
	v_max_f32_e32 v225, v225, v224                             // 000000005280: 21C3C1E1
	v_mov_b32_dpp v224, v225 quad_perm:[1,0,3,2] row_mask:0xf bank_mask:0xf// 000000005284: 7FC002FA FF00B1E1
	v_max_f32_e32 v225, v225, v224                             // 00000000528C: 21C3C1E1
	v_max_f32_e32 v219, v219, v225                             // 000000005290: 21B7C3DB
	v_mov_b32_e32 v225, v203                                   // 000000005294: 7FC203CB
	v_mov_b32_e32 v224, v225                                   // 000000005298: 7FC003E1
	v_mov_b32_dpp v224, v224 row_shr:8 row_mask:0xf bank_mask:0xc// 00000000529C: 7FC002FA FC0118E0
	v_mov_b32_dpp v224, v225 row_shl:8 row_mask:0xf bank_mask:0x3// 0000000052A4: 7FC002FA F30108E1
	v_max_f32_e32 v225, v225, v224                             // 0000000052AC: 21C3C1E1
	v_mov_b32_e32 v224, v225                                   // 0000000052B0: 7FC003E1
	v_mov_b32_dpp v224, v224 row_shr:4 row_mask:0xf bank_mask:0xa// 0000000052B4: 7FC002FA FA0114E0
	v_mov_b32_dpp v224, v225 row_shl:4 row_mask:0xf bank_mask:0x5// 0000000052BC: 7FC002FA F50104E1
	v_max_f32_e32 v225, v225, v224                             // 0000000052C4: 21C3C1E1
	v_mov_b32_dpp v224, v225 quad_perm:[2,3,0,1] row_mask:0xf bank_mask:0xf// 0000000052C8: 7FC002FA FF004EE1
	v_max_f32_e32 v225, v225, v224                             // 0000000052D0: 21C3C1E1
	v_mov_b32_dpp v224, v225 quad_perm:[1,0,3,2] row_mask:0xf bank_mask:0xf// 0000000052D4: 7FC002FA FF00B1E1
	v_max_f32_e32 v225, v225, v224                             // 0000000052DC: 21C3C1E1
	v_max_f32_e32 v219, v219, v225                             // 0000000052E0: 21B7C3DB
	v_mov_b32_e32 v225, v211                                   // 0000000052E4: 7FC203D3
	v_mov_b32_e32 v224, v225                                   // 0000000052E8: 7FC003E1
	v_mov_b32_dpp v224, v224 row_shr:8 row_mask:0xf bank_mask:0xc// 0000000052EC: 7FC002FA FC0118E0
	v_mov_b32_dpp v224, v225 row_shl:8 row_mask:0xf bank_mask:0x3// 0000000052F4: 7FC002FA F30108E1
	v_max_f32_e32 v225, v225, v224                             // 0000000052FC: 21C3C1E1
	v_mov_b32_e32 v224, v225                                   // 000000005300: 7FC003E1
	v_mov_b32_dpp v224, v224 row_shr:4 row_mask:0xf bank_mask:0xa// 000000005304: 7FC002FA FA0114E0
	v_mov_b32_dpp v224, v225 row_shl:4 row_mask:0xf bank_mask:0x5// 00000000530C: 7FC002FA F50104E1
	v_max_f32_e32 v225, v225, v224                             // 000000005314: 21C3C1E1
	v_mov_b32_dpp v224, v225 quad_perm:[2,3,0,1] row_mask:0xf bank_mask:0xf// 000000005318: 7FC002FA FF004EE1
	v_max_f32_e32 v225, v225, v224                             // 000000005320: 21C3C1E1
	v_mov_b32_dpp v224, v225 quad_perm:[1,0,3,2] row_mask:0xf bank_mask:0xf// 000000005324: 7FC002FA FF00B1E1
	v_max_f32_e32 v225, v225, v224                             // 00000000532C: 21C3C1E1
	v_max_f32_e32 v219, v219, v225                             // 000000005330: 21B7C3DB
	v_max_f32_e32 v219, v35, v219                              // 000000005334: 21B7B723
	v_sub_f32_e32 v51, v35, v219                               // 000000005338: 0867B723
	v_mul_f32_e32 v51, 0x3fb8aa3b, v51                         // 00000000533C: 106666FF 3FB8AA3B
	v_exp_f32_e32 v51, v51                                     // 000000005344: 7E664B33
	v_sub_f32_e32 v27, v27, v219                               // 000000005348: 0837B71B
	v_mul_f32_e32 v27, 0x3fb8aa3b, v27                         // 00000000534C: 103636FF 3FB8AA3B
	v_exp_f32_e32 v27, v27                                     // 000000005354: 7E364B1B
	v_sub_f32_e32 v195, v195, v219                             // 000000005358: 0987B7C3
	v_mul_f32_e32 v195, 0x3fb8aa3b, v195                       // 00000000535C: 118786FF 3FB8AA3B
	v_exp_f32_e32 v195, v195                                   // 000000005364: 7F864BC3
	v_sub_f32_e32 v203, v203, v219                             // 000000005368: 0997B7CB
	v_mul_f32_e32 v203, 0x3fb8aa3b, v203                       // 00000000536C: 119796FF 3FB8AA3B
	v_exp_f32_e32 v203, v203                                   // 000000005374: 7F964BCB
	v_sub_f32_e32 v211, v211, v219                             // 000000005378: 09A7B7D3
	v_mul_f32_e32 v211, 0x3fb8aa3b, v211                       // 00000000537C: 11A7A6FF 3FB8AA3B
	v_exp_f32_e32 v211, v211                                   // 000000005384: 7FA64BD3
	v_mov_b32_e32 v35, v219                                    // 000000005388: 7E4603DB
	v_mov_b32_e32 v219, v27                                    // 00000000538C: 7FB6031B
	v_mov_b32_e32 v224, v219                                   // 000000005390: 7FC003DB
	v_mov_b32_dpp v224, v224 row_shr:8 row_mask:0xf bank_mask:0xc// 000000005394: 7FC002FA FC0118E0
	v_mov_b32_dpp v224, v219 row_shl:8 row_mask:0xf bank_mask:0x3// 00000000539C: 7FC002FA F30108DB
	v_add_f32_e32 v219, v219, v224                             // 0000000053A4: 07B7C1DB
	v_mov_b32_e32 v224, v219                                   // 0000000053A8: 7FC003DB
	v_mov_b32_dpp v224, v224 row_shr:4 row_mask:0xf bank_mask:0xa// 0000000053AC: 7FC002FA FA0114E0
	v_mov_b32_dpp v224, v219 row_shl:4 row_mask:0xf bank_mask:0x5// 0000000053B4: 7FC002FA F50104DB
	v_add_f32_e32 v219, v219, v224                             // 0000000053BC: 07B7C1DB
	v_mov_b32_dpp v224, v219 quad_perm:[2,3,0,1] row_mask:0xf bank_mask:0xf// 0000000053C0: 7FC002FA FF004EDB
	v_add_f32_e32 v219, v219, v224                             // 0000000053C8: 07B7C1DB
	v_mov_b32_dpp v224, v219 quad_perm:[1,0,3,2] row_mask:0xf bank_mask:0xf// 0000000053CC: 7FC002FA FF00B1DB
	v_add_f32_e32 v219, v219, v224                             // 0000000053D4: 07B7C1DB
	v_mov_b32_e32 v225, v195                                   // 0000000053D8: 7FC203C3
	v_mov_b32_e32 v224, v225                                   // 0000000053DC: 7FC003E1
	v_mov_b32_dpp v224, v224 row_shr:8 row_mask:0xf bank_mask:0xc// 0000000053E0: 7FC002FA FC0118E0
	v_mov_b32_dpp v224, v225 row_shl:8 row_mask:0xf bank_mask:0x3// 0000000053E8: 7FC002FA F30108E1
	v_add_f32_e32 v225, v225, v224                             // 0000000053F0: 07C3C1E1
	v_mov_b32_e32 v224, v225                                   // 0000000053F4: 7FC003E1
	v_mov_b32_dpp v224, v224 row_shr:4 row_mask:0xf bank_mask:0xa// 0000000053F8: 7FC002FA FA0114E0
	v_mov_b32_dpp v224, v225 row_shl:4 row_mask:0xf bank_mask:0x5// 000000005400: 7FC002FA F50104E1
	v_add_f32_e32 v225, v225, v224                             // 000000005408: 07C3C1E1
	v_mov_b32_dpp v224, v225 quad_perm:[2,3,0,1] row_mask:0xf bank_mask:0xf// 00000000540C: 7FC002FA FF004EE1
	v_add_f32_e32 v225, v225, v224                             // 000000005414: 07C3C1E1
	v_mov_b32_dpp v224, v225 quad_perm:[1,0,3,2] row_mask:0xf bank_mask:0xf// 000000005418: 7FC002FA FF00B1E1
	v_add_f32_e32 v225, v225, v224                             // 000000005420: 07C3C1E1
	v_add_f32_e32 v219, v219, v225                             // 000000005424: 07B7C3DB
	v_mov_b32_e32 v225, v203                                   // 000000005428: 7FC203CB
	v_mov_b32_e32 v224, v225                                   // 00000000542C: 7FC003E1
	v_mov_b32_dpp v224, v224 row_shr:8 row_mask:0xf bank_mask:0xc// 000000005430: 7FC002FA FC0118E0
	v_mov_b32_dpp v224, v225 row_shl:8 row_mask:0xf bank_mask:0x3// 000000005438: 7FC002FA F30108E1
	v_add_f32_e32 v225, v225, v224                             // 000000005440: 07C3C1E1
	v_mov_b32_e32 v224, v225                                   // 000000005444: 7FC003E1
	v_mov_b32_dpp v224, v224 row_shr:4 row_mask:0xf bank_mask:0xa// 000000005448: 7FC002FA FA0114E0
	v_mov_b32_dpp v224, v225 row_shl:4 row_mask:0xf bank_mask:0x5// 000000005450: 7FC002FA F50104E1
	v_add_f32_e32 v225, v225, v224                             // 000000005458: 07C3C1E1
	v_mov_b32_dpp v224, v225 quad_perm:[2,3,0,1] row_mask:0xf bank_mask:0xf// 00000000545C: 7FC002FA FF004EE1
	v_add_f32_e32 v225, v225, v224                             // 000000005464: 07C3C1E1
	v_mov_b32_dpp v224, v225 quad_perm:[1,0,3,2] row_mask:0xf bank_mask:0xf// 000000005468: 7FC002FA FF00B1E1
	v_add_f32_e32 v225, v225, v224                             // 000000005470: 07C3C1E1
	v_add_f32_e32 v219, v219, v225                             // 000000005474: 07B7C3DB
	v_mov_b32_e32 v225, v211                                   // 000000005478: 7FC203D3
	v_mov_b32_e32 v224, v225                                   // 00000000547C: 7FC003E1
	v_mov_b32_dpp v224, v224 row_shr:8 row_mask:0xf bank_mask:0xc// 000000005480: 7FC002FA FC0118E0
	v_mov_b32_dpp v224, v225 row_shl:8 row_mask:0xf bank_mask:0x3// 000000005488: 7FC002FA F30108E1
	v_add_f32_e32 v225, v225, v224                             // 000000005490: 07C3C1E1
	v_mov_b32_e32 v224, v225                                   // 000000005494: 7FC003E1
	v_mov_b32_dpp v224, v224 row_shr:4 row_mask:0xf bank_mask:0xa// 000000005498: 7FC002FA FA0114E0
	v_mov_b32_dpp v224, v225 row_shl:4 row_mask:0xf bank_mask:0x5// 0000000054A0: 7FC002FA F50104E1
	v_add_f32_e32 v225, v225, v224                             // 0000000054A8: 07C3C1E1
	v_mov_b32_dpp v224, v225 quad_perm:[2,3,0,1] row_mask:0xf bank_mask:0xf// 0000000054AC: 7FC002FA FF004EE1
	v_add_f32_e32 v225, v225, v224                             // 0000000054B4: 07C3C1E1
	v_mov_b32_dpp v224, v225 quad_perm:[1,0,3,2] row_mask:0xf bank_mask:0xf// 0000000054B8: 7FC002FA FF00B1E1
	v_add_f32_e32 v225, v225, v224                             // 0000000054C0: 07C3C1E1
	v_add_f32_e32 v219, v219, v225                             // 0000000054C4: 07B7C3DB
	v_mul_f32_e32 v43, v43, v51                                // 0000000054C8: 1056672B
	v_add_f32_e32 v43, v43, v219                               // 0000000054CC: 0657B72B
	v_mov_b32_e32 v220, v28                                    // 0000000054D0: 7FB8031C
	v_mov_b32_e32 v224, v220                                   // 0000000054D4: 7FC003DC
	v_mov_b32_dpp v224, v224 row_shr:8 row_mask:0xf bank_mask:0xc// 0000000054D8: 7FC002FA FC0118E0
	v_mov_b32_dpp v224, v220 row_shl:8 row_mask:0xf bank_mask:0x3// 0000000054E0: 7FC002FA F30108DC
	v_max_f32_e32 v220, v220, v224                             // 0000000054E8: 21B9C1DC
	v_mov_b32_e32 v224, v220                                   // 0000000054EC: 7FC003DC
	v_mov_b32_dpp v224, v224 row_shr:4 row_mask:0xf bank_mask:0xa// 0000000054F0: 7FC002FA FA0114E0
	v_mov_b32_dpp v224, v220 row_shl:4 row_mask:0xf bank_mask:0x5// 0000000054F8: 7FC002FA F50104DC
	v_max_f32_e32 v220, v220, v224                             // 000000005500: 21B9C1DC
	v_mov_b32_dpp v224, v220 quad_perm:[2,3,0,1] row_mask:0xf bank_mask:0xf// 000000005504: 7FC002FA FF004EDC
	v_max_f32_e32 v220, v220, v224                             // 00000000550C: 21B9C1DC
	v_mov_b32_dpp v224, v220 quad_perm:[1,0,3,2] row_mask:0xf bank_mask:0xf// 000000005510: 7FC002FA FF00B1DC
	v_max_f32_e32 v220, v220, v224                             // 000000005518: 21B9C1DC
	v_mov_b32_e32 v225, v196                                   // 00000000551C: 7FC203C4
	v_mov_b32_e32 v224, v225                                   // 000000005520: 7FC003E1
	v_mov_b32_dpp v224, v224 row_shr:8 row_mask:0xf bank_mask:0xc// 000000005524: 7FC002FA FC0118E0
	v_mov_b32_dpp v224, v225 row_shl:8 row_mask:0xf bank_mask:0x3// 00000000552C: 7FC002FA F30108E1
	v_max_f32_e32 v225, v225, v224                             // 000000005534: 21C3C1E1
	v_mov_b32_e32 v224, v225                                   // 000000005538: 7FC003E1
	v_mov_b32_dpp v224, v224 row_shr:4 row_mask:0xf bank_mask:0xa// 00000000553C: 7FC002FA FA0114E0
	v_mov_b32_dpp v224, v225 row_shl:4 row_mask:0xf bank_mask:0x5// 000000005544: 7FC002FA F50104E1
	v_max_f32_e32 v225, v225, v224                             // 00000000554C: 21C3C1E1
	v_mov_b32_dpp v224, v225 quad_perm:[2,3,0,1] row_mask:0xf bank_mask:0xf// 000000005550: 7FC002FA FF004EE1
	v_max_f32_e32 v225, v225, v224                             // 000000005558: 21C3C1E1
	v_mov_b32_dpp v224, v225 quad_perm:[1,0,3,2] row_mask:0xf bank_mask:0xf// 00000000555C: 7FC002FA FF00B1E1
	v_max_f32_e32 v225, v225, v224                             // 000000005564: 21C3C1E1
	v_max_f32_e32 v220, v220, v225                             // 000000005568: 21B9C3DC
	v_mov_b32_e32 v225, v204                                   // 00000000556C: 7FC203CC
	v_mov_b32_e32 v224, v225                                   // 000000005570: 7FC003E1
	v_mov_b32_dpp v224, v224 row_shr:8 row_mask:0xf bank_mask:0xc// 000000005574: 7FC002FA FC0118E0
	v_mov_b32_dpp v224, v225 row_shl:8 row_mask:0xf bank_mask:0x3// 00000000557C: 7FC002FA F30108E1
	v_max_f32_e32 v225, v225, v224                             // 000000005584: 21C3C1E1
	v_mov_b32_e32 v224, v225                                   // 000000005588: 7FC003E1
	v_mov_b32_dpp v224, v224 row_shr:4 row_mask:0xf bank_mask:0xa// 00000000558C: 7FC002FA FA0114E0
	v_mov_b32_dpp v224, v225 row_shl:4 row_mask:0xf bank_mask:0x5// 000000005594: 7FC002FA F50104E1
	v_max_f32_e32 v225, v225, v224                             // 00000000559C: 21C3C1E1
	v_mov_b32_dpp v224, v225 quad_perm:[2,3,0,1] row_mask:0xf bank_mask:0xf// 0000000055A0: 7FC002FA FF004EE1
	v_max_f32_e32 v225, v225, v224                             // 0000000055A8: 21C3C1E1
	v_mov_b32_dpp v224, v225 quad_perm:[1,0,3,2] row_mask:0xf bank_mask:0xf// 0000000055AC: 7FC002FA FF00B1E1
	v_max_f32_e32 v225, v225, v224                             // 0000000055B4: 21C3C1E1
	v_max_f32_e32 v220, v220, v225                             // 0000000055B8: 21B9C3DC
	v_mov_b32_e32 v225, v212                                   // 0000000055BC: 7FC203D4
	v_mov_b32_e32 v224, v225                                   // 0000000055C0: 7FC003E1
	v_mov_b32_dpp v224, v224 row_shr:8 row_mask:0xf bank_mask:0xc// 0000000055C4: 7FC002FA FC0118E0
	v_mov_b32_dpp v224, v225 row_shl:8 row_mask:0xf bank_mask:0x3// 0000000055CC: 7FC002FA F30108E1
	v_max_f32_e32 v225, v225, v224                             // 0000000055D4: 21C3C1E1
	v_mov_b32_e32 v224, v225                                   // 0000000055D8: 7FC003E1
	v_mov_b32_dpp v224, v224 row_shr:4 row_mask:0xf bank_mask:0xa// 0000000055DC: 7FC002FA FA0114E0
	v_mov_b32_dpp v224, v225 row_shl:4 row_mask:0xf bank_mask:0x5// 0000000055E4: 7FC002FA F50104E1
	v_max_f32_e32 v225, v225, v224                             // 0000000055EC: 21C3C1E1
	v_mov_b32_dpp v224, v225 quad_perm:[2,3,0,1] row_mask:0xf bank_mask:0xf// 0000000055F0: 7FC002FA FF004EE1
	v_max_f32_e32 v225, v225, v224                             // 0000000055F8: 21C3C1E1
	v_mov_b32_dpp v224, v225 quad_perm:[1,0,3,2] row_mask:0xf bank_mask:0xf// 0000000055FC: 7FC002FA FF00B1E1
	v_max_f32_e32 v225, v225, v224                             // 000000005604: 21C3C1E1
	v_max_f32_e32 v220, v220, v225                             // 000000005608: 21B9C3DC
	v_max_f32_e32 v220, v36, v220                              // 00000000560C: 21B9B924
	v_sub_f32_e32 v52, v36, v220                               // 000000005610: 0869B924
	v_mul_f32_e32 v52, 0x3fb8aa3b, v52                         // 000000005614: 106868FF 3FB8AA3B
	v_exp_f32_e32 v52, v52                                     // 00000000561C: 7E684B34
	v_sub_f32_e32 v28, v28, v220                               // 000000005620: 0839B91C
	v_mul_f32_e32 v28, 0x3fb8aa3b, v28                         // 000000005624: 103838FF 3FB8AA3B
	v_exp_f32_e32 v28, v28                                     // 00000000562C: 7E384B1C
	v_sub_f32_e32 v196, v196, v220                             // 000000005630: 0989B9C4
	v_mul_f32_e32 v196, 0x3fb8aa3b, v196                       // 000000005634: 118988FF 3FB8AA3B
	v_exp_f32_e32 v196, v196                                   // 00000000563C: 7F884BC4
	v_sub_f32_e32 v204, v204, v220                             // 000000005640: 0999B9CC
	v_mul_f32_e32 v204, 0x3fb8aa3b, v204                       // 000000005644: 119998FF 3FB8AA3B
	v_exp_f32_e32 v204, v204                                   // 00000000564C: 7F984BCC
	v_sub_f32_e32 v212, v212, v220                             // 000000005650: 09A9B9D4
	v_mul_f32_e32 v212, 0x3fb8aa3b, v212                       // 000000005654: 11A9A8FF 3FB8AA3B
	v_exp_f32_e32 v212, v212                                   // 00000000565C: 7FA84BD4
	v_mov_b32_e32 v36, v220                                    // 000000005660: 7E4803DC
	v_mov_b32_e32 v220, v28                                    // 000000005664: 7FB8031C
	v_mov_b32_e32 v224, v220                                   // 000000005668: 7FC003DC
	v_mov_b32_dpp v224, v224 row_shr:8 row_mask:0xf bank_mask:0xc// 00000000566C: 7FC002FA FC0118E0
	v_mov_b32_dpp v224, v220 row_shl:8 row_mask:0xf bank_mask:0x3// 000000005674: 7FC002FA F30108DC
	v_add_f32_e32 v220, v220, v224                             // 00000000567C: 07B9C1DC
	v_mov_b32_e32 v224, v220                                   // 000000005680: 7FC003DC
	v_mov_b32_dpp v224, v224 row_shr:4 row_mask:0xf bank_mask:0xa// 000000005684: 7FC002FA FA0114E0
	v_mov_b32_dpp v224, v220 row_shl:4 row_mask:0xf bank_mask:0x5// 00000000568C: 7FC002FA F50104DC
	v_add_f32_e32 v220, v220, v224                             // 000000005694: 07B9C1DC
	v_mov_b32_dpp v224, v220 quad_perm:[2,3,0,1] row_mask:0xf bank_mask:0xf// 000000005698: 7FC002FA FF004EDC
	v_add_f32_e32 v220, v220, v224                             // 0000000056A0: 07B9C1DC
	v_mov_b32_dpp v224, v220 quad_perm:[1,0,3,2] row_mask:0xf bank_mask:0xf// 0000000056A4: 7FC002FA FF00B1DC
	v_add_f32_e32 v220, v220, v224                             // 0000000056AC: 07B9C1DC
	v_mov_b32_e32 v225, v196                                   // 0000000056B0: 7FC203C4
	v_mov_b32_e32 v224, v225                                   // 0000000056B4: 7FC003E1
	v_mov_b32_dpp v224, v224 row_shr:8 row_mask:0xf bank_mask:0xc// 0000000056B8: 7FC002FA FC0118E0
	v_mov_b32_dpp v224, v225 row_shl:8 row_mask:0xf bank_mask:0x3// 0000000056C0: 7FC002FA F30108E1
	v_add_f32_e32 v225, v225, v224                             // 0000000056C8: 07C3C1E1
	v_mov_b32_e32 v224, v225                                   // 0000000056CC: 7FC003E1
	v_mov_b32_dpp v224, v224 row_shr:4 row_mask:0xf bank_mask:0xa// 0000000056D0: 7FC002FA FA0114E0
	v_mov_b32_dpp v224, v225 row_shl:4 row_mask:0xf bank_mask:0x5// 0000000056D8: 7FC002FA F50104E1
	v_add_f32_e32 v225, v225, v224                             // 0000000056E0: 07C3C1E1
	v_mov_b32_dpp v224, v225 quad_perm:[2,3,0,1] row_mask:0xf bank_mask:0xf// 0000000056E4: 7FC002FA FF004EE1
	v_add_f32_e32 v225, v225, v224                             // 0000000056EC: 07C3C1E1
	v_mov_b32_dpp v224, v225 quad_perm:[1,0,3,2] row_mask:0xf bank_mask:0xf// 0000000056F0: 7FC002FA FF00B1E1
	v_add_f32_e32 v225, v225, v224                             // 0000000056F8: 07C3C1E1
	v_add_f32_e32 v220, v220, v225                             // 0000000056FC: 07B9C3DC
	v_mov_b32_e32 v225, v204                                   // 000000005700: 7FC203CC
	v_mov_b32_e32 v224, v225                                   // 000000005704: 7FC003E1
	v_mov_b32_dpp v224, v224 row_shr:8 row_mask:0xf bank_mask:0xc// 000000005708: 7FC002FA FC0118E0
	v_mov_b32_dpp v224, v225 row_shl:8 row_mask:0xf bank_mask:0x3// 000000005710: 7FC002FA F30108E1
	v_add_f32_e32 v225, v225, v224                             // 000000005718: 07C3C1E1
	v_mov_b32_e32 v224, v225                                   // 00000000571C: 7FC003E1
	v_mov_b32_dpp v224, v224 row_shr:4 row_mask:0xf bank_mask:0xa// 000000005720: 7FC002FA FA0114E0
	v_mov_b32_dpp v224, v225 row_shl:4 row_mask:0xf bank_mask:0x5// 000000005728: 7FC002FA F50104E1
	v_add_f32_e32 v225, v225, v224                             // 000000005730: 07C3C1E1
	v_mov_b32_dpp v224, v225 quad_perm:[2,3,0,1] row_mask:0xf bank_mask:0xf// 000000005734: 7FC002FA FF004EE1
	v_add_f32_e32 v225, v225, v224                             // 00000000573C: 07C3C1E1
	v_mov_b32_dpp v224, v225 quad_perm:[1,0,3,2] row_mask:0xf bank_mask:0xf// 000000005740: 7FC002FA FF00B1E1
	v_add_f32_e32 v225, v225, v224                             // 000000005748: 07C3C1E1
	v_add_f32_e32 v220, v220, v225                             // 00000000574C: 07B9C3DC
	v_mov_b32_e32 v225, v212                                   // 000000005750: 7FC203D4
	v_mov_b32_e32 v224, v225                                   // 000000005754: 7FC003E1
	v_mov_b32_dpp v224, v224 row_shr:8 row_mask:0xf bank_mask:0xc// 000000005758: 7FC002FA FC0118E0
	v_mov_b32_dpp v224, v225 row_shl:8 row_mask:0xf bank_mask:0x3// 000000005760: 7FC002FA F30108E1
	v_add_f32_e32 v225, v225, v224                             // 000000005768: 07C3C1E1
	v_mov_b32_e32 v224, v225                                   // 00000000576C: 7FC003E1
	v_mov_b32_dpp v224, v224 row_shr:4 row_mask:0xf bank_mask:0xa// 000000005770: 7FC002FA FA0114E0
	v_mov_b32_dpp v224, v225 row_shl:4 row_mask:0xf bank_mask:0x5// 000000005778: 7FC002FA F50104E1
	v_add_f32_e32 v225, v225, v224                             // 000000005780: 07C3C1E1
	v_mov_b32_dpp v224, v225 quad_perm:[2,3,0,1] row_mask:0xf bank_mask:0xf// 000000005784: 7FC002FA FF004EE1
	v_add_f32_e32 v225, v225, v224                             // 00000000578C: 07C3C1E1
	v_mov_b32_dpp v224, v225 quad_perm:[1,0,3,2] row_mask:0xf bank_mask:0xf// 000000005790: 7FC002FA FF00B1E1
	v_add_f32_e32 v225, v225, v224                             // 000000005798: 07C3C1E1
	v_add_f32_e32 v220, v220, v225                             // 00000000579C: 07B9C3DC
	v_mul_f32_e32 v44, v44, v52                                // 0000000057A0: 1058692C
	v_add_f32_e32 v44, v44, v220                               // 0000000057A4: 0659B92C
	v_mov_b32_e32 v221, v29                                    // 0000000057A8: 7FBA031D
	v_mov_b32_e32 v224, v221                                   // 0000000057AC: 7FC003DD
	v_mov_b32_dpp v224, v224 row_shr:8 row_mask:0xf bank_mask:0xc// 0000000057B0: 7FC002FA FC0118E0
	v_mov_b32_dpp v224, v221 row_shl:8 row_mask:0xf bank_mask:0x3// 0000000057B8: 7FC002FA F30108DD
	v_max_f32_e32 v221, v221, v224                             // 0000000057C0: 21BBC1DD
	v_mov_b32_e32 v224, v221                                   // 0000000057C4: 7FC003DD
	v_mov_b32_dpp v224, v224 row_shr:4 row_mask:0xf bank_mask:0xa// 0000000057C8: 7FC002FA FA0114E0
	v_mov_b32_dpp v224, v221 row_shl:4 row_mask:0xf bank_mask:0x5// 0000000057D0: 7FC002FA F50104DD
	v_max_f32_e32 v221, v221, v224                             // 0000000057D8: 21BBC1DD
	v_mov_b32_dpp v224, v221 quad_perm:[2,3,0,1] row_mask:0xf bank_mask:0xf// 0000000057DC: 7FC002FA FF004EDD
	v_max_f32_e32 v221, v221, v224                             // 0000000057E4: 21BBC1DD
	v_mov_b32_dpp v224, v221 quad_perm:[1,0,3,2] row_mask:0xf bank_mask:0xf// 0000000057E8: 7FC002FA FF00B1DD
	v_max_f32_e32 v221, v221, v224                             // 0000000057F0: 21BBC1DD
	v_mov_b32_e32 v225, v197                                   // 0000000057F4: 7FC203C5
	v_mov_b32_e32 v224, v225                                   // 0000000057F8: 7FC003E1
	v_mov_b32_dpp v224, v224 row_shr:8 row_mask:0xf bank_mask:0xc// 0000000057FC: 7FC002FA FC0118E0
	v_mov_b32_dpp v224, v225 row_shl:8 row_mask:0xf bank_mask:0x3// 000000005804: 7FC002FA F30108E1
	v_max_f32_e32 v225, v225, v224                             // 00000000580C: 21C3C1E1
	v_mov_b32_e32 v224, v225                                   // 000000005810: 7FC003E1
	v_mov_b32_dpp v224, v224 row_shr:4 row_mask:0xf bank_mask:0xa// 000000005814: 7FC002FA FA0114E0
	v_mov_b32_dpp v224, v225 row_shl:4 row_mask:0xf bank_mask:0x5// 00000000581C: 7FC002FA F50104E1
	v_max_f32_e32 v225, v225, v224                             // 000000005824: 21C3C1E1
	v_mov_b32_dpp v224, v225 quad_perm:[2,3,0,1] row_mask:0xf bank_mask:0xf// 000000005828: 7FC002FA FF004EE1
	v_max_f32_e32 v225, v225, v224                             // 000000005830: 21C3C1E1
	v_mov_b32_dpp v224, v225 quad_perm:[1,0,3,2] row_mask:0xf bank_mask:0xf// 000000005834: 7FC002FA FF00B1E1
	v_max_f32_e32 v225, v225, v224                             // 00000000583C: 21C3C1E1
	v_max_f32_e32 v221, v221, v225                             // 000000005840: 21BBC3DD
	v_mov_b32_e32 v225, v205                                   // 000000005844: 7FC203CD
	v_mov_b32_e32 v224, v225                                   // 000000005848: 7FC003E1
	v_mov_b32_dpp v224, v224 row_shr:8 row_mask:0xf bank_mask:0xc// 00000000584C: 7FC002FA FC0118E0
	v_mov_b32_dpp v224, v225 row_shl:8 row_mask:0xf bank_mask:0x3// 000000005854: 7FC002FA F30108E1
	v_max_f32_e32 v225, v225, v224                             // 00000000585C: 21C3C1E1
	v_mov_b32_e32 v224, v225                                   // 000000005860: 7FC003E1
	v_mov_b32_dpp v224, v224 row_shr:4 row_mask:0xf bank_mask:0xa// 000000005864: 7FC002FA FA0114E0
	v_mov_b32_dpp v224, v225 row_shl:4 row_mask:0xf bank_mask:0x5// 00000000586C: 7FC002FA F50104E1
	v_max_f32_e32 v225, v225, v224                             // 000000005874: 21C3C1E1
	v_mov_b32_dpp v224, v225 quad_perm:[2,3,0,1] row_mask:0xf bank_mask:0xf// 000000005878: 7FC002FA FF004EE1
	v_max_f32_e32 v225, v225, v224                             // 000000005880: 21C3C1E1
	v_mov_b32_dpp v224, v225 quad_perm:[1,0,3,2] row_mask:0xf bank_mask:0xf// 000000005884: 7FC002FA FF00B1E1
	v_max_f32_e32 v225, v225, v224                             // 00000000588C: 21C3C1E1
	v_max_f32_e32 v221, v221, v225                             // 000000005890: 21BBC3DD
	v_mov_b32_e32 v225, v213                                   // 000000005894: 7FC203D5
	v_mov_b32_e32 v224, v225                                   // 000000005898: 7FC003E1
	v_mov_b32_dpp v224, v224 row_shr:8 row_mask:0xf bank_mask:0xc// 00000000589C: 7FC002FA FC0118E0
	v_mov_b32_dpp v224, v225 row_shl:8 row_mask:0xf bank_mask:0x3// 0000000058A4: 7FC002FA F30108E1
	v_max_f32_e32 v225, v225, v224                             // 0000000058AC: 21C3C1E1
	v_mov_b32_e32 v224, v225                                   // 0000000058B0: 7FC003E1
	v_mov_b32_dpp v224, v224 row_shr:4 row_mask:0xf bank_mask:0xa// 0000000058B4: 7FC002FA FA0114E0
	v_mov_b32_dpp v224, v225 row_shl:4 row_mask:0xf bank_mask:0x5// 0000000058BC: 7FC002FA F50104E1
	v_max_f32_e32 v225, v225, v224                             // 0000000058C4: 21C3C1E1
	v_mov_b32_dpp v224, v225 quad_perm:[2,3,0,1] row_mask:0xf bank_mask:0xf// 0000000058C8: 7FC002FA FF004EE1
	v_max_f32_e32 v225, v225, v224                             // 0000000058D0: 21C3C1E1
	v_mov_b32_dpp v224, v225 quad_perm:[1,0,3,2] row_mask:0xf bank_mask:0xf// 0000000058D4: 7FC002FA FF00B1E1
	v_max_f32_e32 v225, v225, v224                             // 0000000058DC: 21C3C1E1
	v_max_f32_e32 v221, v221, v225                             // 0000000058E0: 21BBC3DD
	v_max_f32_e32 v221, v37, v221                              // 0000000058E4: 21BBBB25
	v_sub_f32_e32 v53, v37, v221                               // 0000000058E8: 086BBB25
	v_mul_f32_e32 v53, 0x3fb8aa3b, v53                         // 0000000058EC: 106A6AFF 3FB8AA3B
	v_exp_f32_e32 v53, v53                                     // 0000000058F4: 7E6A4B35
	v_sub_f32_e32 v29, v29, v221                               // 0000000058F8: 083BBB1D
	v_mul_f32_e32 v29, 0x3fb8aa3b, v29                         // 0000000058FC: 103A3AFF 3FB8AA3B
	v_exp_f32_e32 v29, v29                                     // 000000005904: 7E3A4B1D
	v_sub_f32_e32 v197, v197, v221                             // 000000005908: 098BBBC5
	v_mul_f32_e32 v197, 0x3fb8aa3b, v197                       // 00000000590C: 118B8AFF 3FB8AA3B
	v_exp_f32_e32 v197, v197                                   // 000000005914: 7F8A4BC5
	v_sub_f32_e32 v205, v205, v221                             // 000000005918: 099BBBCD
	v_mul_f32_e32 v205, 0x3fb8aa3b, v205                       // 00000000591C: 119B9AFF 3FB8AA3B
	v_exp_f32_e32 v205, v205                                   // 000000005924: 7F9A4BCD
	v_sub_f32_e32 v213, v213, v221                             // 000000005928: 09ABBBD5
	v_mul_f32_e32 v213, 0x3fb8aa3b, v213                       // 00000000592C: 11ABAAFF 3FB8AA3B
	v_exp_f32_e32 v213, v213                                   // 000000005934: 7FAA4BD5
	v_mov_b32_e32 v37, v221                                    // 000000005938: 7E4A03DD
	v_mov_b32_e32 v221, v29                                    // 00000000593C: 7FBA031D
	v_mov_b32_e32 v224, v221                                   // 000000005940: 7FC003DD
	v_mov_b32_dpp v224, v224 row_shr:8 row_mask:0xf bank_mask:0xc// 000000005944: 7FC002FA FC0118E0
	v_mov_b32_dpp v224, v221 row_shl:8 row_mask:0xf bank_mask:0x3// 00000000594C: 7FC002FA F30108DD
	v_add_f32_e32 v221, v221, v224                             // 000000005954: 07BBC1DD
	v_mov_b32_e32 v224, v221                                   // 000000005958: 7FC003DD
	v_mov_b32_dpp v224, v224 row_shr:4 row_mask:0xf bank_mask:0xa// 00000000595C: 7FC002FA FA0114E0
	v_mov_b32_dpp v224, v221 row_shl:4 row_mask:0xf bank_mask:0x5// 000000005964: 7FC002FA F50104DD
	v_add_f32_e32 v221, v221, v224                             // 00000000596C: 07BBC1DD
	v_mov_b32_dpp v224, v221 quad_perm:[2,3,0,1] row_mask:0xf bank_mask:0xf// 000000005970: 7FC002FA FF004EDD
	v_add_f32_e32 v221, v221, v224                             // 000000005978: 07BBC1DD
	v_mov_b32_dpp v224, v221 quad_perm:[1,0,3,2] row_mask:0xf bank_mask:0xf// 00000000597C: 7FC002FA FF00B1DD
	v_add_f32_e32 v221, v221, v224                             // 000000005984: 07BBC1DD
	v_mov_b32_e32 v225, v197                                   // 000000005988: 7FC203C5
	v_mov_b32_e32 v224, v225                                   // 00000000598C: 7FC003E1
	v_mov_b32_dpp v224, v224 row_shr:8 row_mask:0xf bank_mask:0xc// 000000005990: 7FC002FA FC0118E0
	v_mov_b32_dpp v224, v225 row_shl:8 row_mask:0xf bank_mask:0x3// 000000005998: 7FC002FA F30108E1
	v_add_f32_e32 v225, v225, v224                             // 0000000059A0: 07C3C1E1
	v_mov_b32_e32 v224, v225                                   // 0000000059A4: 7FC003E1
	v_mov_b32_dpp v224, v224 row_shr:4 row_mask:0xf bank_mask:0xa// 0000000059A8: 7FC002FA FA0114E0
	v_mov_b32_dpp v224, v225 row_shl:4 row_mask:0xf bank_mask:0x5// 0000000059B0: 7FC002FA F50104E1
	v_add_f32_e32 v225, v225, v224                             // 0000000059B8: 07C3C1E1
	v_mov_b32_dpp v224, v225 quad_perm:[2,3,0,1] row_mask:0xf bank_mask:0xf// 0000000059BC: 7FC002FA FF004EE1
	v_add_f32_e32 v225, v225, v224                             // 0000000059C4: 07C3C1E1
	v_mov_b32_dpp v224, v225 quad_perm:[1,0,3,2] row_mask:0xf bank_mask:0xf// 0000000059C8: 7FC002FA FF00B1E1
	v_add_f32_e32 v225, v225, v224                             // 0000000059D0: 07C3C1E1
	v_add_f32_e32 v221, v221, v225                             // 0000000059D4: 07BBC3DD
	v_mov_b32_e32 v225, v205                                   // 0000000059D8: 7FC203CD
	v_mov_b32_e32 v224, v225                                   // 0000000059DC: 7FC003E1
	v_mov_b32_dpp v224, v224 row_shr:8 row_mask:0xf bank_mask:0xc// 0000000059E0: 7FC002FA FC0118E0
	v_mov_b32_dpp v224, v225 row_shl:8 row_mask:0xf bank_mask:0x3// 0000000059E8: 7FC002FA F30108E1
	v_add_f32_e32 v225, v225, v224                             // 0000000059F0: 07C3C1E1
	v_mov_b32_e32 v224, v225                                   // 0000000059F4: 7FC003E1
	v_mov_b32_dpp v224, v224 row_shr:4 row_mask:0xf bank_mask:0xa// 0000000059F8: 7FC002FA FA0114E0
	v_mov_b32_dpp v224, v225 row_shl:4 row_mask:0xf bank_mask:0x5// 000000005A00: 7FC002FA F50104E1
	v_add_f32_e32 v225, v225, v224                             // 000000005A08: 07C3C1E1
	v_mov_b32_dpp v224, v225 quad_perm:[2,3,0,1] row_mask:0xf bank_mask:0xf// 000000005A0C: 7FC002FA FF004EE1
	v_add_f32_e32 v225, v225, v224                             // 000000005A14: 07C3C1E1
	v_mov_b32_dpp v224, v225 quad_perm:[1,0,3,2] row_mask:0xf bank_mask:0xf// 000000005A18: 7FC002FA FF00B1E1
	v_add_f32_e32 v225, v225, v224                             // 000000005A20: 07C3C1E1
	v_add_f32_e32 v221, v221, v225                             // 000000005A24: 07BBC3DD
	v_mov_b32_e32 v225, v213                                   // 000000005A28: 7FC203D5
	v_mov_b32_e32 v224, v225                                   // 000000005A2C: 7FC003E1
	v_mov_b32_dpp v224, v224 row_shr:8 row_mask:0xf bank_mask:0xc// 000000005A30: 7FC002FA FC0118E0
	v_mov_b32_dpp v224, v225 row_shl:8 row_mask:0xf bank_mask:0x3// 000000005A38: 7FC002FA F30108E1
	v_add_f32_e32 v225, v225, v224                             // 000000005A40: 07C3C1E1
	v_mov_b32_e32 v224, v225                                   // 000000005A44: 7FC003E1
	v_mov_b32_dpp v224, v224 row_shr:4 row_mask:0xf bank_mask:0xa// 000000005A48: 7FC002FA FA0114E0
	v_mov_b32_dpp v224, v225 row_shl:4 row_mask:0xf bank_mask:0x5// 000000005A50: 7FC002FA F50104E1
	v_add_f32_e32 v225, v225, v224                             // 000000005A58: 07C3C1E1
	v_mov_b32_dpp v224, v225 quad_perm:[2,3,0,1] row_mask:0xf bank_mask:0xf// 000000005A5C: 7FC002FA FF004EE1
	v_add_f32_e32 v225, v225, v224                             // 000000005A64: 07C3C1E1
	v_mov_b32_dpp v224, v225 quad_perm:[1,0,3,2] row_mask:0xf bank_mask:0xf// 000000005A68: 7FC002FA FF00B1E1
	v_add_f32_e32 v225, v225, v224                             // 000000005A70: 07C3C1E1
	v_add_f32_e32 v221, v221, v225                             // 000000005A74: 07BBC3DD
	v_mul_f32_e32 v45, v45, v53                                // 000000005A78: 105A6B2D
	v_add_f32_e32 v45, v45, v221                               // 000000005A7C: 065BBB2D
	v_mov_b32_e32 v222, v30                                    // 000000005A80: 7FBC031E
	v_mov_b32_e32 v224, v222                                   // 000000005A84: 7FC003DE
	v_mov_b32_dpp v224, v224 row_shr:8 row_mask:0xf bank_mask:0xc// 000000005A88: 7FC002FA FC0118E0
	v_mov_b32_dpp v224, v222 row_shl:8 row_mask:0xf bank_mask:0x3// 000000005A90: 7FC002FA F30108DE
	v_max_f32_e32 v222, v222, v224                             // 000000005A98: 21BDC1DE
	v_mov_b32_e32 v224, v222                                   // 000000005A9C: 7FC003DE
	v_mov_b32_dpp v224, v224 row_shr:4 row_mask:0xf bank_mask:0xa// 000000005AA0: 7FC002FA FA0114E0
	v_mov_b32_dpp v224, v222 row_shl:4 row_mask:0xf bank_mask:0x5// 000000005AA8: 7FC002FA F50104DE
	v_max_f32_e32 v222, v222, v224                             // 000000005AB0: 21BDC1DE
	v_mov_b32_dpp v224, v222 quad_perm:[2,3,0,1] row_mask:0xf bank_mask:0xf// 000000005AB4: 7FC002FA FF004EDE
	v_max_f32_e32 v222, v222, v224                             // 000000005ABC: 21BDC1DE
	v_mov_b32_dpp v224, v222 quad_perm:[1,0,3,2] row_mask:0xf bank_mask:0xf// 000000005AC0: 7FC002FA FF00B1DE
	v_max_f32_e32 v222, v222, v224                             // 000000005AC8: 21BDC1DE
	v_mov_b32_e32 v225, v198                                   // 000000005ACC: 7FC203C6
	v_mov_b32_e32 v224, v225                                   // 000000005AD0: 7FC003E1
	v_mov_b32_dpp v224, v224 row_shr:8 row_mask:0xf bank_mask:0xc// 000000005AD4: 7FC002FA FC0118E0
	v_mov_b32_dpp v224, v225 row_shl:8 row_mask:0xf bank_mask:0x3// 000000005ADC: 7FC002FA F30108E1
	v_max_f32_e32 v225, v225, v224                             // 000000005AE4: 21C3C1E1
	v_mov_b32_e32 v224, v225                                   // 000000005AE8: 7FC003E1
	v_mov_b32_dpp v224, v224 row_shr:4 row_mask:0xf bank_mask:0xa// 000000005AEC: 7FC002FA FA0114E0
	v_mov_b32_dpp v224, v225 row_shl:4 row_mask:0xf bank_mask:0x5// 000000005AF4: 7FC002FA F50104E1
	v_max_f32_e32 v225, v225, v224                             // 000000005AFC: 21C3C1E1
	v_mov_b32_dpp v224, v225 quad_perm:[2,3,0,1] row_mask:0xf bank_mask:0xf// 000000005B00: 7FC002FA FF004EE1
	v_max_f32_e32 v225, v225, v224                             // 000000005B08: 21C3C1E1
	v_mov_b32_dpp v224, v225 quad_perm:[1,0,3,2] row_mask:0xf bank_mask:0xf// 000000005B0C: 7FC002FA FF00B1E1
	v_max_f32_e32 v225, v225, v224                             // 000000005B14: 21C3C1E1
	v_max_f32_e32 v222, v222, v225                             // 000000005B18: 21BDC3DE
	v_mov_b32_e32 v225, v206                                   // 000000005B1C: 7FC203CE
	v_mov_b32_e32 v224, v225                                   // 000000005B20: 7FC003E1
	v_mov_b32_dpp v224, v224 row_shr:8 row_mask:0xf bank_mask:0xc// 000000005B24: 7FC002FA FC0118E0
	v_mov_b32_dpp v224, v225 row_shl:8 row_mask:0xf bank_mask:0x3// 000000005B2C: 7FC002FA F30108E1
	v_max_f32_e32 v225, v225, v224                             // 000000005B34: 21C3C1E1
	v_mov_b32_e32 v224, v225                                   // 000000005B38: 7FC003E1
	v_mov_b32_dpp v224, v224 row_shr:4 row_mask:0xf bank_mask:0xa// 000000005B3C: 7FC002FA FA0114E0
	v_mov_b32_dpp v224, v225 row_shl:4 row_mask:0xf bank_mask:0x5// 000000005B44: 7FC002FA F50104E1
	v_max_f32_e32 v225, v225, v224                             // 000000005B4C: 21C3C1E1
	v_mov_b32_dpp v224, v225 quad_perm:[2,3,0,1] row_mask:0xf bank_mask:0xf// 000000005B50: 7FC002FA FF004EE1
	v_max_f32_e32 v225, v225, v224                             // 000000005B58: 21C3C1E1
	v_mov_b32_dpp v224, v225 quad_perm:[1,0,3,2] row_mask:0xf bank_mask:0xf// 000000005B5C: 7FC002FA FF00B1E1
	v_max_f32_e32 v225, v225, v224                             // 000000005B64: 21C3C1E1
	v_max_f32_e32 v222, v222, v225                             // 000000005B68: 21BDC3DE
	v_mov_b32_e32 v225, v214                                   // 000000005B6C: 7FC203D6
	v_mov_b32_e32 v224, v225                                   // 000000005B70: 7FC003E1
	v_mov_b32_dpp v224, v224 row_shr:8 row_mask:0xf bank_mask:0xc// 000000005B74: 7FC002FA FC0118E0
	v_mov_b32_dpp v224, v225 row_shl:8 row_mask:0xf bank_mask:0x3// 000000005B7C: 7FC002FA F30108E1
	v_max_f32_e32 v225, v225, v224                             // 000000005B84: 21C3C1E1
	v_mov_b32_e32 v224, v225                                   // 000000005B88: 7FC003E1
	v_mov_b32_dpp v224, v224 row_shr:4 row_mask:0xf bank_mask:0xa// 000000005B8C: 7FC002FA FA0114E0
	v_mov_b32_dpp v224, v225 row_shl:4 row_mask:0xf bank_mask:0x5// 000000005B94: 7FC002FA F50104E1
	v_max_f32_e32 v225, v225, v224                             // 000000005B9C: 21C3C1E1
	v_mov_b32_dpp v224, v225 quad_perm:[2,3,0,1] row_mask:0xf bank_mask:0xf// 000000005BA0: 7FC002FA FF004EE1
	v_max_f32_e32 v225, v225, v224                             // 000000005BA8: 21C3C1E1
	v_mov_b32_dpp v224, v225 quad_perm:[1,0,3,2] row_mask:0xf bank_mask:0xf// 000000005BAC: 7FC002FA FF00B1E1
	v_max_f32_e32 v225, v225, v224                             // 000000005BB4: 21C3C1E1
	v_max_f32_e32 v222, v222, v225                             // 000000005BB8: 21BDC3DE
	v_max_f32_e32 v222, v38, v222                              // 000000005BBC: 21BDBD26
	v_sub_f32_e32 v54, v38, v222                               // 000000005BC0: 086DBD26
	v_mul_f32_e32 v54, 0x3fb8aa3b, v54                         // 000000005BC4: 106C6CFF 3FB8AA3B
	v_exp_f32_e32 v54, v54                                     // 000000005BCC: 7E6C4B36
	v_sub_f32_e32 v30, v30, v222                               // 000000005BD0: 083DBD1E
	v_mul_f32_e32 v30, 0x3fb8aa3b, v30                         // 000000005BD4: 103C3CFF 3FB8AA3B
	v_exp_f32_e32 v30, v30                                     // 000000005BDC: 7E3C4B1E
	v_sub_f32_e32 v198, v198, v222                             // 000000005BE0: 098DBDC6
	v_mul_f32_e32 v198, 0x3fb8aa3b, v198                       // 000000005BE4: 118D8CFF 3FB8AA3B
	v_exp_f32_e32 v198, v198                                   // 000000005BEC: 7F8C4BC6
	v_sub_f32_e32 v206, v206, v222                             // 000000005BF0: 099DBDCE
	v_mul_f32_e32 v206, 0x3fb8aa3b, v206                       // 000000005BF4: 119D9CFF 3FB8AA3B
	v_exp_f32_e32 v206, v206                                   // 000000005BFC: 7F9C4BCE
	v_sub_f32_e32 v214, v214, v222                             // 000000005C00: 09ADBDD6
	v_mul_f32_e32 v214, 0x3fb8aa3b, v214                       // 000000005C04: 11ADACFF 3FB8AA3B
	v_exp_f32_e32 v214, v214                                   // 000000005C0C: 7FAC4BD6
	v_mov_b32_e32 v38, v222                                    // 000000005C10: 7E4C03DE
	v_mov_b32_e32 v222, v30                                    // 000000005C14: 7FBC031E
	v_mov_b32_e32 v224, v222                                   // 000000005C18: 7FC003DE
	v_mov_b32_dpp v224, v224 row_shr:8 row_mask:0xf bank_mask:0xc// 000000005C1C: 7FC002FA FC0118E0
	v_mov_b32_dpp v224, v222 row_shl:8 row_mask:0xf bank_mask:0x3// 000000005C24: 7FC002FA F30108DE
	v_add_f32_e32 v222, v222, v224                             // 000000005C2C: 07BDC1DE
	v_mov_b32_e32 v224, v222                                   // 000000005C30: 7FC003DE
	v_mov_b32_dpp v224, v224 row_shr:4 row_mask:0xf bank_mask:0xa// 000000005C34: 7FC002FA FA0114E0
	v_mov_b32_dpp v224, v222 row_shl:4 row_mask:0xf bank_mask:0x5// 000000005C3C: 7FC002FA F50104DE
	v_add_f32_e32 v222, v222, v224                             // 000000005C44: 07BDC1DE
	v_mov_b32_dpp v224, v222 quad_perm:[2,3,0,1] row_mask:0xf bank_mask:0xf// 000000005C48: 7FC002FA FF004EDE
	v_add_f32_e32 v222, v222, v224                             // 000000005C50: 07BDC1DE
	v_mov_b32_dpp v224, v222 quad_perm:[1,0,3,2] row_mask:0xf bank_mask:0xf// 000000005C54: 7FC002FA FF00B1DE
	v_add_f32_e32 v222, v222, v224                             // 000000005C5C: 07BDC1DE
	v_mov_b32_e32 v225, v198                                   // 000000005C60: 7FC203C6
	v_mov_b32_e32 v224, v225                                   // 000000005C64: 7FC003E1
	v_mov_b32_dpp v224, v224 row_shr:8 row_mask:0xf bank_mask:0xc// 000000005C68: 7FC002FA FC0118E0
	v_mov_b32_dpp v224, v225 row_shl:8 row_mask:0xf bank_mask:0x3// 000000005C70: 7FC002FA F30108E1
	v_add_f32_e32 v225, v225, v224                             // 000000005C78: 07C3C1E1
	v_mov_b32_e32 v224, v225                                   // 000000005C7C: 7FC003E1
	v_mov_b32_dpp v224, v224 row_shr:4 row_mask:0xf bank_mask:0xa// 000000005C80: 7FC002FA FA0114E0
	v_mov_b32_dpp v224, v225 row_shl:4 row_mask:0xf bank_mask:0x5// 000000005C88: 7FC002FA F50104E1
	v_add_f32_e32 v225, v225, v224                             // 000000005C90: 07C3C1E1
	v_mov_b32_dpp v224, v225 quad_perm:[2,3,0,1] row_mask:0xf bank_mask:0xf// 000000005C94: 7FC002FA FF004EE1
	v_add_f32_e32 v225, v225, v224                             // 000000005C9C: 07C3C1E1
	v_mov_b32_dpp v224, v225 quad_perm:[1,0,3,2] row_mask:0xf bank_mask:0xf// 000000005CA0: 7FC002FA FF00B1E1
	v_add_f32_e32 v225, v225, v224                             // 000000005CA8: 07C3C1E1
	v_add_f32_e32 v222, v222, v225                             // 000000005CAC: 07BDC3DE
	v_mov_b32_e32 v225, v206                                   // 000000005CB0: 7FC203CE
	v_mov_b32_e32 v224, v225                                   // 000000005CB4: 7FC003E1
	v_mov_b32_dpp v224, v224 row_shr:8 row_mask:0xf bank_mask:0xc// 000000005CB8: 7FC002FA FC0118E0
	v_mov_b32_dpp v224, v225 row_shl:8 row_mask:0xf bank_mask:0x3// 000000005CC0: 7FC002FA F30108E1
	v_add_f32_e32 v225, v225, v224                             // 000000005CC8: 07C3C1E1
	v_mov_b32_e32 v224, v225                                   // 000000005CCC: 7FC003E1
	v_mov_b32_dpp v224, v224 row_shr:4 row_mask:0xf bank_mask:0xa// 000000005CD0: 7FC002FA FA0114E0
	v_mov_b32_dpp v224, v225 row_shl:4 row_mask:0xf bank_mask:0x5// 000000005CD8: 7FC002FA F50104E1
	v_add_f32_e32 v225, v225, v224                             // 000000005CE0: 07C3C1E1
	v_mov_b32_dpp v224, v225 quad_perm:[2,3,0,1] row_mask:0xf bank_mask:0xf// 000000005CE4: 7FC002FA FF004EE1
	v_add_f32_e32 v225, v225, v224                             // 000000005CEC: 07C3C1E1
	v_mov_b32_dpp v224, v225 quad_perm:[1,0,3,2] row_mask:0xf bank_mask:0xf// 000000005CF0: 7FC002FA FF00B1E1
	v_add_f32_e32 v225, v225, v224                             // 000000005CF8: 07C3C1E1
	v_add_f32_e32 v222, v222, v225                             // 000000005CFC: 07BDC3DE
	v_mov_b32_e32 v225, v214                                   // 000000005D00: 7FC203D6
	v_mov_b32_e32 v224, v225                                   // 000000005D04: 7FC003E1
	v_mov_b32_dpp v224, v224 row_shr:8 row_mask:0xf bank_mask:0xc// 000000005D08: 7FC002FA FC0118E0
	v_mov_b32_dpp v224, v225 row_shl:8 row_mask:0xf bank_mask:0x3// 000000005D10: 7FC002FA F30108E1
	v_add_f32_e32 v225, v225, v224                             // 000000005D18: 07C3C1E1
	v_mov_b32_e32 v224, v225                                   // 000000005D1C: 7FC003E1
	v_mov_b32_dpp v224, v224 row_shr:4 row_mask:0xf bank_mask:0xa// 000000005D20: 7FC002FA FA0114E0
	v_mov_b32_dpp v224, v225 row_shl:4 row_mask:0xf bank_mask:0x5// 000000005D28: 7FC002FA F50104E1
	v_add_f32_e32 v225, v225, v224                             // 000000005D30: 07C3C1E1
	v_mov_b32_dpp v224, v225 quad_perm:[2,3,0,1] row_mask:0xf bank_mask:0xf// 000000005D34: 7FC002FA FF004EE1
	v_add_f32_e32 v225, v225, v224                             // 000000005D3C: 07C3C1E1
	v_mov_b32_dpp v224, v225 quad_perm:[1,0,3,2] row_mask:0xf bank_mask:0xf// 000000005D40: 7FC002FA FF00B1E1
	v_add_f32_e32 v225, v225, v224                             // 000000005D48: 07C3C1E1
	v_add_f32_e32 v222, v222, v225                             // 000000005D4C: 07BDC3DE
	v_mul_f32_e32 v46, v46, v54                                // 000000005D50: 105C6D2E
	v_add_f32_e32 v46, v46, v222                               // 000000005D54: 065DBD2E
	v_mov_b32_e32 v223, v31                                    // 000000005D58: 7FBE031F
	v_mov_b32_e32 v224, v223                                   // 000000005D5C: 7FC003DF
	v_mov_b32_dpp v224, v224 row_shr:8 row_mask:0xf bank_mask:0xc// 000000005D60: 7FC002FA FC0118E0
	v_mov_b32_dpp v224, v223 row_shl:8 row_mask:0xf bank_mask:0x3// 000000005D68: 7FC002FA F30108DF
	v_max_f32_e32 v223, v223, v224                             // 000000005D70: 21BFC1DF
	v_mov_b32_e32 v224, v223                                   // 000000005D74: 7FC003DF
	v_mov_b32_dpp v224, v224 row_shr:4 row_mask:0xf bank_mask:0xa// 000000005D78: 7FC002FA FA0114E0
	v_mov_b32_dpp v224, v223 row_shl:4 row_mask:0xf bank_mask:0x5// 000000005D80: 7FC002FA F50104DF
	v_max_f32_e32 v223, v223, v224                             // 000000005D88: 21BFC1DF
	v_mov_b32_dpp v224, v223 quad_perm:[2,3,0,1] row_mask:0xf bank_mask:0xf// 000000005D8C: 7FC002FA FF004EDF
	v_max_f32_e32 v223, v223, v224                             // 000000005D94: 21BFC1DF
	v_mov_b32_dpp v224, v223 quad_perm:[1,0,3,2] row_mask:0xf bank_mask:0xf// 000000005D98: 7FC002FA FF00B1DF
	v_max_f32_e32 v223, v223, v224                             // 000000005DA0: 21BFC1DF
	v_mov_b32_e32 v225, v199                                   // 000000005DA4: 7FC203C7
	v_mov_b32_e32 v224, v225                                   // 000000005DA8: 7FC003E1
	v_mov_b32_dpp v224, v224 row_shr:8 row_mask:0xf bank_mask:0xc// 000000005DAC: 7FC002FA FC0118E0
	v_mov_b32_dpp v224, v225 row_shl:8 row_mask:0xf bank_mask:0x3// 000000005DB4: 7FC002FA F30108E1
	v_max_f32_e32 v225, v225, v224                             // 000000005DBC: 21C3C1E1
	v_mov_b32_e32 v224, v225                                   // 000000005DC0: 7FC003E1
	v_mov_b32_dpp v224, v224 row_shr:4 row_mask:0xf bank_mask:0xa// 000000005DC4: 7FC002FA FA0114E0
	v_mov_b32_dpp v224, v225 row_shl:4 row_mask:0xf bank_mask:0x5// 000000005DCC: 7FC002FA F50104E1
	v_max_f32_e32 v225, v225, v224                             // 000000005DD4: 21C3C1E1
	v_mov_b32_dpp v224, v225 quad_perm:[2,3,0,1] row_mask:0xf bank_mask:0xf// 000000005DD8: 7FC002FA FF004EE1
	v_max_f32_e32 v225, v225, v224                             // 000000005DE0: 21C3C1E1
	v_mov_b32_dpp v224, v225 quad_perm:[1,0,3,2] row_mask:0xf bank_mask:0xf// 000000005DE4: 7FC002FA FF00B1E1
	v_max_f32_e32 v225, v225, v224                             // 000000005DEC: 21C3C1E1
	v_max_f32_e32 v223, v223, v225                             // 000000005DF0: 21BFC3DF
	v_mov_b32_e32 v225, v207                                   // 000000005DF4: 7FC203CF
	v_mov_b32_e32 v224, v225                                   // 000000005DF8: 7FC003E1
	v_mov_b32_dpp v224, v224 row_shr:8 row_mask:0xf bank_mask:0xc// 000000005DFC: 7FC002FA FC0118E0
	v_mov_b32_dpp v224, v225 row_shl:8 row_mask:0xf bank_mask:0x3// 000000005E04: 7FC002FA F30108E1
	v_max_f32_e32 v225, v225, v224                             // 000000005E0C: 21C3C1E1
	v_mov_b32_e32 v224, v225                                   // 000000005E10: 7FC003E1
	v_mov_b32_dpp v224, v224 row_shr:4 row_mask:0xf bank_mask:0xa// 000000005E14: 7FC002FA FA0114E0
	v_mov_b32_dpp v224, v225 row_shl:4 row_mask:0xf bank_mask:0x5// 000000005E1C: 7FC002FA F50104E1
	v_max_f32_e32 v225, v225, v224                             // 000000005E24: 21C3C1E1
	v_mov_b32_dpp v224, v225 quad_perm:[2,3,0,1] row_mask:0xf bank_mask:0xf// 000000005E28: 7FC002FA FF004EE1
	v_max_f32_e32 v225, v225, v224                             // 000000005E30: 21C3C1E1
	v_mov_b32_dpp v224, v225 quad_perm:[1,0,3,2] row_mask:0xf bank_mask:0xf// 000000005E34: 7FC002FA FF00B1E1
	v_max_f32_e32 v225, v225, v224                             // 000000005E3C: 21C3C1E1
	v_max_f32_e32 v223, v223, v225                             // 000000005E40: 21BFC3DF
	v_mov_b32_e32 v225, v215                                   // 000000005E44: 7FC203D7
	v_mov_b32_e32 v224, v225                                   // 000000005E48: 7FC003E1
	v_mov_b32_dpp v224, v224 row_shr:8 row_mask:0xf bank_mask:0xc// 000000005E4C: 7FC002FA FC0118E0
	v_mov_b32_dpp v224, v225 row_shl:8 row_mask:0xf bank_mask:0x3// 000000005E54: 7FC002FA F30108E1
	v_max_f32_e32 v225, v225, v224                             // 000000005E5C: 21C3C1E1
	v_mov_b32_e32 v224, v225                                   // 000000005E60: 7FC003E1
	v_mov_b32_dpp v224, v224 row_shr:4 row_mask:0xf bank_mask:0xa// 000000005E64: 7FC002FA FA0114E0
	v_mov_b32_dpp v224, v225 row_shl:4 row_mask:0xf bank_mask:0x5// 000000005E6C: 7FC002FA F50104E1
	v_max_f32_e32 v225, v225, v224                             // 000000005E74: 21C3C1E1
	v_mov_b32_dpp v224, v225 quad_perm:[2,3,0,1] row_mask:0xf bank_mask:0xf// 000000005E78: 7FC002FA FF004EE1
	v_max_f32_e32 v225, v225, v224                             // 000000005E80: 21C3C1E1
	v_mov_b32_dpp v224, v225 quad_perm:[1,0,3,2] row_mask:0xf bank_mask:0xf// 000000005E84: 7FC002FA FF00B1E1
	v_max_f32_e32 v225, v225, v224                             // 000000005E8C: 21C3C1E1
	v_max_f32_e32 v223, v223, v225                             // 000000005E90: 21BFC3DF
	v_max_f32_e32 v223, v39, v223                              // 000000005E94: 21BFBF27
	v_sub_f32_e32 v55, v39, v223                               // 000000005E98: 086FBF27
	v_mul_f32_e32 v55, 0x3fb8aa3b, v55                         // 000000005E9C: 106E6EFF 3FB8AA3B
	v_exp_f32_e32 v55, v55                                     // 000000005EA4: 7E6E4B37
	v_sub_f32_e32 v31, v31, v223                               // 000000005EA8: 083FBF1F
	v_mul_f32_e32 v31, 0x3fb8aa3b, v31                         // 000000005EAC: 103E3EFF 3FB8AA3B
	v_exp_f32_e32 v31, v31                                     // 000000005EB4: 7E3E4B1F
	v_sub_f32_e32 v199, v199, v223                             // 000000005EB8: 098FBFC7
	v_mul_f32_e32 v199, 0x3fb8aa3b, v199                       // 000000005EBC: 118F8EFF 3FB8AA3B
	v_exp_f32_e32 v199, v199                                   // 000000005EC4: 7F8E4BC7
	v_sub_f32_e32 v207, v207, v223                             // 000000005EC8: 099FBFCF
	v_mul_f32_e32 v207, 0x3fb8aa3b, v207                       // 000000005ECC: 119F9EFF 3FB8AA3B
	v_exp_f32_e32 v207, v207                                   // 000000005ED4: 7F9E4BCF
	v_sub_f32_e32 v215, v215, v223                             // 000000005ED8: 09AFBFD7
	v_mul_f32_e32 v215, 0x3fb8aa3b, v215                       // 000000005EDC: 11AFAEFF 3FB8AA3B
	v_exp_f32_e32 v215, v215                                   // 000000005EE4: 7FAE4BD7
	v_mov_b32_e32 v39, v223                                    // 000000005EE8: 7E4E03DF
	v_mov_b32_e32 v223, v31                                    // 000000005EEC: 7FBE031F
	v_mov_b32_e32 v224, v223                                   // 000000005EF0: 7FC003DF
	v_mov_b32_dpp v224, v224 row_shr:8 row_mask:0xf bank_mask:0xc// 000000005EF4: 7FC002FA FC0118E0
	v_mov_b32_dpp v224, v223 row_shl:8 row_mask:0xf bank_mask:0x3// 000000005EFC: 7FC002FA F30108DF
	v_add_f32_e32 v223, v223, v224                             // 000000005F04: 07BFC1DF
	v_mov_b32_e32 v224, v223                                   // 000000005F08: 7FC003DF
	v_mov_b32_dpp v224, v224 row_shr:4 row_mask:0xf bank_mask:0xa// 000000005F0C: 7FC002FA FA0114E0
	v_mov_b32_dpp v224, v223 row_shl:4 row_mask:0xf bank_mask:0x5// 000000005F14: 7FC002FA F50104DF
	v_add_f32_e32 v223, v223, v224                             // 000000005F1C: 07BFC1DF
	v_mov_b32_dpp v224, v223 quad_perm:[2,3,0,1] row_mask:0xf bank_mask:0xf// 000000005F20: 7FC002FA FF004EDF
	v_add_f32_e32 v223, v223, v224                             // 000000005F28: 07BFC1DF
	v_mov_b32_dpp v224, v223 quad_perm:[1,0,3,2] row_mask:0xf bank_mask:0xf// 000000005F2C: 7FC002FA FF00B1DF
	v_add_f32_e32 v223, v223, v224                             // 000000005F34: 07BFC1DF
	v_mov_b32_e32 v225, v199                                   // 000000005F38: 7FC203C7
	v_mov_b32_e32 v224, v225                                   // 000000005F3C: 7FC003E1
	v_mov_b32_dpp v224, v224 row_shr:8 row_mask:0xf bank_mask:0xc// 000000005F40: 7FC002FA FC0118E0
	v_mov_b32_dpp v224, v225 row_shl:8 row_mask:0xf bank_mask:0x3// 000000005F48: 7FC002FA F30108E1
	v_add_f32_e32 v225, v225, v224                             // 000000005F50: 07C3C1E1
	v_mov_b32_e32 v224, v225                                   // 000000005F54: 7FC003E1
	v_mov_b32_dpp v224, v224 row_shr:4 row_mask:0xf bank_mask:0xa// 000000005F58: 7FC002FA FA0114E0
	v_mov_b32_dpp v224, v225 row_shl:4 row_mask:0xf bank_mask:0x5// 000000005F60: 7FC002FA F50104E1
	v_add_f32_e32 v225, v225, v224                             // 000000005F68: 07C3C1E1
	v_mov_b32_dpp v224, v225 quad_perm:[2,3,0,1] row_mask:0xf bank_mask:0xf// 000000005F6C: 7FC002FA FF004EE1
	v_add_f32_e32 v225, v225, v224                             // 000000005F74: 07C3C1E1
	v_mov_b32_dpp v224, v225 quad_perm:[1,0,3,2] row_mask:0xf bank_mask:0xf// 000000005F78: 7FC002FA FF00B1E1
	v_add_f32_e32 v225, v225, v224                             // 000000005F80: 07C3C1E1
	v_add_f32_e32 v223, v223, v225                             // 000000005F84: 07BFC3DF
	v_mov_b32_e32 v225, v207                                   // 000000005F88: 7FC203CF
	v_mov_b32_e32 v224, v225                                   // 000000005F8C: 7FC003E1
	v_mov_b32_dpp v224, v224 row_shr:8 row_mask:0xf bank_mask:0xc// 000000005F90: 7FC002FA FC0118E0
	v_mov_b32_dpp v224, v225 row_shl:8 row_mask:0xf bank_mask:0x3// 000000005F98: 7FC002FA F30108E1
	v_add_f32_e32 v225, v225, v224                             // 000000005FA0: 07C3C1E1
	v_mov_b32_e32 v224, v225                                   // 000000005FA4: 7FC003E1
	v_mov_b32_dpp v224, v224 row_shr:4 row_mask:0xf bank_mask:0xa// 000000005FA8: 7FC002FA FA0114E0
	v_mov_b32_dpp v224, v225 row_shl:4 row_mask:0xf bank_mask:0x5// 000000005FB0: 7FC002FA F50104E1
	v_add_f32_e32 v225, v225, v224                             // 000000005FB8: 07C3C1E1
	v_mov_b32_dpp v224, v225 quad_perm:[2,3,0,1] row_mask:0xf bank_mask:0xf// 000000005FBC: 7FC002FA FF004EE1
	v_add_f32_e32 v225, v225, v224                             // 000000005FC4: 07C3C1E1
	v_mov_b32_dpp v224, v225 quad_perm:[1,0,3,2] row_mask:0xf bank_mask:0xf// 000000005FC8: 7FC002FA FF00B1E1
	v_add_f32_e32 v225, v225, v224                             // 000000005FD0: 07C3C1E1
	v_add_f32_e32 v223, v223, v225                             // 000000005FD4: 07BFC3DF
	v_mov_b32_e32 v225, v215                                   // 000000005FD8: 7FC203D7
	v_mov_b32_e32 v224, v225                                   // 000000005FDC: 7FC003E1
	v_mov_b32_dpp v224, v224 row_shr:8 row_mask:0xf bank_mask:0xc// 000000005FE0: 7FC002FA FC0118E0
	v_mov_b32_dpp v224, v225 row_shl:8 row_mask:0xf bank_mask:0x3// 000000005FE8: 7FC002FA F30108E1
	v_add_f32_e32 v225, v225, v224                             // 000000005FF0: 07C3C1E1
	v_mov_b32_e32 v224, v225                                   // 000000005FF4: 7FC003E1
	v_mov_b32_dpp v224, v224 row_shr:4 row_mask:0xf bank_mask:0xa// 000000005FF8: 7FC002FA FA0114E0
	v_mov_b32_dpp v224, v225 row_shl:4 row_mask:0xf bank_mask:0x5// 000000006000: 7FC002FA F50104E1
	v_add_f32_e32 v225, v225, v224                             // 000000006008: 07C3C1E1
	v_mov_b32_dpp v224, v225 quad_perm:[2,3,0,1] row_mask:0xf bank_mask:0xf// 00000000600C: 7FC002FA FF004EE1
	v_add_f32_e32 v225, v225, v224                             // 000000006014: 07C3C1E1
	v_mov_b32_dpp v224, v225 quad_perm:[1,0,3,2] row_mask:0xf bank_mask:0xf// 000000006018: 7FC002FA FF00B1E1
	v_add_f32_e32 v225, v225, v224                             // 000000006020: 07C3C1E1
	v_add_f32_e32 v223, v223, v225                             // 000000006024: 07BFC3DF
	v_mul_f32_e32 v47, v47, v55                                // 000000006028: 105E6F2F
	v_add_f32_e32 v47, v47, v223                               // 00000000602C: 065FBF2F
	v_mul_f32_e32 v64, v64, v48                                // 000000006030: 10806140
	v_mul_f32_e32 v65, v65, v49                                // 000000006034: 10826341
	v_mul_f32_e32 v66, v66, v50                                // 000000006038: 10846542
	v_mul_f32_e32 v67, v67, v51                                // 00000000603C: 10866743
	v_mul_f32_e32 v68, v68, v52                                // 000000006040: 10886944
	v_mul_f32_e32 v69, v69, v53                                // 000000006044: 108A6B45
	v_mul_f32_e32 v70, v70, v54                                // 000000006048: 108C6D46
	v_mul_f32_e32 v71, v71, v55                                // 00000000604C: 108E6F47
	v_mul_f32_e32 v72, v72, v48                                // 000000006050: 10906148
	v_mul_f32_e32 v73, v73, v49                                // 000000006054: 10926349
	v_mul_f32_e32 v74, v74, v50                                // 000000006058: 1094654A
	v_mul_f32_e32 v75, v75, v51                                // 00000000605C: 1096674B
	v_mul_f32_e32 v76, v76, v52                                // 000000006060: 1098694C
	v_mul_f32_e32 v77, v77, v53                                // 000000006064: 109A6B4D
	v_mul_f32_e32 v78, v78, v54                                // 000000006068: 109C6D4E
	v_mul_f32_e32 v79, v79, v55                                // 00000000606C: 109E6F4F
	v_mul_f32_e32 v80, v80, v48                                // 000000006070: 10A06150
	v_mul_f32_e32 v81, v81, v49                                // 000000006074: 10A26351
	v_mul_f32_e32 v82, v82, v50                                // 000000006078: 10A46552
	v_mul_f32_e32 v83, v83, v51                                // 00000000607C: 10A66753
	v_mul_f32_e32 v84, v84, v52                                // 000000006080: 10A86954
	v_mul_f32_e32 v85, v85, v53                                // 000000006084: 10AA6B55
	v_mul_f32_e32 v86, v86, v54                                // 000000006088: 10AC6D56
	v_mul_f32_e32 v87, v87, v55                                // 00000000608C: 10AE6F57
	v_mul_f32_e32 v88, v88, v48                                // 000000006090: 10B06158
	v_mul_f32_e32 v89, v89, v49                                // 000000006094: 10B26359
	v_mul_f32_e32 v90, v90, v50                                // 000000006098: 10B4655A
	v_mul_f32_e32 v91, v91, v51                                // 00000000609C: 10B6675B
	v_mul_f32_e32 v92, v92, v52                                // 0000000060A0: 10B8695C
	v_mul_f32_e32 v93, v93, v53                                // 0000000060A4: 10BA6B5D
	v_mul_f32_e32 v94, v94, v54                                // 0000000060A8: 10BC6D5E
	v_mul_f32_e32 v95, v95, v55                                // 0000000060AC: 10BE6F5F
	v_mul_f32_e32 v96, v96, v48                                // 0000000060B0: 10C06160
	v_mul_f32_e32 v97, v97, v49                                // 0000000060B4: 10C26361
	v_mul_f32_e32 v98, v98, v50                                // 0000000060B8: 10C46562
	v_mul_f32_e32 v99, v99, v51                                // 0000000060BC: 10C66763
	v_mul_f32_e32 v100, v100, v52                              // 0000000060C0: 10C86964
	v_mul_f32_e32 v101, v101, v53                              // 0000000060C4: 10CA6B65
	v_mul_f32_e32 v102, v102, v54                              // 0000000060C8: 10CC6D66
	v_mul_f32_e32 v103, v103, v55                              // 0000000060CC: 10CE6F67
	v_mul_f32_e32 v104, v104, v48                              // 0000000060D0: 10D06168
	v_mul_f32_e32 v105, v105, v49                              // 0000000060D4: 10D26369
	v_mul_f32_e32 v106, v106, v50                              // 0000000060D8: 10D4656A
	v_mul_f32_e32 v107, v107, v51                              // 0000000060DC: 10D6676B
	v_mul_f32_e32 v108, v108, v52                              // 0000000060E0: 10D8696C
	v_mul_f32_e32 v109, v109, v53                              // 0000000060E4: 10DA6B6D
	v_mul_f32_e32 v110, v110, v54                              // 0000000060E8: 10DC6D6E
	v_mul_f32_e32 v111, v111, v55                              // 0000000060EC: 10DE6F6F
	v_mul_f32_e32 v112, v112, v48                              // 0000000060F0: 10E06170
	v_mul_f32_e32 v113, v113, v49                              // 0000000060F4: 10E26371
	v_mul_f32_e32 v114, v114, v50                              // 0000000060F8: 10E46572
	v_mul_f32_e32 v115, v115, v51                              // 0000000060FC: 10E66773
	v_mul_f32_e32 v116, v116, v52                              // 000000006100: 10E86974
	v_mul_f32_e32 v117, v117, v53                              // 000000006104: 10EA6B75
	v_mul_f32_e32 v118, v118, v54                              // 000000006108: 10EC6D76
	v_mul_f32_e32 v119, v119, v55                              // 00000000610C: 10EE6F77
	v_mul_f32_e32 v120, v120, v48                              // 000000006110: 10F06178
	v_mul_f32_e32 v121, v121, v49                              // 000000006114: 10F26379
	v_mul_f32_e32 v122, v122, v50                              // 000000006118: 10F4657A
	v_mul_f32_e32 v123, v123, v51                              // 00000000611C: 10F6677B
	v_mul_f32_e32 v124, v124, v52                              // 000000006120: 10F8697C
	v_mul_f32_e32 v125, v125, v53                              // 000000006124: 10FA6B7D
	v_mul_f32_e32 v126, v126, v54                              // 000000006128: 10FC6D7E
	v_mul_f32_e32 v127, v127, v55                              // 00000000612C: 10FE6F7F
	v_mul_f32_e32 v128, v128, v48                              // 000000006130: 11006180
	v_mul_f32_e32 v129, v129, v49                              // 000000006134: 11026381
	v_mul_f32_e32 v130, v130, v50                              // 000000006138: 11046582
	v_mul_f32_e32 v131, v131, v51                              // 00000000613C: 11066783
	v_mul_f32_e32 v132, v132, v52                              // 000000006140: 11086984
	v_mul_f32_e32 v133, v133, v53                              // 000000006144: 110A6B85
	v_mul_f32_e32 v134, v134, v54                              // 000000006148: 110C6D86
	v_mul_f32_e32 v135, v135, v55                              // 00000000614C: 110E6F87
	v_mul_f32_e32 v136, v136, v48                              // 000000006150: 11106188
	v_mul_f32_e32 v137, v137, v49                              // 000000006154: 11126389
	v_mul_f32_e32 v138, v138, v50                              // 000000006158: 1114658A
	v_mul_f32_e32 v139, v139, v51                              // 00000000615C: 1116678B
	v_mul_f32_e32 v140, v140, v52                              // 000000006160: 1118698C
	v_mul_f32_e32 v141, v141, v53                              // 000000006164: 111A6B8D
	v_mul_f32_e32 v142, v142, v54                              // 000000006168: 111C6D8E
	v_mul_f32_e32 v143, v143, v55                              // 00000000616C: 111E6F8F
	v_mul_f32_e32 v144, v144, v48                              // 000000006170: 11206190
	v_mul_f32_e32 v145, v145, v49                              // 000000006174: 11226391
	v_mul_f32_e32 v146, v146, v50                              // 000000006178: 11246592
	v_mul_f32_e32 v147, v147, v51                              // 00000000617C: 11266793
	v_mul_f32_e32 v148, v148, v52                              // 000000006180: 11286994
	v_mul_f32_e32 v149, v149, v53                              // 000000006184: 112A6B95
	v_mul_f32_e32 v150, v150, v54                              // 000000006188: 112C6D96
	v_mul_f32_e32 v151, v151, v55                              // 00000000618C: 112E6F97
	v_mul_f32_e32 v152, v152, v48                              // 000000006190: 11306198
	v_mul_f32_e32 v153, v153, v49                              // 000000006194: 11326399
	v_mul_f32_e32 v154, v154, v50                              // 000000006198: 1134659A
	v_mul_f32_e32 v155, v155, v51                              // 00000000619C: 1136679B
	v_mul_f32_e32 v156, v156, v52                              // 0000000061A0: 1138699C
	v_mul_f32_e32 v157, v157, v53                              // 0000000061A4: 113A6B9D
	v_mul_f32_e32 v158, v158, v54                              // 0000000061A8: 113C6D9E
	v_mul_f32_e32 v159, v159, v55                              // 0000000061AC: 113E6F9F
	v_mul_f32_e32 v160, v160, v48                              // 0000000061B0: 114061A0
	v_mul_f32_e32 v161, v161, v49                              // 0000000061B4: 114263A1
	v_mul_f32_e32 v162, v162, v50                              // 0000000061B8: 114465A2
	v_mul_f32_e32 v163, v163, v51                              // 0000000061BC: 114667A3
	v_mul_f32_e32 v164, v164, v52                              // 0000000061C0: 114869A4
	v_mul_f32_e32 v165, v165, v53                              // 0000000061C4: 114A6BA5
	v_mul_f32_e32 v166, v166, v54                              // 0000000061C8: 114C6DA6
	v_mul_f32_e32 v167, v167, v55                              // 0000000061CC: 114E6FA7
	v_mul_f32_e32 v168, v168, v48                              // 0000000061D0: 115061A8
	v_mul_f32_e32 v169, v169, v49                              // 0000000061D4: 115263A9
	v_mul_f32_e32 v170, v170, v50                              // 0000000061D8: 115465AA
	v_mul_f32_e32 v171, v171, v51                              // 0000000061DC: 115667AB
	v_mul_f32_e32 v172, v172, v52                              // 0000000061E0: 115869AC
	v_mul_f32_e32 v173, v173, v53                              // 0000000061E4: 115A6BAD
	v_mul_f32_e32 v174, v174, v54                              // 0000000061E8: 115C6DAE
	v_mul_f32_e32 v175, v175, v55                              // 0000000061EC: 115E6FAF
	v_mul_f32_e32 v176, v176, v48                              // 0000000061F0: 116061B0
	v_mul_f32_e32 v177, v177, v49                              // 0000000061F4: 116263B1
	v_mul_f32_e32 v178, v178, v50                              // 0000000061F8: 116465B2
	v_mul_f32_e32 v179, v179, v51                              // 0000000061FC: 116667B3
	v_mul_f32_e32 v180, v180, v52                              // 000000006200: 116869B4
	v_mul_f32_e32 v181, v181, v53                              // 000000006204: 116A6BB5
	v_mul_f32_e32 v182, v182, v54                              // 000000006208: 116C6DB6
	v_mul_f32_e32 v183, v183, v55                              // 00000000620C: 116E6FB7
	v_mul_f32_e32 v184, v184, v48                              // 000000006210: 117061B8
	v_mul_f32_e32 v185, v185, v49                              // 000000006214: 117263B9
	v_mul_f32_e32 v186, v186, v50                              // 000000006218: 117465BA
	v_mul_f32_e32 v187, v187, v51                              // 00000000621C: 117667BB
	v_mul_f32_e32 v188, v188, v52                              // 000000006220: 117869BC
	v_mul_f32_e32 v189, v189, v53                              // 000000006224: 117A6BBD
	v_mul_f32_e32 v190, v190, v54                              // 000000006228: 117C6DBE
	v_mul_f32_e32 v191, v191, v55                              // 00000000622C: 117E6FBF
	v_lshrrev_b32_e32 v238, 16, v24                            // 000000006230: 33DC3090
	v_and_b32_e32 v238, 1, v238                                // 000000006234: 37DDDC81
	v_add_nc_u32_e32 v239, 0x7fff, v24                         // 000000006238: 4BDE30FF 00007FFF
	v_add_nc_u32_e32 v239, v238, v239                          // 000000006240: 4BDFDFEE
	v_lshrrev_b32_e32 v239, 16, v239                           // 000000006244: 33DFDE90
	ds_store_b16 v232, v239                                    // 000000006248: D87C0000 0000EFE8
	v_lshrrev_b32_e32 v238, 16, v25                            // 000000006250: 33DC3290
	v_and_b32_e32 v238, 1, v238                                // 000000006254: 37DDDC81
	v_add_nc_u32_e32 v239, 0x7fff, v25                         // 000000006258: 4BDE32FF 00007FFF
	v_add_nc_u32_e32 v239, v238, v239                          // 000000006260: 4BDFDFEE
	v_lshrrev_b32_e32 v239, 16, v239                           // 000000006264: 33DFDE90
	ds_store_b16 v232, v239 offset:256                         // 000000006268: D87C0100 0000EFE8
	v_lshrrev_b32_e32 v238, 16, v26                            // 000000006270: 33DC3490
	v_and_b32_e32 v238, 1, v238                                // 000000006274: 37DDDC81
	v_add_nc_u32_e32 v239, 0x7fff, v26                         // 000000006278: 4BDE34FF 00007FFF
	v_add_nc_u32_e32 v239, v238, v239                          // 000000006280: 4BDFDFEE
	v_lshrrev_b32_e32 v239, 16, v239                           // 000000006284: 33DFDE90
	ds_store_b16 v232, v239 offset:512                         // 000000006288: D87C0200 0000EFE8
	v_lshrrev_b32_e32 v238, 16, v27                            // 000000006290: 33DC3690
	v_and_b32_e32 v238, 1, v238                                // 000000006294: 37DDDC81
	v_add_nc_u32_e32 v239, 0x7fff, v27                         // 000000006298: 4BDE36FF 00007FFF
	v_add_nc_u32_e32 v239, v238, v239                          // 0000000062A0: 4BDFDFEE
	v_lshrrev_b32_e32 v239, 16, v239                           // 0000000062A4: 33DFDE90
	ds_store_b16 v232, v239 offset:768                         // 0000000062A8: D87C0300 0000EFE8
	v_lshrrev_b32_e32 v238, 16, v28                            // 0000000062B0: 33DC3890
	v_and_b32_e32 v238, 1, v238                                // 0000000062B4: 37DDDC81
	v_add_nc_u32_e32 v239, 0x7fff, v28                         // 0000000062B8: 4BDE38FF 00007FFF
	v_add_nc_u32_e32 v239, v238, v239                          // 0000000062C0: 4BDFDFEE
	v_lshrrev_b32_e32 v239, 16, v239                           // 0000000062C4: 33DFDE90
	ds_store_b16 v232, v239 offset:1024                        // 0000000062C8: D87C0400 0000EFE8
	v_lshrrev_b32_e32 v238, 16, v29                            // 0000000062D0: 33DC3A90
	v_and_b32_e32 v238, 1, v238                                // 0000000062D4: 37DDDC81
	v_add_nc_u32_e32 v239, 0x7fff, v29                         // 0000000062D8: 4BDE3AFF 00007FFF
	v_add_nc_u32_e32 v239, v238, v239                          // 0000000062E0: 4BDFDFEE
	v_lshrrev_b32_e32 v239, 16, v239                           // 0000000062E4: 33DFDE90
	ds_store_b16 v232, v239 offset:1280                        // 0000000062E8: D87C0500 0000EFE8
	v_lshrrev_b32_e32 v238, 16, v30                            // 0000000062F0: 33DC3C90
	v_and_b32_e32 v238, 1, v238                                // 0000000062F4: 37DDDC81
	v_add_nc_u32_e32 v239, 0x7fff, v30                         // 0000000062F8: 4BDE3CFF 00007FFF
	v_add_nc_u32_e32 v239, v238, v239                          // 000000006300: 4BDFDFEE
	v_lshrrev_b32_e32 v239, 16, v239                           // 000000006304: 33DFDE90
	ds_store_b16 v232, v239 offset:1536                        // 000000006308: D87C0600 0000EFE8
	v_lshrrev_b32_e32 v238, 16, v31                            // 000000006310: 33DC3E90
	v_and_b32_e32 v238, 1, v238                                // 000000006314: 37DDDC81
	v_add_nc_u32_e32 v239, 0x7fff, v31                         // 000000006318: 4BDE3EFF 00007FFF
	v_add_nc_u32_e32 v239, v238, v239                          // 000000006320: 4BDFDFEE
	v_lshrrev_b32_e32 v239, 16, v239                           // 000000006324: 33DFDE90
	ds_store_b16 v232, v239 offset:1792                        // 000000006328: D87C0700 0000EFE8
	v_lshrrev_b32_e32 v238, 16, v192                           // 000000006330: 33DD8090
	v_and_b32_e32 v238, 1, v238                                // 000000006334: 37DDDC81
	v_add_nc_u32_e32 v239, 0x7fff, v192                        // 000000006338: 4BDF80FF 00007FFF
	v_add_nc_u32_e32 v239, v238, v239                          // 000000006340: 4BDFDFEE
	v_lshrrev_b32_e32 v239, 16, v239                           // 000000006344: 33DFDE90
	ds_store_b16 v232, v239 offset:32                          // 000000006348: D87C0020 0000EFE8
	v_lshrrev_b32_e32 v238, 16, v193                           // 000000006350: 33DD8290
	v_and_b32_e32 v238, 1, v238                                // 000000006354: 37DDDC81
	v_add_nc_u32_e32 v239, 0x7fff, v193                        // 000000006358: 4BDF82FF 00007FFF
	v_add_nc_u32_e32 v239, v238, v239                          // 000000006360: 4BDFDFEE
	v_lshrrev_b32_e32 v239, 16, v239                           // 000000006364: 33DFDE90
	ds_store_b16 v232, v239 offset:288                         // 000000006368: D87C0120 0000EFE8
	v_lshrrev_b32_e32 v238, 16, v194                           // 000000006370: 33DD8490
	v_and_b32_e32 v238, 1, v238                                // 000000006374: 37DDDC81
	v_add_nc_u32_e32 v239, 0x7fff, v194                        // 000000006378: 4BDF84FF 00007FFF
	v_add_nc_u32_e32 v239, v238, v239                          // 000000006380: 4BDFDFEE
	v_lshrrev_b32_e32 v239, 16, v239                           // 000000006384: 33DFDE90
	ds_store_b16 v232, v239 offset:544                         // 000000006388: D87C0220 0000EFE8
	v_lshrrev_b32_e32 v238, 16, v195                           // 000000006390: 33DD8690
	v_and_b32_e32 v238, 1, v238                                // 000000006394: 37DDDC81
	v_add_nc_u32_e32 v239, 0x7fff, v195                        // 000000006398: 4BDF86FF 00007FFF
	v_add_nc_u32_e32 v239, v238, v239                          // 0000000063A0: 4BDFDFEE
	v_lshrrev_b32_e32 v239, 16, v239                           // 0000000063A4: 33DFDE90
	ds_store_b16 v232, v239 offset:800                         // 0000000063A8: D87C0320 0000EFE8
	v_lshrrev_b32_e32 v238, 16, v196                           // 0000000063B0: 33DD8890
	v_and_b32_e32 v238, 1, v238                                // 0000000063B4: 37DDDC81
	v_add_nc_u32_e32 v239, 0x7fff, v196                        // 0000000063B8: 4BDF88FF 00007FFF
	v_add_nc_u32_e32 v239, v238, v239                          // 0000000063C0: 4BDFDFEE
	v_lshrrev_b32_e32 v239, 16, v239                           // 0000000063C4: 33DFDE90
	ds_store_b16 v232, v239 offset:1056                        // 0000000063C8: D87C0420 0000EFE8
	v_lshrrev_b32_e32 v238, 16, v197                           // 0000000063D0: 33DD8A90
	v_and_b32_e32 v238, 1, v238                                // 0000000063D4: 37DDDC81
	v_add_nc_u32_e32 v239, 0x7fff, v197                        // 0000000063D8: 4BDF8AFF 00007FFF
	v_add_nc_u32_e32 v239, v238, v239                          // 0000000063E0: 4BDFDFEE
	v_lshrrev_b32_e32 v239, 16, v239                           // 0000000063E4: 33DFDE90
	ds_store_b16 v232, v239 offset:1312                        // 0000000063E8: D87C0520 0000EFE8
	v_lshrrev_b32_e32 v238, 16, v198                           // 0000000063F0: 33DD8C90
	v_and_b32_e32 v238, 1, v238                                // 0000000063F4: 37DDDC81
	v_add_nc_u32_e32 v239, 0x7fff, v198                        // 0000000063F8: 4BDF8CFF 00007FFF
	v_add_nc_u32_e32 v239, v238, v239                          // 000000006400: 4BDFDFEE
	v_lshrrev_b32_e32 v239, 16, v239                           // 000000006404: 33DFDE90
	ds_store_b16 v232, v239 offset:1568                        // 000000006408: D87C0620 0000EFE8
	v_lshrrev_b32_e32 v238, 16, v199                           // 000000006410: 33DD8E90
	v_and_b32_e32 v238, 1, v238                                // 000000006414: 37DDDC81
	v_add_nc_u32_e32 v239, 0x7fff, v199                        // 000000006418: 4BDF8EFF 00007FFF
	v_add_nc_u32_e32 v239, v238, v239                          // 000000006420: 4BDFDFEE
	v_lshrrev_b32_e32 v239, 16, v239                           // 000000006424: 33DFDE90
	ds_store_b16 v232, v239 offset:1824                        // 000000006428: D87C0720 0000EFE8
	v_lshrrev_b32_e32 v238, 16, v200                           // 000000006430: 33DD9090
	v_and_b32_e32 v238, 1, v238                                // 000000006434: 37DDDC81
	v_add_nc_u32_e32 v239, 0x7fff, v200                        // 000000006438: 4BDF90FF 00007FFF
	v_add_nc_u32_e32 v239, v238, v239                          // 000000006440: 4BDFDFEE
	v_lshrrev_b32_e32 v239, 16, v239                           // 000000006444: 33DFDE90
	ds_store_b16 v232, v239 offset:64                          // 000000006448: D87C0040 0000EFE8
	v_lshrrev_b32_e32 v238, 16, v201                           // 000000006450: 33DD9290
	v_and_b32_e32 v238, 1, v238                                // 000000006454: 37DDDC81
	v_add_nc_u32_e32 v239, 0x7fff, v201                        // 000000006458: 4BDF92FF 00007FFF
	v_add_nc_u32_e32 v239, v238, v239                          // 000000006460: 4BDFDFEE
	v_lshrrev_b32_e32 v239, 16, v239                           // 000000006464: 33DFDE90
	ds_store_b16 v232, v239 offset:320                         // 000000006468: D87C0140 0000EFE8
	v_lshrrev_b32_e32 v238, 16, v202                           // 000000006470: 33DD9490
	v_and_b32_e32 v238, 1, v238                                // 000000006474: 37DDDC81
	v_add_nc_u32_e32 v239, 0x7fff, v202                        // 000000006478: 4BDF94FF 00007FFF
	v_add_nc_u32_e32 v239, v238, v239                          // 000000006480: 4BDFDFEE
	v_lshrrev_b32_e32 v239, 16, v239                           // 000000006484: 33DFDE90
	ds_store_b16 v232, v239 offset:576                         // 000000006488: D87C0240 0000EFE8
	v_lshrrev_b32_e32 v238, 16, v203                           // 000000006490: 33DD9690
	v_and_b32_e32 v238, 1, v238                                // 000000006494: 37DDDC81
	v_add_nc_u32_e32 v239, 0x7fff, v203                        // 000000006498: 4BDF96FF 00007FFF
	v_add_nc_u32_e32 v239, v238, v239                          // 0000000064A0: 4BDFDFEE
	v_lshrrev_b32_e32 v239, 16, v239                           // 0000000064A4: 33DFDE90
	ds_store_b16 v232, v239 offset:832                         // 0000000064A8: D87C0340 0000EFE8
	v_lshrrev_b32_e32 v238, 16, v204                           // 0000000064B0: 33DD9890
	v_and_b32_e32 v238, 1, v238                                // 0000000064B4: 37DDDC81
	v_add_nc_u32_e32 v239, 0x7fff, v204                        // 0000000064B8: 4BDF98FF 00007FFF
	v_add_nc_u32_e32 v239, v238, v239                          // 0000000064C0: 4BDFDFEE
	v_lshrrev_b32_e32 v239, 16, v239                           // 0000000064C4: 33DFDE90
	ds_store_b16 v232, v239 offset:1088                        // 0000000064C8: D87C0440 0000EFE8
	v_lshrrev_b32_e32 v238, 16, v205                           // 0000000064D0: 33DD9A90
	v_and_b32_e32 v238, 1, v238                                // 0000000064D4: 37DDDC81
	v_add_nc_u32_e32 v239, 0x7fff, v205                        // 0000000064D8: 4BDF9AFF 00007FFF
	v_add_nc_u32_e32 v239, v238, v239                          // 0000000064E0: 4BDFDFEE
	v_lshrrev_b32_e32 v239, 16, v239                           // 0000000064E4: 33DFDE90
	ds_store_b16 v232, v239 offset:1344                        // 0000000064E8: D87C0540 0000EFE8
	v_lshrrev_b32_e32 v238, 16, v206                           // 0000000064F0: 33DD9C90
	v_and_b32_e32 v238, 1, v238                                // 0000000064F4: 37DDDC81
	v_add_nc_u32_e32 v239, 0x7fff, v206                        // 0000000064F8: 4BDF9CFF 00007FFF
	v_add_nc_u32_e32 v239, v238, v239                          // 000000006500: 4BDFDFEE
	v_lshrrev_b32_e32 v239, 16, v239                           // 000000006504: 33DFDE90
	ds_store_b16 v232, v239 offset:1600                        // 000000006508: D87C0640 0000EFE8
	v_lshrrev_b32_e32 v238, 16, v207                           // 000000006510: 33DD9E90
	v_and_b32_e32 v238, 1, v238                                // 000000006514: 37DDDC81
	v_add_nc_u32_e32 v239, 0x7fff, v207                        // 000000006518: 4BDF9EFF 00007FFF
	v_add_nc_u32_e32 v239, v238, v239                          // 000000006520: 4BDFDFEE
	v_lshrrev_b32_e32 v239, 16, v239                           // 000000006524: 33DFDE90
	ds_store_b16 v232, v239 offset:1856                        // 000000006528: D87C0740 0000EFE8
	v_lshrrev_b32_e32 v238, 16, v208                           // 000000006530: 33DDA090
	v_and_b32_e32 v238, 1, v238                                // 000000006534: 37DDDC81
	v_add_nc_u32_e32 v239, 0x7fff, v208                        // 000000006538: 4BDFA0FF 00007FFF
	v_add_nc_u32_e32 v239, v238, v239                          // 000000006540: 4BDFDFEE
	v_lshrrev_b32_e32 v239, 16, v239                           // 000000006544: 33DFDE90
	ds_store_b16 v232, v239 offset:96                          // 000000006548: D87C0060 0000EFE8
	v_lshrrev_b32_e32 v238, 16, v209                           // 000000006550: 33DDA290
	v_and_b32_e32 v238, 1, v238                                // 000000006554: 37DDDC81
	v_add_nc_u32_e32 v239, 0x7fff, v209                        // 000000006558: 4BDFA2FF 00007FFF
	v_add_nc_u32_e32 v239, v238, v239                          // 000000006560: 4BDFDFEE
	v_lshrrev_b32_e32 v239, 16, v239                           // 000000006564: 33DFDE90
	ds_store_b16 v232, v239 offset:352                         // 000000006568: D87C0160 0000EFE8
	v_lshrrev_b32_e32 v238, 16, v210                           // 000000006570: 33DDA490
	v_and_b32_e32 v238, 1, v238                                // 000000006574: 37DDDC81
	v_add_nc_u32_e32 v239, 0x7fff, v210                        // 000000006578: 4BDFA4FF 00007FFF
	v_add_nc_u32_e32 v239, v238, v239                          // 000000006580: 4BDFDFEE
	v_lshrrev_b32_e32 v239, 16, v239                           // 000000006584: 33DFDE90
	ds_store_b16 v232, v239 offset:608                         // 000000006588: D87C0260 0000EFE8
	v_lshrrev_b32_e32 v238, 16, v211                           // 000000006590: 33DDA690
	v_and_b32_e32 v238, 1, v238                                // 000000006594: 37DDDC81
	v_add_nc_u32_e32 v239, 0x7fff, v211                        // 000000006598: 4BDFA6FF 00007FFF
	v_add_nc_u32_e32 v239, v238, v239                          // 0000000065A0: 4BDFDFEE
	v_lshrrev_b32_e32 v239, 16, v239                           // 0000000065A4: 33DFDE90
	ds_store_b16 v232, v239 offset:864                         // 0000000065A8: D87C0360 0000EFE8
	v_lshrrev_b32_e32 v238, 16, v212                           // 0000000065B0: 33DDA890
	v_and_b32_e32 v238, 1, v238                                // 0000000065B4: 37DDDC81
	v_add_nc_u32_e32 v239, 0x7fff, v212                        // 0000000065B8: 4BDFA8FF 00007FFF
	v_add_nc_u32_e32 v239, v238, v239                          // 0000000065C0: 4BDFDFEE
	v_lshrrev_b32_e32 v239, 16, v239                           // 0000000065C4: 33DFDE90
	ds_store_b16 v232, v239 offset:1120                        // 0000000065C8: D87C0460 0000EFE8
	v_lshrrev_b32_e32 v238, 16, v213                           // 0000000065D0: 33DDAA90
	v_and_b32_e32 v238, 1, v238                                // 0000000065D4: 37DDDC81
	v_add_nc_u32_e32 v239, 0x7fff, v213                        // 0000000065D8: 4BDFAAFF 00007FFF
	v_add_nc_u32_e32 v239, v238, v239                          // 0000000065E0: 4BDFDFEE
	v_lshrrev_b32_e32 v239, 16, v239                           // 0000000065E4: 33DFDE90
	ds_store_b16 v232, v239 offset:1376                        // 0000000065E8: D87C0560 0000EFE8
	v_lshrrev_b32_e32 v238, 16, v214                           // 0000000065F0: 33DDAC90
	v_and_b32_e32 v238, 1, v238                                // 0000000065F4: 37DDDC81
	v_add_nc_u32_e32 v239, 0x7fff, v214                        // 0000000065F8: 4BDFACFF 00007FFF
	v_add_nc_u32_e32 v239, v238, v239                          // 000000006600: 4BDFDFEE
	v_lshrrev_b32_e32 v239, 16, v239                           // 000000006604: 33DFDE90
	ds_store_b16 v232, v239 offset:1632                        // 000000006608: D87C0660 0000EFE8
	v_lshrrev_b32_e32 v238, 16, v215                           // 000000006610: 33DDAE90
	v_and_b32_e32 v238, 1, v238                                // 000000006614: 37DDDC81
	v_add_nc_u32_e32 v239, 0x7fff, v215                        // 000000006618: 4BDFAEFF 00007FFF
	v_add_nc_u32_e32 v239, v238, v239                          // 000000006620: 4BDFDFEE
	v_lshrrev_b32_e32 v239, 16, v239                           // 000000006624: 33DFDE90
	ds_store_b16 v232, v239 offset:1888                        // 000000006628: D87C0760 0000EFE8
	s_waitcnt lgkmcnt(0)                                       // 000000006630: BF89FC07
	s_barrier                                                  // 000000006634: BFBD0000
	s_cmp_lt_u32 s28, s19                                      // 000000006638: BF0A131C
	s_cbranch_scc0 126                                         // 00000000663C: BFA1007E <extend_attention_wmma_n64_split_kv_gfx1151+0x4f38>
	s_add_u32 s30, s28, s29                                    // 000000006640: 801E1D1C
	s_add_u32 s30, s30, 0                                      // 000000006644: 801E801E
	s_lshl_b32 s30, s30, 3                                     // 000000006648: 841E831E
	s_load_b64 s[44:45], s[16:17], s30                         // 00000000664C: F4040B08 3C000000
	s_load_b64 s[46:47], s[16:17], s30 offset:0x20             // 000000006654: F4040B88 3C000020
	s_load_b64 s[48:49], s[16:17], s30 offset:0x40             // 00000000665C: F4040C08 3C000040
	s_load_b64 s[50:51], s[16:17], s30 offset:0x60             // 000000006664: F4040C88 3C000060
	s_load_b64 s[52:53], s[16:17], s30 offset:0x80             // 00000000666C: F4040D08 3C000080
	s_load_b64 s[54:55], s[16:17], s30 offset:0xa0             // 000000006674: F4040D88 3C0000A0
	s_load_b64 s[56:57], s[16:17], s30 offset:0xc0             // 00000000667C: F4040E08 3C0000C0
	s_load_b64 s[58:59], s[16:17], s30 offset:0xe0             // 000000006684: F4040E88 3C0000E0
	s_waitcnt lgkmcnt(0)                                       // 00000000668C: BF89FC07
	s_lshl_b32 s38, s44, 10                                    // 000000006690: 84268A2C
	s_add_u32 s38, s38, s25                                    // 000000006694: 80261926
	s_add_u32 s32, s14, s38                                    // 000000006698: 8020260E
	s_addc_u32 s33, s15, 0                                     // 00000000669C: 8221800F
	global_load_b128 v[8:11], v229, s[32:33]                   // 0000000066A0: DC5E0000 082000E5
	s_lshl_b32 s38, s46, 10                                    // 0000000066A8: 84268A2E
	s_add_u32 s38, s38, s25                                    // 0000000066AC: 80261926
	s_add_u32 s32, s14, s38                                    // 0000000066B0: 8020260E
	s_addc_u32 s33, s15, 0                                     // 0000000066B4: 8221800F
	global_load_b128 v[12:15], v229, s[32:33]                  // 0000000066B8: DC5E0000 0C2000E5
	s_lshl_b32 s38, s48, 10                                    // 0000000066C0: 84268A30
	s_add_u32 s38, s38, s25                                    // 0000000066C4: 80261926
	s_add_u32 s32, s14, s38                                    // 0000000066C8: 8020260E
	s_addc_u32 s33, s15, 0                                     // 0000000066CC: 8221800F
	global_load_b128 v[16:19], v229, s[32:33]                  // 0000000066D0: DC5E0000 102000E5
	s_lshl_b32 s38, s50, 10                                    // 0000000066D8: 84268A32
	s_add_u32 s38, s38, s25                                    // 0000000066DC: 80261926
	s_add_u32 s32, s14, s38                                    // 0000000066E0: 8020260E
	s_addc_u32 s33, s15, 0                                     // 0000000066E4: 8221800F
	global_load_b128 v[20:23], v229, s[32:33]                  // 0000000066E8: DC5E0000 142000E5
	s_lshl_b32 s38, s52, 10                                    // 0000000066F0: 84268A34
	s_add_u32 s38, s38, s25                                    // 0000000066F4: 80261926
	s_add_u32 s32, s14, s38                                    // 0000000066F8: 8020260E
	s_addc_u32 s33, s15, 0                                     // 0000000066FC: 8221800F
	global_load_b128 v[231:234], v229, s[32:33]                // 000000006700: DC5E0000 E72000E5
	s_lshl_b32 s38, s54, 10                                    // 000000006708: 84268A36
	s_add_u32 s38, s38, s25                                    // 00000000670C: 80261926
	s_add_u32 s32, s14, s38                                    // 000000006710: 8020260E
	s_addc_u32 s33, s15, 0                                     // 000000006714: 8221800F
	global_load_b128 v[235:238], v229, s[32:33]                // 000000006718: DC5E0000 EB2000E5
	s_lshl_b32 s38, s56, 10                                    // 000000006720: 84268A38
	s_add_u32 s38, s38, s25                                    // 000000006724: 80261926
	s_add_u32 s32, s14, s38                                    // 000000006728: 8020260E
	s_addc_u32 s33, s15, 0                                     // 00000000672C: 8221800F
	global_load_b128 v[239:242], v229, s[32:33]                // 000000006730: DC5E0000 EF2000E5
	s_lshl_b32 s38, s58, 10                                    // 000000006738: 84268A3A
	s_add_u32 s38, s38, s25                                    // 00000000673C: 80261926
	s_add_u32 s32, s14, s38                                    // 000000006740: 8020260E
	s_addc_u32 s33, s15, 0                                     // 000000006744: 8221800F
	global_load_b128 v[243:246], v229, s[32:33]                // 000000006748: DC5E0000 F32000E5
	s_waitcnt vmcnt(0)                                         // 000000006750: BF8903F7
	s_add_u32 s39, s29, 0                                      // 000000006754: 8027801D
	s_lshl_b32 s39, s39, 9                                     // 000000006758: 84278927
	v_add_nc_u32_e32 v230, s39, v229                           // 00000000675C: 4BCDCA27
	v_add_nc_u32_e32 v230, 0x8000, v230                        // 000000006760: 4BCDCCFF 00008000
	ds_store_b128 v230, v[8:11]                                // 000000006768: DB7C0000 000008E6
	s_add_u32 s39, s29, 4                                      // 000000006770: 8027841D
	s_lshl_b32 s39, s39, 9                                     // 000000006774: 84278927
	v_add_nc_u32_e32 v230, s39, v229                           // 000000006778: 4BCDCA27
	v_add_nc_u32_e32 v230, 0x8000, v230                        // 00000000677C: 4BCDCCFF 00008000
	ds_store_b128 v230, v[12:15]                               // 000000006784: DB7C0000 00000CE6
	s_add_u32 s39, s29, 8                                      // 00000000678C: 8027881D
	s_lshl_b32 s39, s39, 9                                     // 000000006790: 84278927
	v_add_nc_u32_e32 v230, s39, v229                           // 000000006794: 4BCDCA27
	v_add_nc_u32_e32 v230, 0x8000, v230                        // 000000006798: 4BCDCCFF 00008000
	ds_store_b128 v230, v[16:19]                               // 0000000067A0: DB7C0000 000010E6
	s_add_u32 s39, s29, 12                                     // 0000000067A8: 80278C1D
	s_lshl_b32 s39, s39, 9                                     // 0000000067AC: 84278927
	v_add_nc_u32_e32 v230, s39, v229                           // 0000000067B0: 4BCDCA27
	v_add_nc_u32_e32 v230, 0x8000, v230                        // 0000000067B4: 4BCDCCFF 00008000
	ds_store_b128 v230, v[20:23]                               // 0000000067BC: DB7C0000 000014E6
	s_add_u32 s39, s29, 16                                     // 0000000067C4: 8027901D
	s_lshl_b32 s39, s39, 9                                     // 0000000067C8: 84278927
	v_add_nc_u32_e32 v230, s39, v229                           // 0000000067CC: 4BCDCA27
	v_add_nc_u32_e32 v230, 0x8000, v230                        // 0000000067D0: 4BCDCCFF 00008000
	ds_store_b128 v230, v[231:234]                             // 0000000067D8: DB7C0000 0000E7E6
	s_add_u32 s39, s29, 20                                     // 0000000067E0: 8027941D
	s_lshl_b32 s39, s39, 9                                     // 0000000067E4: 84278927
	v_add_nc_u32_e32 v230, s39, v229                           // 0000000067E8: 4BCDCA27
	v_add_nc_u32_e32 v230, 0x8000, v230                        // 0000000067EC: 4BCDCCFF 00008000
	ds_store_b128 v230, v[235:238]                             // 0000000067F4: DB7C0000 0000EBE6
	s_add_u32 s39, s29, 24                                     // 0000000067FC: 8027981D
	s_lshl_b32 s39, s39, 9                                     // 000000006800: 84278927
	v_add_nc_u32_e32 v230, s39, v229                           // 000000006804: 4BCDCA27
	v_add_nc_u32_e32 v230, 0x8000, v230                        // 000000006808: 4BCDCCFF 00008000
	ds_store_b128 v230, v[239:242]                             // 000000006810: DB7C0000 0000EFE6
	s_add_u32 s39, s29, 28                                     // 000000006818: 80279C1D
	s_lshl_b32 s39, s39, 9                                     // 00000000681C: 84278927
	v_add_nc_u32_e32 v230, s39, v229                           // 000000006820: 4BCDCA27
	v_add_nc_u32_e32 v230, 0x8000, v230                        // 000000006824: 4BCDCCFF 00008000
	ds_store_b128 v230, v[243:246]                             // 00000000682C: DB7C0000 0000F3E6
	s_branch 129                                               // 000000006834: BFA00081 <extend_attention_wmma_n64_split_kv_gfx1151+0x513c>
	s_add_u32 s38, s28, s29                                    // 000000006838: 80261D1C
	s_add_u32 s38, s38, 0                                      // 00000000683C: 80268026
	s_sub_u32 s38, s38, s19                                    // 000000006840: 80A61326
	s_lshl_b32 s38, s38, 10                                    // 000000006844: 84268A26
	s_add_u32 s38, s38, s25                                    // 000000006848: 80261926
	s_add_u32 s32, s8, s38                                     // 00000000684C: 80202608
	s_addc_u32 s33, s9, 0                                      // 000000006850: 82218009
	global_load_b128 v[8:11], v229, s[32:33]                   // 000000006854: DC5E0000 082000E5
	s_add_u32 s38, s28, s29                                    // 00000000685C: 80261D1C
	s_add_u32 s38, s38, 4                                      // 000000006860: 80268426
	s_sub_u32 s38, s38, s19                                    // 000000006864: 80A61326
	s_lshl_b32 s38, s38, 10                                    // 000000006868: 84268A26
	s_add_u32 s38, s38, s25                                    // 00000000686C: 80261926
	s_add_u32 s32, s8, s38                                     // 000000006870: 80202608
	s_addc_u32 s33, s9, 0                                      // 000000006874: 82218009
	global_load_b128 v[12:15], v229, s[32:33]                  // 000000006878: DC5E0000 0C2000E5
	s_add_u32 s38, s28, s29                                    // 000000006880: 80261D1C
	s_add_u32 s38, s38, 8                                      // 000000006884: 80268826
	s_sub_u32 s38, s38, s19                                    // 000000006888: 80A61326
	s_lshl_b32 s38, s38, 10                                    // 00000000688C: 84268A26
	s_add_u32 s38, s38, s25                                    // 000000006890: 80261926
	s_add_u32 s32, s8, s38                                     // 000000006894: 80202608
	s_addc_u32 s33, s9, 0                                      // 000000006898: 82218009
	global_load_b128 v[16:19], v229, s[32:33]                  // 00000000689C: DC5E0000 102000E5
	s_add_u32 s38, s28, s29                                    // 0000000068A4: 80261D1C
	s_add_u32 s38, s38, 12                                     // 0000000068A8: 80268C26
	s_sub_u32 s38, s38, s19                                    // 0000000068AC: 80A61326
	s_lshl_b32 s38, s38, 10                                    // 0000000068B0: 84268A26
	s_add_u32 s38, s38, s25                                    // 0000000068B4: 80261926
	s_add_u32 s32, s8, s38                                     // 0000000068B8: 80202608
	s_addc_u32 s33, s9, 0                                      // 0000000068BC: 82218009
	global_load_b128 v[20:23], v229, s[32:33]                  // 0000000068C0: DC5E0000 142000E5
	s_add_u32 s38, s28, s29                                    // 0000000068C8: 80261D1C
	s_add_u32 s38, s38, 16                                     // 0000000068CC: 80269026
	s_sub_u32 s38, s38, s19                                    // 0000000068D0: 80A61326
	s_lshl_b32 s38, s38, 10                                    // 0000000068D4: 84268A26
	s_add_u32 s38, s38, s25                                    // 0000000068D8: 80261926
	s_add_u32 s32, s8, s38                                     // 0000000068DC: 80202608
	s_addc_u32 s33, s9, 0                                      // 0000000068E0: 82218009
	global_load_b128 v[231:234], v229, s[32:33]                // 0000000068E4: DC5E0000 E72000E5
	s_add_u32 s38, s28, s29                                    // 0000000068EC: 80261D1C
	s_add_u32 s38, s38, 20                                     // 0000000068F0: 80269426
	s_sub_u32 s38, s38, s19                                    // 0000000068F4: 80A61326
	s_lshl_b32 s38, s38, 10                                    // 0000000068F8: 84268A26
	s_add_u32 s38, s38, s25                                    // 0000000068FC: 80261926
	s_add_u32 s32, s8, s38                                     // 000000006900: 80202608
	s_addc_u32 s33, s9, 0                                      // 000000006904: 82218009
	global_load_b128 v[235:238], v229, s[32:33]                // 000000006908: DC5E0000 EB2000E5
	s_add_u32 s38, s28, s29                                    // 000000006910: 80261D1C
	s_add_u32 s38, s38, 24                                     // 000000006914: 80269826
	s_sub_u32 s38, s38, s19                                    // 000000006918: 80A61326
	s_lshl_b32 s38, s38, 10                                    // 00000000691C: 84268A26
	s_add_u32 s38, s38, s25                                    // 000000006920: 80261926
	s_add_u32 s32, s8, s38                                     // 000000006924: 80202608
	s_addc_u32 s33, s9, 0                                      // 000000006928: 82218009
	global_load_b128 v[239:242], v229, s[32:33]                // 00000000692C: DC5E0000 EF2000E5
	s_add_u32 s38, s28, s29                                    // 000000006934: 80261D1C
	s_add_u32 s38, s38, 28                                     // 000000006938: 80269C26
	s_sub_u32 s38, s38, s19                                    // 00000000693C: 80A61326
	s_lshl_b32 s38, s38, 10                                    // 000000006940: 84268A26
	s_add_u32 s38, s38, s25                                    // 000000006944: 80261926
	s_add_u32 s32, s8, s38                                     // 000000006948: 80202608
	s_addc_u32 s33, s9, 0                                      // 00000000694C: 82218009
	global_load_b128 v[243:246], v229, s[32:33]                // 000000006950: DC5E0000 F32000E5
	s_waitcnt vmcnt(0)                                         // 000000006958: BF8903F7
	s_add_u32 s39, s29, 0                                      // 00000000695C: 8027801D
	s_lshl_b32 s39, s39, 9                                     // 000000006960: 84278927
	v_add_nc_u32_e32 v230, s39, v229                           // 000000006964: 4BCDCA27
	v_add_nc_u32_e32 v230, 0x8000, v230                        // 000000006968: 4BCDCCFF 00008000
	ds_store_b128 v230, v[8:11]                                // 000000006970: DB7C0000 000008E6
	s_add_u32 s39, s29, 4                                      // 000000006978: 8027841D
	s_lshl_b32 s39, s39, 9                                     // 00000000697C: 84278927
	v_add_nc_u32_e32 v230, s39, v229                           // 000000006980: 4BCDCA27
	v_add_nc_u32_e32 v230, 0x8000, v230                        // 000000006984: 4BCDCCFF 00008000
	ds_store_b128 v230, v[12:15]                               // 00000000698C: DB7C0000 00000CE6
	s_add_u32 s39, s29, 8                                      // 000000006994: 8027881D
	s_lshl_b32 s39, s39, 9                                     // 000000006998: 84278927
	v_add_nc_u32_e32 v230, s39, v229                           // 00000000699C: 4BCDCA27
	v_add_nc_u32_e32 v230, 0x8000, v230                        // 0000000069A0: 4BCDCCFF 00008000
	ds_store_b128 v230, v[16:19]                               // 0000000069A8: DB7C0000 000010E6
	s_add_u32 s39, s29, 12                                     // 0000000069B0: 80278C1D
	s_lshl_b32 s39, s39, 9                                     // 0000000069B4: 84278927
	v_add_nc_u32_e32 v230, s39, v229                           // 0000000069B8: 4BCDCA27
	v_add_nc_u32_e32 v230, 0x8000, v230                        // 0000000069BC: 4BCDCCFF 00008000
	ds_store_b128 v230, v[20:23]                               // 0000000069C4: DB7C0000 000014E6
	s_add_u32 s39, s29, 16                                     // 0000000069CC: 8027901D
	s_lshl_b32 s39, s39, 9                                     // 0000000069D0: 84278927
	v_add_nc_u32_e32 v230, s39, v229                           // 0000000069D4: 4BCDCA27
	v_add_nc_u32_e32 v230, 0x8000, v230                        // 0000000069D8: 4BCDCCFF 00008000
	ds_store_b128 v230, v[231:234]                             // 0000000069E0: DB7C0000 0000E7E6
	s_add_u32 s39, s29, 20                                     // 0000000069E8: 8027941D
	s_lshl_b32 s39, s39, 9                                     // 0000000069EC: 84278927
	v_add_nc_u32_e32 v230, s39, v229                           // 0000000069F0: 4BCDCA27
	v_add_nc_u32_e32 v230, 0x8000, v230                        // 0000000069F4: 4BCDCCFF 00008000
	ds_store_b128 v230, v[235:238]                             // 0000000069FC: DB7C0000 0000EBE6
	s_add_u32 s39, s29, 24                                     // 000000006A04: 8027981D
	s_lshl_b32 s39, s39, 9                                     // 000000006A08: 84278927
	v_add_nc_u32_e32 v230, s39, v229                           // 000000006A0C: 4BCDCA27
	v_add_nc_u32_e32 v230, 0x8000, v230                        // 000000006A10: 4BCDCCFF 00008000
	ds_store_b128 v230, v[239:242]                             // 000000006A18: DB7C0000 0000EFE6
	s_add_u32 s39, s29, 28                                     // 000000006A20: 80279C1D
	s_lshl_b32 s39, s39, 9                                     // 000000006A24: 84278927
	v_add_nc_u32_e32 v230, s39, v229                           // 000000006A28: 4BCDCA27
	v_add_nc_u32_e32 v230, 0x8000, v230                        // 000000006A2C: 4BCDCCFF 00008000
	ds_store_b128 v230, v[243:246]                             // 000000006A34: DB7C0000 0000F3E6
	v_lshlrev_b32_e32 v231, 11, v2                             // 000000006A3C: 31CE048B
	v_lshl_add_u32 v232, v4, 7, v231                           // 000000006A40: D64600E8 079D0F04
	v_lshl_add_u32 v232, v3, 1, v232                           // 000000006A48: D64600E8 07A10303
	v_add_nc_u32_e32 v232, 0xc000, v232                        // 000000006A50: 4BD1D0FF 0000C000
	v_lshl_add_u32 v233, v3, 7, v231                           // 000000006A58: D64600E9 079D0F03
	v_lshlrev_b32_e32 v229, 4, v1                              // 000000006A60: 31CA0284
	v_lshl_add_u32 v233, v4, 4, v233                           // 000000006A64: D64600E9 07A50904
	v_add_nc_u32_e32 v233, 0xc000, v233                        // 000000006A6C: 4BD3D2FF 0000C000
	s_waitcnt lgkmcnt(0)                                       // 000000006A74: BF89FC07
	s_barrier                                                  // 000000006A78: BFBD0000
	ds_load_b128 v[8:11], v233                                 // 000000006A7C: DBFC0000 080000E9
	s_waitcnt lgkmcnt(0)                                       // 000000006A84: BF89FC07
	ds_swizzle_b32 v12, v8 offset:swizzle(SWAP,16)             // 000000006A88: D8D4401F 0C000008
	ds_swizzle_b32 v13, v9 offset:swizzle(SWAP,16)             // 000000006A90: D8D4401F 0D000009
	ds_swizzle_b32 v14, v10 offset:swizzle(SWAP,16)            // 000000006A98: D8D4401F 0E00000A
	ds_swizzle_b32 v15, v11 offset:swizzle(SWAP,16)            // 000000006AA0: D8D4401F 0F00000B
	s_waitcnt lgkmcnt(0)                                       // 000000006AA8: BF89FC07
	v_lshlrev_b32_e32 v234, 12, v4                             // 000000006AAC: 31D4088C
	v_lshl_add_u32 v234, v3, 1, v234                           // 000000006AB0: D64600EA 07A90303
	v_add_nc_u32_e32 v234, 0x8000, v234                        // 000000006AB8: 4BD5D4FF 00008000
	ds_load_u16 v16, v234                                      // 000000006AC0: D8F00000 100000EA
	ds_load_u16_d16_hi v16, v234 offset:512                    // 000000006AC8: DA9C0200 100000EA
	ds_load_u16 v17, v234 offset:1024                          // 000000006AD0: D8F00400 110000EA
	ds_load_u16_d16_hi v17, v234 offset:1536                   // 000000006AD8: DA9C0600 110000EA
	ds_load_u16 v18, v234 offset:2048                          // 000000006AE0: D8F00800 120000EA
	ds_load_u16_d16_hi v18, v234 offset:2560                   // 000000006AE8: DA9C0A00 120000EA
	ds_load_u16 v19, v234 offset:3072                          // 000000006AF0: D8F00C00 130000EA
	ds_load_u16_d16_hi v19, v234 offset:3584                   // 000000006AF8: DA9C0E00 130000EA
	s_waitcnt lgkmcnt(0)                                       // 000000006B00: BF89FC07
	ds_swizzle_b32 v20, v16 offset:swizzle(SWAP,16)            // 000000006B04: D8D4401F 14000010
	ds_swizzle_b32 v21, v17 offset:swizzle(SWAP,16)            // 000000006B0C: D8D4401F 15000011
	ds_swizzle_b32 v22, v18 offset:swizzle(SWAP,16)            // 000000006B14: D8D4401F 16000012
	ds_swizzle_b32 v23, v19 offset:swizzle(SWAP,16)            // 000000006B1C: D8D4401F 17000013
	s_waitcnt lgkmcnt(0)                                       // 000000006B24: BF89FC07
	ds_load_u16 v225, v234 offset:32                           // 000000006B28: D8F00020 E10000EA
	ds_load_u16_d16_hi v225, v234 offset:544                   // 000000006B30: DA9C0220 E10000EA
	ds_load_u16 v226, v234 offset:1056                         // 000000006B38: D8F00420 E20000EA
	ds_load_u16_d16_hi v226, v234 offset:1568                  // 000000006B40: DA9C0620 E20000EA
	ds_load_u16 v227, v234 offset:2080                         // 000000006B48: D8F00820 E30000EA
	ds_load_u16_d16_hi v227, v234 offset:2592                  // 000000006B50: DA9C0A20 E30000EA
	ds_load_u16 v228, v234 offset:3104                         // 000000006B58: D8F00C20 E40000EA
	ds_load_u16_d16_hi v228, v234 offset:3616                  // 000000006B60: DA9C0E20 E40000EA
	v_wmma_f32_16x16x16_bf16 v[64:71], v[8:15], v[16:23], v[64:71]// 000000006B68: CC414040 1D022108
	s_waitcnt lgkmcnt(0)                                       // 000000006B70: BF89FC07
	ds_swizzle_b32 v229, v225 offset:swizzle(SWAP,16)          // 000000006B74: D8D4401F E50000E1
	ds_swizzle_b32 v230, v226 offset:swizzle(SWAP,16)          // 000000006B7C: D8D4401F E60000E2
	ds_swizzle_b32 v231, v227 offset:swizzle(SWAP,16)          // 000000006B84: D8D4401F E70000E3
	ds_swizzle_b32 v232, v228 offset:swizzle(SWAP,16)          // 000000006B8C: D8D4401F E80000E4
	s_waitcnt lgkmcnt(0)                                       // 000000006B94: BF89FC07
	ds_load_u16 v16, v234 offset:64                            // 000000006B98: D8F00040 100000EA
	ds_load_u16_d16_hi v16, v234 offset:576                    // 000000006BA0: DA9C0240 100000EA
	ds_load_u16 v17, v234 offset:1088                          // 000000006BA8: D8F00440 110000EA
	ds_load_u16_d16_hi v17, v234 offset:1600                   // 000000006BB0: DA9C0640 110000EA
	ds_load_u16 v18, v234 offset:2112                          // 000000006BB8: D8F00840 120000EA
	ds_load_u16_d16_hi v18, v234 offset:2624                   // 000000006BC0: DA9C0A40 120000EA
	ds_load_u16 v19, v234 offset:3136                          // 000000006BC8: D8F00C40 130000EA
	ds_load_u16_d16_hi v19, v234 offset:3648                   // 000000006BD0: DA9C0E40 130000EA
	v_wmma_f32_16x16x16_bf16 v[72:79], v[8:15], v[225:232], v[72:79]// 000000006BD8: CC414048 1D23C308
	s_waitcnt lgkmcnt(0)                                       // 000000006BE0: BF89FC07
	ds_swizzle_b32 v20, v16 offset:swizzle(SWAP,16)            // 000000006BE4: D8D4401F 14000010
	ds_swizzle_b32 v21, v17 offset:swizzle(SWAP,16)            // 000000006BEC: D8D4401F 15000011
	ds_swizzle_b32 v22, v18 offset:swizzle(SWAP,16)            // 000000006BF4: D8D4401F 16000012
	ds_swizzle_b32 v23, v19 offset:swizzle(SWAP,16)            // 000000006BFC: D8D4401F 17000013
	s_waitcnt lgkmcnt(0)                                       // 000000006C04: BF89FC07
	ds_load_u16 v225, v234 offset:96                           // 000000006C08: D8F00060 E10000EA
	ds_load_u16_d16_hi v225, v234 offset:608                   // 000000006C10: DA9C0260 E10000EA
	ds_load_u16 v226, v234 offset:1120                         // 000000006C18: D8F00460 E20000EA
	ds_load_u16_d16_hi v226, v234 offset:1632                  // 000000006C20: DA9C0660 E20000EA
	ds_load_u16 v227, v234 offset:2144                         // 000000006C28: D8F00860 E30000EA
	ds_load_u16_d16_hi v227, v234 offset:2656                  // 000000006C30: DA9C0A60 E30000EA
	ds_load_u16 v228, v234 offset:3168                         // 000000006C38: D8F00C60 E40000EA
	ds_load_u16_d16_hi v228, v234 offset:3680                  // 000000006C40: DA9C0E60 E40000EA
	v_wmma_f32_16x16x16_bf16 v[80:87], v[8:15], v[16:23], v[80:87]// 000000006C48: CC414050 1D422108
	s_waitcnt lgkmcnt(0)                                       // 000000006C50: BF89FC07
	ds_swizzle_b32 v229, v225 offset:swizzle(SWAP,16)          // 000000006C54: D8D4401F E50000E1
	ds_swizzle_b32 v230, v226 offset:swizzle(SWAP,16)          // 000000006C5C: D8D4401F E60000E2
	ds_swizzle_b32 v231, v227 offset:swizzle(SWAP,16)          // 000000006C64: D8D4401F E70000E3
	ds_swizzle_b32 v232, v228 offset:swizzle(SWAP,16)          // 000000006C6C: D8D4401F E80000E4
	s_waitcnt lgkmcnt(0)                                       // 000000006C74: BF89FC07
	ds_load_u16 v16, v234 offset:128                           // 000000006C78: D8F00080 100000EA
	ds_load_u16_d16_hi v16, v234 offset:640                    // 000000006C80: DA9C0280 100000EA
	ds_load_u16 v17, v234 offset:1152                          // 000000006C88: D8F00480 110000EA
	ds_load_u16_d16_hi v17, v234 offset:1664                   // 000000006C90: DA9C0680 110000EA
	ds_load_u16 v18, v234 offset:2176                          // 000000006C98: D8F00880 120000EA
	ds_load_u16_d16_hi v18, v234 offset:2688                   // 000000006CA0: DA9C0A80 120000EA
	ds_load_u16 v19, v234 offset:3200                          // 000000006CA8: D8F00C80 130000EA
	ds_load_u16_d16_hi v19, v234 offset:3712                   // 000000006CB0: DA9C0E80 130000EA
	v_wmma_f32_16x16x16_bf16 v[88:95], v[8:15], v[225:232], v[88:95]// 000000006CB8: CC414058 1D63C308
	s_waitcnt lgkmcnt(0)                                       // 000000006CC0: BF89FC07
	ds_swizzle_b32 v20, v16 offset:swizzle(SWAP,16)            // 000000006CC4: D8D4401F 14000010
	ds_swizzle_b32 v21, v17 offset:swizzle(SWAP,16)            // 000000006CCC: D8D4401F 15000011
	ds_swizzle_b32 v22, v18 offset:swizzle(SWAP,16)            // 000000006CD4: D8D4401F 16000012
	ds_swizzle_b32 v23, v19 offset:swizzle(SWAP,16)            // 000000006CDC: D8D4401F 17000013
	s_waitcnt lgkmcnt(0)                                       // 000000006CE4: BF89FC07
	ds_load_u16 v225, v234 offset:160                          // 000000006CE8: D8F000A0 E10000EA
	ds_load_u16_d16_hi v225, v234 offset:672                   // 000000006CF0: DA9C02A0 E10000EA
	ds_load_u16 v226, v234 offset:1184                         // 000000006CF8: D8F004A0 E20000EA
	ds_load_u16_d16_hi v226, v234 offset:1696                  // 000000006D00: DA9C06A0 E20000EA
	ds_load_u16 v227, v234 offset:2208                         // 000000006D08: D8F008A0 E30000EA
	ds_load_u16_d16_hi v227, v234 offset:2720                  // 000000006D10: DA9C0AA0 E30000EA
	ds_load_u16 v228, v234 offset:3232                         // 000000006D18: D8F00CA0 E40000EA
	ds_load_u16_d16_hi v228, v234 offset:3744                  // 000000006D20: DA9C0EA0 E40000EA
	v_wmma_f32_16x16x16_bf16 v[96:103], v[8:15], v[16:23], v[96:103]// 000000006D28: CC414060 1D822108
	s_waitcnt lgkmcnt(0)                                       // 000000006D30: BF89FC07
	ds_swizzle_b32 v229, v225 offset:swizzle(SWAP,16)          // 000000006D34: D8D4401F E50000E1
	ds_swizzle_b32 v230, v226 offset:swizzle(SWAP,16)          // 000000006D3C: D8D4401F E60000E2
	ds_swizzle_b32 v231, v227 offset:swizzle(SWAP,16)          // 000000006D44: D8D4401F E70000E3
	ds_swizzle_b32 v232, v228 offset:swizzle(SWAP,16)          // 000000006D4C: D8D4401F E80000E4
	s_waitcnt lgkmcnt(0)                                       // 000000006D54: BF89FC07
	ds_load_u16 v16, v234 offset:192                           // 000000006D58: D8F000C0 100000EA
	ds_load_u16_d16_hi v16, v234 offset:704                    // 000000006D60: DA9C02C0 100000EA
	ds_load_u16 v17, v234 offset:1216                          // 000000006D68: D8F004C0 110000EA
	ds_load_u16_d16_hi v17, v234 offset:1728                   // 000000006D70: DA9C06C0 110000EA
	ds_load_u16 v18, v234 offset:2240                          // 000000006D78: D8F008C0 120000EA
	ds_load_u16_d16_hi v18, v234 offset:2752                   // 000000006D80: DA9C0AC0 120000EA
	ds_load_u16 v19, v234 offset:3264                          // 000000006D88: D8F00CC0 130000EA
	ds_load_u16_d16_hi v19, v234 offset:3776                   // 000000006D90: DA9C0EC0 130000EA
	v_wmma_f32_16x16x16_bf16 v[104:111], v[8:15], v[225:232], v[104:111]// 000000006D98: CC414068 1DA3C308
	s_waitcnt lgkmcnt(0)                                       // 000000006DA0: BF89FC07
	ds_swizzle_b32 v20, v16 offset:swizzle(SWAP,16)            // 000000006DA4: D8D4401F 14000010
	ds_swizzle_b32 v21, v17 offset:swizzle(SWAP,16)            // 000000006DAC: D8D4401F 15000011
	ds_swizzle_b32 v22, v18 offset:swizzle(SWAP,16)            // 000000006DB4: D8D4401F 16000012
	ds_swizzle_b32 v23, v19 offset:swizzle(SWAP,16)            // 000000006DBC: D8D4401F 17000013
	s_waitcnt lgkmcnt(0)                                       // 000000006DC4: BF89FC07
	ds_load_u16 v225, v234 offset:224                          // 000000006DC8: D8F000E0 E10000EA
	ds_load_u16_d16_hi v225, v234 offset:736                   // 000000006DD0: DA9C02E0 E10000EA
	ds_load_u16 v226, v234 offset:1248                         // 000000006DD8: D8F004E0 E20000EA
	ds_load_u16_d16_hi v226, v234 offset:1760                  // 000000006DE0: DA9C06E0 E20000EA
	ds_load_u16 v227, v234 offset:2272                         // 000000006DE8: D8F008E0 E30000EA
	ds_load_u16_d16_hi v227, v234 offset:2784                  // 000000006DF0: DA9C0AE0 E30000EA
	ds_load_u16 v228, v234 offset:3296                         // 000000006DF8: D8F00CE0 E40000EA
	ds_load_u16_d16_hi v228, v234 offset:3808                  // 000000006E00: DA9C0EE0 E40000EA
	v_wmma_f32_16x16x16_bf16 v[112:119], v[8:15], v[16:23], v[112:119]// 000000006E08: CC414070 1DC22108
	s_waitcnt lgkmcnt(0)                                       // 000000006E10: BF89FC07
	ds_swizzle_b32 v229, v225 offset:swizzle(SWAP,16)          // 000000006E14: D8D4401F E50000E1
	ds_swizzle_b32 v230, v226 offset:swizzle(SWAP,16)          // 000000006E1C: D8D4401F E60000E2
	ds_swizzle_b32 v231, v227 offset:swizzle(SWAP,16)          // 000000006E24: D8D4401F E70000E3
	ds_swizzle_b32 v232, v228 offset:swizzle(SWAP,16)          // 000000006E2C: D8D4401F E80000E4
	s_waitcnt lgkmcnt(0)                                       // 000000006E34: BF89FC07
	ds_load_u16 v16, v234 offset:256                           // 000000006E38: D8F00100 100000EA
	ds_load_u16_d16_hi v16, v234 offset:768                    // 000000006E40: DA9C0300 100000EA
	ds_load_u16 v17, v234 offset:1280                          // 000000006E48: D8F00500 110000EA
	ds_load_u16_d16_hi v17, v234 offset:1792                   // 000000006E50: DA9C0700 110000EA
	ds_load_u16 v18, v234 offset:2304                          // 000000006E58: D8F00900 120000EA
	ds_load_u16_d16_hi v18, v234 offset:2816                   // 000000006E60: DA9C0B00 120000EA
	ds_load_u16 v19, v234 offset:3328                          // 000000006E68: D8F00D00 130000EA
	ds_load_u16_d16_hi v19, v234 offset:3840                   // 000000006E70: DA9C0F00 130000EA
	v_wmma_f32_16x16x16_bf16 v[120:127], v[8:15], v[225:232], v[120:127]// 000000006E78: CC414078 1DE3C308
	s_waitcnt lgkmcnt(0)                                       // 000000006E80: BF89FC07
	ds_swizzle_b32 v20, v16 offset:swizzle(SWAP,16)            // 000000006E84: D8D4401F 14000010
	ds_swizzle_b32 v21, v17 offset:swizzle(SWAP,16)            // 000000006E8C: D8D4401F 15000011
	ds_swizzle_b32 v22, v18 offset:swizzle(SWAP,16)            // 000000006E94: D8D4401F 16000012
	ds_swizzle_b32 v23, v19 offset:swizzle(SWAP,16)            // 000000006E9C: D8D4401F 17000013
	s_waitcnt lgkmcnt(0)                                       // 000000006EA4: BF89FC07
	ds_load_u16 v225, v234 offset:288                          // 000000006EA8: D8F00120 E10000EA
	ds_load_u16_d16_hi v225, v234 offset:800                   // 000000006EB0: DA9C0320 E10000EA
	ds_load_u16 v226, v234 offset:1312                         // 000000006EB8: D8F00520 E20000EA
	ds_load_u16_d16_hi v226, v234 offset:1824                  // 000000006EC0: DA9C0720 E20000EA
	ds_load_u16 v227, v234 offset:2336                         // 000000006EC8: D8F00920 E30000EA
	ds_load_u16_d16_hi v227, v234 offset:2848                  // 000000006ED0: DA9C0B20 E30000EA
	ds_load_u16 v228, v234 offset:3360                         // 000000006ED8: D8F00D20 E40000EA
	ds_load_u16_d16_hi v228, v234 offset:3872                  // 000000006EE0: DA9C0F20 E40000EA
	v_wmma_f32_16x16x16_bf16 v[128:135], v[8:15], v[16:23], v[128:135]// 000000006EE8: CC414080 1E022108
	s_waitcnt lgkmcnt(0)                                       // 000000006EF0: BF89FC07
	ds_swizzle_b32 v229, v225 offset:swizzle(SWAP,16)          // 000000006EF4: D8D4401F E50000E1
	ds_swizzle_b32 v230, v226 offset:swizzle(SWAP,16)          // 000000006EFC: D8D4401F E60000E2
	ds_swizzle_b32 v231, v227 offset:swizzle(SWAP,16)          // 000000006F04: D8D4401F E70000E3
	ds_swizzle_b32 v232, v228 offset:swizzle(SWAP,16)          // 000000006F0C: D8D4401F E80000E4
	s_waitcnt lgkmcnt(0)                                       // 000000006F14: BF89FC07
	ds_load_u16 v16, v234 offset:320                           // 000000006F18: D8F00140 100000EA
	ds_load_u16_d16_hi v16, v234 offset:832                    // 000000006F20: DA9C0340 100000EA
	ds_load_u16 v17, v234 offset:1344                          // 000000006F28: D8F00540 110000EA
	ds_load_u16_d16_hi v17, v234 offset:1856                   // 000000006F30: DA9C0740 110000EA
	ds_load_u16 v18, v234 offset:2368                          // 000000006F38: D8F00940 120000EA
	ds_load_u16_d16_hi v18, v234 offset:2880                   // 000000006F40: DA9C0B40 120000EA
	ds_load_u16 v19, v234 offset:3392                          // 000000006F48: D8F00D40 130000EA
	ds_load_u16_d16_hi v19, v234 offset:3904                   // 000000006F50: DA9C0F40 130000EA
	v_wmma_f32_16x16x16_bf16 v[136:143], v[8:15], v[225:232], v[136:143]// 000000006F58: CC414088 1E23C308
	s_waitcnt lgkmcnt(0)                                       // 000000006F60: BF89FC07
	ds_swizzle_b32 v20, v16 offset:swizzle(SWAP,16)            // 000000006F64: D8D4401F 14000010
	ds_swizzle_b32 v21, v17 offset:swizzle(SWAP,16)            // 000000006F6C: D8D4401F 15000011
	ds_swizzle_b32 v22, v18 offset:swizzle(SWAP,16)            // 000000006F74: D8D4401F 16000012
	ds_swizzle_b32 v23, v19 offset:swizzle(SWAP,16)            // 000000006F7C: D8D4401F 17000013
	s_waitcnt lgkmcnt(0)                                       // 000000006F84: BF89FC07
	ds_load_u16 v225, v234 offset:352                          // 000000006F88: D8F00160 E10000EA
	ds_load_u16_d16_hi v225, v234 offset:864                   // 000000006F90: DA9C0360 E10000EA
	ds_load_u16 v226, v234 offset:1376                         // 000000006F98: D8F00560 E20000EA
	ds_load_u16_d16_hi v226, v234 offset:1888                  // 000000006FA0: DA9C0760 E20000EA
	ds_load_u16 v227, v234 offset:2400                         // 000000006FA8: D8F00960 E30000EA
	ds_load_u16_d16_hi v227, v234 offset:2912                  // 000000006FB0: DA9C0B60 E30000EA
	ds_load_u16 v228, v234 offset:3424                         // 000000006FB8: D8F00D60 E40000EA
	ds_load_u16_d16_hi v228, v234 offset:3936                  // 000000006FC0: DA9C0F60 E40000EA
	v_wmma_f32_16x16x16_bf16 v[144:151], v[8:15], v[16:23], v[144:151]// 000000006FC8: CC414090 1E422108
	s_waitcnt lgkmcnt(0)                                       // 000000006FD0: BF89FC07
	ds_swizzle_b32 v229, v225 offset:swizzle(SWAP,16)          // 000000006FD4: D8D4401F E50000E1
	ds_swizzle_b32 v230, v226 offset:swizzle(SWAP,16)          // 000000006FDC: D8D4401F E60000E2
	ds_swizzle_b32 v231, v227 offset:swizzle(SWAP,16)          // 000000006FE4: D8D4401F E70000E3
	ds_swizzle_b32 v232, v228 offset:swizzle(SWAP,16)          // 000000006FEC: D8D4401F E80000E4
	s_waitcnt lgkmcnt(0)                                       // 000000006FF4: BF89FC07
	ds_load_u16 v16, v234 offset:384                           // 000000006FF8: D8F00180 100000EA
	ds_load_u16_d16_hi v16, v234 offset:896                    // 000000007000: DA9C0380 100000EA
	ds_load_u16 v17, v234 offset:1408                          // 000000007008: D8F00580 110000EA
	ds_load_u16_d16_hi v17, v234 offset:1920                   // 000000007010: DA9C0780 110000EA
	ds_load_u16 v18, v234 offset:2432                          // 000000007018: D8F00980 120000EA
	ds_load_u16_d16_hi v18, v234 offset:2944                   // 000000007020: DA9C0B80 120000EA
	ds_load_u16 v19, v234 offset:3456                          // 000000007028: D8F00D80 130000EA
	ds_load_u16_d16_hi v19, v234 offset:3968                   // 000000007030: DA9C0F80 130000EA
	v_wmma_f32_16x16x16_bf16 v[152:159], v[8:15], v[225:232], v[152:159]// 000000007038: CC414098 1E63C308
	s_waitcnt lgkmcnt(0)                                       // 000000007040: BF89FC07
	ds_swizzle_b32 v20, v16 offset:swizzle(SWAP,16)            // 000000007044: D8D4401F 14000010
	ds_swizzle_b32 v21, v17 offset:swizzle(SWAP,16)            // 00000000704C: D8D4401F 15000011
	ds_swizzle_b32 v22, v18 offset:swizzle(SWAP,16)            // 000000007054: D8D4401F 16000012
	ds_swizzle_b32 v23, v19 offset:swizzle(SWAP,16)            // 00000000705C: D8D4401F 17000013
	s_waitcnt lgkmcnt(0)                                       // 000000007064: BF89FC07
	ds_load_u16 v225, v234 offset:416                          // 000000007068: D8F001A0 E10000EA
	ds_load_u16_d16_hi v225, v234 offset:928                   // 000000007070: DA9C03A0 E10000EA
	ds_load_u16 v226, v234 offset:1440                         // 000000007078: D8F005A0 E20000EA
	ds_load_u16_d16_hi v226, v234 offset:1952                  // 000000007080: DA9C07A0 E20000EA
	ds_load_u16 v227, v234 offset:2464                         // 000000007088: D8F009A0 E30000EA
	ds_load_u16_d16_hi v227, v234 offset:2976                  // 000000007090: DA9C0BA0 E30000EA
	ds_load_u16 v228, v234 offset:3488                         // 000000007098: D8F00DA0 E40000EA
	ds_load_u16_d16_hi v228, v234 offset:4000                  // 0000000070A0: DA9C0FA0 E40000EA
	v_wmma_f32_16x16x16_bf16 v[160:167], v[8:15], v[16:23], v[160:167]// 0000000070A8: CC4140A0 1E822108
	s_waitcnt lgkmcnt(0)                                       // 0000000070B0: BF89FC07
	ds_swizzle_b32 v229, v225 offset:swizzle(SWAP,16)          // 0000000070B4: D8D4401F E50000E1
	ds_swizzle_b32 v230, v226 offset:swizzle(SWAP,16)          // 0000000070BC: D8D4401F E60000E2
	ds_swizzle_b32 v231, v227 offset:swizzle(SWAP,16)          // 0000000070C4: D8D4401F E70000E3
	ds_swizzle_b32 v232, v228 offset:swizzle(SWAP,16)          // 0000000070CC: D8D4401F E80000E4
	s_waitcnt lgkmcnt(0)                                       // 0000000070D4: BF89FC07
	ds_load_u16 v16, v234 offset:448                           // 0000000070D8: D8F001C0 100000EA
	ds_load_u16_d16_hi v16, v234 offset:960                    // 0000000070E0: DA9C03C0 100000EA
	ds_load_u16 v17, v234 offset:1472                          // 0000000070E8: D8F005C0 110000EA
	ds_load_u16_d16_hi v17, v234 offset:1984                   // 0000000070F0: DA9C07C0 110000EA
	ds_load_u16 v18, v234 offset:2496                          // 0000000070F8: D8F009C0 120000EA
	ds_load_u16_d16_hi v18, v234 offset:3008                   // 000000007100: DA9C0BC0 120000EA
	ds_load_u16 v19, v234 offset:3520                          // 000000007108: D8F00DC0 130000EA
	ds_load_u16_d16_hi v19, v234 offset:4032                   // 000000007110: DA9C0FC0 130000EA
	v_wmma_f32_16x16x16_bf16 v[168:175], v[8:15], v[225:232], v[168:175]// 000000007118: CC4140A8 1EA3C308
	s_waitcnt lgkmcnt(0)                                       // 000000007120: BF89FC07
	ds_swizzle_b32 v20, v16 offset:swizzle(SWAP,16)            // 000000007124: D8D4401F 14000010
	ds_swizzle_b32 v21, v17 offset:swizzle(SWAP,16)            // 00000000712C: D8D4401F 15000011
	ds_swizzle_b32 v22, v18 offset:swizzle(SWAP,16)            // 000000007134: D8D4401F 16000012
	ds_swizzle_b32 v23, v19 offset:swizzle(SWAP,16)            // 00000000713C: D8D4401F 17000013
	s_waitcnt lgkmcnt(0)                                       // 000000007144: BF89FC07
	ds_load_u16 v225, v234 offset:480                          // 000000007148: D8F001E0 E10000EA
	ds_load_u16_d16_hi v225, v234 offset:992                   // 000000007150: DA9C03E0 E10000EA
	ds_load_u16 v226, v234 offset:1504                         // 000000007158: D8F005E0 E20000EA
	ds_load_u16_d16_hi v226, v234 offset:2016                  // 000000007160: DA9C07E0 E20000EA
	ds_load_u16 v227, v234 offset:2528                         // 000000007168: D8F009E0 E30000EA
	ds_load_u16_d16_hi v227, v234 offset:3040                  // 000000007170: DA9C0BE0 E30000EA
	ds_load_u16 v228, v234 offset:3552                         // 000000007178: D8F00DE0 E40000EA
	ds_load_u16_d16_hi v228, v234 offset:4064                  // 000000007180: DA9C0FE0 E40000EA
	v_wmma_f32_16x16x16_bf16 v[176:183], v[8:15], v[16:23], v[176:183]// 000000007188: CC4140B0 1EC22108
	s_waitcnt lgkmcnt(0)                                       // 000000007190: BF89FC07
	ds_swizzle_b32 v229, v225 offset:swizzle(SWAP,16)          // 000000007194: D8D4401F E50000E1
	ds_swizzle_b32 v230, v226 offset:swizzle(SWAP,16)          // 00000000719C: D8D4401F E60000E2
	ds_swizzle_b32 v231, v227 offset:swizzle(SWAP,16)          // 0000000071A4: D8D4401F E70000E3
	ds_swizzle_b32 v232, v228 offset:swizzle(SWAP,16)          // 0000000071AC: D8D4401F E80000E4
	s_waitcnt lgkmcnt(0)                                       // 0000000071B4: BF89FC07
	v_wmma_f32_16x16x16_bf16 v[184:191], v[8:15], v[225:232], v[184:191]// 0000000071B8: CC4140B8 1EE3C308
	ds_load_b128 v[8:11], v233 offset:32                       // 0000000071C0: DBFC0020 080000E9
	s_waitcnt lgkmcnt(0)                                       // 0000000071C8: BF89FC07
	ds_swizzle_b32 v12, v8 offset:swizzle(SWAP,16)             // 0000000071CC: D8D4401F 0C000008
	ds_swizzle_b32 v13, v9 offset:swizzle(SWAP,16)             // 0000000071D4: D8D4401F 0D000009
	ds_swizzle_b32 v14, v10 offset:swizzle(SWAP,16)            // 0000000071DC: D8D4401F 0E00000A
	ds_swizzle_b32 v15, v11 offset:swizzle(SWAP,16)            // 0000000071E4: D8D4401F 0F00000B
	s_waitcnt lgkmcnt(0)                                       // 0000000071EC: BF89FC07
	v_lshlrev_b32_e32 v234, 12, v4                             // 0000000071F0: 31D4088C
	v_lshl_add_u32 v234, v3, 1, v234                           // 0000000071F4: D64600EA 07A90303
	v_add_nc_u32_e32 v234, 0xa000, v234                        // 0000000071FC: 4BD5D4FF 0000A000
	ds_load_u16 v16, v234                                      // 000000007204: D8F00000 100000EA
	ds_load_u16_d16_hi v16, v234 offset:512                    // 00000000720C: DA9C0200 100000EA
	ds_load_u16 v17, v234 offset:1024                          // 000000007214: D8F00400 110000EA
	ds_load_u16_d16_hi v17, v234 offset:1536                   // 00000000721C: DA9C0600 110000EA
	ds_load_u16 v18, v234 offset:2048                          // 000000007224: D8F00800 120000EA
	ds_load_u16_d16_hi v18, v234 offset:2560                   // 00000000722C: DA9C0A00 120000EA
	ds_load_u16 v19, v234 offset:3072                          // 000000007234: D8F00C00 130000EA
	ds_load_u16_d16_hi v19, v234 offset:3584                   // 00000000723C: DA9C0E00 130000EA
	s_waitcnt lgkmcnt(0)                                       // 000000007244: BF89FC07
	ds_swizzle_b32 v20, v16 offset:swizzle(SWAP,16)            // 000000007248: D8D4401F 14000010
	ds_swizzle_b32 v21, v17 offset:swizzle(SWAP,16)            // 000000007250: D8D4401F 15000011
	ds_swizzle_b32 v22, v18 offset:swizzle(SWAP,16)            // 000000007258: D8D4401F 16000012
	ds_swizzle_b32 v23, v19 offset:swizzle(SWAP,16)            // 000000007260: D8D4401F 17000013
	s_waitcnt lgkmcnt(0)                                       // 000000007268: BF89FC07
	ds_load_u16 v225, v234 offset:32                           // 00000000726C: D8F00020 E10000EA
	ds_load_u16_d16_hi v225, v234 offset:544                   // 000000007274: DA9C0220 E10000EA
	ds_load_u16 v226, v234 offset:1056                         // 00000000727C: D8F00420 E20000EA
	ds_load_u16_d16_hi v226, v234 offset:1568                  // 000000007284: DA9C0620 E20000EA
	ds_load_u16 v227, v234 offset:2080                         // 00000000728C: D8F00820 E30000EA
	ds_load_u16_d16_hi v227, v234 offset:2592                  // 000000007294: DA9C0A20 E30000EA
	ds_load_u16 v228, v234 offset:3104                         // 00000000729C: D8F00C20 E40000EA
	ds_load_u16_d16_hi v228, v234 offset:3616                  // 0000000072A4: DA9C0E20 E40000EA
	v_wmma_f32_16x16x16_bf16 v[64:71], v[8:15], v[16:23], v[64:71]// 0000000072AC: CC414040 1D022108
	s_waitcnt lgkmcnt(0)                                       // 0000000072B4: BF89FC07
	ds_swizzle_b32 v229, v225 offset:swizzle(SWAP,16)          // 0000000072B8: D8D4401F E50000E1
	ds_swizzle_b32 v230, v226 offset:swizzle(SWAP,16)          // 0000000072C0: D8D4401F E60000E2
	ds_swizzle_b32 v231, v227 offset:swizzle(SWAP,16)          // 0000000072C8: D8D4401F E70000E3
	ds_swizzle_b32 v232, v228 offset:swizzle(SWAP,16)          // 0000000072D0: D8D4401F E80000E4
	s_waitcnt lgkmcnt(0)                                       // 0000000072D8: BF89FC07
	ds_load_u16 v16, v234 offset:64                            // 0000000072DC: D8F00040 100000EA
	ds_load_u16_d16_hi v16, v234 offset:576                    // 0000000072E4: DA9C0240 100000EA
	ds_load_u16 v17, v234 offset:1088                          // 0000000072EC: D8F00440 110000EA
	ds_load_u16_d16_hi v17, v234 offset:1600                   // 0000000072F4: DA9C0640 110000EA
	ds_load_u16 v18, v234 offset:2112                          // 0000000072FC: D8F00840 120000EA
	ds_load_u16_d16_hi v18, v234 offset:2624                   // 000000007304: DA9C0A40 120000EA
	ds_load_u16 v19, v234 offset:3136                          // 00000000730C: D8F00C40 130000EA
	ds_load_u16_d16_hi v19, v234 offset:3648                   // 000000007314: DA9C0E40 130000EA
	v_wmma_f32_16x16x16_bf16 v[72:79], v[8:15], v[225:232], v[72:79]// 00000000731C: CC414048 1D23C308
	s_waitcnt lgkmcnt(0)                                       // 000000007324: BF89FC07
	ds_swizzle_b32 v20, v16 offset:swizzle(SWAP,16)            // 000000007328: D8D4401F 14000010
	ds_swizzle_b32 v21, v17 offset:swizzle(SWAP,16)            // 000000007330: D8D4401F 15000011
	ds_swizzle_b32 v22, v18 offset:swizzle(SWAP,16)            // 000000007338: D8D4401F 16000012
	ds_swizzle_b32 v23, v19 offset:swizzle(SWAP,16)            // 000000007340: D8D4401F 17000013
	s_waitcnt lgkmcnt(0)                                       // 000000007348: BF89FC07
	ds_load_u16 v225, v234 offset:96                           // 00000000734C: D8F00060 E10000EA
	ds_load_u16_d16_hi v225, v234 offset:608                   // 000000007354: DA9C0260 E10000EA
	ds_load_u16 v226, v234 offset:1120                         // 00000000735C: D8F00460 E20000EA
	ds_load_u16_d16_hi v226, v234 offset:1632                  // 000000007364: DA9C0660 E20000EA
	ds_load_u16 v227, v234 offset:2144                         // 00000000736C: D8F00860 E30000EA
	ds_load_u16_d16_hi v227, v234 offset:2656                  // 000000007374: DA9C0A60 E30000EA
	ds_load_u16 v228, v234 offset:3168                         // 00000000737C: D8F00C60 E40000EA
	ds_load_u16_d16_hi v228, v234 offset:3680                  // 000000007384: DA9C0E60 E40000EA
	v_wmma_f32_16x16x16_bf16 v[80:87], v[8:15], v[16:23], v[80:87]// 00000000738C: CC414050 1D422108
	s_waitcnt lgkmcnt(0)                                       // 000000007394: BF89FC07
	ds_swizzle_b32 v229, v225 offset:swizzle(SWAP,16)          // 000000007398: D8D4401F E50000E1
	ds_swizzle_b32 v230, v226 offset:swizzle(SWAP,16)          // 0000000073A0: D8D4401F E60000E2
	ds_swizzle_b32 v231, v227 offset:swizzle(SWAP,16)          // 0000000073A8: D8D4401F E70000E3
	ds_swizzle_b32 v232, v228 offset:swizzle(SWAP,16)          // 0000000073B0: D8D4401F E80000E4
	s_waitcnt lgkmcnt(0)                                       // 0000000073B8: BF89FC07
	ds_load_u16 v16, v234 offset:128                           // 0000000073BC: D8F00080 100000EA
	ds_load_u16_d16_hi v16, v234 offset:640                    // 0000000073C4: DA9C0280 100000EA
	ds_load_u16 v17, v234 offset:1152                          // 0000000073CC: D8F00480 110000EA
	ds_load_u16_d16_hi v17, v234 offset:1664                   // 0000000073D4: DA9C0680 110000EA
	ds_load_u16 v18, v234 offset:2176                          // 0000000073DC: D8F00880 120000EA
	ds_load_u16_d16_hi v18, v234 offset:2688                   // 0000000073E4: DA9C0A80 120000EA
	ds_load_u16 v19, v234 offset:3200                          // 0000000073EC: D8F00C80 130000EA
	ds_load_u16_d16_hi v19, v234 offset:3712                   // 0000000073F4: DA9C0E80 130000EA
	v_wmma_f32_16x16x16_bf16 v[88:95], v[8:15], v[225:232], v[88:95]// 0000000073FC: CC414058 1D63C308
	s_waitcnt lgkmcnt(0)                                       // 000000007404: BF89FC07
	ds_swizzle_b32 v20, v16 offset:swizzle(SWAP,16)            // 000000007408: D8D4401F 14000010
	ds_swizzle_b32 v21, v17 offset:swizzle(SWAP,16)            // 000000007410: D8D4401F 15000011
	ds_swizzle_b32 v22, v18 offset:swizzle(SWAP,16)            // 000000007418: D8D4401F 16000012
	ds_swizzle_b32 v23, v19 offset:swizzle(SWAP,16)            // 000000007420: D8D4401F 17000013
	s_waitcnt lgkmcnt(0)                                       // 000000007428: BF89FC07
	ds_load_u16 v225, v234 offset:160                          // 00000000742C: D8F000A0 E10000EA
	ds_load_u16_d16_hi v225, v234 offset:672                   // 000000007434: DA9C02A0 E10000EA
	ds_load_u16 v226, v234 offset:1184                         // 00000000743C: D8F004A0 E20000EA
	ds_load_u16_d16_hi v226, v234 offset:1696                  // 000000007444: DA9C06A0 E20000EA
	ds_load_u16 v227, v234 offset:2208                         // 00000000744C: D8F008A0 E30000EA
	ds_load_u16_d16_hi v227, v234 offset:2720                  // 000000007454: DA9C0AA0 E30000EA
	ds_load_u16 v228, v234 offset:3232                         // 00000000745C: D8F00CA0 E40000EA
	ds_load_u16_d16_hi v228, v234 offset:3744                  // 000000007464: DA9C0EA0 E40000EA
	v_wmma_f32_16x16x16_bf16 v[96:103], v[8:15], v[16:23], v[96:103]// 00000000746C: CC414060 1D822108
	s_waitcnt lgkmcnt(0)                                       // 000000007474: BF89FC07
	ds_swizzle_b32 v229, v225 offset:swizzle(SWAP,16)          // 000000007478: D8D4401F E50000E1
	ds_swizzle_b32 v230, v226 offset:swizzle(SWAP,16)          // 000000007480: D8D4401F E60000E2
	ds_swizzle_b32 v231, v227 offset:swizzle(SWAP,16)          // 000000007488: D8D4401F E70000E3
	ds_swizzle_b32 v232, v228 offset:swizzle(SWAP,16)          // 000000007490: D8D4401F E80000E4
	s_waitcnt lgkmcnt(0)                                       // 000000007498: BF89FC07
	ds_load_u16 v16, v234 offset:192                           // 00000000749C: D8F000C0 100000EA
	ds_load_u16_d16_hi v16, v234 offset:704                    // 0000000074A4: DA9C02C0 100000EA
	ds_load_u16 v17, v234 offset:1216                          // 0000000074AC: D8F004C0 110000EA
	ds_load_u16_d16_hi v17, v234 offset:1728                   // 0000000074B4: DA9C06C0 110000EA
	ds_load_u16 v18, v234 offset:2240                          // 0000000074BC: D8F008C0 120000EA
	ds_load_u16_d16_hi v18, v234 offset:2752                   // 0000000074C4: DA9C0AC0 120000EA
	ds_load_u16 v19, v234 offset:3264                          // 0000000074CC: D8F00CC0 130000EA
	ds_load_u16_d16_hi v19, v234 offset:3776                   // 0000000074D4: DA9C0EC0 130000EA
	v_wmma_f32_16x16x16_bf16 v[104:111], v[8:15], v[225:232], v[104:111]// 0000000074DC: CC414068 1DA3C308
	s_waitcnt lgkmcnt(0)                                       // 0000000074E4: BF89FC07
	ds_swizzle_b32 v20, v16 offset:swizzle(SWAP,16)            // 0000000074E8: D8D4401F 14000010
	ds_swizzle_b32 v21, v17 offset:swizzle(SWAP,16)            // 0000000074F0: D8D4401F 15000011
	ds_swizzle_b32 v22, v18 offset:swizzle(SWAP,16)            // 0000000074F8: D8D4401F 16000012
	ds_swizzle_b32 v23, v19 offset:swizzle(SWAP,16)            // 000000007500: D8D4401F 17000013
	s_waitcnt lgkmcnt(0)                                       // 000000007508: BF89FC07
	ds_load_u16 v225, v234 offset:224                          // 00000000750C: D8F000E0 E10000EA
	ds_load_u16_d16_hi v225, v234 offset:736                   // 000000007514: DA9C02E0 E10000EA
	ds_load_u16 v226, v234 offset:1248                         // 00000000751C: D8F004E0 E20000EA
	ds_load_u16_d16_hi v226, v234 offset:1760                  // 000000007524: DA9C06E0 E20000EA
	ds_load_u16 v227, v234 offset:2272                         // 00000000752C: D8F008E0 E30000EA
	ds_load_u16_d16_hi v227, v234 offset:2784                  // 000000007534: DA9C0AE0 E30000EA
	ds_load_u16 v228, v234 offset:3296                         // 00000000753C: D8F00CE0 E40000EA
	ds_load_u16_d16_hi v228, v234 offset:3808                  // 000000007544: DA9C0EE0 E40000EA
	v_wmma_f32_16x16x16_bf16 v[112:119], v[8:15], v[16:23], v[112:119]// 00000000754C: CC414070 1DC22108
	s_waitcnt lgkmcnt(0)                                       // 000000007554: BF89FC07
	ds_swizzle_b32 v229, v225 offset:swizzle(SWAP,16)          // 000000007558: D8D4401F E50000E1
	ds_swizzle_b32 v230, v226 offset:swizzle(SWAP,16)          // 000000007560: D8D4401F E60000E2
	ds_swizzle_b32 v231, v227 offset:swizzle(SWAP,16)          // 000000007568: D8D4401F E70000E3
	ds_swizzle_b32 v232, v228 offset:swizzle(SWAP,16)          // 000000007570: D8D4401F E80000E4
	s_waitcnt lgkmcnt(0)                                       // 000000007578: BF89FC07
	ds_load_u16 v16, v234 offset:256                           // 00000000757C: D8F00100 100000EA
	ds_load_u16_d16_hi v16, v234 offset:768                    // 000000007584: DA9C0300 100000EA
	ds_load_u16 v17, v234 offset:1280                          // 00000000758C: D8F00500 110000EA
	ds_load_u16_d16_hi v17, v234 offset:1792                   // 000000007594: DA9C0700 110000EA
	ds_load_u16 v18, v234 offset:2304                          // 00000000759C: D8F00900 120000EA
	ds_load_u16_d16_hi v18, v234 offset:2816                   // 0000000075A4: DA9C0B00 120000EA
	ds_load_u16 v19, v234 offset:3328                          // 0000000075AC: D8F00D00 130000EA
	ds_load_u16_d16_hi v19, v234 offset:3840                   // 0000000075B4: DA9C0F00 130000EA
	v_wmma_f32_16x16x16_bf16 v[120:127], v[8:15], v[225:232], v[120:127]// 0000000075BC: CC414078 1DE3C308
	s_waitcnt lgkmcnt(0)                                       // 0000000075C4: BF89FC07
	ds_swizzle_b32 v20, v16 offset:swizzle(SWAP,16)            // 0000000075C8: D8D4401F 14000010
	ds_swizzle_b32 v21, v17 offset:swizzle(SWAP,16)            // 0000000075D0: D8D4401F 15000011
	ds_swizzle_b32 v22, v18 offset:swizzle(SWAP,16)            // 0000000075D8: D8D4401F 16000012
	ds_swizzle_b32 v23, v19 offset:swizzle(SWAP,16)            // 0000000075E0: D8D4401F 17000013
	s_waitcnt lgkmcnt(0)                                       // 0000000075E8: BF89FC07
	ds_load_u16 v225, v234 offset:288                          // 0000000075EC: D8F00120 E10000EA
	ds_load_u16_d16_hi v225, v234 offset:800                   // 0000000075F4: DA9C0320 E10000EA
	ds_load_u16 v226, v234 offset:1312                         // 0000000075FC: D8F00520 E20000EA
	ds_load_u16_d16_hi v226, v234 offset:1824                  // 000000007604: DA9C0720 E20000EA
	ds_load_u16 v227, v234 offset:2336                         // 00000000760C: D8F00920 E30000EA
	ds_load_u16_d16_hi v227, v234 offset:2848                  // 000000007614: DA9C0B20 E30000EA
	ds_load_u16 v228, v234 offset:3360                         // 00000000761C: D8F00D20 E40000EA
	ds_load_u16_d16_hi v228, v234 offset:3872                  // 000000007624: DA9C0F20 E40000EA
	v_wmma_f32_16x16x16_bf16 v[128:135], v[8:15], v[16:23], v[128:135]// 00000000762C: CC414080 1E022108
	s_waitcnt lgkmcnt(0)                                       // 000000007634: BF89FC07
	ds_swizzle_b32 v229, v225 offset:swizzle(SWAP,16)          // 000000007638: D8D4401F E50000E1
	ds_swizzle_b32 v230, v226 offset:swizzle(SWAP,16)          // 000000007640: D8D4401F E60000E2
	ds_swizzle_b32 v231, v227 offset:swizzle(SWAP,16)          // 000000007648: D8D4401F E70000E3
	ds_swizzle_b32 v232, v228 offset:swizzle(SWAP,16)          // 000000007650: D8D4401F E80000E4
	s_waitcnt lgkmcnt(0)                                       // 000000007658: BF89FC07
	ds_load_u16 v16, v234 offset:320                           // 00000000765C: D8F00140 100000EA
	ds_load_u16_d16_hi v16, v234 offset:832                    // 000000007664: DA9C0340 100000EA
	ds_load_u16 v17, v234 offset:1344                          // 00000000766C: D8F00540 110000EA
	ds_load_u16_d16_hi v17, v234 offset:1856                   // 000000007674: DA9C0740 110000EA
	ds_load_u16 v18, v234 offset:2368                          // 00000000767C: D8F00940 120000EA
	ds_load_u16_d16_hi v18, v234 offset:2880                   // 000000007684: DA9C0B40 120000EA
	ds_load_u16 v19, v234 offset:3392                          // 00000000768C: D8F00D40 130000EA
	ds_load_u16_d16_hi v19, v234 offset:3904                   // 000000007694: DA9C0F40 130000EA
	v_wmma_f32_16x16x16_bf16 v[136:143], v[8:15], v[225:232], v[136:143]// 00000000769C: CC414088 1E23C308
	s_waitcnt lgkmcnt(0)                                       // 0000000076A4: BF89FC07
	ds_swizzle_b32 v20, v16 offset:swizzle(SWAP,16)            // 0000000076A8: D8D4401F 14000010
	ds_swizzle_b32 v21, v17 offset:swizzle(SWAP,16)            // 0000000076B0: D8D4401F 15000011
	ds_swizzle_b32 v22, v18 offset:swizzle(SWAP,16)            // 0000000076B8: D8D4401F 16000012
	ds_swizzle_b32 v23, v19 offset:swizzle(SWAP,16)            // 0000000076C0: D8D4401F 17000013
	s_waitcnt lgkmcnt(0)                                       // 0000000076C8: BF89FC07
	ds_load_u16 v225, v234 offset:352                          // 0000000076CC: D8F00160 E10000EA
	ds_load_u16_d16_hi v225, v234 offset:864                   // 0000000076D4: DA9C0360 E10000EA
	ds_load_u16 v226, v234 offset:1376                         // 0000000076DC: D8F00560 E20000EA
	ds_load_u16_d16_hi v226, v234 offset:1888                  // 0000000076E4: DA9C0760 E20000EA
	ds_load_u16 v227, v234 offset:2400                         // 0000000076EC: D8F00960 E30000EA
	ds_load_u16_d16_hi v227, v234 offset:2912                  // 0000000076F4: DA9C0B60 E30000EA
	ds_load_u16 v228, v234 offset:3424                         // 0000000076FC: D8F00D60 E40000EA
	ds_load_u16_d16_hi v228, v234 offset:3936                  // 000000007704: DA9C0F60 E40000EA
	v_wmma_f32_16x16x16_bf16 v[144:151], v[8:15], v[16:23], v[144:151]// 00000000770C: CC414090 1E422108
	s_waitcnt lgkmcnt(0)                                       // 000000007714: BF89FC07
	ds_swizzle_b32 v229, v225 offset:swizzle(SWAP,16)          // 000000007718: D8D4401F E50000E1
	ds_swizzle_b32 v230, v226 offset:swizzle(SWAP,16)          // 000000007720: D8D4401F E60000E2
	ds_swizzle_b32 v231, v227 offset:swizzle(SWAP,16)          // 000000007728: D8D4401F E70000E3
	ds_swizzle_b32 v232, v228 offset:swizzle(SWAP,16)          // 000000007730: D8D4401F E80000E4
	s_waitcnt lgkmcnt(0)                                       // 000000007738: BF89FC07
	ds_load_u16 v16, v234 offset:384                           // 00000000773C: D8F00180 100000EA
	ds_load_u16_d16_hi v16, v234 offset:896                    // 000000007744: DA9C0380 100000EA
	ds_load_u16 v17, v234 offset:1408                          // 00000000774C: D8F00580 110000EA
	ds_load_u16_d16_hi v17, v234 offset:1920                   // 000000007754: DA9C0780 110000EA
	ds_load_u16 v18, v234 offset:2432                          // 00000000775C: D8F00980 120000EA
	ds_load_u16_d16_hi v18, v234 offset:2944                   // 000000007764: DA9C0B80 120000EA
	ds_load_u16 v19, v234 offset:3456                          // 00000000776C: D8F00D80 130000EA
	ds_load_u16_d16_hi v19, v234 offset:3968                   // 000000007774: DA9C0F80 130000EA
	v_wmma_f32_16x16x16_bf16 v[152:159], v[8:15], v[225:232], v[152:159]// 00000000777C: CC414098 1E63C308
	s_waitcnt lgkmcnt(0)                                       // 000000007784: BF89FC07
	ds_swizzle_b32 v20, v16 offset:swizzle(SWAP,16)            // 000000007788: D8D4401F 14000010
	ds_swizzle_b32 v21, v17 offset:swizzle(SWAP,16)            // 000000007790: D8D4401F 15000011
	ds_swizzle_b32 v22, v18 offset:swizzle(SWAP,16)            // 000000007798: D8D4401F 16000012
	ds_swizzle_b32 v23, v19 offset:swizzle(SWAP,16)            // 0000000077A0: D8D4401F 17000013
	s_waitcnt lgkmcnt(0)                                       // 0000000077A8: BF89FC07
	ds_load_u16 v225, v234 offset:416                          // 0000000077AC: D8F001A0 E10000EA
	ds_load_u16_d16_hi v225, v234 offset:928                   // 0000000077B4: DA9C03A0 E10000EA
	ds_load_u16 v226, v234 offset:1440                         // 0000000077BC: D8F005A0 E20000EA
	ds_load_u16_d16_hi v226, v234 offset:1952                  // 0000000077C4: DA9C07A0 E20000EA
	ds_load_u16 v227, v234 offset:2464                         // 0000000077CC: D8F009A0 E30000EA
	ds_load_u16_d16_hi v227, v234 offset:2976                  // 0000000077D4: DA9C0BA0 E30000EA
	ds_load_u16 v228, v234 offset:3488                         // 0000000077DC: D8F00DA0 E40000EA
	ds_load_u16_d16_hi v228, v234 offset:4000                  // 0000000077E4: DA9C0FA0 E40000EA
	v_wmma_f32_16x16x16_bf16 v[160:167], v[8:15], v[16:23], v[160:167]// 0000000077EC: CC4140A0 1E822108
	s_waitcnt lgkmcnt(0)                                       // 0000000077F4: BF89FC07
	ds_swizzle_b32 v229, v225 offset:swizzle(SWAP,16)          // 0000000077F8: D8D4401F E50000E1
	ds_swizzle_b32 v230, v226 offset:swizzle(SWAP,16)          // 000000007800: D8D4401F E60000E2
	ds_swizzle_b32 v231, v227 offset:swizzle(SWAP,16)          // 000000007808: D8D4401F E70000E3
	ds_swizzle_b32 v232, v228 offset:swizzle(SWAP,16)          // 000000007810: D8D4401F E80000E4
	s_waitcnt lgkmcnt(0)                                       // 000000007818: BF89FC07
	ds_load_u16 v16, v234 offset:448                           // 00000000781C: D8F001C0 100000EA
	ds_load_u16_d16_hi v16, v234 offset:960                    // 000000007824: DA9C03C0 100000EA
	ds_load_u16 v17, v234 offset:1472                          // 00000000782C: D8F005C0 110000EA
	ds_load_u16_d16_hi v17, v234 offset:1984                   // 000000007834: DA9C07C0 110000EA
	ds_load_u16 v18, v234 offset:2496                          // 00000000783C: D8F009C0 120000EA
	ds_load_u16_d16_hi v18, v234 offset:3008                   // 000000007844: DA9C0BC0 120000EA
	ds_load_u16 v19, v234 offset:3520                          // 00000000784C: D8F00DC0 130000EA
	ds_load_u16_d16_hi v19, v234 offset:4032                   // 000000007854: DA9C0FC0 130000EA
	v_wmma_f32_16x16x16_bf16 v[168:175], v[8:15], v[225:232], v[168:175]// 00000000785C: CC4140A8 1EA3C308
	s_waitcnt lgkmcnt(0)                                       // 000000007864: BF89FC07
	ds_swizzle_b32 v20, v16 offset:swizzle(SWAP,16)            // 000000007868: D8D4401F 14000010
	ds_swizzle_b32 v21, v17 offset:swizzle(SWAP,16)            // 000000007870: D8D4401F 15000011
	ds_swizzle_b32 v22, v18 offset:swizzle(SWAP,16)            // 000000007878: D8D4401F 16000012
	ds_swizzle_b32 v23, v19 offset:swizzle(SWAP,16)            // 000000007880: D8D4401F 17000013
	s_waitcnt lgkmcnt(0)                                       // 000000007888: BF89FC07
	ds_load_u16 v225, v234 offset:480                          // 00000000788C: D8F001E0 E10000EA
	ds_load_u16_d16_hi v225, v234 offset:992                   // 000000007894: DA9C03E0 E10000EA
	ds_load_u16 v226, v234 offset:1504                         // 00000000789C: D8F005E0 E20000EA
	ds_load_u16_d16_hi v226, v234 offset:2016                  // 0000000078A4: DA9C07E0 E20000EA
	ds_load_u16 v227, v234 offset:2528                         // 0000000078AC: D8F009E0 E30000EA
	ds_load_u16_d16_hi v227, v234 offset:3040                  // 0000000078B4: DA9C0BE0 E30000EA
	ds_load_u16 v228, v234 offset:3552                         // 0000000078BC: D8F00DE0 E40000EA
	ds_load_u16_d16_hi v228, v234 offset:4064                  // 0000000078C4: DA9C0FE0 E40000EA
	v_wmma_f32_16x16x16_bf16 v[176:183], v[8:15], v[16:23], v[176:183]// 0000000078CC: CC4140B0 1EC22108
	s_waitcnt lgkmcnt(0)                                       // 0000000078D4: BF89FC07
	ds_swizzle_b32 v229, v225 offset:swizzle(SWAP,16)          // 0000000078D8: D8D4401F E50000E1
	ds_swizzle_b32 v230, v226 offset:swizzle(SWAP,16)          // 0000000078E0: D8D4401F E60000E2
	ds_swizzle_b32 v231, v227 offset:swizzle(SWAP,16)          // 0000000078E8: D8D4401F E70000E3
	ds_swizzle_b32 v232, v228 offset:swizzle(SWAP,16)          // 0000000078F0: D8D4401F E80000E4
	s_waitcnt lgkmcnt(0)                                       // 0000000078F8: BF89FC07
	v_wmma_f32_16x16x16_bf16 v[184:191], v[8:15], v[225:232], v[184:191]// 0000000078FC: CC4140B8 1EE3C308
	s_barrier                                                  // 000000007904: BFBD0000
	v_lshlrev_b32_e32 v229, 4, v1                              // 000000007908: 31CA0284
	s_cmp_lt_u32 s28, s19                                      // 00000000790C: BF0A131C
	s_cbranch_scc0 126                                         // 000000007910: BFA1007E <extend_attention_wmma_n64_split_kv_gfx1151+0x620c>
	s_add_u32 s30, s28, s29                                    // 000000007914: 801E1D1C
	s_add_u32 s30, s30, 32                                     // 000000007918: 801EA01E
	s_lshl_b32 s30, s30, 3                                     // 00000000791C: 841E831E
	s_load_b64 s[44:45], s[16:17], s30                         // 000000007920: F4040B08 3C000000
	s_load_b64 s[46:47], s[16:17], s30 offset:0x20             // 000000007928: F4040B88 3C000020
	s_load_b64 s[48:49], s[16:17], s30 offset:0x40             // 000000007930: F4040C08 3C000040
	s_load_b64 s[50:51], s[16:17], s30 offset:0x60             // 000000007938: F4040C88 3C000060
	s_load_b64 s[52:53], s[16:17], s30 offset:0x80             // 000000007940: F4040D08 3C000080
	s_load_b64 s[54:55], s[16:17], s30 offset:0xa0             // 000000007948: F4040D88 3C0000A0
	s_load_b64 s[56:57], s[16:17], s30 offset:0xc0             // 000000007950: F4040E08 3C0000C0
	s_load_b64 s[58:59], s[16:17], s30 offset:0xe0             // 000000007958: F4040E88 3C0000E0
	s_waitcnt lgkmcnt(0)                                       // 000000007960: BF89FC07
	s_lshl_b32 s38, s44, 10                                    // 000000007964: 84268A2C
	s_add_u32 s38, s38, s25                                    // 000000007968: 80261926
	s_add_u32 s32, s14, s38                                    // 00000000796C: 8020260E
	s_addc_u32 s33, s15, 0                                     // 000000007970: 8221800F
	global_load_b128 v[8:11], v229, s[32:33]                   // 000000007974: DC5E0000 082000E5
	s_lshl_b32 s38, s46, 10                                    // 00000000797C: 84268A2E
	s_add_u32 s38, s38, s25                                    // 000000007980: 80261926
	s_add_u32 s32, s14, s38                                    // 000000007984: 8020260E
	s_addc_u32 s33, s15, 0                                     // 000000007988: 8221800F
	global_load_b128 v[12:15], v229, s[32:33]                  // 00000000798C: DC5E0000 0C2000E5
	s_lshl_b32 s38, s48, 10                                    // 000000007994: 84268A30
	s_add_u32 s38, s38, s25                                    // 000000007998: 80261926
	s_add_u32 s32, s14, s38                                    // 00000000799C: 8020260E
	s_addc_u32 s33, s15, 0                                     // 0000000079A0: 8221800F
	global_load_b128 v[16:19], v229, s[32:33]                  // 0000000079A4: DC5E0000 102000E5
	s_lshl_b32 s38, s50, 10                                    // 0000000079AC: 84268A32
	s_add_u32 s38, s38, s25                                    // 0000000079B0: 80261926
	s_add_u32 s32, s14, s38                                    // 0000000079B4: 8020260E
	s_addc_u32 s33, s15, 0                                     // 0000000079B8: 8221800F
	global_load_b128 v[20:23], v229, s[32:33]                  // 0000000079BC: DC5E0000 142000E5
	s_lshl_b32 s38, s52, 10                                    // 0000000079C4: 84268A34
	s_add_u32 s38, s38, s25                                    // 0000000079C8: 80261926
	s_add_u32 s32, s14, s38                                    // 0000000079CC: 8020260E
	s_addc_u32 s33, s15, 0                                     // 0000000079D0: 8221800F
	global_load_b128 v[231:234], v229, s[32:33]                // 0000000079D4: DC5E0000 E72000E5
	s_lshl_b32 s38, s54, 10                                    // 0000000079DC: 84268A36
	s_add_u32 s38, s38, s25                                    // 0000000079E0: 80261926
	s_add_u32 s32, s14, s38                                    // 0000000079E4: 8020260E
	s_addc_u32 s33, s15, 0                                     // 0000000079E8: 8221800F
	global_load_b128 v[235:238], v229, s[32:33]                // 0000000079EC: DC5E0000 EB2000E5
	s_lshl_b32 s38, s56, 10                                    // 0000000079F4: 84268A38
	s_add_u32 s38, s38, s25                                    // 0000000079F8: 80261926
	s_add_u32 s32, s14, s38                                    // 0000000079FC: 8020260E
	s_addc_u32 s33, s15, 0                                     // 000000007A00: 8221800F
	global_load_b128 v[239:242], v229, s[32:33]                // 000000007A04: DC5E0000 EF2000E5
	s_lshl_b32 s38, s58, 10                                    // 000000007A0C: 84268A3A
	s_add_u32 s38, s38, s25                                    // 000000007A10: 80261926
	s_add_u32 s32, s14, s38                                    // 000000007A14: 8020260E
	s_addc_u32 s33, s15, 0                                     // 000000007A18: 8221800F
	global_load_b128 v[243:246], v229, s[32:33]                // 000000007A1C: DC5E0000 F32000E5
	s_waitcnt vmcnt(0)                                         // 000000007A24: BF8903F7
	s_add_u32 s39, s29, 0                                      // 000000007A28: 8027801D
	s_lshl_b32 s39, s39, 9                                     // 000000007A2C: 84278927
	v_add_nc_u32_e32 v230, s39, v229                           // 000000007A30: 4BCDCA27
	v_add_nc_u32_e32 v230, 0x8000, v230                        // 000000007A34: 4BCDCCFF 00008000
	ds_store_b128 v230, v[8:11]                                // 000000007A3C: DB7C0000 000008E6
	s_add_u32 s39, s29, 4                                      // 000000007A44: 8027841D
	s_lshl_b32 s39, s39, 9                                     // 000000007A48: 84278927
	v_add_nc_u32_e32 v230, s39, v229                           // 000000007A4C: 4BCDCA27
	v_add_nc_u32_e32 v230, 0x8000, v230                        // 000000007A50: 4BCDCCFF 00008000
	ds_store_b128 v230, v[12:15]                               // 000000007A58: DB7C0000 00000CE6
	s_add_u32 s39, s29, 8                                      // 000000007A60: 8027881D
	s_lshl_b32 s39, s39, 9                                     // 000000007A64: 84278927
	v_add_nc_u32_e32 v230, s39, v229                           // 000000007A68: 4BCDCA27
	v_add_nc_u32_e32 v230, 0x8000, v230                        // 000000007A6C: 4BCDCCFF 00008000
	ds_store_b128 v230, v[16:19]                               // 000000007A74: DB7C0000 000010E6
	s_add_u32 s39, s29, 12                                     // 000000007A7C: 80278C1D
	s_lshl_b32 s39, s39, 9                                     // 000000007A80: 84278927
	v_add_nc_u32_e32 v230, s39, v229                           // 000000007A84: 4BCDCA27
	v_add_nc_u32_e32 v230, 0x8000, v230                        // 000000007A88: 4BCDCCFF 00008000
	ds_store_b128 v230, v[20:23]                               // 000000007A90: DB7C0000 000014E6
	s_add_u32 s39, s29, 16                                     // 000000007A98: 8027901D
	s_lshl_b32 s39, s39, 9                                     // 000000007A9C: 84278927
	v_add_nc_u32_e32 v230, s39, v229                           // 000000007AA0: 4BCDCA27
	v_add_nc_u32_e32 v230, 0x8000, v230                        // 000000007AA4: 4BCDCCFF 00008000
	ds_store_b128 v230, v[231:234]                             // 000000007AAC: DB7C0000 0000E7E6
	s_add_u32 s39, s29, 20                                     // 000000007AB4: 8027941D
	s_lshl_b32 s39, s39, 9                                     // 000000007AB8: 84278927
	v_add_nc_u32_e32 v230, s39, v229                           // 000000007ABC: 4BCDCA27
	v_add_nc_u32_e32 v230, 0x8000, v230                        // 000000007AC0: 4BCDCCFF 00008000
	ds_store_b128 v230, v[235:238]                             // 000000007AC8: DB7C0000 0000EBE6
	s_add_u32 s39, s29, 24                                     // 000000007AD0: 8027981D
	s_lshl_b32 s39, s39, 9                                     // 000000007AD4: 84278927
	v_add_nc_u32_e32 v230, s39, v229                           // 000000007AD8: 4BCDCA27
	v_add_nc_u32_e32 v230, 0x8000, v230                        // 000000007ADC: 4BCDCCFF 00008000
	ds_store_b128 v230, v[239:242]                             // 000000007AE4: DB7C0000 0000EFE6
	s_add_u32 s39, s29, 28                                     // 000000007AEC: 80279C1D
	s_lshl_b32 s39, s39, 9                                     // 000000007AF0: 84278927
	v_add_nc_u32_e32 v230, s39, v229                           // 000000007AF4: 4BCDCA27
	v_add_nc_u32_e32 v230, 0x8000, v230                        // 000000007AF8: 4BCDCCFF 00008000
	ds_store_b128 v230, v[243:246]                             // 000000007B00: DB7C0000 0000F3E6
	s_branch 129                                               // 000000007B08: BFA00081 <extend_attention_wmma_n64_split_kv_gfx1151+0x6410>
	s_add_u32 s38, s28, s29                                    // 000000007B0C: 80261D1C
	s_add_u32 s38, s38, 32                                     // 000000007B10: 8026A026
	s_sub_u32 s38, s38, s19                                    // 000000007B14: 80A61326
	s_lshl_b32 s38, s38, 10                                    // 000000007B18: 84268A26
	s_add_u32 s38, s38, s25                                    // 000000007B1C: 80261926
	s_add_u32 s32, s8, s38                                     // 000000007B20: 80202608
	s_addc_u32 s33, s9, 0                                      // 000000007B24: 82218009
	global_load_b128 v[8:11], v229, s[32:33]                   // 000000007B28: DC5E0000 082000E5
	s_add_u32 s38, s28, s29                                    // 000000007B30: 80261D1C
	s_add_u32 s38, s38, 36                                     // 000000007B34: 8026A426
	s_sub_u32 s38, s38, s19                                    // 000000007B38: 80A61326
	s_lshl_b32 s38, s38, 10                                    // 000000007B3C: 84268A26
	s_add_u32 s38, s38, s25                                    // 000000007B40: 80261926
	s_add_u32 s32, s8, s38                                     // 000000007B44: 80202608
	s_addc_u32 s33, s9, 0                                      // 000000007B48: 82218009
	global_load_b128 v[12:15], v229, s[32:33]                  // 000000007B4C: DC5E0000 0C2000E5
	s_add_u32 s38, s28, s29                                    // 000000007B54: 80261D1C
	s_add_u32 s38, s38, 40                                     // 000000007B58: 8026A826
	s_sub_u32 s38, s38, s19                                    // 000000007B5C: 80A61326
	s_lshl_b32 s38, s38, 10                                    // 000000007B60: 84268A26
	s_add_u32 s38, s38, s25                                    // 000000007B64: 80261926
	s_add_u32 s32, s8, s38                                     // 000000007B68: 80202608
	s_addc_u32 s33, s9, 0                                      // 000000007B6C: 82218009
	global_load_b128 v[16:19], v229, s[32:33]                  // 000000007B70: DC5E0000 102000E5
	s_add_u32 s38, s28, s29                                    // 000000007B78: 80261D1C
	s_add_u32 s38, s38, 44                                     // 000000007B7C: 8026AC26
	s_sub_u32 s38, s38, s19                                    // 000000007B80: 80A61326
	s_lshl_b32 s38, s38, 10                                    // 000000007B84: 84268A26
	s_add_u32 s38, s38, s25                                    // 000000007B88: 80261926
	s_add_u32 s32, s8, s38                                     // 000000007B8C: 80202608
	s_addc_u32 s33, s9, 0                                      // 000000007B90: 82218009
	global_load_b128 v[20:23], v229, s[32:33]                  // 000000007B94: DC5E0000 142000E5
	s_add_u32 s38, s28, s29                                    // 000000007B9C: 80261D1C
	s_add_u32 s38, s38, 48                                     // 000000007BA0: 8026B026
	s_sub_u32 s38, s38, s19                                    // 000000007BA4: 80A61326
	s_lshl_b32 s38, s38, 10                                    // 000000007BA8: 84268A26
	s_add_u32 s38, s38, s25                                    // 000000007BAC: 80261926
	s_add_u32 s32, s8, s38                                     // 000000007BB0: 80202608
	s_addc_u32 s33, s9, 0                                      // 000000007BB4: 82218009
	global_load_b128 v[231:234], v229, s[32:33]                // 000000007BB8: DC5E0000 E72000E5
	s_add_u32 s38, s28, s29                                    // 000000007BC0: 80261D1C
	s_add_u32 s38, s38, 52                                     // 000000007BC4: 8026B426
	s_sub_u32 s38, s38, s19                                    // 000000007BC8: 80A61326
	s_lshl_b32 s38, s38, 10                                    // 000000007BCC: 84268A26
	s_add_u32 s38, s38, s25                                    // 000000007BD0: 80261926
	s_add_u32 s32, s8, s38                                     // 000000007BD4: 80202608
	s_addc_u32 s33, s9, 0                                      // 000000007BD8: 82218009
	global_load_b128 v[235:238], v229, s[32:33]                // 000000007BDC: DC5E0000 EB2000E5
	s_add_u32 s38, s28, s29                                    // 000000007BE4: 80261D1C
	s_add_u32 s38, s38, 56                                     // 000000007BE8: 8026B826
	s_sub_u32 s38, s38, s19                                    // 000000007BEC: 80A61326
	s_lshl_b32 s38, s38, 10                                    // 000000007BF0: 84268A26
	s_add_u32 s38, s38, s25                                    // 000000007BF4: 80261926
	s_add_u32 s32, s8, s38                                     // 000000007BF8: 80202608
	s_addc_u32 s33, s9, 0                                      // 000000007BFC: 82218009
	global_load_b128 v[239:242], v229, s[32:33]                // 000000007C00: DC5E0000 EF2000E5
	s_add_u32 s38, s28, s29                                    // 000000007C08: 80261D1C
	s_add_u32 s38, s38, 60                                     // 000000007C0C: 8026BC26
	s_sub_u32 s38, s38, s19                                    // 000000007C10: 80A61326
	s_lshl_b32 s38, s38, 10                                    // 000000007C14: 84268A26
	s_add_u32 s38, s38, s25                                    // 000000007C18: 80261926
	s_add_u32 s32, s8, s38                                     // 000000007C1C: 80202608
	s_addc_u32 s33, s9, 0                                      // 000000007C20: 82218009
	global_load_b128 v[243:246], v229, s[32:33]                // 000000007C24: DC5E0000 F32000E5
	s_waitcnt vmcnt(0)                                         // 000000007C2C: BF8903F7
	s_add_u32 s39, s29, 0                                      // 000000007C30: 8027801D
	s_lshl_b32 s39, s39, 9                                     // 000000007C34: 84278927
	v_add_nc_u32_e32 v230, s39, v229                           // 000000007C38: 4BCDCA27
	v_add_nc_u32_e32 v230, 0x8000, v230                        // 000000007C3C: 4BCDCCFF 00008000
	ds_store_b128 v230, v[8:11]                                // 000000007C44: DB7C0000 000008E6
	s_add_u32 s39, s29, 4                                      // 000000007C4C: 8027841D
	s_lshl_b32 s39, s39, 9                                     // 000000007C50: 84278927
	v_add_nc_u32_e32 v230, s39, v229                           // 000000007C54: 4BCDCA27
	v_add_nc_u32_e32 v230, 0x8000, v230                        // 000000007C58: 4BCDCCFF 00008000
	ds_store_b128 v230, v[12:15]                               // 000000007C60: DB7C0000 00000CE6
	s_add_u32 s39, s29, 8                                      // 000000007C68: 8027881D
	s_lshl_b32 s39, s39, 9                                     // 000000007C6C: 84278927
	v_add_nc_u32_e32 v230, s39, v229                           // 000000007C70: 4BCDCA27
	v_add_nc_u32_e32 v230, 0x8000, v230                        // 000000007C74: 4BCDCCFF 00008000
	ds_store_b128 v230, v[16:19]                               // 000000007C7C: DB7C0000 000010E6
	s_add_u32 s39, s29, 12                                     // 000000007C84: 80278C1D
	s_lshl_b32 s39, s39, 9                                     // 000000007C88: 84278927
	v_add_nc_u32_e32 v230, s39, v229                           // 000000007C8C: 4BCDCA27
	v_add_nc_u32_e32 v230, 0x8000, v230                        // 000000007C90: 4BCDCCFF 00008000
	ds_store_b128 v230, v[20:23]                               // 000000007C98: DB7C0000 000014E6
	s_add_u32 s39, s29, 16                                     // 000000007CA0: 8027901D
	s_lshl_b32 s39, s39, 9                                     // 000000007CA4: 84278927
	v_add_nc_u32_e32 v230, s39, v229                           // 000000007CA8: 4BCDCA27
	v_add_nc_u32_e32 v230, 0x8000, v230                        // 000000007CAC: 4BCDCCFF 00008000
	ds_store_b128 v230, v[231:234]                             // 000000007CB4: DB7C0000 0000E7E6
	s_add_u32 s39, s29, 20                                     // 000000007CBC: 8027941D
	s_lshl_b32 s39, s39, 9                                     // 000000007CC0: 84278927
	v_add_nc_u32_e32 v230, s39, v229                           // 000000007CC4: 4BCDCA27
	v_add_nc_u32_e32 v230, 0x8000, v230                        // 000000007CC8: 4BCDCCFF 00008000
	ds_store_b128 v230, v[235:238]                             // 000000007CD0: DB7C0000 0000EBE6
	s_add_u32 s39, s29, 24                                     // 000000007CD8: 8027981D
	s_lshl_b32 s39, s39, 9                                     // 000000007CDC: 84278927
	v_add_nc_u32_e32 v230, s39, v229                           // 000000007CE0: 4BCDCA27
	v_add_nc_u32_e32 v230, 0x8000, v230                        // 000000007CE4: 4BCDCCFF 00008000
	ds_store_b128 v230, v[239:242]                             // 000000007CEC: DB7C0000 0000EFE6
	s_add_u32 s39, s29, 28                                     // 000000007CF4: 80279C1D
	s_lshl_b32 s39, s39, 9                                     // 000000007CF8: 84278927
	v_add_nc_u32_e32 v230, s39, v229                           // 000000007CFC: 4BCDCA27
	v_add_nc_u32_e32 v230, 0x8000, v230                        // 000000007D00: 4BCDCCFF 00008000
	ds_store_b128 v230, v[243:246]                             // 000000007D08: DB7C0000 0000F3E6
	v_lshlrev_b32_e32 v231, 11, v2                             // 000000007D10: 31CE048B
	v_lshl_add_u32 v232, v4, 7, v231                           // 000000007D14: D64600E8 079D0F04
	v_lshl_add_u32 v232, v3, 1, v232                           // 000000007D1C: D64600E8 07A10303
	v_add_nc_u32_e32 v232, 0xc000, v232                        // 000000007D24: 4BD1D0FF 0000C000
	v_lshl_add_u32 v233, v3, 7, v231                           // 000000007D2C: D64600E9 079D0F03
	v_lshlrev_b32_e32 v229, 4, v1                              // 000000007D34: 31CA0284
	v_lshl_add_u32 v233, v4, 4, v233                           // 000000007D38: D64600E9 07A50904
	v_add_nc_u32_e32 v233, 0xc000, v233                        // 000000007D40: 4BD3D2FF 0000C000
	s_waitcnt lgkmcnt(0)                                       // 000000007D48: BF89FC07
	s_barrier                                                  // 000000007D4C: BFBD0000
	ds_load_b128 v[8:11], v233 offset:64                       // 000000007D50: DBFC0040 080000E9
	s_waitcnt lgkmcnt(0)                                       // 000000007D58: BF89FC07
	ds_swizzle_b32 v12, v8 offset:swizzle(SWAP,16)             // 000000007D5C: D8D4401F 0C000008
	ds_swizzle_b32 v13, v9 offset:swizzle(SWAP,16)             // 000000007D64: D8D4401F 0D000009
	ds_swizzle_b32 v14, v10 offset:swizzle(SWAP,16)            // 000000007D6C: D8D4401F 0E00000A
	ds_swizzle_b32 v15, v11 offset:swizzle(SWAP,16)            // 000000007D74: D8D4401F 0F00000B
	s_waitcnt lgkmcnt(0)                                       // 000000007D7C: BF89FC07
	v_lshlrev_b32_e32 v234, 12, v4                             // 000000007D80: 31D4088C
	v_lshl_add_u32 v234, v3, 1, v234                           // 000000007D84: D64600EA 07A90303
	v_add_nc_u32_e32 v234, 0x8000, v234                        // 000000007D8C: 4BD5D4FF 00008000
	ds_load_u16 v16, v234                                      // 000000007D94: D8F00000 100000EA
	ds_load_u16_d16_hi v16, v234 offset:512                    // 000000007D9C: DA9C0200 100000EA
	ds_load_u16 v17, v234 offset:1024                          // 000000007DA4: D8F00400 110000EA
	ds_load_u16_d16_hi v17, v234 offset:1536                   // 000000007DAC: DA9C0600 110000EA
	ds_load_u16 v18, v234 offset:2048                          // 000000007DB4: D8F00800 120000EA
	ds_load_u16_d16_hi v18, v234 offset:2560                   // 000000007DBC: DA9C0A00 120000EA
	ds_load_u16 v19, v234 offset:3072                          // 000000007DC4: D8F00C00 130000EA
	ds_load_u16_d16_hi v19, v234 offset:3584                   // 000000007DCC: DA9C0E00 130000EA
	s_waitcnt lgkmcnt(0)                                       // 000000007DD4: BF89FC07
	ds_swizzle_b32 v20, v16 offset:swizzle(SWAP,16)            // 000000007DD8: D8D4401F 14000010
	ds_swizzle_b32 v21, v17 offset:swizzle(SWAP,16)            // 000000007DE0: D8D4401F 15000011
	ds_swizzle_b32 v22, v18 offset:swizzle(SWAP,16)            // 000000007DE8: D8D4401F 16000012
	ds_swizzle_b32 v23, v19 offset:swizzle(SWAP,16)            // 000000007DF0: D8D4401F 17000013
	s_waitcnt lgkmcnt(0)                                       // 000000007DF8: BF89FC07
	ds_load_u16 v225, v234 offset:32                           // 000000007DFC: D8F00020 E10000EA
	ds_load_u16_d16_hi v225, v234 offset:544                   // 000000007E04: DA9C0220 E10000EA
	ds_load_u16 v226, v234 offset:1056                         // 000000007E0C: D8F00420 E20000EA
	ds_load_u16_d16_hi v226, v234 offset:1568                  // 000000007E14: DA9C0620 E20000EA
	ds_load_u16 v227, v234 offset:2080                         // 000000007E1C: D8F00820 E30000EA
	ds_load_u16_d16_hi v227, v234 offset:2592                  // 000000007E24: DA9C0A20 E30000EA
	ds_load_u16 v228, v234 offset:3104                         // 000000007E2C: D8F00C20 E40000EA
	ds_load_u16_d16_hi v228, v234 offset:3616                  // 000000007E34: DA9C0E20 E40000EA
	v_wmma_f32_16x16x16_bf16 v[64:71], v[8:15], v[16:23], v[64:71]// 000000007E3C: CC414040 1D022108
	s_waitcnt lgkmcnt(0)                                       // 000000007E44: BF89FC07
	ds_swizzle_b32 v229, v225 offset:swizzle(SWAP,16)          // 000000007E48: D8D4401F E50000E1
	ds_swizzle_b32 v230, v226 offset:swizzle(SWAP,16)          // 000000007E50: D8D4401F E60000E2
	ds_swizzle_b32 v231, v227 offset:swizzle(SWAP,16)          // 000000007E58: D8D4401F E70000E3
	ds_swizzle_b32 v232, v228 offset:swizzle(SWAP,16)          // 000000007E60: D8D4401F E80000E4
	s_waitcnt lgkmcnt(0)                                       // 000000007E68: BF89FC07
	ds_load_u16 v16, v234 offset:64                            // 000000007E6C: D8F00040 100000EA
	ds_load_u16_d16_hi v16, v234 offset:576                    // 000000007E74: DA9C0240 100000EA
	ds_load_u16 v17, v234 offset:1088                          // 000000007E7C: D8F00440 110000EA
	ds_load_u16_d16_hi v17, v234 offset:1600                   // 000000007E84: DA9C0640 110000EA
	ds_load_u16 v18, v234 offset:2112                          // 000000007E8C: D8F00840 120000EA
	ds_load_u16_d16_hi v18, v234 offset:2624                   // 000000007E94: DA9C0A40 120000EA
	ds_load_u16 v19, v234 offset:3136                          // 000000007E9C: D8F00C40 130000EA
	ds_load_u16_d16_hi v19, v234 offset:3648                   // 000000007EA4: DA9C0E40 130000EA
	v_wmma_f32_16x16x16_bf16 v[72:79], v[8:15], v[225:232], v[72:79]// 000000007EAC: CC414048 1D23C308
	s_waitcnt lgkmcnt(0)                                       // 000000007EB4: BF89FC07
	ds_swizzle_b32 v20, v16 offset:swizzle(SWAP,16)            // 000000007EB8: D8D4401F 14000010
	ds_swizzle_b32 v21, v17 offset:swizzle(SWAP,16)            // 000000007EC0: D8D4401F 15000011
	ds_swizzle_b32 v22, v18 offset:swizzle(SWAP,16)            // 000000007EC8: D8D4401F 16000012
	ds_swizzle_b32 v23, v19 offset:swizzle(SWAP,16)            // 000000007ED0: D8D4401F 17000013
	s_waitcnt lgkmcnt(0)                                       // 000000007ED8: BF89FC07
	ds_load_u16 v225, v234 offset:96                           // 000000007EDC: D8F00060 E10000EA
	ds_load_u16_d16_hi v225, v234 offset:608                   // 000000007EE4: DA9C0260 E10000EA
	ds_load_u16 v226, v234 offset:1120                         // 000000007EEC: D8F00460 E20000EA
	ds_load_u16_d16_hi v226, v234 offset:1632                  // 000000007EF4: DA9C0660 E20000EA
	ds_load_u16 v227, v234 offset:2144                         // 000000007EFC: D8F00860 E30000EA
	ds_load_u16_d16_hi v227, v234 offset:2656                  // 000000007F04: DA9C0A60 E30000EA
	ds_load_u16 v228, v234 offset:3168                         // 000000007F0C: D8F00C60 E40000EA
	ds_load_u16_d16_hi v228, v234 offset:3680                  // 000000007F14: DA9C0E60 E40000EA
	v_wmma_f32_16x16x16_bf16 v[80:87], v[8:15], v[16:23], v[80:87]// 000000007F1C: CC414050 1D422108
	s_waitcnt lgkmcnt(0)                                       // 000000007F24: BF89FC07
	ds_swizzle_b32 v229, v225 offset:swizzle(SWAP,16)          // 000000007F28: D8D4401F E50000E1
	ds_swizzle_b32 v230, v226 offset:swizzle(SWAP,16)          // 000000007F30: D8D4401F E60000E2
	ds_swizzle_b32 v231, v227 offset:swizzle(SWAP,16)          // 000000007F38: D8D4401F E70000E3
	ds_swizzle_b32 v232, v228 offset:swizzle(SWAP,16)          // 000000007F40: D8D4401F E80000E4
	s_waitcnt lgkmcnt(0)                                       // 000000007F48: BF89FC07
	ds_load_u16 v16, v234 offset:128                           // 000000007F4C: D8F00080 100000EA
	ds_load_u16_d16_hi v16, v234 offset:640                    // 000000007F54: DA9C0280 100000EA
	ds_load_u16 v17, v234 offset:1152                          // 000000007F5C: D8F00480 110000EA
	ds_load_u16_d16_hi v17, v234 offset:1664                   // 000000007F64: DA9C0680 110000EA
	ds_load_u16 v18, v234 offset:2176                          // 000000007F6C: D8F00880 120000EA
	ds_load_u16_d16_hi v18, v234 offset:2688                   // 000000007F74: DA9C0A80 120000EA
	ds_load_u16 v19, v234 offset:3200                          // 000000007F7C: D8F00C80 130000EA
	ds_load_u16_d16_hi v19, v234 offset:3712                   // 000000007F84: DA9C0E80 130000EA
	v_wmma_f32_16x16x16_bf16 v[88:95], v[8:15], v[225:232], v[88:95]// 000000007F8C: CC414058 1D63C308
	s_waitcnt lgkmcnt(0)                                       // 000000007F94: BF89FC07
	ds_swizzle_b32 v20, v16 offset:swizzle(SWAP,16)            // 000000007F98: D8D4401F 14000010
	ds_swizzle_b32 v21, v17 offset:swizzle(SWAP,16)            // 000000007FA0: D8D4401F 15000011
	ds_swizzle_b32 v22, v18 offset:swizzle(SWAP,16)            // 000000007FA8: D8D4401F 16000012
	ds_swizzle_b32 v23, v19 offset:swizzle(SWAP,16)            // 000000007FB0: D8D4401F 17000013
	s_waitcnt lgkmcnt(0)                                       // 000000007FB8: BF89FC07
	ds_load_u16 v225, v234 offset:160                          // 000000007FBC: D8F000A0 E10000EA
	ds_load_u16_d16_hi v225, v234 offset:672                   // 000000007FC4: DA9C02A0 E10000EA
	ds_load_u16 v226, v234 offset:1184                         // 000000007FCC: D8F004A0 E20000EA
	ds_load_u16_d16_hi v226, v234 offset:1696                  // 000000007FD4: DA9C06A0 E20000EA
	ds_load_u16 v227, v234 offset:2208                         // 000000007FDC: D8F008A0 E30000EA
	ds_load_u16_d16_hi v227, v234 offset:2720                  // 000000007FE4: DA9C0AA0 E30000EA
	ds_load_u16 v228, v234 offset:3232                         // 000000007FEC: D8F00CA0 E40000EA
	ds_load_u16_d16_hi v228, v234 offset:3744                  // 000000007FF4: DA9C0EA0 E40000EA
	v_wmma_f32_16x16x16_bf16 v[96:103], v[8:15], v[16:23], v[96:103]// 000000007FFC: CC414060 1D822108
	s_waitcnt lgkmcnt(0)                                       // 000000008004: BF89FC07
	ds_swizzle_b32 v229, v225 offset:swizzle(SWAP,16)          // 000000008008: D8D4401F E50000E1
	ds_swizzle_b32 v230, v226 offset:swizzle(SWAP,16)          // 000000008010: D8D4401F E60000E2
	ds_swizzle_b32 v231, v227 offset:swizzle(SWAP,16)          // 000000008018: D8D4401F E70000E3
	ds_swizzle_b32 v232, v228 offset:swizzle(SWAP,16)          // 000000008020: D8D4401F E80000E4
	s_waitcnt lgkmcnt(0)                                       // 000000008028: BF89FC07
	ds_load_u16 v16, v234 offset:192                           // 00000000802C: D8F000C0 100000EA
	ds_load_u16_d16_hi v16, v234 offset:704                    // 000000008034: DA9C02C0 100000EA
	ds_load_u16 v17, v234 offset:1216                          // 00000000803C: D8F004C0 110000EA
	ds_load_u16_d16_hi v17, v234 offset:1728                   // 000000008044: DA9C06C0 110000EA
	ds_load_u16 v18, v234 offset:2240                          // 00000000804C: D8F008C0 120000EA
	ds_load_u16_d16_hi v18, v234 offset:2752                   // 000000008054: DA9C0AC0 120000EA
	ds_load_u16 v19, v234 offset:3264                          // 00000000805C: D8F00CC0 130000EA
	ds_load_u16_d16_hi v19, v234 offset:3776                   // 000000008064: DA9C0EC0 130000EA
	v_wmma_f32_16x16x16_bf16 v[104:111], v[8:15], v[225:232], v[104:111]// 00000000806C: CC414068 1DA3C308
	s_waitcnt lgkmcnt(0)                                       // 000000008074: BF89FC07
	ds_swizzle_b32 v20, v16 offset:swizzle(SWAP,16)            // 000000008078: D8D4401F 14000010
	ds_swizzle_b32 v21, v17 offset:swizzle(SWAP,16)            // 000000008080: D8D4401F 15000011
	ds_swizzle_b32 v22, v18 offset:swizzle(SWAP,16)            // 000000008088: D8D4401F 16000012
	ds_swizzle_b32 v23, v19 offset:swizzle(SWAP,16)            // 000000008090: D8D4401F 17000013
	s_waitcnt lgkmcnt(0)                                       // 000000008098: BF89FC07
	ds_load_u16 v225, v234 offset:224                          // 00000000809C: D8F000E0 E10000EA
	ds_load_u16_d16_hi v225, v234 offset:736                   // 0000000080A4: DA9C02E0 E10000EA
	ds_load_u16 v226, v234 offset:1248                         // 0000000080AC: D8F004E0 E20000EA
	ds_load_u16_d16_hi v226, v234 offset:1760                  // 0000000080B4: DA9C06E0 E20000EA
	ds_load_u16 v227, v234 offset:2272                         // 0000000080BC: D8F008E0 E30000EA
	ds_load_u16_d16_hi v227, v234 offset:2784                  // 0000000080C4: DA9C0AE0 E30000EA
	ds_load_u16 v228, v234 offset:3296                         // 0000000080CC: D8F00CE0 E40000EA
	ds_load_u16_d16_hi v228, v234 offset:3808                  // 0000000080D4: DA9C0EE0 E40000EA
	v_wmma_f32_16x16x16_bf16 v[112:119], v[8:15], v[16:23], v[112:119]// 0000000080DC: CC414070 1DC22108
	s_waitcnt lgkmcnt(0)                                       // 0000000080E4: BF89FC07
	ds_swizzle_b32 v229, v225 offset:swizzle(SWAP,16)          // 0000000080E8: D8D4401F E50000E1
	ds_swizzle_b32 v230, v226 offset:swizzle(SWAP,16)          // 0000000080F0: D8D4401F E60000E2
	ds_swizzle_b32 v231, v227 offset:swizzle(SWAP,16)          // 0000000080F8: D8D4401F E70000E3
	ds_swizzle_b32 v232, v228 offset:swizzle(SWAP,16)          // 000000008100: D8D4401F E80000E4
	s_waitcnt lgkmcnt(0)                                       // 000000008108: BF89FC07
	ds_load_u16 v16, v234 offset:256                           // 00000000810C: D8F00100 100000EA
	ds_load_u16_d16_hi v16, v234 offset:768                    // 000000008114: DA9C0300 100000EA
	ds_load_u16 v17, v234 offset:1280                          // 00000000811C: D8F00500 110000EA
	ds_load_u16_d16_hi v17, v234 offset:1792                   // 000000008124: DA9C0700 110000EA
	ds_load_u16 v18, v234 offset:2304                          // 00000000812C: D8F00900 120000EA
	ds_load_u16_d16_hi v18, v234 offset:2816                   // 000000008134: DA9C0B00 120000EA
	ds_load_u16 v19, v234 offset:3328                          // 00000000813C: D8F00D00 130000EA
	ds_load_u16_d16_hi v19, v234 offset:3840                   // 000000008144: DA9C0F00 130000EA
	v_wmma_f32_16x16x16_bf16 v[120:127], v[8:15], v[225:232], v[120:127]// 00000000814C: CC414078 1DE3C308
	s_waitcnt lgkmcnt(0)                                       // 000000008154: BF89FC07
	ds_swizzle_b32 v20, v16 offset:swizzle(SWAP,16)            // 000000008158: D8D4401F 14000010
	ds_swizzle_b32 v21, v17 offset:swizzle(SWAP,16)            // 000000008160: D8D4401F 15000011
	ds_swizzle_b32 v22, v18 offset:swizzle(SWAP,16)            // 000000008168: D8D4401F 16000012
	ds_swizzle_b32 v23, v19 offset:swizzle(SWAP,16)            // 000000008170: D8D4401F 17000013
	s_waitcnt lgkmcnt(0)                                       // 000000008178: BF89FC07
	ds_load_u16 v225, v234 offset:288                          // 00000000817C: D8F00120 E10000EA
	ds_load_u16_d16_hi v225, v234 offset:800                   // 000000008184: DA9C0320 E10000EA
	ds_load_u16 v226, v234 offset:1312                         // 00000000818C: D8F00520 E20000EA
	ds_load_u16_d16_hi v226, v234 offset:1824                  // 000000008194: DA9C0720 E20000EA
	ds_load_u16 v227, v234 offset:2336                         // 00000000819C: D8F00920 E30000EA
	ds_load_u16_d16_hi v227, v234 offset:2848                  // 0000000081A4: DA9C0B20 E30000EA
	ds_load_u16 v228, v234 offset:3360                         // 0000000081AC: D8F00D20 E40000EA
	ds_load_u16_d16_hi v228, v234 offset:3872                  // 0000000081B4: DA9C0F20 E40000EA
	v_wmma_f32_16x16x16_bf16 v[128:135], v[8:15], v[16:23], v[128:135]// 0000000081BC: CC414080 1E022108
	s_waitcnt lgkmcnt(0)                                       // 0000000081C4: BF89FC07
	ds_swizzle_b32 v229, v225 offset:swizzle(SWAP,16)          // 0000000081C8: D8D4401F E50000E1
	ds_swizzle_b32 v230, v226 offset:swizzle(SWAP,16)          // 0000000081D0: D8D4401F E60000E2
	ds_swizzle_b32 v231, v227 offset:swizzle(SWAP,16)          // 0000000081D8: D8D4401F E70000E3
	ds_swizzle_b32 v232, v228 offset:swizzle(SWAP,16)          // 0000000081E0: D8D4401F E80000E4
	s_waitcnt lgkmcnt(0)                                       // 0000000081E8: BF89FC07
	ds_load_u16 v16, v234 offset:320                           // 0000000081EC: D8F00140 100000EA
	ds_load_u16_d16_hi v16, v234 offset:832                    // 0000000081F4: DA9C0340 100000EA
	ds_load_u16 v17, v234 offset:1344                          // 0000000081FC: D8F00540 110000EA
	ds_load_u16_d16_hi v17, v234 offset:1856                   // 000000008204: DA9C0740 110000EA
	ds_load_u16 v18, v234 offset:2368                          // 00000000820C: D8F00940 120000EA
	ds_load_u16_d16_hi v18, v234 offset:2880                   // 000000008214: DA9C0B40 120000EA
	ds_load_u16 v19, v234 offset:3392                          // 00000000821C: D8F00D40 130000EA
	ds_load_u16_d16_hi v19, v234 offset:3904                   // 000000008224: DA9C0F40 130000EA
	v_wmma_f32_16x16x16_bf16 v[136:143], v[8:15], v[225:232], v[136:143]// 00000000822C: CC414088 1E23C308
	s_waitcnt lgkmcnt(0)                                       // 000000008234: BF89FC07
	ds_swizzle_b32 v20, v16 offset:swizzle(SWAP,16)            // 000000008238: D8D4401F 14000010
	ds_swizzle_b32 v21, v17 offset:swizzle(SWAP,16)            // 000000008240: D8D4401F 15000011
	ds_swizzle_b32 v22, v18 offset:swizzle(SWAP,16)            // 000000008248: D8D4401F 16000012
	ds_swizzle_b32 v23, v19 offset:swizzle(SWAP,16)            // 000000008250: D8D4401F 17000013
	s_waitcnt lgkmcnt(0)                                       // 000000008258: BF89FC07
	ds_load_u16 v225, v234 offset:352                          // 00000000825C: D8F00160 E10000EA
	ds_load_u16_d16_hi v225, v234 offset:864                   // 000000008264: DA9C0360 E10000EA
	ds_load_u16 v226, v234 offset:1376                         // 00000000826C: D8F00560 E20000EA
	ds_load_u16_d16_hi v226, v234 offset:1888                  // 000000008274: DA9C0760 E20000EA
	ds_load_u16 v227, v234 offset:2400                         // 00000000827C: D8F00960 E30000EA
	ds_load_u16_d16_hi v227, v234 offset:2912                  // 000000008284: DA9C0B60 E30000EA
	ds_load_u16 v228, v234 offset:3424                         // 00000000828C: D8F00D60 E40000EA
	ds_load_u16_d16_hi v228, v234 offset:3936                  // 000000008294: DA9C0F60 E40000EA
	v_wmma_f32_16x16x16_bf16 v[144:151], v[8:15], v[16:23], v[144:151]// 00000000829C: CC414090 1E422108
	s_waitcnt lgkmcnt(0)                                       // 0000000082A4: BF89FC07
	ds_swizzle_b32 v229, v225 offset:swizzle(SWAP,16)          // 0000000082A8: D8D4401F E50000E1
	ds_swizzle_b32 v230, v226 offset:swizzle(SWAP,16)          // 0000000082B0: D8D4401F E60000E2
	ds_swizzle_b32 v231, v227 offset:swizzle(SWAP,16)          // 0000000082B8: D8D4401F E70000E3
	ds_swizzle_b32 v232, v228 offset:swizzle(SWAP,16)          // 0000000082C0: D8D4401F E80000E4
	s_waitcnt lgkmcnt(0)                                       // 0000000082C8: BF89FC07
	ds_load_u16 v16, v234 offset:384                           // 0000000082CC: D8F00180 100000EA
	ds_load_u16_d16_hi v16, v234 offset:896                    // 0000000082D4: DA9C0380 100000EA
	ds_load_u16 v17, v234 offset:1408                          // 0000000082DC: D8F00580 110000EA
	ds_load_u16_d16_hi v17, v234 offset:1920                   // 0000000082E4: DA9C0780 110000EA
	ds_load_u16 v18, v234 offset:2432                          // 0000000082EC: D8F00980 120000EA
	ds_load_u16_d16_hi v18, v234 offset:2944                   // 0000000082F4: DA9C0B80 120000EA
	ds_load_u16 v19, v234 offset:3456                          // 0000000082FC: D8F00D80 130000EA
	ds_load_u16_d16_hi v19, v234 offset:3968                   // 000000008304: DA9C0F80 130000EA
	v_wmma_f32_16x16x16_bf16 v[152:159], v[8:15], v[225:232], v[152:159]// 00000000830C: CC414098 1E63C308
	s_waitcnt lgkmcnt(0)                                       // 000000008314: BF89FC07
	ds_swizzle_b32 v20, v16 offset:swizzle(SWAP,16)            // 000000008318: D8D4401F 14000010
	ds_swizzle_b32 v21, v17 offset:swizzle(SWAP,16)            // 000000008320: D8D4401F 15000011
	ds_swizzle_b32 v22, v18 offset:swizzle(SWAP,16)            // 000000008328: D8D4401F 16000012
	ds_swizzle_b32 v23, v19 offset:swizzle(SWAP,16)            // 000000008330: D8D4401F 17000013
	s_waitcnt lgkmcnt(0)                                       // 000000008338: BF89FC07
	ds_load_u16 v225, v234 offset:416                          // 00000000833C: D8F001A0 E10000EA
	ds_load_u16_d16_hi v225, v234 offset:928                   // 000000008344: DA9C03A0 E10000EA
	ds_load_u16 v226, v234 offset:1440                         // 00000000834C: D8F005A0 E20000EA
	ds_load_u16_d16_hi v226, v234 offset:1952                  // 000000008354: DA9C07A0 E20000EA
	ds_load_u16 v227, v234 offset:2464                         // 00000000835C: D8F009A0 E30000EA
	ds_load_u16_d16_hi v227, v234 offset:2976                  // 000000008364: DA9C0BA0 E30000EA
	ds_load_u16 v228, v234 offset:3488                         // 00000000836C: D8F00DA0 E40000EA
	ds_load_u16_d16_hi v228, v234 offset:4000                  // 000000008374: DA9C0FA0 E40000EA
	v_wmma_f32_16x16x16_bf16 v[160:167], v[8:15], v[16:23], v[160:167]// 00000000837C: CC4140A0 1E822108
	s_waitcnt lgkmcnt(0)                                       // 000000008384: BF89FC07
	ds_swizzle_b32 v229, v225 offset:swizzle(SWAP,16)          // 000000008388: D8D4401F E50000E1
	ds_swizzle_b32 v230, v226 offset:swizzle(SWAP,16)          // 000000008390: D8D4401F E60000E2
	ds_swizzle_b32 v231, v227 offset:swizzle(SWAP,16)          // 000000008398: D8D4401F E70000E3
	ds_swizzle_b32 v232, v228 offset:swizzle(SWAP,16)          // 0000000083A0: D8D4401F E80000E4
	s_waitcnt lgkmcnt(0)                                       // 0000000083A8: BF89FC07
	ds_load_u16 v16, v234 offset:448                           // 0000000083AC: D8F001C0 100000EA
	ds_load_u16_d16_hi v16, v234 offset:960                    // 0000000083B4: DA9C03C0 100000EA
	ds_load_u16 v17, v234 offset:1472                          // 0000000083BC: D8F005C0 110000EA
	ds_load_u16_d16_hi v17, v234 offset:1984                   // 0000000083C4: DA9C07C0 110000EA
	ds_load_u16 v18, v234 offset:2496                          // 0000000083CC: D8F009C0 120000EA
	ds_load_u16_d16_hi v18, v234 offset:3008                   // 0000000083D4: DA9C0BC0 120000EA
	ds_load_u16 v19, v234 offset:3520                          // 0000000083DC: D8F00DC0 130000EA
	ds_load_u16_d16_hi v19, v234 offset:4032                   // 0000000083E4: DA9C0FC0 130000EA
	v_wmma_f32_16x16x16_bf16 v[168:175], v[8:15], v[225:232], v[168:175]// 0000000083EC: CC4140A8 1EA3C308
	s_waitcnt lgkmcnt(0)                                       // 0000000083F4: BF89FC07
	ds_swizzle_b32 v20, v16 offset:swizzle(SWAP,16)            // 0000000083F8: D8D4401F 14000010
	ds_swizzle_b32 v21, v17 offset:swizzle(SWAP,16)            // 000000008400: D8D4401F 15000011
	ds_swizzle_b32 v22, v18 offset:swizzle(SWAP,16)            // 000000008408: D8D4401F 16000012
	ds_swizzle_b32 v23, v19 offset:swizzle(SWAP,16)            // 000000008410: D8D4401F 17000013
	s_waitcnt lgkmcnt(0)                                       // 000000008418: BF89FC07
	ds_load_u16 v225, v234 offset:480                          // 00000000841C: D8F001E0 E10000EA
	ds_load_u16_d16_hi v225, v234 offset:992                   // 000000008424: DA9C03E0 E10000EA
	ds_load_u16 v226, v234 offset:1504                         // 00000000842C: D8F005E0 E20000EA
	ds_load_u16_d16_hi v226, v234 offset:2016                  // 000000008434: DA9C07E0 E20000EA
	ds_load_u16 v227, v234 offset:2528                         // 00000000843C: D8F009E0 E30000EA
	ds_load_u16_d16_hi v227, v234 offset:3040                  // 000000008444: DA9C0BE0 E30000EA
	ds_load_u16 v228, v234 offset:3552                         // 00000000844C: D8F00DE0 E40000EA
	ds_load_u16_d16_hi v228, v234 offset:4064                  // 000000008454: DA9C0FE0 E40000EA
	v_wmma_f32_16x16x16_bf16 v[176:183], v[8:15], v[16:23], v[176:183]// 00000000845C: CC4140B0 1EC22108
	s_waitcnt lgkmcnt(0)                                       // 000000008464: BF89FC07
	ds_swizzle_b32 v229, v225 offset:swizzle(SWAP,16)          // 000000008468: D8D4401F E50000E1
	ds_swizzle_b32 v230, v226 offset:swizzle(SWAP,16)          // 000000008470: D8D4401F E60000E2
	ds_swizzle_b32 v231, v227 offset:swizzle(SWAP,16)          // 000000008478: D8D4401F E70000E3
	ds_swizzle_b32 v232, v228 offset:swizzle(SWAP,16)          // 000000008480: D8D4401F E80000E4
	s_waitcnt lgkmcnt(0)                                       // 000000008488: BF89FC07
	v_wmma_f32_16x16x16_bf16 v[184:191], v[8:15], v[225:232], v[184:191]// 00000000848C: CC4140B8 1EE3C308
	ds_load_b128 v[8:11], v233 offset:96                       // 000000008494: DBFC0060 080000E9
	s_waitcnt lgkmcnt(0)                                       // 00000000849C: BF89FC07
	ds_swizzle_b32 v12, v8 offset:swizzle(SWAP,16)             // 0000000084A0: D8D4401F 0C000008
	ds_swizzle_b32 v13, v9 offset:swizzle(SWAP,16)             // 0000000084A8: D8D4401F 0D000009
	ds_swizzle_b32 v14, v10 offset:swizzle(SWAP,16)            // 0000000084B0: D8D4401F 0E00000A
	ds_swizzle_b32 v15, v11 offset:swizzle(SWAP,16)            // 0000000084B8: D8D4401F 0F00000B
	s_waitcnt lgkmcnt(0)                                       // 0000000084C0: BF89FC07
	v_lshlrev_b32_e32 v234, 12, v4                             // 0000000084C4: 31D4088C
	v_lshl_add_u32 v234, v3, 1, v234                           // 0000000084C8: D64600EA 07A90303
	v_add_nc_u32_e32 v234, 0xa000, v234                        // 0000000084D0: 4BD5D4FF 0000A000
	ds_load_u16 v16, v234                                      // 0000000084D8: D8F00000 100000EA
	ds_load_u16_d16_hi v16, v234 offset:512                    // 0000000084E0: DA9C0200 100000EA
	ds_load_u16 v17, v234 offset:1024                          // 0000000084E8: D8F00400 110000EA
	ds_load_u16_d16_hi v17, v234 offset:1536                   // 0000000084F0: DA9C0600 110000EA
	ds_load_u16 v18, v234 offset:2048                          // 0000000084F8: D8F00800 120000EA
	ds_load_u16_d16_hi v18, v234 offset:2560                   // 000000008500: DA9C0A00 120000EA
	ds_load_u16 v19, v234 offset:3072                          // 000000008508: D8F00C00 130000EA
	ds_load_u16_d16_hi v19, v234 offset:3584                   // 000000008510: DA9C0E00 130000EA
	s_waitcnt lgkmcnt(0)                                       // 000000008518: BF89FC07
	ds_swizzle_b32 v20, v16 offset:swizzle(SWAP,16)            // 00000000851C: D8D4401F 14000010
	ds_swizzle_b32 v21, v17 offset:swizzle(SWAP,16)            // 000000008524: D8D4401F 15000011
	ds_swizzle_b32 v22, v18 offset:swizzle(SWAP,16)            // 00000000852C: D8D4401F 16000012
	ds_swizzle_b32 v23, v19 offset:swizzle(SWAP,16)            // 000000008534: D8D4401F 17000013
	s_waitcnt lgkmcnt(0)                                       // 00000000853C: BF89FC07
	ds_load_u16 v225, v234 offset:32                           // 000000008540: D8F00020 E10000EA
	ds_load_u16_d16_hi v225, v234 offset:544                   // 000000008548: DA9C0220 E10000EA
	ds_load_u16 v226, v234 offset:1056                         // 000000008550: D8F00420 E20000EA
	ds_load_u16_d16_hi v226, v234 offset:1568                  // 000000008558: DA9C0620 E20000EA
	ds_load_u16 v227, v234 offset:2080                         // 000000008560: D8F00820 E30000EA
	ds_load_u16_d16_hi v227, v234 offset:2592                  // 000000008568: DA9C0A20 E30000EA
	ds_load_u16 v228, v234 offset:3104                         // 000000008570: D8F00C20 E40000EA
	ds_load_u16_d16_hi v228, v234 offset:3616                  // 000000008578: DA9C0E20 E40000EA
	v_wmma_f32_16x16x16_bf16 v[64:71], v[8:15], v[16:23], v[64:71]// 000000008580: CC414040 1D022108
	s_waitcnt lgkmcnt(0)                                       // 000000008588: BF89FC07
	ds_swizzle_b32 v229, v225 offset:swizzle(SWAP,16)          // 00000000858C: D8D4401F E50000E1
	ds_swizzle_b32 v230, v226 offset:swizzle(SWAP,16)          // 000000008594: D8D4401F E60000E2
	ds_swizzle_b32 v231, v227 offset:swizzle(SWAP,16)          // 00000000859C: D8D4401F E70000E3
	ds_swizzle_b32 v232, v228 offset:swizzle(SWAP,16)          // 0000000085A4: D8D4401F E80000E4
	s_waitcnt lgkmcnt(0)                                       // 0000000085AC: BF89FC07
	ds_load_u16 v16, v234 offset:64                            // 0000000085B0: D8F00040 100000EA
	ds_load_u16_d16_hi v16, v234 offset:576                    // 0000000085B8: DA9C0240 100000EA
	ds_load_u16 v17, v234 offset:1088                          // 0000000085C0: D8F00440 110000EA
	ds_load_u16_d16_hi v17, v234 offset:1600                   // 0000000085C8: DA9C0640 110000EA
	ds_load_u16 v18, v234 offset:2112                          // 0000000085D0: D8F00840 120000EA
	ds_load_u16_d16_hi v18, v234 offset:2624                   // 0000000085D8: DA9C0A40 120000EA
	ds_load_u16 v19, v234 offset:3136                          // 0000000085E0: D8F00C40 130000EA
	ds_load_u16_d16_hi v19, v234 offset:3648                   // 0000000085E8: DA9C0E40 130000EA
	v_wmma_f32_16x16x16_bf16 v[72:79], v[8:15], v[225:232], v[72:79]// 0000000085F0: CC414048 1D23C308
	s_waitcnt lgkmcnt(0)                                       // 0000000085F8: BF89FC07
	ds_swizzle_b32 v20, v16 offset:swizzle(SWAP,16)            // 0000000085FC: D8D4401F 14000010
	ds_swizzle_b32 v21, v17 offset:swizzle(SWAP,16)            // 000000008604: D8D4401F 15000011
	ds_swizzle_b32 v22, v18 offset:swizzle(SWAP,16)            // 00000000860C: D8D4401F 16000012
	ds_swizzle_b32 v23, v19 offset:swizzle(SWAP,16)            // 000000008614: D8D4401F 17000013
	s_waitcnt lgkmcnt(0)                                       // 00000000861C: BF89FC07
	ds_load_u16 v225, v234 offset:96                           // 000000008620: D8F00060 E10000EA
	ds_load_u16_d16_hi v225, v234 offset:608                   // 000000008628: DA9C0260 E10000EA
	ds_load_u16 v226, v234 offset:1120                         // 000000008630: D8F00460 E20000EA
	ds_load_u16_d16_hi v226, v234 offset:1632                  // 000000008638: DA9C0660 E20000EA
	ds_load_u16 v227, v234 offset:2144                         // 000000008640: D8F00860 E30000EA
	ds_load_u16_d16_hi v227, v234 offset:2656                  // 000000008648: DA9C0A60 E30000EA
	ds_load_u16 v228, v234 offset:3168                         // 000000008650: D8F00C60 E40000EA
	ds_load_u16_d16_hi v228, v234 offset:3680                  // 000000008658: DA9C0E60 E40000EA
	v_wmma_f32_16x16x16_bf16 v[80:87], v[8:15], v[16:23], v[80:87]// 000000008660: CC414050 1D422108
	s_waitcnt lgkmcnt(0)                                       // 000000008668: BF89FC07
	ds_swizzle_b32 v229, v225 offset:swizzle(SWAP,16)          // 00000000866C: D8D4401F E50000E1
	ds_swizzle_b32 v230, v226 offset:swizzle(SWAP,16)          // 000000008674: D8D4401F E60000E2
	ds_swizzle_b32 v231, v227 offset:swizzle(SWAP,16)          // 00000000867C: D8D4401F E70000E3
	ds_swizzle_b32 v232, v228 offset:swizzle(SWAP,16)          // 000000008684: D8D4401F E80000E4
	s_waitcnt lgkmcnt(0)                                       // 00000000868C: BF89FC07
	ds_load_u16 v16, v234 offset:128                           // 000000008690: D8F00080 100000EA
	ds_load_u16_d16_hi v16, v234 offset:640                    // 000000008698: DA9C0280 100000EA
	ds_load_u16 v17, v234 offset:1152                          // 0000000086A0: D8F00480 110000EA
	ds_load_u16_d16_hi v17, v234 offset:1664                   // 0000000086A8: DA9C0680 110000EA
	ds_load_u16 v18, v234 offset:2176                          // 0000000086B0: D8F00880 120000EA
	ds_load_u16_d16_hi v18, v234 offset:2688                   // 0000000086B8: DA9C0A80 120000EA
	ds_load_u16 v19, v234 offset:3200                          // 0000000086C0: D8F00C80 130000EA
	ds_load_u16_d16_hi v19, v234 offset:3712                   // 0000000086C8: DA9C0E80 130000EA
	v_wmma_f32_16x16x16_bf16 v[88:95], v[8:15], v[225:232], v[88:95]// 0000000086D0: CC414058 1D63C308
	s_waitcnt lgkmcnt(0)                                       // 0000000086D8: BF89FC07
	ds_swizzle_b32 v20, v16 offset:swizzle(SWAP,16)            // 0000000086DC: D8D4401F 14000010
	ds_swizzle_b32 v21, v17 offset:swizzle(SWAP,16)            // 0000000086E4: D8D4401F 15000011
	ds_swizzle_b32 v22, v18 offset:swizzle(SWAP,16)            // 0000000086EC: D8D4401F 16000012
	ds_swizzle_b32 v23, v19 offset:swizzle(SWAP,16)            // 0000000086F4: D8D4401F 17000013
	s_waitcnt lgkmcnt(0)                                       // 0000000086FC: BF89FC07
	ds_load_u16 v225, v234 offset:160                          // 000000008700: D8F000A0 E10000EA
	ds_load_u16_d16_hi v225, v234 offset:672                   // 000000008708: DA9C02A0 E10000EA
	ds_load_u16 v226, v234 offset:1184                         // 000000008710: D8F004A0 E20000EA
	ds_load_u16_d16_hi v226, v234 offset:1696                  // 000000008718: DA9C06A0 E20000EA
	ds_load_u16 v227, v234 offset:2208                         // 000000008720: D8F008A0 E30000EA
	ds_load_u16_d16_hi v227, v234 offset:2720                  // 000000008728: DA9C0AA0 E30000EA
	ds_load_u16 v228, v234 offset:3232                         // 000000008730: D8F00CA0 E40000EA
	ds_load_u16_d16_hi v228, v234 offset:3744                  // 000000008738: DA9C0EA0 E40000EA
	v_wmma_f32_16x16x16_bf16 v[96:103], v[8:15], v[16:23], v[96:103]// 000000008740: CC414060 1D822108
	s_waitcnt lgkmcnt(0)                                       // 000000008748: BF89FC07
	ds_swizzle_b32 v229, v225 offset:swizzle(SWAP,16)          // 00000000874C: D8D4401F E50000E1
	ds_swizzle_b32 v230, v226 offset:swizzle(SWAP,16)          // 000000008754: D8D4401F E60000E2
	ds_swizzle_b32 v231, v227 offset:swizzle(SWAP,16)          // 00000000875C: D8D4401F E70000E3
	ds_swizzle_b32 v232, v228 offset:swizzle(SWAP,16)          // 000000008764: D8D4401F E80000E4
	s_waitcnt lgkmcnt(0)                                       // 00000000876C: BF89FC07
	ds_load_u16 v16, v234 offset:192                           // 000000008770: D8F000C0 100000EA
	ds_load_u16_d16_hi v16, v234 offset:704                    // 000000008778: DA9C02C0 100000EA
	ds_load_u16 v17, v234 offset:1216                          // 000000008780: D8F004C0 110000EA
	ds_load_u16_d16_hi v17, v234 offset:1728                   // 000000008788: DA9C06C0 110000EA
	ds_load_u16 v18, v234 offset:2240                          // 000000008790: D8F008C0 120000EA
	ds_load_u16_d16_hi v18, v234 offset:2752                   // 000000008798: DA9C0AC0 120000EA
	ds_load_u16 v19, v234 offset:3264                          // 0000000087A0: D8F00CC0 130000EA
	ds_load_u16_d16_hi v19, v234 offset:3776                   // 0000000087A8: DA9C0EC0 130000EA
	v_wmma_f32_16x16x16_bf16 v[104:111], v[8:15], v[225:232], v[104:111]// 0000000087B0: CC414068 1DA3C308
	s_waitcnt lgkmcnt(0)                                       // 0000000087B8: BF89FC07
	ds_swizzle_b32 v20, v16 offset:swizzle(SWAP,16)            // 0000000087BC: D8D4401F 14000010
	ds_swizzle_b32 v21, v17 offset:swizzle(SWAP,16)            // 0000000087C4: D8D4401F 15000011
	ds_swizzle_b32 v22, v18 offset:swizzle(SWAP,16)            // 0000000087CC: D8D4401F 16000012
	ds_swizzle_b32 v23, v19 offset:swizzle(SWAP,16)            // 0000000087D4: D8D4401F 17000013
	s_waitcnt lgkmcnt(0)                                       // 0000000087DC: BF89FC07
	ds_load_u16 v225, v234 offset:224                          // 0000000087E0: D8F000E0 E10000EA
	ds_load_u16_d16_hi v225, v234 offset:736                   // 0000000087E8: DA9C02E0 E10000EA
	ds_load_u16 v226, v234 offset:1248                         // 0000000087F0: D8F004E0 E20000EA
	ds_load_u16_d16_hi v226, v234 offset:1760                  // 0000000087F8: DA9C06E0 E20000EA
	ds_load_u16 v227, v234 offset:2272                         // 000000008800: D8F008E0 E30000EA
	ds_load_u16_d16_hi v227, v234 offset:2784                  // 000000008808: DA9C0AE0 E30000EA
	ds_load_u16 v228, v234 offset:3296                         // 000000008810: D8F00CE0 E40000EA
	ds_load_u16_d16_hi v228, v234 offset:3808                  // 000000008818: DA9C0EE0 E40000EA
	v_wmma_f32_16x16x16_bf16 v[112:119], v[8:15], v[16:23], v[112:119]// 000000008820: CC414070 1DC22108
	s_waitcnt lgkmcnt(0)                                       // 000000008828: BF89FC07
	ds_swizzle_b32 v229, v225 offset:swizzle(SWAP,16)          // 00000000882C: D8D4401F E50000E1
	ds_swizzle_b32 v230, v226 offset:swizzle(SWAP,16)          // 000000008834: D8D4401F E60000E2
	ds_swizzle_b32 v231, v227 offset:swizzle(SWAP,16)          // 00000000883C: D8D4401F E70000E3
	ds_swizzle_b32 v232, v228 offset:swizzle(SWAP,16)          // 000000008844: D8D4401F E80000E4
	s_waitcnt lgkmcnt(0)                                       // 00000000884C: BF89FC07
	ds_load_u16 v16, v234 offset:256                           // 000000008850: D8F00100 100000EA
	ds_load_u16_d16_hi v16, v234 offset:768                    // 000000008858: DA9C0300 100000EA
	ds_load_u16 v17, v234 offset:1280                          // 000000008860: D8F00500 110000EA
	ds_load_u16_d16_hi v17, v234 offset:1792                   // 000000008868: DA9C0700 110000EA
	ds_load_u16 v18, v234 offset:2304                          // 000000008870: D8F00900 120000EA
	ds_load_u16_d16_hi v18, v234 offset:2816                   // 000000008878: DA9C0B00 120000EA
	ds_load_u16 v19, v234 offset:3328                          // 000000008880: D8F00D00 130000EA
	ds_load_u16_d16_hi v19, v234 offset:3840                   // 000000008888: DA9C0F00 130000EA
	v_wmma_f32_16x16x16_bf16 v[120:127], v[8:15], v[225:232], v[120:127]// 000000008890: CC414078 1DE3C308
	s_waitcnt lgkmcnt(0)                                       // 000000008898: BF89FC07
	ds_swizzle_b32 v20, v16 offset:swizzle(SWAP,16)            // 00000000889C: D8D4401F 14000010
	ds_swizzle_b32 v21, v17 offset:swizzle(SWAP,16)            // 0000000088A4: D8D4401F 15000011
	ds_swizzle_b32 v22, v18 offset:swizzle(SWAP,16)            // 0000000088AC: D8D4401F 16000012
	ds_swizzle_b32 v23, v19 offset:swizzle(SWAP,16)            // 0000000088B4: D8D4401F 17000013
	s_waitcnt lgkmcnt(0)                                       // 0000000088BC: BF89FC07
	ds_load_u16 v225, v234 offset:288                          // 0000000088C0: D8F00120 E10000EA
	ds_load_u16_d16_hi v225, v234 offset:800                   // 0000000088C8: DA9C0320 E10000EA
	ds_load_u16 v226, v234 offset:1312                         // 0000000088D0: D8F00520 E20000EA
	ds_load_u16_d16_hi v226, v234 offset:1824                  // 0000000088D8: DA9C0720 E20000EA
	ds_load_u16 v227, v234 offset:2336                         // 0000000088E0: D8F00920 E30000EA
	ds_load_u16_d16_hi v227, v234 offset:2848                  // 0000000088E8: DA9C0B20 E30000EA
	ds_load_u16 v228, v234 offset:3360                         // 0000000088F0: D8F00D20 E40000EA
	ds_load_u16_d16_hi v228, v234 offset:3872                  // 0000000088F8: DA9C0F20 E40000EA
	v_wmma_f32_16x16x16_bf16 v[128:135], v[8:15], v[16:23], v[128:135]// 000000008900: CC414080 1E022108
	s_waitcnt lgkmcnt(0)                                       // 000000008908: BF89FC07
	ds_swizzle_b32 v229, v225 offset:swizzle(SWAP,16)          // 00000000890C: D8D4401F E50000E1
	ds_swizzle_b32 v230, v226 offset:swizzle(SWAP,16)          // 000000008914: D8D4401F E60000E2
	ds_swizzle_b32 v231, v227 offset:swizzle(SWAP,16)          // 00000000891C: D8D4401F E70000E3
	ds_swizzle_b32 v232, v228 offset:swizzle(SWAP,16)          // 000000008924: D8D4401F E80000E4
	s_waitcnt lgkmcnt(0)                                       // 00000000892C: BF89FC07
	ds_load_u16 v16, v234 offset:320                           // 000000008930: D8F00140 100000EA
	ds_load_u16_d16_hi v16, v234 offset:832                    // 000000008938: DA9C0340 100000EA
	ds_load_u16 v17, v234 offset:1344                          // 000000008940: D8F00540 110000EA
	ds_load_u16_d16_hi v17, v234 offset:1856                   // 000000008948: DA9C0740 110000EA
	ds_load_u16 v18, v234 offset:2368                          // 000000008950: D8F00940 120000EA
	ds_load_u16_d16_hi v18, v234 offset:2880                   // 000000008958: DA9C0B40 120000EA
	ds_load_u16 v19, v234 offset:3392                          // 000000008960: D8F00D40 130000EA
	ds_load_u16_d16_hi v19, v234 offset:3904                   // 000000008968: DA9C0F40 130000EA
	v_wmma_f32_16x16x16_bf16 v[136:143], v[8:15], v[225:232], v[136:143]// 000000008970: CC414088 1E23C308
	s_waitcnt lgkmcnt(0)                                       // 000000008978: BF89FC07
	ds_swizzle_b32 v20, v16 offset:swizzle(SWAP,16)            // 00000000897C: D8D4401F 14000010
	ds_swizzle_b32 v21, v17 offset:swizzle(SWAP,16)            // 000000008984: D8D4401F 15000011
	ds_swizzle_b32 v22, v18 offset:swizzle(SWAP,16)            // 00000000898C: D8D4401F 16000012
	ds_swizzle_b32 v23, v19 offset:swizzle(SWAP,16)            // 000000008994: D8D4401F 17000013
	s_waitcnt lgkmcnt(0)                                       // 00000000899C: BF89FC07
	ds_load_u16 v225, v234 offset:352                          // 0000000089A0: D8F00160 E10000EA
	ds_load_u16_d16_hi v225, v234 offset:864                   // 0000000089A8: DA9C0360 E10000EA
	ds_load_u16 v226, v234 offset:1376                         // 0000000089B0: D8F00560 E20000EA
	ds_load_u16_d16_hi v226, v234 offset:1888                  // 0000000089B8: DA9C0760 E20000EA
	ds_load_u16 v227, v234 offset:2400                         // 0000000089C0: D8F00960 E30000EA
	ds_load_u16_d16_hi v227, v234 offset:2912                  // 0000000089C8: DA9C0B60 E30000EA
	ds_load_u16 v228, v234 offset:3424                         // 0000000089D0: D8F00D60 E40000EA
	ds_load_u16_d16_hi v228, v234 offset:3936                  // 0000000089D8: DA9C0F60 E40000EA
	v_wmma_f32_16x16x16_bf16 v[144:151], v[8:15], v[16:23], v[144:151]// 0000000089E0: CC414090 1E422108
	s_waitcnt lgkmcnt(0)                                       // 0000000089E8: BF89FC07
	ds_swizzle_b32 v229, v225 offset:swizzle(SWAP,16)          // 0000000089EC: D8D4401F E50000E1
	ds_swizzle_b32 v230, v226 offset:swizzle(SWAP,16)          // 0000000089F4: D8D4401F E60000E2
	ds_swizzle_b32 v231, v227 offset:swizzle(SWAP,16)          // 0000000089FC: D8D4401F E70000E3
	ds_swizzle_b32 v232, v228 offset:swizzle(SWAP,16)          // 000000008A04: D8D4401F E80000E4
	s_waitcnt lgkmcnt(0)                                       // 000000008A0C: BF89FC07
	ds_load_u16 v16, v234 offset:384                           // 000000008A10: D8F00180 100000EA
	ds_load_u16_d16_hi v16, v234 offset:896                    // 000000008A18: DA9C0380 100000EA
	ds_load_u16 v17, v234 offset:1408                          // 000000008A20: D8F00580 110000EA
	ds_load_u16_d16_hi v17, v234 offset:1920                   // 000000008A28: DA9C0780 110000EA
	ds_load_u16 v18, v234 offset:2432                          // 000000008A30: D8F00980 120000EA
	ds_load_u16_d16_hi v18, v234 offset:2944                   // 000000008A38: DA9C0B80 120000EA
	ds_load_u16 v19, v234 offset:3456                          // 000000008A40: D8F00D80 130000EA
	ds_load_u16_d16_hi v19, v234 offset:3968                   // 000000008A48: DA9C0F80 130000EA
	v_wmma_f32_16x16x16_bf16 v[152:159], v[8:15], v[225:232], v[152:159]// 000000008A50: CC414098 1E63C308
	s_waitcnt lgkmcnt(0)                                       // 000000008A58: BF89FC07
	ds_swizzle_b32 v20, v16 offset:swizzle(SWAP,16)            // 000000008A5C: D8D4401F 14000010
	ds_swizzle_b32 v21, v17 offset:swizzle(SWAP,16)            // 000000008A64: D8D4401F 15000011
	ds_swizzle_b32 v22, v18 offset:swizzle(SWAP,16)            // 000000008A6C: D8D4401F 16000012
	ds_swizzle_b32 v23, v19 offset:swizzle(SWAP,16)            // 000000008A74: D8D4401F 17000013
	s_waitcnt lgkmcnt(0)                                       // 000000008A7C: BF89FC07
	ds_load_u16 v225, v234 offset:416                          // 000000008A80: D8F001A0 E10000EA
	ds_load_u16_d16_hi v225, v234 offset:928                   // 000000008A88: DA9C03A0 E10000EA
	ds_load_u16 v226, v234 offset:1440                         // 000000008A90: D8F005A0 E20000EA
	ds_load_u16_d16_hi v226, v234 offset:1952                  // 000000008A98: DA9C07A0 E20000EA
	ds_load_u16 v227, v234 offset:2464                         // 000000008AA0: D8F009A0 E30000EA
	ds_load_u16_d16_hi v227, v234 offset:2976                  // 000000008AA8: DA9C0BA0 E30000EA
	ds_load_u16 v228, v234 offset:3488                         // 000000008AB0: D8F00DA0 E40000EA
	ds_load_u16_d16_hi v228, v234 offset:4000                  // 000000008AB8: DA9C0FA0 E40000EA
	v_wmma_f32_16x16x16_bf16 v[160:167], v[8:15], v[16:23], v[160:167]// 000000008AC0: CC4140A0 1E822108
	s_waitcnt lgkmcnt(0)                                       // 000000008AC8: BF89FC07
	ds_swizzle_b32 v229, v225 offset:swizzle(SWAP,16)          // 000000008ACC: D8D4401F E50000E1
	ds_swizzle_b32 v230, v226 offset:swizzle(SWAP,16)          // 000000008AD4: D8D4401F E60000E2
	ds_swizzle_b32 v231, v227 offset:swizzle(SWAP,16)          // 000000008ADC: D8D4401F E70000E3
	ds_swizzle_b32 v232, v228 offset:swizzle(SWAP,16)          // 000000008AE4: D8D4401F E80000E4
	s_waitcnt lgkmcnt(0)                                       // 000000008AEC: BF89FC07
	ds_load_u16 v16, v234 offset:448                           // 000000008AF0: D8F001C0 100000EA
	ds_load_u16_d16_hi v16, v234 offset:960                    // 000000008AF8: DA9C03C0 100000EA
	ds_load_u16 v17, v234 offset:1472                          // 000000008B00: D8F005C0 110000EA
	ds_load_u16_d16_hi v17, v234 offset:1984                   // 000000008B08: DA9C07C0 110000EA
	ds_load_u16 v18, v234 offset:2496                          // 000000008B10: D8F009C0 120000EA
	ds_load_u16_d16_hi v18, v234 offset:3008                   // 000000008B18: DA9C0BC0 120000EA
	ds_load_u16 v19, v234 offset:3520                          // 000000008B20: D8F00DC0 130000EA
	ds_load_u16_d16_hi v19, v234 offset:4032                   // 000000008B28: DA9C0FC0 130000EA
	v_wmma_f32_16x16x16_bf16 v[168:175], v[8:15], v[225:232], v[168:175]// 000000008B30: CC4140A8 1EA3C308
	s_waitcnt lgkmcnt(0)                                       // 000000008B38: BF89FC07
	ds_swizzle_b32 v20, v16 offset:swizzle(SWAP,16)            // 000000008B3C: D8D4401F 14000010
	ds_swizzle_b32 v21, v17 offset:swizzle(SWAP,16)            // 000000008B44: D8D4401F 15000011
	ds_swizzle_b32 v22, v18 offset:swizzle(SWAP,16)            // 000000008B4C: D8D4401F 16000012
	ds_swizzle_b32 v23, v19 offset:swizzle(SWAP,16)            // 000000008B54: D8D4401F 17000013
	s_waitcnt lgkmcnt(0)                                       // 000000008B5C: BF89FC07
	ds_load_u16 v225, v234 offset:480                          // 000000008B60: D8F001E0 E10000EA
	ds_load_u16_d16_hi v225, v234 offset:992                   // 000000008B68: DA9C03E0 E10000EA
	ds_load_u16 v226, v234 offset:1504                         // 000000008B70: D8F005E0 E20000EA
	ds_load_u16_d16_hi v226, v234 offset:2016                  // 000000008B78: DA9C07E0 E20000EA
	ds_load_u16 v227, v234 offset:2528                         // 000000008B80: D8F009E0 E30000EA
	ds_load_u16_d16_hi v227, v234 offset:3040                  // 000000008B88: DA9C0BE0 E30000EA
	ds_load_u16 v228, v234 offset:3552                         // 000000008B90: D8F00DE0 E40000EA
	ds_load_u16_d16_hi v228, v234 offset:4064                  // 000000008B98: DA9C0FE0 E40000EA
	v_wmma_f32_16x16x16_bf16 v[176:183], v[8:15], v[16:23], v[176:183]// 000000008BA0: CC4140B0 1EC22108
	s_waitcnt lgkmcnt(0)                                       // 000000008BA8: BF89FC07
	ds_swizzle_b32 v229, v225 offset:swizzle(SWAP,16)          // 000000008BAC: D8D4401F E50000E1
	ds_swizzle_b32 v230, v226 offset:swizzle(SWAP,16)          // 000000008BB4: D8D4401F E60000E2
	ds_swizzle_b32 v231, v227 offset:swizzle(SWAP,16)          // 000000008BBC: D8D4401F E70000E3
	ds_swizzle_b32 v232, v228 offset:swizzle(SWAP,16)          // 000000008BC4: D8D4401F E80000E4
	s_waitcnt lgkmcnt(0)                                       // 000000008BCC: BF89FC07
	v_wmma_f32_16x16x16_bf16 v[184:191], v[8:15], v[225:232], v[184:191]// 000000008BD0: CC4140B8 1EE3C308
	v_lshlrev_b32_e32 v229, 4, v1                              // 000000008BD8: 31CA0284
	s_add_u32 s28, s28, 64                                     // 000000008BDC: 801CC01C
	s_cmp_lt_u32 s28, s27                                      // 000000008BE0: BF0A1B1C
	s_cbranch_scc1 58472                                       // 000000008BE4: BFA2E468 <extend_attention_wmma_n64_split_kv_gfx1151+0x488>
	v_rcp_f32_e32 v56, v40                                     // 000000008BE8: 7E705528
	v_rcp_f32_e32 v57, v41                                     // 000000008BEC: 7E725529
	v_rcp_f32_e32 v58, v42                                     // 000000008BF0: 7E74552A
	v_rcp_f32_e32 v59, v43                                     // 000000008BF4: 7E76552B
	v_rcp_f32_e32 v60, v44                                     // 000000008BF8: 7E78552C
	v_rcp_f32_e32 v61, v45                                     // 000000008BFC: 7E7A552D
	v_rcp_f32_e32 v62, v46                                     // 000000008C00: 7E7C552E
	v_rcp_f32_e32 v63, v47                                     // 000000008C04: 7E7E552F
	v_mul_f32_e32 v238, v64, v56                               // 000000008C08: 11DC7140
	v_lshrrev_b32_e32 v239, 16, v238                           // 000000008C0C: 33DFDC90
	v_and_b32_e32 v239, 1, v239                                // 000000008C10: 37DFDE81
	v_add_nc_u32_e32 v240, 0x7fff, v238                        // 000000008C14: 4BE1DCFF 00007FFF
	v_add_nc_u32_e32 v240, v239, v240                          // 000000008C1C: 4BE1E1EF
	v_lshrrev_b32_e32 v240, 16, v240                           // 000000008C20: 33E1E090
	v_add_nc_u32_e32 v241, 0, v6                               // 000000008C24: 4BE20C80
	v_lshlrev_b32_e32 v242, 13, v241                           // 000000008C28: 31E5E28D
	v_add_nc_u32_e32 v242, s24, v242                           // 000000008C2C: 4BE5E418
	v_lshl_add_u32 v242, v3, 1, v242                           // 000000008C30: D64600F2 07C90303
	v_add_nc_u32_e32 v242, 0, v242                             // 000000008C38: 4BE5E480
	v_cmp_gt_u32_e32 vcc_lo, s18, v241                         // 000000008C3C: 7C99E212
	s_and_saveexec_b32 s42, vcc_lo                             // 000000008C40: BEAA206A
	global_store_b16 v242, v240, s[10:11]                      // 000000008C44: DC660000 000AF0F2
	s_mov_b32 exec_lo, s42                                     // 000000008C4C: BEFE002A
	v_mul_f32_e32 v238, v65, v57                               // 000000008C50: 11DC7341
	v_lshrrev_b32_e32 v239, 16, v238                           // 000000008C54: 33DFDC90
	v_and_b32_e32 v239, 1, v239                                // 000000008C58: 37DFDE81
	v_add_nc_u32_e32 v240, 0x7fff, v238                        // 000000008C5C: 4BE1DCFF 00007FFF
	v_add_nc_u32_e32 v240, v239, v240                          // 000000008C64: 4BE1E1EF
	v_lshrrev_b32_e32 v240, 16, v240                           // 000000008C68: 33E1E090
	v_add_nc_u32_e32 v241, 2, v6                               // 000000008C6C: 4BE20C82
	v_lshlrev_b32_e32 v242, 13, v241                           // 000000008C70: 31E5E28D
	v_add_nc_u32_e32 v242, s24, v242                           // 000000008C74: 4BE5E418
	v_lshl_add_u32 v242, v3, 1, v242                           // 000000008C78: D64600F2 07C90303
	v_add_nc_u32_e32 v242, 0, v242                             // 000000008C80: 4BE5E480
	v_cmp_gt_u32_e32 vcc_lo, s18, v241                         // 000000008C84: 7C99E212
	s_and_saveexec_b32 s42, vcc_lo                             // 000000008C88: BEAA206A
	global_store_b16 v242, v240, s[10:11]                      // 000000008C8C: DC660000 000AF0F2
	s_mov_b32 exec_lo, s42                                     // 000000008C94: BEFE002A
	v_mul_f32_e32 v238, v66, v58                               // 000000008C98: 11DC7542
	v_lshrrev_b32_e32 v239, 16, v238                           // 000000008C9C: 33DFDC90
	v_and_b32_e32 v239, 1, v239                                // 000000008CA0: 37DFDE81
	v_add_nc_u32_e32 v240, 0x7fff, v238                        // 000000008CA4: 4BE1DCFF 00007FFF
	v_add_nc_u32_e32 v240, v239, v240                          // 000000008CAC: 4BE1E1EF
	v_lshrrev_b32_e32 v240, 16, v240                           // 000000008CB0: 33E1E090
	v_add_nc_u32_e32 v241, 4, v6                               // 000000008CB4: 4BE20C84
	v_lshlrev_b32_e32 v242, 13, v241                           // 000000008CB8: 31E5E28D
	v_add_nc_u32_e32 v242, s24, v242                           // 000000008CBC: 4BE5E418
	v_lshl_add_u32 v242, v3, 1, v242                           // 000000008CC0: D64600F2 07C90303
	v_add_nc_u32_e32 v242, 0, v242                             // 000000008CC8: 4BE5E480
	v_cmp_gt_u32_e32 vcc_lo, s18, v241                         // 000000008CCC: 7C99E212
	s_and_saveexec_b32 s42, vcc_lo                             // 000000008CD0: BEAA206A
	global_store_b16 v242, v240, s[10:11]                      // 000000008CD4: DC660000 000AF0F2
	s_mov_b32 exec_lo, s42                                     // 000000008CDC: BEFE002A
	v_mul_f32_e32 v238, v67, v59                               // 000000008CE0: 11DC7743
	v_lshrrev_b32_e32 v239, 16, v238                           // 000000008CE4: 33DFDC90
	v_and_b32_e32 v239, 1, v239                                // 000000008CE8: 37DFDE81
	v_add_nc_u32_e32 v240, 0x7fff, v238                        // 000000008CEC: 4BE1DCFF 00007FFF
	v_add_nc_u32_e32 v240, v239, v240                          // 000000008CF4: 4BE1E1EF
	v_lshrrev_b32_e32 v240, 16, v240                           // 000000008CF8: 33E1E090
	v_add_nc_u32_e32 v241, 6, v6                               // 000000008CFC: 4BE20C86
	v_lshlrev_b32_e32 v242, 13, v241                           // 000000008D00: 31E5E28D
	v_add_nc_u32_e32 v242, s24, v242                           // 000000008D04: 4BE5E418
	v_lshl_add_u32 v242, v3, 1, v242                           // 000000008D08: D64600F2 07C90303
	v_add_nc_u32_e32 v242, 0, v242                             // 000000008D10: 4BE5E480
	v_cmp_gt_u32_e32 vcc_lo, s18, v241                         // 000000008D14: 7C99E212
	s_and_saveexec_b32 s42, vcc_lo                             // 000000008D18: BEAA206A
	global_store_b16 v242, v240, s[10:11]                      // 000000008D1C: DC660000 000AF0F2
	s_mov_b32 exec_lo, s42                                     // 000000008D24: BEFE002A
	v_mul_f32_e32 v238, v68, v60                               // 000000008D28: 11DC7944
	v_lshrrev_b32_e32 v239, 16, v238                           // 000000008D2C: 33DFDC90
	v_and_b32_e32 v239, 1, v239                                // 000000008D30: 37DFDE81
	v_add_nc_u32_e32 v240, 0x7fff, v238                        // 000000008D34: 4BE1DCFF 00007FFF
	v_add_nc_u32_e32 v240, v239, v240                          // 000000008D3C: 4BE1E1EF
	v_lshrrev_b32_e32 v240, 16, v240                           // 000000008D40: 33E1E090
	v_add_nc_u32_e32 v241, 8, v6                               // 000000008D44: 4BE20C88
	v_lshlrev_b32_e32 v242, 13, v241                           // 000000008D48: 31E5E28D
	v_add_nc_u32_e32 v242, s24, v242                           // 000000008D4C: 4BE5E418
	v_lshl_add_u32 v242, v3, 1, v242                           // 000000008D50: D64600F2 07C90303
	v_add_nc_u32_e32 v242, 0, v242                             // 000000008D58: 4BE5E480
	v_cmp_gt_u32_e32 vcc_lo, s18, v241                         // 000000008D5C: 7C99E212
	s_and_saveexec_b32 s42, vcc_lo                             // 000000008D60: BEAA206A
	global_store_b16 v242, v240, s[10:11]                      // 000000008D64: DC660000 000AF0F2
	s_mov_b32 exec_lo, s42                                     // 000000008D6C: BEFE002A
	v_mul_f32_e32 v238, v69, v61                               // 000000008D70: 11DC7B45
	v_lshrrev_b32_e32 v239, 16, v238                           // 000000008D74: 33DFDC90
	v_and_b32_e32 v239, 1, v239                                // 000000008D78: 37DFDE81
	v_add_nc_u32_e32 v240, 0x7fff, v238                        // 000000008D7C: 4BE1DCFF 00007FFF
	v_add_nc_u32_e32 v240, v239, v240                          // 000000008D84: 4BE1E1EF
	v_lshrrev_b32_e32 v240, 16, v240                           // 000000008D88: 33E1E090
	v_add_nc_u32_e32 v241, 10, v6                              // 000000008D8C: 4BE20C8A
	v_lshlrev_b32_e32 v242, 13, v241                           // 000000008D90: 31E5E28D
	v_add_nc_u32_e32 v242, s24, v242                           // 000000008D94: 4BE5E418
	v_lshl_add_u32 v242, v3, 1, v242                           // 000000008D98: D64600F2 07C90303
	v_add_nc_u32_e32 v242, 0, v242                             // 000000008DA0: 4BE5E480
	v_cmp_gt_u32_e32 vcc_lo, s18, v241                         // 000000008DA4: 7C99E212
	s_and_saveexec_b32 s42, vcc_lo                             // 000000008DA8: BEAA206A
	global_store_b16 v242, v240, s[10:11]                      // 000000008DAC: DC660000 000AF0F2
	s_mov_b32 exec_lo, s42                                     // 000000008DB4: BEFE002A
	v_mul_f32_e32 v238, v70, v62                               // 000000008DB8: 11DC7D46
	v_lshrrev_b32_e32 v239, 16, v238                           // 000000008DBC: 33DFDC90
	v_and_b32_e32 v239, 1, v239                                // 000000008DC0: 37DFDE81
	v_add_nc_u32_e32 v240, 0x7fff, v238                        // 000000008DC4: 4BE1DCFF 00007FFF
	v_add_nc_u32_e32 v240, v239, v240                          // 000000008DCC: 4BE1E1EF
	v_lshrrev_b32_e32 v240, 16, v240                           // 000000008DD0: 33E1E090
	v_add_nc_u32_e32 v241, 12, v6                              // 000000008DD4: 4BE20C8C
	v_lshlrev_b32_e32 v242, 13, v241                           // 000000008DD8: 31E5E28D
	v_add_nc_u32_e32 v242, s24, v242                           // 000000008DDC: 4BE5E418
	v_lshl_add_u32 v242, v3, 1, v242                           // 000000008DE0: D64600F2 07C90303
	v_add_nc_u32_e32 v242, 0, v242                             // 000000008DE8: 4BE5E480
	v_cmp_gt_u32_e32 vcc_lo, s18, v241                         // 000000008DEC: 7C99E212
	s_and_saveexec_b32 s42, vcc_lo                             // 000000008DF0: BEAA206A
	global_store_b16 v242, v240, s[10:11]                      // 000000008DF4: DC660000 000AF0F2
	s_mov_b32 exec_lo, s42                                     // 000000008DFC: BEFE002A
	v_mul_f32_e32 v238, v71, v63                               // 000000008E00: 11DC7F47
	v_lshrrev_b32_e32 v239, 16, v238                           // 000000008E04: 33DFDC90
	v_and_b32_e32 v239, 1, v239                                // 000000008E08: 37DFDE81
	v_add_nc_u32_e32 v240, 0x7fff, v238                        // 000000008E0C: 4BE1DCFF 00007FFF
	v_add_nc_u32_e32 v240, v239, v240                          // 000000008E14: 4BE1E1EF
	v_lshrrev_b32_e32 v240, 16, v240                           // 000000008E18: 33E1E090
	v_add_nc_u32_e32 v241, 14, v6                              // 000000008E1C: 4BE20C8E
	v_lshlrev_b32_e32 v242, 13, v241                           // 000000008E20: 31E5E28D
	v_add_nc_u32_e32 v242, s24, v242                           // 000000008E24: 4BE5E418
	v_lshl_add_u32 v242, v3, 1, v242                           // 000000008E28: D64600F2 07C90303
	v_add_nc_u32_e32 v242, 0, v242                             // 000000008E30: 4BE5E480
	v_cmp_gt_u32_e32 vcc_lo, s18, v241                         // 000000008E34: 7C99E212
	s_and_saveexec_b32 s42, vcc_lo                             // 000000008E38: BEAA206A
	global_store_b16 v242, v240, s[10:11]                      // 000000008E3C: DC660000 000AF0F2
	s_mov_b32 exec_lo, s42                                     // 000000008E44: BEFE002A
	v_mul_f32_e32 v238, v72, v56                               // 000000008E48: 11DC7148
	v_lshrrev_b32_e32 v239, 16, v238                           // 000000008E4C: 33DFDC90
	v_and_b32_e32 v239, 1, v239                                // 000000008E50: 37DFDE81
	v_add_nc_u32_e32 v240, 0x7fff, v238                        // 000000008E54: 4BE1DCFF 00007FFF
	v_add_nc_u32_e32 v240, v239, v240                          // 000000008E5C: 4BE1E1EF
	v_lshrrev_b32_e32 v240, 16, v240                           // 000000008E60: 33E1E090
	v_add_nc_u32_e32 v241, 0, v6                               // 000000008E64: 4BE20C80
	v_lshlrev_b32_e32 v242, 13, v241                           // 000000008E68: 31E5E28D
	v_add_nc_u32_e32 v242, s24, v242                           // 000000008E6C: 4BE5E418
	v_lshl_add_u32 v242, v3, 1, v242                           // 000000008E70: D64600F2 07C90303
	v_add_nc_u32_e32 v242, 32, v242                            // 000000008E78: 4BE5E4A0
	v_cmp_gt_u32_e32 vcc_lo, s18, v241                         // 000000008E7C: 7C99E212
	s_and_saveexec_b32 s42, vcc_lo                             // 000000008E80: BEAA206A
	global_store_b16 v242, v240, s[10:11]                      // 000000008E84: DC660000 000AF0F2
	s_mov_b32 exec_lo, s42                                     // 000000008E8C: BEFE002A
	v_mul_f32_e32 v238, v73, v57                               // 000000008E90: 11DC7349
	v_lshrrev_b32_e32 v239, 16, v238                           // 000000008E94: 33DFDC90
	v_and_b32_e32 v239, 1, v239                                // 000000008E98: 37DFDE81
	v_add_nc_u32_e32 v240, 0x7fff, v238                        // 000000008E9C: 4BE1DCFF 00007FFF
	v_add_nc_u32_e32 v240, v239, v240                          // 000000008EA4: 4BE1E1EF
	v_lshrrev_b32_e32 v240, 16, v240                           // 000000008EA8: 33E1E090
	v_add_nc_u32_e32 v241, 2, v6                               // 000000008EAC: 4BE20C82
	v_lshlrev_b32_e32 v242, 13, v241                           // 000000008EB0: 31E5E28D
	v_add_nc_u32_e32 v242, s24, v242                           // 000000008EB4: 4BE5E418
	v_lshl_add_u32 v242, v3, 1, v242                           // 000000008EB8: D64600F2 07C90303
	v_add_nc_u32_e32 v242, 32, v242                            // 000000008EC0: 4BE5E4A0
	v_cmp_gt_u32_e32 vcc_lo, s18, v241                         // 000000008EC4: 7C99E212
	s_and_saveexec_b32 s42, vcc_lo                             // 000000008EC8: BEAA206A
	global_store_b16 v242, v240, s[10:11]                      // 000000008ECC: DC660000 000AF0F2
	s_mov_b32 exec_lo, s42                                     // 000000008ED4: BEFE002A
	v_mul_f32_e32 v238, v74, v58                               // 000000008ED8: 11DC754A
	v_lshrrev_b32_e32 v239, 16, v238                           // 000000008EDC: 33DFDC90
	v_and_b32_e32 v239, 1, v239                                // 000000008EE0: 37DFDE81
	v_add_nc_u32_e32 v240, 0x7fff, v238                        // 000000008EE4: 4BE1DCFF 00007FFF
	v_add_nc_u32_e32 v240, v239, v240                          // 000000008EEC: 4BE1E1EF
	v_lshrrev_b32_e32 v240, 16, v240                           // 000000008EF0: 33E1E090
	v_add_nc_u32_e32 v241, 4, v6                               // 000000008EF4: 4BE20C84
	v_lshlrev_b32_e32 v242, 13, v241                           // 000000008EF8: 31E5E28D
	v_add_nc_u32_e32 v242, s24, v242                           // 000000008EFC: 4BE5E418
	v_lshl_add_u32 v242, v3, 1, v242                           // 000000008F00: D64600F2 07C90303
	v_add_nc_u32_e32 v242, 32, v242                            // 000000008F08: 4BE5E4A0
	v_cmp_gt_u32_e32 vcc_lo, s18, v241                         // 000000008F0C: 7C99E212
	s_and_saveexec_b32 s42, vcc_lo                             // 000000008F10: BEAA206A
	global_store_b16 v242, v240, s[10:11]                      // 000000008F14: DC660000 000AF0F2
	s_mov_b32 exec_lo, s42                                     // 000000008F1C: BEFE002A
	v_mul_f32_e32 v238, v75, v59                               // 000000008F20: 11DC774B
	v_lshrrev_b32_e32 v239, 16, v238                           // 000000008F24: 33DFDC90
	v_and_b32_e32 v239, 1, v239                                // 000000008F28: 37DFDE81
	v_add_nc_u32_e32 v240, 0x7fff, v238                        // 000000008F2C: 4BE1DCFF 00007FFF
	v_add_nc_u32_e32 v240, v239, v240                          // 000000008F34: 4BE1E1EF
	v_lshrrev_b32_e32 v240, 16, v240                           // 000000008F38: 33E1E090
	v_add_nc_u32_e32 v241, 6, v6                               // 000000008F3C: 4BE20C86
	v_lshlrev_b32_e32 v242, 13, v241                           // 000000008F40: 31E5E28D
	v_add_nc_u32_e32 v242, s24, v242                           // 000000008F44: 4BE5E418
	v_lshl_add_u32 v242, v3, 1, v242                           // 000000008F48: D64600F2 07C90303
	v_add_nc_u32_e32 v242, 32, v242                            // 000000008F50: 4BE5E4A0
	v_cmp_gt_u32_e32 vcc_lo, s18, v241                         // 000000008F54: 7C99E212
	s_and_saveexec_b32 s42, vcc_lo                             // 000000008F58: BEAA206A
	global_store_b16 v242, v240, s[10:11]                      // 000000008F5C: DC660000 000AF0F2
	s_mov_b32 exec_lo, s42                                     // 000000008F64: BEFE002A
	v_mul_f32_e32 v238, v76, v60                               // 000000008F68: 11DC794C
	v_lshrrev_b32_e32 v239, 16, v238                           // 000000008F6C: 33DFDC90
	v_and_b32_e32 v239, 1, v239                                // 000000008F70: 37DFDE81
	v_add_nc_u32_e32 v240, 0x7fff, v238                        // 000000008F74: 4BE1DCFF 00007FFF
	v_add_nc_u32_e32 v240, v239, v240                          // 000000008F7C: 4BE1E1EF
	v_lshrrev_b32_e32 v240, 16, v240                           // 000000008F80: 33E1E090
	v_add_nc_u32_e32 v241, 8, v6                               // 000000008F84: 4BE20C88
	v_lshlrev_b32_e32 v242, 13, v241                           // 000000008F88: 31E5E28D
	v_add_nc_u32_e32 v242, s24, v242                           // 000000008F8C: 4BE5E418
	v_lshl_add_u32 v242, v3, 1, v242                           // 000000008F90: D64600F2 07C90303
	v_add_nc_u32_e32 v242, 32, v242                            // 000000008F98: 4BE5E4A0
	v_cmp_gt_u32_e32 vcc_lo, s18, v241                         // 000000008F9C: 7C99E212
	s_and_saveexec_b32 s42, vcc_lo                             // 000000008FA0: BEAA206A
	global_store_b16 v242, v240, s[10:11]                      // 000000008FA4: DC660000 000AF0F2
	s_mov_b32 exec_lo, s42                                     // 000000008FAC: BEFE002A
	v_mul_f32_e32 v238, v77, v61                               // 000000008FB0: 11DC7B4D
	v_lshrrev_b32_e32 v239, 16, v238                           // 000000008FB4: 33DFDC90
	v_and_b32_e32 v239, 1, v239                                // 000000008FB8: 37DFDE81
	v_add_nc_u32_e32 v240, 0x7fff, v238                        // 000000008FBC: 4BE1DCFF 00007FFF
	v_add_nc_u32_e32 v240, v239, v240                          // 000000008FC4: 4BE1E1EF
	v_lshrrev_b32_e32 v240, 16, v240                           // 000000008FC8: 33E1E090
	v_add_nc_u32_e32 v241, 10, v6                              // 000000008FCC: 4BE20C8A
	v_lshlrev_b32_e32 v242, 13, v241                           // 000000008FD0: 31E5E28D
	v_add_nc_u32_e32 v242, s24, v242                           // 000000008FD4: 4BE5E418
	v_lshl_add_u32 v242, v3, 1, v242                           // 000000008FD8: D64600F2 07C90303
	v_add_nc_u32_e32 v242, 32, v242                            // 000000008FE0: 4BE5E4A0
	v_cmp_gt_u32_e32 vcc_lo, s18, v241                         // 000000008FE4: 7C99E212
	s_and_saveexec_b32 s42, vcc_lo                             // 000000008FE8: BEAA206A
	global_store_b16 v242, v240, s[10:11]                      // 000000008FEC: DC660000 000AF0F2
	s_mov_b32 exec_lo, s42                                     // 000000008FF4: BEFE002A
	v_mul_f32_e32 v238, v78, v62                               // 000000008FF8: 11DC7D4E
	v_lshrrev_b32_e32 v239, 16, v238                           // 000000008FFC: 33DFDC90
	v_and_b32_e32 v239, 1, v239                                // 000000009000: 37DFDE81
	v_add_nc_u32_e32 v240, 0x7fff, v238                        // 000000009004: 4BE1DCFF 00007FFF
	v_add_nc_u32_e32 v240, v239, v240                          // 00000000900C: 4BE1E1EF
	v_lshrrev_b32_e32 v240, 16, v240                           // 000000009010: 33E1E090
	v_add_nc_u32_e32 v241, 12, v6                              // 000000009014: 4BE20C8C
	v_lshlrev_b32_e32 v242, 13, v241                           // 000000009018: 31E5E28D
	v_add_nc_u32_e32 v242, s24, v242                           // 00000000901C: 4BE5E418
	v_lshl_add_u32 v242, v3, 1, v242                           // 000000009020: D64600F2 07C90303
	v_add_nc_u32_e32 v242, 32, v242                            // 000000009028: 4BE5E4A0
	v_cmp_gt_u32_e32 vcc_lo, s18, v241                         // 00000000902C: 7C99E212
	s_and_saveexec_b32 s42, vcc_lo                             // 000000009030: BEAA206A
	global_store_b16 v242, v240, s[10:11]                      // 000000009034: DC660000 000AF0F2
	s_mov_b32 exec_lo, s42                                     // 00000000903C: BEFE002A
	v_mul_f32_e32 v238, v79, v63                               // 000000009040: 11DC7F4F
	v_lshrrev_b32_e32 v239, 16, v238                           // 000000009044: 33DFDC90
	v_and_b32_e32 v239, 1, v239                                // 000000009048: 37DFDE81
	v_add_nc_u32_e32 v240, 0x7fff, v238                        // 00000000904C: 4BE1DCFF 00007FFF
	v_add_nc_u32_e32 v240, v239, v240                          // 000000009054: 4BE1E1EF
	v_lshrrev_b32_e32 v240, 16, v240                           // 000000009058: 33E1E090
	v_add_nc_u32_e32 v241, 14, v6                              // 00000000905C: 4BE20C8E
	v_lshlrev_b32_e32 v242, 13, v241                           // 000000009060: 31E5E28D
	v_add_nc_u32_e32 v242, s24, v242                           // 000000009064: 4BE5E418
	v_lshl_add_u32 v242, v3, 1, v242                           // 000000009068: D64600F2 07C90303
	v_add_nc_u32_e32 v242, 32, v242                            // 000000009070: 4BE5E4A0
	v_cmp_gt_u32_e32 vcc_lo, s18, v241                         // 000000009074: 7C99E212
	s_and_saveexec_b32 s42, vcc_lo                             // 000000009078: BEAA206A
	global_store_b16 v242, v240, s[10:11]                      // 00000000907C: DC660000 000AF0F2
	s_mov_b32 exec_lo, s42                                     // 000000009084: BEFE002A
	v_mul_f32_e32 v238, v80, v56                               // 000000009088: 11DC7150
	v_lshrrev_b32_e32 v239, 16, v238                           // 00000000908C: 33DFDC90
	v_and_b32_e32 v239, 1, v239                                // 000000009090: 37DFDE81
	v_add_nc_u32_e32 v240, 0x7fff, v238                        // 000000009094: 4BE1DCFF 00007FFF
	v_add_nc_u32_e32 v240, v239, v240                          // 00000000909C: 4BE1E1EF
	v_lshrrev_b32_e32 v240, 16, v240                           // 0000000090A0: 33E1E090
	v_add_nc_u32_e32 v241, 0, v6                               // 0000000090A4: 4BE20C80
	v_lshlrev_b32_e32 v242, 13, v241                           // 0000000090A8: 31E5E28D
	v_add_nc_u32_e32 v242, s24, v242                           // 0000000090AC: 4BE5E418
	v_lshl_add_u32 v242, v3, 1, v242                           // 0000000090B0: D64600F2 07C90303
	v_add_nc_u32_e32 v242, 64, v242                            // 0000000090B8: 4BE5E4C0
	v_cmp_gt_u32_e32 vcc_lo, s18, v241                         // 0000000090BC: 7C99E212
	s_and_saveexec_b32 s42, vcc_lo                             // 0000000090C0: BEAA206A
	global_store_b16 v242, v240, s[10:11]                      // 0000000090C4: DC660000 000AF0F2
	s_mov_b32 exec_lo, s42                                     // 0000000090CC: BEFE002A
	v_mul_f32_e32 v238, v81, v57                               // 0000000090D0: 11DC7351
	v_lshrrev_b32_e32 v239, 16, v238                           // 0000000090D4: 33DFDC90
	v_and_b32_e32 v239, 1, v239                                // 0000000090D8: 37DFDE81
	v_add_nc_u32_e32 v240, 0x7fff, v238                        // 0000000090DC: 4BE1DCFF 00007FFF
	v_add_nc_u32_e32 v240, v239, v240                          // 0000000090E4: 4BE1E1EF
	v_lshrrev_b32_e32 v240, 16, v240                           // 0000000090E8: 33E1E090
	v_add_nc_u32_e32 v241, 2, v6                               // 0000000090EC: 4BE20C82
	v_lshlrev_b32_e32 v242, 13, v241                           // 0000000090F0: 31E5E28D
	v_add_nc_u32_e32 v242, s24, v242                           // 0000000090F4: 4BE5E418
	v_lshl_add_u32 v242, v3, 1, v242                           // 0000000090F8: D64600F2 07C90303
	v_add_nc_u32_e32 v242, 64, v242                            // 000000009100: 4BE5E4C0
	v_cmp_gt_u32_e32 vcc_lo, s18, v241                         // 000000009104: 7C99E212
	s_and_saveexec_b32 s42, vcc_lo                             // 000000009108: BEAA206A
	global_store_b16 v242, v240, s[10:11]                      // 00000000910C: DC660000 000AF0F2
	s_mov_b32 exec_lo, s42                                     // 000000009114: BEFE002A
	v_mul_f32_e32 v238, v82, v58                               // 000000009118: 11DC7552
	v_lshrrev_b32_e32 v239, 16, v238                           // 00000000911C: 33DFDC90
	v_and_b32_e32 v239, 1, v239                                // 000000009120: 37DFDE81
	v_add_nc_u32_e32 v240, 0x7fff, v238                        // 000000009124: 4BE1DCFF 00007FFF
	v_add_nc_u32_e32 v240, v239, v240                          // 00000000912C: 4BE1E1EF
	v_lshrrev_b32_e32 v240, 16, v240                           // 000000009130: 33E1E090
	v_add_nc_u32_e32 v241, 4, v6                               // 000000009134: 4BE20C84
	v_lshlrev_b32_e32 v242, 13, v241                           // 000000009138: 31E5E28D
	v_add_nc_u32_e32 v242, s24, v242                           // 00000000913C: 4BE5E418
	v_lshl_add_u32 v242, v3, 1, v242                           // 000000009140: D64600F2 07C90303
	v_add_nc_u32_e32 v242, 64, v242                            // 000000009148: 4BE5E4C0
	v_cmp_gt_u32_e32 vcc_lo, s18, v241                         // 00000000914C: 7C99E212
	s_and_saveexec_b32 s42, vcc_lo                             // 000000009150: BEAA206A
	global_store_b16 v242, v240, s[10:11]                      // 000000009154: DC660000 000AF0F2
	s_mov_b32 exec_lo, s42                                     // 00000000915C: BEFE002A
	v_mul_f32_e32 v238, v83, v59                               // 000000009160: 11DC7753
	v_lshrrev_b32_e32 v239, 16, v238                           // 000000009164: 33DFDC90
	v_and_b32_e32 v239, 1, v239                                // 000000009168: 37DFDE81
	v_add_nc_u32_e32 v240, 0x7fff, v238                        // 00000000916C: 4BE1DCFF 00007FFF
	v_add_nc_u32_e32 v240, v239, v240                          // 000000009174: 4BE1E1EF
	v_lshrrev_b32_e32 v240, 16, v240                           // 000000009178: 33E1E090
	v_add_nc_u32_e32 v241, 6, v6                               // 00000000917C: 4BE20C86
	v_lshlrev_b32_e32 v242, 13, v241                           // 000000009180: 31E5E28D
	v_add_nc_u32_e32 v242, s24, v242                           // 000000009184: 4BE5E418
	v_lshl_add_u32 v242, v3, 1, v242                           // 000000009188: D64600F2 07C90303
	v_add_nc_u32_e32 v242, 64, v242                            // 000000009190: 4BE5E4C0
	v_cmp_gt_u32_e32 vcc_lo, s18, v241                         // 000000009194: 7C99E212
	s_and_saveexec_b32 s42, vcc_lo                             // 000000009198: BEAA206A
	global_store_b16 v242, v240, s[10:11]                      // 00000000919C: DC660000 000AF0F2
	s_mov_b32 exec_lo, s42                                     // 0000000091A4: BEFE002A
	v_mul_f32_e32 v238, v84, v60                               // 0000000091A8: 11DC7954
	v_lshrrev_b32_e32 v239, 16, v238                           // 0000000091AC: 33DFDC90
	v_and_b32_e32 v239, 1, v239                                // 0000000091B0: 37DFDE81
	v_add_nc_u32_e32 v240, 0x7fff, v238                        // 0000000091B4: 4BE1DCFF 00007FFF
	v_add_nc_u32_e32 v240, v239, v240                          // 0000000091BC: 4BE1E1EF
	v_lshrrev_b32_e32 v240, 16, v240                           // 0000000091C0: 33E1E090
	v_add_nc_u32_e32 v241, 8, v6                               // 0000000091C4: 4BE20C88
	v_lshlrev_b32_e32 v242, 13, v241                           // 0000000091C8: 31E5E28D
	v_add_nc_u32_e32 v242, s24, v242                           // 0000000091CC: 4BE5E418
	v_lshl_add_u32 v242, v3, 1, v242                           // 0000000091D0: D64600F2 07C90303
	v_add_nc_u32_e32 v242, 64, v242                            // 0000000091D8: 4BE5E4C0
	v_cmp_gt_u32_e32 vcc_lo, s18, v241                         // 0000000091DC: 7C99E212
	s_and_saveexec_b32 s42, vcc_lo                             // 0000000091E0: BEAA206A
	global_store_b16 v242, v240, s[10:11]                      // 0000000091E4: DC660000 000AF0F2
	s_mov_b32 exec_lo, s42                                     // 0000000091EC: BEFE002A
	v_mul_f32_e32 v238, v85, v61                               // 0000000091F0: 11DC7B55
	v_lshrrev_b32_e32 v239, 16, v238                           // 0000000091F4: 33DFDC90
	v_and_b32_e32 v239, 1, v239                                // 0000000091F8: 37DFDE81
	v_add_nc_u32_e32 v240, 0x7fff, v238                        // 0000000091FC: 4BE1DCFF 00007FFF
	v_add_nc_u32_e32 v240, v239, v240                          // 000000009204: 4BE1E1EF
	v_lshrrev_b32_e32 v240, 16, v240                           // 000000009208: 33E1E090
	v_add_nc_u32_e32 v241, 10, v6                              // 00000000920C: 4BE20C8A
	v_lshlrev_b32_e32 v242, 13, v241                           // 000000009210: 31E5E28D
	v_add_nc_u32_e32 v242, s24, v242                           // 000000009214: 4BE5E418
	v_lshl_add_u32 v242, v3, 1, v242                           // 000000009218: D64600F2 07C90303
	v_add_nc_u32_e32 v242, 64, v242                            // 000000009220: 4BE5E4C0
	v_cmp_gt_u32_e32 vcc_lo, s18, v241                         // 000000009224: 7C99E212
	s_and_saveexec_b32 s42, vcc_lo                             // 000000009228: BEAA206A
	global_store_b16 v242, v240, s[10:11]                      // 00000000922C: DC660000 000AF0F2
	s_mov_b32 exec_lo, s42                                     // 000000009234: BEFE002A
	v_mul_f32_e32 v238, v86, v62                               // 000000009238: 11DC7D56
	v_lshrrev_b32_e32 v239, 16, v238                           // 00000000923C: 33DFDC90
	v_and_b32_e32 v239, 1, v239                                // 000000009240: 37DFDE81
	v_add_nc_u32_e32 v240, 0x7fff, v238                        // 000000009244: 4BE1DCFF 00007FFF
	v_add_nc_u32_e32 v240, v239, v240                          // 00000000924C: 4BE1E1EF
	v_lshrrev_b32_e32 v240, 16, v240                           // 000000009250: 33E1E090
	v_add_nc_u32_e32 v241, 12, v6                              // 000000009254: 4BE20C8C
	v_lshlrev_b32_e32 v242, 13, v241                           // 000000009258: 31E5E28D
	v_add_nc_u32_e32 v242, s24, v242                           // 00000000925C: 4BE5E418
	v_lshl_add_u32 v242, v3, 1, v242                           // 000000009260: D64600F2 07C90303
	v_add_nc_u32_e32 v242, 64, v242                            // 000000009268: 4BE5E4C0
	v_cmp_gt_u32_e32 vcc_lo, s18, v241                         // 00000000926C: 7C99E212
	s_and_saveexec_b32 s42, vcc_lo                             // 000000009270: BEAA206A
	global_store_b16 v242, v240, s[10:11]                      // 000000009274: DC660000 000AF0F2
	s_mov_b32 exec_lo, s42                                     // 00000000927C: BEFE002A
	v_mul_f32_e32 v238, v87, v63                               // 000000009280: 11DC7F57
	v_lshrrev_b32_e32 v239, 16, v238                           // 000000009284: 33DFDC90
	v_and_b32_e32 v239, 1, v239                                // 000000009288: 37DFDE81
	v_add_nc_u32_e32 v240, 0x7fff, v238                        // 00000000928C: 4BE1DCFF 00007FFF
	v_add_nc_u32_e32 v240, v239, v240                          // 000000009294: 4BE1E1EF
	v_lshrrev_b32_e32 v240, 16, v240                           // 000000009298: 33E1E090
	v_add_nc_u32_e32 v241, 14, v6                              // 00000000929C: 4BE20C8E
	v_lshlrev_b32_e32 v242, 13, v241                           // 0000000092A0: 31E5E28D
	v_add_nc_u32_e32 v242, s24, v242                           // 0000000092A4: 4BE5E418
	v_lshl_add_u32 v242, v3, 1, v242                           // 0000000092A8: D64600F2 07C90303
	v_add_nc_u32_e32 v242, 64, v242                            // 0000000092B0: 4BE5E4C0
	v_cmp_gt_u32_e32 vcc_lo, s18, v241                         // 0000000092B4: 7C99E212
	s_and_saveexec_b32 s42, vcc_lo                             // 0000000092B8: BEAA206A
	global_store_b16 v242, v240, s[10:11]                      // 0000000092BC: DC660000 000AF0F2
	s_mov_b32 exec_lo, s42                                     // 0000000092C4: BEFE002A
	v_mul_f32_e32 v238, v88, v56                               // 0000000092C8: 11DC7158
	v_lshrrev_b32_e32 v239, 16, v238                           // 0000000092CC: 33DFDC90
	v_and_b32_e32 v239, 1, v239                                // 0000000092D0: 37DFDE81
	v_add_nc_u32_e32 v240, 0x7fff, v238                        // 0000000092D4: 4BE1DCFF 00007FFF
	v_add_nc_u32_e32 v240, v239, v240                          // 0000000092DC: 4BE1E1EF
	v_lshrrev_b32_e32 v240, 16, v240                           // 0000000092E0: 33E1E090
	v_add_nc_u32_e32 v241, 0, v6                               // 0000000092E4: 4BE20C80
	v_lshlrev_b32_e32 v242, 13, v241                           // 0000000092E8: 31E5E28D
	v_add_nc_u32_e32 v242, s24, v242                           // 0000000092EC: 4BE5E418
	v_lshl_add_u32 v242, v3, 1, v242                           // 0000000092F0: D64600F2 07C90303
	v_add_nc_u32_e32 v242, 0x60, v242                          // 0000000092F8: 4BE5E4FF 00000060
	v_cmp_gt_u32_e32 vcc_lo, s18, v241                         // 000000009300: 7C99E212
	s_and_saveexec_b32 s42, vcc_lo                             // 000000009304: BEAA206A
	global_store_b16 v242, v240, s[10:11]                      // 000000009308: DC660000 000AF0F2
	s_mov_b32 exec_lo, s42                                     // 000000009310: BEFE002A
	v_mul_f32_e32 v238, v89, v57                               // 000000009314: 11DC7359
	v_lshrrev_b32_e32 v239, 16, v238                           // 000000009318: 33DFDC90
	v_and_b32_e32 v239, 1, v239                                // 00000000931C: 37DFDE81
	v_add_nc_u32_e32 v240, 0x7fff, v238                        // 000000009320: 4BE1DCFF 00007FFF
	v_add_nc_u32_e32 v240, v239, v240                          // 000000009328: 4BE1E1EF
	v_lshrrev_b32_e32 v240, 16, v240                           // 00000000932C: 33E1E090
	v_add_nc_u32_e32 v241, 2, v6                               // 000000009330: 4BE20C82
	v_lshlrev_b32_e32 v242, 13, v241                           // 000000009334: 31E5E28D
	v_add_nc_u32_e32 v242, s24, v242                           // 000000009338: 4BE5E418
	v_lshl_add_u32 v242, v3, 1, v242                           // 00000000933C: D64600F2 07C90303
	v_add_nc_u32_e32 v242, 0x60, v242                          // 000000009344: 4BE5E4FF 00000060
	v_cmp_gt_u32_e32 vcc_lo, s18, v241                         // 00000000934C: 7C99E212
	s_and_saveexec_b32 s42, vcc_lo                             // 000000009350: BEAA206A
	global_store_b16 v242, v240, s[10:11]                      // 000000009354: DC660000 000AF0F2
	s_mov_b32 exec_lo, s42                                     // 00000000935C: BEFE002A
	v_mul_f32_e32 v238, v90, v58                               // 000000009360: 11DC755A
	v_lshrrev_b32_e32 v239, 16, v238                           // 000000009364: 33DFDC90
	v_and_b32_e32 v239, 1, v239                                // 000000009368: 37DFDE81
	v_add_nc_u32_e32 v240, 0x7fff, v238                        // 00000000936C: 4BE1DCFF 00007FFF
	v_add_nc_u32_e32 v240, v239, v240                          // 000000009374: 4BE1E1EF
	v_lshrrev_b32_e32 v240, 16, v240                           // 000000009378: 33E1E090
	v_add_nc_u32_e32 v241, 4, v6                               // 00000000937C: 4BE20C84
	v_lshlrev_b32_e32 v242, 13, v241                           // 000000009380: 31E5E28D
	v_add_nc_u32_e32 v242, s24, v242                           // 000000009384: 4BE5E418
	v_lshl_add_u32 v242, v3, 1, v242                           // 000000009388: D64600F2 07C90303
	v_add_nc_u32_e32 v242, 0x60, v242                          // 000000009390: 4BE5E4FF 00000060
	v_cmp_gt_u32_e32 vcc_lo, s18, v241                         // 000000009398: 7C99E212
	s_and_saveexec_b32 s42, vcc_lo                             // 00000000939C: BEAA206A
	global_store_b16 v242, v240, s[10:11]                      // 0000000093A0: DC660000 000AF0F2
	s_mov_b32 exec_lo, s42                                     // 0000000093A8: BEFE002A
	v_mul_f32_e32 v238, v91, v59                               // 0000000093AC: 11DC775B
	v_lshrrev_b32_e32 v239, 16, v238                           // 0000000093B0: 33DFDC90
	v_and_b32_e32 v239, 1, v239                                // 0000000093B4: 37DFDE81
	v_add_nc_u32_e32 v240, 0x7fff, v238                        // 0000000093B8: 4BE1DCFF 00007FFF
	v_add_nc_u32_e32 v240, v239, v240                          // 0000000093C0: 4BE1E1EF
	v_lshrrev_b32_e32 v240, 16, v240                           // 0000000093C4: 33E1E090
	v_add_nc_u32_e32 v241, 6, v6                               // 0000000093C8: 4BE20C86
	v_lshlrev_b32_e32 v242, 13, v241                           // 0000000093CC: 31E5E28D
	v_add_nc_u32_e32 v242, s24, v242                           // 0000000093D0: 4BE5E418
	v_lshl_add_u32 v242, v3, 1, v242                           // 0000000093D4: D64600F2 07C90303
	v_add_nc_u32_e32 v242, 0x60, v242                          // 0000000093DC: 4BE5E4FF 00000060
	v_cmp_gt_u32_e32 vcc_lo, s18, v241                         // 0000000093E4: 7C99E212
	s_and_saveexec_b32 s42, vcc_lo                             // 0000000093E8: BEAA206A
	global_store_b16 v242, v240, s[10:11]                      // 0000000093EC: DC660000 000AF0F2
	s_mov_b32 exec_lo, s42                                     // 0000000093F4: BEFE002A
	v_mul_f32_e32 v238, v92, v60                               // 0000000093F8: 11DC795C
	v_lshrrev_b32_e32 v239, 16, v238                           // 0000000093FC: 33DFDC90
	v_and_b32_e32 v239, 1, v239                                // 000000009400: 37DFDE81
	v_add_nc_u32_e32 v240, 0x7fff, v238                        // 000000009404: 4BE1DCFF 00007FFF
	v_add_nc_u32_e32 v240, v239, v240                          // 00000000940C: 4BE1E1EF
	v_lshrrev_b32_e32 v240, 16, v240                           // 000000009410: 33E1E090
	v_add_nc_u32_e32 v241, 8, v6                               // 000000009414: 4BE20C88
	v_lshlrev_b32_e32 v242, 13, v241                           // 000000009418: 31E5E28D
	v_add_nc_u32_e32 v242, s24, v242                           // 00000000941C: 4BE5E418
	v_lshl_add_u32 v242, v3, 1, v242                           // 000000009420: D64600F2 07C90303
	v_add_nc_u32_e32 v242, 0x60, v242                          // 000000009428: 4BE5E4FF 00000060
	v_cmp_gt_u32_e32 vcc_lo, s18, v241                         // 000000009430: 7C99E212
	s_and_saveexec_b32 s42, vcc_lo                             // 000000009434: BEAA206A
	global_store_b16 v242, v240, s[10:11]                      // 000000009438: DC660000 000AF0F2
	s_mov_b32 exec_lo, s42                                     // 000000009440: BEFE002A
	v_mul_f32_e32 v238, v93, v61                               // 000000009444: 11DC7B5D
	v_lshrrev_b32_e32 v239, 16, v238                           // 000000009448: 33DFDC90
	v_and_b32_e32 v239, 1, v239                                // 00000000944C: 37DFDE81
	v_add_nc_u32_e32 v240, 0x7fff, v238                        // 000000009450: 4BE1DCFF 00007FFF
	v_add_nc_u32_e32 v240, v239, v240                          // 000000009458: 4BE1E1EF
	v_lshrrev_b32_e32 v240, 16, v240                           // 00000000945C: 33E1E090
	v_add_nc_u32_e32 v241, 10, v6                              // 000000009460: 4BE20C8A
	v_lshlrev_b32_e32 v242, 13, v241                           // 000000009464: 31E5E28D
	v_add_nc_u32_e32 v242, s24, v242                           // 000000009468: 4BE5E418
	v_lshl_add_u32 v242, v3, 1, v242                           // 00000000946C: D64600F2 07C90303
	v_add_nc_u32_e32 v242, 0x60, v242                          // 000000009474: 4BE5E4FF 00000060
	v_cmp_gt_u32_e32 vcc_lo, s18, v241                         // 00000000947C: 7C99E212
	s_and_saveexec_b32 s42, vcc_lo                             // 000000009480: BEAA206A
	global_store_b16 v242, v240, s[10:11]                      // 000000009484: DC660000 000AF0F2
	s_mov_b32 exec_lo, s42                                     // 00000000948C: BEFE002A
	v_mul_f32_e32 v238, v94, v62                               // 000000009490: 11DC7D5E
	v_lshrrev_b32_e32 v239, 16, v238                           // 000000009494: 33DFDC90
	v_and_b32_e32 v239, 1, v239                                // 000000009498: 37DFDE81
	v_add_nc_u32_e32 v240, 0x7fff, v238                        // 00000000949C: 4BE1DCFF 00007FFF
	v_add_nc_u32_e32 v240, v239, v240                          // 0000000094A4: 4BE1E1EF
	v_lshrrev_b32_e32 v240, 16, v240                           // 0000000094A8: 33E1E090
	v_add_nc_u32_e32 v241, 12, v6                              // 0000000094AC: 4BE20C8C
	v_lshlrev_b32_e32 v242, 13, v241                           // 0000000094B0: 31E5E28D
	v_add_nc_u32_e32 v242, s24, v242                           // 0000000094B4: 4BE5E418
	v_lshl_add_u32 v242, v3, 1, v242                           // 0000000094B8: D64600F2 07C90303
	v_add_nc_u32_e32 v242, 0x60, v242                          // 0000000094C0: 4BE5E4FF 00000060
	v_cmp_gt_u32_e32 vcc_lo, s18, v241                         // 0000000094C8: 7C99E212
	s_and_saveexec_b32 s42, vcc_lo                             // 0000000094CC: BEAA206A
	global_store_b16 v242, v240, s[10:11]                      // 0000000094D0: DC660000 000AF0F2
	s_mov_b32 exec_lo, s42                                     // 0000000094D8: BEFE002A
	v_mul_f32_e32 v238, v95, v63                               // 0000000094DC: 11DC7F5F
	v_lshrrev_b32_e32 v239, 16, v238                           // 0000000094E0: 33DFDC90
	v_and_b32_e32 v239, 1, v239                                // 0000000094E4: 37DFDE81
	v_add_nc_u32_e32 v240, 0x7fff, v238                        // 0000000094E8: 4BE1DCFF 00007FFF
	v_add_nc_u32_e32 v240, v239, v240                          // 0000000094F0: 4BE1E1EF
	v_lshrrev_b32_e32 v240, 16, v240                           // 0000000094F4: 33E1E090
	v_add_nc_u32_e32 v241, 14, v6                              // 0000000094F8: 4BE20C8E
	v_lshlrev_b32_e32 v242, 13, v241                           // 0000000094FC: 31E5E28D
	v_add_nc_u32_e32 v242, s24, v242                           // 000000009500: 4BE5E418
	v_lshl_add_u32 v242, v3, 1, v242                           // 000000009504: D64600F2 07C90303
	v_add_nc_u32_e32 v242, 0x60, v242                          // 00000000950C: 4BE5E4FF 00000060
	v_cmp_gt_u32_e32 vcc_lo, s18, v241                         // 000000009514: 7C99E212
	s_and_saveexec_b32 s42, vcc_lo                             // 000000009518: BEAA206A
	global_store_b16 v242, v240, s[10:11]                      // 00000000951C: DC660000 000AF0F2
	s_mov_b32 exec_lo, s42                                     // 000000009524: BEFE002A
	v_mul_f32_e32 v238, v96, v56                               // 000000009528: 11DC7160
	v_lshrrev_b32_e32 v239, 16, v238                           // 00000000952C: 33DFDC90
	v_and_b32_e32 v239, 1, v239                                // 000000009530: 37DFDE81
	v_add_nc_u32_e32 v240, 0x7fff, v238                        // 000000009534: 4BE1DCFF 00007FFF
	v_add_nc_u32_e32 v240, v239, v240                          // 00000000953C: 4BE1E1EF
	v_lshrrev_b32_e32 v240, 16, v240                           // 000000009540: 33E1E090
	v_add_nc_u32_e32 v241, 0, v6                               // 000000009544: 4BE20C80
	v_lshlrev_b32_e32 v242, 13, v241                           // 000000009548: 31E5E28D
	v_add_nc_u32_e32 v242, s24, v242                           // 00000000954C: 4BE5E418
	v_lshl_add_u32 v242, v3, 1, v242                           // 000000009550: D64600F2 07C90303
	v_add_nc_u32_e32 v242, 0x80, v242                          // 000000009558: 4BE5E4FF 00000080
	v_cmp_gt_u32_e32 vcc_lo, s18, v241                         // 000000009560: 7C99E212
	s_and_saveexec_b32 s42, vcc_lo                             // 000000009564: BEAA206A
	global_store_b16 v242, v240, s[10:11]                      // 000000009568: DC660000 000AF0F2
	s_mov_b32 exec_lo, s42                                     // 000000009570: BEFE002A
	v_mul_f32_e32 v238, v97, v57                               // 000000009574: 11DC7361
	v_lshrrev_b32_e32 v239, 16, v238                           // 000000009578: 33DFDC90
	v_and_b32_e32 v239, 1, v239                                // 00000000957C: 37DFDE81
	v_add_nc_u32_e32 v240, 0x7fff, v238                        // 000000009580: 4BE1DCFF 00007FFF
	v_add_nc_u32_e32 v240, v239, v240                          // 000000009588: 4BE1E1EF
	v_lshrrev_b32_e32 v240, 16, v240                           // 00000000958C: 33E1E090
	v_add_nc_u32_e32 v241, 2, v6                               // 000000009590: 4BE20C82
	v_lshlrev_b32_e32 v242, 13, v241                           // 000000009594: 31E5E28D
	v_add_nc_u32_e32 v242, s24, v242                           // 000000009598: 4BE5E418
	v_lshl_add_u32 v242, v3, 1, v242                           // 00000000959C: D64600F2 07C90303
	v_add_nc_u32_e32 v242, 0x80, v242                          // 0000000095A4: 4BE5E4FF 00000080
	v_cmp_gt_u32_e32 vcc_lo, s18, v241                         // 0000000095AC: 7C99E212
	s_and_saveexec_b32 s42, vcc_lo                             // 0000000095B0: BEAA206A
	global_store_b16 v242, v240, s[10:11]                      // 0000000095B4: DC660000 000AF0F2
	s_mov_b32 exec_lo, s42                                     // 0000000095BC: BEFE002A
	v_mul_f32_e32 v238, v98, v58                               // 0000000095C0: 11DC7562
	v_lshrrev_b32_e32 v239, 16, v238                           // 0000000095C4: 33DFDC90
	v_and_b32_e32 v239, 1, v239                                // 0000000095C8: 37DFDE81
	v_add_nc_u32_e32 v240, 0x7fff, v238                        // 0000000095CC: 4BE1DCFF 00007FFF
	v_add_nc_u32_e32 v240, v239, v240                          // 0000000095D4: 4BE1E1EF
	v_lshrrev_b32_e32 v240, 16, v240                           // 0000000095D8: 33E1E090
	v_add_nc_u32_e32 v241, 4, v6                               // 0000000095DC: 4BE20C84
	v_lshlrev_b32_e32 v242, 13, v241                           // 0000000095E0: 31E5E28D
	v_add_nc_u32_e32 v242, s24, v242                           // 0000000095E4: 4BE5E418
	v_lshl_add_u32 v242, v3, 1, v242                           // 0000000095E8: D64600F2 07C90303
	v_add_nc_u32_e32 v242, 0x80, v242                          // 0000000095F0: 4BE5E4FF 00000080
	v_cmp_gt_u32_e32 vcc_lo, s18, v241                         // 0000000095F8: 7C99E212
	s_and_saveexec_b32 s42, vcc_lo                             // 0000000095FC: BEAA206A
	global_store_b16 v242, v240, s[10:11]                      // 000000009600: DC660000 000AF0F2
	s_mov_b32 exec_lo, s42                                     // 000000009608: BEFE002A
	v_mul_f32_e32 v238, v99, v59                               // 00000000960C: 11DC7763
	v_lshrrev_b32_e32 v239, 16, v238                           // 000000009610: 33DFDC90
	v_and_b32_e32 v239, 1, v239                                // 000000009614: 37DFDE81
	v_add_nc_u32_e32 v240, 0x7fff, v238                        // 000000009618: 4BE1DCFF 00007FFF
	v_add_nc_u32_e32 v240, v239, v240                          // 000000009620: 4BE1E1EF
	v_lshrrev_b32_e32 v240, 16, v240                           // 000000009624: 33E1E090
	v_add_nc_u32_e32 v241, 6, v6                               // 000000009628: 4BE20C86
	v_lshlrev_b32_e32 v242, 13, v241                           // 00000000962C: 31E5E28D
	v_add_nc_u32_e32 v242, s24, v242                           // 000000009630: 4BE5E418
	v_lshl_add_u32 v242, v3, 1, v242                           // 000000009634: D64600F2 07C90303
	v_add_nc_u32_e32 v242, 0x80, v242                          // 00000000963C: 4BE5E4FF 00000080
	v_cmp_gt_u32_e32 vcc_lo, s18, v241                         // 000000009644: 7C99E212
	s_and_saveexec_b32 s42, vcc_lo                             // 000000009648: BEAA206A
	global_store_b16 v242, v240, s[10:11]                      // 00000000964C: DC660000 000AF0F2
	s_mov_b32 exec_lo, s42                                     // 000000009654: BEFE002A
	v_mul_f32_e32 v238, v100, v60                              // 000000009658: 11DC7964
	v_lshrrev_b32_e32 v239, 16, v238                           // 00000000965C: 33DFDC90
	v_and_b32_e32 v239, 1, v239                                // 000000009660: 37DFDE81
	v_add_nc_u32_e32 v240, 0x7fff, v238                        // 000000009664: 4BE1DCFF 00007FFF
	v_add_nc_u32_e32 v240, v239, v240                          // 00000000966C: 4BE1E1EF
	v_lshrrev_b32_e32 v240, 16, v240                           // 000000009670: 33E1E090
	v_add_nc_u32_e32 v241, 8, v6                               // 000000009674: 4BE20C88
	v_lshlrev_b32_e32 v242, 13, v241                           // 000000009678: 31E5E28D
	v_add_nc_u32_e32 v242, s24, v242                           // 00000000967C: 4BE5E418
	v_lshl_add_u32 v242, v3, 1, v242                           // 000000009680: D64600F2 07C90303
	v_add_nc_u32_e32 v242, 0x80, v242                          // 000000009688: 4BE5E4FF 00000080
	v_cmp_gt_u32_e32 vcc_lo, s18, v241                         // 000000009690: 7C99E212
	s_and_saveexec_b32 s42, vcc_lo                             // 000000009694: BEAA206A
	global_store_b16 v242, v240, s[10:11]                      // 000000009698: DC660000 000AF0F2
	s_mov_b32 exec_lo, s42                                     // 0000000096A0: BEFE002A
	v_mul_f32_e32 v238, v101, v61                              // 0000000096A4: 11DC7B65
	v_lshrrev_b32_e32 v239, 16, v238                           // 0000000096A8: 33DFDC90
	v_and_b32_e32 v239, 1, v239                                // 0000000096AC: 37DFDE81
	v_add_nc_u32_e32 v240, 0x7fff, v238                        // 0000000096B0: 4BE1DCFF 00007FFF
	v_add_nc_u32_e32 v240, v239, v240                          // 0000000096B8: 4BE1E1EF
	v_lshrrev_b32_e32 v240, 16, v240                           // 0000000096BC: 33E1E090
	v_add_nc_u32_e32 v241, 10, v6                              // 0000000096C0: 4BE20C8A
	v_lshlrev_b32_e32 v242, 13, v241                           // 0000000096C4: 31E5E28D
	v_add_nc_u32_e32 v242, s24, v242                           // 0000000096C8: 4BE5E418
	v_lshl_add_u32 v242, v3, 1, v242                           // 0000000096CC: D64600F2 07C90303
	v_add_nc_u32_e32 v242, 0x80, v242                          // 0000000096D4: 4BE5E4FF 00000080
	v_cmp_gt_u32_e32 vcc_lo, s18, v241                         // 0000000096DC: 7C99E212
	s_and_saveexec_b32 s42, vcc_lo                             // 0000000096E0: BEAA206A
	global_store_b16 v242, v240, s[10:11]                      // 0000000096E4: DC660000 000AF0F2
	s_mov_b32 exec_lo, s42                                     // 0000000096EC: BEFE002A
	v_mul_f32_e32 v238, v102, v62                              // 0000000096F0: 11DC7D66
	v_lshrrev_b32_e32 v239, 16, v238                           // 0000000096F4: 33DFDC90
	v_and_b32_e32 v239, 1, v239                                // 0000000096F8: 37DFDE81
	v_add_nc_u32_e32 v240, 0x7fff, v238                        // 0000000096FC: 4BE1DCFF 00007FFF
	v_add_nc_u32_e32 v240, v239, v240                          // 000000009704: 4BE1E1EF
	v_lshrrev_b32_e32 v240, 16, v240                           // 000000009708: 33E1E090
	v_add_nc_u32_e32 v241, 12, v6                              // 00000000970C: 4BE20C8C
	v_lshlrev_b32_e32 v242, 13, v241                           // 000000009710: 31E5E28D
	v_add_nc_u32_e32 v242, s24, v242                           // 000000009714: 4BE5E418
	v_lshl_add_u32 v242, v3, 1, v242                           // 000000009718: D64600F2 07C90303
	v_add_nc_u32_e32 v242, 0x80, v242                          // 000000009720: 4BE5E4FF 00000080
	v_cmp_gt_u32_e32 vcc_lo, s18, v241                         // 000000009728: 7C99E212
	s_and_saveexec_b32 s42, vcc_lo                             // 00000000972C: BEAA206A
	global_store_b16 v242, v240, s[10:11]                      // 000000009730: DC660000 000AF0F2
	s_mov_b32 exec_lo, s42                                     // 000000009738: BEFE002A
	v_mul_f32_e32 v238, v103, v63                              // 00000000973C: 11DC7F67
	v_lshrrev_b32_e32 v239, 16, v238                           // 000000009740: 33DFDC90
	v_and_b32_e32 v239, 1, v239                                // 000000009744: 37DFDE81
	v_add_nc_u32_e32 v240, 0x7fff, v238                        // 000000009748: 4BE1DCFF 00007FFF
	v_add_nc_u32_e32 v240, v239, v240                          // 000000009750: 4BE1E1EF
	v_lshrrev_b32_e32 v240, 16, v240                           // 000000009754: 33E1E090
	v_add_nc_u32_e32 v241, 14, v6                              // 000000009758: 4BE20C8E
	v_lshlrev_b32_e32 v242, 13, v241                           // 00000000975C: 31E5E28D
	v_add_nc_u32_e32 v242, s24, v242                           // 000000009760: 4BE5E418
	v_lshl_add_u32 v242, v3, 1, v242                           // 000000009764: D64600F2 07C90303
	v_add_nc_u32_e32 v242, 0x80, v242                          // 00000000976C: 4BE5E4FF 00000080
	v_cmp_gt_u32_e32 vcc_lo, s18, v241                         // 000000009774: 7C99E212
	s_and_saveexec_b32 s42, vcc_lo                             // 000000009778: BEAA206A
	global_store_b16 v242, v240, s[10:11]                      // 00000000977C: DC660000 000AF0F2
	s_mov_b32 exec_lo, s42                                     // 000000009784: BEFE002A
	v_mul_f32_e32 v238, v104, v56                              // 000000009788: 11DC7168
	v_lshrrev_b32_e32 v239, 16, v238                           // 00000000978C: 33DFDC90
	v_and_b32_e32 v239, 1, v239                                // 000000009790: 37DFDE81
	v_add_nc_u32_e32 v240, 0x7fff, v238                        // 000000009794: 4BE1DCFF 00007FFF
	v_add_nc_u32_e32 v240, v239, v240                          // 00000000979C: 4BE1E1EF
	v_lshrrev_b32_e32 v240, 16, v240                           // 0000000097A0: 33E1E090
	v_add_nc_u32_e32 v241, 0, v6                               // 0000000097A4: 4BE20C80
	v_lshlrev_b32_e32 v242, 13, v241                           // 0000000097A8: 31E5E28D
	v_add_nc_u32_e32 v242, s24, v242                           // 0000000097AC: 4BE5E418
	v_lshl_add_u32 v242, v3, 1, v242                           // 0000000097B0: D64600F2 07C90303
	v_add_nc_u32_e32 v242, 0xa0, v242                          // 0000000097B8: 4BE5E4FF 000000A0
	v_cmp_gt_u32_e32 vcc_lo, s18, v241                         // 0000000097C0: 7C99E212
	s_and_saveexec_b32 s42, vcc_lo                             // 0000000097C4: BEAA206A
	global_store_b16 v242, v240, s[10:11]                      // 0000000097C8: DC660000 000AF0F2
	s_mov_b32 exec_lo, s42                                     // 0000000097D0: BEFE002A
	v_mul_f32_e32 v238, v105, v57                              // 0000000097D4: 11DC7369
	v_lshrrev_b32_e32 v239, 16, v238                           // 0000000097D8: 33DFDC90
	v_and_b32_e32 v239, 1, v239                                // 0000000097DC: 37DFDE81
	v_add_nc_u32_e32 v240, 0x7fff, v238                        // 0000000097E0: 4BE1DCFF 00007FFF
	v_add_nc_u32_e32 v240, v239, v240                          // 0000000097E8: 4BE1E1EF
	v_lshrrev_b32_e32 v240, 16, v240                           // 0000000097EC: 33E1E090
	v_add_nc_u32_e32 v241, 2, v6                               // 0000000097F0: 4BE20C82
	v_lshlrev_b32_e32 v242, 13, v241                           // 0000000097F4: 31E5E28D
	v_add_nc_u32_e32 v242, s24, v242                           // 0000000097F8: 4BE5E418
	v_lshl_add_u32 v242, v3, 1, v242                           // 0000000097FC: D64600F2 07C90303
	v_add_nc_u32_e32 v242, 0xa0, v242                          // 000000009804: 4BE5E4FF 000000A0
	v_cmp_gt_u32_e32 vcc_lo, s18, v241                         // 00000000980C: 7C99E212
	s_and_saveexec_b32 s42, vcc_lo                             // 000000009810: BEAA206A
	global_store_b16 v242, v240, s[10:11]                      // 000000009814: DC660000 000AF0F2
	s_mov_b32 exec_lo, s42                                     // 00000000981C: BEFE002A
	v_mul_f32_e32 v238, v106, v58                              // 000000009820: 11DC756A
	v_lshrrev_b32_e32 v239, 16, v238                           // 000000009824: 33DFDC90
	v_and_b32_e32 v239, 1, v239                                // 000000009828: 37DFDE81
	v_add_nc_u32_e32 v240, 0x7fff, v238                        // 00000000982C: 4BE1DCFF 00007FFF
	v_add_nc_u32_e32 v240, v239, v240                          // 000000009834: 4BE1E1EF
	v_lshrrev_b32_e32 v240, 16, v240                           // 000000009838: 33E1E090
	v_add_nc_u32_e32 v241, 4, v6                               // 00000000983C: 4BE20C84
	v_lshlrev_b32_e32 v242, 13, v241                           // 000000009840: 31E5E28D
	v_add_nc_u32_e32 v242, s24, v242                           // 000000009844: 4BE5E418
	v_lshl_add_u32 v242, v3, 1, v242                           // 000000009848: D64600F2 07C90303
	v_add_nc_u32_e32 v242, 0xa0, v242                          // 000000009850: 4BE5E4FF 000000A0
	v_cmp_gt_u32_e32 vcc_lo, s18, v241                         // 000000009858: 7C99E212
	s_and_saveexec_b32 s42, vcc_lo                             // 00000000985C: BEAA206A
	global_store_b16 v242, v240, s[10:11]                      // 000000009860: DC660000 000AF0F2
	s_mov_b32 exec_lo, s42                                     // 000000009868: BEFE002A
	v_mul_f32_e32 v238, v107, v59                              // 00000000986C: 11DC776B
	v_lshrrev_b32_e32 v239, 16, v238                           // 000000009870: 33DFDC90
	v_and_b32_e32 v239, 1, v239                                // 000000009874: 37DFDE81
	v_add_nc_u32_e32 v240, 0x7fff, v238                        // 000000009878: 4BE1DCFF 00007FFF
	v_add_nc_u32_e32 v240, v239, v240                          // 000000009880: 4BE1E1EF
	v_lshrrev_b32_e32 v240, 16, v240                           // 000000009884: 33E1E090
	v_add_nc_u32_e32 v241, 6, v6                               // 000000009888: 4BE20C86
	v_lshlrev_b32_e32 v242, 13, v241                           // 00000000988C: 31E5E28D
	v_add_nc_u32_e32 v242, s24, v242                           // 000000009890: 4BE5E418
	v_lshl_add_u32 v242, v3, 1, v242                           // 000000009894: D64600F2 07C90303
	v_add_nc_u32_e32 v242, 0xa0, v242                          // 00000000989C: 4BE5E4FF 000000A0
	v_cmp_gt_u32_e32 vcc_lo, s18, v241                         // 0000000098A4: 7C99E212
	s_and_saveexec_b32 s42, vcc_lo                             // 0000000098A8: BEAA206A
	global_store_b16 v242, v240, s[10:11]                      // 0000000098AC: DC660000 000AF0F2
	s_mov_b32 exec_lo, s42                                     // 0000000098B4: BEFE002A
	v_mul_f32_e32 v238, v108, v60                              // 0000000098B8: 11DC796C
	v_lshrrev_b32_e32 v239, 16, v238                           // 0000000098BC: 33DFDC90
	v_and_b32_e32 v239, 1, v239                                // 0000000098C0: 37DFDE81
	v_add_nc_u32_e32 v240, 0x7fff, v238                        // 0000000098C4: 4BE1DCFF 00007FFF
	v_add_nc_u32_e32 v240, v239, v240                          // 0000000098CC: 4BE1E1EF
	v_lshrrev_b32_e32 v240, 16, v240                           // 0000000098D0: 33E1E090
	v_add_nc_u32_e32 v241, 8, v6                               // 0000000098D4: 4BE20C88
	v_lshlrev_b32_e32 v242, 13, v241                           // 0000000098D8: 31E5E28D
	v_add_nc_u32_e32 v242, s24, v242                           // 0000000098DC: 4BE5E418
	v_lshl_add_u32 v242, v3, 1, v242                           // 0000000098E0: D64600F2 07C90303
	v_add_nc_u32_e32 v242, 0xa0, v242                          // 0000000098E8: 4BE5E4FF 000000A0
	v_cmp_gt_u32_e32 vcc_lo, s18, v241                         // 0000000098F0: 7C99E212
	s_and_saveexec_b32 s42, vcc_lo                             // 0000000098F4: BEAA206A
	global_store_b16 v242, v240, s[10:11]                      // 0000000098F8: DC660000 000AF0F2
	s_mov_b32 exec_lo, s42                                     // 000000009900: BEFE002A
	v_mul_f32_e32 v238, v109, v61                              // 000000009904: 11DC7B6D
	v_lshrrev_b32_e32 v239, 16, v238                           // 000000009908: 33DFDC90
	v_and_b32_e32 v239, 1, v239                                // 00000000990C: 37DFDE81
	v_add_nc_u32_e32 v240, 0x7fff, v238                        // 000000009910: 4BE1DCFF 00007FFF
	v_add_nc_u32_e32 v240, v239, v240                          // 000000009918: 4BE1E1EF
	v_lshrrev_b32_e32 v240, 16, v240                           // 00000000991C: 33E1E090
	v_add_nc_u32_e32 v241, 10, v6                              // 000000009920: 4BE20C8A
	v_lshlrev_b32_e32 v242, 13, v241                           // 000000009924: 31E5E28D
	v_add_nc_u32_e32 v242, s24, v242                           // 000000009928: 4BE5E418
	v_lshl_add_u32 v242, v3, 1, v242                           // 00000000992C: D64600F2 07C90303
	v_add_nc_u32_e32 v242, 0xa0, v242                          // 000000009934: 4BE5E4FF 000000A0
	v_cmp_gt_u32_e32 vcc_lo, s18, v241                         // 00000000993C: 7C99E212
	s_and_saveexec_b32 s42, vcc_lo                             // 000000009940: BEAA206A
	global_store_b16 v242, v240, s[10:11]                      // 000000009944: DC660000 000AF0F2
	s_mov_b32 exec_lo, s42                                     // 00000000994C: BEFE002A
	v_mul_f32_e32 v238, v110, v62                              // 000000009950: 11DC7D6E
	v_lshrrev_b32_e32 v239, 16, v238                           // 000000009954: 33DFDC90
	v_and_b32_e32 v239, 1, v239                                // 000000009958: 37DFDE81
	v_add_nc_u32_e32 v240, 0x7fff, v238                        // 00000000995C: 4BE1DCFF 00007FFF
	v_add_nc_u32_e32 v240, v239, v240                          // 000000009964: 4BE1E1EF
	v_lshrrev_b32_e32 v240, 16, v240                           // 000000009968: 33E1E090
	v_add_nc_u32_e32 v241, 12, v6                              // 00000000996C: 4BE20C8C
	v_lshlrev_b32_e32 v242, 13, v241                           // 000000009970: 31E5E28D
	v_add_nc_u32_e32 v242, s24, v242                           // 000000009974: 4BE5E418
	v_lshl_add_u32 v242, v3, 1, v242                           // 000000009978: D64600F2 07C90303
	v_add_nc_u32_e32 v242, 0xa0, v242                          // 000000009980: 4BE5E4FF 000000A0
	v_cmp_gt_u32_e32 vcc_lo, s18, v241                         // 000000009988: 7C99E212
	s_and_saveexec_b32 s42, vcc_lo                             // 00000000998C: BEAA206A
	global_store_b16 v242, v240, s[10:11]                      // 000000009990: DC660000 000AF0F2
	s_mov_b32 exec_lo, s42                                     // 000000009998: BEFE002A
	v_mul_f32_e32 v238, v111, v63                              // 00000000999C: 11DC7F6F
	v_lshrrev_b32_e32 v239, 16, v238                           // 0000000099A0: 33DFDC90
	v_and_b32_e32 v239, 1, v239                                // 0000000099A4: 37DFDE81
	v_add_nc_u32_e32 v240, 0x7fff, v238                        // 0000000099A8: 4BE1DCFF 00007FFF
	v_add_nc_u32_e32 v240, v239, v240                          // 0000000099B0: 4BE1E1EF
	v_lshrrev_b32_e32 v240, 16, v240                           // 0000000099B4: 33E1E090
	v_add_nc_u32_e32 v241, 14, v6                              // 0000000099B8: 4BE20C8E
	v_lshlrev_b32_e32 v242, 13, v241                           // 0000000099BC: 31E5E28D
	v_add_nc_u32_e32 v242, s24, v242                           // 0000000099C0: 4BE5E418
	v_lshl_add_u32 v242, v3, 1, v242                           // 0000000099C4: D64600F2 07C90303
	v_add_nc_u32_e32 v242, 0xa0, v242                          // 0000000099CC: 4BE5E4FF 000000A0
	v_cmp_gt_u32_e32 vcc_lo, s18, v241                         // 0000000099D4: 7C99E212
	s_and_saveexec_b32 s42, vcc_lo                             // 0000000099D8: BEAA206A
	global_store_b16 v242, v240, s[10:11]                      // 0000000099DC: DC660000 000AF0F2
	s_mov_b32 exec_lo, s42                                     // 0000000099E4: BEFE002A
	v_mul_f32_e32 v238, v112, v56                              // 0000000099E8: 11DC7170
	v_lshrrev_b32_e32 v239, 16, v238                           // 0000000099EC: 33DFDC90
	v_and_b32_e32 v239, 1, v239                                // 0000000099F0: 37DFDE81
	v_add_nc_u32_e32 v240, 0x7fff, v238                        // 0000000099F4: 4BE1DCFF 00007FFF
	v_add_nc_u32_e32 v240, v239, v240                          // 0000000099FC: 4BE1E1EF
	v_lshrrev_b32_e32 v240, 16, v240                           // 000000009A00: 33E1E090
	v_add_nc_u32_e32 v241, 0, v6                               // 000000009A04: 4BE20C80
	v_lshlrev_b32_e32 v242, 13, v241                           // 000000009A08: 31E5E28D
	v_add_nc_u32_e32 v242, s24, v242                           // 000000009A0C: 4BE5E418
	v_lshl_add_u32 v242, v3, 1, v242                           // 000000009A10: D64600F2 07C90303
	v_add_nc_u32_e32 v242, 0xc0, v242                          // 000000009A18: 4BE5E4FF 000000C0
	v_cmp_gt_u32_e32 vcc_lo, s18, v241                         // 000000009A20: 7C99E212
	s_and_saveexec_b32 s42, vcc_lo                             // 000000009A24: BEAA206A
	global_store_b16 v242, v240, s[10:11]                      // 000000009A28: DC660000 000AF0F2
	s_mov_b32 exec_lo, s42                                     // 000000009A30: BEFE002A
	v_mul_f32_e32 v238, v113, v57                              // 000000009A34: 11DC7371
	v_lshrrev_b32_e32 v239, 16, v238                           // 000000009A38: 33DFDC90
	v_and_b32_e32 v239, 1, v239                                // 000000009A3C: 37DFDE81
	v_add_nc_u32_e32 v240, 0x7fff, v238                        // 000000009A40: 4BE1DCFF 00007FFF
	v_add_nc_u32_e32 v240, v239, v240                          // 000000009A48: 4BE1E1EF
	v_lshrrev_b32_e32 v240, 16, v240                           // 000000009A4C: 33E1E090
	v_add_nc_u32_e32 v241, 2, v6                               // 000000009A50: 4BE20C82
	v_lshlrev_b32_e32 v242, 13, v241                           // 000000009A54: 31E5E28D
	v_add_nc_u32_e32 v242, s24, v242                           // 000000009A58: 4BE5E418
	v_lshl_add_u32 v242, v3, 1, v242                           // 000000009A5C: D64600F2 07C90303
	v_add_nc_u32_e32 v242, 0xc0, v242                          // 000000009A64: 4BE5E4FF 000000C0
	v_cmp_gt_u32_e32 vcc_lo, s18, v241                         // 000000009A6C: 7C99E212
	s_and_saveexec_b32 s42, vcc_lo                             // 000000009A70: BEAA206A
	global_store_b16 v242, v240, s[10:11]                      // 000000009A74: DC660000 000AF0F2
	s_mov_b32 exec_lo, s42                                     // 000000009A7C: BEFE002A
	v_mul_f32_e32 v238, v114, v58                              // 000000009A80: 11DC7572
	v_lshrrev_b32_e32 v239, 16, v238                           // 000000009A84: 33DFDC90
	v_and_b32_e32 v239, 1, v239                                // 000000009A88: 37DFDE81
	v_add_nc_u32_e32 v240, 0x7fff, v238                        // 000000009A8C: 4BE1DCFF 00007FFF
	v_add_nc_u32_e32 v240, v239, v240                          // 000000009A94: 4BE1E1EF
	v_lshrrev_b32_e32 v240, 16, v240                           // 000000009A98: 33E1E090
	v_add_nc_u32_e32 v241, 4, v6                               // 000000009A9C: 4BE20C84
	v_lshlrev_b32_e32 v242, 13, v241                           // 000000009AA0: 31E5E28D
	v_add_nc_u32_e32 v242, s24, v242                           // 000000009AA4: 4BE5E418
	v_lshl_add_u32 v242, v3, 1, v242                           // 000000009AA8: D64600F2 07C90303
	v_add_nc_u32_e32 v242, 0xc0, v242                          // 000000009AB0: 4BE5E4FF 000000C0
	v_cmp_gt_u32_e32 vcc_lo, s18, v241                         // 000000009AB8: 7C99E212
	s_and_saveexec_b32 s42, vcc_lo                             // 000000009ABC: BEAA206A
	global_store_b16 v242, v240, s[10:11]                      // 000000009AC0: DC660000 000AF0F2
	s_mov_b32 exec_lo, s42                                     // 000000009AC8: BEFE002A
	v_mul_f32_e32 v238, v115, v59                              // 000000009ACC: 11DC7773
	v_lshrrev_b32_e32 v239, 16, v238                           // 000000009AD0: 33DFDC90
	v_and_b32_e32 v239, 1, v239                                // 000000009AD4: 37DFDE81
	v_add_nc_u32_e32 v240, 0x7fff, v238                        // 000000009AD8: 4BE1DCFF 00007FFF
	v_add_nc_u32_e32 v240, v239, v240                          // 000000009AE0: 4BE1E1EF
	v_lshrrev_b32_e32 v240, 16, v240                           // 000000009AE4: 33E1E090
	v_add_nc_u32_e32 v241, 6, v6                               // 000000009AE8: 4BE20C86
	v_lshlrev_b32_e32 v242, 13, v241                           // 000000009AEC: 31E5E28D
	v_add_nc_u32_e32 v242, s24, v242                           // 000000009AF0: 4BE5E418
	v_lshl_add_u32 v242, v3, 1, v242                           // 000000009AF4: D64600F2 07C90303
	v_add_nc_u32_e32 v242, 0xc0, v242                          // 000000009AFC: 4BE5E4FF 000000C0
	v_cmp_gt_u32_e32 vcc_lo, s18, v241                         // 000000009B04: 7C99E212
	s_and_saveexec_b32 s42, vcc_lo                             // 000000009B08: BEAA206A
	global_store_b16 v242, v240, s[10:11]                      // 000000009B0C: DC660000 000AF0F2
	s_mov_b32 exec_lo, s42                                     // 000000009B14: BEFE002A
	v_mul_f32_e32 v238, v116, v60                              // 000000009B18: 11DC7974
	v_lshrrev_b32_e32 v239, 16, v238                           // 000000009B1C: 33DFDC90
	v_and_b32_e32 v239, 1, v239                                // 000000009B20: 37DFDE81
	v_add_nc_u32_e32 v240, 0x7fff, v238                        // 000000009B24: 4BE1DCFF 00007FFF
	v_add_nc_u32_e32 v240, v239, v240                          // 000000009B2C: 4BE1E1EF
	v_lshrrev_b32_e32 v240, 16, v240                           // 000000009B30: 33E1E090
	v_add_nc_u32_e32 v241, 8, v6                               // 000000009B34: 4BE20C88
	v_lshlrev_b32_e32 v242, 13, v241                           // 000000009B38: 31E5E28D
	v_add_nc_u32_e32 v242, s24, v242                           // 000000009B3C: 4BE5E418
	v_lshl_add_u32 v242, v3, 1, v242                           // 000000009B40: D64600F2 07C90303
	v_add_nc_u32_e32 v242, 0xc0, v242                          // 000000009B48: 4BE5E4FF 000000C0
	v_cmp_gt_u32_e32 vcc_lo, s18, v241                         // 000000009B50: 7C99E212
	s_and_saveexec_b32 s42, vcc_lo                             // 000000009B54: BEAA206A
	global_store_b16 v242, v240, s[10:11]                      // 000000009B58: DC660000 000AF0F2
	s_mov_b32 exec_lo, s42                                     // 000000009B60: BEFE002A
	v_mul_f32_e32 v238, v117, v61                              // 000000009B64: 11DC7B75
	v_lshrrev_b32_e32 v239, 16, v238                           // 000000009B68: 33DFDC90
	v_and_b32_e32 v239, 1, v239                                // 000000009B6C: 37DFDE81
	v_add_nc_u32_e32 v240, 0x7fff, v238                        // 000000009B70: 4BE1DCFF 00007FFF
	v_add_nc_u32_e32 v240, v239, v240                          // 000000009B78: 4BE1E1EF
	v_lshrrev_b32_e32 v240, 16, v240                           // 000000009B7C: 33E1E090
	v_add_nc_u32_e32 v241, 10, v6                              // 000000009B80: 4BE20C8A
	v_lshlrev_b32_e32 v242, 13, v241                           // 000000009B84: 31E5E28D
	v_add_nc_u32_e32 v242, s24, v242                           // 000000009B88: 4BE5E418
	v_lshl_add_u32 v242, v3, 1, v242                           // 000000009B8C: D64600F2 07C90303
	v_add_nc_u32_e32 v242, 0xc0, v242                          // 000000009B94: 4BE5E4FF 000000C0
	v_cmp_gt_u32_e32 vcc_lo, s18, v241                         // 000000009B9C: 7C99E212
	s_and_saveexec_b32 s42, vcc_lo                             // 000000009BA0: BEAA206A
	global_store_b16 v242, v240, s[10:11]                      // 000000009BA4: DC660000 000AF0F2
	s_mov_b32 exec_lo, s42                                     // 000000009BAC: BEFE002A
	v_mul_f32_e32 v238, v118, v62                              // 000000009BB0: 11DC7D76
	v_lshrrev_b32_e32 v239, 16, v238                           // 000000009BB4: 33DFDC90
	v_and_b32_e32 v239, 1, v239                                // 000000009BB8: 37DFDE81
	v_add_nc_u32_e32 v240, 0x7fff, v238                        // 000000009BBC: 4BE1DCFF 00007FFF
	v_add_nc_u32_e32 v240, v239, v240                          // 000000009BC4: 4BE1E1EF
	v_lshrrev_b32_e32 v240, 16, v240                           // 000000009BC8: 33E1E090
	v_add_nc_u32_e32 v241, 12, v6                              // 000000009BCC: 4BE20C8C
	v_lshlrev_b32_e32 v242, 13, v241                           // 000000009BD0: 31E5E28D
	v_add_nc_u32_e32 v242, s24, v242                           // 000000009BD4: 4BE5E418
	v_lshl_add_u32 v242, v3, 1, v242                           // 000000009BD8: D64600F2 07C90303
	v_add_nc_u32_e32 v242, 0xc0, v242                          // 000000009BE0: 4BE5E4FF 000000C0
	v_cmp_gt_u32_e32 vcc_lo, s18, v241                         // 000000009BE8: 7C99E212
	s_and_saveexec_b32 s42, vcc_lo                             // 000000009BEC: BEAA206A
	global_store_b16 v242, v240, s[10:11]                      // 000000009BF0: DC660000 000AF0F2
	s_mov_b32 exec_lo, s42                                     // 000000009BF8: BEFE002A
	v_mul_f32_e32 v238, v119, v63                              // 000000009BFC: 11DC7F77
	v_lshrrev_b32_e32 v239, 16, v238                           // 000000009C00: 33DFDC90
	v_and_b32_e32 v239, 1, v239                                // 000000009C04: 37DFDE81
	v_add_nc_u32_e32 v240, 0x7fff, v238                        // 000000009C08: 4BE1DCFF 00007FFF
	v_add_nc_u32_e32 v240, v239, v240                          // 000000009C10: 4BE1E1EF
	v_lshrrev_b32_e32 v240, 16, v240                           // 000000009C14: 33E1E090
	v_add_nc_u32_e32 v241, 14, v6                              // 000000009C18: 4BE20C8E
	v_lshlrev_b32_e32 v242, 13, v241                           // 000000009C1C: 31E5E28D
	v_add_nc_u32_e32 v242, s24, v242                           // 000000009C20: 4BE5E418
	v_lshl_add_u32 v242, v3, 1, v242                           // 000000009C24: D64600F2 07C90303
	v_add_nc_u32_e32 v242, 0xc0, v242                          // 000000009C2C: 4BE5E4FF 000000C0
	v_cmp_gt_u32_e32 vcc_lo, s18, v241                         // 000000009C34: 7C99E212
	s_and_saveexec_b32 s42, vcc_lo                             // 000000009C38: BEAA206A
	global_store_b16 v242, v240, s[10:11]                      // 000000009C3C: DC660000 000AF0F2
	s_mov_b32 exec_lo, s42                                     // 000000009C44: BEFE002A
	v_mul_f32_e32 v238, v120, v56                              // 000000009C48: 11DC7178
	v_lshrrev_b32_e32 v239, 16, v238                           // 000000009C4C: 33DFDC90
	v_and_b32_e32 v239, 1, v239                                // 000000009C50: 37DFDE81
	v_add_nc_u32_e32 v240, 0x7fff, v238                        // 000000009C54: 4BE1DCFF 00007FFF
	v_add_nc_u32_e32 v240, v239, v240                          // 000000009C5C: 4BE1E1EF
	v_lshrrev_b32_e32 v240, 16, v240                           // 000000009C60: 33E1E090
	v_add_nc_u32_e32 v241, 0, v6                               // 000000009C64: 4BE20C80
	v_lshlrev_b32_e32 v242, 13, v241                           // 000000009C68: 31E5E28D
	v_add_nc_u32_e32 v242, s24, v242                           // 000000009C6C: 4BE5E418
	v_lshl_add_u32 v242, v3, 1, v242                           // 000000009C70: D64600F2 07C90303
	v_add_nc_u32_e32 v242, 0xe0, v242                          // 000000009C78: 4BE5E4FF 000000E0
	v_cmp_gt_u32_e32 vcc_lo, s18, v241                         // 000000009C80: 7C99E212
	s_and_saveexec_b32 s42, vcc_lo                             // 000000009C84: BEAA206A
	global_store_b16 v242, v240, s[10:11]                      // 000000009C88: DC660000 000AF0F2
	s_mov_b32 exec_lo, s42                                     // 000000009C90: BEFE002A
	v_mul_f32_e32 v238, v121, v57                              // 000000009C94: 11DC7379
	v_lshrrev_b32_e32 v239, 16, v238                           // 000000009C98: 33DFDC90
	v_and_b32_e32 v239, 1, v239                                // 000000009C9C: 37DFDE81
	v_add_nc_u32_e32 v240, 0x7fff, v238                        // 000000009CA0: 4BE1DCFF 00007FFF
	v_add_nc_u32_e32 v240, v239, v240                          // 000000009CA8: 4BE1E1EF
	v_lshrrev_b32_e32 v240, 16, v240                           // 000000009CAC: 33E1E090
	v_add_nc_u32_e32 v241, 2, v6                               // 000000009CB0: 4BE20C82
	v_lshlrev_b32_e32 v242, 13, v241                           // 000000009CB4: 31E5E28D
	v_add_nc_u32_e32 v242, s24, v242                           // 000000009CB8: 4BE5E418
	v_lshl_add_u32 v242, v3, 1, v242                           // 000000009CBC: D64600F2 07C90303
	v_add_nc_u32_e32 v242, 0xe0, v242                          // 000000009CC4: 4BE5E4FF 000000E0
	v_cmp_gt_u32_e32 vcc_lo, s18, v241                         // 000000009CCC: 7C99E212
	s_and_saveexec_b32 s42, vcc_lo                             // 000000009CD0: BEAA206A
	global_store_b16 v242, v240, s[10:11]                      // 000000009CD4: DC660000 000AF0F2
	s_mov_b32 exec_lo, s42                                     // 000000009CDC: BEFE002A
	v_mul_f32_e32 v238, v122, v58                              // 000000009CE0: 11DC757A
	v_lshrrev_b32_e32 v239, 16, v238                           // 000000009CE4: 33DFDC90
	v_and_b32_e32 v239, 1, v239                                // 000000009CE8: 37DFDE81
	v_add_nc_u32_e32 v240, 0x7fff, v238                        // 000000009CEC: 4BE1DCFF 00007FFF
	v_add_nc_u32_e32 v240, v239, v240                          // 000000009CF4: 4BE1E1EF
	v_lshrrev_b32_e32 v240, 16, v240                           // 000000009CF8: 33E1E090
	v_add_nc_u32_e32 v241, 4, v6                               // 000000009CFC: 4BE20C84
	v_lshlrev_b32_e32 v242, 13, v241                           // 000000009D00: 31E5E28D
	v_add_nc_u32_e32 v242, s24, v242                           // 000000009D04: 4BE5E418
	v_lshl_add_u32 v242, v3, 1, v242                           // 000000009D08: D64600F2 07C90303
	v_add_nc_u32_e32 v242, 0xe0, v242                          // 000000009D10: 4BE5E4FF 000000E0
	v_cmp_gt_u32_e32 vcc_lo, s18, v241                         // 000000009D18: 7C99E212
	s_and_saveexec_b32 s42, vcc_lo                             // 000000009D1C: BEAA206A
	global_store_b16 v242, v240, s[10:11]                      // 000000009D20: DC660000 000AF0F2
	s_mov_b32 exec_lo, s42                                     // 000000009D28: BEFE002A
	v_mul_f32_e32 v238, v123, v59                              // 000000009D2C: 11DC777B
	v_lshrrev_b32_e32 v239, 16, v238                           // 000000009D30: 33DFDC90
	v_and_b32_e32 v239, 1, v239                                // 000000009D34: 37DFDE81
	v_add_nc_u32_e32 v240, 0x7fff, v238                        // 000000009D38: 4BE1DCFF 00007FFF
	v_add_nc_u32_e32 v240, v239, v240                          // 000000009D40: 4BE1E1EF
	v_lshrrev_b32_e32 v240, 16, v240                           // 000000009D44: 33E1E090
	v_add_nc_u32_e32 v241, 6, v6                               // 000000009D48: 4BE20C86
	v_lshlrev_b32_e32 v242, 13, v241                           // 000000009D4C: 31E5E28D
	v_add_nc_u32_e32 v242, s24, v242                           // 000000009D50: 4BE5E418
	v_lshl_add_u32 v242, v3, 1, v242                           // 000000009D54: D64600F2 07C90303
	v_add_nc_u32_e32 v242, 0xe0, v242                          // 000000009D5C: 4BE5E4FF 000000E0
	v_cmp_gt_u32_e32 vcc_lo, s18, v241                         // 000000009D64: 7C99E212
	s_and_saveexec_b32 s42, vcc_lo                             // 000000009D68: BEAA206A
	global_store_b16 v242, v240, s[10:11]                      // 000000009D6C: DC660000 000AF0F2
	s_mov_b32 exec_lo, s42                                     // 000000009D74: BEFE002A
	v_mul_f32_e32 v238, v124, v60                              // 000000009D78: 11DC797C
	v_lshrrev_b32_e32 v239, 16, v238                           // 000000009D7C: 33DFDC90
	v_and_b32_e32 v239, 1, v239                                // 000000009D80: 37DFDE81
	v_add_nc_u32_e32 v240, 0x7fff, v238                        // 000000009D84: 4BE1DCFF 00007FFF
	v_add_nc_u32_e32 v240, v239, v240                          // 000000009D8C: 4BE1E1EF
	v_lshrrev_b32_e32 v240, 16, v240                           // 000000009D90: 33E1E090
	v_add_nc_u32_e32 v241, 8, v6                               // 000000009D94: 4BE20C88
	v_lshlrev_b32_e32 v242, 13, v241                           // 000000009D98: 31E5E28D
	v_add_nc_u32_e32 v242, s24, v242                           // 000000009D9C: 4BE5E418
	v_lshl_add_u32 v242, v3, 1, v242                           // 000000009DA0: D64600F2 07C90303
	v_add_nc_u32_e32 v242, 0xe0, v242                          // 000000009DA8: 4BE5E4FF 000000E0
	v_cmp_gt_u32_e32 vcc_lo, s18, v241                         // 000000009DB0: 7C99E212
	s_and_saveexec_b32 s42, vcc_lo                             // 000000009DB4: BEAA206A
	global_store_b16 v242, v240, s[10:11]                      // 000000009DB8: DC660000 000AF0F2
	s_mov_b32 exec_lo, s42                                     // 000000009DC0: BEFE002A
	v_mul_f32_e32 v238, v125, v61                              // 000000009DC4: 11DC7B7D
	v_lshrrev_b32_e32 v239, 16, v238                           // 000000009DC8: 33DFDC90
	v_and_b32_e32 v239, 1, v239                                // 000000009DCC: 37DFDE81
	v_add_nc_u32_e32 v240, 0x7fff, v238                        // 000000009DD0: 4BE1DCFF 00007FFF
	v_add_nc_u32_e32 v240, v239, v240                          // 000000009DD8: 4BE1E1EF
	v_lshrrev_b32_e32 v240, 16, v240                           // 000000009DDC: 33E1E090
	v_add_nc_u32_e32 v241, 10, v6                              // 000000009DE0: 4BE20C8A
	v_lshlrev_b32_e32 v242, 13, v241                           // 000000009DE4: 31E5E28D
	v_add_nc_u32_e32 v242, s24, v242                           // 000000009DE8: 4BE5E418
	v_lshl_add_u32 v242, v3, 1, v242                           // 000000009DEC: D64600F2 07C90303
	v_add_nc_u32_e32 v242, 0xe0, v242                          // 000000009DF4: 4BE5E4FF 000000E0
	v_cmp_gt_u32_e32 vcc_lo, s18, v241                         // 000000009DFC: 7C99E212
	s_and_saveexec_b32 s42, vcc_lo                             // 000000009E00: BEAA206A
	global_store_b16 v242, v240, s[10:11]                      // 000000009E04: DC660000 000AF0F2
	s_mov_b32 exec_lo, s42                                     // 000000009E0C: BEFE002A
	v_mul_f32_e32 v238, v126, v62                              // 000000009E10: 11DC7D7E
	v_lshrrev_b32_e32 v239, 16, v238                           // 000000009E14: 33DFDC90
	v_and_b32_e32 v239, 1, v239                                // 000000009E18: 37DFDE81
	v_add_nc_u32_e32 v240, 0x7fff, v238                        // 000000009E1C: 4BE1DCFF 00007FFF
	v_add_nc_u32_e32 v240, v239, v240                          // 000000009E24: 4BE1E1EF
	v_lshrrev_b32_e32 v240, 16, v240                           // 000000009E28: 33E1E090
	v_add_nc_u32_e32 v241, 12, v6                              // 000000009E2C: 4BE20C8C
	v_lshlrev_b32_e32 v242, 13, v241                           // 000000009E30: 31E5E28D
	v_add_nc_u32_e32 v242, s24, v242                           // 000000009E34: 4BE5E418
	v_lshl_add_u32 v242, v3, 1, v242                           // 000000009E38: D64600F2 07C90303
	v_add_nc_u32_e32 v242, 0xe0, v242                          // 000000009E40: 4BE5E4FF 000000E0
	v_cmp_gt_u32_e32 vcc_lo, s18, v241                         // 000000009E48: 7C99E212
	s_and_saveexec_b32 s42, vcc_lo                             // 000000009E4C: BEAA206A
	global_store_b16 v242, v240, s[10:11]                      // 000000009E50: DC660000 000AF0F2
	s_mov_b32 exec_lo, s42                                     // 000000009E58: BEFE002A
	v_mul_f32_e32 v238, v127, v63                              // 000000009E5C: 11DC7F7F
	v_lshrrev_b32_e32 v239, 16, v238                           // 000000009E60: 33DFDC90
	v_and_b32_e32 v239, 1, v239                                // 000000009E64: 37DFDE81
	v_add_nc_u32_e32 v240, 0x7fff, v238                        // 000000009E68: 4BE1DCFF 00007FFF
	v_add_nc_u32_e32 v240, v239, v240                          // 000000009E70: 4BE1E1EF
	v_lshrrev_b32_e32 v240, 16, v240                           // 000000009E74: 33E1E090
	v_add_nc_u32_e32 v241, 14, v6                              // 000000009E78: 4BE20C8E
	v_lshlrev_b32_e32 v242, 13, v241                           // 000000009E7C: 31E5E28D
	v_add_nc_u32_e32 v242, s24, v242                           // 000000009E80: 4BE5E418
	v_lshl_add_u32 v242, v3, 1, v242                           // 000000009E84: D64600F2 07C90303
	v_add_nc_u32_e32 v242, 0xe0, v242                          // 000000009E8C: 4BE5E4FF 000000E0
	v_cmp_gt_u32_e32 vcc_lo, s18, v241                         // 000000009E94: 7C99E212
	s_and_saveexec_b32 s42, vcc_lo                             // 000000009E98: BEAA206A
	global_store_b16 v242, v240, s[10:11]                      // 000000009E9C: DC660000 000AF0F2
	s_mov_b32 exec_lo, s42                                     // 000000009EA4: BEFE002A
	v_mul_f32_e32 v238, v128, v56                              // 000000009EA8: 11DC7180
	v_lshrrev_b32_e32 v239, 16, v238                           // 000000009EAC: 33DFDC90
	v_and_b32_e32 v239, 1, v239                                // 000000009EB0: 37DFDE81
	v_add_nc_u32_e32 v240, 0x7fff, v238                        // 000000009EB4: 4BE1DCFF 00007FFF
	v_add_nc_u32_e32 v240, v239, v240                          // 000000009EBC: 4BE1E1EF
	v_lshrrev_b32_e32 v240, 16, v240                           // 000000009EC0: 33E1E090
	v_add_nc_u32_e32 v241, 0, v6                               // 000000009EC4: 4BE20C80
	v_lshlrev_b32_e32 v242, 13, v241                           // 000000009EC8: 31E5E28D
	v_add_nc_u32_e32 v242, s24, v242                           // 000000009ECC: 4BE5E418
	v_lshl_add_u32 v242, v3, 1, v242                           // 000000009ED0: D64600F2 07C90303
	v_add_nc_u32_e32 v242, 0x100, v242                         // 000000009ED8: 4BE5E4FF 00000100
	v_cmp_gt_u32_e32 vcc_lo, s18, v241                         // 000000009EE0: 7C99E212
	s_and_saveexec_b32 s42, vcc_lo                             // 000000009EE4: BEAA206A
	global_store_b16 v242, v240, s[10:11]                      // 000000009EE8: DC660000 000AF0F2
	s_mov_b32 exec_lo, s42                                     // 000000009EF0: BEFE002A
	v_mul_f32_e32 v238, v129, v57                              // 000000009EF4: 11DC7381
	v_lshrrev_b32_e32 v239, 16, v238                           // 000000009EF8: 33DFDC90
	v_and_b32_e32 v239, 1, v239                                // 000000009EFC: 37DFDE81
	v_add_nc_u32_e32 v240, 0x7fff, v238                        // 000000009F00: 4BE1DCFF 00007FFF
	v_add_nc_u32_e32 v240, v239, v240                          // 000000009F08: 4BE1E1EF
	v_lshrrev_b32_e32 v240, 16, v240                           // 000000009F0C: 33E1E090
	v_add_nc_u32_e32 v241, 2, v6                               // 000000009F10: 4BE20C82
	v_lshlrev_b32_e32 v242, 13, v241                           // 000000009F14: 31E5E28D
	v_add_nc_u32_e32 v242, s24, v242                           // 000000009F18: 4BE5E418
	v_lshl_add_u32 v242, v3, 1, v242                           // 000000009F1C: D64600F2 07C90303
	v_add_nc_u32_e32 v242, 0x100, v242                         // 000000009F24: 4BE5E4FF 00000100
	v_cmp_gt_u32_e32 vcc_lo, s18, v241                         // 000000009F2C: 7C99E212
	s_and_saveexec_b32 s42, vcc_lo                             // 000000009F30: BEAA206A
	global_store_b16 v242, v240, s[10:11]                      // 000000009F34: DC660000 000AF0F2
	s_mov_b32 exec_lo, s42                                     // 000000009F3C: BEFE002A
	v_mul_f32_e32 v238, v130, v58                              // 000000009F40: 11DC7582
	v_lshrrev_b32_e32 v239, 16, v238                           // 000000009F44: 33DFDC90
	v_and_b32_e32 v239, 1, v239                                // 000000009F48: 37DFDE81
	v_add_nc_u32_e32 v240, 0x7fff, v238                        // 000000009F4C: 4BE1DCFF 00007FFF
	v_add_nc_u32_e32 v240, v239, v240                          // 000000009F54: 4BE1E1EF
	v_lshrrev_b32_e32 v240, 16, v240                           // 000000009F58: 33E1E090
	v_add_nc_u32_e32 v241, 4, v6                               // 000000009F5C: 4BE20C84
	v_lshlrev_b32_e32 v242, 13, v241                           // 000000009F60: 31E5E28D
	v_add_nc_u32_e32 v242, s24, v242                           // 000000009F64: 4BE5E418
	v_lshl_add_u32 v242, v3, 1, v242                           // 000000009F68: D64600F2 07C90303
	v_add_nc_u32_e32 v242, 0x100, v242                         // 000000009F70: 4BE5E4FF 00000100
	v_cmp_gt_u32_e32 vcc_lo, s18, v241                         // 000000009F78: 7C99E212
	s_and_saveexec_b32 s42, vcc_lo                             // 000000009F7C: BEAA206A
	global_store_b16 v242, v240, s[10:11]                      // 000000009F80: DC660000 000AF0F2
	s_mov_b32 exec_lo, s42                                     // 000000009F88: BEFE002A
	v_mul_f32_e32 v238, v131, v59                              // 000000009F8C: 11DC7783
	v_lshrrev_b32_e32 v239, 16, v238                           // 000000009F90: 33DFDC90
	v_and_b32_e32 v239, 1, v239                                // 000000009F94: 37DFDE81
	v_add_nc_u32_e32 v240, 0x7fff, v238                        // 000000009F98: 4BE1DCFF 00007FFF
	v_add_nc_u32_e32 v240, v239, v240                          // 000000009FA0: 4BE1E1EF
	v_lshrrev_b32_e32 v240, 16, v240                           // 000000009FA4: 33E1E090
	v_add_nc_u32_e32 v241, 6, v6                               // 000000009FA8: 4BE20C86
	v_lshlrev_b32_e32 v242, 13, v241                           // 000000009FAC: 31E5E28D
	v_add_nc_u32_e32 v242, s24, v242                           // 000000009FB0: 4BE5E418
	v_lshl_add_u32 v242, v3, 1, v242                           // 000000009FB4: D64600F2 07C90303
	v_add_nc_u32_e32 v242, 0x100, v242                         // 000000009FBC: 4BE5E4FF 00000100
	v_cmp_gt_u32_e32 vcc_lo, s18, v241                         // 000000009FC4: 7C99E212
	s_and_saveexec_b32 s42, vcc_lo                             // 000000009FC8: BEAA206A
	global_store_b16 v242, v240, s[10:11]                      // 000000009FCC: DC660000 000AF0F2
	s_mov_b32 exec_lo, s42                                     // 000000009FD4: BEFE002A
	v_mul_f32_e32 v238, v132, v60                              // 000000009FD8: 11DC7984
	v_lshrrev_b32_e32 v239, 16, v238                           // 000000009FDC: 33DFDC90
	v_and_b32_e32 v239, 1, v239                                // 000000009FE0: 37DFDE81
	v_add_nc_u32_e32 v240, 0x7fff, v238                        // 000000009FE4: 4BE1DCFF 00007FFF
	v_add_nc_u32_e32 v240, v239, v240                          // 000000009FEC: 4BE1E1EF
	v_lshrrev_b32_e32 v240, 16, v240                           // 000000009FF0: 33E1E090
	v_add_nc_u32_e32 v241, 8, v6                               // 000000009FF4: 4BE20C88
	v_lshlrev_b32_e32 v242, 13, v241                           // 000000009FF8: 31E5E28D
	v_add_nc_u32_e32 v242, s24, v242                           // 000000009FFC: 4BE5E418
	v_lshl_add_u32 v242, v3, 1, v242                           // 00000000A000: D64600F2 07C90303
	v_add_nc_u32_e32 v242, 0x100, v242                         // 00000000A008: 4BE5E4FF 00000100
	v_cmp_gt_u32_e32 vcc_lo, s18, v241                         // 00000000A010: 7C99E212
	s_and_saveexec_b32 s42, vcc_lo                             // 00000000A014: BEAA206A
	global_store_b16 v242, v240, s[10:11]                      // 00000000A018: DC660000 000AF0F2
	s_mov_b32 exec_lo, s42                                     // 00000000A020: BEFE002A
	v_mul_f32_e32 v238, v133, v61                              // 00000000A024: 11DC7B85
	v_lshrrev_b32_e32 v239, 16, v238                           // 00000000A028: 33DFDC90
	v_and_b32_e32 v239, 1, v239                                // 00000000A02C: 37DFDE81
	v_add_nc_u32_e32 v240, 0x7fff, v238                        // 00000000A030: 4BE1DCFF 00007FFF
	v_add_nc_u32_e32 v240, v239, v240                          // 00000000A038: 4BE1E1EF
	v_lshrrev_b32_e32 v240, 16, v240                           // 00000000A03C: 33E1E090
	v_add_nc_u32_e32 v241, 10, v6                              // 00000000A040: 4BE20C8A
	v_lshlrev_b32_e32 v242, 13, v241                           // 00000000A044: 31E5E28D
	v_add_nc_u32_e32 v242, s24, v242                           // 00000000A048: 4BE5E418
	v_lshl_add_u32 v242, v3, 1, v242                           // 00000000A04C: D64600F2 07C90303
	v_add_nc_u32_e32 v242, 0x100, v242                         // 00000000A054: 4BE5E4FF 00000100
	v_cmp_gt_u32_e32 vcc_lo, s18, v241                         // 00000000A05C: 7C99E212
	s_and_saveexec_b32 s42, vcc_lo                             // 00000000A060: BEAA206A
	global_store_b16 v242, v240, s[10:11]                      // 00000000A064: DC660000 000AF0F2
	s_mov_b32 exec_lo, s42                                     // 00000000A06C: BEFE002A
	v_mul_f32_e32 v238, v134, v62                              // 00000000A070: 11DC7D86
	v_lshrrev_b32_e32 v239, 16, v238                           // 00000000A074: 33DFDC90
	v_and_b32_e32 v239, 1, v239                                // 00000000A078: 37DFDE81
	v_add_nc_u32_e32 v240, 0x7fff, v238                        // 00000000A07C: 4BE1DCFF 00007FFF
	v_add_nc_u32_e32 v240, v239, v240                          // 00000000A084: 4BE1E1EF
	v_lshrrev_b32_e32 v240, 16, v240                           // 00000000A088: 33E1E090
	v_add_nc_u32_e32 v241, 12, v6                              // 00000000A08C: 4BE20C8C
	v_lshlrev_b32_e32 v242, 13, v241                           // 00000000A090: 31E5E28D
	v_add_nc_u32_e32 v242, s24, v242                           // 00000000A094: 4BE5E418
	v_lshl_add_u32 v242, v3, 1, v242                           // 00000000A098: D64600F2 07C90303
	v_add_nc_u32_e32 v242, 0x100, v242                         // 00000000A0A0: 4BE5E4FF 00000100
	v_cmp_gt_u32_e32 vcc_lo, s18, v241                         // 00000000A0A8: 7C99E212
	s_and_saveexec_b32 s42, vcc_lo                             // 00000000A0AC: BEAA206A
	global_store_b16 v242, v240, s[10:11]                      // 00000000A0B0: DC660000 000AF0F2
	s_mov_b32 exec_lo, s42                                     // 00000000A0B8: BEFE002A
	v_mul_f32_e32 v238, v135, v63                              // 00000000A0BC: 11DC7F87
	v_lshrrev_b32_e32 v239, 16, v238                           // 00000000A0C0: 33DFDC90
	v_and_b32_e32 v239, 1, v239                                // 00000000A0C4: 37DFDE81
	v_add_nc_u32_e32 v240, 0x7fff, v238                        // 00000000A0C8: 4BE1DCFF 00007FFF
	v_add_nc_u32_e32 v240, v239, v240                          // 00000000A0D0: 4BE1E1EF
	v_lshrrev_b32_e32 v240, 16, v240                           // 00000000A0D4: 33E1E090
	v_add_nc_u32_e32 v241, 14, v6                              // 00000000A0D8: 4BE20C8E
	v_lshlrev_b32_e32 v242, 13, v241                           // 00000000A0DC: 31E5E28D
	v_add_nc_u32_e32 v242, s24, v242                           // 00000000A0E0: 4BE5E418
	v_lshl_add_u32 v242, v3, 1, v242                           // 00000000A0E4: D64600F2 07C90303
	v_add_nc_u32_e32 v242, 0x100, v242                         // 00000000A0EC: 4BE5E4FF 00000100
	v_cmp_gt_u32_e32 vcc_lo, s18, v241                         // 00000000A0F4: 7C99E212
	s_and_saveexec_b32 s42, vcc_lo                             // 00000000A0F8: BEAA206A
	global_store_b16 v242, v240, s[10:11]                      // 00000000A0FC: DC660000 000AF0F2
	s_mov_b32 exec_lo, s42                                     // 00000000A104: BEFE002A
	v_mul_f32_e32 v238, v136, v56                              // 00000000A108: 11DC7188
	v_lshrrev_b32_e32 v239, 16, v238                           // 00000000A10C: 33DFDC90
	v_and_b32_e32 v239, 1, v239                                // 00000000A110: 37DFDE81
	v_add_nc_u32_e32 v240, 0x7fff, v238                        // 00000000A114: 4BE1DCFF 00007FFF
	v_add_nc_u32_e32 v240, v239, v240                          // 00000000A11C: 4BE1E1EF
	v_lshrrev_b32_e32 v240, 16, v240                           // 00000000A120: 33E1E090
	v_add_nc_u32_e32 v241, 0, v6                               // 00000000A124: 4BE20C80
	v_lshlrev_b32_e32 v242, 13, v241                           // 00000000A128: 31E5E28D
	v_add_nc_u32_e32 v242, s24, v242                           // 00000000A12C: 4BE5E418
	v_lshl_add_u32 v242, v3, 1, v242                           // 00000000A130: D64600F2 07C90303
	v_add_nc_u32_e32 v242, 0x120, v242                         // 00000000A138: 4BE5E4FF 00000120
	v_cmp_gt_u32_e32 vcc_lo, s18, v241                         // 00000000A140: 7C99E212
	s_and_saveexec_b32 s42, vcc_lo                             // 00000000A144: BEAA206A
	global_store_b16 v242, v240, s[10:11]                      // 00000000A148: DC660000 000AF0F2
	s_mov_b32 exec_lo, s42                                     // 00000000A150: BEFE002A
	v_mul_f32_e32 v238, v137, v57                              // 00000000A154: 11DC7389
	v_lshrrev_b32_e32 v239, 16, v238                           // 00000000A158: 33DFDC90
	v_and_b32_e32 v239, 1, v239                                // 00000000A15C: 37DFDE81
	v_add_nc_u32_e32 v240, 0x7fff, v238                        // 00000000A160: 4BE1DCFF 00007FFF
	v_add_nc_u32_e32 v240, v239, v240                          // 00000000A168: 4BE1E1EF
	v_lshrrev_b32_e32 v240, 16, v240                           // 00000000A16C: 33E1E090
	v_add_nc_u32_e32 v241, 2, v6                               // 00000000A170: 4BE20C82
	v_lshlrev_b32_e32 v242, 13, v241                           // 00000000A174: 31E5E28D
	v_add_nc_u32_e32 v242, s24, v242                           // 00000000A178: 4BE5E418
	v_lshl_add_u32 v242, v3, 1, v242                           // 00000000A17C: D64600F2 07C90303
	v_add_nc_u32_e32 v242, 0x120, v242                         // 00000000A184: 4BE5E4FF 00000120
	v_cmp_gt_u32_e32 vcc_lo, s18, v241                         // 00000000A18C: 7C99E212
	s_and_saveexec_b32 s42, vcc_lo                             // 00000000A190: BEAA206A
	global_store_b16 v242, v240, s[10:11]                      // 00000000A194: DC660000 000AF0F2
	s_mov_b32 exec_lo, s42                                     // 00000000A19C: BEFE002A
	v_mul_f32_e32 v238, v138, v58                              // 00000000A1A0: 11DC758A
	v_lshrrev_b32_e32 v239, 16, v238                           // 00000000A1A4: 33DFDC90
	v_and_b32_e32 v239, 1, v239                                // 00000000A1A8: 37DFDE81
	v_add_nc_u32_e32 v240, 0x7fff, v238                        // 00000000A1AC: 4BE1DCFF 00007FFF
	v_add_nc_u32_e32 v240, v239, v240                          // 00000000A1B4: 4BE1E1EF
	v_lshrrev_b32_e32 v240, 16, v240                           // 00000000A1B8: 33E1E090
	v_add_nc_u32_e32 v241, 4, v6                               // 00000000A1BC: 4BE20C84
	v_lshlrev_b32_e32 v242, 13, v241                           // 00000000A1C0: 31E5E28D
	v_add_nc_u32_e32 v242, s24, v242                           // 00000000A1C4: 4BE5E418
	v_lshl_add_u32 v242, v3, 1, v242                           // 00000000A1C8: D64600F2 07C90303
	v_add_nc_u32_e32 v242, 0x120, v242                         // 00000000A1D0: 4BE5E4FF 00000120
	v_cmp_gt_u32_e32 vcc_lo, s18, v241                         // 00000000A1D8: 7C99E212
	s_and_saveexec_b32 s42, vcc_lo                             // 00000000A1DC: BEAA206A
	global_store_b16 v242, v240, s[10:11]                      // 00000000A1E0: DC660000 000AF0F2
	s_mov_b32 exec_lo, s42                                     // 00000000A1E8: BEFE002A
	v_mul_f32_e32 v238, v139, v59                              // 00000000A1EC: 11DC778B
	v_lshrrev_b32_e32 v239, 16, v238                           // 00000000A1F0: 33DFDC90
	v_and_b32_e32 v239, 1, v239                                // 00000000A1F4: 37DFDE81
	v_add_nc_u32_e32 v240, 0x7fff, v238                        // 00000000A1F8: 4BE1DCFF 00007FFF
	v_add_nc_u32_e32 v240, v239, v240                          // 00000000A200: 4BE1E1EF
	v_lshrrev_b32_e32 v240, 16, v240                           // 00000000A204: 33E1E090
	v_add_nc_u32_e32 v241, 6, v6                               // 00000000A208: 4BE20C86
	v_lshlrev_b32_e32 v242, 13, v241                           // 00000000A20C: 31E5E28D
	v_add_nc_u32_e32 v242, s24, v242                           // 00000000A210: 4BE5E418
	v_lshl_add_u32 v242, v3, 1, v242                           // 00000000A214: D64600F2 07C90303
	v_add_nc_u32_e32 v242, 0x120, v242                         // 00000000A21C: 4BE5E4FF 00000120
	v_cmp_gt_u32_e32 vcc_lo, s18, v241                         // 00000000A224: 7C99E212
	s_and_saveexec_b32 s42, vcc_lo                             // 00000000A228: BEAA206A
	global_store_b16 v242, v240, s[10:11]                      // 00000000A22C: DC660000 000AF0F2
	s_mov_b32 exec_lo, s42                                     // 00000000A234: BEFE002A
	v_mul_f32_e32 v238, v140, v60                              // 00000000A238: 11DC798C
	v_lshrrev_b32_e32 v239, 16, v238                           // 00000000A23C: 33DFDC90
	v_and_b32_e32 v239, 1, v239                                // 00000000A240: 37DFDE81
	v_add_nc_u32_e32 v240, 0x7fff, v238                        // 00000000A244: 4BE1DCFF 00007FFF
	v_add_nc_u32_e32 v240, v239, v240                          // 00000000A24C: 4BE1E1EF
	v_lshrrev_b32_e32 v240, 16, v240                           // 00000000A250: 33E1E090
	v_add_nc_u32_e32 v241, 8, v6                               // 00000000A254: 4BE20C88
	v_lshlrev_b32_e32 v242, 13, v241                           // 00000000A258: 31E5E28D
	v_add_nc_u32_e32 v242, s24, v242                           // 00000000A25C: 4BE5E418
	v_lshl_add_u32 v242, v3, 1, v242                           // 00000000A260: D64600F2 07C90303
	v_add_nc_u32_e32 v242, 0x120, v242                         // 00000000A268: 4BE5E4FF 00000120
	v_cmp_gt_u32_e32 vcc_lo, s18, v241                         // 00000000A270: 7C99E212
	s_and_saveexec_b32 s42, vcc_lo                             // 00000000A274: BEAA206A
	global_store_b16 v242, v240, s[10:11]                      // 00000000A278: DC660000 000AF0F2
	s_mov_b32 exec_lo, s42                                     // 00000000A280: BEFE002A
	v_mul_f32_e32 v238, v141, v61                              // 00000000A284: 11DC7B8D
	v_lshrrev_b32_e32 v239, 16, v238                           // 00000000A288: 33DFDC90
	v_and_b32_e32 v239, 1, v239                                // 00000000A28C: 37DFDE81
	v_add_nc_u32_e32 v240, 0x7fff, v238                        // 00000000A290: 4BE1DCFF 00007FFF
	v_add_nc_u32_e32 v240, v239, v240                          // 00000000A298: 4BE1E1EF
	v_lshrrev_b32_e32 v240, 16, v240                           // 00000000A29C: 33E1E090
	v_add_nc_u32_e32 v241, 10, v6                              // 00000000A2A0: 4BE20C8A
	v_lshlrev_b32_e32 v242, 13, v241                           // 00000000A2A4: 31E5E28D
	v_add_nc_u32_e32 v242, s24, v242                           // 00000000A2A8: 4BE5E418
	v_lshl_add_u32 v242, v3, 1, v242                           // 00000000A2AC: D64600F2 07C90303
	v_add_nc_u32_e32 v242, 0x120, v242                         // 00000000A2B4: 4BE5E4FF 00000120
	v_cmp_gt_u32_e32 vcc_lo, s18, v241                         // 00000000A2BC: 7C99E212
	s_and_saveexec_b32 s42, vcc_lo                             // 00000000A2C0: BEAA206A
	global_store_b16 v242, v240, s[10:11]                      // 00000000A2C4: DC660000 000AF0F2
	s_mov_b32 exec_lo, s42                                     // 00000000A2CC: BEFE002A
	v_mul_f32_e32 v238, v142, v62                              // 00000000A2D0: 11DC7D8E
	v_lshrrev_b32_e32 v239, 16, v238                           // 00000000A2D4: 33DFDC90
	v_and_b32_e32 v239, 1, v239                                // 00000000A2D8: 37DFDE81
	v_add_nc_u32_e32 v240, 0x7fff, v238                        // 00000000A2DC: 4BE1DCFF 00007FFF
	v_add_nc_u32_e32 v240, v239, v240                          // 00000000A2E4: 4BE1E1EF
	v_lshrrev_b32_e32 v240, 16, v240                           // 00000000A2E8: 33E1E090
	v_add_nc_u32_e32 v241, 12, v6                              // 00000000A2EC: 4BE20C8C
	v_lshlrev_b32_e32 v242, 13, v241                           // 00000000A2F0: 31E5E28D
	v_add_nc_u32_e32 v242, s24, v242                           // 00000000A2F4: 4BE5E418
	v_lshl_add_u32 v242, v3, 1, v242                           // 00000000A2F8: D64600F2 07C90303
	v_add_nc_u32_e32 v242, 0x120, v242                         // 00000000A300: 4BE5E4FF 00000120
	v_cmp_gt_u32_e32 vcc_lo, s18, v241                         // 00000000A308: 7C99E212
	s_and_saveexec_b32 s42, vcc_lo                             // 00000000A30C: BEAA206A
	global_store_b16 v242, v240, s[10:11]                      // 00000000A310: DC660000 000AF0F2
	s_mov_b32 exec_lo, s42                                     // 00000000A318: BEFE002A
	v_mul_f32_e32 v238, v143, v63                              // 00000000A31C: 11DC7F8F
	v_lshrrev_b32_e32 v239, 16, v238                           // 00000000A320: 33DFDC90
	v_and_b32_e32 v239, 1, v239                                // 00000000A324: 37DFDE81
	v_add_nc_u32_e32 v240, 0x7fff, v238                        // 00000000A328: 4BE1DCFF 00007FFF
	v_add_nc_u32_e32 v240, v239, v240                          // 00000000A330: 4BE1E1EF
	v_lshrrev_b32_e32 v240, 16, v240                           // 00000000A334: 33E1E090
	v_add_nc_u32_e32 v241, 14, v6                              // 00000000A338: 4BE20C8E
	v_lshlrev_b32_e32 v242, 13, v241                           // 00000000A33C: 31E5E28D
	v_add_nc_u32_e32 v242, s24, v242                           // 00000000A340: 4BE5E418
	v_lshl_add_u32 v242, v3, 1, v242                           // 00000000A344: D64600F2 07C90303
	v_add_nc_u32_e32 v242, 0x120, v242                         // 00000000A34C: 4BE5E4FF 00000120
	v_cmp_gt_u32_e32 vcc_lo, s18, v241                         // 00000000A354: 7C99E212
	s_and_saveexec_b32 s42, vcc_lo                             // 00000000A358: BEAA206A
	global_store_b16 v242, v240, s[10:11]                      // 00000000A35C: DC660000 000AF0F2
	s_mov_b32 exec_lo, s42                                     // 00000000A364: BEFE002A
	v_mul_f32_e32 v238, v144, v56                              // 00000000A368: 11DC7190
	v_lshrrev_b32_e32 v239, 16, v238                           // 00000000A36C: 33DFDC90
	v_and_b32_e32 v239, 1, v239                                // 00000000A370: 37DFDE81
	v_add_nc_u32_e32 v240, 0x7fff, v238                        // 00000000A374: 4BE1DCFF 00007FFF
	v_add_nc_u32_e32 v240, v239, v240                          // 00000000A37C: 4BE1E1EF
	v_lshrrev_b32_e32 v240, 16, v240                           // 00000000A380: 33E1E090
	v_add_nc_u32_e32 v241, 0, v6                               // 00000000A384: 4BE20C80
	v_lshlrev_b32_e32 v242, 13, v241                           // 00000000A388: 31E5E28D
	v_add_nc_u32_e32 v242, s24, v242                           // 00000000A38C: 4BE5E418
	v_lshl_add_u32 v242, v3, 1, v242                           // 00000000A390: D64600F2 07C90303
	v_add_nc_u32_e32 v242, 0x140, v242                         // 00000000A398: 4BE5E4FF 00000140
	v_cmp_gt_u32_e32 vcc_lo, s18, v241                         // 00000000A3A0: 7C99E212
	s_and_saveexec_b32 s42, vcc_lo                             // 00000000A3A4: BEAA206A
	global_store_b16 v242, v240, s[10:11]                      // 00000000A3A8: DC660000 000AF0F2
	s_mov_b32 exec_lo, s42                                     // 00000000A3B0: BEFE002A
	v_mul_f32_e32 v238, v145, v57                              // 00000000A3B4: 11DC7391
	v_lshrrev_b32_e32 v239, 16, v238                           // 00000000A3B8: 33DFDC90
	v_and_b32_e32 v239, 1, v239                                // 00000000A3BC: 37DFDE81
	v_add_nc_u32_e32 v240, 0x7fff, v238                        // 00000000A3C0: 4BE1DCFF 00007FFF
	v_add_nc_u32_e32 v240, v239, v240                          // 00000000A3C8: 4BE1E1EF
	v_lshrrev_b32_e32 v240, 16, v240                           // 00000000A3CC: 33E1E090
	v_add_nc_u32_e32 v241, 2, v6                               // 00000000A3D0: 4BE20C82
	v_lshlrev_b32_e32 v242, 13, v241                           // 00000000A3D4: 31E5E28D
	v_add_nc_u32_e32 v242, s24, v242                           // 00000000A3D8: 4BE5E418
	v_lshl_add_u32 v242, v3, 1, v242                           // 00000000A3DC: D64600F2 07C90303
	v_add_nc_u32_e32 v242, 0x140, v242                         // 00000000A3E4: 4BE5E4FF 00000140
	v_cmp_gt_u32_e32 vcc_lo, s18, v241                         // 00000000A3EC: 7C99E212
	s_and_saveexec_b32 s42, vcc_lo                             // 00000000A3F0: BEAA206A
	global_store_b16 v242, v240, s[10:11]                      // 00000000A3F4: DC660000 000AF0F2
	s_mov_b32 exec_lo, s42                                     // 00000000A3FC: BEFE002A
	v_mul_f32_e32 v238, v146, v58                              // 00000000A400: 11DC7592
	v_lshrrev_b32_e32 v239, 16, v238                           // 00000000A404: 33DFDC90
	v_and_b32_e32 v239, 1, v239                                // 00000000A408: 37DFDE81
	v_add_nc_u32_e32 v240, 0x7fff, v238                        // 00000000A40C: 4BE1DCFF 00007FFF
	v_add_nc_u32_e32 v240, v239, v240                          // 00000000A414: 4BE1E1EF
	v_lshrrev_b32_e32 v240, 16, v240                           // 00000000A418: 33E1E090
	v_add_nc_u32_e32 v241, 4, v6                               // 00000000A41C: 4BE20C84
	v_lshlrev_b32_e32 v242, 13, v241                           // 00000000A420: 31E5E28D
	v_add_nc_u32_e32 v242, s24, v242                           // 00000000A424: 4BE5E418
	v_lshl_add_u32 v242, v3, 1, v242                           // 00000000A428: D64600F2 07C90303
	v_add_nc_u32_e32 v242, 0x140, v242                         // 00000000A430: 4BE5E4FF 00000140
	v_cmp_gt_u32_e32 vcc_lo, s18, v241                         // 00000000A438: 7C99E212
	s_and_saveexec_b32 s42, vcc_lo                             // 00000000A43C: BEAA206A
	global_store_b16 v242, v240, s[10:11]                      // 00000000A440: DC660000 000AF0F2
	s_mov_b32 exec_lo, s42                                     // 00000000A448: BEFE002A
	v_mul_f32_e32 v238, v147, v59                              // 00000000A44C: 11DC7793
	v_lshrrev_b32_e32 v239, 16, v238                           // 00000000A450: 33DFDC90
	v_and_b32_e32 v239, 1, v239                                // 00000000A454: 37DFDE81
	v_add_nc_u32_e32 v240, 0x7fff, v238                        // 00000000A458: 4BE1DCFF 00007FFF
	v_add_nc_u32_e32 v240, v239, v240                          // 00000000A460: 4BE1E1EF
	v_lshrrev_b32_e32 v240, 16, v240                           // 00000000A464: 33E1E090
	v_add_nc_u32_e32 v241, 6, v6                               // 00000000A468: 4BE20C86
	v_lshlrev_b32_e32 v242, 13, v241                           // 00000000A46C: 31E5E28D
	v_add_nc_u32_e32 v242, s24, v242                           // 00000000A470: 4BE5E418
	v_lshl_add_u32 v242, v3, 1, v242                           // 00000000A474: D64600F2 07C90303
	v_add_nc_u32_e32 v242, 0x140, v242                         // 00000000A47C: 4BE5E4FF 00000140
	v_cmp_gt_u32_e32 vcc_lo, s18, v241                         // 00000000A484: 7C99E212
	s_and_saveexec_b32 s42, vcc_lo                             // 00000000A488: BEAA206A
	global_store_b16 v242, v240, s[10:11]                      // 00000000A48C: DC660000 000AF0F2
	s_mov_b32 exec_lo, s42                                     // 00000000A494: BEFE002A
	v_mul_f32_e32 v238, v148, v60                              // 00000000A498: 11DC7994
	v_lshrrev_b32_e32 v239, 16, v238                           // 00000000A49C: 33DFDC90
	v_and_b32_e32 v239, 1, v239                                // 00000000A4A0: 37DFDE81
	v_add_nc_u32_e32 v240, 0x7fff, v238                        // 00000000A4A4: 4BE1DCFF 00007FFF
	v_add_nc_u32_e32 v240, v239, v240                          // 00000000A4AC: 4BE1E1EF
	v_lshrrev_b32_e32 v240, 16, v240                           // 00000000A4B0: 33E1E090
	v_add_nc_u32_e32 v241, 8, v6                               // 00000000A4B4: 4BE20C88
	v_lshlrev_b32_e32 v242, 13, v241                           // 00000000A4B8: 31E5E28D
	v_add_nc_u32_e32 v242, s24, v242                           // 00000000A4BC: 4BE5E418
	v_lshl_add_u32 v242, v3, 1, v242                           // 00000000A4C0: D64600F2 07C90303
	v_add_nc_u32_e32 v242, 0x140, v242                         // 00000000A4C8: 4BE5E4FF 00000140
	v_cmp_gt_u32_e32 vcc_lo, s18, v241                         // 00000000A4D0: 7C99E212
	s_and_saveexec_b32 s42, vcc_lo                             // 00000000A4D4: BEAA206A
	global_store_b16 v242, v240, s[10:11]                      // 00000000A4D8: DC660000 000AF0F2
	s_mov_b32 exec_lo, s42                                     // 00000000A4E0: BEFE002A
	v_mul_f32_e32 v238, v149, v61                              // 00000000A4E4: 11DC7B95
	v_lshrrev_b32_e32 v239, 16, v238                           // 00000000A4E8: 33DFDC90
	v_and_b32_e32 v239, 1, v239                                // 00000000A4EC: 37DFDE81
	v_add_nc_u32_e32 v240, 0x7fff, v238                        // 00000000A4F0: 4BE1DCFF 00007FFF
	v_add_nc_u32_e32 v240, v239, v240                          // 00000000A4F8: 4BE1E1EF
	v_lshrrev_b32_e32 v240, 16, v240                           // 00000000A4FC: 33E1E090
	v_add_nc_u32_e32 v241, 10, v6                              // 00000000A500: 4BE20C8A
	v_lshlrev_b32_e32 v242, 13, v241                           // 00000000A504: 31E5E28D
	v_add_nc_u32_e32 v242, s24, v242                           // 00000000A508: 4BE5E418
	v_lshl_add_u32 v242, v3, 1, v242                           // 00000000A50C: D64600F2 07C90303
	v_add_nc_u32_e32 v242, 0x140, v242                         // 00000000A514: 4BE5E4FF 00000140
	v_cmp_gt_u32_e32 vcc_lo, s18, v241                         // 00000000A51C: 7C99E212
	s_and_saveexec_b32 s42, vcc_lo                             // 00000000A520: BEAA206A
	global_store_b16 v242, v240, s[10:11]                      // 00000000A524: DC660000 000AF0F2
	s_mov_b32 exec_lo, s42                                     // 00000000A52C: BEFE002A
	v_mul_f32_e32 v238, v150, v62                              // 00000000A530: 11DC7D96
	v_lshrrev_b32_e32 v239, 16, v238                           // 00000000A534: 33DFDC90
	v_and_b32_e32 v239, 1, v239                                // 00000000A538: 37DFDE81
	v_add_nc_u32_e32 v240, 0x7fff, v238                        // 00000000A53C: 4BE1DCFF 00007FFF
	v_add_nc_u32_e32 v240, v239, v240                          // 00000000A544: 4BE1E1EF
	v_lshrrev_b32_e32 v240, 16, v240                           // 00000000A548: 33E1E090
	v_add_nc_u32_e32 v241, 12, v6                              // 00000000A54C: 4BE20C8C
	v_lshlrev_b32_e32 v242, 13, v241                           // 00000000A550: 31E5E28D
	v_add_nc_u32_e32 v242, s24, v242                           // 00000000A554: 4BE5E418
	v_lshl_add_u32 v242, v3, 1, v242                           // 00000000A558: D64600F2 07C90303
	v_add_nc_u32_e32 v242, 0x140, v242                         // 00000000A560: 4BE5E4FF 00000140
	v_cmp_gt_u32_e32 vcc_lo, s18, v241                         // 00000000A568: 7C99E212
	s_and_saveexec_b32 s42, vcc_lo                             // 00000000A56C: BEAA206A
	global_store_b16 v242, v240, s[10:11]                      // 00000000A570: DC660000 000AF0F2
	s_mov_b32 exec_lo, s42                                     // 00000000A578: BEFE002A
	v_mul_f32_e32 v238, v151, v63                              // 00000000A57C: 11DC7F97
	v_lshrrev_b32_e32 v239, 16, v238                           // 00000000A580: 33DFDC90
	v_and_b32_e32 v239, 1, v239                                // 00000000A584: 37DFDE81
	v_add_nc_u32_e32 v240, 0x7fff, v238                        // 00000000A588: 4BE1DCFF 00007FFF
	v_add_nc_u32_e32 v240, v239, v240                          // 00000000A590: 4BE1E1EF
	v_lshrrev_b32_e32 v240, 16, v240                           // 00000000A594: 33E1E090
	v_add_nc_u32_e32 v241, 14, v6                              // 00000000A598: 4BE20C8E
	v_lshlrev_b32_e32 v242, 13, v241                           // 00000000A59C: 31E5E28D
	v_add_nc_u32_e32 v242, s24, v242                           // 00000000A5A0: 4BE5E418
	v_lshl_add_u32 v242, v3, 1, v242                           // 00000000A5A4: D64600F2 07C90303
	v_add_nc_u32_e32 v242, 0x140, v242                         // 00000000A5AC: 4BE5E4FF 00000140
	v_cmp_gt_u32_e32 vcc_lo, s18, v241                         // 00000000A5B4: 7C99E212
	s_and_saveexec_b32 s42, vcc_lo                             // 00000000A5B8: BEAA206A
	global_store_b16 v242, v240, s[10:11]                      // 00000000A5BC: DC660000 000AF0F2
	s_mov_b32 exec_lo, s42                                     // 00000000A5C4: BEFE002A
	v_mul_f32_e32 v238, v152, v56                              // 00000000A5C8: 11DC7198
	v_lshrrev_b32_e32 v239, 16, v238                           // 00000000A5CC: 33DFDC90
	v_and_b32_e32 v239, 1, v239                                // 00000000A5D0: 37DFDE81
	v_add_nc_u32_e32 v240, 0x7fff, v238                        // 00000000A5D4: 4BE1DCFF 00007FFF
	v_add_nc_u32_e32 v240, v239, v240                          // 00000000A5DC: 4BE1E1EF
	v_lshrrev_b32_e32 v240, 16, v240                           // 00000000A5E0: 33E1E090
	v_add_nc_u32_e32 v241, 0, v6                               // 00000000A5E4: 4BE20C80
	v_lshlrev_b32_e32 v242, 13, v241                           // 00000000A5E8: 31E5E28D
	v_add_nc_u32_e32 v242, s24, v242                           // 00000000A5EC: 4BE5E418
	v_lshl_add_u32 v242, v3, 1, v242                           // 00000000A5F0: D64600F2 07C90303
	v_add_nc_u32_e32 v242, 0x160, v242                         // 00000000A5F8: 4BE5E4FF 00000160
	v_cmp_gt_u32_e32 vcc_lo, s18, v241                         // 00000000A600: 7C99E212
	s_and_saveexec_b32 s42, vcc_lo                             // 00000000A604: BEAA206A
	global_store_b16 v242, v240, s[10:11]                      // 00000000A608: DC660000 000AF0F2
	s_mov_b32 exec_lo, s42                                     // 00000000A610: BEFE002A
	v_mul_f32_e32 v238, v153, v57                              // 00000000A614: 11DC7399
	v_lshrrev_b32_e32 v239, 16, v238                           // 00000000A618: 33DFDC90
	v_and_b32_e32 v239, 1, v239                                // 00000000A61C: 37DFDE81
	v_add_nc_u32_e32 v240, 0x7fff, v238                        // 00000000A620: 4BE1DCFF 00007FFF
	v_add_nc_u32_e32 v240, v239, v240                          // 00000000A628: 4BE1E1EF
	v_lshrrev_b32_e32 v240, 16, v240                           // 00000000A62C: 33E1E090
	v_add_nc_u32_e32 v241, 2, v6                               // 00000000A630: 4BE20C82
	v_lshlrev_b32_e32 v242, 13, v241                           // 00000000A634: 31E5E28D
	v_add_nc_u32_e32 v242, s24, v242                           // 00000000A638: 4BE5E418
	v_lshl_add_u32 v242, v3, 1, v242                           // 00000000A63C: D64600F2 07C90303
	v_add_nc_u32_e32 v242, 0x160, v242                         // 00000000A644: 4BE5E4FF 00000160
	v_cmp_gt_u32_e32 vcc_lo, s18, v241                         // 00000000A64C: 7C99E212
	s_and_saveexec_b32 s42, vcc_lo                             // 00000000A650: BEAA206A
	global_store_b16 v242, v240, s[10:11]                      // 00000000A654: DC660000 000AF0F2
	s_mov_b32 exec_lo, s42                                     // 00000000A65C: BEFE002A
	v_mul_f32_e32 v238, v154, v58                              // 00000000A660: 11DC759A
	v_lshrrev_b32_e32 v239, 16, v238                           // 00000000A664: 33DFDC90
	v_and_b32_e32 v239, 1, v239                                // 00000000A668: 37DFDE81
	v_add_nc_u32_e32 v240, 0x7fff, v238                        // 00000000A66C: 4BE1DCFF 00007FFF
	v_add_nc_u32_e32 v240, v239, v240                          // 00000000A674: 4BE1E1EF
	v_lshrrev_b32_e32 v240, 16, v240                           // 00000000A678: 33E1E090
	v_add_nc_u32_e32 v241, 4, v6                               // 00000000A67C: 4BE20C84
	v_lshlrev_b32_e32 v242, 13, v241                           // 00000000A680: 31E5E28D
	v_add_nc_u32_e32 v242, s24, v242                           // 00000000A684: 4BE5E418
	v_lshl_add_u32 v242, v3, 1, v242                           // 00000000A688: D64600F2 07C90303
	v_add_nc_u32_e32 v242, 0x160, v242                         // 00000000A690: 4BE5E4FF 00000160
	v_cmp_gt_u32_e32 vcc_lo, s18, v241                         // 00000000A698: 7C99E212
	s_and_saveexec_b32 s42, vcc_lo                             // 00000000A69C: BEAA206A
	global_store_b16 v242, v240, s[10:11]                      // 00000000A6A0: DC660000 000AF0F2
	s_mov_b32 exec_lo, s42                                     // 00000000A6A8: BEFE002A
	v_mul_f32_e32 v238, v155, v59                              // 00000000A6AC: 11DC779B
	v_lshrrev_b32_e32 v239, 16, v238                           // 00000000A6B0: 33DFDC90
	v_and_b32_e32 v239, 1, v239                                // 00000000A6B4: 37DFDE81
	v_add_nc_u32_e32 v240, 0x7fff, v238                        // 00000000A6B8: 4BE1DCFF 00007FFF
	v_add_nc_u32_e32 v240, v239, v240                          // 00000000A6C0: 4BE1E1EF
	v_lshrrev_b32_e32 v240, 16, v240                           // 00000000A6C4: 33E1E090
	v_add_nc_u32_e32 v241, 6, v6                               // 00000000A6C8: 4BE20C86
	v_lshlrev_b32_e32 v242, 13, v241                           // 00000000A6CC: 31E5E28D
	v_add_nc_u32_e32 v242, s24, v242                           // 00000000A6D0: 4BE5E418
	v_lshl_add_u32 v242, v3, 1, v242                           // 00000000A6D4: D64600F2 07C90303
	v_add_nc_u32_e32 v242, 0x160, v242                         // 00000000A6DC: 4BE5E4FF 00000160
	v_cmp_gt_u32_e32 vcc_lo, s18, v241                         // 00000000A6E4: 7C99E212
	s_and_saveexec_b32 s42, vcc_lo                             // 00000000A6E8: BEAA206A
	global_store_b16 v242, v240, s[10:11]                      // 00000000A6EC: DC660000 000AF0F2
	s_mov_b32 exec_lo, s42                                     // 00000000A6F4: BEFE002A
	v_mul_f32_e32 v238, v156, v60                              // 00000000A6F8: 11DC799C
	v_lshrrev_b32_e32 v239, 16, v238                           // 00000000A6FC: 33DFDC90
	v_and_b32_e32 v239, 1, v239                                // 00000000A700: 37DFDE81
	v_add_nc_u32_e32 v240, 0x7fff, v238                        // 00000000A704: 4BE1DCFF 00007FFF
	v_add_nc_u32_e32 v240, v239, v240                          // 00000000A70C: 4BE1E1EF
	v_lshrrev_b32_e32 v240, 16, v240                           // 00000000A710: 33E1E090
	v_add_nc_u32_e32 v241, 8, v6                               // 00000000A714: 4BE20C88
	v_lshlrev_b32_e32 v242, 13, v241                           // 00000000A718: 31E5E28D
	v_add_nc_u32_e32 v242, s24, v242                           // 00000000A71C: 4BE5E418
	v_lshl_add_u32 v242, v3, 1, v242                           // 00000000A720: D64600F2 07C90303
	v_add_nc_u32_e32 v242, 0x160, v242                         // 00000000A728: 4BE5E4FF 00000160
	v_cmp_gt_u32_e32 vcc_lo, s18, v241                         // 00000000A730: 7C99E212
	s_and_saveexec_b32 s42, vcc_lo                             // 00000000A734: BEAA206A
	global_store_b16 v242, v240, s[10:11]                      // 00000000A738: DC660000 000AF0F2
	s_mov_b32 exec_lo, s42                                     // 00000000A740: BEFE002A
	v_mul_f32_e32 v238, v157, v61                              // 00000000A744: 11DC7B9D
	v_lshrrev_b32_e32 v239, 16, v238                           // 00000000A748: 33DFDC90
	v_and_b32_e32 v239, 1, v239                                // 00000000A74C: 37DFDE81
	v_add_nc_u32_e32 v240, 0x7fff, v238                        // 00000000A750: 4BE1DCFF 00007FFF
	v_add_nc_u32_e32 v240, v239, v240                          // 00000000A758: 4BE1E1EF
	v_lshrrev_b32_e32 v240, 16, v240                           // 00000000A75C: 33E1E090
	v_add_nc_u32_e32 v241, 10, v6                              // 00000000A760: 4BE20C8A
	v_lshlrev_b32_e32 v242, 13, v241                           // 00000000A764: 31E5E28D
	v_add_nc_u32_e32 v242, s24, v242                           // 00000000A768: 4BE5E418
	v_lshl_add_u32 v242, v3, 1, v242                           // 00000000A76C: D64600F2 07C90303
	v_add_nc_u32_e32 v242, 0x160, v242                         // 00000000A774: 4BE5E4FF 00000160
	v_cmp_gt_u32_e32 vcc_lo, s18, v241                         // 00000000A77C: 7C99E212
	s_and_saveexec_b32 s42, vcc_lo                             // 00000000A780: BEAA206A
	global_store_b16 v242, v240, s[10:11]                      // 00000000A784: DC660000 000AF0F2
	s_mov_b32 exec_lo, s42                                     // 00000000A78C: BEFE002A
	v_mul_f32_e32 v238, v158, v62                              // 00000000A790: 11DC7D9E
	v_lshrrev_b32_e32 v239, 16, v238                           // 00000000A794: 33DFDC90
	v_and_b32_e32 v239, 1, v239                                // 00000000A798: 37DFDE81
	v_add_nc_u32_e32 v240, 0x7fff, v238                        // 00000000A79C: 4BE1DCFF 00007FFF
	v_add_nc_u32_e32 v240, v239, v240                          // 00000000A7A4: 4BE1E1EF
	v_lshrrev_b32_e32 v240, 16, v240                           // 00000000A7A8: 33E1E090
	v_add_nc_u32_e32 v241, 12, v6                              // 00000000A7AC: 4BE20C8C
	v_lshlrev_b32_e32 v242, 13, v241                           // 00000000A7B0: 31E5E28D
	v_add_nc_u32_e32 v242, s24, v242                           // 00000000A7B4: 4BE5E418
	v_lshl_add_u32 v242, v3, 1, v242                           // 00000000A7B8: D64600F2 07C90303
	v_add_nc_u32_e32 v242, 0x160, v242                         // 00000000A7C0: 4BE5E4FF 00000160
	v_cmp_gt_u32_e32 vcc_lo, s18, v241                         // 00000000A7C8: 7C99E212
	s_and_saveexec_b32 s42, vcc_lo                             // 00000000A7CC: BEAA206A
	global_store_b16 v242, v240, s[10:11]                      // 00000000A7D0: DC660000 000AF0F2
	s_mov_b32 exec_lo, s42                                     // 00000000A7D8: BEFE002A
	v_mul_f32_e32 v238, v159, v63                              // 00000000A7DC: 11DC7F9F
	v_lshrrev_b32_e32 v239, 16, v238                           // 00000000A7E0: 33DFDC90
	v_and_b32_e32 v239, 1, v239                                // 00000000A7E4: 37DFDE81
	v_add_nc_u32_e32 v240, 0x7fff, v238                        // 00000000A7E8: 4BE1DCFF 00007FFF
	v_add_nc_u32_e32 v240, v239, v240                          // 00000000A7F0: 4BE1E1EF
	v_lshrrev_b32_e32 v240, 16, v240                           // 00000000A7F4: 33E1E090
	v_add_nc_u32_e32 v241, 14, v6                              // 00000000A7F8: 4BE20C8E
	v_lshlrev_b32_e32 v242, 13, v241                           // 00000000A7FC: 31E5E28D
	v_add_nc_u32_e32 v242, s24, v242                           // 00000000A800: 4BE5E418
	v_lshl_add_u32 v242, v3, 1, v242                           // 00000000A804: D64600F2 07C90303
	v_add_nc_u32_e32 v242, 0x160, v242                         // 00000000A80C: 4BE5E4FF 00000160
	v_cmp_gt_u32_e32 vcc_lo, s18, v241                         // 00000000A814: 7C99E212
	s_and_saveexec_b32 s42, vcc_lo                             // 00000000A818: BEAA206A
	global_store_b16 v242, v240, s[10:11]                      // 00000000A81C: DC660000 000AF0F2
	s_mov_b32 exec_lo, s42                                     // 00000000A824: BEFE002A
	v_mul_f32_e32 v238, v160, v56                              // 00000000A828: 11DC71A0
	v_lshrrev_b32_e32 v239, 16, v238                           // 00000000A82C: 33DFDC90
	v_and_b32_e32 v239, 1, v239                                // 00000000A830: 37DFDE81
	v_add_nc_u32_e32 v240, 0x7fff, v238                        // 00000000A834: 4BE1DCFF 00007FFF
	v_add_nc_u32_e32 v240, v239, v240                          // 00000000A83C: 4BE1E1EF
	v_lshrrev_b32_e32 v240, 16, v240                           // 00000000A840: 33E1E090
	v_add_nc_u32_e32 v241, 0, v6                               // 00000000A844: 4BE20C80
	v_lshlrev_b32_e32 v242, 13, v241                           // 00000000A848: 31E5E28D
	v_add_nc_u32_e32 v242, s24, v242                           // 00000000A84C: 4BE5E418
	v_lshl_add_u32 v242, v3, 1, v242                           // 00000000A850: D64600F2 07C90303
	v_add_nc_u32_e32 v242, 0x180, v242                         // 00000000A858: 4BE5E4FF 00000180
	v_cmp_gt_u32_e32 vcc_lo, s18, v241                         // 00000000A860: 7C99E212
	s_and_saveexec_b32 s42, vcc_lo                             // 00000000A864: BEAA206A
	global_store_b16 v242, v240, s[10:11]                      // 00000000A868: DC660000 000AF0F2
	s_mov_b32 exec_lo, s42                                     // 00000000A870: BEFE002A
	v_mul_f32_e32 v238, v161, v57                              // 00000000A874: 11DC73A1
	v_lshrrev_b32_e32 v239, 16, v238                           // 00000000A878: 33DFDC90
	v_and_b32_e32 v239, 1, v239                                // 00000000A87C: 37DFDE81
	v_add_nc_u32_e32 v240, 0x7fff, v238                        // 00000000A880: 4BE1DCFF 00007FFF
	v_add_nc_u32_e32 v240, v239, v240                          // 00000000A888: 4BE1E1EF
	v_lshrrev_b32_e32 v240, 16, v240                           // 00000000A88C: 33E1E090
	v_add_nc_u32_e32 v241, 2, v6                               // 00000000A890: 4BE20C82
	v_lshlrev_b32_e32 v242, 13, v241                           // 00000000A894: 31E5E28D
	v_add_nc_u32_e32 v242, s24, v242                           // 00000000A898: 4BE5E418
	v_lshl_add_u32 v242, v3, 1, v242                           // 00000000A89C: D64600F2 07C90303
	v_add_nc_u32_e32 v242, 0x180, v242                         // 00000000A8A4: 4BE5E4FF 00000180
	v_cmp_gt_u32_e32 vcc_lo, s18, v241                         // 00000000A8AC: 7C99E212
	s_and_saveexec_b32 s42, vcc_lo                             // 00000000A8B0: BEAA206A
	global_store_b16 v242, v240, s[10:11]                      // 00000000A8B4: DC660000 000AF0F2
	s_mov_b32 exec_lo, s42                                     // 00000000A8BC: BEFE002A
	v_mul_f32_e32 v238, v162, v58                              // 00000000A8C0: 11DC75A2
	v_lshrrev_b32_e32 v239, 16, v238                           // 00000000A8C4: 33DFDC90
	v_and_b32_e32 v239, 1, v239                                // 00000000A8C8: 37DFDE81
	v_add_nc_u32_e32 v240, 0x7fff, v238                        // 00000000A8CC: 4BE1DCFF 00007FFF
	v_add_nc_u32_e32 v240, v239, v240                          // 00000000A8D4: 4BE1E1EF
	v_lshrrev_b32_e32 v240, 16, v240                           // 00000000A8D8: 33E1E090
	v_add_nc_u32_e32 v241, 4, v6                               // 00000000A8DC: 4BE20C84
	v_lshlrev_b32_e32 v242, 13, v241                           // 00000000A8E0: 31E5E28D
	v_add_nc_u32_e32 v242, s24, v242                           // 00000000A8E4: 4BE5E418
	v_lshl_add_u32 v242, v3, 1, v242                           // 00000000A8E8: D64600F2 07C90303
	v_add_nc_u32_e32 v242, 0x180, v242                         // 00000000A8F0: 4BE5E4FF 00000180
	v_cmp_gt_u32_e32 vcc_lo, s18, v241                         // 00000000A8F8: 7C99E212
	s_and_saveexec_b32 s42, vcc_lo                             // 00000000A8FC: BEAA206A
	global_store_b16 v242, v240, s[10:11]                      // 00000000A900: DC660000 000AF0F2
	s_mov_b32 exec_lo, s42                                     // 00000000A908: BEFE002A
	v_mul_f32_e32 v238, v163, v59                              // 00000000A90C: 11DC77A3
	v_lshrrev_b32_e32 v239, 16, v238                           // 00000000A910: 33DFDC90
	v_and_b32_e32 v239, 1, v239                                // 00000000A914: 37DFDE81
	v_add_nc_u32_e32 v240, 0x7fff, v238                        // 00000000A918: 4BE1DCFF 00007FFF
	v_add_nc_u32_e32 v240, v239, v240                          // 00000000A920: 4BE1E1EF
	v_lshrrev_b32_e32 v240, 16, v240                           // 00000000A924: 33E1E090
	v_add_nc_u32_e32 v241, 6, v6                               // 00000000A928: 4BE20C86
	v_lshlrev_b32_e32 v242, 13, v241                           // 00000000A92C: 31E5E28D
	v_add_nc_u32_e32 v242, s24, v242                           // 00000000A930: 4BE5E418
	v_lshl_add_u32 v242, v3, 1, v242                           // 00000000A934: D64600F2 07C90303
	v_add_nc_u32_e32 v242, 0x180, v242                         // 00000000A93C: 4BE5E4FF 00000180
	v_cmp_gt_u32_e32 vcc_lo, s18, v241                         // 00000000A944: 7C99E212
	s_and_saveexec_b32 s42, vcc_lo                             // 00000000A948: BEAA206A
	global_store_b16 v242, v240, s[10:11]                      // 00000000A94C: DC660000 000AF0F2
	s_mov_b32 exec_lo, s42                                     // 00000000A954: BEFE002A
	v_mul_f32_e32 v238, v164, v60                              // 00000000A958: 11DC79A4
	v_lshrrev_b32_e32 v239, 16, v238                           // 00000000A95C: 33DFDC90
	v_and_b32_e32 v239, 1, v239                                // 00000000A960: 37DFDE81
	v_add_nc_u32_e32 v240, 0x7fff, v238                        // 00000000A964: 4BE1DCFF 00007FFF
	v_add_nc_u32_e32 v240, v239, v240                          // 00000000A96C: 4BE1E1EF
	v_lshrrev_b32_e32 v240, 16, v240                           // 00000000A970: 33E1E090
	v_add_nc_u32_e32 v241, 8, v6                               // 00000000A974: 4BE20C88
	v_lshlrev_b32_e32 v242, 13, v241                           // 00000000A978: 31E5E28D
	v_add_nc_u32_e32 v242, s24, v242                           // 00000000A97C: 4BE5E418
	v_lshl_add_u32 v242, v3, 1, v242                           // 00000000A980: D64600F2 07C90303
	v_add_nc_u32_e32 v242, 0x180, v242                         // 00000000A988: 4BE5E4FF 00000180
	v_cmp_gt_u32_e32 vcc_lo, s18, v241                         // 00000000A990: 7C99E212
	s_and_saveexec_b32 s42, vcc_lo                             // 00000000A994: BEAA206A
	global_store_b16 v242, v240, s[10:11]                      // 00000000A998: DC660000 000AF0F2
	s_mov_b32 exec_lo, s42                                     // 00000000A9A0: BEFE002A
	v_mul_f32_e32 v238, v165, v61                              // 00000000A9A4: 11DC7BA5
	v_lshrrev_b32_e32 v239, 16, v238                           // 00000000A9A8: 33DFDC90
	v_and_b32_e32 v239, 1, v239                                // 00000000A9AC: 37DFDE81
	v_add_nc_u32_e32 v240, 0x7fff, v238                        // 00000000A9B0: 4BE1DCFF 00007FFF
	v_add_nc_u32_e32 v240, v239, v240                          // 00000000A9B8: 4BE1E1EF
	v_lshrrev_b32_e32 v240, 16, v240                           // 00000000A9BC: 33E1E090
	v_add_nc_u32_e32 v241, 10, v6                              // 00000000A9C0: 4BE20C8A
	v_lshlrev_b32_e32 v242, 13, v241                           // 00000000A9C4: 31E5E28D
	v_add_nc_u32_e32 v242, s24, v242                           // 00000000A9C8: 4BE5E418
	v_lshl_add_u32 v242, v3, 1, v242                           // 00000000A9CC: D64600F2 07C90303
	v_add_nc_u32_e32 v242, 0x180, v242                         // 00000000A9D4: 4BE5E4FF 00000180
	v_cmp_gt_u32_e32 vcc_lo, s18, v241                         // 00000000A9DC: 7C99E212
	s_and_saveexec_b32 s42, vcc_lo                             // 00000000A9E0: BEAA206A
	global_store_b16 v242, v240, s[10:11]                      // 00000000A9E4: DC660000 000AF0F2
	s_mov_b32 exec_lo, s42                                     // 00000000A9EC: BEFE002A
	v_mul_f32_e32 v238, v166, v62                              // 00000000A9F0: 11DC7DA6
	v_lshrrev_b32_e32 v239, 16, v238                           // 00000000A9F4: 33DFDC90
	v_and_b32_e32 v239, 1, v239                                // 00000000A9F8: 37DFDE81
	v_add_nc_u32_e32 v240, 0x7fff, v238                        // 00000000A9FC: 4BE1DCFF 00007FFF
	v_add_nc_u32_e32 v240, v239, v240                          // 00000000AA04: 4BE1E1EF
	v_lshrrev_b32_e32 v240, 16, v240                           // 00000000AA08: 33E1E090
	v_add_nc_u32_e32 v241, 12, v6                              // 00000000AA0C: 4BE20C8C
	v_lshlrev_b32_e32 v242, 13, v241                           // 00000000AA10: 31E5E28D
	v_add_nc_u32_e32 v242, s24, v242                           // 00000000AA14: 4BE5E418
	v_lshl_add_u32 v242, v3, 1, v242                           // 00000000AA18: D64600F2 07C90303
	v_add_nc_u32_e32 v242, 0x180, v242                         // 00000000AA20: 4BE5E4FF 00000180
	v_cmp_gt_u32_e32 vcc_lo, s18, v241                         // 00000000AA28: 7C99E212
	s_and_saveexec_b32 s42, vcc_lo                             // 00000000AA2C: BEAA206A
	global_store_b16 v242, v240, s[10:11]                      // 00000000AA30: DC660000 000AF0F2
	s_mov_b32 exec_lo, s42                                     // 00000000AA38: BEFE002A
	v_mul_f32_e32 v238, v167, v63                              // 00000000AA3C: 11DC7FA7
	v_lshrrev_b32_e32 v239, 16, v238                           // 00000000AA40: 33DFDC90
	v_and_b32_e32 v239, 1, v239                                // 00000000AA44: 37DFDE81
	v_add_nc_u32_e32 v240, 0x7fff, v238                        // 00000000AA48: 4BE1DCFF 00007FFF
	v_add_nc_u32_e32 v240, v239, v240                          // 00000000AA50: 4BE1E1EF
	v_lshrrev_b32_e32 v240, 16, v240                           // 00000000AA54: 33E1E090
	v_add_nc_u32_e32 v241, 14, v6                              // 00000000AA58: 4BE20C8E
	v_lshlrev_b32_e32 v242, 13, v241                           // 00000000AA5C: 31E5E28D
	v_add_nc_u32_e32 v242, s24, v242                           // 00000000AA60: 4BE5E418
	v_lshl_add_u32 v242, v3, 1, v242                           // 00000000AA64: D64600F2 07C90303
	v_add_nc_u32_e32 v242, 0x180, v242                         // 00000000AA6C: 4BE5E4FF 00000180
	v_cmp_gt_u32_e32 vcc_lo, s18, v241                         // 00000000AA74: 7C99E212
	s_and_saveexec_b32 s42, vcc_lo                             // 00000000AA78: BEAA206A
	global_store_b16 v242, v240, s[10:11]                      // 00000000AA7C: DC660000 000AF0F2
	s_mov_b32 exec_lo, s42                                     // 00000000AA84: BEFE002A
	v_mul_f32_e32 v238, v168, v56                              // 00000000AA88: 11DC71A8
	v_lshrrev_b32_e32 v239, 16, v238                           // 00000000AA8C: 33DFDC90
	v_and_b32_e32 v239, 1, v239                                // 00000000AA90: 37DFDE81
	v_add_nc_u32_e32 v240, 0x7fff, v238                        // 00000000AA94: 4BE1DCFF 00007FFF
	v_add_nc_u32_e32 v240, v239, v240                          // 00000000AA9C: 4BE1E1EF
	v_lshrrev_b32_e32 v240, 16, v240                           // 00000000AAA0: 33E1E090
	v_add_nc_u32_e32 v241, 0, v6                               // 00000000AAA4: 4BE20C80
	v_lshlrev_b32_e32 v242, 13, v241                           // 00000000AAA8: 31E5E28D
	v_add_nc_u32_e32 v242, s24, v242                           // 00000000AAAC: 4BE5E418
	v_lshl_add_u32 v242, v3, 1, v242                           // 00000000AAB0: D64600F2 07C90303
	v_add_nc_u32_e32 v242, 0x1a0, v242                         // 00000000AAB8: 4BE5E4FF 000001A0
	v_cmp_gt_u32_e32 vcc_lo, s18, v241                         // 00000000AAC0: 7C99E212
	s_and_saveexec_b32 s42, vcc_lo                             // 00000000AAC4: BEAA206A
	global_store_b16 v242, v240, s[10:11]                      // 00000000AAC8: DC660000 000AF0F2
	s_mov_b32 exec_lo, s42                                     // 00000000AAD0: BEFE002A
	v_mul_f32_e32 v238, v169, v57                              // 00000000AAD4: 11DC73A9
	v_lshrrev_b32_e32 v239, 16, v238                           // 00000000AAD8: 33DFDC90
	v_and_b32_e32 v239, 1, v239                                // 00000000AADC: 37DFDE81
	v_add_nc_u32_e32 v240, 0x7fff, v238                        // 00000000AAE0: 4BE1DCFF 00007FFF
	v_add_nc_u32_e32 v240, v239, v240                          // 00000000AAE8: 4BE1E1EF
	v_lshrrev_b32_e32 v240, 16, v240                           // 00000000AAEC: 33E1E090
	v_add_nc_u32_e32 v241, 2, v6                               // 00000000AAF0: 4BE20C82
	v_lshlrev_b32_e32 v242, 13, v241                           // 00000000AAF4: 31E5E28D
	v_add_nc_u32_e32 v242, s24, v242                           // 00000000AAF8: 4BE5E418
	v_lshl_add_u32 v242, v3, 1, v242                           // 00000000AAFC: D64600F2 07C90303
	v_add_nc_u32_e32 v242, 0x1a0, v242                         // 00000000AB04: 4BE5E4FF 000001A0
	v_cmp_gt_u32_e32 vcc_lo, s18, v241                         // 00000000AB0C: 7C99E212
	s_and_saveexec_b32 s42, vcc_lo                             // 00000000AB10: BEAA206A
	global_store_b16 v242, v240, s[10:11]                      // 00000000AB14: DC660000 000AF0F2
	s_mov_b32 exec_lo, s42                                     // 00000000AB1C: BEFE002A
	v_mul_f32_e32 v238, v170, v58                              // 00000000AB20: 11DC75AA
	v_lshrrev_b32_e32 v239, 16, v238                           // 00000000AB24: 33DFDC90
	v_and_b32_e32 v239, 1, v239                                // 00000000AB28: 37DFDE81
	v_add_nc_u32_e32 v240, 0x7fff, v238                        // 00000000AB2C: 4BE1DCFF 00007FFF
	v_add_nc_u32_e32 v240, v239, v240                          // 00000000AB34: 4BE1E1EF
	v_lshrrev_b32_e32 v240, 16, v240                           // 00000000AB38: 33E1E090
	v_add_nc_u32_e32 v241, 4, v6                               // 00000000AB3C: 4BE20C84
	v_lshlrev_b32_e32 v242, 13, v241                           // 00000000AB40: 31E5E28D
	v_add_nc_u32_e32 v242, s24, v242                           // 00000000AB44: 4BE5E418
	v_lshl_add_u32 v242, v3, 1, v242                           // 00000000AB48: D64600F2 07C90303
	v_add_nc_u32_e32 v242, 0x1a0, v242                         // 00000000AB50: 4BE5E4FF 000001A0
	v_cmp_gt_u32_e32 vcc_lo, s18, v241                         // 00000000AB58: 7C99E212
	s_and_saveexec_b32 s42, vcc_lo                             // 00000000AB5C: BEAA206A
	global_store_b16 v242, v240, s[10:11]                      // 00000000AB60: DC660000 000AF0F2
	s_mov_b32 exec_lo, s42                                     // 00000000AB68: BEFE002A
	v_mul_f32_e32 v238, v171, v59                              // 00000000AB6C: 11DC77AB
	v_lshrrev_b32_e32 v239, 16, v238                           // 00000000AB70: 33DFDC90
	v_and_b32_e32 v239, 1, v239                                // 00000000AB74: 37DFDE81
	v_add_nc_u32_e32 v240, 0x7fff, v238                        // 00000000AB78: 4BE1DCFF 00007FFF
	v_add_nc_u32_e32 v240, v239, v240                          // 00000000AB80: 4BE1E1EF
	v_lshrrev_b32_e32 v240, 16, v240                           // 00000000AB84: 33E1E090
	v_add_nc_u32_e32 v241, 6, v6                               // 00000000AB88: 4BE20C86
	v_lshlrev_b32_e32 v242, 13, v241                           // 00000000AB8C: 31E5E28D
	v_add_nc_u32_e32 v242, s24, v242                           // 00000000AB90: 4BE5E418
	v_lshl_add_u32 v242, v3, 1, v242                           // 00000000AB94: D64600F2 07C90303
	v_add_nc_u32_e32 v242, 0x1a0, v242                         // 00000000AB9C: 4BE5E4FF 000001A0
	v_cmp_gt_u32_e32 vcc_lo, s18, v241                         // 00000000ABA4: 7C99E212
	s_and_saveexec_b32 s42, vcc_lo                             // 00000000ABA8: BEAA206A
	global_store_b16 v242, v240, s[10:11]                      // 00000000ABAC: DC660000 000AF0F2
	s_mov_b32 exec_lo, s42                                     // 00000000ABB4: BEFE002A
	v_mul_f32_e32 v238, v172, v60                              // 00000000ABB8: 11DC79AC
	v_lshrrev_b32_e32 v239, 16, v238                           // 00000000ABBC: 33DFDC90
	v_and_b32_e32 v239, 1, v239                                // 00000000ABC0: 37DFDE81
	v_add_nc_u32_e32 v240, 0x7fff, v238                        // 00000000ABC4: 4BE1DCFF 00007FFF
	v_add_nc_u32_e32 v240, v239, v240                          // 00000000ABCC: 4BE1E1EF
	v_lshrrev_b32_e32 v240, 16, v240                           // 00000000ABD0: 33E1E090
	v_add_nc_u32_e32 v241, 8, v6                               // 00000000ABD4: 4BE20C88
	v_lshlrev_b32_e32 v242, 13, v241                           // 00000000ABD8: 31E5E28D
	v_add_nc_u32_e32 v242, s24, v242                           // 00000000ABDC: 4BE5E418
	v_lshl_add_u32 v242, v3, 1, v242                           // 00000000ABE0: D64600F2 07C90303
	v_add_nc_u32_e32 v242, 0x1a0, v242                         // 00000000ABE8: 4BE5E4FF 000001A0
	v_cmp_gt_u32_e32 vcc_lo, s18, v241                         // 00000000ABF0: 7C99E212
	s_and_saveexec_b32 s42, vcc_lo                             // 00000000ABF4: BEAA206A
	global_store_b16 v242, v240, s[10:11]                      // 00000000ABF8: DC660000 000AF0F2
	s_mov_b32 exec_lo, s42                                     // 00000000AC00: BEFE002A
	v_mul_f32_e32 v238, v173, v61                              // 00000000AC04: 11DC7BAD
	v_lshrrev_b32_e32 v239, 16, v238                           // 00000000AC08: 33DFDC90
	v_and_b32_e32 v239, 1, v239                                // 00000000AC0C: 37DFDE81
	v_add_nc_u32_e32 v240, 0x7fff, v238                        // 00000000AC10: 4BE1DCFF 00007FFF
	v_add_nc_u32_e32 v240, v239, v240                          // 00000000AC18: 4BE1E1EF
	v_lshrrev_b32_e32 v240, 16, v240                           // 00000000AC1C: 33E1E090
	v_add_nc_u32_e32 v241, 10, v6                              // 00000000AC20: 4BE20C8A
	v_lshlrev_b32_e32 v242, 13, v241                           // 00000000AC24: 31E5E28D
	v_add_nc_u32_e32 v242, s24, v242                           // 00000000AC28: 4BE5E418
	v_lshl_add_u32 v242, v3, 1, v242                           // 00000000AC2C: D64600F2 07C90303
	v_add_nc_u32_e32 v242, 0x1a0, v242                         // 00000000AC34: 4BE5E4FF 000001A0
	v_cmp_gt_u32_e32 vcc_lo, s18, v241                         // 00000000AC3C: 7C99E212
	s_and_saveexec_b32 s42, vcc_lo                             // 00000000AC40: BEAA206A
	global_store_b16 v242, v240, s[10:11]                      // 00000000AC44: DC660000 000AF0F2
	s_mov_b32 exec_lo, s42                                     // 00000000AC4C: BEFE002A
	v_mul_f32_e32 v238, v174, v62                              // 00000000AC50: 11DC7DAE
	v_lshrrev_b32_e32 v239, 16, v238                           // 00000000AC54: 33DFDC90
	v_and_b32_e32 v239, 1, v239                                // 00000000AC58: 37DFDE81
	v_add_nc_u32_e32 v240, 0x7fff, v238                        // 00000000AC5C: 4BE1DCFF 00007FFF
	v_add_nc_u32_e32 v240, v239, v240                          // 00000000AC64: 4BE1E1EF
	v_lshrrev_b32_e32 v240, 16, v240                           // 00000000AC68: 33E1E090
	v_add_nc_u32_e32 v241, 12, v6                              // 00000000AC6C: 4BE20C8C
	v_lshlrev_b32_e32 v242, 13, v241                           // 00000000AC70: 31E5E28D
	v_add_nc_u32_e32 v242, s24, v242                           // 00000000AC74: 4BE5E418
	v_lshl_add_u32 v242, v3, 1, v242                           // 00000000AC78: D64600F2 07C90303
	v_add_nc_u32_e32 v242, 0x1a0, v242                         // 00000000AC80: 4BE5E4FF 000001A0
	v_cmp_gt_u32_e32 vcc_lo, s18, v241                         // 00000000AC88: 7C99E212
	s_and_saveexec_b32 s42, vcc_lo                             // 00000000AC8C: BEAA206A
	global_store_b16 v242, v240, s[10:11]                      // 00000000AC90: DC660000 000AF0F2
	s_mov_b32 exec_lo, s42                                     // 00000000AC98: BEFE002A
	v_mul_f32_e32 v238, v175, v63                              // 00000000AC9C: 11DC7FAF
	v_lshrrev_b32_e32 v239, 16, v238                           // 00000000ACA0: 33DFDC90
	v_and_b32_e32 v239, 1, v239                                // 00000000ACA4: 37DFDE81
	v_add_nc_u32_e32 v240, 0x7fff, v238                        // 00000000ACA8: 4BE1DCFF 00007FFF
	v_add_nc_u32_e32 v240, v239, v240                          // 00000000ACB0: 4BE1E1EF
	v_lshrrev_b32_e32 v240, 16, v240                           // 00000000ACB4: 33E1E090
	v_add_nc_u32_e32 v241, 14, v6                              // 00000000ACB8: 4BE20C8E
	v_lshlrev_b32_e32 v242, 13, v241                           // 00000000ACBC: 31E5E28D
	v_add_nc_u32_e32 v242, s24, v242                           // 00000000ACC0: 4BE5E418
	v_lshl_add_u32 v242, v3, 1, v242                           // 00000000ACC4: D64600F2 07C90303
	v_add_nc_u32_e32 v242, 0x1a0, v242                         // 00000000ACCC: 4BE5E4FF 000001A0
	v_cmp_gt_u32_e32 vcc_lo, s18, v241                         // 00000000ACD4: 7C99E212
	s_and_saveexec_b32 s42, vcc_lo                             // 00000000ACD8: BEAA206A
	global_store_b16 v242, v240, s[10:11]                      // 00000000ACDC: DC660000 000AF0F2
	s_mov_b32 exec_lo, s42                                     // 00000000ACE4: BEFE002A
	v_mul_f32_e32 v238, v176, v56                              // 00000000ACE8: 11DC71B0
	v_lshrrev_b32_e32 v239, 16, v238                           // 00000000ACEC: 33DFDC90
	v_and_b32_e32 v239, 1, v239                                // 00000000ACF0: 37DFDE81
	v_add_nc_u32_e32 v240, 0x7fff, v238                        // 00000000ACF4: 4BE1DCFF 00007FFF
	v_add_nc_u32_e32 v240, v239, v240                          // 00000000ACFC: 4BE1E1EF
	v_lshrrev_b32_e32 v240, 16, v240                           // 00000000AD00: 33E1E090
	v_add_nc_u32_e32 v241, 0, v6                               // 00000000AD04: 4BE20C80
	v_lshlrev_b32_e32 v242, 13, v241                           // 00000000AD08: 31E5E28D
	v_add_nc_u32_e32 v242, s24, v242                           // 00000000AD0C: 4BE5E418
	v_lshl_add_u32 v242, v3, 1, v242                           // 00000000AD10: D64600F2 07C90303
	v_add_nc_u32_e32 v242, 0x1c0, v242                         // 00000000AD18: 4BE5E4FF 000001C0
	v_cmp_gt_u32_e32 vcc_lo, s18, v241                         // 00000000AD20: 7C99E212
	s_and_saveexec_b32 s42, vcc_lo                             // 00000000AD24: BEAA206A
	global_store_b16 v242, v240, s[10:11]                      // 00000000AD28: DC660000 000AF0F2
	s_mov_b32 exec_lo, s42                                     // 00000000AD30: BEFE002A
	v_mul_f32_e32 v238, v177, v57                              // 00000000AD34: 11DC73B1
	v_lshrrev_b32_e32 v239, 16, v238                           // 00000000AD38: 33DFDC90
	v_and_b32_e32 v239, 1, v239                                // 00000000AD3C: 37DFDE81
	v_add_nc_u32_e32 v240, 0x7fff, v238                        // 00000000AD40: 4BE1DCFF 00007FFF
	v_add_nc_u32_e32 v240, v239, v240                          // 00000000AD48: 4BE1E1EF
	v_lshrrev_b32_e32 v240, 16, v240                           // 00000000AD4C: 33E1E090
	v_add_nc_u32_e32 v241, 2, v6                               // 00000000AD50: 4BE20C82
	v_lshlrev_b32_e32 v242, 13, v241                           // 00000000AD54: 31E5E28D
	v_add_nc_u32_e32 v242, s24, v242                           // 00000000AD58: 4BE5E418
	v_lshl_add_u32 v242, v3, 1, v242                           // 00000000AD5C: D64600F2 07C90303
	v_add_nc_u32_e32 v242, 0x1c0, v242                         // 00000000AD64: 4BE5E4FF 000001C0
	v_cmp_gt_u32_e32 vcc_lo, s18, v241                         // 00000000AD6C: 7C99E212
	s_and_saveexec_b32 s42, vcc_lo                             // 00000000AD70: BEAA206A
	global_store_b16 v242, v240, s[10:11]                      // 00000000AD74: DC660000 000AF0F2
	s_mov_b32 exec_lo, s42                                     // 00000000AD7C: BEFE002A
	v_mul_f32_e32 v238, v178, v58                              // 00000000AD80: 11DC75B2
	v_lshrrev_b32_e32 v239, 16, v238                           // 00000000AD84: 33DFDC90
	v_and_b32_e32 v239, 1, v239                                // 00000000AD88: 37DFDE81
	v_add_nc_u32_e32 v240, 0x7fff, v238                        // 00000000AD8C: 4BE1DCFF 00007FFF
	v_add_nc_u32_e32 v240, v239, v240                          // 00000000AD94: 4BE1E1EF
	v_lshrrev_b32_e32 v240, 16, v240                           // 00000000AD98: 33E1E090
	v_add_nc_u32_e32 v241, 4, v6                               // 00000000AD9C: 4BE20C84
	v_lshlrev_b32_e32 v242, 13, v241                           // 00000000ADA0: 31E5E28D
	v_add_nc_u32_e32 v242, s24, v242                           // 00000000ADA4: 4BE5E418
	v_lshl_add_u32 v242, v3, 1, v242                           // 00000000ADA8: D64600F2 07C90303
	v_add_nc_u32_e32 v242, 0x1c0, v242                         // 00000000ADB0: 4BE5E4FF 000001C0
	v_cmp_gt_u32_e32 vcc_lo, s18, v241                         // 00000000ADB8: 7C99E212
	s_and_saveexec_b32 s42, vcc_lo                             // 00000000ADBC: BEAA206A
	global_store_b16 v242, v240, s[10:11]                      // 00000000ADC0: DC660000 000AF0F2
	s_mov_b32 exec_lo, s42                                     // 00000000ADC8: BEFE002A
	v_mul_f32_e32 v238, v179, v59                              // 00000000ADCC: 11DC77B3
	v_lshrrev_b32_e32 v239, 16, v238                           // 00000000ADD0: 33DFDC90
	v_and_b32_e32 v239, 1, v239                                // 00000000ADD4: 37DFDE81
	v_add_nc_u32_e32 v240, 0x7fff, v238                        // 00000000ADD8: 4BE1DCFF 00007FFF
	v_add_nc_u32_e32 v240, v239, v240                          // 00000000ADE0: 4BE1E1EF
	v_lshrrev_b32_e32 v240, 16, v240                           // 00000000ADE4: 33E1E090
	v_add_nc_u32_e32 v241, 6, v6                               // 00000000ADE8: 4BE20C86
	v_lshlrev_b32_e32 v242, 13, v241                           // 00000000ADEC: 31E5E28D
	v_add_nc_u32_e32 v242, s24, v242                           // 00000000ADF0: 4BE5E418
	v_lshl_add_u32 v242, v3, 1, v242                           // 00000000ADF4: D64600F2 07C90303
	v_add_nc_u32_e32 v242, 0x1c0, v242                         // 00000000ADFC: 4BE5E4FF 000001C0
	v_cmp_gt_u32_e32 vcc_lo, s18, v241                         // 00000000AE04: 7C99E212
	s_and_saveexec_b32 s42, vcc_lo                             // 00000000AE08: BEAA206A
	global_store_b16 v242, v240, s[10:11]                      // 00000000AE0C: DC660000 000AF0F2
	s_mov_b32 exec_lo, s42                                     // 00000000AE14: BEFE002A
	v_mul_f32_e32 v238, v180, v60                              // 00000000AE18: 11DC79B4
	v_lshrrev_b32_e32 v239, 16, v238                           // 00000000AE1C: 33DFDC90
	v_and_b32_e32 v239, 1, v239                                // 00000000AE20: 37DFDE81
	v_add_nc_u32_e32 v240, 0x7fff, v238                        // 00000000AE24: 4BE1DCFF 00007FFF
	v_add_nc_u32_e32 v240, v239, v240                          // 00000000AE2C: 4BE1E1EF
	v_lshrrev_b32_e32 v240, 16, v240                           // 00000000AE30: 33E1E090
	v_add_nc_u32_e32 v241, 8, v6                               // 00000000AE34: 4BE20C88
	v_lshlrev_b32_e32 v242, 13, v241                           // 00000000AE38: 31E5E28D
	v_add_nc_u32_e32 v242, s24, v242                           // 00000000AE3C: 4BE5E418
	v_lshl_add_u32 v242, v3, 1, v242                           // 00000000AE40: D64600F2 07C90303
	v_add_nc_u32_e32 v242, 0x1c0, v242                         // 00000000AE48: 4BE5E4FF 000001C0
	v_cmp_gt_u32_e32 vcc_lo, s18, v241                         // 00000000AE50: 7C99E212
	s_and_saveexec_b32 s42, vcc_lo                             // 00000000AE54: BEAA206A
	global_store_b16 v242, v240, s[10:11]                      // 00000000AE58: DC660000 000AF0F2
	s_mov_b32 exec_lo, s42                                     // 00000000AE60: BEFE002A
	v_mul_f32_e32 v238, v181, v61                              // 00000000AE64: 11DC7BB5
	v_lshrrev_b32_e32 v239, 16, v238                           // 00000000AE68: 33DFDC90
	v_and_b32_e32 v239, 1, v239                                // 00000000AE6C: 37DFDE81
	v_add_nc_u32_e32 v240, 0x7fff, v238                        // 00000000AE70: 4BE1DCFF 00007FFF
	v_add_nc_u32_e32 v240, v239, v240                          // 00000000AE78: 4BE1E1EF
	v_lshrrev_b32_e32 v240, 16, v240                           // 00000000AE7C: 33E1E090
	v_add_nc_u32_e32 v241, 10, v6                              // 00000000AE80: 4BE20C8A
	v_lshlrev_b32_e32 v242, 13, v241                           // 00000000AE84: 31E5E28D
	v_add_nc_u32_e32 v242, s24, v242                           // 00000000AE88: 4BE5E418
	v_lshl_add_u32 v242, v3, 1, v242                           // 00000000AE8C: D64600F2 07C90303
	v_add_nc_u32_e32 v242, 0x1c0, v242                         // 00000000AE94: 4BE5E4FF 000001C0
	v_cmp_gt_u32_e32 vcc_lo, s18, v241                         // 00000000AE9C: 7C99E212
	s_and_saveexec_b32 s42, vcc_lo                             // 00000000AEA0: BEAA206A
	global_store_b16 v242, v240, s[10:11]                      // 00000000AEA4: DC660000 000AF0F2
	s_mov_b32 exec_lo, s42                                     // 00000000AEAC: BEFE002A
	v_mul_f32_e32 v238, v182, v62                              // 00000000AEB0: 11DC7DB6
	v_lshrrev_b32_e32 v239, 16, v238                           // 00000000AEB4: 33DFDC90
	v_and_b32_e32 v239, 1, v239                                // 00000000AEB8: 37DFDE81
	v_add_nc_u32_e32 v240, 0x7fff, v238                        // 00000000AEBC: 4BE1DCFF 00007FFF
	v_add_nc_u32_e32 v240, v239, v240                          // 00000000AEC4: 4BE1E1EF
	v_lshrrev_b32_e32 v240, 16, v240                           // 00000000AEC8: 33E1E090
	v_add_nc_u32_e32 v241, 12, v6                              // 00000000AECC: 4BE20C8C
	v_lshlrev_b32_e32 v242, 13, v241                           // 00000000AED0: 31E5E28D
	v_add_nc_u32_e32 v242, s24, v242                           // 00000000AED4: 4BE5E418
	v_lshl_add_u32 v242, v3, 1, v242                           // 00000000AED8: D64600F2 07C90303
	v_add_nc_u32_e32 v242, 0x1c0, v242                         // 00000000AEE0: 4BE5E4FF 000001C0
	v_cmp_gt_u32_e32 vcc_lo, s18, v241                         // 00000000AEE8: 7C99E212
	s_and_saveexec_b32 s42, vcc_lo                             // 00000000AEEC: BEAA206A
	global_store_b16 v242, v240, s[10:11]                      // 00000000AEF0: DC660000 000AF0F2
	s_mov_b32 exec_lo, s42                                     // 00000000AEF8: BEFE002A
	v_mul_f32_e32 v238, v183, v63                              // 00000000AEFC: 11DC7FB7
	v_lshrrev_b32_e32 v239, 16, v238                           // 00000000AF00: 33DFDC90
	v_and_b32_e32 v239, 1, v239                                // 00000000AF04: 37DFDE81
	v_add_nc_u32_e32 v240, 0x7fff, v238                        // 00000000AF08: 4BE1DCFF 00007FFF
	v_add_nc_u32_e32 v240, v239, v240                          // 00000000AF10: 4BE1E1EF
	v_lshrrev_b32_e32 v240, 16, v240                           // 00000000AF14: 33E1E090
	v_add_nc_u32_e32 v241, 14, v6                              // 00000000AF18: 4BE20C8E
	v_lshlrev_b32_e32 v242, 13, v241                           // 00000000AF1C: 31E5E28D
	v_add_nc_u32_e32 v242, s24, v242                           // 00000000AF20: 4BE5E418
	v_lshl_add_u32 v242, v3, 1, v242                           // 00000000AF24: D64600F2 07C90303
	v_add_nc_u32_e32 v242, 0x1c0, v242                         // 00000000AF2C: 4BE5E4FF 000001C0
	v_cmp_gt_u32_e32 vcc_lo, s18, v241                         // 00000000AF34: 7C99E212
	s_and_saveexec_b32 s42, vcc_lo                             // 00000000AF38: BEAA206A
	global_store_b16 v242, v240, s[10:11]                      // 00000000AF3C: DC660000 000AF0F2
	s_mov_b32 exec_lo, s42                                     // 00000000AF44: BEFE002A
	v_mul_f32_e32 v238, v184, v56                              // 00000000AF48: 11DC71B8
	v_lshrrev_b32_e32 v239, 16, v238                           // 00000000AF4C: 33DFDC90
	v_and_b32_e32 v239, 1, v239                                // 00000000AF50: 37DFDE81
	v_add_nc_u32_e32 v240, 0x7fff, v238                        // 00000000AF54: 4BE1DCFF 00007FFF
	v_add_nc_u32_e32 v240, v239, v240                          // 00000000AF5C: 4BE1E1EF
	v_lshrrev_b32_e32 v240, 16, v240                           // 00000000AF60: 33E1E090
	v_add_nc_u32_e32 v241, 0, v6                               // 00000000AF64: 4BE20C80
	v_lshlrev_b32_e32 v242, 13, v241                           // 00000000AF68: 31E5E28D
	v_add_nc_u32_e32 v242, s24, v242                           // 00000000AF6C: 4BE5E418
	v_lshl_add_u32 v242, v3, 1, v242                           // 00000000AF70: D64600F2 07C90303
	v_add_nc_u32_e32 v242, 0x1e0, v242                         // 00000000AF78: 4BE5E4FF 000001E0
	v_cmp_gt_u32_e32 vcc_lo, s18, v241                         // 00000000AF80: 7C99E212
	s_and_saveexec_b32 s42, vcc_lo                             // 00000000AF84: BEAA206A
	global_store_b16 v242, v240, s[10:11]                      // 00000000AF88: DC660000 000AF0F2
	s_mov_b32 exec_lo, s42                                     // 00000000AF90: BEFE002A
	v_mul_f32_e32 v238, v185, v57                              // 00000000AF94: 11DC73B9
	v_lshrrev_b32_e32 v239, 16, v238                           // 00000000AF98: 33DFDC90
	v_and_b32_e32 v239, 1, v239                                // 00000000AF9C: 37DFDE81
	v_add_nc_u32_e32 v240, 0x7fff, v238                        // 00000000AFA0: 4BE1DCFF 00007FFF
	v_add_nc_u32_e32 v240, v239, v240                          // 00000000AFA8: 4BE1E1EF
	v_lshrrev_b32_e32 v240, 16, v240                           // 00000000AFAC: 33E1E090
	v_add_nc_u32_e32 v241, 2, v6                               // 00000000AFB0: 4BE20C82
	v_lshlrev_b32_e32 v242, 13, v241                           // 00000000AFB4: 31E5E28D
	v_add_nc_u32_e32 v242, s24, v242                           // 00000000AFB8: 4BE5E418
	v_lshl_add_u32 v242, v3, 1, v242                           // 00000000AFBC: D64600F2 07C90303
	v_add_nc_u32_e32 v242, 0x1e0, v242                         // 00000000AFC4: 4BE5E4FF 000001E0
	v_cmp_gt_u32_e32 vcc_lo, s18, v241                         // 00000000AFCC: 7C99E212
	s_and_saveexec_b32 s42, vcc_lo                             // 00000000AFD0: BEAA206A
	global_store_b16 v242, v240, s[10:11]                      // 00000000AFD4: DC660000 000AF0F2
	s_mov_b32 exec_lo, s42                                     // 00000000AFDC: BEFE002A
	v_mul_f32_e32 v238, v186, v58                              // 00000000AFE0: 11DC75BA
	v_lshrrev_b32_e32 v239, 16, v238                           // 00000000AFE4: 33DFDC90
	v_and_b32_e32 v239, 1, v239                                // 00000000AFE8: 37DFDE81
	v_add_nc_u32_e32 v240, 0x7fff, v238                        // 00000000AFEC: 4BE1DCFF 00007FFF
	v_add_nc_u32_e32 v240, v239, v240                          // 00000000AFF4: 4BE1E1EF
	v_lshrrev_b32_e32 v240, 16, v240                           // 00000000AFF8: 33E1E090
	v_add_nc_u32_e32 v241, 4, v6                               // 00000000AFFC: 4BE20C84
	v_lshlrev_b32_e32 v242, 13, v241                           // 00000000B000: 31E5E28D
	v_add_nc_u32_e32 v242, s24, v242                           // 00000000B004: 4BE5E418
	v_lshl_add_u32 v242, v3, 1, v242                           // 00000000B008: D64600F2 07C90303
	v_add_nc_u32_e32 v242, 0x1e0, v242                         // 00000000B010: 4BE5E4FF 000001E0
	v_cmp_gt_u32_e32 vcc_lo, s18, v241                         // 00000000B018: 7C99E212
	s_and_saveexec_b32 s42, vcc_lo                             // 00000000B01C: BEAA206A
	global_store_b16 v242, v240, s[10:11]                      // 00000000B020: DC660000 000AF0F2
	s_mov_b32 exec_lo, s42                                     // 00000000B028: BEFE002A
	v_mul_f32_e32 v238, v187, v59                              // 00000000B02C: 11DC77BB
	v_lshrrev_b32_e32 v239, 16, v238                           // 00000000B030: 33DFDC90
	v_and_b32_e32 v239, 1, v239                                // 00000000B034: 37DFDE81
	v_add_nc_u32_e32 v240, 0x7fff, v238                        // 00000000B038: 4BE1DCFF 00007FFF
	v_add_nc_u32_e32 v240, v239, v240                          // 00000000B040: 4BE1E1EF
	v_lshrrev_b32_e32 v240, 16, v240                           // 00000000B044: 33E1E090
	v_add_nc_u32_e32 v241, 6, v6                               // 00000000B048: 4BE20C86
	v_lshlrev_b32_e32 v242, 13, v241                           // 00000000B04C: 31E5E28D
	v_add_nc_u32_e32 v242, s24, v242                           // 00000000B050: 4BE5E418
	v_lshl_add_u32 v242, v3, 1, v242                           // 00000000B054: D64600F2 07C90303
	v_add_nc_u32_e32 v242, 0x1e0, v242                         // 00000000B05C: 4BE5E4FF 000001E0
	v_cmp_gt_u32_e32 vcc_lo, s18, v241                         // 00000000B064: 7C99E212
	s_and_saveexec_b32 s42, vcc_lo                             // 00000000B068: BEAA206A
	global_store_b16 v242, v240, s[10:11]                      // 00000000B06C: DC660000 000AF0F2
	s_mov_b32 exec_lo, s42                                     // 00000000B074: BEFE002A
	v_mul_f32_e32 v238, v188, v60                              // 00000000B078: 11DC79BC
	v_lshrrev_b32_e32 v239, 16, v238                           // 00000000B07C: 33DFDC90
	v_and_b32_e32 v239, 1, v239                                // 00000000B080: 37DFDE81
	v_add_nc_u32_e32 v240, 0x7fff, v238                        // 00000000B084: 4BE1DCFF 00007FFF
	v_add_nc_u32_e32 v240, v239, v240                          // 00000000B08C: 4BE1E1EF
	v_lshrrev_b32_e32 v240, 16, v240                           // 00000000B090: 33E1E090
	v_add_nc_u32_e32 v241, 8, v6                               // 00000000B094: 4BE20C88
	v_lshlrev_b32_e32 v242, 13, v241                           // 00000000B098: 31E5E28D
	v_add_nc_u32_e32 v242, s24, v242                           // 00000000B09C: 4BE5E418
	v_lshl_add_u32 v242, v3, 1, v242                           // 00000000B0A0: D64600F2 07C90303
	v_add_nc_u32_e32 v242, 0x1e0, v242                         // 00000000B0A8: 4BE5E4FF 000001E0
	v_cmp_gt_u32_e32 vcc_lo, s18, v241                         // 00000000B0B0: 7C99E212
	s_and_saveexec_b32 s42, vcc_lo                             // 00000000B0B4: BEAA206A
	global_store_b16 v242, v240, s[10:11]                      // 00000000B0B8: DC660000 000AF0F2
	s_mov_b32 exec_lo, s42                                     // 00000000B0C0: BEFE002A
	v_mul_f32_e32 v238, v189, v61                              // 00000000B0C4: 11DC7BBD
	v_lshrrev_b32_e32 v239, 16, v238                           // 00000000B0C8: 33DFDC90
	v_and_b32_e32 v239, 1, v239                                // 00000000B0CC: 37DFDE81
	v_add_nc_u32_e32 v240, 0x7fff, v238                        // 00000000B0D0: 4BE1DCFF 00007FFF
	v_add_nc_u32_e32 v240, v239, v240                          // 00000000B0D8: 4BE1E1EF
	v_lshrrev_b32_e32 v240, 16, v240                           // 00000000B0DC: 33E1E090
	v_add_nc_u32_e32 v241, 10, v6                              // 00000000B0E0: 4BE20C8A
	v_lshlrev_b32_e32 v242, 13, v241                           // 00000000B0E4: 31E5E28D
	v_add_nc_u32_e32 v242, s24, v242                           // 00000000B0E8: 4BE5E418
	v_lshl_add_u32 v242, v3, 1, v242                           // 00000000B0EC: D64600F2 07C90303
	v_add_nc_u32_e32 v242, 0x1e0, v242                         // 00000000B0F4: 4BE5E4FF 000001E0
	v_cmp_gt_u32_e32 vcc_lo, s18, v241                         // 00000000B0FC: 7C99E212
	s_and_saveexec_b32 s42, vcc_lo                             // 00000000B100: BEAA206A
	global_store_b16 v242, v240, s[10:11]                      // 00000000B104: DC660000 000AF0F2
	s_mov_b32 exec_lo, s42                                     // 00000000B10C: BEFE002A
	v_mul_f32_e32 v238, v190, v62                              // 00000000B110: 11DC7DBE
	v_lshrrev_b32_e32 v239, 16, v238                           // 00000000B114: 33DFDC90
	v_and_b32_e32 v239, 1, v239                                // 00000000B118: 37DFDE81
	v_add_nc_u32_e32 v240, 0x7fff, v238                        // 00000000B11C: 4BE1DCFF 00007FFF
	v_add_nc_u32_e32 v240, v239, v240                          // 00000000B124: 4BE1E1EF
	v_lshrrev_b32_e32 v240, 16, v240                           // 00000000B128: 33E1E090
	v_add_nc_u32_e32 v241, 12, v6                              // 00000000B12C: 4BE20C8C
	v_lshlrev_b32_e32 v242, 13, v241                           // 00000000B130: 31E5E28D
	v_add_nc_u32_e32 v242, s24, v242                           // 00000000B134: 4BE5E418
	v_lshl_add_u32 v242, v3, 1, v242                           // 00000000B138: D64600F2 07C90303
	v_add_nc_u32_e32 v242, 0x1e0, v242                         // 00000000B140: 4BE5E4FF 000001E0
	v_cmp_gt_u32_e32 vcc_lo, s18, v241                         // 00000000B148: 7C99E212
	s_and_saveexec_b32 s42, vcc_lo                             // 00000000B14C: BEAA206A
	global_store_b16 v242, v240, s[10:11]                      // 00000000B150: DC660000 000AF0F2
	s_mov_b32 exec_lo, s42                                     // 00000000B158: BEFE002A
	v_mul_f32_e32 v238, v191, v63                              // 00000000B15C: 11DC7FBF
	v_lshrrev_b32_e32 v239, 16, v238                           // 00000000B160: 33DFDC90
	v_and_b32_e32 v239, 1, v239                                // 00000000B164: 37DFDE81
	v_add_nc_u32_e32 v240, 0x7fff, v238                        // 00000000B168: 4BE1DCFF 00007FFF
	v_add_nc_u32_e32 v240, v239, v240                          // 00000000B170: 4BE1E1EF
	v_lshrrev_b32_e32 v240, 16, v240                           // 00000000B174: 33E1E090
	v_add_nc_u32_e32 v241, 14, v6                              // 00000000B178: 4BE20C8E
	v_lshlrev_b32_e32 v242, 13, v241                           // 00000000B17C: 31E5E28D
	v_add_nc_u32_e32 v242, s24, v242                           // 00000000B180: 4BE5E418
	v_lshl_add_u32 v242, v3, 1, v242                           // 00000000B184: D64600F2 07C90303
	v_add_nc_u32_e32 v242, 0x1e0, v242                         // 00000000B18C: 4BE5E4FF 000001E0
	v_cmp_gt_u32_e32 vcc_lo, s18, v241                         // 00000000B194: 7C99E212
	s_and_saveexec_b32 s42, vcc_lo                             // 00000000B198: BEAA206A
	global_store_b16 v242, v240, s[10:11]                      // 00000000B19C: DC660000 000AF0F2
	s_mov_b32 exec_lo, s42                                     // 00000000B1A4: BEFE002A
	s_endpgm                                                   // 00000000B1A8: BFB00000
