
/root/.triton/cache/HWGAMD7K5JV2B3O2G7E54K7SDA4CBBN4D5KJ5OZE2WHQVBKUMRIQ/chunk_fwd_kernel_o.hsaco:	file format elf64-amdgpu

Disassembly of section .text:

0000000000001800 <chunk_fwd_kernel_o>:
	s_load_b128 s[12:15], s[0:1], 0x30                         // 000000001800: F4080300 F8000030
	s_ashr_i32 s5, s4, 31                                      // 000000001808: 86059F04
	s_lshl_b32 s6, s3, 1                                       // 00000000180C: 84068103
	s_lshr_b32 s5, s5, 27                                      // 000000001810: 85059B05
	s_ashr_i32 s7, s6, 31                                      // 000000001814: 86079F06
	s_add_i32 s5, s4, s5                                       // 000000001818: 81050504
	s_lshl_b64 s[6:7], s[6:7], 2                               // 00000000181C: 84868206
	s_and_not1_b32 s5, s5, 31                                  // 000000001820: 91059F05
	v_lshrrev_b32_e32 v49, 4, v0                               // 000000001824: 32620084
	s_sub_i32 s10, s4, s5                                      // 000000001828: 818A0504
	v_dual_mov_b32 v6, 0 :: v_dual_and_b32 v155, 15, v0        // 00000000182C: CA240080 069A008F
	v_mov_b32_e32 v1, 0                                        // 000000001834: 7E020280
	s_delay_alu instid0(VALU_DEP_2)                            // 000000001838: BF870002
	v_dual_mov_b32 v5, 0 :: v_dual_lshlrev_b32 v50, 3, v155    // 00000000183C: CA220080 05333683
	s_waitcnt lgkmcnt(0)                                       // 000000001844: BF89FC07
	s_add_u32 s4, s14, s6                                      // 000000001848: 8004060E
	s_addc_u32 s5, s15, s7                                     // 00000000184C: 8205070F
	s_load_b64 s[8:9], s[4:5], null                            // 000000001850: F4040202 F8000000
	s_waitcnt lgkmcnt(0)                                       // 000000001858: BF89FC07
	s_ashr_i32 s5, s8, 31                                      // 00000000185C: 86059F08
	s_mov_b32 s4, s8                                           // 000000001860: BE840008
	s_delay_alu instid0(SALU_CYCLE_1) | instskip(NEXT) | instid1(SALU_CYCLE_1)// 000000001864: BF870499
	s_lshl_b64 s[4:5], s[4:5], 2                               // 000000001868: 84848204
	s_add_u32 s4, s12, s4                                      // 00000000186C: 8004040C
	s_addc_u32 s5, s13, s5                                     // 000000001870: 8205050D
	s_load_b64 s[6:7], s[4:5], null                            // 000000001874: F4040182 F8000000
	s_load_b64 s[14:15], s[0:1], null                          // 00000000187C: F4040380 F8000000
	s_bfe_u32 s4, s10, 0x10007                                 // 000000001884: 9304FF0A 00010007
	s_delay_alu instid0(SALU_CYCLE_1) | instskip(NEXT) | instid1(SALU_CYCLE_1)// 00000000188C: BF870499
	s_add_i32 s4, s10, s4                                      // 000000001890: 8104040A
	s_bfe_i32 s4, s4, 0x80000                                  // 000000001894: 9384FF04 00080000
	s_delay_alu instid0(SALU_CYCLE_1) | instskip(NEXT) | instid1(SALU_CYCLE_1)// 00000000189C: BF870499
	s_sext_i32_i16 s4, s4                                      // 0000000018A0: BE840F04
	s_lshl_b32 s4, s4, 6                                       // 0000000018A4: 84048604
	s_delay_alu instid0(SALU_CYCLE_1) | instskip(SKIP_4) | instid1(SALU_CYCLE_1)// 0000000018A8: BF8704D9
	s_and_b32 s4, s4, 0xffffff80                               // 0000000018AC: 8B04FF04 FFFFFF80
	s_waitcnt lgkmcnt(0)                                       // 0000000018B4: BF89FC07
	s_lshl_b32 s5, s6, 11                                      // 0000000018B8: 84058B06
	s_sub_i32 s12, s7, s6                                      // 0000000018BC: 818C0607
	s_add_i32 s4, s5, s4                                       // 0000000018C0: 81040405
	s_ashr_i32 s5, s4, 31                                      // 0000000018C4: 86059F04
	s_delay_alu instid0(SALU_CYCLE_1) | instskip(NEXT) | instid1(SALU_CYCLE_1)// 0000000018C8: BF870499
	s_lshl_b64 s[4:5], s[4:5], 1                               // 0000000018CC: 84848104
	s_add_u32 s7, s14, s4                                      // 0000000018D0: 8007040E
	s_addc_u32 s11, s15, s5                                    // 0000000018D4: 820B050F
	s_lshl_b32 s22, s9, 6                                      // 0000000018D8: 84168609
	s_ashr_i32 s13, s12, 31                                    // 0000000018DC: 860D9F0C
	s_ashr_i32 s23, s22, 31                                    // 0000000018E0: 86179F16
	v_or_b32_e32 v2, s22, v49                                  // 0000000018E4: 38046216
	v_mov_b32_e32 v3, s23                                      // 0000000018E8: 7E060217
	s_cmp_gt_i32 s22, -1                                       // 0000000018EC: BF02C116
	s_cselect_b32 s24, -1, 0                                   // 0000000018F0: 981880C1
	s_delay_alu instid0(VALU_DEP_1) | instskip(SKIP_1) | instid1(VALU_DEP_2)// 0000000018F4: BF870121
	v_lshlrev_b64 v[7:8], 11, v[2:3]                           // 0000000018F8: D73C0007 0002048B
	v_cmp_gt_i64_e32 vcc_lo, s[12:13], v[2:3]                  // 000000001900: 7CA8040C
	v_or_b32_e32 v7, v7, v50                                   // 000000001904: 380E6507
	s_and_b32 s14, s24, vcc_lo                                 // 000000001908: 8B0E6A18
	s_delay_alu instid0(VALU_DEP_1)                            // 00000000190C: BF870001
	v_lshlrev_b64 v[17:18], 1, v[7:8]                          // 000000001910: D73C0011 00020E81
	v_dual_mov_b32 v7, 0 :: v_dual_mov_b32 v8, 0               // 000000001918: CA100080 07080080
	s_and_saveexec_b32 s8, s14                                 // 000000001920: BE88200E
	s_cbranch_execz 7                                          // 000000001924: BFA50007 <chunk_fwd_kernel_o+0x144>
	s_delay_alu instid0(VALU_DEP_2) | instskip(NEXT) | instid1(VALU_DEP_1)// 000000001928: BF870092
	v_add_co_u32 v2, vcc_lo, s7, v17                           // 00000000192C: D7006A02 00022207
	v_add_co_ci_u32_e64 v3, null, s11, v18, vcc_lo             // 000000001934: D5207C03 01AA240B
	global_load_b128 v[5:8], v[2:3], off                       // 00000000193C: DC5E0000 057C0002
	s_or_b32 exec_lo, exec_lo, s8                              // 000000001944: 8C7E087E
	v_or_b32_e32 v51, 8, v49                                   // 000000001948: 38666288
	v_mov_b32_e32 v4, s23                                      // 00000000194C: 7E080217
	v_mov_b32_e32 v2, 0                                        // 000000001950: 7E040280
	s_delay_alu instid0(VALU_DEP_3) | instskip(NEXT) | instid1(VALU_DEP_1)// 000000001954: BF870093
	v_or_b32_e32 v3, s22, v51                                  // 000000001958: 38066616
	v_lshlrev_b64 v[9:10], 11, v[3:4]                          // 00000000195C: D73C0009 0002068B
	v_cmp_gt_i64_e32 vcc_lo, s[12:13], v[3:4]                  // 000000001964: 7CA8060C
	v_dual_mov_b32 v3, 0 :: v_dual_mov_b32 v4, 0               // 000000001968: CA100080 03040080
	s_delay_alu instid0(VALU_DEP_3) | instskip(SKIP_1) | instid1(VALU_DEP_1)// 000000001970: BF8700A3
	v_or_b32_e32 v9, v9, v50                                   // 000000001974: 38126509
	s_and_b32 s15, s24, vcc_lo                                 // 000000001978: 8B0F6A18
	v_lshlrev_b64 v[19:20], 1, v[9:10]                         // 00000000197C: D73C0013 00021281
	s_and_saveexec_b32 s8, s15                                 // 000000001984: BE88200F
	s_cbranch_execz 7                                          // 000000001988: BFA50007 <chunk_fwd_kernel_o+0x1a8>
	s_delay_alu instid0(VALU_DEP_1) | instskip(NEXT) | instid1(VALU_DEP_1)// 00000000198C: BF870091
	v_add_co_u32 v1, vcc_lo, s7, v19                           // 000000001990: D7006A01 00022607
	v_add_co_ci_u32_e64 v2, null, s11, v20, vcc_lo             // 000000001998: D5207C02 01AA280B
	global_load_b128 v[1:4], v[1:2], off                       // 0000000019A0: DC5E0000 017C0001
	s_or_b32 exec_lo, exec_lo, s8                              // 0000000019A8: 8C7E087E
	v_or_b32_e32 v52, 16, v49                                  // 0000000019AC: 38686290
	v_dual_mov_b32 v11, s23 :: v_dual_mov_b32 v14, 0           // 0000000019B0: CA100017 0B0E0080
	v_mov_b32_e32 v9, 0                                        // 0000000019B8: 7E120280
	v_mov_b32_e32 v13, 0                                       // 0000000019BC: 7E1A0280
	s_delay_alu instid0(VALU_DEP_4) | instskip(NEXT) | instid1(VALU_DEP_1)// 0000000019C0: BF870094
	v_or_b32_e32 v10, s22, v52                                 // 0000000019C4: 38146816
	v_lshlrev_b64 v[15:16], 11, v[10:11]                       // 0000000019C8: D73C000F 0002148B
	v_cmp_gt_i64_e32 vcc_lo, s[12:13], v[10:11]                // 0000000019D0: 7CA8140C
	s_delay_alu instid0(VALU_DEP_2) | instskip(SKIP_1) | instid1(VALU_DEP_1)// 0000000019D4: BF8700A2
	v_or_b32_e32 v15, v15, v50                                 // 0000000019D8: 381E650F
	s_and_b32 s16, s24, vcc_lo                                 // 0000000019DC: 8B106A18
	v_lshlrev_b64 v[21:22], 1, v[15:16]                        // 0000000019E0: D73C0015 00021E81
	v_dual_mov_b32 v15, 0 :: v_dual_mov_b32 v16, 0             // 0000000019E8: CA100080 0F100080
	s_and_saveexec_b32 s8, s16                                 // 0000000019F0: BE882010
	s_cbranch_execz 7                                          // 0000000019F4: BFA50007 <chunk_fwd_kernel_o+0x214>
	s_delay_alu instid0(VALU_DEP_2) | instskip(NEXT) | instid1(VALU_DEP_1)// 0000000019F8: BF870092
	v_add_co_u32 v10, vcc_lo, s7, v21                          // 0000000019FC: D7006A0A 00022A07
	v_add_co_ci_u32_e64 v11, null, s11, v22, vcc_lo            // 000000001A04: D5207C0B 01AA2C0B
	global_load_b128 v[13:16], v[10:11], off                   // 000000001A0C: DC5E0000 0D7C000A
	s_or_b32 exec_lo, exec_lo, s8                              // 000000001A14: 8C7E087E
	v_or_b32_e32 v53, 24, v49                                  // 000000001A18: 386A6298
	v_mov_b32_e32 v12, s23                                     // 000000001A1C: 7E180217
	v_mov_b32_e32 v10, 0                                       // 000000001A20: 7E140280
	s_delay_alu instid0(VALU_DEP_3) | instskip(NEXT) | instid1(VALU_DEP_1)// 000000001A24: BF870093
	v_or_b32_e32 v11, s22, v53                                 // 000000001A28: 38166A16
	v_lshlrev_b64 v[23:24], 11, v[11:12]                       // 000000001A2C: D73C0017 0002168B
	v_cmp_gt_i64_e32 vcc_lo, s[12:13], v[11:12]                // 000000001A34: 7CA8160C
	v_dual_mov_b32 v11, 0 :: v_dual_mov_b32 v12, 0             // 000000001A38: CA100080 0B0C0080
	s_delay_alu instid0(VALU_DEP_3) | instskip(SKIP_1) | instid1(VALU_DEP_1)// 000000001A40: BF8700A3
	v_or_b32_e32 v23, v23, v50                                 // 000000001A44: 382E6517
	s_and_b32 s17, s24, vcc_lo                                 // 000000001A48: 8B116A18
	v_lshlrev_b64 v[23:24], 1, v[23:24]                        // 000000001A4C: D73C0017 00022E81
	s_and_saveexec_b32 s8, s17                                 // 000000001A54: BE882011
	s_cbranch_execz 7                                          // 000000001A58: BFA50007 <chunk_fwd_kernel_o+0x278>
	s_delay_alu instid0(VALU_DEP_1) | instskip(NEXT) | instid1(VALU_DEP_1)// 000000001A5C: BF870091
	v_add_co_u32 v9, vcc_lo, s7, v23                           // 000000001A60: D7006A09 00022E07
	v_add_co_ci_u32_e64 v10, null, s11, v24, vcc_lo            // 000000001A68: D5207C0A 01AA300B
	global_load_b128 v[9:12], v[9:10], off                     // 000000001A70: DC5E0000 097C0009
	s_or_b32 exec_lo, exec_lo, s8                              // 000000001A78: 8C7E087E
	v_or_b32_e32 v54, 32, v49                                  // 000000001A7C: 386C62A0
	v_dual_mov_b32 v26, s23 :: v_dual_mov_b32 v33, 0           // 000000001A80: CA100017 1A200080
	v_dual_mov_b32 v37, 0 :: v_dual_mov_b32 v38, 0             // 000000001A88: CA100080 25260080
	s_delay_alu instid0(VALU_DEP_3) | instskip(SKIP_1) | instid1(VALU_DEP_2)// 000000001A90: BF870123
	v_or_b32_e32 v25, s22, v54                                 // 000000001A94: 38326C16
	v_dual_mov_b32 v39, 0 :: v_dual_mov_b32 v40, 0             // 000000001A98: CA100080 27280080
	v_lshlrev_b64 v[27:28], 11, v[25:26]                       // 000000001AA0: D73C001B 0002328B
	v_cmp_gt_i64_e32 vcc_lo, s[12:13], v[25:26]                // 000000001AA8: 7CA8320C
	s_delay_alu instid0(VALU_DEP_2) | instskip(SKIP_1) | instid1(VALU_DEP_1)// 000000001AAC: BF8700A2
	v_or_b32_e32 v27, v27, v50                                 // 000000001AB0: 3836651B
	s_and_b32 s18, s24, vcc_lo                                 // 000000001AB4: 8B126A18
	v_lshlrev_b64 v[25:26], 1, v[27:28]                        // 000000001AB8: D73C0019 00023681
	s_and_saveexec_b32 s8, s18                                 // 000000001AC0: BE882012
	s_cbranch_execz 7                                          // 000000001AC4: BFA50007 <chunk_fwd_kernel_o+0x2e4>
	s_delay_alu instid0(VALU_DEP_1) | instskip(NEXT) | instid1(VALU_DEP_1)// 000000001AC8: BF870091
	v_add_co_u32 v27, vcc_lo, s7, v25                          // 000000001ACC: D7006A1B 00023207
	v_add_co_ci_u32_e64 v28, null, s11, v26, vcc_lo            // 000000001AD4: D5207C1C 01AA340B
	global_load_b128 v[37:40], v[27:28], off                   // 000000001ADC: DC5E0000 257C001B
	s_or_b32 exec_lo, exec_lo, s8                              // 000000001AE4: 8C7E087E
	v_or_b32_e32 v57, 40, v49                                  // 000000001AE8: 387262A8
	v_dual_mov_b32 v28, s23 :: v_dual_mov_b32 v35, 0           // 000000001AEC: CA100017 1C220080
	v_mov_b32_e32 v34, 0                                       // 000000001AF4: 7E440280
	v_mov_b32_e32 v36, 0                                       // 000000001AF8: 7E480280
	s_delay_alu instid0(VALU_DEP_4) | instskip(NEXT) | instid1(VALU_DEP_1)// 000000001AFC: BF870094
	v_or_b32_e32 v27, s22, v57                                 // 000000001B00: 38367216
	v_lshlrev_b64 v[29:30], 11, v[27:28]                       // 000000001B04: D73C001D 0002368B
	v_cmp_gt_i64_e32 vcc_lo, s[12:13], v[27:28]                // 000000001B0C: 7CA8360C
	s_delay_alu instid0(VALU_DEP_2) | instskip(SKIP_1) | instid1(VALU_DEP_1)// 000000001B10: BF8700A2
	v_or_b32_e32 v29, v29, v50                                 // 000000001B14: 383A651D
	s_and_b32 s19, s24, vcc_lo                                 // 000000001B18: 8B136A18
	v_lshlrev_b64 v[27:28], 1, v[29:30]                        // 000000001B1C: D73C001B 00023A81
	s_and_saveexec_b32 s8, s19                                 // 000000001B24: BE882013
	s_cbranch_execz 7                                          // 000000001B28: BFA50007 <chunk_fwd_kernel_o+0x348>
	s_delay_alu instid0(VALU_DEP_1) | instskip(NEXT) | instid1(VALU_DEP_1)// 000000001B2C: BF870091
	v_add_co_u32 v29, vcc_lo, s7, v27                          // 000000001B30: D7006A1D 00023607
	v_add_co_ci_u32_e64 v30, null, s11, v28, vcc_lo            // 000000001B38: D5207C1E 01AA380B
	global_load_b128 v[33:36], v[29:30], off                   // 000000001B40: DC5E0000 217C001D
	s_or_b32 exec_lo, exec_lo, s8                              // 000000001B48: 8C7E087E
	v_or_b32_e32 v59, 48, v49                                  // 000000001B4C: 387662B0
	v_dual_mov_b32 v30, s23 :: v_dual_mov_b32 v41, 0           // 000000001B50: CA100017 1E280080
	s_load_b64 s[8:9], s[0:1], 0x8                             // 000000001B58: F4040200 F8000008
	v_dual_mov_b32 v45, 0 :: v_dual_mov_b32 v46, 0             // 000000001B60: CA100080 2D2E0080
	s_delay_alu instid0(VALU_DEP_3) | instskip(SKIP_1) | instid1(VALU_DEP_2)// 000000001B68: BF870123
	v_or_b32_e32 v29, s22, v59                                 // 000000001B6C: 383A7616
	v_dual_mov_b32 v47, 0 :: v_dual_mov_b32 v48, 0             // 000000001B70: CA100080 2F300080
	v_lshlrev_b64 v[31:32], 11, v[29:30]                       // 000000001B78: D73C001F 00023A8B
	v_cmp_gt_i64_e32 vcc_lo, s[12:13], v[29:30]                // 000000001B80: 7CA83A0C
	s_delay_alu instid0(VALU_DEP_2) | instskip(SKIP_1) | instid1(VALU_DEP_1)// 000000001B84: BF8700A2
	v_or_b32_e32 v31, v31, v50                                 // 000000001B88: 383E651F
	s_and_b32 s20, s24, vcc_lo                                 // 000000001B8C: 8B146A18
	v_lshlrev_b64 v[29:30], 1, v[31:32]                        // 000000001B90: D73C001D 00023E81
	s_and_saveexec_b32 s21, s20                                // 000000001B98: BE952014
	s_cbranch_execz 7                                          // 000000001B9C: BFA50007 <chunk_fwd_kernel_o+0x3bc>
	s_delay_alu instid0(VALU_DEP_1) | instskip(NEXT) | instid1(VALU_DEP_1)// 000000001BA0: BF870091
	v_add_co_u32 v31, vcc_lo, s7, v29                          // 000000001BA4: D7006A1F 00023A07
	v_add_co_ci_u32_e64 v32, null, s11, v30, vcc_lo            // 000000001BAC: D5207C20 01AA3C0B
	global_load_b128 v[45:48], v[31:32], off                   // 000000001BB4: DC5E0000 2D7C001F
	s_or_b32 exec_lo, exec_lo, s21                             // 000000001BBC: 8C7E157E
	v_or_b32_e32 v60, 56, v49                                  // 000000001BC0: 387862B8
	v_mov_b32_e32 v32, s23                                     // 000000001BC4: 7E400217
	v_mov_b32_e32 v42, 0                                       // 000000001BC8: 7E540280
	s_delay_alu instid0(VALU_DEP_3) | instskip(NEXT) | instid1(VALU_DEP_1)// 000000001BCC: BF870093
	v_or_b32_e32 v31, s22, v60                                 // 000000001BD0: 383E7816
	v_lshlrev_b64 v[43:44], 11, v[31:32]                       // 000000001BD4: D73C002B 00023E8B
	v_cmp_gt_i64_e32 vcc_lo, s[12:13], v[31:32]                // 000000001BDC: 7CA83E0C
	s_delay_alu instid0(VALU_DEP_2) | instskip(SKIP_1) | instid1(VALU_DEP_1)// 000000001BE0: BF8700A2
	v_or_b32_e32 v43, v43, v50                                 // 000000001BE4: 3856652B
	s_and_b32 s21, s24, vcc_lo                                 // 000000001BE8: 8B156A18
	v_lshlrev_b64 v[31:32], 1, v[43:44]                        // 000000001BEC: D73C001F 00025681
	v_dual_mov_b32 v43, 0 :: v_dual_mov_b32 v44, 0             // 000000001BF4: CA100080 2B2C0080
	s_and_saveexec_b32 s25, s21                                // 000000001BFC: BE992015
	s_cbranch_execz 7                                          // 000000001C00: BFA50007 <chunk_fwd_kernel_o+0x420>
	s_delay_alu instid0(VALU_DEP_2) | instskip(NEXT) | instid1(VALU_DEP_1)// 000000001C04: BF870092
	v_add_co_u32 v41, vcc_lo, s7, v31                          // 000000001C08: D7006A29 00023E07
	v_add_co_ci_u32_e64 v42, null, s11, v32, vcc_lo            // 000000001C10: D5207C2A 01AA400B
	global_load_b128 v[41:44], v[41:42], off                   // 000000001C18: DC5E0000 297C0029
	s_or_b32 exec_lo, exec_lo, s25                             // 000000001C20: 8C7E197E
	v_dual_mov_b32 v105, 0 :: v_dual_mov_b32 v110, 0           // 000000001C24: CA100080 696E0080
	v_dual_mov_b32 v109, 0 :: v_dual_mov_b32 v112, 0           // 000000001C2C: CA100080 6D700080
	v_mov_b32_e32 v111, 0                                      // 000000001C34: 7EDE0280
	s_waitcnt lgkmcnt(0)                                       // 000000001C38: BF89FC07
	s_add_u32 s7, s8, s4                                       // 000000001C3C: 80070408
	s_addc_u32 s8, s9, s5                                      // 000000001C40: 82080509
	s_and_saveexec_b32 s4, s14                                 // 000000001C44: BE84200E
	s_cbranch_execz 7                                          // 000000001C48: BFA50007 <chunk_fwd_kernel_o+0x468>
	v_add_co_u32 v17, vcc_lo, s7, v17                          // 000000001C4C: D7006A11 00022207
	s_delay_alu instid0(VALU_DEP_1)                            // 000000001C54: BF870001
	v_add_co_ci_u32_e64 v18, null, s8, v18, vcc_lo             // 000000001C58: D5207C12 01AA2408
	global_load_b128 v[109:112], v[17:18], off                 // 000000001C60: DC5E0000 6D7C0011
	s_or_b32 exec_lo, exec_lo, s4                              // 000000001C68: 8C7E047E
	v_dual_mov_b32 v106, 0 :: v_dual_mov_b32 v107, 0           // 000000001C6C: CA100080 6A6A0080
	v_mov_b32_e32 v108, 0                                      // 000000001C74: 7ED80280
	s_and_saveexec_b32 s4, s15                                 // 000000001C78: BE84200F
	s_cbranch_execz 7                                          // 000000001C7C: BFA50007 <chunk_fwd_kernel_o+0x49c>
	v_add_co_u32 v17, vcc_lo, s7, v19                          // 000000001C80: D7006A11 00022607
	s_delay_alu instid0(VALU_DEP_1)                            // 000000001C88: BF870001
	v_add_co_ci_u32_e64 v18, null, s8, v20, vcc_lo             // 000000001C8C: D5207C12 01AA2808
	global_load_b128 v[105:108], v[17:18], off                 // 000000001C94: DC5E0000 697C0011
	s_or_b32 exec_lo, exec_lo, s4                              // 000000001C9C: 8C7E047E
	v_dual_mov_b32 v113, 0 :: v_dual_mov_b32 v118, 0           // 000000001CA0: CA100080 71760080
	v_dual_mov_b32 v117, 0 :: v_dual_mov_b32 v120, 0           // 000000001CA8: CA100080 75780080
	v_mov_b32_e32 v119, 0                                      // 000000001CB0: 7EEE0280
	s_and_saveexec_b32 s4, s16                                 // 000000001CB4: BE842010
	s_cbranch_execz 7                                          // 000000001CB8: BFA50007 <chunk_fwd_kernel_o+0x4d8>
	v_add_co_u32 v17, vcc_lo, s7, v21                          // 000000001CBC: D7006A11 00022A07
	s_delay_alu instid0(VALU_DEP_1)                            // 000000001CC4: BF870001
	v_add_co_ci_u32_e64 v18, null, s8, v22, vcc_lo             // 000000001CC8: D5207C12 01AA2C08
	global_load_b128 v[117:120], v[17:18], off                 // 000000001CD0: DC5E0000 757C0011
	s_or_b32 exec_lo, exec_lo, s4                              // 000000001CD8: 8C7E047E
	v_dual_mov_b32 v114, 0 :: v_dual_mov_b32 v115, 0           // 000000001CDC: CA100080 72720080
	v_mov_b32_e32 v116, 0                                      // 000000001CE4: 7EE80280
	s_and_saveexec_b32 s4, s17                                 // 000000001CE8: BE842011
	s_cbranch_execz 7                                          // 000000001CEC: BFA50007 <chunk_fwd_kernel_o+0x50c>
	v_add_co_u32 v17, vcc_lo, s7, v23                          // 000000001CF0: D7006A11 00022E07
	s_delay_alu instid0(VALU_DEP_1)                            // 000000001CF8: BF870001
	v_add_co_ci_u32_e64 v18, null, s8, v24, vcc_lo             // 000000001CFC: D5207C12 01AA3008
	global_load_b128 v[113:116], v[17:18], off                 // 000000001D04: DC5E0000 717C0011
	s_or_b32 exec_lo, exec_lo, s4                              // 000000001D0C: 8C7E047E
	v_dual_mov_b32 v121, 0 :: v_dual_mov_b32 v126, 0           // 000000001D10: CA100080 797E0080
	v_dual_mov_b32 v125, 0 :: v_dual_mov_b32 v128, 0           // 000000001D18: CA100080 7D800080
	v_mov_b32_e32 v127, 0                                      // 000000001D20: 7EFE0280
	s_and_saveexec_b32 s4, s18                                 // 000000001D24: BE842012
	s_cbranch_execz 7                                          // 000000001D28: BFA50007 <chunk_fwd_kernel_o+0x548>
	v_add_co_u32 v17, vcc_lo, s7, v25                          // 000000001D2C: D7006A11 00023207
	s_delay_alu instid0(VALU_DEP_1)                            // 000000001D34: BF870001
	v_add_co_ci_u32_e64 v18, null, s8, v26, vcc_lo             // 000000001D38: D5207C12 01AA3408
	global_load_b128 v[125:128], v[17:18], off                 // 000000001D40: DC5E0000 7D7C0011
	s_or_b32 exec_lo, exec_lo, s4                              // 000000001D48: 8C7E047E
	v_dual_mov_b32 v122, 0 :: v_dual_mov_b32 v123, 0           // 000000001D4C: CA100080 7A7A0080
	v_mov_b32_e32 v124, 0                                      // 000000001D54: 7EF80280
	s_and_saveexec_b32 s4, s19                                 // 000000001D58: BE842013
	s_cbranch_execz 7                                          // 000000001D5C: BFA50007 <chunk_fwd_kernel_o+0x57c>
	v_add_co_u32 v17, vcc_lo, s7, v27                          // 000000001D60: D7006A11 00023607
	s_delay_alu instid0(VALU_DEP_1)                            // 000000001D68: BF870001
	v_add_co_ci_u32_e64 v18, null, s8, v28, vcc_lo             // 000000001D6C: D5207C12 01AA3808
	global_load_b128 v[121:124], v[17:18], off                 // 000000001D74: DC5E0000 797C0011
	s_or_b32 exec_lo, exec_lo, s4                              // 000000001D7C: 8C7E047E
	s_load_b64 s[4:5], s[0:1], 0x18                            // 000000001D80: F4040100 F8000018
	v_dual_mov_b32 v145, 0 :: v_dual_mov_b32 v150, 0           // 000000001D88: CA100080 91960080
	v_dual_mov_b32 v149, 0 :: v_dual_mov_b32 v152, 0           // 000000001D90: CA100080 95980080
	v_mov_b32_e32 v151, 0                                      // 000000001D98: 7F2E0280
	s_and_saveexec_b32 s9, s20                                 // 000000001D9C: BE892014
	s_cbranch_execz 7                                          // 000000001DA0: BFA50007 <chunk_fwd_kernel_o+0x5c0>
	v_add_co_u32 v17, vcc_lo, s7, v29                          // 000000001DA4: D7006A11 00023A07
	s_delay_alu instid0(VALU_DEP_1)                            // 000000001DAC: BF870001
	v_add_co_ci_u32_e64 v18, null, s8, v30, vcc_lo             // 000000001DB0: D5207C12 01AA3C08
	global_load_b128 v[149:152], v[17:18], off                 // 000000001DB8: DC5E0000 957C0011
	s_or_b32 exec_lo, exec_lo, s9                              // 000000001DC0: 8C7E097E
	v_dual_mov_b32 v146, 0 :: v_dual_mov_b32 v147, 0           // 000000001DC4: CA100080 92920080
	v_mov_b32_e32 v148, 0                                      // 000000001DCC: 7F280280
	s_and_saveexec_b32 s9, s21                                 // 000000001DD0: BE892015
	s_cbranch_execz 7                                          // 000000001DD4: BFA50007 <chunk_fwd_kernel_o+0x5f4>
	v_add_co_u32 v17, vcc_lo, s7, v31                          // 000000001DD8: D7006A11 00023E07
	s_delay_alu instid0(VALU_DEP_1)                            // 000000001DE0: BF870001
	v_add_co_ci_u32_e64 v18, null, s8, v32, vcc_lo             // 000000001DE4: D5207C12 01AA4008
	global_load_b128 v[145:148], v[17:18], off                 // 000000001DEC: DC5E0000 917C0011
	s_or_b32 exec_lo, exec_lo, s9                              // 000000001DF4: 8C7E097E
	s_lshl_b32 s3, s3, 5                                       // 000000001DF8: 84038503
	v_dual_mov_b32 v17, 0 :: v_dual_mov_b32 v24, 0             // 000000001DFC: CA100080 11180080
	s_add_i32 s8, s3, s10                                      // 000000001E04: 81080A03
	v_lshlrev_b32_e32 v61, 1, v50                              // 000000001E08: 307A6481
	s_ashr_i32 s9, s8, 31                                      // 000000001E0C: 86099F08
	v_mov_b32_e32 v21, 0                                       // 000000001E10: 7E2A0280
	s_lshl_b64 s[8:9], s[8:9], 15                              // 000000001E14: 84888F08
	v_mov_b32_e32 v23, 0                                       // 000000001E18: 7E2E0280
	s_waitcnt lgkmcnt(0)                                       // 000000001E1C: BF89FC07
	s_add_u32 s3, s4, s8                                       // 000000001E20: 80030804
	s_addc_u32 s5, s5, s9                                      // 000000001E24: 82050905
	s_lshl_b32 s18, s2, 6                                      // 000000001E28: 84128602
	v_mov_b32_e32 v22, 0                                       // 000000001E2C: 7E2C0280
	s_ashr_i32 s19, s18, 31                                    // 000000001E30: 86139F12
	v_or_b32_e32 v18, s18, v49                                 // 000000001E34: 38246212
	v_mov_b32_e32 v19, s19                                     // 000000001E38: 7E260213
	s_cmp_gt_i32 s18, -1                                       // 000000001E3C: BF02C112
	s_cselect_b32 s20, -1, 0                                   // 000000001E40: 981480C1
	s_delay_alu instid0(VALU_DEP_1) | instskip(SKIP_1) | instid1(SALU_CYCLE_1)// 000000001E44: BF8704A1
	v_cmp_gt_i64_e32 vcc_lo, 0x80, v[18:19]                    // 000000001E48: 7CA824FF 00000080
	s_and_b32 s4, s20, vcc_lo                                  // 000000001E50: 8B046A14
	s_and_saveexec_b32 s2, s4                                  // 000000001E54: BE822004
	s_cbranch_execz 14                                         // 000000001E58: BFA5000E <chunk_fwd_kernel_o+0x694>
	v_lshlrev_b64 v[18:19], 8, v[18:19]                        // 000000001E5C: D73C0012 00022488
	s_delay_alu instid0(VALU_DEP_1) | instskip(NEXT) | instid1(VALU_DEP_1)// 000000001E64: BF870091
	v_add_co_u32 v18, vcc_lo, s3, v18                          // 000000001E68: D7006A12 00022403
	v_add_co_ci_u32_e64 v19, null, s5, v19, vcc_lo             // 000000001E70: D5207C13 01AA2605
	s_delay_alu instid0(VALU_DEP_2) | instskip(NEXT) | instid1(VALU_DEP_1)// 000000001E78: BF870092
	v_add_co_u32 v18, vcc_lo, v18, v61                         // 000000001E7C: D7006A12 00027B12
	v_add_co_ci_u32_e64 v19, null, 0, v19, vcc_lo              // 000000001E84: D5207C13 01AA2680
	global_load_b128 v[21:24], v[18:19], off                   // 000000001E8C: DC5E0000 157C0012
	s_or_b32 exec_lo, exec_lo, s2                              // 000000001E94: 8C7E027E
	v_dual_mov_b32 v26, s19 :: v_dual_mov_b32 v19, 0           // 000000001E98: CA100013 1A120080
	v_or_b32_e32 v25, s18, v51                                 // 000000001EA0: 38326612
	v_mov_b32_e32 v18, 0                                       // 000000001EA4: 7E240280
	v_mov_b32_e32 v20, 0                                       // 000000001EA8: 7E280280
	s_delay_alu instid0(VALU_DEP_3) | instskip(SKIP_1) | instid1(SALU_CYCLE_1)// 000000001EAC: BF8704A3
	v_cmp_gt_i64_e32 vcc_lo, 0x80, v[25:26]                    // 000000001EB0: 7CA832FF 00000080
	s_and_b32 s4, s20, vcc_lo                                  // 000000001EB8: 8B046A14
	s_and_saveexec_b32 s2, s4                                  // 000000001EBC: BE822004
	s_cbranch_execz 14                                         // 000000001EC0: BFA5000E <chunk_fwd_kernel_o+0x6fc>
	v_lshlrev_b64 v[17:18], 8, v[25:26]                        // 000000001EC4: D73C0011 00023288
	s_delay_alu instid0(VALU_DEP_1) | instskip(NEXT) | instid1(VALU_DEP_1)// 000000001ECC: BF870091
	v_add_co_u32 v17, vcc_lo, s3, v17                          // 000000001ED0: D7006A11 00022203
	v_add_co_ci_u32_e64 v18, null, s5, v18, vcc_lo             // 000000001ED8: D5207C12 01AA2405
	s_delay_alu instid0(VALU_DEP_2) | instskip(NEXT) | instid1(VALU_DEP_1)// 000000001EE0: BF870092
	v_add_co_u32 v17, vcc_lo, v17, v61                         // 000000001EE4: D7006A11 00027B11
	v_add_co_ci_u32_e64 v18, null, 0, v18, vcc_lo              // 000000001EEC: D5207C12 01AA2480
	global_load_b128 v[17:20], v[17:18], off                   // 000000001EF4: DC5E0000 117C0011
	s_or_b32 exec_lo, exec_lo, s2                              // 000000001EFC: 8C7E027E
	v_dual_mov_b32 v27, s19 :: v_dual_mov_b32 v30, 0           // 000000001F00: CA100013 1B1E0080
	v_or_b32_e32 v26, s18, v52                                 // 000000001F08: 38346812
	v_dual_mov_b32 v25, 0 :: v_dual_mov_b32 v32, 0             // 000000001F0C: CA100080 19200080
	v_mov_b32_e32 v29, 0                                       // 000000001F14: 7E3A0280
	v_mov_b32_e32 v31, 0                                       // 000000001F18: 7E3E0280
	s_delay_alu instid0(VALU_DEP_4) | instskip(SKIP_1) | instid1(SALU_CYCLE_1)// 000000001F1C: BF8704A4
	v_cmp_gt_i64_e32 vcc_lo, 0x80, v[26:27]                    // 000000001F20: 7CA834FF 00000080
	s_and_b32 s4, s20, vcc_lo                                  // 000000001F28: 8B046A14
	s_and_saveexec_b32 s2, s4                                  // 000000001F2C: BE822004
	s_cbranch_execz 14                                         // 000000001F30: BFA5000E <chunk_fwd_kernel_o+0x76c>
	v_lshlrev_b64 v[26:27], 8, v[26:27]                        // 000000001F34: D73C001A 00023488
	s_delay_alu instid0(VALU_DEP_1) | instskip(NEXT) | instid1(VALU_DEP_1)// 000000001F3C: BF870091
	v_add_co_u32 v26, vcc_lo, s3, v26                          // 000000001F40: D7006A1A 00023403
	v_add_co_ci_u32_e64 v27, null, s5, v27, vcc_lo             // 000000001F48: D5207C1B 01AA3605
	s_delay_alu instid0(VALU_DEP_2) | instskip(NEXT) | instid1(VALU_DEP_1)// 000000001F50: BF870092
	v_add_co_u32 v26, vcc_lo, v26, v61                         // 000000001F54: D7006A1A 00027B1A
	v_add_co_ci_u32_e64 v27, null, 0, v27, vcc_lo              // 000000001F5C: D5207C1B 01AA3680
	global_load_b128 v[29:32], v[26:27], off                   // 000000001F64: DC5E0000 1D7C001A
	s_or_b32 exec_lo, exec_lo, s2                              // 000000001F6C: 8C7E027E
	v_dual_mov_b32 v50, s19 :: v_dual_mov_b32 v27, 0           // 000000001F70: CA100013 321A0080
	v_or_b32_e32 v49, s18, v53                                 // 000000001F78: 38626A12
	v_mov_b32_e32 v26, 0                                       // 000000001F7C: 7E340280
	v_mov_b32_e32 v28, 0                                       // 000000001F80: 7E380280
	s_delay_alu instid0(VALU_DEP_3) | instskip(SKIP_1) | instid1(SALU_CYCLE_1)// 000000001F84: BF8704A3
	v_cmp_gt_i64_e32 vcc_lo, 0x80, v[49:50]                    // 000000001F88: 7CA862FF 00000080
	s_and_b32 s4, s20, vcc_lo                                  // 000000001F90: 8B046A14
	s_and_saveexec_b32 s2, s4                                  // 000000001F94: BE822004
	s_cbranch_execz 14                                         // 000000001F98: BFA5000E <chunk_fwd_kernel_o+0x7d4>
	v_lshlrev_b64 v[25:26], 8, v[49:50]                        // 000000001F9C: D73C0019 00026288
	s_delay_alu instid0(VALU_DEP_1) | instskip(NEXT) | instid1(VALU_DEP_1)// 000000001FA4: BF870091
	v_add_co_u32 v25, vcc_lo, s3, v25                          // 000000001FA8: D7006A19 00023203
	v_add_co_ci_u32_e64 v26, null, s5, v26, vcc_lo             // 000000001FB0: D5207C1A 01AA3405
	s_delay_alu instid0(VALU_DEP_2) | instskip(NEXT) | instid1(VALU_DEP_1)// 000000001FB8: BF870092
	v_add_co_u32 v25, vcc_lo, v25, v61                         // 000000001FBC: D7006A19 00027B19
	v_add_co_ci_u32_e64 v26, null, 0, v26, vcc_lo              // 000000001FC4: D5207C1A 01AA3480
	global_load_b128 v[25:28], v[25:26], off                   // 000000001FCC: DC5E0000 197C0019
	s_or_b32 exec_lo, exec_lo, s2                              // 000000001FD4: 8C7E027E
	v_mov_b32_e32 v51, s19                                     // 000000001FD8: 7E660213
	v_or_b32_e32 v50, s18, v54                                 // 000000001FDC: 38646C12
	v_dual_mov_b32 v54, 0 :: v_dual_mov_b32 v49, 0             // 000000001FE0: CA100080 36300080
	v_dual_mov_b32 v56, 0 :: v_dual_mov_b32 v53, 0             // 000000001FE8: CA100080 38340080
	s_delay_alu instid0(VALU_DEP_3) | instskip(SKIP_2) | instid1(SALU_CYCLE_1)// 000000001FF0: BF8704B3
	v_cmp_gt_i64_e32 vcc_lo, 0x80, v[50:51]                    // 000000001FF4: 7CA864FF 00000080
	v_mov_b32_e32 v55, 0                                       // 000000001FFC: 7E6E0280
	s_and_b32 s4, s20, vcc_lo                                  // 000000002000: 8B046A14
	s_and_saveexec_b32 s2, s4                                  // 000000002004: BE822004
	s_cbranch_execz 14                                         // 000000002008: BFA5000E <chunk_fwd_kernel_o+0x844>
	v_lshlrev_b64 v[50:51], 8, v[50:51]                        // 00000000200C: D73C0032 00026488
	s_delay_alu instid0(VALU_DEP_1) | instskip(NEXT) | instid1(VALU_DEP_1)// 000000002014: BF870091
	v_add_co_u32 v50, vcc_lo, s3, v50                          // 000000002018: D7006A32 00026403
	v_add_co_ci_u32_e64 v51, null, s5, v51, vcc_lo             // 000000002020: D5207C33 01AA6605
	s_delay_alu instid0(VALU_DEP_2) | instskip(NEXT) | instid1(VALU_DEP_1)// 000000002028: BF870092
	v_add_co_u32 v50, vcc_lo, v50, v61                         // 00000000202C: D7006A32 00027B32
	v_add_co_ci_u32_e64 v51, null, 0, v51, vcc_lo              // 000000002034: D5207C33 01AA6680
	global_load_b128 v[53:56], v[50:51], off                   // 00000000203C: DC5E0000 357C0032
	s_or_b32 exec_lo, exec_lo, s2                              // 000000002044: 8C7E027E
	v_dual_mov_b32 v58, s19 :: v_dual_mov_b32 v51, 0           // 000000002048: CA100013 3A320080
	v_or_b32_e32 v57, s18, v57                                 // 000000002050: 38727212
	v_mov_b32_e32 v50, 0                                       // 000000002054: 7E640280
	v_mov_b32_e32 v52, 0                                       // 000000002058: 7E680280
	s_delay_alu instid0(VALU_DEP_3) | instskip(SKIP_1) | instid1(SALU_CYCLE_1)// 00000000205C: BF8704A3
	v_cmp_gt_i64_e32 vcc_lo, 0x80, v[57:58]                    // 000000002060: 7CA872FF 00000080
	s_and_b32 s4, s20, vcc_lo                                  // 000000002068: 8B046A14
	s_and_saveexec_b32 s2, s4                                  // 00000000206C: BE822004
	s_cbranch_execz 14                                         // 000000002070: BFA5000E <chunk_fwd_kernel_o+0x8ac>
	v_lshlrev_b64 v[49:50], 8, v[57:58]                        // 000000002074: D73C0031 00027288
	s_delay_alu instid0(VALU_DEP_1) | instskip(NEXT) | instid1(VALU_DEP_1)// 00000000207C: BF870091
	v_add_co_u32 v49, vcc_lo, s3, v49                          // 000000002080: D7006A31 00026203
	v_add_co_ci_u32_e64 v50, null, s5, v50, vcc_lo             // 000000002088: D5207C32 01AA6405
	s_delay_alu instid0(VALU_DEP_2) | instskip(NEXT) | instid1(VALU_DEP_1)// 000000002090: BF870092
	v_add_co_u32 v49, vcc_lo, v49, v61                         // 000000002094: D7006A31 00027B31
	v_add_co_ci_u32_e64 v50, null, 0, v50, vcc_lo              // 00000000209C: D5207C32 01AA6480
	global_load_b128 v[49:52], v[49:50], off                   // 0000000020A4: DC5E0000 317C0031
	s_or_b32 exec_lo, exec_lo, s2                              // 0000000020AC: 8C7E027E
	s_load_b64 s[8:9], s[0:1], 0x20                            // 0000000020B0: F4040200 F8000020
	v_dual_mov_b32 v58, s19 :: v_dual_mov_b32 v65, 0           // 0000000020B8: CA100013 3A400080
	v_or_b32_e32 v57, s18, v59                                 // 0000000020C0: 38727612
	v_dual_mov_b32 v69, 0 :: v_dual_mov_b32 v70, 0             // 0000000020C4: CA100080 45460080
	v_dual_mov_b32 v71, 0 :: v_dual_mov_b32 v72, 0             // 0000000020CC: CA100080 47480080
	s_delay_alu instid0(VALU_DEP_3) | instskip(SKIP_1) | instid1(SALU_CYCLE_1)// 0000000020D4: BF8704A3
	v_cmp_gt_i64_e32 vcc_lo, 0x80, v[57:58]                    // 0000000020D8: 7CA872FF 00000080
	s_and_b32 s4, s20, vcc_lo                                  // 0000000020E0: 8B046A14
	s_and_saveexec_b32 s2, s4                                  // 0000000020E4: BE822004
	s_cbranch_execz 14                                         // 0000000020E8: BFA5000E <chunk_fwd_kernel_o+0x924>
	v_lshlrev_b64 v[57:58], 8, v[57:58]                        // 0000000020EC: D73C0039 00027288
	s_delay_alu instid0(VALU_DEP_1) | instskip(NEXT) | instid1(VALU_DEP_1)// 0000000020F4: BF870091
	v_add_co_u32 v57, vcc_lo, s3, v57                          // 0000000020F8: D7006A39 00027203
	v_add_co_ci_u32_e64 v58, null, s5, v58, vcc_lo             // 000000002100: D5207C3A 01AA7405
	s_delay_alu instid0(VALU_DEP_2) | instskip(NEXT) | instid1(VALU_DEP_1)// 000000002108: BF870092
	v_add_co_u32 v57, vcc_lo, v57, v61                         // 00000000210C: D7006A39 00027B39
	v_add_co_ci_u32_e64 v58, null, 0, v58, vcc_lo              // 000000002114: D5207C3A 01AA7480
	global_load_b128 v[69:72], v[57:58], off                   // 00000000211C: DC5E0000 457C0039
	s_or_b32 exec_lo, exec_lo, s2                              // 000000002124: 8C7E027E
	v_dual_mov_b32 v58, s19 :: v_dual_and_b32 v73, 0x70, v0    // 000000002128: CA240013 3A4800FF 00000070
	v_or_b32_e32 v57, s18, v60                                 // 000000002134: 38727812
	v_dual_mov_b32 v66, 0 :: v_dual_mov_b32 v67, 0             // 000000002138: CA100080 42420080
	v_mov_b32_e32 v68, 0                                       // 000000002140: 7E880280
	s_mov_b32 s4, 0                                            // 000000002144: BE840080
	s_delay_alu instid0(VALU_DEP_3) | instskip(SKIP_1) | instid1(SALU_CYCLE_1)// 000000002148: BF8704A3
	v_cmp_gt_i64_e32 vcc_lo, 0x80, v[57:58]                    // 00000000214C: 7CA872FF 00000080
	s_and_b32 s7, s20, vcc_lo                                  // 000000002154: 8B076A14
	s_and_saveexec_b32 s2, s7                                  // 000000002158: BE822007
	s_cbranch_execz 14                                         // 00000000215C: BFA5000E <chunk_fwd_kernel_o+0x998>
	v_lshlrev_b64 v[57:58], 8, v[57:58]                        // 000000002160: D73C0039 00027288
	s_delay_alu instid0(VALU_DEP_1) | instskip(NEXT) | instid1(VALU_DEP_1)// 000000002168: BF870091
	v_add_co_u32 v57, vcc_lo, s3, v57                          // 00000000216C: D7006A39 00027203
	v_add_co_ci_u32_e64 v58, null, s5, v58, vcc_lo             // 000000002174: D5207C3A 01AA7405
	s_delay_alu instid0(VALU_DEP_2) | instskip(NEXT) | instid1(VALU_DEP_1)// 00000000217C: BF870092
	v_add_co_u32 v57, vcc_lo, v57, v61                         // 000000002180: D7006A39 00027B39
	v_add_co_ci_u32_e64 v58, null, 0, v58, vcc_lo              // 000000002188: D5207C3A 01AA7480
	global_load_b128 v[65:68], v[57:58], off                   // 000000002190: DC5E0000 417C0039
	s_or_b32 exec_lo, exec_lo, s2                              // 000000002198: 8C7E027E
	v_and_b32_e32 v59, 7, v0                                   // 00000000219C: 36760087
	v_dual_mov_b32 v254, 0 :: v_dual_lshlrev_b32 v57, 3, v0    // 0000000021A0: CA220080 FE380083
	v_and_b32_e32 v60, 0x78, v0                                // 0000000021A8: 367800FF 00000078
	v_lshlrev_b32_e32 v83, 4, v155                             // 0000000021B0: 30A73684
	s_delay_alu instid0(VALU_DEP_4) | instskip(NEXT) | instid1(VALU_DEP_4)// 0000000021B4: BF870214
	v_lshlrev_b32_e32 v58, 4, v59                              // 0000000021B8: 30747684
	v_and_b32_e32 v57, 0x100, v57                              // 0000000021BC: 367272FF 00000100
	v_lshlrev_b32_e32 v59, 10, v59                             // 0000000021C4: 3076768A
	v_and_b32_e32 v156, 64, v0                                 // 0000000021C8: 373800C0
	v_and_b32_e32 v157, 0x60, v0                               // 0000000021CC: 373A00FF 00000060
	v_lshl_or_b32 v58, v60, 6, v58                             // 0000000021D4: D656003A 04E90D3C
	s_lshl_b32 s2, s6, 5                                       // 0000000021DC: 84028506
	v_or3_b32 v74, v59, v57, v83                               // 0000000021E0: D658004A 054E733B
	s_add_i32 s2, s2, s10                                      // 0000000021E8: 81020A02
	s_delay_alu instid0(SALU_CYCLE_1) | instskip(SKIP_1) | instid1(VALU_DEP_2)// 0000000021EC: BF870129
	s_ashr_i32 s3, s2, 31                                      // 0000000021F0: 86039F02
	v_xad_u32 v75, v58, v73, 0                                 // 0000000021F4: D645004B 0202933A
	v_add_nc_u32_e32 v76, 0, v74                               // 0000000021FC: 4A989480
	v_xad_u32 v77, v74, 16, 0                                  // 000000002200: D645004D 0201214A
	v_xad_u32 v78, v74, 48, 0                                  // 000000002208: D645004E 0201614A
	s_waitcnt vmcnt(0)                                         // 000000002210: BF8903F7
	ds_store_b128 v75, v[21:24]                                // 000000002214: DB7C0000 0000154B
	ds_store_b128 v75, v[17:20] offset:128                     // 00000000221C: DB7C0080 0000114B
	ds_store_b128 v75, v[29:32] offset:256                     // 000000002224: DB7C0100 00001D4B
	ds_store_b128 v75, v[25:28] offset:384                     // 00000000222C: DB7C0180 0000194B
	s_waitcnt lgkmcnt(0)                                       // 000000002234: BF89FC07
	s_barrier                                                  // 000000002238: BFBD0000
	buffer_gl0_inv                                             // 00000000223C: E0AC0000 00000000
	ds_load_b128 v[217:220], v76                               // 000000002244: DBFC0000 D900004C
	ds_load_b128 v[17:20], v76 offset:512                      // 00000000224C: DBFC0200 1100004C
	ds_load_b128 v[221:224], v77                               // 000000002254: DBFC0000 DD00004D
	ds_load_b128 v[21:24], v77 offset:512                      // 00000000225C: DBFC0200 1500004D
	v_xad_u32 v79, v74, 32, 0                                  // 000000002264: D645004F 0201414A
	v_xad_u32 v80, 0x50, v74, 0                                // 00000000226C: D6450050 020294FF 00000050
	v_xad_u32 v81, v74, 64, 0                                  // 000000002278: D6450051 0201814A
	v_xad_u32 v82, 0x60, v74, 0                                // 000000002280: D6450052 020294FF 00000060
	v_xad_u32 v74, 0x70, v74, 0                                // 00000000228C: D645004A 020294FF 00000070
	s_lshl_b64 s[6:7], s[2:3], 2                               // 000000002298: 84868202
	s_waitcnt lgkmcnt(2)                                       // 00000000229C: BF89FC27
	scratch_store_b128 off, v[17:20], off offset:668           // 0000000022A0: DC75029C 007C1100
	s_waitcnt lgkmcnt(0)                                       // 0000000022A8: BF89FC07
	scratch_store_b128 off, v[21:24], off offset:684           // 0000000022AC: DC7502AC 007C1500
	ds_load_b128 v[61:64], v78                                 // 0000000022B4: DBFC0000 3D00004E
	ds_load_b128 v[57:60], v79                                 // 0000000022BC: DBFC0000 3900004F
	ds_load_b128 v[17:20], v79 offset:512                      // 0000000022C4: DBFC0200 1100004F
	ds_load_b128 v[21:24], v78 offset:512                      // 0000000022CC: DBFC0200 1500004E
	s_add_u32 s3, s8, s6                                       // 0000000022D4: 80030608
	s_addc_u32 s14, s9, s7                                     // 0000000022D8: 820E0709
	s_waitcnt lgkmcnt(1)                                       // 0000000022DC: BF89FC17
	scratch_store_b128 off, v[17:20], off offset:380           // 0000000022E0: DC75017C 007C1100
	s_waitcnt lgkmcnt(0)                                       // 0000000022E8: BF89FC07
	scratch_store_b128 off, v[21:24], off offset:396           // 0000000022EC: DC75018C 007C1500
	ds_load_b128 v[21:24], v80                                 // 0000000022F4: DBFC0000 15000050
	ds_load_b128 v[17:20], v81                                 // 0000000022FC: DBFC0000 11000051
	s_waitcnt lgkmcnt(0)                                       // 000000002304: BF89FC07
	s_clause 0x1                                               // 000000002308: BF850001
	scratch_store_b128 off, v[17:20], off offset:1212          // 00000000230C: DC7504BC 007C1100
	scratch_store_b128 off, v[21:24], off offset:1228          // 000000002314: DC7504CC 007C1500
	ds_load_b128 v[17:20], v81 offset:512                      // 00000000231C: DBFC0200 11000051
	ds_load_b128 v[21:24], v80 offset:512                      // 000000002324: DBFC0200 15000050
	s_waitcnt lgkmcnt(1)                                       // 00000000232C: BF89FC17
	scratch_store_b128 off, v[17:20], off offset:252           // 000000002330: DC7500FC 007C1100
	s_waitcnt lgkmcnt(0)                                       // 000000002338: BF89FC07
	scratch_store_b128 off, v[21:24], off offset:268           // 00000000233C: DC75010C 007C1500
	ds_load_b128 v[21:24], v74                                 // 000000002344: DBFC0000 1500004A
	ds_load_b128 v[17:20], v82                                 // 00000000234C: DBFC0000 11000052
	s_waitcnt lgkmcnt(0)                                       // 000000002354: BF89FC07
	s_clause 0x1                                               // 000000002358: BF850001
	scratch_store_b128 off, v[17:20], off offset:1052          // 00000000235C: DC75041C 007C1100
	scratch_store_b128 off, v[21:24], off offset:1068          // 000000002364: DC75042C 007C1500
	ds_load_b128 v[17:20], v82 offset:512                      // 00000000236C: DBFC0200 11000052
	ds_load_b128 v[21:24], v74 offset:512                      // 000000002374: DBFC0200 1500004A
	s_waitcnt lgkmcnt(1)                                       // 00000000237C: BF89FC17
	scratch_store_b128 off, v[17:20], off offset:188           // 000000002380: DC7500BC 007C1100
	s_waitcnt lgkmcnt(0)                                       // 000000002388: BF89FC07
	scratch_store_b128 off, v[21:24], off offset:204           // 00000000238C: DC7500CC 007C1500
	s_waitcnt_vscnt null, 0x0                                  // 000000002394: BC7C0000
	s_barrier                                                  // 000000002398: BFBD0000
	buffer_gl0_inv                                             // 00000000239C: E0AC0000 00000000
	ds_store_b128 v75, v[53:56]                                // 0000000023A4: DB7C0000 0000354B
	ds_store_b128 v75, v[49:52] offset:128                     // 0000000023AC: DB7C0080 0000314B
	ds_store_b128 v75, v[69:72] offset:256                     // 0000000023B4: DB7C0100 0000454B
	ds_store_b128 v75, v[65:68] offset:384                     // 0000000023BC: DB7C0180 0000414B
	s_waitcnt lgkmcnt(0)                                       // 0000000023C4: BF89FC07
	s_barrier                                                  // 0000000023C8: BFBD0000
	buffer_gl0_inv                                             // 0000000023CC: E0AC0000 00000000
	ds_load_b128 v[21:24], v77                                 // 0000000023D4: DBFC0000 1500004D
	ds_load_b128 v[17:20], v76                                 // 0000000023DC: DBFC0000 1100004C
	ds_load_b128 v[25:28], v76 offset:512                      // 0000000023E4: DBFC0200 1900004C
	ds_load_b128 v[29:32], v77 offset:512                      // 0000000023EC: DBFC0200 1D00004D
	s_waitcnt lgkmcnt(1)                                       // 0000000023F4: BF89FC17
	scratch_store_b128 off, v[25:28], off offset:828           // 0000000023F8: DC75033C 007C1900
	s_waitcnt lgkmcnt(0)                                       // 000000002400: BF89FC07
	scratch_store_b128 off, v[29:32], off offset:844           // 000000002404: DC75034C 007C1D00
	ds_load_b128 v[69:72], v78                                 // 00000000240C: DBFC0000 4500004E
	ds_load_b128 v[65:68], v79                                 // 000000002414: DBFC0000 4100004F
	ds_load_b128 v[25:28], v79 offset:512                      // 00000000241C: DBFC0200 1900004F
	ds_load_b128 v[29:32], v78 offset:512                      // 000000002424: DBFC0200 1D00004E
	s_waitcnt lgkmcnt(1)                                       // 00000000242C: BF89FC17
	scratch_store_b128 off, v[25:28], off offset:412           // 000000002430: DC75019C 007C1900
	s_waitcnt lgkmcnt(0)                                       // 000000002438: BF89FC07
	scratch_store_b128 off, v[29:32], off offset:428           // 00000000243C: DC7501AC 007C1D00
	ds_load_b128 v[29:32], v80                                 // 000000002444: DBFC0000 1D000050
	ds_load_b128 v[25:28], v81                                 // 00000000244C: DBFC0000 19000051
	ds_load_b128 v[49:52], v81 offset:512                      // 000000002454: DBFC0200 31000051
	ds_load_b128 v[53:56], v80 offset:512                      // 00000000245C: DBFC0200 35000050
	s_waitcnt lgkmcnt(1)                                       // 000000002464: BF89FC17
	scratch_store_b128 off, v[49:52], off offset:348           // 000000002468: DC75015C 007C3100
	s_waitcnt lgkmcnt(0)                                       // 000000002470: BF89FC07
	scratch_store_b128 off, v[53:56], off offset:364           // 000000002474: DC75016C 007C3500
	ds_load_b128 v[53:56], v74                                 // 00000000247C: DBFC0000 3500004A
	ds_load_b128 v[49:52], v82                                 // 000000002484: DBFC0000 31000052
	s_waitcnt lgkmcnt(0)                                       // 00000000248C: BF89FC07
	s_clause 0x1                                               // 000000002490: BF850001
	scratch_store_b128 off, v[49:52], off offset:1084          // 000000002494: DC75043C 007C3100
	scratch_store_b128 off, v[53:56], off offset:1100          // 00000000249C: DC75044C 007C3500
	ds_load_b128 v[49:52], v82 offset:512                      // 0000000024A4: DBFC0200 31000052
	ds_load_b128 v[53:56], v74 offset:512                      // 0000000024AC: DBFC0200 3500004A
	s_waitcnt lgkmcnt(1)                                       // 0000000024B4: BF89FC17
	scratch_store_b128 off, v[49:52], off offset:220           // 0000000024B8: DC7500DC 007C3100
	s_waitcnt lgkmcnt(0)                                       // 0000000024C0: BF89FC07
	scratch_store_b128 off, v[53:56], off offset:236           // 0000000024C4: DC7500EC 007C3500
	v_lshlrev_b32_e32 v49, 4, v0                               // 0000000024CC: 30620084
	scratch_store_b32 off, v49, off offset:172                 // 0000000024D0: DC6900AC 007C3100
	v_xor_b32_e32 v49, v49, v73                                // 0000000024D8: 3A629331
	s_waitcnt_vscnt null, 0x0                                  // 0000000024DC: BC7C0000
	s_barrier                                                  // 0000000024E0: BFBD0000
	buffer_gl0_inv                                             // 0000000024E4: E0AC0000 00000000
	v_add_nc_u32_e32 v153, 0, v49                              // 0000000024EC: 4B326280
	ds_store_b128 v153, v[5:8]                                 // 0000000024F0: DB7C0000 00000599
	ds_store_b128 v153, v[13:16] offset:4096                   // 0000000024F8: DB7C1000 00000D99
	ds_store_b128 v153, v[37:40] offset:8192                   // 000000002500: DB7C2000 00002599
	ds_store_b128 v153, v[45:48] offset:12288                  // 000000002508: DB7C3000 00002D99
	v_xad_u32 v5, 0x80, v49, 0                                 // 000000002510: D6450005 020262FF 00000080
	ds_store_b128 v5, v[1:4] offset:2048                       // 00000000251C: DB7C0800 00000105
	ds_store_b128 v5, v[9:12] offset:6144                      // 000000002524: DB7C1800 00000905
	ds_store_b128 v5, v[33:36] offset:10240                    // 00000000252C: DB7C2800 00002105
	ds_store_b128 v5, v[41:44] offset:14336                    // 000000002534: DB7C3800 00002905
	v_lshlrev_b32_e32 v1, 8, v155                              // 00000000253C: 30033688
	s_waitcnt lgkmcnt(0)                                       // 000000002540: BF89FC07
	s_barrier                                                  // 000000002544: BFBD0000
	buffer_gl0_inv                                             // 000000002548: E0AC0000 00000000
	v_or_b32_e32 v154, v83, v1                                 // 000000002550: 39340353
	s_delay_alu instid0(VALU_DEP_1) | instskip(NEXT) | instid1(VALU_DEP_1)// 000000002554: BF870091
	v_lshl_or_b32 v2, v156, 6, v154                            // 000000002558: D6560002 06690D9C
	v_xad_u32 v3, v2, 16, 0                                    // 000000002560: D6450003 02012102
	v_add_nc_u32_e32 v4, 0, v2                                 // 000000002568: 4A080480
	ds_load_b128 v[141:144], v3                                // 00000000256C: DBFC0000 8D000003
	ds_load_b128 v[137:140], v4                                // 000000002574: DBFC0000 89000004
	ds_load_b128 v[225:228], v4 offset:8192                    // 00000000257C: DBFC2000 E1000004
	ds_load_b128 v[229:232], v3 offset:8192                    // 000000002584: DBFC2000 E5000003
	v_xad_u32 v3, v2, 48, 0                                    // 00000000258C: D6450003 02016102
	v_xad_u32 v4, v2, 32, 0                                    // 000000002594: D6450004 02014102
	ds_load_b128 v[133:136], v3                                // 00000000259C: DBFC0000 85000003
	ds_load_b128 v[129:132], v4                                // 0000000025A4: DBFC0000 81000004
	ds_load_b128 v[89:92], v4 offset:8192                      // 0000000025AC: DBFC2000 59000004
	ds_load_b128 v[93:96], v3 offset:8192                      // 0000000025B4: DBFC2000 5D000003
	v_xad_u32 v3, 0x50, v2, 0                                  // 0000000025BC: D6450003 020204FF 00000050
	v_xad_u32 v4, v2, 64, 0                                    // 0000000025C8: D6450004 02018102
	ds_load_b128 v[45:48], v3                                  // 0000000025D0: DBFC0000 2D000003
	ds_load_b128 v[41:44], v4                                  // 0000000025D8: DBFC0000 29000004
	ds_load_b128 v[33:36], v4 offset:8192                      // 0000000025E0: DBFC2000 21000004
	ds_load_b128 v[37:40], v3 offset:8192                      // 0000000025E8: DBFC2000 25000003
	v_xad_u32 v3, 0x70, v2, 0                                  // 0000000025F0: D6450003 020204FF 00000070
	v_xad_u32 v4, 0x60, v2, 0                                  // 0000000025FC: D6450004 020204FF 00000060
	ds_load_b128 v[10:13], v3                                  // 000000002608: DBFC0000 0A000003
	ds_load_b128 v[6:9], v4                                    // 000000002610: DBFC0000 06000004
	s_waitcnt lgkmcnt(0)                                       // 000000002618: BF89FC07
	s_clause 0x1                                               // 00000000261C: BF850001
	scratch_store_b128 off, v[6:9], off offset:1180            // 000000002620: DC75049C 007C0600
	scratch_store_b128 off, v[10:13], off offset:1196          // 000000002628: DC7504AC 007C0A00
	ds_load_b128 v[6:9], v4 offset:8192                        // 000000002630: DBFC2000 06000004
	ds_load_b128 v[10:13], v3 offset:8192                      // 000000002638: DBFC2000 0A000003
	v_xad_u32 v3, 0x90, v2, 0                                  // 000000002640: D6450003 020204FF 00000090
	v_xad_u32 v4, 0x80, v2, 0                                  // 00000000264C: D6450004 020204FF 00000080
	s_waitcnt lgkmcnt(1)                                       // 000000002658: BF89FC17
	scratch_store_b128 off, v[6:9], off offset:1148            // 00000000265C: DC75047C 007C0600
	s_waitcnt lgkmcnt(0)                                       // 000000002664: BF89FC07
	scratch_store_b128 off, v[10:13], off offset:1164          // 000000002668: DC75048C 007C0A00
	ds_load_b128 v[10:13], v3                                  // 000000002670: DBFC0000 0A000003
	ds_load_b128 v[6:9], v4                                    // 000000002678: DBFC0000 06000004
	s_waitcnt lgkmcnt(0)                                       // 000000002680: BF89FC07
	s_clause 0x1                                               // 000000002684: BF850001
	scratch_store_b128 off, v[6:9], off offset:1116            // 000000002688: DC75045C 007C0600
	scratch_store_b128 off, v[10:13], off offset:1132          // 000000002690: DC75046C 007C0A00
	ds_load_b128 v[6:9], v4 offset:8192                        // 000000002698: DBFC2000 06000004
	ds_load_b128 v[10:13], v3 offset:8192                      // 0000000026A0: DBFC2000 0A000003
	v_xad_u32 v3, 0xb0, v2, 0                                  // 0000000026A8: D6450003 020204FF 000000B0
	v_xad_u32 v4, 0xa0, v2, 0                                  // 0000000026B4: D6450004 020204FF 000000A0
	s_waitcnt lgkmcnt(1)                                       // 0000000026C0: BF89FC17
	scratch_store_b128 off, v[6:9], off offset:892             // 0000000026C4: DC75037C 007C0600
	s_waitcnt lgkmcnt(0)                                       // 0000000026CC: BF89FC07
	scratch_store_b128 off, v[10:13], off offset:908           // 0000000026D0: DC75038C 007C0A00
	ds_load_b128 v[10:13], v3                                  // 0000000026D8: DBFC0000 0A000003
	ds_load_b128 v[6:9], v4                                    // 0000000026E0: DBFC0000 06000004
	s_waitcnt lgkmcnt(0)                                       // 0000000026E8: BF89FC07
	s_clause 0x1                                               // 0000000026EC: BF850001
	scratch_store_b128 off, v[6:9], off offset:860             // 0000000026F0: DC75035C 007C0600
	scratch_store_b128 off, v[10:13], off offset:876           // 0000000026F8: DC75036C 007C0A00
	ds_load_b128 v[6:9], v4 offset:8192                        // 000000002700: DBFC2000 06000004
	ds_load_b128 v[10:13], v3 offset:8192                      // 000000002708: DBFC2000 0A000003
	v_xad_u32 v3, 0xd0, v2, 0                                  // 000000002710: D6450003 020204FF 000000D0
	v_xad_u32 v4, 0xc0, v2, 0                                  // 00000000271C: D6450004 020204FF 000000C0
	s_waitcnt lgkmcnt(1)                                       // 000000002728: BF89FC17
	scratch_store_b128 off, v[6:9], off offset:636             // 00000000272C: DC75027C 007C0600
	s_waitcnt lgkmcnt(0)                                       // 000000002734: BF89FC07
	scratch_store_b128 off, v[10:13], off offset:652           // 000000002738: DC75028C 007C0A00
	ds_load_b128 v[10:13], v3                                  // 000000002740: DBFC0000 0A000003
	ds_load_b128 v[6:9], v4                                    // 000000002748: DBFC0000 06000004
	s_waitcnt lgkmcnt(0)                                       // 000000002750: BF89FC07
	s_clause 0x1                                               // 000000002754: BF850001
	scratch_store_b128 off, v[6:9], off offset:476             // 000000002758: DC7501DC 007C0600
	scratch_store_b128 off, v[10:13], off offset:492           // 000000002760: DC7501EC 007C0A00
	ds_load_b128 v[6:9], v4 offset:8192                        // 000000002768: DBFC2000 06000004
	ds_load_b128 v[10:13], v3 offset:8192                      // 000000002770: DBFC2000 0A000003
	v_lshlrev_b32_e32 v3, 7, v157                              // 000000002778: 30073A87
	s_waitcnt lgkmcnt(1)                                       // 00000000277C: BF89FC17
	scratch_store_b128 off, v[6:9], off offset:444             // 000000002780: DC7501BC 007C0600
	s_waitcnt lgkmcnt(0)                                       // 000000002788: BF89FC07
	scratch_store_b128 off, v[10:13], off offset:460           // 00000000278C: DC7501CC 007C0A00
	v_or3_b32 v1, v1, v3, v83                                  // 000000002794: D6580001 054E0701
	v_xad_u32 v3, 0xf0, v2, 0                                  // 00000000279C: D6450003 020204FF 000000F0
	v_xad_u32 v2, 0xe0, v2, 0                                  // 0000000027A8: D6450002 020204FF 000000E0
	scratch_store_b32 off, v83, off offset:176                 // 0000000027B4: DC6900B0 007C5300
	ds_load_b128 v[10:13], v3                                  // 0000000027BC: DBFC0000 0A000003
	ds_load_b128 v[6:9], v2                                    // 0000000027C4: DBFC0000 06000002
	s_waitcnt lgkmcnt(0)                                       // 0000000027CC: BF89FC07
	s_clause 0x1                                               // 0000000027D0: BF850001
	scratch_store_b128 off, v[6:9], off offset:316             // 0000000027D4: DC75013C 007C0600
	scratch_store_b128 off, v[10:13], off offset:332           // 0000000027DC: DC75014C 007C0A00
	ds_load_b128 v[6:9], v2 offset:8192                        // 0000000027E4: DBFC2000 06000002
	ds_load_b128 v[10:13], v3 offset:8192                      // 0000000027EC: DBFC2000 0A000003
	v_add_nc_u32_e32 v2, 0, v1                                 // 0000000027F4: 4A040280
	v_xad_u32 v3, v1, 16, 0                                    // 0000000027F8: D6450003 02012101
	s_waitcnt lgkmcnt(1)                                       // 000000002800: BF89FC17
	scratch_store_b128 off, v[6:9], off offset:284             // 000000002804: DC75011C 007C0600
	s_waitcnt lgkmcnt(0)                                       // 00000000280C: BF89FC07
	scratch_store_b128 off, v[10:13], off offset:300           // 000000002810: DC75012C 007C0A00
	ds_load_b128 v[169:172], v2                                // 000000002818: DBFC0000 A9000002
	ds_load_b128 v[173:176], v3                                // 000000002820: DBFC0000 AD000003
	v_xad_u32 v2, v1, 32, 0                                    // 000000002828: D6450002 02014101
	v_xad_u32 v3, v1, 48, 0                                    // 000000002830: D6450003 02016101
	ds_load_b128 v[209:212], v2                                // 000000002838: DBFC0000 D1000002
	ds_load_b128 v[213:216], v3                                // 000000002840: DBFC0000 D5000003
	v_xad_u32 v2, v1, 64, 0                                    // 000000002848: D6450002 02018101
	v_xad_u32 v3, 0x50, v1, 0                                  // 000000002850: D6450003 020202FF 00000050
	ds_load_b128 v[81:84], v2                                  // 00000000285C: DBFC0000 51000002
	ds_load_b128 v[85:88], v3                                  // 000000002864: DBFC0000 55000003
	v_xad_u32 v2, 0x60, v1, 0                                  // 00000000286C: D6450002 020202FF 00000060
	v_xad_u32 v3, 0x70, v1, 0                                  // 000000002878: D6450003 020202FF 00000070
	ds_load_b128 v[233:236], v2                                // 000000002884: DBFC0000 E9000002
	ds_load_b128 v[237:240], v3                                // 00000000288C: DBFC0000 ED000003
	v_xad_u32 v2, 0x80, v1, 0                                  // 000000002894: D6450002 020202FF 00000080
	v_xad_u32 v3, 0x90, v1, 0                                  // 0000000028A0: D6450003 020202FF 00000090
	ds_load_b128 v[97:100], v2                                 // 0000000028AC: DBFC0000 61000002
	ds_load_b128 v[101:104], v3                                // 0000000028B4: DBFC0000 65000003
	v_xad_u32 v2, 0xa0, v1, 0                                  // 0000000028BC: D6450002 020202FF 000000A0
	v_xad_u32 v3, 0xb0, v1, 0                                  // 0000000028C8: D6450003 020202FF 000000B0
	ds_load_b128 v[177:180], v2                                // 0000000028D4: DBFC0000 B1000002
	ds_load_b128 v[181:184], v3                                // 0000000028DC: DBFC0000 B5000003
	v_xad_u32 v2, 0xc0, v1, 0                                  // 0000000028E4: D6450002 020202FF 000000C0
	v_xad_u32 v3, 0xd0, v1, 0                                  // 0000000028F0: D6450003 020202FF 000000D0
	ds_load_b128 v[73:76], v2                                  // 0000000028FC: DBFC0000 49000002
	ds_load_b128 v[77:80], v3                                  // 000000002904: DBFC0000 4D000003
	v_xad_u32 v2, 0xe0, v1, 0                                  // 00000000290C: D6450002 020202FF 000000E0
	v_xad_u32 v1, 0xf0, v1, 0                                  // 000000002918: D6450001 020202FF 000000F0
	ds_load_b128 v[49:52], v2                                  // 000000002924: DBFC0000 31000002
	ds_load_b128 v[53:56], v1                                  // 00000000292C: DBFC0000 35000001
	s_waitcnt lgkmcnt(0)                                       // 000000002934: BF89FC07
	s_waitcnt_vscnt null, 0x0                                  // 000000002938: BC7C0000
	s_barrier                                                  // 00000000293C: BFBD0000
	buffer_gl0_inv                                             // 000000002940: E0AC0000 00000000
	ds_store_b128 v153, v[109:112]                             // 000000002948: DB7C0000 00006D99
	ds_store_b128 v153, v[117:120] offset:4096                 // 000000002950: DB7C1000 00007599
	ds_store_b128 v153, v[125:128] offset:8192                 // 000000002958: DB7C2000 00007D99
	ds_store_b128 v153, v[149:152] offset:12288                // 000000002960: DB7C3000 00009599
	ds_store_b128 v5, v[105:108] offset:2048                   // 000000002968: DB7C0800 00006905
	ds_store_b128 v5, v[113:116] offset:6144                   // 000000002970: DB7C1800 00007105
	ds_store_b128 v5, v[121:124] offset:10240                  // 000000002978: DB7C2800 00007905
	ds_store_b128 v5, v[145:148] offset:14336                  // 000000002980: DB7C3800 00009105
	v_xad_u32 v105, v154, 16, 0                                // 000000002988: D6450069 0201219A
	v_add_nc_u32_e32 v106, 0, v154                             // 000000002990: 4AD53480
	s_waitcnt lgkmcnt(0)                                       // 000000002994: BF89FC07
	s_barrier                                                  // 000000002998: BFBD0000
	buffer_gl0_inv                                             // 00000000299C: E0AC0000 00000000
	ds_load_b128 v[125:128], v105                              // 0000000029A4: DBFC0000 7D000069
	ds_load_b128 v[121:124], v106                              // 0000000029AC: DBFC0000 7900006A
	ds_load_b128 v[1:4], v106 offset:4096                      // 0000000029B4: DBFC1000 0100006A
	ds_load_b128 v[5:8], v105 offset:4096                      // 0000000029BC: DBFC1000 05000069
	ds_load_b128 v[13:16], v105 offset:8192                    // 0000000029C4: DBFC2000 0D000069
	ds_load_b128 v[9:12], v106 offset:8192                     // 0000000029CC: DBFC2000 0900006A
	ds_load_b128 v[113:116], v106 offset:12288                 // 0000000029D4: DBFC3000 7100006A
	ds_load_b128 v[117:120], v105 offset:12288                 // 0000000029DC: DBFC3000 75000069
	v_xad_u32 v105, v154, 48, 0                                // 0000000029E4: D6450069 0201619A
	v_xad_u32 v106, v154, 32, 0                                // 0000000029EC: D645006A 0201419A
	ds_load_b128 v[245:248], v105                              // 0000000029F4: DBFC0000 F5000069
	ds_load_b128 v[241:244], v106                              // 0000000029FC: DBFC0000 F100006A
	ds_load_b128 v[185:188], v106 offset:4096                  // 000000002A04: DBFC1000 B900006A
	ds_load_b128 v[189:192], v105 offset:4096                  // 000000002A0C: DBFC1000 BD000069
	ds_load_b128 v[197:200], v105 offset:8192                  // 000000002A14: DBFC2000 C5000069
	ds_load_b128 v[193:196], v106 offset:8192                  // 000000002A1C: DBFC2000 C100006A
	ds_load_b128 v[201:204], v106 offset:12288                 // 000000002A24: DBFC3000 C900006A
	ds_load_b128 v[205:208], v105 offset:12288                 // 000000002A2C: DBFC3000 CD000069
	v_xad_u32 v105, 0x50, v154, 0                              // 000000002A34: D6450069 020334FF 00000050
	v_xad_u32 v106, v154, 64, 0                                // 000000002A40: D645006A 0201819A
	ds_load_b128 v[149:152], v105                              // 000000002A48: DBFC0000 95000069
	ds_load_b128 v[145:148], v106                              // 000000002A50: DBFC0000 9100006A
	s_waitcnt lgkmcnt(0)                                       // 000000002A58: BF89FC07
	s_clause 0x1                                               // 000000002A5C: BF850001
	scratch_store_b128 off, v[145:148], off offset:1500        // 000000002A60: DC7505DC 007C9100
	scratch_store_b128 off, v[149:152], off offset:1516        // 000000002A68: DC7505EC 007C9500
	ds_load_b128 v[145:148], v106 offset:4096                  // 000000002A70: DBFC1000 9100006A
	ds_load_b128 v[149:152], v105 offset:4096                  // 000000002A78: DBFC1000 95000069
	s_waitcnt lgkmcnt(1)                                       // 000000002A80: BF89FC17
	scratch_store_b128 off, v[145:148], off offset:1532        // 000000002A84: DC7505FC 007C9100
	s_waitcnt lgkmcnt(0)                                       // 000000002A8C: BF89FC07
	scratch_store_b128 off, v[149:152], off offset:1548        // 000000002A90: DC75060C 007C9500
	ds_load_b128 v[149:152], v105 offset:8192                  // 000000002A98: DBFC2000 95000069
	ds_load_b128 v[145:148], v106 offset:8192                  // 000000002AA0: DBFC2000 9100006A
	s_waitcnt lgkmcnt(0)                                       // 000000002AA8: BF89FC07
	s_clause 0x1                                               // 000000002AAC: BF850001
	scratch_store_b128 off, v[145:148], off offset:1564        // 000000002AB0: DC75061C 007C9100
	scratch_store_b128 off, v[149:152], off offset:1580        // 000000002AB8: DC75062C 007C9500
	ds_load_b128 v[145:148], v106 offset:12288                 // 000000002AC0: DBFC3000 9100006A
	ds_load_b128 v[149:152], v105 offset:12288                 // 000000002AC8: DBFC3000 95000069
	v_xad_u32 v105, 0x70, v154, 0                              // 000000002AD0: D6450069 020334FF 00000070
	v_xad_u32 v106, 0x60, v154, 0                              // 000000002ADC: D645006A 020334FF 00000060
	s_waitcnt lgkmcnt(1)                                       // 000000002AE8: BF89FC17
	scratch_store_b128 off, v[145:148], off offset:1596        // 000000002AEC: DC75063C 007C9100
	s_waitcnt lgkmcnt(0)                                       // 000000002AF4: BF89FC07
	scratch_store_b128 off, v[149:152], off offset:1612        // 000000002AF8: DC75064C 007C9500
	ds_load_b128 v[149:152], v105                              // 000000002B00: DBFC0000 95000069
	ds_load_b128 v[145:148], v106                              // 000000002B08: DBFC0000 9100006A
	s_waitcnt lgkmcnt(0)                                       // 000000002B10: BF89FC07
	s_clause 0x1                                               // 000000002B14: BF850001
	scratch_store_b128 off, v[145:148], off offset:1468        // 000000002B18: DC7505BC 007C9100
	scratch_store_b128 off, v[149:152], off offset:1484        // 000000002B20: DC7505CC 007C9500
	ds_load_b128 v[145:148], v106 offset:4096                  // 000000002B28: DBFC1000 9100006A
	ds_load_b128 v[149:152], v105 offset:4096                  // 000000002B30: DBFC1000 95000069
	s_waitcnt lgkmcnt(1)                                       // 000000002B38: BF89FC17
	scratch_store_b128 off, v[145:148], off offset:1372        // 000000002B3C: DC75055C 007C9100
	s_waitcnt lgkmcnt(0)                                       // 000000002B44: BF89FC07
	scratch_store_b128 off, v[149:152], off offset:1388        // 000000002B48: DC75056C 007C9500
	ds_load_b128 v[149:152], v105 offset:8192                  // 000000002B50: DBFC2000 95000069
	ds_load_b128 v[145:148], v106 offset:8192                  // 000000002B58: DBFC2000 9100006A
	s_waitcnt lgkmcnt(0)                                       // 000000002B60: BF89FC07
	s_clause 0x1                                               // 000000002B64: BF850001
	scratch_store_b128 off, v[145:148], off offset:1404        // 000000002B68: DC75057C 007C9100
	scratch_store_b128 off, v[149:152], off offset:1420        // 000000002B70: DC75058C 007C9500
	ds_load_b128 v[145:148], v106 offset:12288                 // 000000002B78: DBFC3000 9100006A
	ds_load_b128 v[149:152], v105 offset:12288                 // 000000002B80: DBFC3000 95000069
	v_xad_u32 v105, 0x90, v154, 0                              // 000000002B88: D6450069 020334FF 00000090
	v_xad_u32 v106, 0x80, v154, 0                              // 000000002B94: D645006A 020334FF 00000080
	s_waitcnt lgkmcnt(1)                                       // 000000002BA0: BF89FC17
	scratch_store_b128 off, v[145:148], off offset:1436        // 000000002BA4: DC75059C 007C9100
	s_waitcnt lgkmcnt(0)                                       // 000000002BAC: BF89FC07
	scratch_store_b128 off, v[149:152], off offset:1452        // 000000002BB0: DC7505AC 007C9500
	ds_load_b128 v[149:152], v105                              // 000000002BB8: DBFC0000 95000069
	ds_load_b128 v[145:148], v106                              // 000000002BC0: DBFC0000 9100006A
	s_waitcnt lgkmcnt(0)                                       // 000000002BC8: BF89FC07
	s_clause 0x1                                               // 000000002BCC: BF850001
	scratch_store_b128 off, v[145:148], off offset:1308        // 000000002BD0: DC75051C 007C9100
	scratch_store_b128 off, v[149:152], off offset:1324        // 000000002BD8: DC75052C 007C9500
	ds_load_b128 v[145:148], v106 offset:4096                  // 000000002BE0: DBFC1000 9100006A
	ds_load_b128 v[149:152], v105 offset:4096                  // 000000002BE8: DBFC1000 95000069
	s_waitcnt lgkmcnt(1)                                       // 000000002BF0: BF89FC17
	scratch_store_b128 off, v[145:148], off offset:1340        // 000000002BF4: DC75053C 007C9100
	s_waitcnt lgkmcnt(0)                                       // 000000002BFC: BF89FC07
	scratch_store_b128 off, v[149:152], off offset:1356        // 000000002C00: DC75054C 007C9500
	ds_load_b128 v[149:152], v105 offset:8192                  // 000000002C08: DBFC2000 95000069
	ds_load_b128 v[145:148], v106 offset:8192                  // 000000002C10: DBFC2000 9100006A
	s_waitcnt lgkmcnt(0)                                       // 000000002C18: BF89FC07
	s_clause 0x1                                               // 000000002C1C: BF850001
	scratch_store_b128 off, v[145:148], off offset:1276        // 000000002C20: DC7504FC 007C9100
	scratch_store_b128 off, v[149:152], off offset:1292        // 000000002C28: DC75050C 007C9500
	ds_load_b128 v[145:148], v106 offset:12288                 // 000000002C30: DBFC3000 9100006A
	ds_load_b128 v[149:152], v105 offset:12288                 // 000000002C38: DBFC3000 95000069
	v_xad_u32 v105, 0xb0, v154, 0                              // 000000002C40: D6450069 020334FF 000000B0
	v_xad_u32 v106, 0xa0, v154, 0                              // 000000002C4C: D645006A 020334FF 000000A0
	s_waitcnt lgkmcnt(1)                                       // 000000002C58: BF89FC17
	scratch_store_b128 off, v[145:148], off offset:1244        // 000000002C5C: DC7504DC 007C9100
	s_waitcnt lgkmcnt(0)                                       // 000000002C64: BF89FC07
	scratch_store_b128 off, v[149:152], off offset:1260        // 000000002C68: DC7504EC 007C9500
	ds_load_b128 v[149:152], v105                              // 000000002C70: DBFC0000 95000069
	ds_load_b128 v[145:148], v106                              // 000000002C78: DBFC0000 9100006A
	s_waitcnt lgkmcnt(0)                                       // 000000002C80: BF89FC07
	s_clause 0x1                                               // 000000002C84: BF850001
	scratch_store_b128 off, v[145:148], off offset:988         // 000000002C88: DC7503DC 007C9100
	scratch_store_b128 off, v[149:152], off offset:1004        // 000000002C90: DC7503EC 007C9500
	ds_load_b128 v[145:148], v106 offset:4096                  // 000000002C98: DBFC1000 9100006A
	ds_load_b128 v[149:152], v105 offset:4096                  // 000000002CA0: DBFC1000 95000069
	s_waitcnt lgkmcnt(1)                                       // 000000002CA8: BF89FC17
	scratch_store_b128 off, v[145:148], off offset:1020        // 000000002CAC: DC7503FC 007C9100
	s_waitcnt lgkmcnt(0)                                       // 000000002CB4: BF89FC07
	scratch_store_b128 off, v[149:152], off offset:1036        // 000000002CB8: DC75040C 007C9500
	ds_load_b128 v[149:152], v105 offset:8192                  // 000000002CC0: DBFC2000 95000069
	ds_load_b128 v[145:148], v106 offset:8192                  // 000000002CC8: DBFC2000 9100006A
	s_waitcnt lgkmcnt(0)                                       // 000000002CD0: BF89FC07
	s_clause 0x1                                               // 000000002CD4: BF850001
	scratch_store_b128 off, v[145:148], off offset:924         // 000000002CD8: DC75039C 007C9100
	scratch_store_b128 off, v[149:152], off offset:940         // 000000002CE0: DC7503AC 007C9500
	ds_load_b128 v[145:148], v106 offset:12288                 // 000000002CE8: DBFC3000 9100006A
	ds_load_b128 v[149:152], v105 offset:12288                 // 000000002CF0: DBFC3000 95000069
	v_xad_u32 v105, 0xd0, v154, 0                              // 000000002CF8: D6450069 020334FF 000000D0
	v_xad_u32 v106, 0xc0, v154, 0                              // 000000002D04: D645006A 020334FF 000000C0
	s_waitcnt lgkmcnt(1)                                       // 000000002D10: BF89FC17
	scratch_store_b128 off, v[145:148], off offset:956         // 000000002D14: DC7503BC 007C9100
	s_waitcnt lgkmcnt(0)                                       // 000000002D1C: BF89FC07
	scratch_store_b128 off, v[149:152], off offset:972         // 000000002D20: DC7503CC 007C9500
	ds_load_b128 v[149:152], v105                              // 000000002D28: DBFC0000 95000069
	ds_load_b128 v[145:148], v106                              // 000000002D30: DBFC0000 9100006A
	s_waitcnt lgkmcnt(0)                                       // 000000002D38: BF89FC07
	s_clause 0x1                                               // 000000002D3C: BF850001
	scratch_store_b128 off, v[145:148], off offset:700         // 000000002D40: DC7502BC 007C9100
	scratch_store_b128 off, v[149:152], off offset:716         // 000000002D48: DC7502CC 007C9500
	ds_load_b128 v[145:148], v106 offset:4096                  // 000000002D50: DBFC1000 9100006A
	ds_load_b128 v[149:152], v105 offset:4096                  // 000000002D58: DBFC1000 95000069
	s_waitcnt lgkmcnt(1)                                       // 000000002D60: BF89FC17
	scratch_store_b128 off, v[145:148], off offset:732         // 000000002D64: DC7502DC 007C9100
	s_waitcnt lgkmcnt(0)                                       // 000000002D6C: BF89FC07
	scratch_store_b128 off, v[149:152], off offset:748         // 000000002D70: DC7502EC 007C9500
	ds_load_b128 v[149:152], v105 offset:8192                  // 000000002D78: DBFC2000 95000069
	ds_load_b128 v[145:148], v106 offset:8192                  // 000000002D80: DBFC2000 9100006A
	s_waitcnt lgkmcnt(0)                                       // 000000002D88: BF89FC07
	s_clause 0x1                                               // 000000002D8C: BF850001
	scratch_store_b128 off, v[145:148], off offset:764         // 000000002D90: DC7502FC 007C9100
	scratch_store_b128 off, v[149:152], off offset:780         // 000000002D98: DC75030C 007C9500
	ds_load_b128 v[145:148], v106 offset:12288                 // 000000002DA0: DBFC3000 9100006A
	ds_load_b128 v[149:152], v105 offset:12288                 // 000000002DA8: DBFC3000 95000069
	v_xad_u32 v105, 0xf0, v154, 0                              // 000000002DB0: D6450069 020334FF 000000F0
	v_xad_u32 v106, 0xe0, v154, 0                              // 000000002DBC: D645006A 020334FF 000000E0
	s_waitcnt lgkmcnt(1)                                       // 000000002DC8: BF89FC17
	scratch_store_b128 off, v[145:148], off offset:796         // 000000002DCC: DC75031C 007C9100
	s_waitcnt lgkmcnt(0)                                       // 000000002DD4: BF89FC07
	scratch_store_b128 off, v[149:152], off offset:812         // 000000002DD8: DC75032C 007C9500
	ds_load_b128 v[149:152], v105                              // 000000002DE0: DBFC0000 95000069
	ds_load_b128 v[145:148], v106                              // 000000002DE8: DBFC0000 9100006A
	s_waitcnt lgkmcnt(0)                                       // 000000002DF0: BF89FC07
	s_clause 0x1                                               // 000000002DF4: BF850001
	scratch_store_b128 off, v[145:148], off offset:508         // 000000002DF8: DC7501FC 007C9100
	scratch_store_b128 off, v[149:152], off offset:524         // 000000002E00: DC75020C 007C9500
	ds_load_b128 v[145:148], v106 offset:4096                  // 000000002E08: DBFC1000 9100006A
	ds_load_b128 v[149:152], v105 offset:4096                  // 000000002E10: DBFC1000 95000069
	s_waitcnt lgkmcnt(1)                                       // 000000002E18: BF89FC17
	scratch_store_b128 off, v[145:148], off offset:540         // 000000002E1C: DC75021C 007C9100
	s_waitcnt lgkmcnt(0)                                       // 000000002E24: BF89FC07
	scratch_store_b128 off, v[149:152], off offset:556         // 000000002E28: DC75022C 007C9500
	ds_load_b128 v[149:152], v105 offset:8192                  // 000000002E30: DBFC2000 95000069
	ds_load_b128 v[145:148], v106 offset:8192                  // 000000002E38: DBFC2000 9100006A
	s_waitcnt lgkmcnt(0)                                       // 000000002E40: BF89FC07
	s_clause 0x1                                               // 000000002E44: BF850001
	scratch_store_b128 off, v[145:148], off offset:572         // 000000002E48: DC75023C 007C9100
	scratch_store_b128 off, v[149:152], off offset:588         // 000000002E50: DC75024C 007C9500
	ds_load_b128 v[145:148], v106 offset:12288                 // 000000002E58: DBFC3000 9100006A
	ds_load_b128 v[149:152], v105 offset:12288                 // 000000002E60: DBFC3000 95000069
	v_lshrrev_b32_e32 v105, 2, v156                            // 000000002E68: 32D33882
	v_mov_b32_e32 v106, s23                                    // 000000002E6C: 7ED40217
	v_mov_b32_e32 v108, 0                                      // 000000002E70: 7ED80280
	s_waitcnt lgkmcnt(1)                                       // 000000002E74: BF89FC17
	scratch_store_b128 off, v[145:148], off offset:604         // 000000002E78: DC75025C 007C9100
	s_waitcnt lgkmcnt(0)                                       // 000000002E80: BF89FC07
	s_clause 0x1                                               // 000000002E84: BF850001
	scratch_store_b128 off, v[149:152], off offset:620         // 000000002E88: DC75026C 007C9500
	scratch_store_b32 off, v156, off offset:180                // 000000002E90: DC6900B4 007C9C00
	v_or_b32_e32 v107, v105, v155                              // 000000002E98: 38D73769
	scratch_store_b32 off, v108, off offset:8                  // 000000002E9C: DC690008 007C6C00
	v_or_b32_e32 v105, s22, v107                               // 000000002EA4: 38D2D616
	s_delay_alu instid0(VALU_DEP_1) | instskip(SKIP_1) | instid1(SALU_CYCLE_1)// 000000002EA8: BF8704A1
	v_cmp_gt_i64_e32 vcc_lo, s[12:13], v[105:106]              // 000000002EAC: 7CA8D20C
	s_and_b32 s6, s24, vcc_lo                                  // 000000002EB0: 8B066A18
	s_and_saveexec_b32 s5, s6                                  // 000000002EB4: BE852006
	s_cbranch_execz 12                                         // 000000002EB8: BFA5000C <chunk_fwd_kernel_o+0x16ec>
	v_lshlrev_b64 v[105:106], 7, v[105:106]                    // 000000002EBC: D73C0069 0002D287
	s_delay_alu instid0(VALU_DEP_1) | instskip(NEXT) | instid1(VALU_DEP_1)// 000000002EC4: BF870091
	v_add_co_u32 v105, vcc_lo, s3, v105                        // 000000002EC8: D7006A69 0002D203
	v_add_co_ci_u32_e64 v106, null, s14, v106, vcc_lo          // 000000002ED0: D5207C6A 01AAD40E
	global_load_b32 v105, v[105:106], off                      // 000000002ED8: DC520000 697C0069
	s_waitcnt vmcnt(0)                                         // 000000002EE0: BF8903F7
	scratch_store_b32 off, v105, off offset:8                  // 000000002EE4: DC690008 007C6900
	s_or_b32 exec_lo, exec_lo, s5                              // 000000002EEC: 8C7E057E
	v_or3_b32 v105, v107, s22, 32                              // 000000002EF0: D6580069 02802D6B
	v_dual_mov_b32 v106, s23 :: v_dual_mov_b32 v107, 0         // 000000002EF8: CA100017 6A6A0080
	s_delay_alu instid0(VALU_DEP_1) | instskip(SKIP_2) | instid1(SALU_CYCLE_1)// 000000002F00: BF8704B1
	v_cmp_gt_i64_e32 vcc_lo, s[12:13], v[105:106]              // 000000002F04: 7CA8D20C
	scratch_store_b32 off, v107, off offset:12                 // 000000002F08: DC69000C 007C6B00
	s_and_b32 s6, s24, vcc_lo                                  // 000000002F10: 8B066A18
	s_and_saveexec_b32 s5, s6                                  // 000000002F14: BE852006
	s_cbranch_execz 12                                         // 000000002F18: BFA5000C <chunk_fwd_kernel_o+0x174c>
	v_lshlrev_b64 v[105:106], 7, v[105:106]                    // 000000002F1C: D73C0069 0002D287
	s_delay_alu instid0(VALU_DEP_1) | instskip(NEXT) | instid1(VALU_DEP_1)// 000000002F24: BF870091
	v_add_co_u32 v105, vcc_lo, s3, v105                        // 000000002F28: D7006A69 0002D203
	v_add_co_ci_u32_e64 v106, null, s14, v106, vcc_lo          // 000000002F30: D5207C6A 01AAD40E
	global_load_b32 v105, v[105:106], off                      // 000000002F38: DC520000 697C0069
	s_waitcnt vmcnt(0)                                         // 000000002F40: BF8903F7
	scratch_store_b32 off, v105, off offset:12                 // 000000002F44: DC69000C 007C6900
	s_or_b32 exec_lo, exec_lo, s5                              // 000000002F4C: 8C7E057E
	v_lshrrev_b32_e32 v105, 1, v157                            // 000000002F50: 32D33A81
	v_mov_b32_e32 v106, s23                                    // 000000002F54: 7ED40217
	s_delay_alu instid0(VALU_DEP_2) | instskip(NEXT) | instid1(VALU_DEP_1)// 000000002F58: BF870092
	v_or_b32_e32 v252, v105, v155                              // 000000002F5C: 39F93769
	v_or_b32_e32 v105, s22, v252                               // 000000002F60: 38D3F816
	s_clause 0x2                                               // 000000002F64: BF850002
	scratch_store_b32 off, v157, off offset:184                // 000000002F68: DC6900B8 007C9D00
	scratch_store_b32 off, v155, off offset:112                // 000000002F70: DC690070 007C9B00
	scratch_store_b64 off, v[105:106], off                     // 000000002F78: DC6D0000 007C6900
	v_cmp_gt_i64_e32 vcc_lo, s[12:13], v[105:106]              // 000000002F80: 7CA8D20C
	s_and_b32 s21, s24, vcc_lo                                 // 000000002F84: 8B156A18
	s_delay_alu instid0(SALU_CYCLE_1)                          // 000000002F88: BF870009
	s_and_saveexec_b32 s5, s21                                 // 000000002F8C: BE852015
	s_cbranch_execz 12                                         // 000000002F90: BFA5000C <chunk_fwd_kernel_o+0x17c4>
	scratch_load_b64 v[105:106], off, off                      // 000000002F94: DC550000 697C0000
	s_waitcnt vmcnt(0)                                         // 000000002F9C: BF8903F7
	v_lshlrev_b64 v[105:106], 7, v[105:106]                    // 000000002FA0: D73C0069 0002D287
	s_delay_alu instid0(VALU_DEP_1) | instskip(NEXT) | instid1(VALU_DEP_1)// 000000002FA8: BF870091
	v_add_co_u32 v105, vcc_lo, s3, v105                        // 000000002FAC: D7006A69 0002D203
	v_add_co_ci_u32_e64 v106, null, s14, v106, vcc_lo          // 000000002FB4: D5207C6A 01AAD40E
	global_load_b32 v254, v[105:106], off                      // 000000002FBC: DC520000 FE7C0069
	s_or_b32 exec_lo, exec_lo, s5                              // 000000002FC4: 8C7E057E
	v_bfe_u32 v253, v0, 4, 1                                   // 000000002FC8: D61000FD 02050900
	v_dual_mov_b32 v106, s23 :: v_dual_mov_b32 v107, 0         // 000000002FD0: CA100017 6A6A0080
	s_delay_alu instid0(VALU_DEP_2)                            // 000000002FD8: BF870002
	v_or_b32_e32 v105, s22, v253                               // 000000002FDC: 38D3FA16
	scratch_store_b32 off, v107, off offset:16                 // 000000002FE0: DC690010 007C6B00
	v_mov_b32_e32 v107, 0                                      // 000000002FE8: 7ED60280
	v_cmp_gt_i64_e32 vcc_lo, s[12:13], v[105:106]              // 000000002FEC: 7CA8D20C
	scratch_store_b32 off, v107, off offset:20                 // 000000002FF0: DC690014 007C6B00
	s_and_b32 s6, s24, vcc_lo                                  // 000000002FF8: 8B066A18
	s_delay_alu instid0(SALU_CYCLE_1)                          // 000000002FFC: BF870009
	s_and_saveexec_b32 s5, s6                                  // 000000003000: BE852006
	s_cbranch_execz 12                                         // 000000003004: BFA5000C <chunk_fwd_kernel_o+0x1838>
	v_lshlrev_b64 v[105:106], 7, v[105:106]                    // 000000003008: D73C0069 0002D287
	s_delay_alu instid0(VALU_DEP_1) | instskip(NEXT) | instid1(VALU_DEP_1)// 000000003010: BF870091
	v_add_co_u32 v105, vcc_lo, s3, v105                        // 000000003014: D7006A69 0002D203
	v_add_co_ci_u32_e64 v106, null, s14, v106, vcc_lo          // 00000000301C: D5207C6A 01AAD40E
	global_load_b32 v105, v[105:106], off                      // 000000003024: DC520000 697C0069
	s_waitcnt vmcnt(0)                                         // 00000000302C: BF8903F7
	scratch_store_b32 off, v105, off offset:20                 // 000000003030: DC690014 007C6900
	s_or_b32 exec_lo, exec_lo, s5                              // 000000003038: 8C7E057E
	v_or_b32_e32 v105, 2, v253                                 // 00000000303C: 38D3FA82
	v_mov_b32_e32 v106, s23                                    // 000000003040: 7ED40217
	s_delay_alu instid0(VALU_DEP_2) | instskip(NEXT) | instid1(VALU_DEP_1)// 000000003044: BF870092
	v_or_b32_e32 v105, s22, v105                               // 000000003048: 38D2D216
	v_cmp_gt_i64_e32 vcc_lo, s[12:13], v[105:106]              // 00000000304C: 7CA8D20C
	s_and_b32 s6, s24, vcc_lo                                  // 000000003050: 8B066A18
	s_delay_alu instid0(SALU_CYCLE_1)                          // 000000003054: BF870009
	s_and_saveexec_b32 s5, s6                                  // 000000003058: BE852006
	s_cbranch_execz 12                                         // 00000000305C: BFA5000C <chunk_fwd_kernel_o+0x1890>
	v_lshlrev_b64 v[105:106], 7, v[105:106]                    // 000000003060: D73C0069 0002D287
	s_delay_alu instid0(VALU_DEP_1) | instskip(NEXT) | instid1(VALU_DEP_1)// 000000003068: BF870091
	v_add_co_u32 v105, vcc_lo, s3, v105                        // 00000000306C: D7006A69 0002D203
	v_add_co_ci_u32_e64 v106, null, s14, v106, vcc_lo          // 000000003074: D5207C6A 01AAD40E
	global_load_b32 v105, v[105:106], off                      // 00000000307C: DC520000 697C0069
	s_waitcnt vmcnt(0)                                         // 000000003084: BF8903F7
	scratch_store_b32 off, v105, off offset:16                 // 000000003088: DC690010 007C6900
	s_or_b32 exec_lo, exec_lo, s5                              // 000000003090: 8C7E057E
	v_or_b32_e32 v105, 4, v253                                 // 000000003094: 38D3FA84
	v_or_b32_e32 v107, 6, v253                                 // 000000003098: 38D7FA86
	v_mov_b32_e32 v106, s23                                    // 00000000309C: 7ED40217
	s_delay_alu instid0(VALU_DEP_3)                            // 0000000030A0: BF870003
	v_or_b32_e32 v105, s22, v105                               // 0000000030A4: 38D2D216
	scratch_store_b32 off, v107, off offset:168                // 0000000030A8: DC6900A8 007C6B00
	v_mov_b32_e32 v107, 0                                      // 0000000030B0: 7ED60280
	v_cmp_gt_i64_e32 vcc_lo, s[12:13], v[105:106]              // 0000000030B4: 7CA8D20C
	scratch_store_b32 off, v107, off offset:24                 // 0000000030B8: DC690018 007C6B00
	v_mov_b32_e32 v107, 0                                      // 0000000030C0: 7ED60280
	s_and_b32 s6, s24, vcc_lo                                  // 0000000030C4: 8B066A18
	scratch_store_b32 off, v107, off offset:28                 // 0000000030C8: DC69001C 007C6B00
	s_and_saveexec_b32 s5, s6                                  // 0000000030D0: BE852006
	s_cbranch_execz 12                                         // 0000000030D4: BFA5000C <chunk_fwd_kernel_o+0x1908>
	v_lshlrev_b64 v[105:106], 7, v[105:106]                    // 0000000030D8: D73C0069 0002D287
	s_delay_alu instid0(VALU_DEP_1) | instskip(NEXT) | instid1(VALU_DEP_1)// 0000000030E0: BF870091
	v_add_co_u32 v105, vcc_lo, s3, v105                        // 0000000030E4: D7006A69 0002D203
	v_add_co_ci_u32_e64 v106, null, s14, v106, vcc_lo          // 0000000030EC: D5207C6A 01AAD40E
	global_load_b32 v105, v[105:106], off                      // 0000000030F4: DC520000 697C0069
	s_waitcnt vmcnt(0)                                         // 0000000030FC: BF8903F7
	scratch_store_b32 off, v105, off offset:28                 // 000000003100: DC69001C 007C6900
	s_or_b32 exec_lo, exec_lo, s5                              // 000000003108: 8C7E057E
	v_or_b32_e32 v105, 6, v253                                 // 00000000310C: 38D3FA86
	v_mov_b32_e32 v106, s23                                    // 000000003110: 7ED40217
	s_delay_alu instid0(VALU_DEP_2) | instskip(NEXT) | instid1(VALU_DEP_1)// 000000003114: BF870092
	v_or_b32_e32 v105, s22, v105                               // 000000003118: 38D2D216
	v_cmp_gt_i64_e32 vcc_lo, s[12:13], v[105:106]              // 00000000311C: 7CA8D20C
	s_and_b32 s6, s24, vcc_lo                                  // 000000003120: 8B066A18
	s_delay_alu instid0(SALU_CYCLE_1)                          // 000000003124: BF870009
	s_and_saveexec_b32 s5, s6                                  // 000000003128: BE852006
	s_cbranch_execz 12                                         // 00000000312C: BFA5000C <chunk_fwd_kernel_o+0x1960>
	v_lshlrev_b64 v[105:106], 7, v[105:106]                    // 000000003130: D73C0069 0002D287
	s_delay_alu instid0(VALU_DEP_1) | instskip(NEXT) | instid1(VALU_DEP_1)// 000000003138: BF870091
	v_add_co_u32 v105, vcc_lo, s3, v105                        // 00000000313C: D7006A69 0002D203
	v_add_co_ci_u32_e64 v106, null, s14, v106, vcc_lo          // 000000003144: D5207C6A 01AAD40E
	global_load_b32 v105, v[105:106], off                      // 00000000314C: DC520000 697C0069
	s_waitcnt vmcnt(0)                                         // 000000003154: BF8903F7
	scratch_store_b32 off, v105, off offset:24                 // 000000003158: DC690018 007C6900
	s_or_b32 exec_lo, exec_lo, s5                              // 000000003160: 8C7E057E
	v_or_b32_e32 v105, 8, v253                                 // 000000003164: 38D3FA88
	v_or_b32_e32 v107, 10, v253                                // 000000003168: 38D7FA8A
	v_mov_b32_e32 v106, s23                                    // 00000000316C: 7ED40217
	s_delay_alu instid0(VALU_DEP_3)                            // 000000003170: BF870003
	v_or_b32_e32 v105, s22, v105                               // 000000003174: 38D2D216
	scratch_store_b32 off, v107, off offset:164                // 000000003178: DC6900A4 007C6B00
	v_mov_b32_e32 v107, 0                                      // 000000003180: 7ED60280
	v_cmp_gt_i64_e32 vcc_lo, s[12:13], v[105:106]              // 000000003184: 7CA8D20C
	scratch_store_b32 off, v107, off offset:32                 // 000000003188: DC690020 007C6B00
	v_mov_b32_e32 v107, 0                                      // 000000003190: 7ED60280
	s_and_b32 s6, s24, vcc_lo                                  // 000000003194: 8B066A18
	scratch_store_b32 off, v107, off offset:36                 // 000000003198: DC690024 007C6B00
	s_and_saveexec_b32 s5, s6                                  // 0000000031A0: BE852006
	s_cbranch_execz 12                                         // 0000000031A4: BFA5000C <chunk_fwd_kernel_o+0x19d8>
	v_lshlrev_b64 v[105:106], 7, v[105:106]                    // 0000000031A8: D73C0069 0002D287
	s_delay_alu instid0(VALU_DEP_1) | instskip(NEXT) | instid1(VALU_DEP_1)// 0000000031B0: BF870091
	v_add_co_u32 v105, vcc_lo, s3, v105                        // 0000000031B4: D7006A69 0002D203
	v_add_co_ci_u32_e64 v106, null, s14, v106, vcc_lo          // 0000000031BC: D5207C6A 01AAD40E
	global_load_b32 v105, v[105:106], off                      // 0000000031C4: DC520000 697C0069
	s_waitcnt vmcnt(0)                                         // 0000000031CC: BF8903F7
	scratch_store_b32 off, v105, off offset:36                 // 0000000031D0: DC690024 007C6900
	s_or_b32 exec_lo, exec_lo, s5                              // 0000000031D8: 8C7E057E
	v_or_b32_e32 v105, 10, v253                                // 0000000031DC: 38D3FA8A
	v_mov_b32_e32 v106, s23                                    // 0000000031E0: 7ED40217
	s_delay_alu instid0(VALU_DEP_2) | instskip(NEXT) | instid1(VALU_DEP_1)// 0000000031E4: BF870092
	v_or_b32_e32 v105, s22, v105                               // 0000000031E8: 38D2D216
	v_cmp_gt_i64_e32 vcc_lo, s[12:13], v[105:106]              // 0000000031EC: 7CA8D20C
	s_and_b32 s6, s24, vcc_lo                                  // 0000000031F0: 8B066A18
	s_delay_alu instid0(SALU_CYCLE_1)                          // 0000000031F4: BF870009
	s_and_saveexec_b32 s5, s6                                  // 0000000031F8: BE852006
	s_cbranch_execz 12                                         // 0000000031FC: BFA5000C <chunk_fwd_kernel_o+0x1a30>
	v_lshlrev_b64 v[105:106], 7, v[105:106]                    // 000000003200: D73C0069 0002D287
	s_delay_alu instid0(VALU_DEP_1) | instskip(NEXT) | instid1(VALU_DEP_1)// 000000003208: BF870091
	v_add_co_u32 v105, vcc_lo, s3, v105                        // 00000000320C: D7006A69 0002D203
	v_add_co_ci_u32_e64 v106, null, s14, v106, vcc_lo          // 000000003214: D5207C6A 01AAD40E
	global_load_b32 v105, v[105:106], off                      // 00000000321C: DC520000 697C0069
	s_waitcnt vmcnt(0)                                         // 000000003224: BF8903F7
	scratch_store_b32 off, v105, off offset:32                 // 000000003228: DC690020 007C6900
	s_or_b32 exec_lo, exec_lo, s5                              // 000000003230: 8C7E057E
	v_or_b32_e32 v105, 12, v253                                // 000000003234: 38D3FA8C
	v_or_b32_e32 v107, 14, v253                                // 000000003238: 38D7FA8E
	v_mov_b32_e32 v106, s23                                    // 00000000323C: 7ED40217
	s_delay_alu instid0(VALU_DEP_3)                            // 000000003240: BF870003
	v_or_b32_e32 v105, s22, v105                               // 000000003244: 38D2D216
	scratch_store_b32 off, v107, off offset:156                // 000000003248: DC69009C 007C6B00
	v_mov_b32_e32 v107, 0                                      // 000000003250: 7ED60280
	v_cmp_gt_i64_e32 vcc_lo, s[12:13], v[105:106]              // 000000003254: 7CA8D20C
	scratch_store_b32 off, v107, off offset:40                 // 000000003258: DC690028 007C6B00
	v_mov_b32_e32 v107, 0                                      // 000000003260: 7ED60280
	s_and_b32 s6, s24, vcc_lo                                  // 000000003264: 8B066A18
	scratch_store_b32 off, v107, off offset:44                 // 000000003268: DC69002C 007C6B00
	s_and_saveexec_b32 s5, s6                                  // 000000003270: BE852006
	s_cbranch_execz 12                                         // 000000003274: BFA5000C <chunk_fwd_kernel_o+0x1aa8>
	v_lshlrev_b64 v[105:106], 7, v[105:106]                    // 000000003278: D73C0069 0002D287
	s_delay_alu instid0(VALU_DEP_1) | instskip(NEXT) | instid1(VALU_DEP_1)// 000000003280: BF870091
	v_add_co_u32 v105, vcc_lo, s3, v105                        // 000000003284: D7006A69 0002D203
	v_add_co_ci_u32_e64 v106, null, s14, v106, vcc_lo          // 00000000328C: D5207C6A 01AAD40E
	global_load_b32 v105, v[105:106], off                      // 000000003294: DC520000 697C0069
	s_waitcnt vmcnt(0)                                         // 00000000329C: BF8903F7
	scratch_store_b32 off, v105, off offset:44                 // 0000000032A0: DC69002C 007C6900
	s_or_b32 exec_lo, exec_lo, s5                              // 0000000032A8: 8C7E057E
	v_or_b32_e32 v105, 14, v253                                // 0000000032AC: 38D3FA8E
	v_mov_b32_e32 v106, s23                                    // 0000000032B0: 7ED40217
	s_delay_alu instid0(VALU_DEP_2) | instskip(NEXT) | instid1(VALU_DEP_1)// 0000000032B4: BF870092
	v_or_b32_e32 v105, s22, v105                               // 0000000032B8: 38D2D216
	v_cmp_gt_i64_e32 vcc_lo, s[12:13], v[105:106]              // 0000000032BC: 7CA8D20C
	s_and_b32 s6, s24, vcc_lo                                  // 0000000032C0: 8B066A18
	s_delay_alu instid0(SALU_CYCLE_1)                          // 0000000032C4: BF870009
	s_and_saveexec_b32 s5, s6                                  // 0000000032C8: BE852006
	s_cbranch_execz 12                                         // 0000000032CC: BFA5000C <chunk_fwd_kernel_o+0x1b00>
	v_lshlrev_b64 v[105:106], 7, v[105:106]                    // 0000000032D0: D73C0069 0002D287
	s_delay_alu instid0(VALU_DEP_1) | instskip(NEXT) | instid1(VALU_DEP_1)// 0000000032D8: BF870091
	v_add_co_u32 v105, vcc_lo, s3, v105                        // 0000000032DC: D7006A69 0002D203
	v_add_co_ci_u32_e64 v106, null, s14, v106, vcc_lo          // 0000000032E4: D5207C6A 01AAD40E
	global_load_b32 v105, v[105:106], off                      // 0000000032EC: DC520000 697C0069
	s_waitcnt vmcnt(0)                                         // 0000000032F4: BF8903F7
	scratch_store_b32 off, v105, off offset:40                 // 0000000032F8: DC690028 007C6900
	s_or_b32 exec_lo, exec_lo, s5                              // 000000003300: 8C7E057E
	v_or_b32_e32 v105, 16, v253                                // 000000003304: 38D3FA90
	v_or_b32_e32 v107, 18, v253                                // 000000003308: 38D7FA92
	v_mov_b32_e32 v106, s23                                    // 00000000330C: 7ED40217
	s_delay_alu instid0(VALU_DEP_3)                            // 000000003310: BF870003
	v_or_b32_e32 v105, s22, v105                               // 000000003314: 38D2D216
	scratch_store_b32 off, v107, off offset:152                // 000000003318: DC690098 007C6B00
	v_mov_b32_e32 v107, 0                                      // 000000003320: 7ED60280
	v_cmp_gt_i64_e32 vcc_lo, s[12:13], v[105:106]              // 000000003324: 7CA8D20C
	scratch_store_b32 off, v107, off offset:48                 // 000000003328: DC690030 007C6B00
	v_mov_b32_e32 v107, 0                                      // 000000003330: 7ED60280
	s_and_b32 s6, s24, vcc_lo                                  // 000000003334: 8B066A18
	scratch_store_b32 off, v107, off offset:52                 // 000000003338: DC690034 007C6B00
	s_and_saveexec_b32 s5, s6                                  // 000000003340: BE852006
	s_cbranch_execz 12                                         // 000000003344: BFA5000C <chunk_fwd_kernel_o+0x1b78>
	v_lshlrev_b64 v[105:106], 7, v[105:106]                    // 000000003348: D73C0069 0002D287
	s_delay_alu instid0(VALU_DEP_1) | instskip(NEXT) | instid1(VALU_DEP_1)// 000000003350: BF870091
	v_add_co_u32 v105, vcc_lo, s3, v105                        // 000000003354: D7006A69 0002D203
	v_add_co_ci_u32_e64 v106, null, s14, v106, vcc_lo          // 00000000335C: D5207C6A 01AAD40E
	global_load_b32 v105, v[105:106], off                      // 000000003364: DC520000 697C0069
	s_waitcnt vmcnt(0)                                         // 00000000336C: BF8903F7
	scratch_store_b32 off, v105, off offset:52                 // 000000003370: DC690034 007C6900
	s_or_b32 exec_lo, exec_lo, s5                              // 000000003378: 8C7E057E
	v_or_b32_e32 v105, 18, v253                                // 00000000337C: 38D3FA92
	v_mov_b32_e32 v106, s23                                    // 000000003380: 7ED40217
	s_delay_alu instid0(VALU_DEP_2) | instskip(NEXT) | instid1(VALU_DEP_1)// 000000003384: BF870092
	v_or_b32_e32 v105, s22, v105                               // 000000003388: 38D2D216
	v_cmp_gt_i64_e32 vcc_lo, s[12:13], v[105:106]              // 00000000338C: 7CA8D20C
	s_and_b32 s6, s24, vcc_lo                                  // 000000003390: 8B066A18
	s_delay_alu instid0(SALU_CYCLE_1)                          // 000000003394: BF870009
	s_and_saveexec_b32 s5, s6                                  // 000000003398: BE852006
	s_cbranch_execz 12                                         // 00000000339C: BFA5000C <chunk_fwd_kernel_o+0x1bd0>
	v_lshlrev_b64 v[105:106], 7, v[105:106]                    // 0000000033A0: D73C0069 0002D287
	s_delay_alu instid0(VALU_DEP_1) | instskip(NEXT) | instid1(VALU_DEP_1)// 0000000033A8: BF870091
	v_add_co_u32 v105, vcc_lo, s3, v105                        // 0000000033AC: D7006A69 0002D203
	v_add_co_ci_u32_e64 v106, null, s14, v106, vcc_lo          // 0000000033B4: D5207C6A 01AAD40E
	global_load_b32 v105, v[105:106], off                      // 0000000033BC: DC520000 697C0069
	s_waitcnt vmcnt(0)                                         // 0000000033C4: BF8903F7
	scratch_store_b32 off, v105, off offset:48                 // 0000000033C8: DC690030 007C6900
	s_or_b32 exec_lo, exec_lo, s5                              // 0000000033D0: 8C7E057E
	v_or_b32_e32 v105, 20, v253                                // 0000000033D4: 38D3FA94
	v_or_b32_e32 v107, 22, v253                                // 0000000033D8: 38D7FA96
	v_mov_b32_e32 v106, s23                                    // 0000000033DC: 7ED40217
	s_delay_alu instid0(VALU_DEP_3)                            // 0000000033E0: BF870003
	v_or_b32_e32 v105, s22, v105                               // 0000000033E4: 38D2D216
	scratch_store_b32 off, v107, off offset:148                // 0000000033E8: DC690094 007C6B00
	v_mov_b32_e32 v107, 0                                      // 0000000033F0: 7ED60280
	v_cmp_gt_i64_e32 vcc_lo, s[12:13], v[105:106]              // 0000000033F4: 7CA8D20C
	scratch_store_b32 off, v107, off offset:56                 // 0000000033F8: DC690038 007C6B00
	v_mov_b32_e32 v107, 0                                      // 000000003400: 7ED60280
	s_and_b32 s6, s24, vcc_lo                                  // 000000003404: 8B066A18
	scratch_store_b32 off, v107, off offset:60                 // 000000003408: DC69003C 007C6B00
	s_and_saveexec_b32 s5, s6                                  // 000000003410: BE852006
	s_cbranch_execz 12                                         // 000000003414: BFA5000C <chunk_fwd_kernel_o+0x1c48>
	v_lshlrev_b64 v[105:106], 7, v[105:106]                    // 000000003418: D73C0069 0002D287
	s_delay_alu instid0(VALU_DEP_1) | instskip(NEXT) | instid1(VALU_DEP_1)// 000000003420: BF870091
	v_add_co_u32 v105, vcc_lo, s3, v105                        // 000000003424: D7006A69 0002D203
	v_add_co_ci_u32_e64 v106, null, s14, v106, vcc_lo          // 00000000342C: D5207C6A 01AAD40E
	global_load_b32 v105, v[105:106], off                      // 000000003434: DC520000 697C0069
	s_waitcnt vmcnt(0)                                         // 00000000343C: BF8903F7
	scratch_store_b32 off, v105, off offset:60                 // 000000003440: DC69003C 007C6900
	s_or_b32 exec_lo, exec_lo, s5                              // 000000003448: 8C7E057E
	v_or_b32_e32 v105, 22, v253                                // 00000000344C: 38D3FA96
	v_mov_b32_e32 v106, s23                                    // 000000003450: 7ED40217
	s_delay_alu instid0(VALU_DEP_2) | instskip(NEXT) | instid1(VALU_DEP_1)// 000000003454: BF870092
	v_or_b32_e32 v105, s22, v105                               // 000000003458: 38D2D216
	v_cmp_gt_i64_e32 vcc_lo, s[12:13], v[105:106]              // 00000000345C: 7CA8D20C
	s_and_b32 s6, s24, vcc_lo                                  // 000000003460: 8B066A18
	s_delay_alu instid0(SALU_CYCLE_1)                          // 000000003464: BF870009
	s_and_saveexec_b32 s5, s6                                  // 000000003468: BE852006
	s_cbranch_execz 12                                         // 00000000346C: BFA5000C <chunk_fwd_kernel_o+0x1ca0>
	v_lshlrev_b64 v[105:106], 7, v[105:106]                    // 000000003470: D73C0069 0002D287
	s_delay_alu instid0(VALU_DEP_1) | instskip(NEXT) | instid1(VALU_DEP_1)// 000000003478: BF870091
	v_add_co_u32 v105, vcc_lo, s3, v105                        // 00000000347C: D7006A69 0002D203
	v_add_co_ci_u32_e64 v106, null, s14, v106, vcc_lo          // 000000003484: D5207C6A 01AAD40E
	global_load_b32 v105, v[105:106], off                      // 00000000348C: DC520000 697C0069
	s_waitcnt vmcnt(0)                                         // 000000003494: BF8903F7
	scratch_store_b32 off, v105, off offset:56                 // 000000003498: DC690038 007C6900
	s_or_b32 exec_lo, exec_lo, s5                              // 0000000034A0: 8C7E057E
	v_or_b32_e32 v105, 24, v253                                // 0000000034A4: 38D3FA98
	v_or_b32_e32 v107, 26, v253                                // 0000000034A8: 38D7FA9A
	v_mov_b32_e32 v106, s23                                    // 0000000034AC: 7ED40217
	s_delay_alu instid0(VALU_DEP_3)                            // 0000000034B0: BF870003
	v_or_b32_e32 v105, s22, v105                               // 0000000034B4: 38D2D216
	scratch_store_b32 off, v107, off offset:144                // 0000000034B8: DC690090 007C6B00
	v_mov_b32_e32 v107, 0                                      // 0000000034C0: 7ED60280
	v_cmp_gt_i64_e32 vcc_lo, s[12:13], v[105:106]              // 0000000034C4: 7CA8D20C
	scratch_store_b32 off, v107, off offset:64                 // 0000000034C8: DC690040 007C6B00
	v_mov_b32_e32 v107, 0                                      // 0000000034D0: 7ED60280
	s_and_b32 s6, s24, vcc_lo                                  // 0000000034D4: 8B066A18
	scratch_store_b32 off, v107, off offset:68                 // 0000000034D8: DC690044 007C6B00
	s_and_saveexec_b32 s5, s6                                  // 0000000034E0: BE852006
	s_cbranch_execz 12                                         // 0000000034E4: BFA5000C <chunk_fwd_kernel_o+0x1d18>
	v_lshlrev_b64 v[105:106], 7, v[105:106]                    // 0000000034E8: D73C0069 0002D287
	s_delay_alu instid0(VALU_DEP_1) | instskip(NEXT) | instid1(VALU_DEP_1)// 0000000034F0: BF870091
	v_add_co_u32 v105, vcc_lo, s3, v105                        // 0000000034F4: D7006A69 0002D203
	v_add_co_ci_u32_e64 v106, null, s14, v106, vcc_lo          // 0000000034FC: D5207C6A 01AAD40E
	global_load_b32 v105, v[105:106], off                      // 000000003504: DC520000 697C0069
	s_waitcnt vmcnt(0)                                         // 00000000350C: BF8903F7
	scratch_store_b32 off, v105, off offset:68                 // 000000003510: DC690044 007C6900
	s_or_b32 exec_lo, exec_lo, s5                              // 000000003518: 8C7E057E
	v_or_b32_e32 v105, 26, v253                                // 00000000351C: 38D3FA9A
	v_mov_b32_e32 v106, s23                                    // 000000003520: 7ED40217
	s_delay_alu instid0(VALU_DEP_2) | instskip(NEXT) | instid1(VALU_DEP_1)// 000000003524: BF870092
	v_or_b32_e32 v105, s22, v105                               // 000000003528: 38D2D216
	v_cmp_gt_i64_e32 vcc_lo, s[12:13], v[105:106]              // 00000000352C: 7CA8D20C
	s_and_b32 s6, s24, vcc_lo                                  // 000000003530: 8B066A18
	s_delay_alu instid0(SALU_CYCLE_1)                          // 000000003534: BF870009
	s_and_saveexec_b32 s5, s6                                  // 000000003538: BE852006
	s_cbranch_execz 12                                         // 00000000353C: BFA5000C <chunk_fwd_kernel_o+0x1d70>
	v_lshlrev_b64 v[105:106], 7, v[105:106]                    // 000000003540: D73C0069 0002D287
	s_delay_alu instid0(VALU_DEP_1) | instskip(NEXT) | instid1(VALU_DEP_1)// 000000003548: BF870091
	v_add_co_u32 v105, vcc_lo, s3, v105                        // 00000000354C: D7006A69 0002D203
	v_add_co_ci_u32_e64 v106, null, s14, v106, vcc_lo          // 000000003554: D5207C6A 01AAD40E
	global_load_b32 v105, v[105:106], off                      // 00000000355C: DC520000 697C0069
	s_waitcnt vmcnt(0)                                         // 000000003564: BF8903F7
	scratch_store_b32 off, v105, off offset:64                 // 000000003568: DC690040 007C6900
	s_or_b32 exec_lo, exec_lo, s5                              // 000000003570: 8C7E057E
	v_or_b32_e32 v105, 28, v253                                // 000000003574: 38D3FA9C
	v_or_b32_e32 v107, 30, v253                                // 000000003578: 38D7FA9E
	v_mov_b32_e32 v106, s23                                    // 00000000357C: 7ED40217
	s_delay_alu instid0(VALU_DEP_3)                            // 000000003580: BF870003
	v_or_b32_e32 v105, s22, v105                               // 000000003584: 38D2D216
	scratch_store_b32 off, v107, off offset:140                // 000000003588: DC69008C 007C6B00
	v_mov_b32_e32 v107, 0                                      // 000000003590: 7ED60280
	v_cmp_gt_i64_e32 vcc_lo, s[12:13], v[105:106]              // 000000003594: 7CA8D20C
	scratch_store_b32 off, v107, off offset:72                 // 000000003598: DC690048 007C6B00
	v_mov_b32_e32 v107, 0                                      // 0000000035A0: 7ED60280
	s_and_b32 s6, s24, vcc_lo                                  // 0000000035A4: 8B066A18
	scratch_store_b32 off, v107, off offset:76                 // 0000000035A8: DC69004C 007C6B00
	s_and_saveexec_b32 s5, s6                                  // 0000000035B0: BE852006
	s_cbranch_execz 12                                         // 0000000035B4: BFA5000C <chunk_fwd_kernel_o+0x1de8>
	v_lshlrev_b64 v[105:106], 7, v[105:106]                    // 0000000035B8: D73C0069 0002D287
	s_delay_alu instid0(VALU_DEP_1) | instskip(NEXT) | instid1(VALU_DEP_1)// 0000000035C0: BF870091
	v_add_co_u32 v105, vcc_lo, s3, v105                        // 0000000035C4: D7006A69 0002D203
	v_add_co_ci_u32_e64 v106, null, s14, v106, vcc_lo          // 0000000035CC: D5207C6A 01AAD40E
	global_load_b32 v105, v[105:106], off                      // 0000000035D4: DC520000 697C0069
	s_waitcnt vmcnt(0)                                         // 0000000035DC: BF8903F7
	scratch_store_b32 off, v105, off offset:76                 // 0000000035E0: DC69004C 007C6900
	s_or_b32 exec_lo, exec_lo, s5                              // 0000000035E8: 8C7E057E
	v_or_b32_e32 v105, 30, v253                                // 0000000035EC: 38D3FA9E
	v_mov_b32_e32 v106, s23                                    // 0000000035F0: 7ED40217
	s_delay_alu instid0(VALU_DEP_2) | instskip(NEXT) | instid1(VALU_DEP_1)// 0000000035F4: BF870092
	v_or_b32_e32 v105, s22, v105                               // 0000000035F8: 38D2D216
	v_cmp_gt_i64_e32 vcc_lo, s[12:13], v[105:106]              // 0000000035FC: 7CA8D20C
	s_and_b32 s6, s24, vcc_lo                                  // 000000003600: 8B066A18
	s_delay_alu instid0(SALU_CYCLE_1)                          // 000000003604: BF870009
	s_and_saveexec_b32 s5, s6                                  // 000000003608: BE852006
	s_cbranch_execz 12                                         // 00000000360C: BFA5000C <chunk_fwd_kernel_o+0x1e40>
	v_lshlrev_b64 v[105:106], 7, v[105:106]                    // 000000003610: D73C0069 0002D287
	s_delay_alu instid0(VALU_DEP_1) | instskip(NEXT) | instid1(VALU_DEP_1)// 000000003618: BF870091
	v_add_co_u32 v105, vcc_lo, s3, v105                        // 00000000361C: D7006A69 0002D203
	v_add_co_ci_u32_e64 v106, null, s14, v106, vcc_lo          // 000000003624: D5207C6A 01AAD40E
	global_load_b32 v105, v[105:106], off                      // 00000000362C: DC520000 697C0069
	s_waitcnt vmcnt(0)                                         // 000000003634: BF8903F7
	scratch_store_b32 off, v105, off offset:72                 // 000000003638: DC690048 007C6900
	s_or_b32 exec_lo, exec_lo, s5                              // 000000003640: 8C7E057E
	v_or_b32_e32 v105, 32, v253                                // 000000003644: 38D3FAA0
	v_or_b32_e32 v107, 34, v253                                // 000000003648: 38D7FAA2
	v_mov_b32_e32 v106, s23                                    // 00000000364C: 7ED40217
	s_delay_alu instid0(VALU_DEP_3)                            // 000000003650: BF870003
	v_or_b32_e32 v105, s22, v105                               // 000000003654: 38D2D216
	scratch_store_b32 off, v107, off offset:136                // 000000003658: DC690088 007C6B00
	v_mov_b32_e32 v107, 0                                      // 000000003660: 7ED60280
	v_cmp_gt_i64_e32 vcc_lo, s[12:13], v[105:106]              // 000000003664: 7CA8D20C
	scratch_store_b32 off, v107, off offset:80                 // 000000003668: DC690050 007C6B00
	v_mov_b32_e32 v107, 0                                      // 000000003670: 7ED60280
	s_and_b32 s6, s24, vcc_lo                                  // 000000003674: 8B066A18
	scratch_store_b32 off, v107, off offset:84                 // 000000003678: DC690054 007C6B00
	s_and_saveexec_b32 s5, s6                                  // 000000003680: BE852006
	s_cbranch_execz 12                                         // 000000003684: BFA5000C <chunk_fwd_kernel_o+0x1eb8>
	v_lshlrev_b64 v[105:106], 7, v[105:106]                    // 000000003688: D73C0069 0002D287
	s_delay_alu instid0(VALU_DEP_1) | instskip(NEXT) | instid1(VALU_DEP_1)// 000000003690: BF870091
	v_add_co_u32 v105, vcc_lo, s3, v105                        // 000000003694: D7006A69 0002D203
	v_add_co_ci_u32_e64 v106, null, s14, v106, vcc_lo          // 00000000369C: D5207C6A 01AAD40E
	global_load_b32 v105, v[105:106], off                      // 0000000036A4: DC520000 697C0069
	s_waitcnt vmcnt(0)                                         // 0000000036AC: BF8903F7
	scratch_store_b32 off, v105, off offset:84                 // 0000000036B0: DC690054 007C6900
	s_or_b32 exec_lo, exec_lo, s5                              // 0000000036B8: 8C7E057E
	v_or_b32_e32 v105, 34, v253                                // 0000000036BC: 38D3FAA2
	v_mov_b32_e32 v106, s23                                    // 0000000036C0: 7ED40217
	s_delay_alu instid0(VALU_DEP_2) | instskip(NEXT) | instid1(VALU_DEP_1)// 0000000036C4: BF870092
	v_or_b32_e32 v105, s22, v105                               // 0000000036C8: 38D2D216
	v_cmp_gt_i64_e32 vcc_lo, s[12:13], v[105:106]              // 0000000036CC: 7CA8D20C
	s_and_b32 s6, s24, vcc_lo                                  // 0000000036D0: 8B066A18
	s_delay_alu instid0(SALU_CYCLE_1)                          // 0000000036D4: BF870009
	s_and_saveexec_b32 s5, s6                                  // 0000000036D8: BE852006
	s_cbranch_execz 12                                         // 0000000036DC: BFA5000C <chunk_fwd_kernel_o+0x1f10>
	v_lshlrev_b64 v[105:106], 7, v[105:106]                    // 0000000036E0: D73C0069 0002D287
	s_delay_alu instid0(VALU_DEP_1) | instskip(NEXT) | instid1(VALU_DEP_1)// 0000000036E8: BF870091
	v_add_co_u32 v105, vcc_lo, s3, v105                        // 0000000036EC: D7006A69 0002D203
	v_add_co_ci_u32_e64 v106, null, s14, v106, vcc_lo          // 0000000036F4: D5207C6A 01AAD40E
	global_load_b32 v105, v[105:106], off                      // 0000000036FC: DC520000 697C0069
	s_waitcnt vmcnt(0)                                         // 000000003704: BF8903F7
	scratch_store_b32 off, v105, off offset:80                 // 000000003708: DC690050 007C6900
	s_or_b32 exec_lo, exec_lo, s5                              // 000000003710: 8C7E057E
	v_or_b32_e32 v105, 36, v253                                // 000000003714: 38D3FAA4
	v_or_b32_e32 v107, 38, v253                                // 000000003718: 38D7FAA6
	v_mov_b32_e32 v106, s23                                    // 00000000371C: 7ED40217
	s_delay_alu instid0(VALU_DEP_3)                            // 000000003720: BF870003
	v_or_b32_e32 v105, s22, v105                               // 000000003724: 38D2D216
	scratch_store_b32 off, v107, off offset:132                // 000000003728: DC690084 007C6B00
	v_mov_b32_e32 v107, 0                                      // 000000003730: 7ED60280
	v_cmp_gt_i64_e32 vcc_lo, s[12:13], v[105:106]              // 000000003734: 7CA8D20C
	scratch_store_b32 off, v107, off offset:88                 // 000000003738: DC690058 007C6B00
	v_mov_b32_e32 v107, 0                                      // 000000003740: 7ED60280
	s_and_b32 s6, s24, vcc_lo                                  // 000000003744: 8B066A18
	scratch_store_b32 off, v107, off offset:92                 // 000000003748: DC69005C 007C6B00
	s_and_saveexec_b32 s5, s6                                  // 000000003750: BE852006
	s_cbranch_execz 12                                         // 000000003754: BFA5000C <chunk_fwd_kernel_o+0x1f88>
	v_lshlrev_b64 v[105:106], 7, v[105:106]                    // 000000003758: D73C0069 0002D287
	s_delay_alu instid0(VALU_DEP_1) | instskip(NEXT) | instid1(VALU_DEP_1)// 000000003760: BF870091
	v_add_co_u32 v105, vcc_lo, s3, v105                        // 000000003764: D7006A69 0002D203
	v_add_co_ci_u32_e64 v106, null, s14, v106, vcc_lo          // 00000000376C: D5207C6A 01AAD40E
	global_load_b32 v105, v[105:106], off                      // 000000003774: DC520000 697C0069
	s_waitcnt vmcnt(0)                                         // 00000000377C: BF8903F7
	scratch_store_b32 off, v105, off offset:92                 // 000000003780: DC69005C 007C6900
	s_or_b32 exec_lo, exec_lo, s5                              // 000000003788: 8C7E057E
	v_or_b32_e32 v105, 38, v253                                // 00000000378C: 38D3FAA6
	v_mov_b32_e32 v106, s23                                    // 000000003790: 7ED40217
	s_delay_alu instid0(VALU_DEP_2) | instskip(NEXT) | instid1(VALU_DEP_1)// 000000003794: BF870092
	v_or_b32_e32 v105, s22, v105                               // 000000003798: 38D2D216
	v_cmp_gt_i64_e32 vcc_lo, s[12:13], v[105:106]              // 00000000379C: 7CA8D20C
	s_and_b32 s6, s24, vcc_lo                                  // 0000000037A0: 8B066A18
	s_delay_alu instid0(SALU_CYCLE_1)                          // 0000000037A4: BF870009
	s_and_saveexec_b32 s5, s6                                  // 0000000037A8: BE852006
	s_cbranch_execz 12                                         // 0000000037AC: BFA5000C <chunk_fwd_kernel_o+0x1fe0>
	v_lshlrev_b64 v[105:106], 7, v[105:106]                    // 0000000037B0: D73C0069 0002D287
	s_delay_alu instid0(VALU_DEP_1) | instskip(NEXT) | instid1(VALU_DEP_1)// 0000000037B8: BF870091
	v_add_co_u32 v105, vcc_lo, s3, v105                        // 0000000037BC: D7006A69 0002D203
	v_add_co_ci_u32_e64 v106, null, s14, v106, vcc_lo          // 0000000037C4: D5207C6A 01AAD40E
	global_load_b32 v105, v[105:106], off                      // 0000000037CC: DC520000 697C0069
	s_waitcnt vmcnt(0)                                         // 0000000037D4: BF8903F7
	scratch_store_b32 off, v105, off offset:88                 // 0000000037D8: DC690058 007C6900
	s_or_b32 exec_lo, exec_lo, s5                              // 0000000037E0: 8C7E057E
	v_or_b32_e32 v105, 40, v253                                // 0000000037E4: 38D3FAA8
	v_or_b32_e32 v107, 42, v253                                // 0000000037E8: 38D7FAAA
	v_mov_b32_e32 v106, s23                                    // 0000000037EC: 7ED40217
	s_delay_alu instid0(VALU_DEP_3)                            // 0000000037F0: BF870003
	v_or_b32_e32 v105, s22, v105                               // 0000000037F4: 38D2D216
	scratch_store_b32 off, v107, off offset:128                // 0000000037F8: DC690080 007C6B00
	v_mov_b32_e32 v107, 0                                      // 000000003800: 7ED60280
	v_cmp_gt_i64_e32 vcc_lo, s[12:13], v[105:106]              // 000000003804: 7CA8D20C
	scratch_store_b32 off, v107, off offset:96                 // 000000003808: DC690060 007C6B00
	v_mov_b32_e32 v107, 0                                      // 000000003810: 7ED60280
	s_and_b32 s6, s24, vcc_lo                                  // 000000003814: 8B066A18
	scratch_store_b32 off, v107, off offset:100                // 000000003818: DC690064 007C6B00
	s_and_saveexec_b32 s5, s6                                  // 000000003820: BE852006
	s_cbranch_execz 12                                         // 000000003824: BFA5000C <chunk_fwd_kernel_o+0x2058>
	v_lshlrev_b64 v[105:106], 7, v[105:106]                    // 000000003828: D73C0069 0002D287
	s_delay_alu instid0(VALU_DEP_1) | instskip(NEXT) | instid1(VALU_DEP_1)// 000000003830: BF870091
	v_add_co_u32 v105, vcc_lo, s3, v105                        // 000000003834: D7006A69 0002D203
	v_add_co_ci_u32_e64 v106, null, s14, v106, vcc_lo          // 00000000383C: D5207C6A 01AAD40E
	global_load_b32 v105, v[105:106], off                      // 000000003844: DC520000 697C0069
	s_waitcnt vmcnt(0)                                         // 00000000384C: BF8903F7
	scratch_store_b32 off, v105, off offset:100                // 000000003850: DC690064 007C6900
	s_or_b32 exec_lo, exec_lo, s5                              // 000000003858: 8C7E057E
	v_or_b32_e32 v105, 42, v253                                // 00000000385C: 38D3FAAA
	v_mov_b32_e32 v106, s23                                    // 000000003860: 7ED40217
	s_delay_alu instid0(VALU_DEP_2) | instskip(NEXT) | instid1(VALU_DEP_1)// 000000003864: BF870092
	v_or_b32_e32 v105, s22, v105                               // 000000003868: 38D2D216
	v_cmp_gt_i64_e32 vcc_lo, s[12:13], v[105:106]              // 00000000386C: 7CA8D20C
	s_and_b32 s6, s24, vcc_lo                                  // 000000003870: 8B066A18
	s_delay_alu instid0(SALU_CYCLE_1)                          // 000000003874: BF870009
	s_and_saveexec_b32 s5, s6                                  // 000000003878: BE852006
	s_cbranch_execz 12                                         // 00000000387C: BFA5000C <chunk_fwd_kernel_o+0x20b0>
	v_lshlrev_b64 v[105:106], 7, v[105:106]                    // 000000003880: D73C0069 0002D287
	s_delay_alu instid0(VALU_DEP_1) | instskip(NEXT) | instid1(VALU_DEP_1)// 000000003888: BF870091
	v_add_co_u32 v105, vcc_lo, s3, v105                        // 00000000388C: D7006A69 0002D203
	v_add_co_ci_u32_e64 v106, null, s14, v106, vcc_lo          // 000000003894: D5207C6A 01AAD40E
	global_load_b32 v105, v[105:106], off                      // 00000000389C: DC520000 697C0069
	s_waitcnt vmcnt(0)                                         // 0000000038A4: BF8903F7
	scratch_store_b32 off, v105, off offset:96                 // 0000000038A8: DC690060 007C6900
	s_or_b32 exec_lo, exec_lo, s5                              // 0000000038B0: 8C7E057E
	v_or_b32_e32 v105, 44, v253                                // 0000000038B4: 38D3FAAC
	v_or_b32_e32 v107, 46, v253                                // 0000000038B8: 38D7FAAE
	v_mov_b32_e32 v106, s23                                    // 0000000038BC: 7ED40217
	s_delay_alu instid0(VALU_DEP_3)                            // 0000000038C0: BF870003
	v_or_b32_e32 v105, s22, v105                               // 0000000038C4: 38D2D216
	scratch_store_b32 off, v107, off offset:124                // 0000000038C8: DC69007C 007C6B00
	v_mov_b32_e32 v107, 0                                      // 0000000038D0: 7ED60280
	v_cmp_gt_i64_e32 vcc_lo, s[12:13], v[105:106]              // 0000000038D4: 7CA8D20C
	scratch_store_b32 off, v107, off offset:104                // 0000000038D8: DC690068 007C6B00
	v_mov_b32_e32 v107, 0                                      // 0000000038E0: 7ED60280
	s_and_b32 s6, s24, vcc_lo                                  // 0000000038E4: 8B066A18
	scratch_store_b32 off, v107, off offset:108                // 0000000038E8: DC69006C 007C6B00
	s_and_saveexec_b32 s5, s6                                  // 0000000038F0: BE852006
	s_cbranch_execz 12                                         // 0000000038F4: BFA5000C <chunk_fwd_kernel_o+0x2128>
	v_lshlrev_b64 v[105:106], 7, v[105:106]                    // 0000000038F8: D73C0069 0002D287
	s_delay_alu instid0(VALU_DEP_1) | instskip(NEXT) | instid1(VALU_DEP_1)// 000000003900: BF870091
	v_add_co_u32 v105, vcc_lo, s3, v105                        // 000000003904: D7006A69 0002D203
	v_add_co_ci_u32_e64 v106, null, s14, v106, vcc_lo          // 00000000390C: D5207C6A 01AAD40E
	global_load_b32 v105, v[105:106], off                      // 000000003914: DC520000 697C0069
	s_waitcnt vmcnt(0)                                         // 00000000391C: BF8903F7
	scratch_store_b32 off, v105, off offset:108                // 000000003920: DC69006C 007C6900
	s_or_b32 exec_lo, exec_lo, s5                              // 000000003928: 8C7E057E
	v_or_b32_e32 v105, 46, v253                                // 00000000392C: 38D3FAAE
	v_mov_b32_e32 v106, s23                                    // 000000003930: 7ED40217
	s_delay_alu instid0(VALU_DEP_2) | instskip(NEXT) | instid1(VALU_DEP_1)// 000000003934: BF870092
	v_or_b32_e32 v105, s22, v105                               // 000000003938: 38D2D216
	v_cmp_gt_i64_e32 vcc_lo, s[12:13], v[105:106]              // 00000000393C: 7CA8D20C
	s_and_b32 s6, s24, vcc_lo                                  // 000000003940: 8B066A18
	s_delay_alu instid0(SALU_CYCLE_1)                          // 000000003944: BF870009
	s_and_saveexec_b32 s5, s6                                  // 000000003948: BE852006
	s_cbranch_execz 12                                         // 00000000394C: BFA5000C <chunk_fwd_kernel_o+0x2180>
	v_lshlrev_b64 v[105:106], 7, v[105:106]                    // 000000003950: D73C0069 0002D287
	s_delay_alu instid0(VALU_DEP_1) | instskip(NEXT) | instid1(VALU_DEP_1)// 000000003958: BF870091
	v_add_co_u32 v105, vcc_lo, s3, v105                        // 00000000395C: D7006A69 0002D203
	v_add_co_ci_u32_e64 v106, null, s14, v106, vcc_lo          // 000000003964: D5207C6A 01AAD40E
	global_load_b32 v105, v[105:106], off                      // 00000000396C: DC520000 697C0069
	s_waitcnt vmcnt(0)                                         // 000000003974: BF8903F7
	scratch_store_b32 off, v105, off offset:104                // 000000003978: DC690068 007C6900
	s_or_b32 exec_lo, exec_lo, s5                              // 000000003980: 8C7E057E
	v_or_b32_e32 v105, 48, v253                                // 000000003984: 38D3FAB0
	v_dual_mov_b32 v106, s23 :: v_dual_mov_b32 v255, 0         // 000000003988: CA100017 6AFE0080
	v_or_b32_e32 v107, 50, v253                                // 000000003990: 38D7FAB2
	v_mov_b32_e32 v250, 0                                      // 000000003994: 7FF40280
	s_delay_alu instid0(VALU_DEP_4) | instskip(SKIP_3) | instid1(SALU_CYCLE_1)// 000000003998: BF8704C4
	v_or_b32_e32 v105, s22, v105                               // 00000000399C: 38D2D216
	scratch_store_b32 off, v107, off offset:116                // 0000000039A0: DC690074 007C6B00
	v_cmp_gt_i64_e32 vcc_lo, s[12:13], v[105:106]              // 0000000039A8: 7CA8D20C
	s_and_b32 s6, s24, vcc_lo                                  // 0000000039AC: 8B066A18
	s_and_saveexec_b32 s5, s6                                  // 0000000039B0: BE852006
	s_cbranch_execz 9                                          // 0000000039B4: BFA50009 <chunk_fwd_kernel_o+0x21dc>
	v_lshlrev_b64 v[105:106], 7, v[105:106]                    // 0000000039B8: D73C0069 0002D287
	s_delay_alu instid0(VALU_DEP_1) | instskip(NEXT) | instid1(VALU_DEP_1)// 0000000039C0: BF870091
	v_add_co_u32 v105, vcc_lo, s3, v105                        // 0000000039C4: D7006A69 0002D203
	v_add_co_ci_u32_e64 v106, null, s14, v106, vcc_lo          // 0000000039CC: D5207C6A 01AAD40E
	global_load_b32 v255, v[105:106], off                      // 0000000039D4: DC520000 FF7C0069
	s_or_b32 exec_lo, exec_lo, s5                              // 0000000039DC: 8C7E057E
	v_or_b32_e32 v105, 50, v253                                // 0000000039E0: 38D3FAB2
	v_mov_b32_e32 v106, s23                                    // 0000000039E4: 7ED40217
	s_delay_alu instid0(VALU_DEP_2) | instskip(NEXT) | instid1(VALU_DEP_1)// 0000000039E8: BF870092
	v_or_b32_e32 v105, s22, v105                               // 0000000039EC: 38D2D216
	v_cmp_gt_i64_e32 vcc_lo, s[12:13], v[105:106]              // 0000000039F0: 7CA8D20C
	s_and_b32 s6, s24, vcc_lo                                  // 0000000039F4: 8B066A18
	s_delay_alu instid0(SALU_CYCLE_1)                          // 0000000039F8: BF870009
	s_and_saveexec_b32 s5, s6                                  // 0000000039FC: BE852006
	s_cbranch_execz 9                                          // 000000003A00: BFA50009 <chunk_fwd_kernel_o+0x2228>
	v_lshlrev_b64 v[105:106], 7, v[105:106]                    // 000000003A04: D73C0069 0002D287
	s_delay_alu instid0(VALU_DEP_1) | instskip(NEXT) | instid1(VALU_DEP_1)// 000000003A0C: BF870091
	v_add_co_u32 v105, vcc_lo, s3, v105                        // 000000003A10: D7006A69 0002D203
	v_add_co_ci_u32_e64 v106, null, s14, v106, vcc_lo          // 000000003A18: D5207C6A 01AAD40E
	global_load_b32 v250, v[105:106], off                      // 000000003A20: DC520000 FA7C0069
	s_or_b32 exec_lo, exec_lo, s5                              // 000000003A28: 8C7E057E
	v_or_b32_e32 v105, 52, v253                                // 000000003A2C: 38D3FAB4
	v_dual_mov_b32 v106, s23 :: v_dual_mov_b32 v251, 0         // 000000003A30: CA100017 6AFA0080
	v_or_b32_e32 v107, 54, v253                                // 000000003A38: 38D7FAB6
	v_mov_b32_e32 v249, 0                                      // 000000003A3C: 7FF20280
	s_delay_alu instid0(VALU_DEP_4)                            // 000000003A40: BF870004
	v_or_b32_e32 v105, s22, v105                               // 000000003A44: 38D2D216
	s_mov_b32 s5, s4                                           // 000000003A48: BE850004
	s_mov_b32 s6, s4                                           // 000000003A4C: BE860004
	s_mov_b32 s7, s4                                           // 000000003A50: BE870004
	s_mov_b32 s8, s4                                           // 000000003A54: BE880004
	v_cmp_gt_i64_e32 vcc_lo, s[12:13], v[105:106]              // 000000003A58: 7CA8D20C
	s_mov_b32 s9, s4                                           // 000000003A5C: BE890004
	s_mov_b32 s10, s4                                          // 000000003A60: BE8A0004
	s_mov_b32 s11, s4                                          // 000000003A64: BE8B0004
	scratch_store_b32 off, v107, off offset:120                // 000000003A68: DC690078 007C6B00
	s_and_b32 s16, s24, vcc_lo                                 // 000000003A70: 8B106A18
	s_delay_alu instid0(SALU_CYCLE_1)                          // 000000003A74: BF870009
	s_and_saveexec_b32 s15, s16                                // 000000003A78: BE8F2010
	s_cbranch_execz 9                                          // 000000003A7C: BFA50009 <chunk_fwd_kernel_o+0x22a4>
	v_lshlrev_b64 v[105:106], 7, v[105:106]                    // 000000003A80: D73C0069 0002D287
	s_delay_alu instid0(VALU_DEP_1) | instskip(NEXT) | instid1(VALU_DEP_1)// 000000003A88: BF870091
	v_add_co_u32 v105, vcc_lo, s3, v105                        // 000000003A8C: D7006A69 0002D203
	v_add_co_ci_u32_e64 v106, null, s14, v106, vcc_lo          // 000000003A94: D5207C6A 01AAD40E
	global_load_b32 v249, v[105:106], off                      // 000000003A9C: DC520000 F97C0069
	s_or_b32 exec_lo, exec_lo, s15                             // 000000003AA4: 8C7E0F7E
	v_or_b32_e32 v105, 54, v253                                // 000000003AA8: 38D3FAB6
	v_mov_b32_e32 v146, s23                                    // 000000003AAC: 7F240217
	s_delay_alu instid0(VALU_DEP_2) | instskip(SKIP_3) | instid1(VALU_DEP_4)// 000000003AB0: BF870242
	v_or_b32_e32 v145, s22, v105                               // 000000003AB4: 3922D216
	v_dual_mov_b32 v112, s11 :: v_dual_mov_b32 v109, s8        // 000000003AB8: CA10000B 706C0008
	v_dual_mov_b32 v111, s10 :: v_dual_mov_b32 v110, s9        // 000000003AC0: CA10000A 6F6E0009
	v_mov_b32_e32 v107, s6                                     // 000000003AC8: 7ED60206
	v_cmp_gt_i64_e32 vcc_lo, s[12:13], v[145:146]              // 000000003ACC: 7CA9220C
	v_dual_mov_b32 v108, s7 :: v_dual_mov_b32 v105, s4         // 000000003AD0: CA100007 6C680004
	v_mov_b32_e32 v106, s5                                     // 000000003AD8: 7ED40205
	s_and_b32 s5, s24, vcc_lo                                  // 000000003ADC: 8B056A18
	s_delay_alu instid0(SALU_CYCLE_1)                          // 000000003AE0: BF870009
	s_and_saveexec_b32 s4, s5                                  // 000000003AE4: BE842005
	s_cbranch_execz 9                                          // 000000003AE8: BFA50009 <chunk_fwd_kernel_o+0x2310>
	v_lshlrev_b64 v[145:146], 7, v[145:146]                    // 000000003AEC: D73C0091 00032287
	s_delay_alu instid0(VALU_DEP_1) | instskip(NEXT) | instid1(VALU_DEP_1)// 000000003AF4: BF870091
	v_add_co_u32 v145, vcc_lo, s3, v145                        // 000000003AF8: D7006A91 00032203
	v_add_co_ci_u32_e64 v146, null, s14, v146, vcc_lo          // 000000003B00: D5207C92 01AB240E
	global_load_b32 v251, v[145:146], off                      // 000000003B08: DC520000 FB7C0091
	s_or_b32 exec_lo, exec_lo, s4                              // 000000003B10: 8C7E047E
	v_wmma_f32_16x16x16_bf16 v[153:160], v[217:224], v[137:144], v[105:112]// 000000003B14: CC414099 1DA713D9
	v_wmma_f32_16x16x16_bf16 v[145:152], v[17:24], v[137:144], v[105:112]// 000000003B1C: CC414091 1DA71311
	v_wmma_f32_16x16x16_bf16 v[137:144], v[217:224], v[225:232], v[105:112]// 000000003B24: CC414089 1DA7C3D9
	v_or_b32_e32 v217, 56, v253                                // 000000003B2C: 39B3FAB8
	v_wmma_f32_16x16x16_bf16 v[161:168], v[17:24], v[225:232], v[105:112]// 000000003B30: CC4140A1 1DA7C311
	v_wmma_f32_16x16x16_bf16 v[17:24], v[121:128], v[169:176], v[105:112]// 000000003B38: CC414011 1DA75379
	s_delay_alu instid0(VALU_DEP_3) | instskip(SKIP_3) | instid1(VALU_DEP_3)// 000000003B40: BF8701C3
	v_dual_mov_b32 v123, v217 :: v_dual_mov_b32 v122, s23      // 000000003B44: CA1001D9 7B7A0017
	v_or_b32_e32 v121, s22, v217                               // 000000003B4C: 38F3B216
	v_wmma_f32_16x16x16_bf16 v[225:232], v[1:8], v[169:176], v[105:112]// 000000003B50: CC4140E1 1DA75301
	v_wmma_f32_16x16x16_bf16 v[217:224], v[9:16], v[169:176], v[105:112]// 000000003B58: CC4140D9 1DA75309
	v_cmp_gt_i64_e32 vcc_lo, s[12:13], v[121:122]              // 000000003B60: 7CA8F20C
	v_wmma_f32_16x16x16_bf16 v[105:112], v[113:120], v[169:176], v[105:112]// 000000003B64: CC414069 1DA75371
	v_or_b32_e32 v1, 58, v253                                  // 000000003B6C: 3803FABA
	v_dual_mov_b32 v113, 0 :: v_dual_mov_b32 v114, 0           // 000000003B70: CA100080 71720080
	s_and_b32 s5, s24, vcc_lo                                  // 000000003B78: 8B056A18
	scratch_store_b32 off, v1, off offset:160                  // 000000003B7C: DC6900A0 007C0100
	s_and_saveexec_b32 s4, s5                                  // 000000003B84: BE842005
	s_cbranch_execz 9                                          // 000000003B88: BFA50009 <chunk_fwd_kernel_o+0x23b0>
	v_lshlrev_b64 v[1:2], 7, v[121:122]                        // 000000003B8C: D73C0001 0002F287
	s_delay_alu instid0(VALU_DEP_1) | instskip(NEXT) | instid1(VALU_DEP_1)// 000000003B94: BF870091
	v_add_co_u32 v1, vcc_lo, s3, v1                            // 000000003B98: D7006A01 00020203
	v_add_co_ci_u32_e64 v2, null, s14, v2, vcc_lo              // 000000003BA0: D5207C02 01AA040E
	global_load_b32 v114, v[1:2], off                          // 000000003BA8: DC520000 727C0001
	s_or_b32 exec_lo, exec_lo, s4                              // 000000003BB0: 8C7E047E
	v_or_b32_e32 v1, 58, v253                                  // 000000003BB4: 3803FABA
	v_mov_b32_e32 v2, s23                                      // 000000003BB8: 7E040217
	v_wmma_f32_16x16x16_bf16 v[153:160], v[57:64], v[129:136], v[153:160]// 000000003BBC: CC414099 1E670339
	v_wmma_f32_16x16x16_bf16 v[145:152], v[65:72], v[129:136], v[145:152]// 000000003BC4: CC414091 1E470341
	v_wmma_f32_16x16x16_bf16 v[137:144], v[57:64], v[89:96], v[137:144]// 000000003BCC: CC414089 1E26B339
	v_or_b32_e32 v1, s22, v1                                   // 000000003BD4: 38020216
	v_wmma_f32_16x16x16_bf16 v[161:168], v[65:72], v[89:96], v[161:168]// 000000003BD8: CC4140A1 1E86B341
	v_wmma_f32_16x16x16_bf16 v[17:24], v[241:248], v[209:216], v[17:24]// 000000003BE0: CC414011 1C47A3F1
	v_wmma_f32_16x16x16_bf16 v[225:232], v[185:192], v[209:216], v[225:232]// 000000003BE8: CC4140E1 1F87A3B9
	v_wmma_f32_16x16x16_bf16 v[217:224], v[193:200], v[209:216], v[217:224]// 000000003BF0: CC4140D9 1F67A3C1
	v_cmp_gt_i64_e32 vcc_lo, s[12:13], v[1:2]                  // 000000003BF8: 7CA8020C
	v_wmma_f32_16x16x16_bf16 v[105:112], v[201:208], v[209:216], v[105:112]// 000000003BFC: CC414069 1DA7A3C9
	s_and_b32 s5, s24, vcc_lo                                  // 000000003C04: 8B056A18
	s_delay_alu instid0(SALU_CYCLE_1)                          // 000000003C08: BF870009
	s_and_saveexec_b32 s4, s5                                  // 000000003C0C: BE842005
	s_cbranch_execz 9                                          // 000000003C10: BFA50009 <chunk_fwd_kernel_o+0x2438>
	v_lshlrev_b64 v[1:2], 7, v[1:2]                            // 000000003C14: D73C0001 00020287
	s_delay_alu instid0(VALU_DEP_1) | instskip(NEXT) | instid1(VALU_DEP_1)// 000000003C1C: BF870091
	v_add_co_u32 v1, vcc_lo, s3, v1                            // 000000003C20: D7006A01 00020203
	v_add_co_ci_u32_e64 v2, null, s14, v2, vcc_lo              // 000000003C28: D5207C02 01AA040E
	global_load_b32 v113, v[1:2], off                          // 000000003C30: DC520000 717C0001
	s_or_b32 exec_lo, exec_lo, s4                              // 000000003C38: 8C7E047E
	s_clause 0x1                                               // 000000003C3C: BF850001
	scratch_load_b128 v[1:4], off, off offset:1212             // 000000003C40: DC5D04BC 017C0000
	scratch_load_b128 v[5:8], off, off offset:1228             // 000000003C48: DC5D04CC 057C0000
	s_load_b64 s[4:5], s[0:1], 0x10                            // 000000003C50: F4040100 F8000010
	v_or_b32_e32 v186, 60, v253                                // 000000003C58: 3975FABC
	v_wmma_f32_16x16x16_bf16 v[145:152], v[25:32], v[41:48], v[145:152]// 000000003C5C: CC414091 1E465319
	v_wmma_f32_16x16x16_bf16 v[161:168], v[25:32], v[33:40], v[161:168]// 000000003C64: CC4140A1 1E864319
	v_or_b32_e32 v185, 62, v253                                // 000000003C6C: 3973FABE
	v_dual_mov_b32 v30, 0 :: v_dual_mov_b32 v31, 0             // 000000003C70: CA100080 1E1E0080
	s_waitcnt vmcnt(0)                                         // 000000003C78: BF8903F7
	v_wmma_f32_16x16x16_bf16 v[153:160], v[1:8], v[41:48], v[153:160]// 000000003C7C: CC414099 1E665301
	v_wmma_f32_16x16x16_bf16 v[137:144], v[1:8], v[33:40], v[137:144]// 000000003C84: CC414089 1E264301
	s_clause 0x1                                               // 000000003C8C: BF850001
	scratch_load_b128 v[3:6], off, off offset:1500             // 000000003C90: DC5D05DC 037C0000
	scratch_load_b128 v[7:10], off, off offset:1516            // 000000003C98: DC5D05EC 077C0000
	v_or_b32_e32 v1, s22, v186                                 // 000000003CA0: 38037416
	v_mov_b32_e32 v2, s23                                      // 000000003CA4: 7E040217
	s_delay_alu instid0(VALU_DEP_1)                            // 000000003CA8: BF870001
	v_cmp_gt_i64_e32 vcc_lo, s[12:13], v[1:2]                  // 000000003CAC: 7CA8020C
	s_and_b32 s7, s24, vcc_lo                                  // 000000003CB0: 8B076A18
	s_waitcnt vmcnt(0)                                         // 000000003CB4: BF8903F7
	v_wmma_f32_16x16x16_bf16 v[17:24], v[3:10], v[81:88], v[17:24]// 000000003CB8: CC414011 1C46A303
	s_clause 0x1                                               // 000000003CC0: BF850001
	scratch_load_b128 v[3:6], off, off offset:1532             // 000000003CC4: DC5D05FC 037C0000
	scratch_load_b128 v[7:10], off, off offset:1548            // 000000003CCC: DC5D060C 077C0000
	s_waitcnt vmcnt(0)                                         // 000000003CD4: BF8903F7
	v_wmma_f32_16x16x16_bf16 v[225:232], v[3:10], v[81:88], v[225:232]// 000000003CD8: CC4140E1 1F86A303
	s_clause 0x1                                               // 000000003CE0: BF850001
	scratch_load_b128 v[3:6], off, off offset:1564             // 000000003CE4: DC5D061C 037C0000
	scratch_load_b128 v[7:10], off, off offset:1580            // 000000003CEC: DC5D062C 077C0000
	s_waitcnt vmcnt(0)                                         // 000000003CF4: BF8903F7
	v_wmma_f32_16x16x16_bf16 v[217:224], v[3:10], v[81:88], v[217:224]// 000000003CF8: CC4140D9 1F66A303
	s_clause 0x1                                               // 000000003D00: BF850001
	scratch_load_b128 v[3:6], off, off offset:1596             // 000000003D04: DC5D063C 037C0000
	scratch_load_b128 v[7:10], off, off offset:1612            // 000000003D0C: DC5D064C 077C0000
	s_waitcnt vmcnt(0)                                         // 000000003D14: BF8903F7
	v_wmma_f32_16x16x16_bf16 v[105:112], v[3:10], v[81:88], v[105:112]// 000000003D18: CC414069 1DA6A303
	s_and_saveexec_b32 s6, s7                                  // 000000003D20: BE862007
	s_cbranch_execz 9                                          // 000000003D24: BFA50009 <chunk_fwd_kernel_o+0x254c>
	v_lshlrev_b64 v[1:2], 7, v[1:2]                            // 000000003D28: D73C0001 00020287
	s_delay_alu instid0(VALU_DEP_1) | instskip(NEXT) | instid1(VALU_DEP_1)// 000000003D30: BF870091
	v_add_co_u32 v1, vcc_lo, s3, v1                            // 000000003D34: D7006A01 00020203
	v_add_co_ci_u32_e64 v2, null, s14, v2, vcc_lo              // 000000003D3C: D5207C02 01AA040E
	global_load_b32 v31, v[1:2], off                           // 000000003D44: DC520000 1F7C0001
	s_or_b32 exec_lo, exec_lo, s6                              // 000000003D4C: 8C7E067E
	s_clause 0x5                                               // 000000003D50: BF850005
	scratch_load_b128 v[1:4], off, off offset:1052             // 000000003D54: DC5D041C 017C0000
	scratch_load_b128 v[5:8], off, off offset:1068             // 000000003D5C: DC5D042C 057C0000
	scratch_load_b128 v[32:35], off, off offset:1180           // 000000003D64: DC5D049C 207C0000
	scratch_load_b128 v[36:39], off, off offset:1196           // 000000003D6C: DC5D04AC 247C0000
	scratch_load_b128 v[9:12], off, off offset:1084            // 000000003D74: DC5D043C 097C0000
	scratch_load_b128 v[13:16], off, off offset:1100           // 000000003D7C: DC5D044C 0D7C0000
	s_waitcnt vmcnt(2)                                         // 000000003D84: BF890BF7
	v_wmma_f32_16x16x16_bf16 v[153:160], v[1:8], v[32:39], v[153:160]// 000000003D88: CC414099 1E664101
	s_waitcnt vmcnt(0)                                         // 000000003D90: BF8903F7
	v_wmma_f32_16x16x16_bf16 v[145:152], v[9:16], v[32:39], v[145:152]// 000000003D94: CC414091 1E464109
	s_clause 0x1                                               // 000000003D9C: BF850001
	scratch_load_b128 v[32:35], off, off offset:1148           // 000000003DA0: DC5D047C 207C0000
	scratch_load_b128 v[36:39], off, off offset:1164           // 000000003DA8: DC5D048C 247C0000
	s_waitcnt vmcnt(0)                                         // 000000003DB0: BF8903F7
	v_wmma_f32_16x16x16_bf16 v[137:144], v[1:8], v[32:39], v[137:144]// 000000003DB4: CC414089 1E264101
	v_wmma_f32_16x16x16_bf16 v[161:168], v[9:16], v[32:39], v[161:168]// 000000003DBC: CC4140A1 1E864109
	s_clause 0x1                                               // 000000003DC4: BF850001
	scratch_load_b128 v[3:6], off, off offset:1468             // 000000003DC8: DC5D05BC 037C0000
	scratch_load_b128 v[7:10], off, off offset:1484            // 000000003DD0: DC5D05CC 077C0000
	v_or_b32_e32 v1, s22, v185                                 // 000000003DD8: 38037216
	v_mov_b32_e32 v2, s23                                      // 000000003DDC: 7E040217
	s_delay_alu instid0(VALU_DEP_1)                            // 000000003DE0: BF870001
	v_cmp_gt_i64_e32 vcc_lo, s[12:13], v[1:2]                  // 000000003DE4: 7CA8020C
	s_and_b32 s7, s24, vcc_lo                                  // 000000003DE8: 8B076A18
	s_waitcnt vmcnt(0)                                         // 000000003DEC: BF8903F7
	v_wmma_f32_16x16x16_bf16 v[17:24], v[3:10], v[233:240], v[17:24]// 000000003DF0: CC414011 1C47D303
	s_clause 0x1                                               // 000000003DF8: BF850001
	scratch_load_b128 v[3:6], off, off offset:1372             // 000000003DFC: DC5D055C 037C0000
	scratch_load_b128 v[7:10], off, off offset:1388            // 000000003E04: DC5D056C 077C0000
	s_waitcnt vmcnt(0)                                         // 000000003E0C: BF8903F7
	v_wmma_f32_16x16x16_bf16 v[225:232], v[3:10], v[233:240], v[225:232]// 000000003E10: CC4140E1 1F87D303
	s_clause 0x1                                               // 000000003E18: BF850001
	scratch_load_b128 v[3:6], off, off offset:1404             // 000000003E1C: DC5D057C 037C0000
	scratch_load_b128 v[7:10], off, off offset:1420            // 000000003E24: DC5D058C 077C0000
	s_waitcnt vmcnt(0)                                         // 000000003E2C: BF8903F7
	v_wmma_f32_16x16x16_bf16 v[217:224], v[3:10], v[233:240], v[217:224]// 000000003E30: CC4140D9 1F67D303
	s_clause 0x1                                               // 000000003E38: BF850001
	scratch_load_b128 v[3:6], off, off offset:1436             // 000000003E3C: DC5D059C 037C0000
	scratch_load_b128 v[7:10], off, off offset:1452            // 000000003E44: DC5D05AC 077C0000
	s_waitcnt vmcnt(0)                                         // 000000003E4C: BF8903F7
	v_wmma_f32_16x16x16_bf16 v[105:112], v[3:10], v[233:240], v[105:112]// 000000003E50: CC414069 1DA7D303
	s_and_saveexec_b32 s6, s7                                  // 000000003E58: BE862007
	s_cbranch_execz 9                                          // 000000003E5C: BFA50009 <chunk_fwd_kernel_o+0x2684>
	v_lshlrev_b64 v[1:2], 7, v[1:2]                            // 000000003E60: D73C0001 00020287
	s_delay_alu instid0(VALU_DEP_1) | instskip(NEXT) | instid1(VALU_DEP_1)// 000000003E68: BF870091
	v_add_co_u32 v1, vcc_lo, s3, v1                            // 000000003E6C: D7006A01 00020203
	v_add_co_ci_u32_e64 v2, null, s14, v2, vcc_lo              // 000000003E74: D5207C02 01AA040E
	global_load_b32 v30, v[1:2], off                           // 000000003E7C: DC520000 1E7C0001
	s_or_b32 exec_lo, exec_lo, s6                              // 000000003E84: 8C7E067E
	s_clause 0x5                                               // 000000003E88: BF850005
	scratch_load_b128 v[1:4], off, off offset:668              // 000000003E8C: DC5D029C 017C0000
	scratch_load_b128 v[5:8], off, off offset:684              // 000000003E94: DC5D02AC 057C0000
	scratch_load_b128 v[32:35], off, off offset:1116           // 000000003E9C: DC5D045C 207C0000
	scratch_load_b128 v[36:39], off, off offset:1132           // 000000003EA4: DC5D046C 247C0000
	scratch_load_b128 v[9:12], off, off offset:828             // 000000003EAC: DC5D033C 097C0000
	scratch_load_b128 v[13:16], off, off offset:844            // 000000003EB4: DC5D034C 0D7C0000
	s_lshl_b32 s2, s2, 7                                       // 000000003EBC: 84028702
	s_delay_alu instid0(SALU_CYCLE_1) | instskip(NEXT) | instid1(SALU_CYCLE_1)// 000000003EC0: BF870499
	s_ashr_i32 s3, s2, 31                                      // 000000003EC4: 86039F02
	s_lshl_b64 s[14:15], s[2:3], 1                             // 000000003EC8: 848E8102
	s_waitcnt lgkmcnt(0)                                       // 000000003ECC: BF89FC07
	s_add_u32 s2, s4, s14                                      // 000000003ED0: 80020E04
	s_addc_u32 s3, s5, s15                                     // 000000003ED4: 82030F05
	s_waitcnt vmcnt(2)                                         // 000000003ED8: BF890BF7
	v_wmma_f32_16x16x16_bf16 v[153:160], v[1:8], v[32:39], v[153:160]// 000000003EDC: CC414099 1E664101
	s_waitcnt vmcnt(0)                                         // 000000003EE4: BF8903F7
	v_wmma_f32_16x16x16_bf16 v[145:152], v[9:16], v[32:39], v[145:152]// 000000003EE8: CC414091 1E464109
	s_clause 0x1                                               // 000000003EF0: BF850001
	scratch_load_b128 v[32:35], off, off offset:892            // 000000003EF4: DC5D037C 207C0000
	scratch_load_b128 v[36:39], off, off offset:908            // 000000003EFC: DC5D038C 247C0000
	s_waitcnt vmcnt(0)                                         // 000000003F04: BF8903F7
	v_wmma_f32_16x16x16_bf16 v[137:144], v[1:8], v[32:39], v[137:144]// 000000003F08: CC414089 1E264101
	v_and_b32_e32 v1, 0x78, v0                                 // 000000003F10: 360200FF 00000078
	v_wmma_f32_16x16x16_bf16 v[161:168], v[9:16], v[32:39], v[161:168]// 000000003F18: CC4140A1 1E864109
	s_delay_alu instid0(VALU_DEP_2)                            // 000000003F20: BF870002
	v_lshrrev_b32_e32 v12, 3, v1                               // 000000003F24: 32180283
	s_clause 0x1                                               // 000000003F28: BF850001
	scratch_load_b128 v[1:4], off, off offset:1308             // 000000003F2C: DC5D051C 017C0000
	scratch_load_b128 v[5:8], off, off offset:1324             // 000000003F34: DC5D052C 057C0000
	s_waitcnt vmcnt(0)                                         // 000000003F3C: BF8903F7
	v_wmma_f32_16x16x16_bf16 v[17:24], v[1:8], v[97:104], v[17:24]// 000000003F40: CC414011 1C46C301
	s_clause 0x1                                               // 000000003F48: BF850001
	scratch_load_b128 v[1:4], off, off offset:1340             // 000000003F4C: DC5D053C 017C0000
	scratch_load_b128 v[5:8], off, off offset:1356             // 000000003F54: DC5D054C 057C0000
	s_waitcnt vmcnt(0)                                         // 000000003F5C: BF8903F7
	v_wmma_f32_16x16x16_bf16 v[225:232], v[1:8], v[97:104], v[225:232]// 000000003F60: CC4140E1 1F86C301
	s_clause 0x3                                               // 000000003F68: BF850003
	scratch_load_b128 v[4:7], off, off offset:1276             // 000000003F6C: DC5D04FC 047C0000
	scratch_load_b128 v[8:11], off, off offset:1292            // 000000003F74: DC5D050C 087C0000
	scratch_load_b128 v[32:35], off, off offset:1244           // 000000003F7C: DC5D04DC 207C0000
	scratch_load_b128 v[36:39], off, off offset:1260           // 000000003F84: DC5D04EC 247C0000
	v_or_b32_e32 v2, s22, v12                                  // 000000003F8C: 38041816
	v_mov_b32_e32 v3, s23                                      // 000000003F90: 7E060217
	v_and_b32_e32 v1, 7, v0                                    // 000000003F94: 36020087
	s_waitcnt vmcnt(2)                                         // 000000003F98: BF890BF7
	v_wmma_f32_16x16x16_bf16 v[217:224], v[4:11], v[97:104], v[217:224]// 000000003F9C: CC4140D9 1F66C304
	v_mov_b32_e32 v8, 0                                        // 000000003FA4: 7E100280
	v_cmp_gt_i64_e32 vcc_lo, s[12:13], v[2:3]                  // 000000003FA8: 7CA8040C
	v_lshl_or_b32 v4, v1, 3, s18                               // 000000003FAC: D6560004 00490701
	v_mov_b32_e32 v5, s19                                      // 000000003FB4: 7E0A0213
	s_waitcnt vmcnt(0)                                         // 000000003FB8: BF8903F7
	v_wmma_f32_16x16x16_bf16 v[105:112], v[32:39], v[97:104], v[105:112]// 000000003FBC: CC414069 1DA6C320
	v_dual_mov_b32 v1, 0 :: v_dual_mov_b32 v6, 0               // 000000003FC4: CA100080 01060080
	s_and_b32 s5, s24, vcc_lo                                  // 000000003FCC: 8B056A18
	v_cmp_gt_i64_e32 vcc_lo, 0x80, v[4:5]                      // 000000003FD0: 7CA808FF 00000080
	v_lshlrev_b64 v[25:26], 1, v[4:5]                          // 000000003FD8: D73C0019 00020881
	v_mov_b32_e32 v5, 0                                        // 000000003FE0: 7E0A0280
	v_mov_b32_e32 v7, 0                                        // 000000003FE4: 7E0E0280
	s_and_b32 s4, s20, vcc_lo                                  // 000000003FE8: 8B046A14
	s_delay_alu instid0(SALU_CYCLE_1) | instskip(NEXT) | instid1(SALU_CYCLE_1)// 000000003FEC: BF870499
	s_and_b32 s6, s4, s5                                       // 000000003FF0: 8B060504
	s_and_saveexec_b32 s5, s6                                  // 000000003FF4: BE852006
	s_cbranch_execz 14                                         // 000000003FF8: BFA5000E <chunk_fwd_kernel_o+0x2834>
	v_lshlrev_b64 v[2:3], 13, v[2:3]                           // 000000003FFC: D73C0002 0002048D
	s_delay_alu instid0(VALU_DEP_1) | instskip(NEXT) | instid1(VALU_DEP_1)// 000000004004: BF870091
	v_add_co_u32 v2, vcc_lo, s2, v2                            // 000000004008: D7006A02 00020402
	v_add_co_ci_u32_e64 v3, null, s3, v3, vcc_lo               // 000000004010: D5207C03 01AA0603
	s_delay_alu instid0(VALU_DEP_2) | instskip(NEXT) | instid1(VALU_DEP_1)// 000000004018: BF870092
	v_add_co_u32 v2, vcc_lo, v2, v25                           // 00000000401C: D7006A02 00023302
	v_add_co_ci_u32_e64 v3, null, v3, v26, vcc_lo              // 000000004024: D5207C03 01AA3503
	global_load_b128 v[5:8], v[2:3], off                       // 00000000402C: DC5E0000 057C0002
	s_or_b32 exec_lo, exec_lo, s5                              // 000000004034: 8C7E057E
	s_clause 0x5                                               // 000000004038: BF850005
	scratch_load_b128 v[32:35], off, off offset:380            // 00000000403C: DC5D017C 207C0000
	scratch_load_b128 v[36:39], off, off offset:396            // 000000004044: DC5D018C 247C0000
	scratch_load_b128 v[57:60], off, off offset:860            // 00000000404C: DC5D035C 397C0000
	scratch_load_b128 v[61:64], off, off offset:876            // 000000004054: DC5D036C 3D7C0000
	scratch_load_b128 v[40:43], off, off offset:412            // 00000000405C: DC5D019C 287C0000
	scratch_load_b128 v[44:47], off, off offset:428            // 000000004064: DC5D01AC 2C7C0000
	v_or3_b32 v9, v12, s22, 16                                 // 00000000406C: D6580009 02402D0C
	v_dual_mov_b32 v10, s23 :: v_dual_mov_b32 v3, 0            // 000000004074: CA100017 0A020080
	v_mov_b32_e32 v2, 0                                        // 00000000407C: 7E040280
	v_mov_b32_e32 v4, 0                                        // 000000004080: 7E080280
	s_delay_alu instid0(VALU_DEP_3) | instskip(SKIP_1) | instid1(SALU_CYCLE_1)// 000000004084: BF8704A3
	v_cmp_gt_i64_e32 vcc_lo, s[12:13], v[9:10]                 // 000000004088: 7CA8120C
	s_and_b32 s5, s24, vcc_lo                                  // 00000000408C: 8B056A18
	s_and_b32 s6, s4, s5                                       // 000000004090: 8B060504
	s_waitcnt vmcnt(2)                                         // 000000004094: BF890BF7
	v_wmma_f32_16x16x16_bf16 v[153:160], v[32:39], v[57:64], v[153:160]// 000000004098: CC414099 1E667320
	s_waitcnt vmcnt(0)                                         // 0000000040A0: BF8903F7
	v_wmma_f32_16x16x16_bf16 v[145:152], v[40:47], v[57:64], v[145:152]// 0000000040A4: CC414091 1E467328
	s_clause 0x1                                               // 0000000040AC: BF850001
	scratch_load_b128 v[57:60], off, off offset:636            // 0000000040B0: DC5D027C 397C0000
	scratch_load_b128 v[61:64], off, off offset:652            // 0000000040B8: DC5D028C 3D7C0000
	s_waitcnt vmcnt(0)                                         // 0000000040C0: BF8903F7
	v_wmma_f32_16x16x16_bf16 v[137:144], v[32:39], v[57:64], v[137:144]// 0000000040C4: CC414089 1E267320
	s_clause 0x1                                               // 0000000040CC: BF850001
	scratch_load_b128 v[32:35], off, off offset:988            // 0000000040D0: DC5D03DC 207C0000
	scratch_load_b128 v[36:39], off, off offset:1004           // 0000000040D8: DC5D03EC 247C0000
	v_wmma_f32_16x16x16_bf16 v[161:168], v[40:47], v[57:64], v[161:168]// 0000000040E0: CC4140A1 1E867328
	s_waitcnt vmcnt(0)                                         // 0000000040E8: BF8903F7
	v_wmma_f32_16x16x16_bf16 v[17:24], v[32:39], v[177:184], v[17:24]// 0000000040EC: CC414011 1C476320
	s_clause 0x1                                               // 0000000040F4: BF850001
	scratch_load_b128 v[32:35], off, off offset:1020           // 0000000040F8: DC5D03FC 207C0000
	scratch_load_b128 v[36:39], off, off offset:1036           // 000000004100: DC5D040C 247C0000
	s_waitcnt vmcnt(0)                                         // 000000004108: BF8903F7
	v_wmma_f32_16x16x16_bf16 v[225:232], v[32:39], v[177:184], v[225:232]// 00000000410C: CC4140E1 1F876320
	s_clause 0x1                                               // 000000004114: BF850001
	scratch_load_b128 v[32:35], off, off offset:924            // 000000004118: DC5D039C 207C0000
	scratch_load_b128 v[36:39], off, off offset:940            // 000000004120: DC5D03AC 247C0000
	s_waitcnt vmcnt(0)                                         // 000000004128: BF8903F7
	v_wmma_f32_16x16x16_bf16 v[217:224], v[32:39], v[177:184], v[217:224]// 00000000412C: CC4140D9 1F676320
	s_clause 0x1                                               // 000000004134: BF850001
	scratch_load_b128 v[32:35], off, off offset:956            // 000000004138: DC5D03BC 207C0000
	scratch_load_b128 v[36:39], off, off offset:972            // 000000004140: DC5D03CC 247C0000
	s_waitcnt vmcnt(0)                                         // 000000004148: BF8903F7
	v_wmma_f32_16x16x16_bf16 v[105:112], v[32:39], v[177:184], v[105:112]// 00000000414C: CC414069 1DA76320
	s_and_saveexec_b32 s5, s6                                  // 000000004154: BE852006
	s_cbranch_execz 14                                         // 000000004158: BFA5000E <chunk_fwd_kernel_o+0x2994>
	v_lshlrev_b64 v[1:2], 13, v[9:10]                          // 00000000415C: D73C0001 0002128D
	s_delay_alu instid0(VALU_DEP_1) | instskip(NEXT) | instid1(VALU_DEP_1)// 000000004164: BF870091
	v_add_co_u32 v1, vcc_lo, s2, v1                            // 000000004168: D7006A01 00020202
	v_add_co_ci_u32_e64 v2, null, s3, v2, vcc_lo               // 000000004170: D5207C02 01AA0403
	s_delay_alu instid0(VALU_DEP_2) | instskip(NEXT) | instid1(VALU_DEP_1)// 000000004178: BF870092
	v_add_co_u32 v1, vcc_lo, v1, v25                           // 00000000417C: D7006A01 00023301
	v_add_co_ci_u32_e64 v2, null, v2, v26, vcc_lo              // 000000004184: D5207C02 01AA3502
	global_load_b128 v[1:4], v[1:2], off                       // 00000000418C: DC5E0000 017C0001
	s_or_b32 exec_lo, exec_lo, s5                              // 000000004194: 8C7E057E
	s_clause 0x5                                               // 000000004198: BF850005
	scratch_load_b128 v[32:35], off, off offset:252            // 00000000419C: DC5D00FC 207C0000
	scratch_load_b128 v[36:39], off, off offset:268            // 0000000041A4: DC5D010C 247C0000
	scratch_load_b128 v[57:60], off, off offset:476            // 0000000041AC: DC5D01DC 397C0000
	scratch_load_b128 v[61:64], off, off offset:492            // 0000000041B4: DC5D01EC 3D7C0000
	scratch_load_b128 v[40:43], off, off offset:348            // 0000000041BC: DC5D015C 287C0000
	scratch_load_b128 v[44:47], off, off offset:364            // 0000000041C4: DC5D016C 2C7C0000
	s_load_b64 s[16:17], s[0:1], 0x28                          // 0000000041CC: F4040400 F8000028
	v_or3_b32 v10, v12, s22, 32                                // 0000000041D4: D658000A 02802D0C
	v_dual_mov_b32 v11, s23 :: v_dual_mov_b32 v14, 0           // 0000000041DC: CA100017 0B0E0080
	v_dual_mov_b32 v9, 0 :: v_dual_mov_b32 v16, 0              // 0000000041E4: CA100080 09100080
	v_mov_b32_e32 v13, 0                                       // 0000000041EC: 7E1A0280
	s_delay_alu instid0(VALU_DEP_3) | instskip(SKIP_2) | instid1(SALU_CYCLE_1)// 0000000041F0: BF8704B3
	v_cmp_gt_i64_e32 vcc_lo, s[12:13], v[10:11]                // 0000000041F4: 7CA8140C
	v_mov_b32_e32 v15, 0                                       // 0000000041F8: 7E1E0280
	s_and_b32 s5, s24, vcc_lo                                  // 0000000041FC: 8B056A18
	s_and_b32 s6, s4, s5                                       // 000000004200: 8B060504
	s_waitcnt vmcnt(2)                                         // 000000004204: BF890BF7
	v_wmma_f32_16x16x16_bf16 v[153:160], v[32:39], v[57:64], v[153:160]// 000000004208: CC414099 1E667320
	s_waitcnt vmcnt(0)                                         // 000000004210: BF8903F7
	v_wmma_f32_16x16x16_bf16 v[145:152], v[40:47], v[57:64], v[145:152]// 000000004214: CC414091 1E467328
	s_clause 0x1                                               // 00000000421C: BF850001
	scratch_load_b128 v[57:60], off, off offset:444            // 000000004220: DC5D01BC 397C0000
	scratch_load_b128 v[61:64], off, off offset:460            // 000000004228: DC5D01CC 3D7C0000
	s_waitcnt vmcnt(0)                                         // 000000004230: BF8903F7
	v_wmma_f32_16x16x16_bf16 v[137:144], v[32:39], v[57:64], v[137:144]// 000000004234: CC414089 1E267320
	s_clause 0x1                                               // 00000000423C: BF850001
	scratch_load_b128 v[32:35], off, off offset:700            // 000000004240: DC5D02BC 207C0000
	scratch_load_b128 v[36:39], off, off offset:716            // 000000004248: DC5D02CC 247C0000
	v_wmma_f32_16x16x16_bf16 v[161:168], v[40:47], v[57:64], v[161:168]// 000000004250: CC4140A1 1E867328
	s_waitcnt vmcnt(0)                                         // 000000004258: BF8903F7
	v_wmma_f32_16x16x16_bf16 v[17:24], v[32:39], v[73:80], v[17:24]// 00000000425C: CC414011 1C469320
	s_clause 0x1                                               // 000000004264: BF850001
	scratch_load_b128 v[32:35], off, off offset:732            // 000000004268: DC5D02DC 207C0000
	scratch_load_b128 v[36:39], off, off offset:748            // 000000004270: DC5D02EC 247C0000
	s_waitcnt vmcnt(0)                                         // 000000004278: BF8903F7
	v_wmma_f32_16x16x16_bf16 v[225:232], v[32:39], v[73:80], v[225:232]// 00000000427C: CC4140E1 1F869320
	s_clause 0x1                                               // 000000004284: BF850001
	scratch_load_b128 v[32:35], off, off offset:764            // 000000004288: DC5D02FC 207C0000
	scratch_load_b128 v[36:39], off, off offset:780            // 000000004290: DC5D030C 247C0000
	s_waitcnt vmcnt(0)                                         // 000000004298: BF8903F7
	v_wmma_f32_16x16x16_bf16 v[217:224], v[32:39], v[73:80], v[217:224]// 00000000429C: CC4140D9 1F669320
	s_clause 0x1                                               // 0000000042A4: BF850001
	scratch_load_b128 v[32:35], off, off offset:796            // 0000000042A8: DC5D031C 207C0000
	scratch_load_b128 v[36:39], off, off offset:812            // 0000000042B0: DC5D032C 247C0000
	s_waitcnt vmcnt(0)                                         // 0000000042B8: BF8903F7
	v_wmma_f32_16x16x16_bf16 v[105:112], v[32:39], v[73:80], v[105:112]// 0000000042BC: CC414069 1DA69320
	s_and_saveexec_b32 s5, s6                                  // 0000000042C4: BE852006
	s_cbranch_execz 14                                         // 0000000042C8: BFA5000E <chunk_fwd_kernel_o+0x2b04>
	v_lshlrev_b64 v[10:11], 13, v[10:11]                       // 0000000042CC: D73C000A 0002148D
	s_delay_alu instid0(VALU_DEP_1) | instskip(NEXT) | instid1(VALU_DEP_1)// 0000000042D4: BF870091
	v_add_co_u32 v10, vcc_lo, s2, v10                          // 0000000042D8: D7006A0A 00021402
	v_add_co_ci_u32_e64 v11, null, s3, v11, vcc_lo             // 0000000042E0: D5207C0B 01AA1603
	s_delay_alu instid0(VALU_DEP_2) | instskip(NEXT) | instid1(VALU_DEP_1)// 0000000042E8: BF870092
	v_add_co_u32 v10, vcc_lo, v10, v25                         // 0000000042EC: D7006A0A 0002330A
	v_add_co_ci_u32_e64 v11, null, v11, v26, vcc_lo            // 0000000042F4: D5207C0B 01AA350B
	global_load_b128 v[13:16], v[10:11], off                   // 0000000042FC: DC5E0000 0D7C000A
	s_or_b32 exec_lo, exec_lo, s5                              // 000000004304: 8C7E057E
	s_clause 0x5                                               // 000000004308: BF850005
	scratch_load_b128 v[32:35], off, off offset:188            // 00000000430C: DC5D00BC 207C0000
	scratch_load_b128 v[36:39], off, off offset:204            // 000000004314: DC5D00CC 247C0000
	scratch_load_b128 v[57:60], off, off offset:316            // 00000000431C: DC5D013C 397C0000
	scratch_load_b128 v[61:64], off, off offset:332            // 000000004324: DC5D014C 3D7C0000
	scratch_load_b128 v[40:43], off, off offset:220            // 00000000432C: DC5D00DC 287C0000
	scratch_load_b128 v[44:47], off, off offset:236            // 000000004334: DC5D00EC 2C7C0000
	s_load_b32 s25, s[0:1], 0x40                               // 00000000433C: F4000640 F8000040
	v_or3_b32 v27, v12, s22, 48                                // 000000004344: D658001B 02C02D0C
	v_dual_mov_b32 v28, s23 :: v_dual_and_b32 v29, 16, v0      // 00000000434C: CA240017 1C1C0090
	v_dual_mov_b32 v10, 0 :: v_dual_mov_b32 v11, 0             // 000000004354: CA100080 0A0A0080
	v_mov_b32_e32 v12, 0                                       // 00000000435C: 7E180280
	s_delay_alu instid0(VALU_DEP_3) | instskip(SKIP_1) | instid1(SALU_CYCLE_1)// 000000004360: BF8704A3
	v_cmp_gt_i64_e32 vcc_lo, s[12:13], v[27:28]                // 000000004364: 7CA8360C
	s_and_b32 s0, s24, vcc_lo                                  // 000000004368: 8B006A18
	s_and_b32 s1, s4, s0                                       // 00000000436C: 8B010004
	s_mov_b32 s4, 0                                            // 000000004370: BE840080
	s_waitcnt vmcnt(2)                                         // 000000004374: BF890BF7
	v_wmma_f32_16x16x16_bf16 v[153:160], v[32:39], v[57:64], v[153:160]// 000000004378: CC414099 1E667320
	s_waitcnt vmcnt(0)                                         // 000000004380: BF8903F7
	v_wmma_f32_16x16x16_bf16 v[145:152], v[40:47], v[57:64], v[145:152]// 000000004384: CC414091 1E467328
	s_clause 0x1                                               // 00000000438C: BF850001
	scratch_load_b128 v[57:60], off, off offset:284            // 000000004390: DC5D011C 397C0000
	scratch_load_b128 v[61:64], off, off offset:300            // 000000004398: DC5D012C 3D7C0000
	s_waitcnt vmcnt(0)                                         // 0000000043A0: BF8903F7
	v_wmma_f32_16x16x16_bf16 v[137:144], v[32:39], v[57:64], v[137:144]// 0000000043A4: CC414089 1E267320
	s_clause 0x1                                               // 0000000043AC: BF850001
	scratch_load_b128 v[32:35], off, off offset:508            // 0000000043B0: DC5D01FC 207C0000
	scratch_load_b128 v[36:39], off, off offset:524            // 0000000043B8: DC5D020C 247C0000
	v_wmma_f32_16x16x16_bf16 v[161:168], v[40:47], v[57:64], v[161:168]// 0000000043C0: CC4140A1 1E867328
	s_waitcnt vmcnt(0)                                         // 0000000043C8: BF8903F7
	v_wmma_f32_16x16x16_bf16 v[17:24], v[32:39], v[49:56], v[17:24]// 0000000043CC: CC414011 1C466320
	s_clause 0x1                                               // 0000000043D4: BF850001
	scratch_load_b128 v[32:35], off, off offset:540            // 0000000043D8: DC5D021C 207C0000
	scratch_load_b128 v[36:39], off, off offset:556            // 0000000043E0: DC5D022C 247C0000
	s_waitcnt vmcnt(0)                                         // 0000000043E8: BF8903F7
	v_wmma_f32_16x16x16_bf16 v[225:232], v[32:39], v[49:56], v[225:232]// 0000000043EC: CC4140E1 1F866320
	s_clause 0x1                                               // 0000000043F4: BF850001
	scratch_load_b128 v[32:35], off, off offset:572            // 0000000043F8: DC5D023C 207C0000
	scratch_load_b128 v[36:39], off, off offset:588            // 000000004400: DC5D024C 247C0000
	s_waitcnt vmcnt(0)                                         // 000000004408: BF8903F7
	v_wmma_f32_16x16x16_bf16 v[217:224], v[32:39], v[49:56], v[217:224]// 00000000440C: CC4140D9 1F666320
	s_clause 0x1                                               // 000000004414: BF850001
	scratch_load_b128 v[32:35], off, off offset:604            // 000000004418: DC5D025C 207C0000
	scratch_load_b128 v[36:39], off, off offset:620            // 000000004420: DC5D026C 247C0000
	s_waitcnt vmcnt(0)                                         // 000000004428: BF8903F7
	v_wmma_f32_16x16x16_bf16 v[105:112], v[32:39], v[49:56], v[105:112]// 00000000442C: CC414069 1DA66320
	s_and_saveexec_b32 s0, s1                                  // 000000004434: BE802001
	s_cbranch_execz 14                                         // 000000004438: BFA5000E <chunk_fwd_kernel_o+0x2c74>
	v_lshlrev_b64 v[9:10], 13, v[27:28]                        // 00000000443C: D73C0009 0002368D
	s_delay_alu instid0(VALU_DEP_1) | instskip(NEXT) | instid1(VALU_DEP_1)// 000000004444: BF870091
	v_add_co_u32 v9, vcc_lo, s2, v9                            // 000000004448: D7006A09 00021202
	v_add_co_ci_u32_e64 v10, null, s3, v10, vcc_lo             // 000000004450: D5207C0A 01AA1403
	s_delay_alu instid0(VALU_DEP_2) | instskip(NEXT) | instid1(VALU_DEP_1)// 000000004458: BF870092
	v_add_co_u32 v9, vcc_lo, v9, v25                           // 00000000445C: D7006A09 00023309
	v_add_co_ci_u32_e64 v10, null, v10, v26, vcc_lo            // 000000004464: D5207C0A 01AA350A
	global_load_b128 v[9:12], v[9:10], off                     // 00000000446C: DC5E0000 097C0009
	s_or_b32 exec_lo, exec_lo, s0                              // 000000004474: 8C7E007E
	s_clause 0x19                                              // 000000004478: BF850019
	scratch_load_b32 v32, off, off offset:8                    // 00000000447C: DC510008 207C0000
	scratch_load_b32 v33, off, off offset:12                   // 000000004484: DC51000C 217C0000
	scratch_load_b32 v60, off, off offset:20                   // 00000000448C: DC510014 3C7C0000
	scratch_load_b32 v62, off, off offset:28                   // 000000004494: DC51001C 3E7C0000
	scratch_load_b32 v64, off, off offset:36                   // 00000000449C: DC510024 407C0000
	scratch_load_b32 v65, off, off offset:32                   // 0000000044A4: DC510020 417C0000
	scratch_load_b32 v63, off, off offset:24                   // 0000000044AC: DC510018 3F7C0000
	scratch_load_b32 v61, off, off offset:16                   // 0000000044B4: DC510010 3D7C0000
	scratch_load_b32 v66, off, off offset:44                   // 0000000044BC: DC51002C 427C0000
	scratch_load_b32 v68, off, off offset:52                   // 0000000044C4: DC510034 447C0000
	scratch_load_b32 v70, off, off offset:60                   // 0000000044CC: DC51003C 467C0000
	scratch_load_b32 v72, off, off offset:68                   // 0000000044D4: DC510044 487C0000
	scratch_load_b32 v73, off, off offset:64                   // 0000000044DC: DC510040 497C0000
	scratch_load_b32 v71, off, off offset:56                   // 0000000044E4: DC510038 477C0000
	scratch_load_b32 v69, off, off offset:48                   // 0000000044EC: DC510030 457C0000
	scratch_load_b32 v67, off, off offset:40                   // 0000000044F4: DC510028 437C0000
	scratch_load_b32 v74, off, off offset:76                   // 0000000044FC: DC51004C 4A7C0000
	scratch_load_b32 v76, off, off offset:84                   // 000000004504: DC510054 4C7C0000
	scratch_load_b32 v78, off, off offset:92                   // 00000000450C: DC51005C 4E7C0000
	scratch_load_b32 v80, off, off offset:100                  // 000000004514: DC510064 507C0000
	scratch_load_b32 v81, off, off offset:96                   // 00000000451C: DC510060 517C0000
	scratch_load_b32 v79, off, off offset:88                   // 000000004524: DC510058 4F7C0000
	scratch_load_b32 v77, off, off offset:80                   // 00000000452C: DC510050 4D7C0000
	scratch_load_b32 v75, off, off offset:72                   // 000000004534: DC510048 4B7C0000
	scratch_load_b32 v82, off, off offset:108                  // 00000000453C: DC51006C 527C0000
	scratch_load_b32 v84, off, off offset:104                  // 000000004544: DC510068 547C0000
	v_or_b32_e32 v184, 48, v253                                // 00000000454C: 3971FAB0
	v_or_b32_e32 v180, s18, v253                               // 000000004550: 3969FA12
	s_mov_b32 s5, s4                                           // 000000004554: BE850004
	s_mov_b32 s6, s4                                           // 000000004558: BE860004
	s_mov_b32 s7, s4                                           // 00000000455C: BE870004
	s_mov_b32 s8, s4                                           // 000000004560: BE880004
	s_mov_b32 s9, s4                                           // 000000004564: BE890004
	s_mov_b32 s10, s4                                          // 000000004568: BE8A0004
	s_mov_b32 s11, s4                                          // 00000000456C: BE8B0004
	v_dual_mov_b32 v181, s19 :: v_dual_lshlrev_b32 v0, 6, v0   // 000000004570: CA220013 B5000086
	s_delay_alu instid0(VALU_DEP_1) | instskip(NEXT) | instid1(VALU_DEP_1)// 000000004578: BF870091
	v_and_b32_e32 v0, 0xc00, v0                                // 00000000457C: 360000FF 00000C00
	v_add_nc_u32_e32 v0, 0, v0                                 // 000000004584: 4A000080
	s_waitcnt vmcnt(24)                                        // 000000004588: BF8963F7
	v_dual_mul_f32 v25, 0x3fb8aa3b, v32 :: v_dual_mul_f32 v26, 0x3fb8aa3b, v33// 00000000458C: C8C640FF 191A42FF 3FB8AA3B
	s_delay_alu instid0(VALU_DEP_1) | instskip(NEXT) | instid1(VALU_DEP_2)// 000000004598: BF870111
	v_cmp_gt_f32_e32 vcc_lo, 0xc2fc0000, v25                   // 00000000459C: 7C2832FF C2FC0000
	v_cmp_gt_f32_e64 s0, 0xc2fc0000, v26                       // 0000000045A4: D4140000 000234FF C2FC0000
	s_waitcnt vmcnt(18)                                        // 0000000045B0: BF894BF7
	v_sub_f32_e32 v61, v254, v61                               // 0000000045B4: 087A7BFE
	v_sub_f32_e32 v60, v254, v60                               // 0000000045B8: 087879FE
	v_sub_f32_e32 v63, v254, v63                               // 0000000045BC: 087E7FFE
	v_cndmask_b32_e64 v26, 0, 0x42800000, vcc_lo               // 0000000045C0: D501001A 01A9FE80 42800000
	v_cndmask_b32_e64 v25, 0, 0xffffffc0, vcc_lo               // 0000000045CC: D5010019 01A9FE80 FFFFFFC0
	v_dual_mul_f32 v89, 0x3fb8aa3b, v61 :: v_dual_sub_f32 v62, v254, v62// 0000000045D8: C8CA7AFF 593E7DFE 3FB8AA3B
	v_mul_f32_e32 v83, 0x3fb8aa3b, v60                         // 0000000045E4: 10A678FF 3FB8AA3B
	s_delay_alu instid0(VALU_DEP_4)                            // 0000000045EC: BF870004
	v_fmac_f32_e32 v26, 0x3fb8aa3b, v32                        // 0000000045F0: 563440FF 3FB8AA3B
	v_cmp_ge_f32_e32 vcc_lo, 0, v60                            // 0000000045F8: 7C2C7880
	v_cndmask_b32_e64 v27, 0, 0xffffffc0, s0                   // 0000000045FC: D501001B 0001FE80 FFFFFFC0
	v_cndmask_b32_e64 v28, 0, 0x42800000, s0                   // 000000004608: D501001C 0001FE80 42800000
	v_sub_f32_e32 v64, v254, v64                               // 000000004614: 088081FE
	v_exp_f32_e32 v26, v26                                     // 000000004618: 7E344B1A
	v_cndmask_b32_e32 v60, 0xff800000, v83, vcc_lo             // 00000000461C: 0278A6FF FF800000
	v_cmp_ge_f32_e64 s0, 0, v61                                // 000000004624: D4160000 00027A80
	v_cmp_ge_f32_e64 s1, 0, v62                                // 00000000462C: D4160001 00027C80
	s_waitcnt vmcnt(11)                                        // 000000004634: BF892FF7
	v_sub_f32_e32 v69, v254, v69                               // 000000004638: 088A8BFE
	v_fmac_f32_e32 v28, 0x3fb8aa3b, v33                        // 00000000463C: 563842FF 3FB8AA3B
	v_cmp_gt_f32_e32 vcc_lo, 0xc2fc0000, v60                   // 000000004644: 7C2878FF C2FC0000
	v_cndmask_b32_e64 v61, 0xff800000, v89, s0                 // 00000000464C: D501003D 0002B2FF FF800000
	v_mul_f32_e32 v89, 0x3fb8aa3b, v62                         // 000000004658: 10B27CFF 3FB8AA3B
	v_sub_f32_e32 v70, v254, v70                               // 000000004660: 088C8DFE
	v_ldexp_f32 v25, v26, v25                                  // 000000004664: D71C0019 0002331A
	v_cndmask_b32_e64 v90, 0, 0x42800000, vcc_lo               // 00000000466C: D501005A 01A9FE80 42800000
	v_sub_f32_e32 v65, v254, v65                               // 000000004678: 088283FE
	v_cmp_gt_f32_e64 s0, 0xc2fc0000, v61                       // 00000000467C: D4140000 00027AFF C2FC0000
	v_cndmask_b32_e64 v62, 0xff800000, v89, s1                 // 000000004688: D501003E 0006B2FF FF800000
	v_mul_f32_e32 v52, v152, v25                               // 000000004694: 10683398
	v_add_f32_e32 v60, v60, v90                                // 000000004698: 0678B53C
	v_mul_f32_e32 v90, 0x3fb8aa3b, v63                         // 00000000469C: 10B47EFF 3FB8AA3B
	v_cmp_ge_f32_e64 s1, 0, v63                                // 0000000046A4: D4160001 00027E80
	v_cndmask_b32_e64 v92, 0, 0x42800000, s0                   // 0000000046AC: D501005C 0001FE80 42800000
	v_sub_f32_e32 v66, v254, v66                               // 0000000046B8: 088485FE
	v_sub_f32_e32 v71, v254, v71                               // 0000000046BC: 088E8FFE
	v_exp_f32_e32 v60, v60                                     // 0000000046C0: 7E784B3C
	v_cndmask_b32_e64 v63, 0xff800000, v90, s1                 // 0000000046C4: D501003F 0006B4FF FF800000
	v_add_f32_e32 v61, v61, v92                                // 0000000046D0: 067AB93D
	v_cmp_gt_f32_e64 s1, 0xc2fc0000, v62                       // 0000000046D4: D4140001 00027CFF C2FC0000
	v_cndmask_b32_e64 v92, 0, 0xffffffc0, vcc_lo               // 0000000046E0: D501005C 01A9FE80 FFFFFFC0
	v_cmp_ge_f32_e32 vcc_lo, 0, v64                            // 0000000046EC: 7C2C8080
	v_cmp_gt_f32_e64 s2, 0xc2fc0000, v63                       // 0000000046F0: D4140002 00027EFF C2FC0000
	v_exp_f32_e32 v61, v61                                     // 0000000046FC: 7E7A4B3D
	v_cndmask_b32_e64 v89, 0, 0x42800000, s1                   // 000000004700: D5010059 0005FE80 42800000
	v_sub_f32_e32 v72, v254, v72                               // 00000000470C: 089091FE
	v_ldexp_f32 v60, v60, v92                                  // 000000004710: D71C003C 0002B93C
	v_cndmask_b32_e64 v90, 0, 0x42800000, s2                   // 000000004718: D501005A 0009FE80 42800000
	v_sub_f32_e32 v68, v254, v68                               // 000000004724: 088889FE
	v_dual_add_f32 v62, v62, v89 :: v_dual_mul_f32 v89, 0x3fb8aa3b, v64// 000000004728: C906B33E 3E5880FF 3FB8AA3B
	s_waitcnt vmcnt(10)                                        // 000000004734: BF892BF7
	v_sub_f32_e32 v67, v254, v67                               // 000000004738: 088687FE
	v_add_f32_e32 v63, v63, v90                                // 00000000473C: 067EB53F
	v_cndmask_b32_e64 v90, 0, 0xffffffc0, s0                   // 000000004740: D501005A 0001FE80 FFFFFFC0
	v_cmp_ge_f32_e64 s0, 0, v65                                // 00000000474C: D4160000 00028280
	v_cndmask_b32_e32 v64, 0xff800000, v89, vcc_lo             // 000000004754: 0280B2FF FF800000
	v_exp_f32_e32 v62, v62                                     // 00000000475C: 7E7C4B3E
	v_exp_f32_e32 v63, v63                                     // 000000004760: 7E7E4B3F
	v_ldexp_f32 v61, v61, v90                                  // 000000004764: D71C003D 0002B53D
	v_mul_f32_e32 v90, 0x3fb8aa3b, v65                         // 00000000476C: 10B482FF 3FB8AA3B
	v_cmp_gt_f32_e32 vcc_lo, 0xc2fc0000, v64                   // 000000004774: 7C2880FF C2FC0000
	v_cndmask_b32_e64 v89, 0, 0xffffffc0, s1                   // 00000000477C: D5010059 0005FE80 FFFFFFC0
	v_cndmask_b32_e64 v92, 0, 0xffffffc0, s2                   // 000000004788: D501005C 0009FE80 FFFFFFC0
	v_cmp_ge_f32_e64 s1, 0, v66                                // 000000004794: D4160001 00028480
	v_cndmask_b32_e64 v65, 0xff800000, v90, s0                 // 00000000479C: D5010041 0002B4FF FF800000
	v_cndmask_b32_e64 v93, 0, 0x42800000, vcc_lo               // 0000000047A8: D501005D 01A9FE80 42800000
	s_waitcnt vmcnt(2)                                         // 0000000047B4: BF890BF7
	v_sub_f32_e32 v75, v254, v75                               // 0000000047B8: 089697FE
	v_ldexp_f32 v62, v62, v89                                  // 0000000047BC: D71C003E 0002B33E
	v_mul_f32_e32 v89, 0x3fb8aa3b, v66                         // 0000000047C4: 10B284FF 3FB8AA3B
	v_cmp_gt_f32_e64 s0, 0xc2fc0000, v65                       // 0000000047CC: D4140000 000282FF C2FC0000
	v_add_f32_e32 v64, v64, v93                                // 0000000047D8: 0680BB40
	v_sub_f32_e32 v73, v254, v73                               // 0000000047DC: 089293FE
	v_ldexp_f32 v63, v63, v92                                  // 0000000047E0: D71C003F 0002B93F
	v_mul_f32_e32 v92, 0x3fb8aa3b, v67                         // 0000000047E8: 10B886FF 3FB8AA3B
	v_cndmask_b32_e64 v90, 0, 0x42800000, s0                   // 0000000047F0: D501005A 0001FE80 42800000
	v_sub_f32_e32 v76, v254, v76                               // 0000000047FC: 089899FE
	v_cndmask_b32_e64 v66, 0xff800000, v89, s1                 // 000000004800: D5010042 0006B2FF FF800000
	v_exp_f32_e32 v64, v64                                     // 00000000480C: 7E804B40
	v_cmp_ge_f32_e64 s1, 0, v67                                // 000000004810: D4160001 00028680
	v_add_f32_e32 v65, v65, v90                                // 000000004818: 0682B541
	v_cndmask_b32_e64 v90, 0, 0xffffffc0, vcc_lo               // 00000000481C: D501005A 01A9FE80 FFFFFFC0
	v_sub_f32_e32 v79, v254, v79                               // 000000004828: 089E9FFE
	v_sub_f32_e32 v74, v254, v74                               // 00000000482C: 089495FE
	v_cndmask_b32_e64 v67, 0xff800000, v92, s1                 // 000000004830: D5010043 0006B8FF FF800000
	v_cmp_gt_f32_e64 s1, 0xc2fc0000, v66                       // 00000000483C: D4140001 000284FF C2FC0000
	v_exp_f32_e32 v65, v65                                     // 000000004848: 7E824B41
	s_waitcnt vmcnt(0)                                         // 00000000484C: BF8903F7
	v_sub_f32_e32 v84, v254, v84                               // 000000004850: 08A8A9FE
	v_ldexp_f32 v64, v64, v90                                  // 000000004854: D71C0040 0002B540
	v_cmp_gt_f32_e32 vcc_lo, 0xc2fc0000, v67                   // 00000000485C: 7C2886FF C2FC0000
	v_cndmask_b32_e64 v89, 0, 0x42800000, s1                   // 000000004864: D5010059 0005FE80 42800000
	v_cndmask_b32_e64 v90, 0, 0xffffffc0, s0                   // 000000004870: D501005A 0001FE80 FFFFFFC0
	v_cmp_ge_f32_e64 s0, 0, v68                                // 00000000487C: D4160000 00028880
	v_sub_f32_e32 v81, v254, v81                               // 000000004884: 08A2A3FE
	v_cndmask_b32_e64 v92, 0, 0x42800000, vcc_lo               // 000000004888: D501005C 01A9FE80 42800000
	v_add_f32_e32 v66, v66, v89                                // 000000004894: 0684B342
	v_ldexp_f32 v65, v65, v90                                  // 000000004898: D71C0041 0002B541
	v_mul_f32_e32 v90, 0x3fb8aa3b, v69                         // 0000000048A0: 10B48AFF 3FB8AA3B
	v_cndmask_b32_e64 v93, 0, 0xffffffc0, vcc_lo               // 0000000048A8: D501005D 01A9FE80 FFFFFFC0
	v_cmp_ge_f32_e32 vcc_lo, 0, v69                            // 0000000048B4: 7C2C8A80
	v_sub_f32_e32 v80, v254, v80                               // 0000000048B8: 08A0A1FE
	v_mul_f32_e32 v89, 0x3fb8aa3b, v68                         // 0000000048BC: 10B288FF 3FB8AA3B
	v_exp_f32_e32 v66, v66                                     // 0000000048C4: 7E844B42
	v_dual_sub_f32 v78, v254, v78 :: v_dual_add_f32 v67, v67, v92// 0000000048C8: C9489DFE 4E42B943
	v_cndmask_b32_e32 v69, 0xff800000, v90, vcc_lo             // 0000000048D0: 028AB4FF FF800000
	s_delay_alu instid0(VALU_DEP_3)                            // 0000000048D8: BF870003
	v_cndmask_b32_e64 v68, 0xff800000, v89, s0                 // 0000000048DC: D5010044 0002B2FF FF800000
	v_cndmask_b32_e64 v89, 0, 0xffffffc0, s1                   // 0000000048E8: D5010059 0005FE80 FFFFFFC0
	v_cmp_ge_f32_e64 s1, 0, v70                                // 0000000048F4: D4160001 00028C80
	v_sub_f32_e32 v85, v254, v255                              // 0000000048FC: 08ABFFFE
	v_cmp_gt_f32_e32 vcc_lo, 0xc2fc0000, v69                   // 000000004900: 7C288AFF C2FC0000
	v_cmp_gt_f32_e64 s0, 0xc2fc0000, v68                       // 000000004908: D4140000 000288FF C2FC0000
	s_delay_alu instid0(TRANS32_DEP_1)                         // 000000004914: BF870005
	v_ldexp_f32 v66, v66, v89                                  // 000000004918: D71C0042 0002B342
	v_mul_f32_e32 v89, 0x3fb8aa3b, v70                         // 000000004920: 10B28CFF 3FB8AA3B
	v_exp_f32_e32 v67, v67                                     // 000000004928: 7E864B43
	v_cndmask_b32_e64 v90, 0, 0x42800000, vcc_lo               // 00000000492C: D501005A 01A9FE80 42800000
	v_cndmask_b32_e64 v92, 0, 0x42800000, s0                   // 000000004938: D501005C 0001FE80 42800000
	v_sub_f32_e32 v77, v254, v77                               // 000000004944: 089A9BFE
	v_cndmask_b32_e64 v70, 0xff800000, v89, s1                 // 000000004948: D5010046 0006B2FF FF800000
	v_cmp_ge_f32_e64 s1, 0, v71                                // 000000004954: D4160001 00028E80
	v_dual_add_f32 v69, v69, v90 :: v_dual_mul_f32 v90, 0x3fb8aa3b, v71// 00000000495C: C906B545 455A8EFF 3FB8AA3B
	v_add_f32_e32 v68, v68, v92                                // 000000004968: 0688B944
	v_mul_f32_e32 v92, 0x3fb8aa3b, v72                         // 00000000496C: 10B890FF 3FB8AA3B
	v_cndmask_b32_e64 v89, 0, 0xffffffc0, s0                   // 000000004974: D5010059 0001FE80 FFFFFFC0
	v_cmp_gt_f32_e64 s0, 0xc2fc0000, v70                       // 000000004980: D4140000 00028CFF C2FC0000
	v_cndmask_b32_e64 v71, 0xff800000, v90, s1                 // 00000000498C: D5010047 0006B4FF FF800000
	v_cmp_ge_f32_e64 s1, 0, v72                                // 000000004998: D4160001 00029080
	v_ldexp_f32 v67, v67, v93                                  // 0000000049A0: D71C0043 0002BB43
	v_exp_f32_e32 v68, v68                                     // 0000000049A8: 7E884B44
	v_cndmask_b32_e64 v93, 0, 0x42800000, s0                   // 0000000049AC: D501005D 0001FE80 42800000
	v_sub_f32_e32 v82, v254, v82                               // 0000000049B8: 08A4A5FE
	v_cndmask_b32_e64 v72, 0xff800000, v92, s1                 // 0000000049BC: D5010048 0006B8FF FF800000
	v_cmp_gt_f32_e64 s1, 0xc2fc0000, v71                       // 0000000049C8: D4140001 00028EFF C2FC0000
	v_sub_f32_e32 v87, v254, v251                              // 0000000049D4: 08AFF7FE
	v_add_f32_e32 v70, v70, v93                                // 0000000049D8: 068CBB46
	v_cndmask_b32_e64 v93, 0, 0xffffffc0, vcc_lo               // 0000000049DC: D501005D 01A9FE80 FFFFFFC0
	v_cmp_gt_f32_e64 s2, 0xc2fc0000, v72                       // 0000000049E8: D4140002 000290FF C2FC0000
	v_cndmask_b32_e64 v90, 0, 0x42800000, s1                   // 0000000049F4: D501005A 0005FE80 42800000
	v_ldexp_f32 v68, v68, v89                                  // 000000004A00: D71C0044 0002B344
	v_exp_f32_e32 v70, v70                                     // 000000004A08: 7E8C4B46
	v_mul_f32_e32 v89, 0x3fb8aa3b, v73                         // 000000004A0C: 10B292FF 3FB8AA3B
	v_cndmask_b32_e64 v92, 0, 0x42800000, s2                   // 000000004A14: D501005C 0009FE80 42800000
	v_add_f32_e32 v71, v71, v90                                // 000000004A20: 068EB547
	v_sub_f32_e32 v83, v254, v249                              // 000000004A24: 08A7F3FE
	v_cndmask_b32_e64 v90, 0, 0xffffffc0, s0                   // 000000004A28: D501005A 0001FE80 FFFFFFC0
	v_cmp_ge_f32_e32 vcc_lo, 0, v73                            // 000000004A34: 7C2C9280
	v_add_f32_e32 v72, v72, v92                                // 000000004A38: 0690B948
	v_exp_f32_e32 v71, v71                                     // 000000004A3C: 7E8E4B47
	v_mul_f32_e32 v92, 0x3fb8aa3b, v74                         // 000000004A40: 10B894FF 3FB8AA3B
	v_cmp_ge_f32_e64 s0, 0, v74                                // 000000004A48: D4160000 00029480
	v_dual_sub_f32 v86, v254, v250 :: v_dual_cndmask_b32 v73, 0xff800000, v89// 000000004A50: C953F5FE 5648B2FF FF800000
	v_exp_f32_e32 v72, v72                                     // 000000004A5C: 7E904B48
	v_cndmask_b32_e64 v89, 0, 0xffffffc0, s1                   // 000000004A60: D5010059 0005FE80 FFFFFFC0
	s_delay_alu instid0(VALU_DEP_3)                            // 000000004A6C: BF870003
	v_cndmask_b32_e64 v74, 0xff800000, v92, s0                 // 000000004A70: D501004A 0002B8FF FF800000
	v_sub_f32_e32 v30, v254, v30                               // 000000004A7C: 083C3DFE
	v_exp_f32_e32 v69, v69                                     // 000000004A80: 7E8A4B45
	v_ldexp_f32 v70, v70, v90                                  // 000000004A84: D71C0046 0002B546
	v_cndmask_b32_e64 v90, 0, 0xffffffc0, s2                   // 000000004A8C: D501005A 0009FE80 FFFFFFC0
	v_ldexp_f32 v71, v71, v89                                  // 000000004A98: D71C0047 0002B347
	v_mul_f32_e32 v89, 0x3fb8aa3b, v75                         // 000000004AA0: 10B296FF 3FB8AA3B
	v_cmp_gt_f32_e64 s0, 0xc2fc0000, v74                       // 000000004AA8: D4140000 000294FF C2FC0000
	v_cmp_ge_f32_e64 s1, 0, v75                                // 000000004AB4: D4160001 00029680
	v_sub_f32_e32 v91, v254, v113                              // 000000004ABC: 08B6E3FE
	v_cmp_gt_f32_e32 vcc_lo, 0xc2fc0000, v73                   // 000000004AC0: 7C2892FF C2FC0000
	v_ldexp_f32 v72, v72, v90                                  // 000000004AC8: D71C0048 0002B548
	v_mul_f32_e32 v90, 0x3fb8aa3b, v76                         // 000000004AD0: 10B498FF 3FB8AA3B
	v_cndmask_b32_e64 v92, 0, 0x42800000, s0                   // 000000004AD8: D501005C 0001FE80 42800000
	v_cndmask_b32_e64 v75, 0xff800000, v89, s1                 // 000000004AE4: D501004B 0006B2FF FF800000
	v_cmp_ge_f32_e64 s1, 0, v76                                // 000000004AF0: D4160001 00029880
	v_ldexp_f32 v69, v69, v93                                  // 000000004AF8: D71C0045 0002BB45
	v_cndmask_b32_e64 v93, 0, 0x42800000, vcc_lo               // 000000004B00: D501005D 01A9FE80 42800000
	v_add_f32_e32 v74, v74, v92                                // 000000004B0C: 0694B94A
	v_sub_f32_e32 v88, v254, v114                              // 000000004B10: 08B0E5FE
	v_cndmask_b32_e64 v76, 0xff800000, v90, s1                 // 000000004B14: D501004C 0006B4FF FF800000
	v_cmp_gt_f32_e64 s1, 0xc2fc0000, v75                       // 000000004B20: D4140001 000296FF C2FC0000
	v_add_f32_e32 v73, v73, v93                                // 000000004B2C: 0692BB49
	v_mul_f32_e32 v93, 0x3fb8aa3b, v77                         // 000000004B30: 10BA9AFF 3FB8AA3B
	v_exp_f32_e32 v74, v74                                     // 000000004B38: 7E944B4A
	v_cndmask_b32_e64 v92, 0, 0xffffffc0, vcc_lo               // 000000004B3C: D501005C 01A9FE80 FFFFFFC0
	v_cndmask_b32_e64 v89, 0, 0x42800000, s1                   // 000000004B48: D5010059 0005FE80 42800000
	v_cmp_ge_f32_e32 vcc_lo, 0, v77                            // 000000004B54: 7C2C9A80
	v_exp_f32_e32 v73, v73                                     // 000000004B58: 7E924B49
	v_cmp_gt_f32_e64 s2, 0xc2fc0000, v76                       // 000000004B5C: D4140002 000298FF C2FC0000
	v_cmp_ge_f32_e64 s3, 0, v81                                // 000000004B68: D4160003 0002A280
	v_add_f32_e32 v75, v75, v89                                // 000000004B70: 0696B34B
	v_cndmask_b32_e64 v89, 0, 0xffffffc0, s0                   // 000000004B74: D5010059 0001FE80 FFFFFFC0
	v_cmp_ge_f32_e64 s0, 0, v78                                // 000000004B80: D4160000 00029C80
	v_cndmask_b32_e64 v90, 0, 0x42800000, s2                   // 000000004B88: D501005A 0009FE80 42800000
	v_dual_sub_f32 v31, v254, v31 :: v_dual_mul_f32 v94, 0x3fb8aa3b, v30// 000000004B94: C9463FFE 1F5E3CFF 3FB8AA3B
	s_delay_alu instid0(VALU_DEP_4) | instskip(SKIP_1) | instid1(VALU_DEP_4)// 000000004BA0: BF870224
	v_ldexp_f32 v74, v74, v89                                  // 000000004BA4: D71C004A 0002B34A
	v_mul_f32_e32 v89, 0x3fb8aa3b, v78                         // 000000004BAC: 10B29CFF 3FB8AA3B
	v_add_f32_e32 v76, v76, v90                                // 000000004BB4: 0698B54C
	v_ldexp_f32 v73, v73, v92                                  // 000000004BB8: D71C0049 0002B949
	v_cndmask_b32_e64 v92, 0, 0xffffffc0, s1                   // 000000004BC0: D501005C 0005FE80 FFFFFFC0
	v_cmp_ge_f32_e64 s1, 0, v79                                // 000000004BCC: D4160001 00029E80
	v_cndmask_b32_e64 v78, 0xff800000, v89, s0                 // 000000004BD4: D501004E 0002B2FF FF800000
	v_cndmask_b32_e32 v77, 0xff800000, v93, vcc_lo             // 000000004BE0: 029ABAFF FF800000
	v_mul_f32_e32 v89, 0x3fb8aa3b, v79                         // 000000004BE8: 10B29EFF 3FB8AA3B
	v_cndmask_b32_e64 v93, 0, 0xffffffc0, s2                   // 000000004BF0: D501005D 0009FE80 FFFFFFC0
	v_exp_f32_e32 v76, v76                                     // 000000004BFC: 7E984B4C
	v_cmp_gt_f32_e64 s0, 0xc2fc0000, v78                       // 000000004C00: D4140000 00029CFF C2FC0000
	v_cmp_gt_f32_e32 vcc_lo, 0xc2fc0000, v77                   // 000000004C0C: 7C289AFF C2FC0000
	v_cndmask_b32_e64 v79, 0xff800000, v89, s1                 // 000000004C14: D501004F 0006B2FF FF800000
	v_cmp_ge_f32_e64 s1, 0, v80                                // 000000004C20: D4160001 0002A080
	v_mul_f32_e32 v89, 0x3fb8aa3b, v81                         // 000000004C28: 10B2A2FF 3FB8AA3B
	v_mul_f32_e32 v18, v18, v61                                // 000000004C30: 10247B12
	v_cndmask_b32_e64 v90, 0, 0x42800000, vcc_lo               // 000000004C34: D501005A 01A9FE80 42800000
	v_mul_f32_e32 v20, v20, v63                                // 000000004C40: 10287F14
	v_mul_f32_e32 v22, v22, v65                                // 000000004C44: 102C8316
	v_cndmask_b32_e64 v81, 0xff800000, v89, s3                 // 000000004C48: D5010051 000EB2FF FF800000
	v_cndmask_b32_e64 v89, 0, 0xffffffc0, vcc_lo               // 000000004C54: D5010059 01A9FE80 FFFFFFC0
	v_dual_add_f32 v77, v77, v90 :: v_dual_mul_f32 v90, 0x3fb8aa3b, v80// 000000004C60: C906B54D 4D5AA0FF 3FB8AA3B
	v_exp_f32_e32 v75, v75                                     // 000000004C6C: 7E964B4B
	s_delay_alu instid0(VALU_DEP_3)                            // 000000004C70: BF870003
	v_cmp_gt_f32_e32 vcc_lo, 0xc2fc0000, v81                   // 000000004C74: 7C28A2FF C2FC0000
	v_ldexp_f32 v76, v76, v93                                  // 000000004C7C: D71C004C 0002BB4C
	v_mul_f32_e32 v93, 0x3fb8aa3b, v85                         // 000000004C84: 10BAAAFF 3FB8AA3B
	v_cndmask_b32_e64 v80, 0xff800000, v90, s1                 // 000000004C8C: D5010050 0006B4FF FF800000
	v_cmp_gt_f32_e64 s1, 0xc2fc0000, v79                       // 000000004C98: D4140001 00029EFF C2FC0000
	v_dual_mul_f32 v24, v24, v67 :: v_dual_mul_f32 v17, v17, v60// 000000004CA4: C8C68718 18107911
	v_mul_f32_e32 v21, v21, v64                                // 000000004CAC: 102A8115
	s_delay_alu instid0(VALU_DEP_4) | instskip(NEXT) | instid1(TRANS32_DEP_1)// 000000004CB0: BF870294
	v_cmp_gt_f32_e64 s2, 0xc2fc0000, v80                       // 000000004CB4: D4140002 0002A0FF C2FC0000
	v_ldexp_f32 v75, v75, v92                                  // 000000004CC0: D71C004B 0002B94B
	v_cndmask_b32_e64 v92, 0, 0x42800000, s0                   // 000000004CC8: D501005C 0001FE80 42800000
	v_cndmask_b32_e64 v90, 0, 0x42800000, s1                   // 000000004CD4: D501005A 0005FE80 42800000
	v_mul_f32_e32 v19, v19, v62                                // 000000004CE0: 10267D13
	v_mul_f32_e32 v62, v227, v70                               // 000000004CE4: 107C8DE3
	v_mul_f32_e32 v64, v229, v72                               // 000000004CE8: 108091E5
	v_add_f32_e32 v78, v78, v92                                // 000000004CEC: 069CB94E
	v_cndmask_b32_e64 v92, 0, 0x42800000, s2                   // 000000004CF0: D501005C 0009FE80 42800000
	v_add_f32_e32 v79, v79, v90                                // 000000004CFC: 069EB54F
	v_cndmask_b32_e64 v90, 0, 0x42800000, vcc_lo               // 000000004D00: D501005A 01A9FE80 42800000
	v_mul_f32_e32 v60, v225, v68                               // 000000004D0C: 107889E1
	v_exp_f32_e32 v78, v78                                     // 000000004D10: 7E9C4B4E
	v_add_f32_e32 v80, v80, v92                                // 000000004D14: 06A0B950
	v_exp_f32_e32 v77, v77                                     // 000000004D18: 7E9A4B4D
	v_exp_f32_e32 v79, v79                                     // 000000004D1C: 7E9E4B4F
	v_cndmask_b32_e64 v92, 0, 0xffffffc0, s0                   // 000000004D20: D501005C 0001FE80 FFFFFFC0
	v_add_f32_e32 v81, v81, v90                                // 000000004D2C: 06A2B551
	v_cndmask_b32_e64 v90, 0, 0xffffffc0, s1                   // 000000004D30: D501005A 0005FE80 FFFFFFC0
	v_cmp_ge_f32_e64 s0, 0, v82                                // 000000004D3C: D4160000 0002A480
	v_exp_f32_e32 v80, v80                                     // 000000004D44: 7EA04B50
	v_mul_f32_e32 v68, v217, v76                               // 000000004D48: 108899D9
	v_exp_f32_e32 v81, v81                                     // 000000004D4C: 7EA24B51
	v_ldexp_f32 v78, v78, v92                                  // 000000004D50: D71C004E 0002B94E
	v_ldexp_f32 v77, v77, v89                                  // 000000004D58: D71C004D 0002B34D
	v_mul_f32_e32 v89, 0x3fb8aa3b, v82                         // 000000004D60: 10B2A4FF 3FB8AA3B
	v_ldexp_f32 v79, v79, v90                                  // 000000004D68: D71C004F 0002B54F
	v_mul_f32_e32 v90, 0x3fb8aa3b, v84                         // 000000004D70: 10B4A8FF 3FB8AA3B
	v_cndmask_b32_e64 v92, 0, 0xffffffc0, s2                   // 000000004D78: D501005C 0009FE80 FFFFFFC0
	v_cmp_ge_f32_e64 s2, 0, v86                                // 000000004D84: D4160002 0002AC80
	v_cndmask_b32_e64 v82, 0xff800000, v89, s0                 // 000000004D8C: D5010052 0002B2FF FF800000
	v_cmp_ge_f32_e64 s0, 0, v84                                // 000000004D98: D4160000 0002A880
	v_cndmask_b32_e64 v89, 0, 0xffffffc0, vcc_lo               // 000000004DA0: D5010059 01A9FE80 FFFFFFC0
	v_ldexp_f32 v80, v80, v92                                  // 000000004DAC: D71C0050 0002B950
	v_mul_f32_e32 v23, v23, v66                                // 000000004DB4: 102E8517
	v_cmp_gt_f32_e32 vcc_lo, 0xc2fc0000, v82                   // 000000004DB8: 7C28A4FF C2FC0000
	v_cndmask_b32_e64 v84, 0xff800000, v90, s0                 // 000000004DC0: D5010054 0002B4FF FF800000
	v_cmp_ge_f32_e64 s0, 0, v85                                // 000000004DCC: D4160000 0002AA80
	v_mul_f32_e32 v90, 0x3fb8aa3b, v86                         // 000000004DD4: 10B4ACFF 3FB8AA3B
	v_ldexp_f32 v81, v81, v89                                  // 000000004DDC: D71C0051 0002B351
	v_cndmask_b32_e64 v92, 0, 0x42800000, vcc_lo               // 000000004DE4: D501005C 01A9FE80 42800000
	v_mul_f32_e32 v66, v231, v74                               // 000000004DF0: 108495E7
	v_cndmask_b32_e64 v85, 0xff800000, v93, s0                 // 000000004DF4: D5010055 0002BAFF FF800000
	v_cmp_gt_f32_e64 s0, 0xc2fc0000, v84                       // 000000004E00: D4140000 0002A8FF C2FC0000
	v_cndmask_b32_e64 v86, 0xff800000, v90, s2                 // 000000004E0C: D5010056 000AB4FF FF800000
	v_cmp_ge_f32_e64 s2, 0, v83                                // 000000004E18: D4160002 0002A680
	v_add_f32_e32 v82, v82, v92                                // 000000004E20: 06A4B952
	v_cmp_gt_f32_e64 s1, 0xc2fc0000, v85                       // 000000004E24: D4140001 0002AAFF C2FC0000
	v_cndmask_b32_e64 v89, 0, 0x42800000, s0                   // 000000004E30: D5010059 0001FE80 42800000
	v_dual_mul_f32 v61, v226, v69 :: v_dual_mul_f32 v70, v219, v78// 000000004E3C: C8C68BE2 3D469DDB
	s_delay_alu instid0(VALU_DEP_4) | instskip(NEXT) | instid1(VALU_DEP_3)// 000000004E44: BF870194
	v_exp_f32_e32 v82, v82                                     // 000000004E48: 7EA44B52
	v_cndmask_b32_e64 v92, 0, 0x42800000, s1                   // 000000004E4C: D501005C 0005FE80 42800000
	s_delay_alu instid0(VALU_DEP_3) | instskip(SKIP_2) | instid1(VALU_DEP_4)// 000000004E58: BF870233
	v_dual_add_f32 v84, v84, v89 :: v_dual_mul_f32 v89, 0x3fb8aa3b, v83// 000000004E5C: C906B354 5458A6FF 3FB8AA3B
	v_cndmask_b32_e64 v93, 0, 0xffffffc0, s1                   // 000000004E68: D501005D 0005FE80 FFFFFFC0
	v_cmp_ge_f32_e64 s1, 0, v91                                // 000000004E74: D4160001 0002B680
	v_add_f32_e32 v85, v85, v92                                // 000000004E7C: 06AAB955
	s_delay_alu instid0(VALU_DEP_4)                            // 000000004E80: BF870004
	v_exp_f32_e32 v84, v84                                     // 000000004E84: 7EA84B54
	v_cndmask_b32_e64 v83, 0xff800000, v89, s2                 // 000000004E88: D5010053 000AB2FF FF800000
	v_cmp_gt_f32_e64 s2, 0xc2fc0000, v86                       // 000000004E94: D4140002 0002ACFF C2FC0000
	v_cndmask_b32_e64 v92, 0, 0xffffffc0, vcc_lo               // 000000004EA0: D501005C 01A9FE80 FFFFFFC0
	v_exp_f32_e32 v85, v85                                     // 000000004EAC: 7EAA4B55
	v_cmp_ge_f32_e32 vcc_lo, 0, v87                            // 000000004EB0: 7C2CAE80
	v_cmp_gt_f32_e64 s3, 0xc2fc0000, v83                       // 000000004EB4: D4140003 0002A6FF C2FC0000
	v_cndmask_b32_e64 v89, 0, 0x42800000, s2                   // 000000004EC0: D5010059 0009FE80 42800000
	v_ldexp_f32 v82, v82, v92                                  // 000000004ECC: D71C0052 0002B952
	v_mul_f32_e32 v63, v228, v71                               // 000000004ED4: 107E8FE4
	v_or_b32_e32 v231, 4, v253                                 // 000000004ED8: 39CFFA84
	v_cndmask_b32_e64 v90, 0, 0x42800000, s3                   // 000000004EDC: D501005A 000DFE80 42800000
	v_add_f32_e32 v86, v86, v89                                // 000000004EE8: 06ACB356
	v_cndmask_b32_e64 v89, 0, 0xffffffc0, s0                   // 000000004EEC: D5010059 0001FE80 FFFFFFC0
	v_ldexp_f32 v85, v85, v93                                  // 000000004EF8: D71C0055 0002BB55
	v_mul_f32_e32 v93, 0x3fb8aa3b, v88                         // 000000004F00: 10BAB0FF 3FB8AA3B
	v_cndmask_b32_e64 v92, 0, 0xffffffc0, s3                   // 000000004F08: D501005C 000DFE80 FFFFFFC0
	v_exp_f32_e32 v86, v86                                     // 000000004F14: 7EAC4B56
	v_ldexp_f32 v84, v84, v89                                  // 000000004F18: D71C0054 0002B354
	v_mul_f32_e32 v89, 0x3fb8aa3b, v87                         // 000000004F20: 10B2AEFF 3FB8AA3B
	v_dual_mul_f32 v67, v232, v75 :: v_dual_mul_f32 v76, v105, v85// 000000004F28: C8C697E8 434CAB69
	v_or_b32_e32 v232, 2, v253                                 // 000000004F30: 39D1FA82
	s_delay_alu instid0(VALU_DEP_3)                            // 000000004F34: BF870003
	v_dual_mul_f32 v74, v223, v82 :: v_dual_cndmask_b32 v87, 0xff800000, v89// 000000004F38: C8D2A5DF 4A56B2FF FF800000
	v_cmp_ge_f32_e32 vcc_lo, 0, v88                            // 000000004F44: 7C2CB080
	v_mul_f32_e32 v75, v224, v84                               // 000000004F48: 1096A9E0
	v_or_b32_e32 v229, 12, v253                                // 000000004F4C: 39CBFA8C
	v_mul_f32_e32 v72, v221, v80                               // 000000004F50: 1090A1DD
	v_or_b32_e32 v227, 16, v253                                // 000000004F54: 39C7FA90
	v_dual_cndmask_b32 v88, 0xff800000, v93 :: v_dual_add_f32 v83, v83, v90// 000000004F58: CA48BAFF 5852B553 FF800000
	v_cndmask_b32_e64 v90, 0, 0xffffffc0, s2                   // 000000004F64: D501005A 0009FE80 FFFFFFC0
	v_mul_f32_e32 v93, 0x3fb8aa3b, v31                         // 000000004F70: 10BA3EFF 3FB8AA3B
	v_cmp_gt_f32_e32 vcc_lo, 0xc2fc0000, v87                   // 000000004F78: 7C28AEFF C2FC0000
	s_delay_alu instid0(VALU_DEP_4)                            // 000000004F80: BF870004
	v_cmp_gt_f32_e64 s0, 0xc2fc0000, v88                       // 000000004F84: D4140000 0002B0FF C2FC0000
	v_exp_f32_e32 v83, v83                                     // 000000004F90: 7EA64B53
	v_ldexp_f32 v86, v86, v90                                  // 000000004F94: D71C0056 0002B556
	v_mul_f32_e32 v90, 0x3fb8aa3b, v91                         // 000000004F9C: 10B4B6FF 3FB8AA3B
	v_cndmask_b32_e64 v89, 0, 0x42800000, vcc_lo               // 000000004FA4: D5010059 01A9FE80 42800000
	v_or_b32_e32 v226, 20, v253                                // 000000004FB0: 39C5FA94
	v_or_b32_e32 v225, 24, v253                                // 000000004FB4: 39C3FA98
	v_or_b32_e32 v224, 28, v253                                // 000000004FB8: 39C1FA9C
	v_cndmask_b32_e64 v90, 0xff800000, v90, s1                 // 000000004FBC: D501005A 0006B4FF FF800000
	v_cmp_ge_f32_e64 s1, 0, v31                                // 000000004FC8: D4160001 00023E80
	v_add_f32_e32 v87, v87, v89                                // 000000004FD0: 06AEB357
	v_ldexp_f32 v83, v83, v92                                  // 000000004FD4: D71C0053 0002B953
	v_cndmask_b32_e64 v92, 0, 0x42800000, s0                   // 000000004FDC: D501005C 0001FE80 42800000
	v_mul_f32_e32 v65, v230, v73                               // 000000004FE8: 108293E6
	v_cndmask_b32_e64 v31, 0xff800000, v93, s1                 // 000000004FEC: D501001F 0006BAFF FF800000
	v_cmp_ge_f32_e64 s1, 0, v30                                // 000000004FF8: D4160001 00023C80
	v_mul_f32_e32 v78, v107, v83                               // 000000005000: 109CA76B
	v_add_f32_e32 v88, v88, v92                                // 000000005004: 06B0B958
	v_exp_f32_e32 v87, v87                                     // 000000005008: 7EAE4B57
	v_cmp_gt_f32_e64 s2, 0xc2fc0000, v31                       // 00000000500C: D4140002 00023EFF C2FC0000
	v_cndmask_b32_e64 v30, 0xff800000, v94, s1                 // 000000005018: D501001E 0006BCFF FF800000
	v_cmp_gt_f32_e64 s1, 0xc2fc0000, v90                       // 000000005024: D4140001 0002B4FF C2FC0000
	v_exp_f32_e32 v88, v88                                     // 000000005030: 7EB04B58
	v_or_b32_e32 v230, 8, v253                                 // 000000005034: 39CDFA88
	v_cndmask_b32_e64 v93, 0, 0x42800000, s2                   // 000000005038: D501005D 0009FE80 42800000
	v_cmp_gt_f32_e64 s3, 0xc2fc0000, v30                       // 000000005044: D4140003 00023CFF C2FC0000
	v_cndmask_b32_e64 v91, 0, 0x42800000, s1                   // 000000005050: D501005B 0005FE80 42800000
	v_cndmask_b32_e64 v92, 0, 0xffffffc0, s1                   // 00000000505C: D501005C 0005FE80 FFFFFFC0
	v_exp_f32_e32 v28, v28                                     // 000000005068: 7E384B1C
	v_add_f32_e32 v31, v31, v93                                // 00000000506C: 063EBB1F
	v_cndmask_b32_e64 v94, 0, 0x42800000, s3                   // 000000005070: D501005E 000DFE80 42800000
	v_add_f32_e32 v89, v90, v91                                // 00000000507C: 06B2B75A
	v_cndmask_b32_e64 v90, 0, 0xffffffc0, vcc_lo               // 000000005080: D501005A 01A9FE80 FFFFFFC0
	v_cmp_ge_u32_e32 vcc_lo, v252, v232                        // 00000000508C: 7C9DD1FC
	v_mul_f32_e32 v71, v220, v79                               // 000000005090: 108E9FDC
	v_cndmask_b32_e64 v91, 0, 0xffffffc0, s0                   // 000000005094: D501005B 0001FE80 FFFFFFC0
	v_add_f32_e32 v30, v30, v94                                // 0000000050A0: 063CBD1E
	v_exp_f32_e32 v89, v89                                     // 0000000050A4: 7EB24B59
	v_cndmask_b32_e32 v82, 0, v18, vcc_lo                      // 0000000050A8: 02A42480
	v_cmp_ge_u32_e32 vcc_lo, v252, v253                        // 0000000050AC: 7C9DFBFC
	v_ldexp_f32 v88, v88, v91                                  // 0000000050B0: D71C0058 0002B758
	v_mul_f32_e32 v69, v218, v77                               // 0000000050B8: 108A9BDA
	v_ldexp_f32 v87, v87, v90                                  // 0000000050BC: D71C0057 0002B557
	v_exp_f32_e32 v30, v30                                     // 0000000050C4: 7E3C4B1E
	v_cndmask_b32_e32 v83, 0, v17, vcc_lo                      // 0000000050C8: 02A62280
	v_or_b32_e32 v17, 6, v253                                  // 0000000050CC: 3823FA86
	v_cndmask_b32_e64 v94, 0, 0xffffffc0, s3                   // 0000000050D0: D501005E 000DFE80 FFFFFFC0
	v_mul_f32_e32 v79, v108, v87                               // 0000000050DC: 109EAF6C
	v_ldexp_f32 v89, v89, v92                                  // 0000000050E0: D71C0059 0002B959
	v_mul_f32_e32 v80, v109, v88                               // 0000000050E8: 10A0B16D
	v_cmp_ge_u32_e32 vcc_lo, v252, v17                         // 0000000050EC: 7C9C23FC
	v_mul_f32_e32 v77, v106, v86                               // 0000000050F0: 109AAD6A
	v_or_b32_e32 v17, 10, v253                                 // 0000000050F4: 3823FA8A
	v_ldexp_f32 v30, v30, v94                                  // 0000000050F8: D71C001E 0002BD1E
	v_dual_mul_f32 v73, v222, v81 :: v_dual_cndmask_b32 v84, 0, v20// 000000005100: C8D2A3DE 49542880
	v_cmp_ge_u32_e32 vcc_lo, v252, v231                        // 000000005108: 7C9DCFFC
	v_mul_f32_e32 v81, v110, v89                               // 00000000510C: 10A2B36E
	v_exp_f32_e32 v31, v31                                     // 000000005110: 7E3E4B1F
	v_cndmask_b32_e64 v93, 0, 0xffffffc0, s2                   // 000000005114: D501005D 0009FE80 FFFFFFC0
	v_or_b32_e32 v223, 32, v253                                // 000000005120: 39BFFAA0
	v_cndmask_b32_e32 v85, 0, v19, vcc_lo                      // 000000005124: 02AA2680
	v_cmp_ge_u32_e32 vcc_lo, v252, v17                         // 000000005128: 7C9C23FC
	v_or_b32_e32 v17, 14, v253                                 // 00000000512C: 3823FA8E
	v_ldexp_f32 v26, v28, v27                                  // 000000005130: D71C001A 0002371C
	v_or_b32_e32 v222, 36, v253                                // 000000005138: 39BDFAA4
	v_mul_f32_e32 v38, v154, v25                               // 00000000513C: 104C339A
	v_cndmask_b32_e32 v86, 0, v22, vcc_lo                      // 000000005140: 02AC2C80
	v_cmp_ge_u32_e32 vcc_lo, v252, v230                        // 000000005144: 7C9DCDFC
	v_ldexp_f32 v31, v31, v93                                  // 000000005148: D71C001F 0002BB1F
	v_mul_f32_e32 v55, v139, v26                               // 000000005150: 106E358B
	v_or_b32_e32 v221, 40, v253                                // 000000005154: 39BBFAA8
	v_dual_mul_f32 v40, v156, v25 :: v_dual_mul_f32 v57, v141, v26// 000000005158: C8C6339C 2838358D
	v_cndmask_b32_e32 v87, 0, v21, vcc_lo                      // 000000005160: 02AE2A80
	v_cmp_ge_u32_e32 vcc_lo, v252, v17                         // 000000005164: 7C9C23FC
	v_or_b32_e32 v17, 18, v253                                 // 000000005168: 3823FA92
	v_mul_f32_e32 v30, v112, v30                               // 00000000516C: 103C3D70
	v_or_b32_e32 v220, 44, v253                                // 000000005170: 39B9FAAC
	v_dual_mul_f32 v42, v158, v25 :: v_dual_mul_f32 v59, v143, v26// 000000005174: C8C6339E 2A3A358F
	v_cndmask_b32_e32 v88, 0, v24, vcc_lo                      // 00000000517C: 02B03080
	v_cmp_ge_u32_e32 vcc_lo, v252, v229                        // 000000005180: 7C9DCBFC
	v_dual_mul_f32 v44, v160, v25 :: v_dual_mul_f32 v35, v162, v26// 000000005184: C8C633A0 2C2235A2
	v_dual_mul_f32 v39, v155, v25 :: v_dual_mul_f32 v56, v140, v26// 00000000518C: C8C6339B 2738358C
	v_cndmask_b32_e32 v89, 0, v23, vcc_lo                      // 000000005194: 02B22E80
	v_cmp_ge_u32_e32 vcc_lo, v252, v17                         // 000000005198: 7C9C23FC
	v_or_b32_e32 v17, 22, v253                                 // 00000000519C: 3823FA96
	v_dual_mul_f32 v41, v157, v25 :: v_dual_mul_f32 v58, v142, v26// 0000000051A0: C8C6339D 293A358E
	v_dual_mul_f32 v43, v159, v25 :: v_dual_mul_f32 v34, v161, v26// 0000000051A8: C8C6339F 2B2235A1
	v_cndmask_b32_e32 v61, 0, v61, vcc_lo                      // 0000000051B0: 027A7A80
	v_cmp_ge_u32_e32 vcc_lo, v252, v227                        // 0000000051B4: 7C9DC7FC
	v_dual_mul_f32 v45, v145, v25 :: v_dual_mul_f32 v36, v163, v26// 0000000051B8: C8C63391 2D2435A3
	v_dual_mul_f32 v46, v146, v25 :: v_dual_mul_f32 v33, v144, v26// 0000000051C0: C8C63392 2E203590
	v_cndmask_b32_e32 v60, 0, v60, vcc_lo                      // 0000000051C8: 02787880
	v_cmp_ge_u32_e32 vcc_lo, v252, v17                         // 0000000051CC: 7C9C23FC
	v_or_b32_e32 v17, 26, v253                                 // 0000000051D0: 3823FA9A
	v_dual_mul_f32 v49, v149, v25 :: v_dual_mul_f32 v32, v166, v26// 0000000051D4: C8C63395 312035A6
	v_dual_mul_f32 v50, v150, v25 :: v_dual_mul_f32 v27, v164, v26// 0000000051DC: C8C63396 321A35A4
	v_cndmask_b32_e32 v63, 0, v63, vcc_lo                      // 0000000051E4: 027E7E80
	v_cmp_ge_u32_e32 vcc_lo, v252, v226                        // 0000000051E8: 7C9DC5FC
	v_mul_f32_e32 v31, v111, v31                               // 0000000051EC: 103E3F6F
	v_mul_f32_e32 v51, v151, v25                               // 0000000051F0: 10663397
	v_or_b32_e32 v219, 52, v253                                // 0000000051F4: 39B7FAB4
	v_dual_mul_f32 v37, v153, v25 :: v_dual_mul_f32 v54, v138, v26// 0000000051F8: C8C63399 2536358A
	v_cndmask_b32_e32 v62, 0, v62, vcc_lo                      // 000000005200: 027C7C80
	v_cmp_ge_u32_e32 vcc_lo, v252, v17                         // 000000005204: 7C9C23FC
	v_or_b32_e32 v17, 30, v253                                 // 000000005208: 3823FA9E
	v_dual_mul_f32 v47, v147, v25 :: v_dual_mul_f32 v28, v165, v26// 00000000520C: C8C63393 2F1C35A5
	v_dual_mul_f32 v48, v148, v25 :: v_dual_mul_f32 v25, v167, v26// 000000005214: C8C63394 301835A7
	v_cndmask_b32_e32 v65, 0, v65, vcc_lo                      // 00000000521C: 02828280
	v_cmp_ge_u32_e32 vcc_lo, v252, v225                        // 000000005220: 7C9DC3FC
	v_mul_f32_e32 v53, v137, v26                               // 000000005224: 106A3589
	s_waitcnt lgkmcnt(0)                                       // 000000005228: BF89FC07
	v_dual_mul_f32 v26, v168, v26 :: v_dual_mul_f32 v19, s25, v39// 00000000522C: C8C635A8 1A124E19
	v_dual_mul_f32 v21, s25, v41 :: v_dual_cndmask_b32 v64, 0, v64// 000000005234: C8D25219 15408080
	v_cmp_ge_u32_e32 vcc_lo, v252, v17                         // 00000000523C: 7C9C23FC
	v_or_b32_e32 v17, 34, v253                                 // 000000005240: 3823FAA2
	v_dual_mul_f32 v23, s25, v43 :: v_dual_mul_f32 v24, s25, v44// 000000005244: C8C65619 17185819
	v_mul_f32_e32 v41, s25, v49                                // 00000000524C: 10526219
	v_cndmask_b32_e32 v67, 0, v67, vcc_lo                      // 000000005250: 02868680
	v_cmp_ge_u32_e32 vcc_lo, v252, v224                        // 000000005254: 7C9DC1FC
	v_dual_mul_f32 v43, s25, v51 :: v_dual_mul_f32 v44, s25, v52// 000000005258: C8C66619 2B2C6819
	v_mul_f32_e32 v49, s25, v57                                // 000000005260: 10627219
	v_mul_f32_e32 v52, s25, v33                                // 000000005264: 10684219
	v_cndmask_b32_e32 v66, 0, v66, vcc_lo                      // 000000005268: 02848480
	v_cmp_ge_u32_e32 vcc_lo, v252, v17                         // 00000000526C: 7C9C23FC
	v_or_b32_e32 v17, 38, v253                                 // 000000005270: 3823FAA6
	v_dual_mul_f32 v33, s25, v34 :: v_dual_mul_f32 v34, s25, v35// 000000005274: C8C64419 21224619
	v_mul_f32_e32 v35, s25, v36                                // 00000000527C: 10464819
	v_dual_cndmask_b32 v69, 0, v69 :: v_dual_mov_b32 v228, v123// 000000005280: CA508A80 45E4017B
	v_cmp_ge_u32_e32 vcc_lo, v252, v223                        // 000000005288: 7C9DBFFC
	v_mul_f32_e32 v36, s25, v27                                // 00000000528C: 10483619
	scratch_load_b32 v27, off, off offset:180                  // 000000005290: DC5100B4 1B7C0000
	v_mul_f32_e32 v39, s25, v47                                // 000000005298: 104E5E19
	v_dual_mul_f32 v47, s25, v55 :: v_dual_cndmask_b32 v68, 0, v68// 00000000529C: C8D26E19 2F448880
	v_cmp_ge_u32_e32 vcc_lo, v252, v17                         // 0000000052A4: 7C9C23FC
	v_or_b32_e32 v17, 42, v253                                 // 0000000052A8: 3823FAAA
	v_mul_f32_e32 v55, s25, v25                                // 0000000052AC: 106E3219
	scratch_load_b32 v25, off, off offset:184                  // 0000000052B0: DC5100B8 197C0000
	v_mul_f32_e32 v51, s25, v59                                // 0000000052B8: 10667619
	v_dual_cndmask_b32 v71, 0, v71 :: v_dual_mul_f32 v18, s25, v38// 0000000052BC: CA468E80 47124C19
	v_cmp_ge_u32_e32 vcc_lo, v252, v222                        // 0000000052C4: 7C9DBDFC
	v_mul_f32_e32 v20, s25, v40                                // 0000000052C8: 10285019
	v_mul_f32_e32 v38, s25, v46                                // 0000000052CC: 104C5C19
	v_mul_f32_e32 v40, s25, v48                                // 0000000052D0: 10506019
	v_mul_f32_e32 v46, s25, v54                                // 0000000052D4: 105C6C19
	v_cndmask_b32_e32 v70, 0, v70, vcc_lo                      // 0000000052D8: 028C8C80
	v_cmp_ge_u32_e32 vcc_lo, v252, v17                         // 0000000052DC: 7C9C23FC
	v_or_b32_e32 v17, 46, v253                                 // 0000000052E0: 3823FAAE
	v_mul_f32_e32 v48, s25, v56                                // 0000000052E4: 10607019
	v_mul_f32_e32 v22, s25, v42                                // 0000000052E8: 102C5419
	v_dual_mul_f32 v42, s25, v50 :: v_dual_cndmask_b32 v73, 0, v73// 0000000052EC: C8D26419 2A489280
	v_cmp_ge_u32_e32 vcc_lo, v252, v221                        // 0000000052F4: 7C9DBBFC
	v_mul_f32_e32 v54, s25, v32                                // 0000000052F8: 106C4019
	v_cmp_ge_u32_e64 s0, v252, v228                            // 0000000052FC: D44E0000 0003C9FC
	v_mul_f32_e32 v56, s25, v26                                // 000000005304: 10703419
	v_lshl_add_u32 v26, v29, 6, 0                              // 000000005308: D646001A 02010D1D
	v_cndmask_b32_e32 v72, 0, v72, vcc_lo                      // 000000005310: 02909080
	v_cmp_ge_u32_e32 vcc_lo, v252, v17                         // 000000005314: 7C9C23FC
	v_or_b32_e32 v17, 50, v253                                 // 000000005318: 3823FAB2
	v_cndmask_b32_e64 v80, 0, v80, s0                          // 00000000531C: D5010050 0002A080
	v_cmp_ge_u32_e64 s0, v252, v185                            // 000000005324: D44E0000 000373FC
	v_dual_mul_f32 v50, s25, v58 :: v_dual_cndmask_b32 v75, 0, v75// 00000000532C: C8D27419 324A9680
	v_cmp_ge_u32_e32 vcc_lo, v252, v220                        // 000000005334: 7C9DB9FC
	v_bfe_u32 v32, v73, 16, 1                                  // 000000005338: D6100020 02052149
	s_delay_alu instid0(VALU_DEP_4)                            // 000000005340: BF870004
	v_cndmask_b32_e64 v30, 0, v30, s0                          // 000000005344: D501001E 00023C80
	v_cmp_ge_u32_e64 s0, v252, v186                            // 00000000534C: D44E0000 000375FC
	s_mov_b32 s1, 0x76543210                                   // 000000005354: BE8100FF 76543210
	v_cndmask_b32_e32 v74, 0, v74, vcc_lo                      // 00000000535C: 02949480
	v_cmp_ge_u32_e32 vcc_lo, v252, v17                         // 000000005360: 7C9C23FC
	v_or_b32_e32 v17, 54, v253                                 // 000000005364: 3823FAB6
	v_cndmask_b32_e64 v31, 0, v31, s0                          // 000000005368: D501001F 00023E80
	v_add3_u32 v32, v73, v32, 0x7fff                           // 000000005370: D6550020 03FE4149 00007FFF
	v_dual_mov_b32 v218, s11 :: v_dual_cndmask_b32 v77, 0, v77 // 00000000537C: CA12000B DA4C9A80
	v_cmp_ge_u32_e32 vcc_lo, v252, v184                        // 000000005384: 7C9D71FC
	v_dual_mov_b32 v217, s10 :: v_dual_mov_b32 v212, s5        // 000000005388: CA10000A D9D40005
	s_delay_alu instid0(VALU_DEP_4)                            // 000000005390: BF870004
	v_lshrrev_b32_e32 v32, 16, v32                             // 000000005394: 32404090
	v_dual_mov_b32 v215, s8 :: v_dual_cndmask_b32 v76, 0, v76  // 000000005398: CA120008 D74C9880
	v_cmp_ge_u32_e32 vcc_lo, v252, v17                         // 0000000053A0: 7C9C23FC
	v_or_b32_e32 v17, 58, v253                                 // 0000000053A4: 3823FABA
	v_mov_b32_e32 v213, s6                                     // 0000000053A8: 7FAA0206
	v_dual_mov_b32 v211, s4 :: v_dual_mov_b32 v216, s9         // 0000000053AC: CA100004 D3D80009
	v_cndmask_b32_e32 v79, 0, v79, vcc_lo                      // 0000000053B4: 029E9E80
	v_cmp_ge_u32_e32 vcc_lo, v252, v219                        // 0000000053B8: 7C9DB7FC
	v_mov_b32_e32 v214, s7                                     // 0000000053BC: 7FAC0207
	v_cndmask_b32_e32 v78, 0, v78, vcc_lo                      // 0000000053C0: 029C9C80
	v_cmp_ge_u32_e32 vcc_lo, v252, v17                         // 0000000053C4: 7C9C23FC
	v_mul_f32_e32 v17, s25, v37                                // 0000000053C8: 10224A19
	v_mul_f32_e32 v37, s25, v45                                // 0000000053CC: 104A5A19
	v_mul_f32_e32 v45, s25, v53                                // 0000000053D0: 105A6A19
	v_mul_f32_e32 v53, s25, v28                                // 0000000053D4: 106A3819
	scratch_load_b32 v28, off, off offset:176                  // 0000000053D8: DC5100B0 1C7C0000
	v_cndmask_b32_e32 v81, 0, v81, vcc_lo                      // 0000000053E0: 02A2A280
	s_waitcnt vmcnt(0)                                         // 0000000053E4: BF8903F7
	s_waitcnt_vscnt null, 0x0                                  // 0000000053E8: BC7C0000
	s_barrier                                                  // 0000000053EC: BFBD0000
	buffer_gl0_inv                                             // 0000000053F0: E0AC0000 00000000
	v_cmp_gt_i64_e32 vcc_lo, 0x80, v[180:181]                  // 0000000053F8: 7CA968FF 00000080
	s_and_b32 s0, s20, vcc_lo                                  // 000000005400: 8B006A14
	v_cmp_o_f32_e32 vcc_lo, v83, v83                           // 000000005404: 7C2EA753
	v_lshlrev_b32_e32 v27, 2, v27                              // 000000005408: 30363682
	s_delay_alu instid0(VALU_DEP_1)                            // 00000000540C: BF870001
	v_add3_u32 v0, v0, v27, v28                                // 000000005410: D6550000 04723700
	ds_store_b128 v0, v[17:20]                                 // 000000005418: DB7C0000 00001100
	ds_store_b128 v0, v[45:48] offset:512                      // 000000005420: DB7C0200 00002D00
	v_bfe_u32 v18, v85, 16, 1                                  // 000000005428: D6100012 02052155
	v_bfe_u32 v17, v83, 16, 1                                  // 000000005430: D6100011 02052153
	s_waitcnt lgkmcnt(0)                                       // 000000005438: BF89FC07
	s_barrier                                                  // 00000000543C: BFBD0000
	buffer_gl0_inv                                             // 000000005440: E0AC0000 00000000
	v_add3_u32 v18, v85, v18, 0x7fff                           // 000000005448: D6550012 03FE2555 00007FFF
	v_add3_u32 v17, v83, v17, 0x7fff                           // 000000005454: D6550011 03FE2353 00007FFF
	v_bfe_u32 v19, v84, 16, 1                                  // 000000005460: D6100013 02052154
	v_bfe_u32 v20, v87, 16, 1                                  // 000000005468: D6100014 02052157
	v_bfe_u32 v27, v68, 16, 1                                  // 000000005470: D610001B 02052144
	v_lshrrev_b32_e32 v18, 16, v18                             // 000000005478: 32242490
	v_lshlrev_b32_e32 v25, 3, v25                              // 00000000547C: 30323283
	v_lshrrev_b32_e32 v17, 16, v17                             // 000000005480: 32222290
	v_add3_u32 v19, v84, v19, 0x7fff                           // 000000005484: D6550013 03FE2754 00007FFF
	v_add3_u32 v20, v87, v20, 0x7fff                           // 000000005490: D6550014 03FE2957 00007FFF
	v_add3_u32 v27, v68, v27, 0x7fff                           // 00000000549C: D655001B 03FE3744 00007FFF
	v_add3_u32 v25, v26, v25, v28                              // 0000000054A8: D6550019 0472331A
	ds_load_b128 v[144:147], v25                               // 0000000054B0: DBFC0000 90000019
	ds_load_b128 v[172:175], v25 offset:2048                   // 0000000054B8: DBFC0800 AC000019
	s_waitcnt lgkmcnt(0)                                       // 0000000054C0: BF89FC07
	s_barrier                                                  // 0000000054C4: BFBD0000
	buffer_gl0_inv                                             // 0000000054C8: E0AC0000 00000000
	ds_store_b128 v0, v[21:24]                                 // 0000000054D0: DB7C0000 00001500
	ds_store_b128 v0, v[49:52] offset:512                      // 0000000054D8: DB7C0200 00003100
	s_waitcnt lgkmcnt(0)                                       // 0000000054E0: BF89FC07
	s_barrier                                                  // 0000000054E4: BFBD0000
	buffer_gl0_inv                                             // 0000000054E8: E0AC0000 00000000
	ds_load_b128 v[176:179], v25                               // 0000000054F0: DBFC0000 B0000019
	ds_load_b128 v[168:171], v25 offset:2048                   // 0000000054F8: DBFC0800 A8000019
	s_waitcnt lgkmcnt(0)                                       // 000000005500: BF89FC07
	s_barrier                                                  // 000000005504: BFBD0000
	buffer_gl0_inv                                             // 000000005508: E0AC0000 00000000
	ds_store_b128 v0, v[37:40]                                 // 000000005510: DB7C0000 00002500
	ds_store_b128 v0, v[33:36] offset:512                      // 000000005518: DB7C0200 00002100
	s_waitcnt lgkmcnt(0)                                       // 000000005520: BF89FC07
	s_barrier                                                  // 000000005524: BFBD0000
	buffer_gl0_inv                                             // 000000005528: E0AC0000 00000000
	ds_load_b128 v[164:167], v25                               // 000000005530: DBFC0000 A4000019
	ds_load_b128 v[156:159], v25 offset:2048                   // 000000005538: DBFC0800 9C000019
	s_waitcnt lgkmcnt(0)                                       // 000000005540: BF89FC07
	s_barrier                                                  // 000000005544: BFBD0000
	buffer_gl0_inv                                             // 000000005548: E0AC0000 00000000
	ds_store_b128 v0, v[41:44]                                 // 000000005550: DB7C0000 00002900
	ds_store_b128 v0, v[53:56] offset:512                      // 000000005558: DB7C0200 00003500
	v_bfe_u32 v0, v82, 16, 1                                   // 000000005560: D6100000 02052152
	v_cndmask_b32_e32 v17, 0x7fff, v17, vcc_lo                 // 000000005568: 022222FF 00007FFF
	v_cmp_o_f32_e32 vcc_lo, v82, v82                           // 000000005570: 7C2EA552
	v_lshrrev_b32_e32 v19, 16, v19                             // 000000005574: 32262690
	v_bfe_u32 v21, v86, 16, 1                                  // 000000005578: D6100015 02052156
	v_add3_u32 v0, v82, v0, 0x7fff                             // 000000005580: D6550000 03FE0152 00007FFF
	v_bfe_u32 v22, v60, 16, 1                                  // 00000000558C: D6100016 0205213C
	v_bfe_u32 v23, v61, 16, 1                                  // 000000005594: D6100017 0205213D
	s_waitcnt lgkmcnt(0)                                       // 00000000559C: BF89FC07
	v_add3_u32 v21, v86, v21, 0x7fff                           // 0000000055A0: D6550015 03FE2B56 00007FFF
	v_lshrrev_b32_e32 v0, 16, v0                               // 0000000055AC: 32000090
	v_add3_u32 v22, v60, v22, 0x7fff                           // 0000000055B0: D6550016 03FE2D3C 00007FFF
	v_add3_u32 v23, v61, v23, 0x7fff                           // 0000000055BC: D6550017 03FE2F3D 00007FFF
	s_barrier                                                  // 0000000055C8: BFBD0000
	v_lshrrev_b32_e32 v21, 16, v21                             // 0000000055CC: 322A2A90
	v_cndmask_b32_e32 v0, 0x7fff, v0, vcc_lo                   // 0000000055D0: 020000FF 00007FFF
	v_cmp_o_f32_e32 vcc_lo, v85, v85                           // 0000000055D8: 7C2EAB55
	buffer_gl0_inv                                             // 0000000055DC: E0AC0000 00000000
	ds_load_b128 v[160:163], v25                               // 0000000055E4: DBFC0000 A0000019
	ds_load_b128 v[152:155], v25 offset:2048                   // 0000000055EC: DBFC0800 98000019
	v_bfe_u32 v26, v63, 16, 1                                  // 0000000055F4: D610001A 0205213F
	v_perm_b32 v0, v0, v17, 0x5040100                          // 0000000055FC: D6440000 03FE2300 05040100
	v_cndmask_b32_e32 v18, 0x7fff, v18, vcc_lo                 // 000000005608: 022424FF 00007FFF
	v_cmp_o_f32_e32 vcc_lo, v84, v84                           // 000000005610: 7C2EA954
	v_bfe_u32 v28, v69, 16, 1                                  // 000000005614: D610001C 02052145
	v_bfe_u32 v33, v74, 16, 1                                  // 00000000561C: D6100021 0205214A
	v_bfe_u32 v34, v75, 16, 1                                  // 000000005624: D6100022 0205214B
	v_bfe_u32 v36, v80, 16, 1                                  // 00000000562C: D6100024 02052150
	v_cndmask_b32_e32 v19, 0x7fff, v19, vcc_lo                 // 000000005634: 022626FF 00007FFF
	v_cmp_o_f32_e32 vcc_lo, v87, v87                           // 00000000563C: 7C2EAF57
	v_add3_u32 v33, v74, v33, 0x7fff                           // 000000005640: D6550021 03FE434A 00007FFF
	v_bfe_u32 v35, v81, 16, 1                                  // 00000000564C: D6100023 02052151
	v_add3_u32 v36, v80, v36, 0x7fff                           // 000000005654: D6550024 03FE4950 00007FFF
	v_perm_b32 v17, v19, v18, 0x5040100                        // 000000005660: D6440011 03FE2513 05040100
	v_lshrrev_b32_e32 v18, 16, v20                             // 00000000566C: 32242890
	v_bfe_u32 v20, v89, 16, 1                                  // 000000005670: D6100014 02052159
	v_bfe_u32 v19, v88, 16, 1                                  // 000000005678: D6100013 02052158
	v_add3_u32 v35, v81, v35, 0x7fff                           // 000000005680: D6550023 03FE4751 00007FFF
	v_bfe_u32 v37, v31, 16, 1                                  // 00000000568C: D6100025 0205211F
	v_cndmask_b32_e32 v18, 0x7fff, v18, vcc_lo                 // 000000005694: 022424FF 00007FFF
	v_add3_u32 v20, v89, v20, 0x7fff                           // 00000000569C: D6550014 03FE2959 00007FFF
	v_cmp_o_f32_e32 vcc_lo, v86, v86                           // 0000000056A8: 7C2EAD56
	v_add3_u32 v19, v88, v19, 0x7fff                           // 0000000056AC: D6550013 03FE2758 00007FFF
	v_lshrrev_b32_e32 v36, 16, v36                             // 0000000056B8: 32484890
	v_bfe_u32 v38, v30, 16, 1                                  // 0000000056BC: D6100026 0205211E
	v_lshrrev_b32_e32 v20, 16, v20                             // 0000000056C4: 32282890
	v_cndmask_b32_e32 v21, 0x7fff, v21, vcc_lo                 // 0000000056C8: 022A2AFF 00007FFF
	v_cmp_o_f32_e32 vcc_lo, v89, v89                           // 0000000056D0: 7C2EB359
	v_lshrrev_b32_e32 v19, 16, v19                             // 0000000056D4: 32262690
	v_add3_u32 v37, v31, v37, 0x7fff                           // 0000000056D8: D6550025 03FE4B1F 00007FFF
	v_lshrrev_b32_e32 v35, 16, v35                             // 0000000056E4: 32464690
	v_add3_u32 v38, v30, v38, 0x7fff                           // 0000000056E8: D6550026 03FE4D1E 00007FFF
	v_cndmask_b32_e32 v24, 0x7fff, v20, vcc_lo                 // 0000000056F4: 023028FF 00007FFF
	v_cmp_o_f32_e32 vcc_lo, v88, v88                           // 0000000056FC: 7C2EB158
	v_lshrrev_b32_e32 v20, 16, v22                             // 000000005700: 32282C90
	v_lshrrev_b32_e32 v22, 16, v23                             // 000000005704: 322C2E90
	v_bfe_u32 v23, v62, 16, 1                                  // 000000005708: D6100017 0205213E
	v_lshrrev_b32_e32 v37, 16, v37                             // 000000005710: 324A4A90
	v_cndmask_b32_e32 v19, 0x7fff, v19, vcc_lo                 // 000000005714: 022626FF 00007FFF
	v_cmp_o_f32_e32 vcc_lo, v60, v60                           // 00000000571C: 7C2E793C
	v_lshrrev_b32_e32 v38, 16, v38                             // 000000005720: 324C4C90
	v_add3_u32 v23, v62, v23, 0x7fff                           // 000000005724: D6550017 03FE2F3E 00007FFF
	v_cndmask_b32_e32 v25, 0x7fff, v20, vcc_lo                 // 000000005730: 023228FF 00007FFF
	v_cmp_o_f32_e32 vcc_lo, v61, v61                           // 000000005738: 7C2E7B3D
	v_perm_b32 v20, v21, v18, 0x5040100                        // 00000000573C: D6440014 03FE2515 05040100
	v_perm_b32 v18, v19, v24, 0x5040100                        // 000000005748: D6440012 03FE3113 05040100
	v_add3_u32 v21, v63, v26, 0x7fff                           // 000000005754: D6550015 03FE353F 00007FFF
	v_bfe_u32 v24, v64, 16, 1                                  // 000000005760: D6100018 02052140
	v_cndmask_b32_e32 v22, 0x7fff, v22, vcc_lo                 // 000000005768: 022C2CFF 00007FFF
	v_cmp_o_f32_e32 vcc_lo, v62, v62                           // 000000005770: 7C2E7D3E
	v_bfe_u32 v26, v67, 16, 1                                  // 000000005774: D610001A 02052143
	v_lshrrev_b32_e32 v21, 16, v21                             // 00000000577C: 322A2A90
	v_add3_u32 v24, v64, v24, 0x7fff                           // 000000005780: D6550018 03FE3140 00007FFF
	v_perm_b32 v19, v22, v25, 0x5040100                        // 00000000578C: D6440013 03FE3316 05040100
	v_lshrrev_b32_e32 v22, 16, v23                             // 000000005798: 322C2E90
	v_bfe_u32 v23, v65, 16, 1                                  // 00000000579C: D6100017 02052141
	v_bfe_u32 v25, v66, 16, 1                                  // 0000000057A4: D6100019 02052142
	v_lshrrev_b32_e32 v24, 16, v24                             // 0000000057AC: 32303090
	v_add3_u32 v26, v67, v26, 0x7fff                           // 0000000057B0: D655001A 03FE3543 00007FFF
	v_cndmask_b32_e32 v22, 0x7fff, v22, vcc_lo                 // 0000000057BC: 022C2CFF 00007FFF
	v_cmp_o_f32_e32 vcc_lo, v63, v63                           // 0000000057C4: 7C2E7F3F
	v_add3_u32 v23, v65, v23, 0x7fff                           // 0000000057C8: D6550017 03FE2F41 00007FFF
	v_add3_u32 v25, v66, v25, 0x7fff                           // 0000000057D4: D6550019 03FE3342 00007FFF
	v_lshrrev_b32_e32 v26, 16, v26                             // 0000000057E0: 32343490
	v_permlanex16_b32 v39, v18, s1, 0xfedcba98 op_sel:[1,0]    // 0000000057E4: D65C0827 03FC0312 FEDCBA98
	v_cndmask_b32_e32 v21, 0x7fff, v21, vcc_lo                 // 0000000057F0: 022A2AFF 00007FFF
	v_cmp_o_f32_e32 vcc_lo, v64, v64                           // 0000000057F8: 7C2E8140
	v_lshrrev_b32_e32 v23, 16, v23                             // 0000000057FC: 322E2E90
	v_lshrrev_b32_e32 v25, 16, v25                             // 000000005800: 32323290
	v_permlanex16_b32 v44, v19, s1, 0xfedcba98 op_sel:[1,0]    // 000000005804: D65C082C 03FC0313 FEDCBA98
	v_perm_b32 v22, v21, v22, 0x5040100                        // 000000005810: D6440016 03FE2D15 05040100
	v_cndmask_b32_e32 v24, 0x7fff, v24, vcc_lo                 // 00000000581C: 023030FF 00007FFF
	v_cmp_o_f32_e32 vcc_lo, v65, v65                           // 000000005824: 7C2E8341
	s_delay_alu instid0(VALU_DEP_3) | instskip(SKIP_2) | instid1(VALU_DEP_2)// 000000005828: BF870133
	v_permlanex16_b32 v45, v22, s1, 0xfedcba98 op_sel:[1,0]    // 00000000582C: D65C082D 03FC0316 FEDCBA98
	v_cndmask_b32_e32 v23, 0x7fff, v23, vcc_lo                 // 000000005838: 022E2EFF 00007FFF
	v_cmp_o_f32_e32 vcc_lo, v66, v66                           // 000000005840: 7C2E8542
	v_perm_b32 v21, v23, v24, 0x5040100                        // 000000005844: D6440015 03FE3117 05040100
	v_cndmask_b32_e32 v25, 0x7fff, v25, vcc_lo                 // 000000005850: 023232FF 00007FFF
	v_cmp_o_f32_e32 vcc_lo, v67, v67                           // 000000005858: 7C2E8743
	v_add3_u32 v24, v69, v28, 0x7fff                           // 00000000585C: D6550018 03FE3945 00007FFF
	v_bfe_u32 v28, v72, 16, 1                                  // 000000005868: D610001C 02052148
	v_permlanex16_b32 v46, v21, s1, 0xfedcba98 op_sel:[1,0]    // 000000005870: D65C082E 03FC0315 FEDCBA98
	v_cndmask_b32_e32 v26, 0x7fff, v26, vcc_lo                 // 00000000587C: 023434FF 00007FFF
	v_cmp_o_f32_e32 vcc_lo, v68, v68                           // 000000005884: 7C2E8944
	v_lshrrev_b32_e32 v24, 16, v24                             // 000000005888: 32303090
	v_add3_u32 v28, v72, v28, 0x7fff                           // 00000000588C: D655001C 03FE3948 00007FFF
	s_delay_alu instid0(VALU_DEP_4)                            // 000000005898: BF870004
	v_perm_b32 v23, v26, v25, 0x5040100                        // 00000000589C: D6440017 03FE331A 05040100
	v_lshrrev_b32_e32 v25, 16, v27                             // 0000000058A8: 32323690
	v_bfe_u32 v27, v70, 16, 1                                  // 0000000058AC: D610001B 02052146
	v_bfe_u32 v26, v71, 16, 1                                  // 0000000058B4: D610001A 02052147
	v_lshrrev_b32_e32 v28, 16, v28                             // 0000000058BC: 32383890
	v_permlanex16_b32 v47, v23, s1, 0xfedcba98 op_sel:[1,0]    // 0000000058C0: D65C082F 03FC0317 FEDCBA98
	v_cndmask_b32_e32 v25, 0x7fff, v25, vcc_lo                 // 0000000058CC: 023232FF 00007FFF
	v_add3_u32 v27, v70, v27, 0x7fff                           // 0000000058D4: D655001B 03FE3746 00007FFF
	v_cmp_o_f32_e32 vcc_lo, v69, v69                           // 0000000058E0: 7C2E8B45
	v_add3_u32 v26, v71, v26, 0x7fff                           // 0000000058E4: D655001A 03FE3547 00007FFF
	s_delay_alu instid0(VALU_DEP_3) | instskip(SKIP_2) | instid1(VALU_DEP_4)// 0000000058F0: BF870233
	v_lshrrev_b32_e32 v27, 16, v27                             // 0000000058F4: 32363690
	v_cndmask_b32_e32 v24, 0x7fff, v24, vcc_lo                 // 0000000058F8: 023030FF 00007FFF
	v_cmp_o_f32_e32 vcc_lo, v70, v70                           // 000000005900: 7C2E8D46
	v_lshrrev_b32_e32 v26, 16, v26                             // 000000005904: 32343490
	s_delay_alu instid0(VALU_DEP_3)                            // 000000005908: BF870003
	v_perm_b32 v40, v24, v25, 0x5040100                        // 00000000590C: D6440028 03FE3318 05040100
	v_cndmask_b32_e32 v27, 0x7fff, v27, vcc_lo                 // 000000005918: 023636FF 00007FFF
	v_cmp_o_f32_e32 vcc_lo, v71, v71                           // 000000005920: 7C2E8F47
	v_add3_u32 v24, v75, v34, 0x7fff                           // 000000005924: D6550018 03FE454B 00007FFF
	v_lshrrev_b32_e32 v25, 16, v33                             // 000000005930: 32324290
	v_bfe_u32 v33, v78, 16, 1                                  // 000000005934: D6100021 0205214E
	v_bfe_u32 v34, v79, 16, 1                                  // 00000000593C: D6100022 0205214F
	v_cndmask_b32_e32 v26, 0x7fff, v26, vcc_lo                 // 000000005944: 023434FF 00007FFF
	v_cmp_o_f32_e32 vcc_lo, v72, v72                           // 00000000594C: 7C2E9148
	v_lshrrev_b32_e32 v24, 16, v24                             // 000000005950: 32303090
	v_add3_u32 v33, v78, v33, 0x7fff                           // 000000005954: D6550021 03FE434E 00007FFF
	v_add3_u32 v34, v79, v34, 0x7fff                           // 000000005960: D6550022 03FE454F 00007FFF
	v_perm_b32 v27, v26, v27, 0x5040100                        // 00000000596C: D644001B 03FE371A 05040100
	v_cndmask_b32_e32 v28, 0x7fff, v28, vcc_lo                 // 000000005978: 023838FF 00007FFF
	v_cmp_o_f32_e32 vcc_lo, v73, v73                           // 000000005980: 7C2E9349
	v_bfe_u32 v26, v76, 16, 1                                  // 000000005984: D610001A 0205214C
	v_lshrrev_b32_e32 v33, 16, v33                             // 00000000598C: 32424290
	v_lshrrev_b32_e32 v34, 16, v34                             // 000000005990: 32444490
	v_permlanex16_b32 v48, v40, s1, 0xfedcba98 op_sel:[1,0]    // 000000005994: D65C0830 03FC0328 FEDCBA98
	v_cndmask_b32_e32 v32, 0x7fff, v32, vcc_lo                 // 0000000059A0: 024040FF 00007FFF
	v_cmp_o_f32_e32 vcc_lo, v74, v74                           // 0000000059A8: 7C2E954A
	v_add3_u32 v26, v76, v26, 0x7fff                           // 0000000059AC: D655001A 03FE354C 00007FFF
	v_permlanex16_b32 v49, v27, s1, 0xfedcba98 op_sel:[1,0]    // 0000000059B8: D65C0831 03FC031B FEDCBA98
	s_delay_alu instid0(VALU_DEP_4)                            // 0000000059C4: BF870004
	v_perm_b32 v28, v32, v28, 0x5040100                        // 0000000059C8: D644001C 03FE3920 05040100
	v_bfe_u32 v32, v77, 16, 1                                  // 0000000059D4: D6100020 0205214D
	v_cndmask_b32_e32 v25, 0x7fff, v25, vcc_lo                 // 0000000059DC: 023232FF 00007FFF
	v_cmp_o_f32_e32 vcc_lo, v75, v75                           // 0000000059E4: 7C2E974B
	v_lshrrev_b32_e32 v26, 16, v26                             // 0000000059E8: 32343490
	v_permlanex16_b32 v50, v28, s1, 0xfedcba98 op_sel:[1,0]    // 0000000059EC: D65C0832 03FC031C FEDCBA98
	v_add3_u32 v32, v77, v32, 0x7fff                           // 0000000059F8: D6550020 03FE414D 00007FFF
	v_cndmask_b32_e32 v24, 0x7fff, v24, vcc_lo                 // 000000005A04: 023030FF 00007FFF
	v_cmp_o_f32_e32 vcc_lo, v76, v76                           // 000000005A0C: 7C2E994C
	s_delay_alu instid0(VALU_DEP_3) | instskip(NEXT) | instid1(VALU_DEP_3)// 000000005A10: BF870193
	v_lshrrev_b32_e32 v32, 16, v32                             // 000000005A14: 32404090
	v_perm_b32 v41, v24, v25, 0x5040100                        // 000000005A18: D6440029 03FE3318 05040100
	v_cndmask_b32_e32 v26, 0x7fff, v26, vcc_lo                 // 000000005A24: 023434FF 00007FFF
	v_cmp_o_f32_e32 vcc_lo, v77, v77                           // 000000005A2C: 7C2E9B4D
	v_mov_b32_e32 v24, 0x5410                                  // 000000005A30: 7E3002FF 00005410
	v_mov_b32_e32 v25, 0x7632                                  // 000000005A38: 7E3202FF 00007632
	v_permlanex16_b32 v51, v41, s1, 0xfedcba98 op_sel:[1,0]    // 000000005A40: D65C0833 03FC0329 FEDCBA98
	v_cndmask_b32_e32 v32, 0x7fff, v32, vcc_lo                 // 000000005A4C: 024040FF 00007FFF
	v_cmp_o_f32_e32 vcc_lo, v78, v78                           // 000000005A54: 7C2E9D4E
	s_delay_alu instid0(VALU_DEP_2) | instskip(SKIP_2) | instid1(VALU_DEP_3)// 000000005A58: BF8701B2
	v_perm_b32 v42, v32, v26, 0x5040100                        // 000000005A5C: D644002A 03FE3520 05040100
	v_cndmask_b32_e32 v33, 0x7fff, v33, vcc_lo                 // 000000005A68: 024242FF 00007FFF
	v_cmp_o_f32_e32 vcc_lo, v79, v79                           // 000000005A70: 7C2E9F4F
	v_permlanex16_b32 v52, v42, s1, 0xfedcba98 op_sel:[1,0]    // 000000005A74: D65C0834 03FC032A FEDCBA98
	v_cndmask_b32_e32 v34, 0x7fff, v34, vcc_lo                 // 000000005A80: 024444FF 00007FFF
	v_cmp_o_f32_e32 vcc_lo, v80, v80                           // 000000005A88: 7C2EA150
	s_delay_alu instid0(VALU_DEP_2) | instskip(SKIP_4) | instid1(VALU_DEP_2)// 000000005A8C: BF870152
	v_perm_b32 v43, v34, v33, 0x5040100                        // 000000005A90: D644002B 03FE4322 05040100
	v_cndmask_b32_e32 v36, 0x7fff, v36, vcc_lo                 // 000000005A9C: 024848FF 00007FFF
	v_cmp_o_f32_e32 vcc_lo, v81, v81                           // 000000005AA4: 7C2EA351
	v_cndmask_b32_e32 v35, 0x7fff, v35, vcc_lo                 // 000000005AA8: 024646FF 00007FFF
	v_cmp_o_f32_e32 vcc_lo, v31, v31                           // 000000005AB0: 7C2E3F1F
	v_perm_b32 v149, v35, v36, 0x5040100                       // 000000005AB4: D6440095 03FE4923 05040100
	v_cndmask_b32_e32 v31, 0x7fff, v37, vcc_lo                 // 000000005AC0: 023E4AFF 00007FFF
	v_cmp_o_f32_e32 vcc_lo, v30, v30                           // 000000005AC8: 7C2E3D1E
	s_delay_alu instid0(VALU_DEP_3) | instskip(SKIP_3) | instid1(VALU_DEP_3)// 000000005ACC: BF8701C3
	v_permlanex16_b32 v150, v149, s1, 0xfedcba98 op_sel:[1,0]  // 000000005AD0: D65C0896 03FC0395 FEDCBA98
	v_cndmask_b32_e32 v30, 0x7fff, v38, vcc_lo                 // 000000005ADC: 023C4CFF 00007FFF
	v_cmp_eq_u32_e32 vcc_lo, 0, v29                            // 000000005AE4: 7C943A80
	v_permlanex16_b32 v29, v0, s1, 0xfedcba98 op_sel:[1,0]     // 000000005AE8: D65C081D 03FC0300 FEDCBA98
	v_perm_b32 v148, v30, v31, 0x5040100                       // 000000005AF4: D6440094 03FE3F1E 05040100
	v_cndmask_b32_e32 v24, 0x1054, v24, vcc_lo                 // 000000005B00: 023030FF 00001054
	v_cndmask_b32_e32 v25, 0x3276, v25, vcc_lo                 // 000000005B08: 023232FF 00003276
	v_permlanex16_b32 v30, v17, s1, 0xfedcba98 op_sel:[1,0]    // 000000005B10: D65C081E 03FC0311 FEDCBA98
	v_permlanex16_b32 v31, v20, s1, 0xfedcba98 op_sel:[1,0]    // 000000005B1C: D65C081F 03FC0314 FEDCBA98
	s_delay_alu instid0(VALU_DEP_4) | instskip(NEXT) | instid1(VALU_DEP_4)// 000000005B28: BF870214
	v_lshl_or_b32 v24, v24, 8, v24                             // 000000005B2C: D6560018 04611118
	v_lshl_or_b32 v25, v25, 8, v25                             // 000000005B34: D6560019 04651119
	s_delay_alu instid0(VALU_DEP_2) | instskip(NEXT) | instid1(VALU_DEP_2)// 000000005B3C: BF870112
	v_and_b32_e32 v24, 0x540054, v24                           // 000000005B40: 363030FF 00540054
	v_and_b32_e32 v25, 0x760076, v25                           // 000000005B48: 363232FF 00760076
	s_delay_alu instid0(VALU_DEP_2) | instskip(NEXT) | instid1(VALU_DEP_2)// 000000005B50: BF870112
	v_lshl_or_b32 v24, v24, 4, v24                             // 000000005B54: D6560018 04610918
	v_lshl_or_b32 v25, v25, 4, v25                             // 000000005B5C: D6560019 04650919
	s_delay_alu instid0(VALU_DEP_2)                            // 000000005B64: BF870002
	v_and_b32_e32 v151, 0x5040504, v24                         // 000000005B68: 372E30FF 05040504
	scratch_load_b32 v24, off, off offset:172                  // 000000005B70: DC5100AC 187C0000
	s_waitcnt vmcnt(0) lgkmcnt(0)                              // 000000005B78: BF890007
	s_barrier                                                  // 000000005B7C: BFBD0000
	buffer_gl0_inv                                             // 000000005B80: E0AC0000 00000000
	v_and_b32_e32 v182, 0x7060706, v25                         // 000000005B88: 376C32FF 07060706
	v_perm_b32 v32, v29, v0, v151                              // 000000005B90: D6440020 065E011D
	v_perm_b32 v34, v30, v17, v151                             // 000000005B98: D6440022 065E231E
	v_perm_b32 v36, v31, v20, v151                             // 000000005BA0: D6440024 065E291F
	v_permlanex16_b32 v53, v43, s1, 0xfedcba98 op_sel:[1,0]    // 000000005BA8: D65C0835 03FC032B FEDCBA98
	v_perm_b32 v33, v29, v0, v182                              // 000000005BB4: D6440021 06DA011D
	v_perm_b32 v35, v30, v17, v182                             // 000000005BBC: D6440023 06DA231E
	v_perm_b32 v37, v31, v20, v182                             // 000000005BC4: D6440025 06DA291F
	v_perm_b32 v38, v39, v18, v151                             // 000000005BCC: D6440026 065E2527
	v_perm_b32 v39, v39, v18, v182                             // 000000005BD4: D6440027 06DA2527
	v_perm_b32 v17, v44, v19, v182                             // 000000005BDC: D6440011 06DA272C
	v_perm_b32 v18, v45, v22, v151                             // 000000005BE4: D6440012 065E2D2D
	v_perm_b32 v20, v46, v21, v151                             // 000000005BEC: D6440014 065E2B2E
	v_perm_b32 v21, v46, v21, v182                             // 000000005BF4: D6440015 06DA2B2E
	v_perm_b32 v0, v52, v42, v151                              // 000000005BFC: D6440000 065E5534
	v_add_nc_u32_e32 v24, 0, v24                               // 000000005C04: 4A303080
	ds_store_b128 v24, v[5:8]                                  // 000000005C08: DB7C0000 00000518
	ds_store_b128 v24, v[1:4] offset:2048                      // 000000005C10: DB7C0800 00000118
	scratch_load_b32 v1, off, off offset:112                   // 000000005C18: DC510070 017C0000
	ds_store_b128 v24, v[13:16] offset:4096                    // 000000005C20: DB7C1000 00000D18
	ds_store_b128 v24, v[9:12] offset:6144                     // 000000005C28: DB7C1800 00000918
	s_waitcnt vmcnt(0) lgkmcnt(0)                              // 000000005C30: BF890007
	s_barrier                                                  // 000000005C34: BFBD0000
	buffer_gl0_inv                                             // 000000005C38: E0AC0000 00000000
	v_perm_b32 v8, v48, v40, v151                              // 000000005C40: D6440008 065E5130
	v_perm_b32 v9, v48, v40, v182                              // 000000005C48: D6440009 06DA5130
	v_perm_b32 v10, v49, v27, v151                             // 000000005C50: D644000A 065E3731
	v_perm_b32 v11, v49, v27, v182                             // 000000005C58: D644000B 06DA3731
	v_perm_b32 v12, v50, v28, v151                             // 000000005C60: D644000C 065E3932
	v_perm_b32 v13, v50, v28, v182                             // 000000005C68: D644000D 06DA3932
	v_perm_b32 v16, v44, v19, v151                             // 000000005C70: D6440010 065E272C
	v_perm_b32 v19, v45, v22, v182                             // 000000005C78: D6440013 06DA2D2D
	v_perm_b32 v14, v51, v41, v151                             // 000000005C80: D644000E 065E5333
	v_perm_b32 v15, v51, v41, v182                             // 000000005C88: D644000F 06DA5333
	v_perm_b32 v2, v53, v43, v151                              // 000000005C90: D6440002 065E5735
	v_perm_b32 v3, v53, v43, v182                              // 000000005C98: D6440003 06DA5735
	v_perm_b32 v22, v47, v23, v151                             // 000000005CA0: D6440016 065E2F2F
	v_perm_b32 v23, v47, v23, v182                             // 000000005CA8: D6440017 06DA2F2F
	v_permlanex16_b32 v7, v148, s1, 0xfedcba98 op_sel:[1,0]    // 000000005CB0: D65C0807 03FC0394 FEDCBA98
	v_perm_b32 v5, v150, v149, v182                            // 000000005CBC: D6440005 06DB2B96
	s_and_b32 s1, s0, s21                                      // 000000005CC4: 8B011500
	s_add_u32 s0, s16, s14                                     // 000000005CC8: 80000E10
	s_addc_u32 s2, s17, s15                                    // 000000005CCC: 82020F11
	v_perm_b32 v6, v7, v148, v151                              // 000000005CD0: D6440006 065F2907
	v_perm_b32 v7, v7, v148, v182                              // 000000005CD8: D6440007 06DB2907
	v_lshl_add_u32 v4, v1, 1, 0                                // 000000005CE0: D6460004 02010301
	ds_load_u16 v106, v4 offset:512                            // 000000005CE8: D8F00200 6A000004
	ds_load_u16 v97, v4 offset:288                             // 000000005CF0: D8F00120 61000004
	ds_load_u16 v26, v4 offset:608                             // 000000005CF8: D8F00260 1A000004
	ds_load_u16 v25, v4 offset:352                             // 000000005D00: D8F00160 19000004
	ds_load_u16 v104, v4                                       // 000000005D08: D8F00000 68000004
	ds_load_u16 v96, v4 offset:32                              // 000000005D10: D8F00020 60000004
	ds_load_u16 v105, v4 offset:256                            // 000000005D18: D8F00100 69000004
	ds_load_u16 v88, v4 offset:64                              // 000000005D20: D8F00040 58000004
	ds_load_u16 v89, v4 offset:320                             // 000000005D28: D8F00140 59000004
	ds_load_u16 v90, v4 offset:576                             // 000000005D30: D8F00240 5A000004
	s_waitcnt lgkmcnt(6)                                       // 000000005D38: BF89FC67
	ds_load_u16_d16_hi v25, v4 offset:480                      // 000000005D3C: DA9C01E0 19000004
	ds_load_u16 v24, v4 offset:96                              // 000000005D44: D8F00060 18000004
	s_waitcnt lgkmcnt(7)                                       // 000000005D4C: BF89FC77
	ds_load_u16_d16_hi v104, v4 offset:128                     // 000000005D50: DA9C0080 68000004
	s_waitcnt lgkmcnt(7)                                       // 000000005D58: BF89FC77
	ds_load_u16_d16_hi v96, v4 offset:160                      // 000000005D5C: DA9C00A0 60000004
	s_waitcnt lgkmcnt(6)                                       // 000000005D64: BF89FC67
	ds_load_u16_d16_hi v88, v4 offset:192                      // 000000005D68: DA9C00C0 58000004
	s_waitcnt lgkmcnt(3)                                       // 000000005D70: BF89FC37
	ds_load_u16_d16_hi v24, v4 offset:224                      // 000000005D74: DA9C00E0 18000004
	ds_load_u16_d16_hi v105, v4 offset:384                     // 000000005D7C: DA9C0180 69000004
	ds_load_u16_d16_hi v106, v4 offset:640                     // 000000005D84: DA9C0280 6A000004
	ds_load_u16 v107, v4 offset:768                            // 000000005D8C: D8F00300 6B000004
	ds_load_u16_d16_hi v97, v4 offset:416                      // 000000005D94: DA9C01A0 61000004
	ds_load_u16 v91, v4 offset:832                             // 000000005D9C: D8F00340 5B000004
	ds_load_u16_d16_hi v90, v4 offset:704                      // 000000005DA4: DA9C02C0 5A000004
	ds_load_u16 v98, v4 offset:544                             // 000000005DAC: D8F00220 62000004
	ds_load_u16_d16_hi v89, v4 offset:448                      // 000000005DB4: DA9C01C0 59000004
	ds_load_u16 v92, v4 offset:1088                            // 000000005DBC: D8F00440 5C000004
	ds_load_u16 v93, v4 offset:1344                            // 000000005DC4: D8F00540 5D000004
	ds_load_u16 v94, v4 offset:1600                            // 000000005DCC: D8F00640 5E000004
	ds_load_u16 v95, v4 offset:1856                            // 000000005DD4: D8F00740 5F000004
	ds_load_u16 v80, v4 offset:2112                            // 000000005DDC: D8F00840 50000004
	ds_load_u16 v82, v4 offset:2624                            // 000000005DE4: D8F00A40 52000004
	ds_load_u16 v83, v4 offset:2880                            // 000000005DEC: D8F00B40 53000004
	ds_load_u16 v84, v4 offset:3136                            // 000000005DF4: D8F00C40 54000004
	ds_load_u16 v85, v4 offset:3392                            // 000000005DFC: D8F00D40 55000004
	ds_load_u16 v86, v4 offset:3648                            // 000000005E04: D8F00E40 56000004
	ds_load_u16 v72, v4 offset:4160                            // 000000005E0C: D8F01040 48000004
	ds_load_u16 v73, v4 offset:4416                            // 000000005E14: D8F01140 49000004
	ds_load_u16 v74, v4 offset:4672                            // 000000005E1C: D8F01240 4A000004
	ds_load_u16 v75, v4 offset:4928                            // 000000005E24: D8F01340 4B000004
	ds_load_u16 v76, v4 offset:5184                            // 000000005E2C: D8F01440 4C000004
	ds_load_u16 v78, v4 offset:5696                            // 000000005E34: D8F01640 4E000004
	ds_load_u16 v79, v4 offset:5952                            // 000000005E3C: D8F01740 4F000004
	ds_load_u16 v64, v4 offset:6208                            // 000000005E44: D8F01840 40000004
	ds_load_u16 v65, v4 offset:6464                            // 000000005E4C: D8F01940 41000004
	ds_load_u16 v66, v4 offset:6720                            // 000000005E54: D8F01A40 42000004
	ds_load_u16 v68, v4 offset:7232                            // 000000005E5C: D8F01C40 44000004
	ds_load_u16 v69, v4 offset:7488                            // 000000005E64: D8F01D40 45000004
	ds_load_u16 v193, v4 offset:7680                           // 000000005E6C: D8F01E00 C1000004
	ds_load_u16 v70, v4 offset:7744                            // 000000005E74: D8F01E40 46000004
	ds_load_u16 v194, v4 offset:7936                           // 000000005E7C: D8F01F00 C2000004
	ds_load_u16 v71, v4 offset:8000                            // 000000005E84: D8F01F40 47000004
	ds_load_u16 v108, v4 offset:1024                           // 000000005E8C: D8F00400 6C000004
	s_waitcnt lgkmcnt(32)                                      // 000000005E94: BF89FE07
	ds_load_u16_d16_hi v107, v4 offset:896                     // 000000005E98: DA9C0380 6B000004
	s_waitcnt lgkmcnt(29)                                      // 000000005EA0: BF89FDD7
	ds_load_u16_d16_hi v98, v4 offset:672                      // 000000005EA4: DA9C02A0 62000004
	ds_load_u16 v99, v4 offset:800                             // 000000005EAC: D8F00320 63000004
	ds_load_u16_d16_hi v91, v4 offset:960                      // 000000005EB4: DA9C03C0 5B000004
	ds_load_u16 v27, v4 offset:864                             // 000000005EBC: D8F00360 1B000004
	ds_load_u16_d16_hi v26, v4 offset:736                      // 000000005EC4: DA9C02E0 1A000004
	ds_load_u16 v109, v4 offset:1280                           // 000000005ECC: D8F00500 6D000004
	ds_load_u16 v100, v4 offset:1056                           // 000000005ED4: D8F00420 64000004
	s_waitcnt lgkmcnt(34)                                      // 000000005EDC: BF89FE27
	ds_load_u16_d16_hi v92, v4 offset:1216                     // 000000005EE0: DA9C04C0 5C000004
	ds_load_u16 v28, v4 offset:1120                            // 000000005EE8: D8F00460 1C000004
	ds_load_u16 v110, v4 offset:1536                           // 000000005EF0: D8F00600 6E000004
	ds_load_u16 v101, v4 offset:1312                           // 000000005EF8: D8F00520 65000004
	s_waitcnt lgkmcnt(37)                                      // 000000005F00: BF89FE57
	ds_load_u16_d16_hi v93, v4 offset:1472                     // 000000005F04: DA9C05C0 5D000004
	ds_load_u16 v29, v4 offset:1376                            // 000000005F0C: D8F00560 1D000004
	ds_load_u16 v111, v4 offset:1792                           // 000000005F14: D8F00700 6F000004
	ds_load_u16 v102, v4 offset:1568                           // 000000005F1C: D8F00620 66000004
	s_waitcnt lgkmcnt(40)                                      // 000000005F24: BF89FE87
	ds_load_u16_d16_hi v94, v4 offset:1728                     // 000000005F28: DA9C06C0 5E000004
	ds_load_u16 v30, v4 offset:1632                            // 000000005F30: D8F00660 1E000004
	ds_load_u16 v195, v4 offset:2048                           // 000000005F38: D8F00800 C3000004
	ds_load_u16 v103, v4 offset:1824                           // 000000005F40: D8F00720 67000004
	s_waitcnt lgkmcnt(43)                                      // 000000005F48: BF89FEB7
	ds_load_u16_d16_hi v95, v4 offset:1984                     // 000000005F4C: DA9C07C0 5F000004
	ds_load_u16 v31, v4 offset:1888                            // 000000005F54: D8F00760 1F000004
	ds_load_u16 v196, v4 offset:2304                           // 000000005F5C: D8F00900 C4000004
	ds_load_u16 v112, v4 offset:2080                           // 000000005F64: D8F00820 70000004
	ds_load_u16 v81, v4 offset:2368                            // 000000005F6C: D8F00940 51000004
	s_waitcnt lgkmcnt(47)                                      // 000000005F74: BF89FEF7
	ds_load_u16_d16_hi v80, v4 offset:2240                     // 000000005F78: DA9C08C0 50000004
	ds_load_u16 v40, v4 offset:2144                            // 000000005F80: D8F00860 28000004
	s_waitcnt lgkmcnt(27)                                      // 000000005F88: BF89FDB7
	ds_load_u16_d16_hi v108, v4 offset:1152                    // 000000005F8C: DA9C0480 6C000004
	v_perm_b32 v1, v52, v42, v182                              // 000000005F94: D6440001 06DA5534
	s_waitcnt lgkmcnt(25)                                      // 000000005F9C: BF89FD97
	ds_load_u16_d16_hi v99, v4 offset:928                      // 000000005FA0: DA9C03A0 63000004
	s_waitcnt lgkmcnt(24)                                      // 000000005FA8: BF89FD87
	ds_load_u16_d16_hi v27, v4 offset:992                      // 000000005FAC: DA9C03E0 1B000004
	s_waitcnt lgkmcnt(23)                                      // 000000005FB4: BF89FD77
	ds_load_u16_d16_hi v109, v4 offset:1408                    // 000000005FB8: DA9C0580 6D000004
	s_waitcnt lgkmcnt(23)                                      // 000000005FC0: BF89FD77
	ds_load_u16_d16_hi v100, v4 offset:1184                    // 000000005FC4: DA9C04A0 64000004
	s_waitcnt lgkmcnt(22)                                      // 000000005FCC: BF89FD67
	ds_load_u16_d16_hi v28, v4 offset:1248                     // 000000005FD0: DA9C04E0 1C000004
	s_waitcnt lgkmcnt(22)                                      // 000000005FD8: BF89FD67
	ds_load_u16_d16_hi v110, v4 offset:1664                    // 000000005FDC: DA9C0680 6E000004
	s_waitcnt lgkmcnt(22)                                      // 000000005FE4: BF89FD67
	ds_load_u16_d16_hi v101, v4 offset:1440                    // 000000005FE8: DA9C05A0 65000004
	s_waitcnt lgkmcnt(21)                                      // 000000005FF0: BF89FD57
	ds_load_u16_d16_hi v29, v4 offset:1504                     // 000000005FF4: DA9C05E0 1D000004
	s_waitcnt lgkmcnt(21)                                      // 000000005FFC: BF89FD57
	ds_load_u16_d16_hi v111, v4 offset:1920                    // 000000006000: DA9C0780 6F000004
	s_waitcnt lgkmcnt(21)                                      // 000000006008: BF89FD57
	ds_load_u16_d16_hi v102, v4 offset:1696                    // 00000000600C: DA9C06A0 66000004
	s_waitcnt lgkmcnt(20)                                      // 000000006014: BF89FD47
	ds_load_u16_d16_hi v30, v4 offset:1760                     // 000000006018: DA9C06E0 1E000004
	s_waitcnt lgkmcnt(20)                                      // 000000006020: BF89FD47
	ds_load_u16_d16_hi v195, v4 offset:2176                    // 000000006024: DA9C0880 C3000004
	s_waitcnt lgkmcnt(20)                                      // 00000000602C: BF89FD47
	ds_load_u16_d16_hi v103, v4 offset:1952                    // 000000006030: DA9C07A0 67000004
	s_waitcnt lgkmcnt(19)                                      // 000000006038: BF89FD37
	ds_load_u16_d16_hi v31, v4 offset:2016                     // 00000000603C: DA9C07E0 1F000004
	ds_load_u16 v197, v4 offset:2560                           // 000000006044: D8F00A00 C5000004
	s_waitcnt lgkmcnt(20)                                      // 00000000604C: BF89FD47
	ds_load_u16_d16_hi v196, v4 offset:2432                    // 000000006050: DA9C0980 C4000004
	s_waitcnt lgkmcnt(20)                                      // 000000006058: BF89FD47
	ds_load_u16_d16_hi v112, v4 offset:2208                    // 00000000605C: DA9C08A0 70000004
	ds_load_u16 v113, v4 offset:2336                           // 000000006064: D8F00920 71000004
	s_waitcnt lgkmcnt(21)                                      // 00000000606C: BF89FD57
	ds_load_u16_d16_hi v81, v4 offset:2496                     // 000000006070: DA9C09C0 51000004
	ds_load_u16 v41, v4 offset:2400                            // 000000006078: D8F00960 29000004
	s_waitcnt lgkmcnt(21)                                      // 000000006080: BF89FD57
	ds_load_u16_d16_hi v40, v4 offset:2272                     // 000000006084: DA9C08E0 28000004
	ds_load_u16 v198, v4 offset:2816                           // 00000000608C: D8F00B00 C6000004
	ds_load_u16 v114, v4 offset:2592                           // 000000006094: D8F00A20 72000004
	ds_load_u16_d16_hi v82, v4 offset:2752                     // 00000000609C: DA9C0AC0 52000004
	ds_load_u16 v42, v4 offset:2656                            // 0000000060A4: D8F00A60 2A000004
	ds_load_u16 v199, v4 offset:3072                           // 0000000060AC: D8F00C00 C7000004
	ds_load_u16 v115, v4 offset:2848                           // 0000000060B4: D8F00B20 73000004
	ds_load_u16_d16_hi v83, v4 offset:3008                     // 0000000060BC: DA9C0BC0 53000004
	ds_load_u16 v43, v4 offset:2912                            // 0000000060C4: D8F00B60 2B000004
	ds_load_u16 v200, v4 offset:3328                           // 0000000060CC: D8F00D00 C8000004
	ds_load_u16 v116, v4 offset:3104                           // 0000000060D4: D8F00C20 74000004
	ds_load_u16_d16_hi v84, v4 offset:3264                     // 0000000060DC: DA9C0CC0 54000004
	ds_load_u16 v44, v4 offset:3168                            // 0000000060E4: D8F00C60 2C000004
	ds_load_u16 v201, v4 offset:3584                           // 0000000060EC: D8F00E00 C9000004
	ds_load_u16 v117, v4 offset:3360                           // 0000000060F4: D8F00D20 75000004
	ds_load_u16_d16_hi v85, v4 offset:3520                     // 0000000060FC: DA9C0DC0 55000004
	ds_load_u16 v45, v4 offset:3424                            // 000000006104: D8F00D60 2D000004
	ds_load_u16 v202, v4 offset:3840                           // 00000000610C: D8F00F00 CA000004
	ds_load_u16 v118, v4 offset:3616                           // 000000006114: D8F00E20 76000004
	ds_load_u16 v87, v4 offset:3904                            // 00000000611C: D8F00F40 57000004
	ds_load_u16_d16_hi v86, v4 offset:3776                     // 000000006124: DA9C0EC0 56000004
	ds_load_u16 v46, v4 offset:3680                            // 00000000612C: D8F00E60 2E000004
	s_waitcnt lgkmcnt(27)                                      // 000000006134: BF89FDB7
	ds_load_u16_d16_hi v197, v4 offset:2688                    // 000000006138: DA9C0A80 C5000004
	s_waitcnt lgkmcnt(25)                                      // 000000006140: BF89FD97
	ds_load_u16_d16_hi v113, v4 offset:2464                    // 000000006144: DA9C09A0 71000004
	s_waitcnt lgkmcnt(24)                                      // 00000000614C: BF89FD87
	ds_load_u16_d16_hi v41, v4 offset:2528                     // 000000006150: DA9C09E0 29000004
	s_waitcnt lgkmcnt(23)                                      // 000000006158: BF89FD77
	ds_load_u16_d16_hi v198, v4 offset:2944                    // 00000000615C: DA9C0B80 C6000004
	s_waitcnt lgkmcnt(23)                                      // 000000006164: BF89FD77
	ds_load_u16_d16_hi v114, v4 offset:2720                    // 000000006168: DA9C0AA0 72000004
	s_waitcnt lgkmcnt(22)                                      // 000000006170: BF89FD67
	ds_load_u16_d16_hi v42, v4 offset:2784                     // 000000006174: DA9C0AE0 2A000004
	s_waitcnt lgkmcnt(22)                                      // 00000000617C: BF89FD67
	ds_load_u16_d16_hi v199, v4 offset:3200                    // 000000006180: DA9C0C80 C7000004
	s_waitcnt lgkmcnt(22)                                      // 000000006188: BF89FD67
	ds_load_u16_d16_hi v115, v4 offset:2976                    // 00000000618C: DA9C0BA0 73000004
	s_waitcnt lgkmcnt(21)                                      // 000000006194: BF89FD57
	ds_load_u16_d16_hi v43, v4 offset:3040                     // 000000006198: DA9C0BE0 2B000004
	s_waitcnt lgkmcnt(21)                                      // 0000000061A0: BF89FD57
	ds_load_u16_d16_hi v200, v4 offset:3456                    // 0000000061A4: DA9C0D80 C8000004
	s_waitcnt lgkmcnt(21)                                      // 0000000061AC: BF89FD57
	ds_load_u16_d16_hi v116, v4 offset:3232                    // 0000000061B0: DA9C0CA0 74000004
	s_waitcnt lgkmcnt(20)                                      // 0000000061B8: BF89FD47
	ds_load_u16_d16_hi v44, v4 offset:3296                     // 0000000061BC: DA9C0CE0 2C000004
	s_waitcnt lgkmcnt(20)                                      // 0000000061C4: BF89FD47
	ds_load_u16_d16_hi v201, v4 offset:3712                    // 0000000061C8: DA9C0E80 C9000004
	s_waitcnt lgkmcnt(20)                                      // 0000000061D0: BF89FD47
	ds_load_u16_d16_hi v117, v4 offset:3488                    // 0000000061D4: DA9C0DA0 75000004
	s_waitcnt lgkmcnt(19)                                      // 0000000061DC: BF89FD37
	ds_load_u16_d16_hi v45, v4 offset:3552                     // 0000000061E0: DA9C0DE0 2D000004
	ds_load_u16 v203, v4 offset:4096                           // 0000000061E8: D8F01000 CB000004
	s_waitcnt lgkmcnt(20)                                      // 0000000061F0: BF89FD47
	ds_load_u16_d16_hi v202, v4 offset:3968                    // 0000000061F4: DA9C0F80 CA000004
	s_waitcnt lgkmcnt(20)                                      // 0000000061FC: BF89FD47
	ds_load_u16_d16_hi v118, v4 offset:3744                    // 000000006200: DA9C0EA0 76000004
	ds_load_u16 v119, v4 offset:3872                           // 000000006208: D8F00F20 77000004
	s_waitcnt lgkmcnt(21)                                      // 000000006210: BF89FD57
	ds_load_u16_d16_hi v87, v4 offset:4032                     // 000000006214: DA9C0FC0 57000004
	ds_load_u16 v47, v4 offset:3936                            // 00000000621C: D8F00F60 2F000004
	s_waitcnt lgkmcnt(21)                                      // 000000006224: BF89FD57
	ds_load_u16_d16_hi v46, v4 offset:3808                     // 000000006228: DA9C0EE0 2E000004
	ds_load_u16 v204, v4 offset:4352                           // 000000006230: D8F01100 CC000004
	ds_load_u16 v120, v4 offset:4128                           // 000000006238: D8F01020 78000004
	ds_load_u16_d16_hi v72, v4 offset:4288                     // 000000006240: DA9C10C0 48000004
	ds_load_u16 v48, v4 offset:4192                            // 000000006248: D8F01060 30000004
	ds_load_u16 v205, v4 offset:4608                           // 000000006250: D8F01200 CD000004
	ds_load_u16 v121, v4 offset:4384                           // 000000006258: D8F01120 79000004
	ds_load_u16_d16_hi v73, v4 offset:4544                     // 000000006260: DA9C11C0 49000004
	ds_load_u16 v49, v4 offset:4448                            // 000000006268: D8F01160 31000004
	ds_load_u16 v206, v4 offset:4864                           // 000000006270: D8F01300 CE000004
	ds_load_u16 v122, v4 offset:4640                           // 000000006278: D8F01220 7A000004
	ds_load_u16_d16_hi v74, v4 offset:4800                     // 000000006280: DA9C12C0 4A000004
	ds_load_u16 v50, v4 offset:4704                            // 000000006288: D8F01260 32000004
	ds_load_u16 v207, v4 offset:5120                           // 000000006290: D8F01400 CF000004
	ds_load_u16 v123, v4 offset:4896                           // 000000006298: D8F01320 7B000004
	ds_load_u16_d16_hi v75, v4 offset:5056                     // 0000000062A0: DA9C13C0 4B000004
	ds_load_u16 v51, v4 offset:4960                            // 0000000062A8: D8F01360 33000004
	ds_load_u16 v208, v4 offset:5376                           // 0000000062B0: D8F01500 D0000004
	ds_load_u16 v124, v4 offset:5152                           // 0000000062B8: D8F01420 7C000004
	ds_load_u16 v77, v4 offset:5440                            // 0000000062C0: D8F01540 4D000004
	ds_load_u16_d16_hi v76, v4 offset:5312                     // 0000000062C8: DA9C14C0 4C000004
	ds_load_u16 v52, v4 offset:5216                            // 0000000062D0: D8F01460 34000004
	s_waitcnt lgkmcnt(27)                                      // 0000000062D8: BF89FDB7
	ds_load_u16_d16_hi v203, v4 offset:4224                    // 0000000062DC: DA9C1080 CB000004
	s_waitcnt lgkmcnt(25)                                      // 0000000062E4: BF89FD97
	ds_load_u16_d16_hi v119, v4 offset:4000                    // 0000000062E8: DA9C0FA0 77000004
	s_waitcnt lgkmcnt(24)                                      // 0000000062F0: BF89FD87
	ds_load_u16_d16_hi v47, v4 offset:4064                     // 0000000062F4: DA9C0FE0 2F000004
	s_waitcnt lgkmcnt(23)                                      // 0000000062FC: BF89FD77
	ds_load_u16_d16_hi v204, v4 offset:4480                    // 000000006300: DA9C1180 CC000004
	s_waitcnt lgkmcnt(23)                                      // 000000006308: BF89FD77
	ds_load_u16_d16_hi v120, v4 offset:4256                    // 00000000630C: DA9C10A0 78000004
	s_waitcnt lgkmcnt(22)                                      // 000000006314: BF89FD67
	ds_load_u16_d16_hi v48, v4 offset:4320                     // 000000006318: DA9C10E0 30000004
	s_waitcnt lgkmcnt(22)                                      // 000000006320: BF89FD67
	ds_load_u16_d16_hi v205, v4 offset:4736                    // 000000006324: DA9C1280 CD000004
	s_waitcnt lgkmcnt(22)                                      // 00000000632C: BF89FD67
	ds_load_u16_d16_hi v121, v4 offset:4512                    // 000000006330: DA9C11A0 79000004
	s_waitcnt lgkmcnt(21)                                      // 000000006338: BF89FD57
	ds_load_u16_d16_hi v49, v4 offset:4576                     // 00000000633C: DA9C11E0 31000004
	s_waitcnt lgkmcnt(21)                                      // 000000006344: BF89FD57
	ds_load_u16_d16_hi v206, v4 offset:4992                    // 000000006348: DA9C1380 CE000004
	s_waitcnt lgkmcnt(21)                                      // 000000006350: BF89FD57
	ds_load_u16_d16_hi v122, v4 offset:4768                    // 000000006354: DA9C12A0 7A000004
	s_waitcnt lgkmcnt(20)                                      // 00000000635C: BF89FD47
	ds_load_u16_d16_hi v50, v4 offset:4832                     // 000000006360: DA9C12E0 32000004
	s_waitcnt lgkmcnt(20)                                      // 000000006368: BF89FD47
	ds_load_u16_d16_hi v207, v4 offset:5248                    // 00000000636C: DA9C1480 CF000004
	s_waitcnt lgkmcnt(20)                                      // 000000006374: BF89FD47
	ds_load_u16_d16_hi v123, v4 offset:5024                    // 000000006378: DA9C13A0 7B000004
	s_waitcnt lgkmcnt(19)                                      // 000000006380: BF89FD37
	ds_load_u16_d16_hi v51, v4 offset:5088                     // 000000006384: DA9C13E0 33000004
	ds_load_u16 v209, v4 offset:5632                           // 00000000638C: D8F01600 D1000004
	s_waitcnt lgkmcnt(20)                                      // 000000006394: BF89FD47
	ds_load_u16_d16_hi v208, v4 offset:5504                    // 000000006398: DA9C1580 D0000004
	s_waitcnt lgkmcnt(20)                                      // 0000000063A0: BF89FD47
	ds_load_u16_d16_hi v124, v4 offset:5280                    // 0000000063A4: DA9C14A0 7C000004
	ds_load_u16 v125, v4 offset:5408                           // 0000000063AC: D8F01520 7D000004
	s_waitcnt lgkmcnt(21)                                      // 0000000063B4: BF89FD57
	ds_load_u16_d16_hi v77, v4 offset:5568                     // 0000000063B8: DA9C15C0 4D000004
	ds_load_u16 v53, v4 offset:5472                            // 0000000063C0: D8F01560 35000004
	s_waitcnt lgkmcnt(21)                                      // 0000000063C8: BF89FD57
	ds_load_u16_d16_hi v52, v4 offset:5344                     // 0000000063CC: DA9C14E0 34000004
	ds_load_u16 v210, v4 offset:5888                           // 0000000063D4: D8F01700 D2000004
	ds_load_u16 v126, v4 offset:5664                           // 0000000063DC: D8F01620 7E000004
	ds_load_u16_d16_hi v78, v4 offset:5824                     // 0000000063E4: DA9C16C0 4E000004
	ds_load_u16 v54, v4 offset:5728                            // 0000000063EC: D8F01660 36000004
	ds_load_u16 v187, v4 offset:6144                           // 0000000063F4: D8F01800 BB000004
	ds_load_u16 v127, v4 offset:5920                           // 0000000063FC: D8F01720 7F000004
	ds_load_u16_d16_hi v79, v4 offset:6080                     // 000000006404: DA9C17C0 4F000004
	ds_load_u16 v55, v4 offset:5984                            // 00000000640C: D8F01760 37000004
	ds_load_u16 v188, v4 offset:6400                           // 000000006414: D8F01900 BC000004
	ds_load_u16 v128, v4 offset:6176                           // 00000000641C: D8F01820 80000004
	ds_load_u16_d16_hi v64, v4 offset:6336                     // 000000006424: DA9C18C0 40000004
	ds_load_u16 v56, v4 offset:6240                            // 00000000642C: D8F01860 38000004
	ds_load_u16 v189, v4 offset:6656                           // 000000006434: D8F01A00 BD000004
	ds_load_u16 v129, v4 offset:6432                           // 00000000643C: D8F01920 81000004
	ds_load_u16_d16_hi v65, v4 offset:6592                     // 000000006444: DA9C19C0 41000004
	ds_load_u16 v57, v4 offset:6496                            // 00000000644C: D8F01960 39000004
	ds_load_u16 v190, v4 offset:6912                           // 000000006454: D8F01B00 BE000004
	ds_load_u16 v130, v4 offset:6688                           // 00000000645C: D8F01A20 82000004
	ds_load_u16 v67, v4 offset:6976                            // 000000006464: D8F01B40 43000004
	ds_load_u16_d16_hi v66, v4 offset:6848                     // 00000000646C: DA9C1AC0 42000004
	ds_load_u16 v58, v4 offset:6752                            // 000000006474: D8F01A60 3A000004
	s_waitcnt lgkmcnt(27)                                      // 00000000647C: BF89FDB7
	ds_load_u16_d16_hi v209, v4 offset:5760                    // 000000006480: DA9C1680 D1000004
	s_waitcnt lgkmcnt(25)                                      // 000000006488: BF89FD97
	ds_load_u16_d16_hi v125, v4 offset:5536                    // 00000000648C: DA9C15A0 7D000004
	s_waitcnt lgkmcnt(24)                                      // 000000006494: BF89FD87
	ds_load_u16_d16_hi v53, v4 offset:5600                     // 000000006498: DA9C15E0 35000004
	s_waitcnt lgkmcnt(23)                                      // 0000000064A0: BF89FD77
	ds_load_u16_d16_hi v210, v4 offset:6016                    // 0000000064A4: DA9C1780 D2000004
	s_waitcnt lgkmcnt(23)                                      // 0000000064AC: BF89FD77
	ds_load_u16_d16_hi v126, v4 offset:5792                    // 0000000064B0: DA9C16A0 7E000004
	s_waitcnt lgkmcnt(22)                                      // 0000000064B8: BF89FD67
	ds_load_u16_d16_hi v54, v4 offset:5856                     // 0000000064BC: DA9C16E0 36000004
	s_waitcnt lgkmcnt(22)                                      // 0000000064C4: BF89FD67
	ds_load_u16_d16_hi v187, v4 offset:6272                    // 0000000064C8: DA9C1880 BB000004
	s_waitcnt lgkmcnt(22)                                      // 0000000064D0: BF89FD67
	ds_load_u16_d16_hi v127, v4 offset:6048                    // 0000000064D4: DA9C17A0 7F000004
	s_waitcnt lgkmcnt(21)                                      // 0000000064DC: BF89FD57
	ds_load_u16_d16_hi v55, v4 offset:6112                     // 0000000064E0: DA9C17E0 37000004
	s_waitcnt lgkmcnt(21)                                      // 0000000064E8: BF89FD57
	ds_load_u16_d16_hi v188, v4 offset:6528                    // 0000000064EC: DA9C1980 BC000004
	s_waitcnt lgkmcnt(21)                                      // 0000000064F4: BF89FD57
	ds_load_u16_d16_hi v128, v4 offset:6304                    // 0000000064F8: DA9C18A0 80000004
	s_waitcnt lgkmcnt(20)                                      // 000000006500: BF89FD47
	ds_load_u16_d16_hi v56, v4 offset:6368                     // 000000006504: DA9C18E0 38000004
	s_waitcnt lgkmcnt(20)                                      // 00000000650C: BF89FD47
	ds_load_u16_d16_hi v189, v4 offset:6784                    // 000000006510: DA9C1A80 BD000004
	s_waitcnt lgkmcnt(20)                                      // 000000006518: BF89FD47
	ds_load_u16_d16_hi v129, v4 offset:6560                    // 00000000651C: DA9C19A0 81000004
	s_waitcnt lgkmcnt(19)                                      // 000000006524: BF89FD37
	ds_load_u16_d16_hi v57, v4 offset:6624                     // 000000006528: DA9C19E0 39000004
	ds_load_u16 v191, v4 offset:7168                           // 000000006530: D8F01C00 BF000004
	s_waitcnt lgkmcnt(20)                                      // 000000006538: BF89FD47
	ds_load_u16_d16_hi v190, v4 offset:7040                    // 00000000653C: DA9C1B80 BE000004
	s_waitcnt lgkmcnt(20)                                      // 000000006544: BF89FD47
	ds_load_u16_d16_hi v130, v4 offset:6816                    // 000000006548: DA9C1AA0 82000004
	ds_load_u16 v131, v4 offset:6944                           // 000000006550: D8F01B20 83000004
	s_waitcnt lgkmcnt(21)                                      // 000000006558: BF89FD57
	ds_load_u16_d16_hi v67, v4 offset:7104                     // 00000000655C: DA9C1BC0 43000004
	ds_load_u16 v59, v4 offset:7008                            // 000000006564: D8F01B60 3B000004
	s_waitcnt lgkmcnt(21)                                      // 00000000656C: BF89FD57
	ds_load_u16_d16_hi v58, v4 offset:6880                     // 000000006570: DA9C1AE0 3A000004
	ds_load_u16 v192, v4 offset:7424                           // 000000006578: D8F01D00 C0000004
	ds_load_u16 v132, v4 offset:7200                           // 000000006580: D8F01C20 84000004
	ds_load_u16_d16_hi v68, v4 offset:7360                     // 000000006588: DA9C1CC0 44000004
	ds_load_u16 v60, v4 offset:7264                            // 000000006590: D8F01C60 3C000004
	ds_load_u16 v133, v4 offset:7456                           // 000000006598: D8F01D20 85000004
	ds_load_u16_d16_hi v69, v4 offset:7616                     // 0000000065A0: DA9C1DC0 45000004
	ds_load_u16 v61, v4 offset:7520                            // 0000000065A8: D8F01D60 3D000004
	ds_load_u16_d16_hi v193, v4 offset:7808                    // 0000000065B0: DA9C1E80 C1000004
	ds_load_u16 v134, v4 offset:7712                           // 0000000065B8: D8F01E20 86000004
	ds_load_u16_d16_hi v70, v4 offset:7872                     // 0000000065C0: DA9C1EC0 46000004
	ds_load_u16 v62, v4 offset:7776                            // 0000000065C8: D8F01E60 3E000004
	ds_load_u16_d16_hi v194, v4 offset:8064                    // 0000000065D0: DA9C1F80 C2000004
	ds_load_u16 v135, v4 offset:7968                           // 0000000065D8: D8F01F20 87000004
	ds_load_u16_d16_hi v71, v4 offset:8128                     // 0000000065E0: DA9C1FC0 47000004
	ds_load_u16 v63, v4 offset:8032                            // 0000000065E8: D8F01F60 3F000004
	s_waitcnt lgkmcnt(21)                                      // 0000000065F0: BF89FD57
	ds_load_u16_d16_hi v191, v4 offset:7296                    // 0000000065F4: DA9C1C80 BF000004
	s_waitcnt lgkmcnt(19)                                      // 0000000065FC: BF89FD37
	ds_load_u16_d16_hi v131, v4 offset:7072                    // 000000006600: DA9C1BA0 83000004
	s_waitcnt lgkmcnt(18)                                      // 000000006608: BF89FD27
	ds_load_u16_d16_hi v59, v4 offset:7136                     // 00000000660C: DA9C1BE0 3B000004
	s_waitcnt lgkmcnt(17)                                      // 000000006614: BF89FD17
	ds_load_u16_d16_hi v192, v4 offset:7552                    // 000000006618: DA9C1D80 C0000004
	s_waitcnt lgkmcnt(17)                                      // 000000006620: BF89FD17
	ds_load_u16_d16_hi v132, v4 offset:7328                    // 000000006624: DA9C1CA0 84000004
	s_waitcnt lgkmcnt(16)                                      // 00000000662C: BF89FD07
	ds_load_u16_d16_hi v60, v4 offset:7392                     // 000000006630: DA9C1CE0 3C000004
	s_waitcnt lgkmcnt(16)                                      // 000000006638: BF89FD07
	ds_load_u16_d16_hi v133, v4 offset:7584                    // 00000000663C: DA9C1DA0 85000004
	s_waitcnt lgkmcnt(15)                                      // 000000006644: BF89FCF7
	ds_load_u16_d16_hi v61, v4 offset:7648                     // 000000006648: DA9C1DE0 3D000004
	v_wmma_f32_16x16x16_bf16 v[136:143], v[104:111], v[32:39], v[211:218]// 000000006650: CC414088 1F4E4168
	s_waitcnt lgkmcnt(14)                                      // 000000006658: BF89FCE7
	ds_load_u16_d16_hi v134, v4 offset:7840                    // 00000000665C: DA9C1EA0 86000004
	s_waitcnt lgkmcnt(13)                                      // 000000006664: BF89FCD7
	ds_load_u16_d16_hi v62, v4 offset:7904                     // 000000006668: DA9C1EE0 3E000004
	s_waitcnt lgkmcnt(12)                                      // 000000006670: BF89FCC7
	ds_load_u16_d16_hi v135, v4 offset:8096                    // 000000006674: DA9C1FA0 87000004
	s_waitcnt lgkmcnt(11)                                      // 00000000667C: BF89FCB7
	ds_load_u16_d16_hi v63, v4 offset:8160                     // 000000006680: DA9C1FE0 3F000004
	scratch_load_b64 v[104:105], off, off                      // 000000006688: DC550000 687C0000
	v_wmma_f32_16x16x16_bf16 v[136:143], v[195:202], v[16:23], v[136:143]// 000000006690: CC414088 1E2221C3
	v_perm_b32 v4, v150, v149, v151                            // 000000006698: D6440004 065F2B96
	s_delay_alu instid0(VALU_DEP_2) | instskip(SKIP_1) | instid1(VALU_DEP_1)// 0000000066A0: BF8700A2
	v_wmma_f32_16x16x16_bf16 v[136:143], v[203:210], v[8:15], v[136:143]// 0000000066A4: CC414088 1E2211CB
	s_waitcnt lgkmcnt(8)                                       // 0000000066AC: BF89FC87
	v_wmma_f32_16x16x16_bf16 v[136:143], v[187:194], v[0:7], v[136:143]// 0000000066B0: CC414088 1E2201BB
	s_waitcnt vmcnt(0)                                         // 0000000066B8: BF8903F7
	v_lshlrev_b64 v[104:105], 13, v[104:105]                   // 0000000066BC: D73C0068 0002D08D
	s_delay_alu instid0(VALU_DEP_1) | instskip(NEXT) | instid1(VALU_DEP_1)// 0000000066C4: BF870091
	v_add_co_u32 v182, vcc_lo, s0, v104                        // 0000000066C8: D7006AB6 0002D000
	v_add_co_ci_u32_e64 v183, null, s2, v105, vcc_lo           // 0000000066D0: D5207CB7 01AAD202
	s_and_saveexec_b32 s0, s1                                  // 0000000066D8: BE802001
	s_cbranch_execz 22                                         // 0000000066DC: BFA50016 <chunk_fwd_kernel_o+0x4f38>
	v_fma_f32 v106, s25, v136, v144                            // 0000000066E0: D613006A 06431019
	s_delay_alu instid0(VALU_DEP_1) | instskip(SKIP_1) | instid1(VALU_DEP_2)// 0000000066E8: BF870121
	v_bfe_u32 v104, v106, 16, 1                                // 0000000066EC: D6100068 0205216A
	v_cmp_o_f32_e32 vcc_lo, v106, v106                         // 0000000066F4: 7C2ED56A
	v_add3_u32 v104, v106, v104, 0x7fff                        // 0000000066F8: D6550068 03FED16A 00007FFF
	s_delay_alu instid0(VALU_DEP_1) | instskip(SKIP_1) | instid1(VALU_DEP_2)// 000000006704: BF870121
	v_lshrrev_b32_e32 v107, 16, v104                           // 000000006708: 32D6D090
	v_lshlrev_b64 v[104:105], 1, v[180:181]                    // 00000000670C: D73C0068 00036881
	v_cndmask_b32_e32 v106, 0x7fff, v107, vcc_lo               // 000000006714: 02D4D6FF 00007FFF
	s_delay_alu instid0(VALU_DEP_2) | instskip(NEXT) | instid1(VALU_DEP_1)// 00000000671C: BF870092
	v_add_co_u32 v104, vcc_lo, v182, v104                      // 000000006720: D7006A68 0002D1B6
	v_add_co_ci_u32_e64 v105, null, v183, v105, vcc_lo         // 000000006728: D5207C69 01AAD3B7
	global_store_b16 v[104:105], v106, off                     // 000000006730: DC660000 007C6A68
	s_or_b32 exec_lo, exec_lo, s0                              // 000000006738: 8C7E007E
	v_mov_b32_e32 v105, s19                                    // 00000000673C: 7ED20213
	v_or_b32_e32 v104, s18, v232                               // 000000006740: 38D1D012
	s_delay_alu instid0(VALU_DEP_1) | instskip(SKIP_1) | instid1(SALU_CYCLE_1)// 000000006744: BF8704A1
	v_cmp_gt_i64_e32 vcc_lo, 0x80, v[104:105]                  // 000000006748: 7CA8D0FF 00000080
	s_and_b32 s0, s20, vcc_lo                                  // 000000006750: 8B006A14
	s_and_b32 s1, s0, s21                                      // 000000006754: 8B011500
	s_delay_alu instid0(SALU_CYCLE_1)                          // 000000006758: BF870009
	s_and_saveexec_b32 s0, s1                                  // 00000000675C: BE802001
	s_cbranch_execz 27                                         // 000000006760: BFA5001B <chunk_fwd_kernel_o+0x4fd0>
	v_fma_f32 v106, s25, v137, v145                            // 000000006764: D613006A 06471219
	s_delay_alu instid0(VALU_DEP_1) | instskip(SKIP_1) | instid1(VALU_DEP_2)// 00000000676C: BF870121
	v_bfe_u32 v104, v106, 16, 1                                // 000000006770: D6100068 0205216A
	v_cmp_o_f32_e32 vcc_lo, v106, v106                         // 000000006778: 7C2ED56A
	v_add3_u32 v107, v106, v104, 0x7fff                        // 00000000677C: D655006B 03FED16A 00007FFF
	v_add_co_u32 v104, s1, v253, s18                           // 000000006788: D7000168 000025FD
	s_delay_alu instid0(VALU_DEP_1) | instskip(NEXT) | instid1(VALU_DEP_3)// 000000006790: BF870191
	v_add_co_ci_u32_e64 v105, null, 0, s19, s1                 // 000000006794: D5207C69 00042680
	v_lshrrev_b32_e32 v107, 16, v107                           // 00000000679C: 32D6D690
	s_delay_alu instid0(VALU_DEP_2) | instskip(NEXT) | instid1(VALU_DEP_2)// 0000000067A0: BF870112
	v_lshlrev_b64 v[104:105], 1, v[104:105]                    // 0000000067A4: D73C0068 0002D081
	v_cndmask_b32_e32 v106, 0x7fff, v107, vcc_lo               // 0000000067AC: 02D4D6FF 00007FFF
	s_delay_alu instid0(VALU_DEP_2) | instskip(NEXT) | instid1(VALU_DEP_1)// 0000000067B4: BF870092
	v_add_co_u32 v104, vcc_lo, v182, v104                      // 0000000067B8: D7006A68 0002D1B6
	v_add_co_ci_u32_e64 v105, null, v183, v105, vcc_lo         // 0000000067C0: D5207C69 01AAD3B7
	global_store_b16 v[104:105], v106, off offset:4            // 0000000067C8: DC660004 007C6A68
	s_or_b32 exec_lo, exec_lo, s0                              // 0000000067D0: 8C7E007E
	v_mov_b32_e32 v105, s19                                    // 0000000067D4: 7ED20213
	v_or_b32_e32 v104, s18, v231                               // 0000000067D8: 38D1CE12
	s_delay_alu instid0(VALU_DEP_1) | instskip(SKIP_1) | instid1(SALU_CYCLE_1)// 0000000067DC: BF8704A1
	v_cmp_gt_i64_e32 vcc_lo, 0x80, v[104:105]                  // 0000000067E0: 7CA8D0FF 00000080
	s_and_b32 s0, s20, vcc_lo                                  // 0000000067E8: 8B006A14
	s_and_b32 s1, s0, s21                                      // 0000000067EC: 8B011500
	s_delay_alu instid0(SALU_CYCLE_1)                          // 0000000067F0: BF870009
	s_and_saveexec_b32 s0, s1                                  // 0000000067F4: BE802001
	s_cbranch_execz 22                                         // 0000000067F8: BFA50016 <chunk_fwd_kernel_o+0x5054>
	v_fma_f32 v106, s25, v138, v146                            // 0000000067FC: D613006A 064B1419
	v_lshlrev_b64 v[104:105], 1, v[104:105]                    // 000000006804: D73C0068 0002D081
	s_delay_alu instid0(VALU_DEP_2) | instskip(SKIP_1) | instid1(VALU_DEP_2)// 00000000680C: BF870122
	v_bfe_u32 v107, v106, 16, 1                                // 000000006810: D610006B 0205216A
	v_cmp_o_f32_e32 vcc_lo, v106, v106                         // 000000006818: 7C2ED56A
	v_add3_u32 v107, v106, v107, 0x7fff                        // 00000000681C: D655006B 03FED76A 00007FFF
	s_delay_alu instid0(VALU_DEP_1) | instskip(NEXT) | instid1(VALU_DEP_1)// 000000006828: BF870091
	v_lshrrev_b32_e32 v107, 16, v107                           // 00000000682C: 32D6D690
	v_cndmask_b32_e32 v106, 0x7fff, v107, vcc_lo               // 000000006830: 02D4D6FF 00007FFF
	v_add_co_u32 v104, vcc_lo, v182, v104                      // 000000006838: D7006A68 0002D1B6
	s_delay_alu instid0(VALU_DEP_1)                            // 000000006840: BF870001
	v_add_co_ci_u32_e64 v105, null, v183, v105, vcc_lo         // 000000006844: D5207C69 01AAD3B7
	global_store_b16 v[104:105], v106, off                     // 00000000684C: DC660000 007C6A68
	s_or_b32 exec_lo, exec_lo, s0                              // 000000006854: 8C7E007E
	scratch_load_b32 v104, off, off offset:168                 // 000000006858: DC5100A8 687C0000
	v_mov_b32_e32 v105, s19                                    // 000000006860: 7ED20213
	s_waitcnt vmcnt(0)                                         // 000000006864: BF8903F7
	v_or_b32_e32 v104, s18, v104                               // 000000006868: 38D0D012
	s_delay_alu instid0(VALU_DEP_1) | instskip(SKIP_1) | instid1(SALU_CYCLE_1)// 00000000686C: BF8704A1
	v_cmp_gt_i64_e32 vcc_lo, 0x80, v[104:105]                  // 000000006870: 7CA8D0FF 00000080
	s_and_b32 s0, s20, vcc_lo                                  // 000000006878: 8B006A14
	s_and_b32 s1, s0, s21                                      // 00000000687C: 8B011500
	s_delay_alu instid0(SALU_CYCLE_1)                          // 000000006880: BF870009
	s_and_saveexec_b32 s0, s1                                  // 000000006884: BE802001
	s_cbranch_execz 21                                         // 000000006888: BFA50015 <chunk_fwd_kernel_o+0x50e0>
	v_fmac_f32_e32 v147, s25, v139                             // 00000000688C: 57271619
	v_lshlrev_b64 v[104:105], 1, v[104:105]                    // 000000006890: D73C0068 0002D081
	s_delay_alu instid0(VALU_DEP_2) | instskip(SKIP_1) | instid1(VALU_DEP_2)// 000000006898: BF870122
	v_bfe_u32 v106, v147, 16, 1                                // 00000000689C: D610006A 02052193
	v_cmp_o_f32_e32 vcc_lo, v147, v147                         // 0000000068A4: 7C2F2793
	v_add3_u32 v106, v147, v106, 0x7fff                        // 0000000068A8: D655006A 03FED593 00007FFF
	s_delay_alu instid0(VALU_DEP_1) | instskip(NEXT) | instid1(VALU_DEP_1)// 0000000068B4: BF870091
	v_lshrrev_b32_e32 v106, 16, v106                           // 0000000068B8: 32D4D490
	v_cndmask_b32_e32 v106, 0x7fff, v106, vcc_lo               // 0000000068BC: 02D4D4FF 00007FFF
	v_add_co_u32 v104, vcc_lo, v182, v104                      // 0000000068C4: D7006A68 0002D1B6
	s_delay_alu instid0(VALU_DEP_1)                            // 0000000068CC: BF870001
	v_add_co_ci_u32_e64 v105, null, v183, v105, vcc_lo         // 0000000068D0: D5207C69 01AAD3B7
	global_store_b16 v[104:105], v106, off                     // 0000000068D8: DC660000 007C6A68
	s_or_b32 exec_lo, exec_lo, s0                              // 0000000068E0: 8C7E007E
	v_mov_b32_e32 v105, s19                                    // 0000000068E4: 7ED20213
	v_or_b32_e32 v104, s18, v230                               // 0000000068E8: 38D1CC12
	v_dual_mov_b32 v151, s11 :: v_dual_mov_b32 v148, s8        // 0000000068EC: CA10000B 97940008
	v_dual_mov_b32 v150, s10 :: v_dual_mov_b32 v149, s9        // 0000000068F4: CA10000A 96940009
	v_mov_b32_e32 v146, s6                                     // 0000000068FC: 7F240206
	s_delay_alu instid0(VALU_DEP_4) | instskip(SKIP_3) | instid1(SALU_CYCLE_1)// 000000006900: BF8704C4
	v_cmp_gt_i64_e32 vcc_lo, 0x80, v[104:105]                  // 000000006904: 7CA8D0FF 00000080
	v_dual_mov_b32 v147, s7 :: v_dual_mov_b32 v144, s4         // 00000000690C: CA100007 93900004
	v_mov_b32_e32 v145, s5                                     // 000000006914: 7F220205
	s_and_b32 s0, s20, vcc_lo                                  // 000000006918: 8B006A14
	s_and_b32 s1, s0, s21                                      // 00000000691C: 8B011500
	s_delay_alu instid0(SALU_CYCLE_1)                          // 000000006920: BF870009
	s_and_saveexec_b32 s0, s1                                  // 000000006924: BE802001
	s_cbranch_execz 22                                         // 000000006928: BFA50016 <chunk_fwd_kernel_o+0x5184>
	v_fma_f32 v106, s25, v140, v176                            // 00000000692C: D613006A 06C31819
	v_lshlrev_b64 v[104:105], 1, v[104:105]                    // 000000006934: D73C0068 0002D081
	s_delay_alu instid0(VALU_DEP_2) | instskip(SKIP_1) | instid1(VALU_DEP_2)// 00000000693C: BF870122
	v_bfe_u32 v107, v106, 16, 1                                // 000000006940: D610006B 0205216A
	v_cmp_o_f32_e32 vcc_lo, v106, v106                         // 000000006948: 7C2ED56A
	v_add3_u32 v107, v106, v107, 0x7fff                        // 00000000694C: D655006B 03FED76A 00007FFF
	s_delay_alu instid0(VALU_DEP_1) | instskip(NEXT) | instid1(VALU_DEP_1)// 000000006958: BF870091
	v_lshrrev_b32_e32 v107, 16, v107                           // 00000000695C: 32D6D690
	v_cndmask_b32_e32 v106, 0x7fff, v107, vcc_lo               // 000000006960: 02D4D6FF 00007FFF
	v_add_co_u32 v104, vcc_lo, v182, v104                      // 000000006968: D7006A68 0002D1B6
	s_delay_alu instid0(VALU_DEP_1)                            // 000000006970: BF870001
	v_add_co_ci_u32_e64 v105, null, v183, v105, vcc_lo         // 000000006974: D5207C69 01AAD3B7
	global_store_b16 v[104:105], v106, off                     // 00000000697C: DC660000 007C6A68
	s_or_b32 exec_lo, exec_lo, s0                              // 000000006984: 8C7E007E
	scratch_load_b32 v104, off, off offset:164                 // 000000006988: DC5100A4 687C0000
	v_mov_b32_e32 v137, s19                                    // 000000006990: 7F120213
	s_waitcnt vmcnt(0)                                         // 000000006994: BF8903F7
	v_or_b32_e32 v136, s18, v104                               // 000000006998: 3910D012
	v_wmma_f32_16x16x16_bf16 v[104:111], v[96:103], v[32:39], v[144:151]// 00000000699C: CC414068 1E424160
	s_delay_alu instid0(VALU_DEP_2) | instskip(SKIP_1) | instid1(SALU_CYCLE_1)// 0000000069A4: BF8704A2
	v_cmp_gt_i64_e32 vcc_lo, 0x80, v[136:137]                  // 0000000069A8: 7CA910FF 00000080
	s_and_b32 s0, s20, vcc_lo                                  // 0000000069B0: 8B006A14
	s_and_b32 s1, s0, s21                                      // 0000000069B4: 8B011500
	s_delay_alu instid0(SALU_CYCLE_1)                          // 0000000069B8: BF870009
	s_and_saveexec_b32 s0, s1                                  // 0000000069BC: BE802001
	s_cbranch_execz 22                                         // 0000000069C0: BFA50016 <chunk_fwd_kernel_o+0x521c>
	v_fma_f32 v98, s25, v141, v177                             // 0000000069C4: D6130062 06C71A19
	s_delay_alu instid0(VALU_DEP_1) | instskip(SKIP_1) | instid1(VALU_DEP_2)// 0000000069CC: BF870121
	v_bfe_u32 v96, v98, 16, 1                                  // 0000000069D0: D6100060 02052162
	v_cmp_o_f32_e32 vcc_lo, v98, v98                           // 0000000069D8: 7C2EC562
	v_add3_u32 v96, v98, v96, 0x7fff                           // 0000000069DC: D6550060 03FEC162 00007FFF
	s_delay_alu instid0(VALU_DEP_1) | instskip(SKIP_1) | instid1(VALU_DEP_2)// 0000000069E8: BF870121
	v_lshrrev_b32_e32 v99, 16, v96                             // 0000000069EC: 32C6C090
	v_lshlrev_b64 v[96:97], 1, v[136:137]                      // 0000000069F0: D73C0060 00031081
	v_cndmask_b32_e32 v98, 0x7fff, v99, vcc_lo                 // 0000000069F8: 02C4C6FF 00007FFF
	s_delay_alu instid0(VALU_DEP_2) | instskip(NEXT) | instid1(VALU_DEP_1)// 000000006A00: BF870092
	v_add_co_u32 v96, vcc_lo, v182, v96                        // 000000006A04: D7006A60 0002C1B6
	v_add_co_ci_u32_e64 v97, null, v183, v97, vcc_lo           // 000000006A0C: D5207C61 01AAC3B7
	global_store_b16 v[96:97], v98, off                        // 000000006A14: DC660000 007C6260
	s_or_b32 exec_lo, exec_lo, s0                              // 000000006A1C: 8C7E007E
	v_mov_b32_e32 v97, s19                                     // 000000006A20: 7EC20213
	v_or_b32_e32 v96, s18, v229                                // 000000006A24: 38C1CA12
	v_wmma_f32_16x16x16_bf16 v[104:111], v[112:119], v[16:23], v[104:111]// 000000006A28: CC414068 1DA22170
	s_delay_alu instid0(VALU_DEP_2) | instskip(SKIP_1) | instid1(SALU_CYCLE_1)// 000000006A30: BF8704A2
	v_cmp_gt_i64_e32 vcc_lo, 0x80, v[96:97]                    // 000000006A34: 7CA8C0FF 00000080
	s_and_b32 s0, s20, vcc_lo                                  // 000000006A3C: 8B006A14
	s_and_b32 s1, s0, s21                                      // 000000006A40: 8B011500
	s_delay_alu instid0(SALU_CYCLE_1)                          // 000000006A44: BF870009
	s_and_saveexec_b32 s0, s1                                  // 000000006A48: BE802001
	s_cbranch_execz 22                                         // 000000006A4C: BFA50016 <chunk_fwd_kernel_o+0x52a8>
	v_fma_f32 v98, s25, v142, v178                             // 000000006A50: D6130062 06CB1C19
	v_lshlrev_b64 v[96:97], 1, v[96:97]                        // 000000006A58: D73C0060 0002C081
	s_delay_alu instid0(VALU_DEP_2) | instskip(SKIP_1) | instid1(VALU_DEP_2)// 000000006A60: BF870122
	v_bfe_u32 v99, v98, 16, 1                                  // 000000006A64: D6100063 02052162
	v_cmp_o_f32_e32 vcc_lo, v98, v98                           // 000000006A6C: 7C2EC562
	v_add3_u32 v99, v98, v99, 0x7fff                           // 000000006A70: D6550063 03FEC762 00007FFF
	s_delay_alu instid0(VALU_DEP_1) | instskip(NEXT) | instid1(VALU_DEP_1)// 000000006A7C: BF870091
	v_lshrrev_b32_e32 v99, 16, v99                             // 000000006A80: 32C6C690
	v_cndmask_b32_e32 v98, 0x7fff, v99, vcc_lo                 // 000000006A84: 02C4C6FF 00007FFF
	v_add_co_u32 v96, vcc_lo, v182, v96                        // 000000006A8C: D7006A60 0002C1B6
	s_delay_alu instid0(VALU_DEP_1)                            // 000000006A94: BF870001
	v_add_co_ci_u32_e64 v97, null, v183, v97, vcc_lo           // 000000006A98: D5207C61 01AAC3B7
	global_store_b16 v[96:97], v98, off                        // 000000006AA0: DC660000 007C6260
	s_or_b32 exec_lo, exec_lo, s0                              // 000000006AA8: 8C7E007E
	scratch_load_b32 v96, off, off offset:156                  // 000000006AAC: DC51009C 607C0000
	v_mov_b32_e32 v97, s19                                     // 000000006AB4: 7EC20213
	v_wmma_f32_16x16x16_bf16 v[104:111], v[120:127], v[8:15], v[104:111]// 000000006AB8: CC414068 1DA21178
	s_waitcnt vmcnt(0)                                         // 000000006AC0: BF8903F7
	v_or_b32_e32 v96, s18, v96                                 // 000000006AC4: 38C0C012
	s_delay_alu instid0(VALU_DEP_1) | instskip(SKIP_1) | instid1(SALU_CYCLE_1)// 000000006AC8: BF8704A1
	v_cmp_gt_i64_e32 vcc_lo, 0x80, v[96:97]                    // 000000006ACC: 7CA8C0FF 00000080
	s_and_b32 s0, s20, vcc_lo                                  // 000000006AD4: 8B006A14
	s_and_b32 s1, s0, s21                                      // 000000006AD8: 8B011500
	s_delay_alu instid0(SALU_CYCLE_1)                          // 000000006ADC: BF870009
	s_and_saveexec_b32 s0, s1                                  // 000000006AE0: BE802001
	s_cbranch_execz 21                                         // 000000006AE4: BFA50015 <chunk_fwd_kernel_o+0x533c>
	v_fmac_f32_e32 v179, s25, v143                             // 000000006AE8: 57671E19
	v_lshlrev_b64 v[96:97], 1, v[96:97]                        // 000000006AEC: D73C0060 0002C081
	s_delay_alu instid0(VALU_DEP_2) | instskip(SKIP_1) | instid1(VALU_DEP_2)// 000000006AF4: BF870122
	v_bfe_u32 v98, v179, 16, 1                                 // 000000006AF8: D6100062 020521B3
	v_cmp_o_f32_e32 vcc_lo, v179, v179                         // 000000006B00: 7C2F67B3
	v_add3_u32 v98, v179, v98, 0x7fff                          // 000000006B04: D6550062 03FEC5B3 00007FFF
	s_delay_alu instid0(VALU_DEP_1) | instskip(NEXT) | instid1(VALU_DEP_1)// 000000006B10: BF870091
	v_lshrrev_b32_e32 v98, 16, v98                             // 000000006B14: 32C4C490
	v_cndmask_b32_e32 v98, 0x7fff, v98, vcc_lo                 // 000000006B18: 02C4C4FF 00007FFF
	v_add_co_u32 v96, vcc_lo, v182, v96                        // 000000006B20: D7006A60 0002C1B6
	s_delay_alu instid0(VALU_DEP_1)                            // 000000006B28: BF870001
	v_add_co_ci_u32_e64 v97, null, v183, v97, vcc_lo           // 000000006B2C: D5207C61 01AAC3B7
	global_store_b16 v[96:97], v98, off                        // 000000006B34: DC660000 007C6260
	s_or_b32 exec_lo, exec_lo, s0                              // 000000006B3C: 8C7E007E
	v_mov_b32_e32 v97, s19                                     // 000000006B40: 7EC20213
	v_or_b32_e32 v96, s18, v227                                // 000000006B44: 38C1C612
	s_waitcnt lgkmcnt(1)                                       // 000000006B48: BF89FC17
	v_wmma_f32_16x16x16_bf16 v[104:111], v[128:135], v[0:7], v[104:111]// 000000006B4C: CC414068 1DA20180
	s_delay_alu instid0(VALU_DEP_2) | instskip(SKIP_1) | instid1(SALU_CYCLE_1)// 000000006B54: BF8704A2
	v_cmp_gt_i64_e32 vcc_lo, 0x80, v[96:97]                    // 000000006B58: 7CA8C0FF 00000080
	s_and_b32 s0, s20, vcc_lo                                  // 000000006B60: 8B006A14
	s_and_b32 s1, s0, s21                                      // 000000006B64: 8B011500
	s_delay_alu instid0(SALU_CYCLE_1)                          // 000000006B68: BF870009
	s_and_saveexec_b32 s0, s1                                  // 000000006B6C: BE802001
	s_cbranch_execz 22                                         // 000000006B70: BFA50016 <chunk_fwd_kernel_o+0x53cc>
	v_fma_f32 v98, s25, v104, v172                             // 000000006B74: D6130062 06B2D019
	v_lshlrev_b64 v[96:97], 1, v[96:97]                        // 000000006B7C: D73C0060 0002C081
	s_delay_alu instid0(VALU_DEP_2) | instskip(SKIP_1) | instid1(VALU_DEP_2)// 000000006B84: BF870122
	v_bfe_u32 v99, v98, 16, 1                                  // 000000006B88: D6100063 02052162
	v_cmp_o_f32_e32 vcc_lo, v98, v98                           // 000000006B90: 7C2EC562
	v_add3_u32 v99, v98, v99, 0x7fff                           // 000000006B94: D6550063 03FEC762 00007FFF
	s_delay_alu instid0(VALU_DEP_1) | instskip(NEXT) | instid1(VALU_DEP_1)// 000000006BA0: BF870091
	v_lshrrev_b32_e32 v99, 16, v99                             // 000000006BA4: 32C6C690
	v_cndmask_b32_e32 v98, 0x7fff, v99, vcc_lo                 // 000000006BA8: 02C4C6FF 00007FFF
	v_add_co_u32 v96, vcc_lo, v182, v96                        // 000000006BB0: D7006A60 0002C1B6
	s_delay_alu instid0(VALU_DEP_1)                            // 000000006BB8: BF870001
	v_add_co_ci_u32_e64 v97, null, v183, v97, vcc_lo           // 000000006BBC: D5207C61 01AAC3B7
	global_store_b16 v[96:97], v98, off                        // 000000006BC4: DC660000 007C6260
	s_or_b32 exec_lo, exec_lo, s0                              // 000000006BCC: 8C7E007E
	scratch_load_b32 v96, off, off offset:152                  // 000000006BD0: DC510098 607C0000
	v_mov_b32_e32 v97, s19                                     // 000000006BD8: 7EC20213
	s_waitcnt vmcnt(0)                                         // 000000006BDC: BF8903F7
	v_or_b32_e32 v96, s18, v96                                 // 000000006BE0: 38C0C012
	s_delay_alu instid0(VALU_DEP_1) | instskip(SKIP_1) | instid1(SALU_CYCLE_1)// 000000006BE4: BF8704A1
	v_cmp_gt_i64_e32 vcc_lo, 0x80, v[96:97]                    // 000000006BE8: 7CA8C0FF 00000080
	s_and_b32 s0, s20, vcc_lo                                  // 000000006BF0: 8B006A14
	s_and_b32 s1, s0, s21                                      // 000000006BF4: 8B011500
	s_delay_alu instid0(SALU_CYCLE_1)                          // 000000006BF8: BF870009
	s_and_saveexec_b32 s0, s1                                  // 000000006BFC: BE802001
	s_cbranch_execz 22                                         // 000000006C00: BFA50016 <chunk_fwd_kernel_o+0x545c>
	v_fma_f32 v98, s25, v105, v173                             // 000000006C04: D6130062 06B6D219
	v_lshlrev_b64 v[96:97], 1, v[96:97]                        // 000000006C0C: D73C0060 0002C081
	s_delay_alu instid0(VALU_DEP_2) | instskip(SKIP_1) | instid1(VALU_DEP_2)// 000000006C14: BF870122
	v_bfe_u32 v99, v98, 16, 1                                  // 000000006C18: D6100063 02052162
	v_cmp_o_f32_e32 vcc_lo, v98, v98                           // 000000006C20: 7C2EC562
	v_add3_u32 v99, v98, v99, 0x7fff                           // 000000006C24: D6550063 03FEC762 00007FFF
	s_delay_alu instid0(VALU_DEP_1) | instskip(NEXT) | instid1(VALU_DEP_1)// 000000006C30: BF870091
	v_lshrrev_b32_e32 v99, 16, v99                             // 000000006C34: 32C6C690
	v_cndmask_b32_e32 v98, 0x7fff, v99, vcc_lo                 // 000000006C38: 02C4C6FF 00007FFF
	v_add_co_u32 v96, vcc_lo, v182, v96                        // 000000006C40: D7006A60 0002C1B6
	s_delay_alu instid0(VALU_DEP_1)                            // 000000006C48: BF870001
	v_add_co_ci_u32_e64 v97, null, v183, v97, vcc_lo           // 000000006C4C: D5207C61 01AAC3B7
	global_store_b16 v[96:97], v98, off                        // 000000006C54: DC660000 007C6260
	s_or_b32 exec_lo, exec_lo, s0                              // 000000006C5C: 8C7E007E
	v_mov_b32_e32 v97, s19                                     // 000000006C60: 7EC20213
	v_or_b32_e32 v96, s18, v226                                // 000000006C64: 38C1C412
	s_delay_alu instid0(VALU_DEP_1) | instskip(SKIP_1) | instid1(SALU_CYCLE_1)// 000000006C68: BF8704A1
	v_cmp_gt_i64_e32 vcc_lo, 0x80, v[96:97]                    // 000000006C6C: 7CA8C0FF 00000080
	s_and_b32 s0, s20, vcc_lo                                  // 000000006C74: 8B006A14
	s_and_b32 s1, s0, s21                                      // 000000006C78: 8B011500
	s_delay_alu instid0(SALU_CYCLE_1)                          // 000000006C7C: BF870009
	s_and_saveexec_b32 s0, s1                                  // 000000006C80: BE802001
	s_cbranch_execz 22                                         // 000000006C84: BFA50016 <chunk_fwd_kernel_o+0x54e0>
	v_fma_f32 v98, s25, v106, v174                             // 000000006C88: D6130062 06BAD419
	v_lshlrev_b64 v[96:97], 1, v[96:97]                        // 000000006C90: D73C0060 0002C081
	s_delay_alu instid0(VALU_DEP_2) | instskip(SKIP_1) | instid1(VALU_DEP_2)// 000000006C98: BF870122
	v_bfe_u32 v99, v98, 16, 1                                  // 000000006C9C: D6100063 02052162
	v_cmp_o_f32_e32 vcc_lo, v98, v98                           // 000000006CA4: 7C2EC562
	v_add3_u32 v99, v98, v99, 0x7fff                           // 000000006CA8: D6550063 03FEC762 00007FFF
	s_delay_alu instid0(VALU_DEP_1) | instskip(NEXT) | instid1(VALU_DEP_1)// 000000006CB4: BF870091
	v_lshrrev_b32_e32 v99, 16, v99                             // 000000006CB8: 32C6C690
	v_cndmask_b32_e32 v98, 0x7fff, v99, vcc_lo                 // 000000006CBC: 02C4C6FF 00007FFF
	v_add_co_u32 v96, vcc_lo, v182, v96                        // 000000006CC4: D7006A60 0002C1B6
	s_delay_alu instid0(VALU_DEP_1)                            // 000000006CCC: BF870001
	v_add_co_ci_u32_e64 v97, null, v183, v97, vcc_lo           // 000000006CD0: D5207C61 01AAC3B7
	global_store_b16 v[96:97], v98, off                        // 000000006CD8: DC660000 007C6260
	s_or_b32 exec_lo, exec_lo, s0                              // 000000006CE0: 8C7E007E
	scratch_load_b32 v96, off, off offset:148                  // 000000006CE4: DC510094 607C0000
	v_mov_b32_e32 v97, s19                                     // 000000006CEC: 7EC20213
	s_waitcnt vmcnt(0)                                         // 000000006CF0: BF8903F7
	v_or_b32_e32 v96, s18, v96                                 // 000000006CF4: 38C0C012
	s_delay_alu instid0(VALU_DEP_1) | instskip(SKIP_1) | instid1(SALU_CYCLE_1)// 000000006CF8: BF8704A1
	v_cmp_gt_i64_e32 vcc_lo, 0x80, v[96:97]                    // 000000006CFC: 7CA8C0FF 00000080
	s_and_b32 s0, s20, vcc_lo                                  // 000000006D04: 8B006A14
	s_and_b32 s1, s0, s21                                      // 000000006D08: 8B011500
	s_delay_alu instid0(SALU_CYCLE_1)                          // 000000006D0C: BF870009
	s_and_saveexec_b32 s0, s1                                  // 000000006D10: BE802001
	s_cbranch_execz 21                                         // 000000006D14: BFA50015 <chunk_fwd_kernel_o+0x556c>
	v_fmac_f32_e32 v175, s25, v107                             // 000000006D18: 575ED619
	v_lshlrev_b64 v[96:97], 1, v[96:97]                        // 000000006D1C: D73C0060 0002C081
	s_delay_alu instid0(VALU_DEP_2) | instskip(SKIP_1) | instid1(VALU_DEP_2)// 000000006D24: BF870122
	v_bfe_u32 v98, v175, 16, 1                                 // 000000006D28: D6100062 020521AF
	v_cmp_o_f32_e32 vcc_lo, v175, v175                         // 000000006D30: 7C2F5FAF
	v_add3_u32 v98, v175, v98, 0x7fff                          // 000000006D34: D6550062 03FEC5AF 00007FFF
	s_delay_alu instid0(VALU_DEP_1) | instskip(NEXT) | instid1(VALU_DEP_1)// 000000006D40: BF870091
	v_lshrrev_b32_e32 v98, 16, v98                             // 000000006D44: 32C4C490
	v_cndmask_b32_e32 v98, 0x7fff, v98, vcc_lo                 // 000000006D48: 02C4C4FF 00007FFF
	v_add_co_u32 v96, vcc_lo, v182, v96                        // 000000006D50: D7006A60 0002C1B6
	s_delay_alu instid0(VALU_DEP_1)                            // 000000006D58: BF870001
	v_add_co_ci_u32_e64 v97, null, v183, v97, vcc_lo           // 000000006D5C: D5207C61 01AAC3B7
	global_store_b16 v[96:97], v98, off                        // 000000006D64: DC660000 007C6260
	s_or_b32 exec_lo, exec_lo, s0                              // 000000006D6C: 8C7E007E
	v_mov_b32_e32 v97, s19                                     // 000000006D70: 7EC20213
	v_or_b32_e32 v96, s18, v225                                // 000000006D74: 38C1C212
	v_dual_mov_b32 v119, s11 :: v_dual_mov_b32 v116, s8        // 000000006D78: CA10000B 77740008
	v_dual_mov_b32 v118, s10 :: v_dual_mov_b32 v117, s9        // 000000006D80: CA10000A 76740009
	v_mov_b32_e32 v114, s6                                     // 000000006D88: 7EE40206
	s_delay_alu instid0(VALU_DEP_4) | instskip(SKIP_3) | instid1(SALU_CYCLE_1)// 000000006D8C: BF8704C4
	v_cmp_gt_i64_e32 vcc_lo, 0x80, v[96:97]                    // 000000006D90: 7CA8C0FF 00000080
	v_dual_mov_b32 v115, s7 :: v_dual_mov_b32 v112, s4         // 000000006D98: CA100007 73700004
	v_mov_b32_e32 v113, s5                                     // 000000006DA0: 7EE20205
	s_and_b32 s0, s20, vcc_lo                                  // 000000006DA4: 8B006A14
	s_and_b32 s1, s0, s21                                      // 000000006DA8: 8B011500
	s_delay_alu instid0(SALU_CYCLE_1)                          // 000000006DAC: BF870009
	s_and_saveexec_b32 s0, s1                                  // 000000006DB0: BE802001
	s_cbranch_execz 22                                         // 000000006DB4: BFA50016 <chunk_fwd_kernel_o+0x5610>
	v_fma_f32 v98, s25, v108, v168                             // 000000006DB8: D6130062 06A2D819
	v_lshlrev_b64 v[96:97], 1, v[96:97]                        // 000000006DC0: D73C0060 0002C081
	s_delay_alu instid0(VALU_DEP_2) | instskip(SKIP_1) | instid1(VALU_DEP_2)// 000000006DC8: BF870122
	v_bfe_u32 v99, v98, 16, 1                                  // 000000006DCC: D6100063 02052162
	v_cmp_o_f32_e32 vcc_lo, v98, v98                           // 000000006DD4: 7C2EC562
	v_add3_u32 v99, v98, v99, 0x7fff                           // 000000006DD8: D6550063 03FEC762 00007FFF
	s_delay_alu instid0(VALU_DEP_1) | instskip(NEXT) | instid1(VALU_DEP_1)// 000000006DE4: BF870091
	v_lshrrev_b32_e32 v99, 16, v99                             // 000000006DE8: 32C6C690
	v_cndmask_b32_e32 v98, 0x7fff, v99, vcc_lo                 // 000000006DEC: 02C4C6FF 00007FFF
	v_add_co_u32 v96, vcc_lo, v182, v96                        // 000000006DF4: D7006A60 0002C1B6
	s_delay_alu instid0(VALU_DEP_1)                            // 000000006DFC: BF870001
	v_add_co_ci_u32_e64 v97, null, v183, v97, vcc_lo           // 000000006E00: D5207C61 01AAC3B7
	global_store_b16 v[96:97], v98, off                        // 000000006E08: DC660000 007C6260
	s_or_b32 exec_lo, exec_lo, s0                              // 000000006E10: 8C7E007E
	scratch_load_b32 v96, off, off offset:144                  // 000000006E14: DC510090 607C0000
	v_mov_b32_e32 v105, s19                                    // 000000006E1C: 7ED20213
	s_waitcnt vmcnt(0)                                         // 000000006E20: BF8903F7
	v_or_b32_e32 v104, s18, v96                                // 000000006E24: 38D0C012
	v_wmma_f32_16x16x16_bf16 v[96:103], v[88:95], v[32:39], v[112:119]// 000000006E28: CC414060 1DC24158
	s_delay_alu instid0(VALU_DEP_2) | instskip(SKIP_1) | instid1(SALU_CYCLE_1)// 000000006E30: BF8704A2
	v_cmp_gt_i64_e32 vcc_lo, 0x80, v[104:105]                  // 000000006E34: 7CA8D0FF 00000080
	s_and_b32 s0, s20, vcc_lo                                  // 000000006E3C: 8B006A14
	s_and_b32 s1, s0, s21                                      // 000000006E40: 8B011500
	s_delay_alu instid0(SALU_CYCLE_1)                          // 000000006E44: BF870009
	s_and_saveexec_b32 s0, s1                                  // 000000006E48: BE802001
	s_cbranch_execz 22                                         // 000000006E4C: BFA50016 <chunk_fwd_kernel_o+0x56a8>
	v_fma_f32 v90, s25, v109, v169                             // 000000006E50: D613005A 06A6DA19
	s_delay_alu instid0(VALU_DEP_1) | instskip(SKIP_1) | instid1(VALU_DEP_2)// 000000006E58: BF870121
	v_bfe_u32 v88, v90, 16, 1                                  // 000000006E5C: D6100058 0205215A
	v_cmp_o_f32_e32 vcc_lo, v90, v90                           // 000000006E64: 7C2EB55A
	v_add3_u32 v88, v90, v88, 0x7fff                           // 000000006E68: D6550058 03FEB15A 00007FFF
	s_delay_alu instid0(VALU_DEP_1) | instskip(SKIP_1) | instid1(VALU_DEP_2)// 000000006E74: BF870121
	v_lshrrev_b32_e32 v91, 16, v88                             // 000000006E78: 32B6B090
	v_lshlrev_b64 v[88:89], 1, v[104:105]                      // 000000006E7C: D73C0058 0002D081
	v_cndmask_b32_e32 v90, 0x7fff, v91, vcc_lo                 // 000000006E84: 02B4B6FF 00007FFF
	s_delay_alu instid0(VALU_DEP_2) | instskip(NEXT) | instid1(VALU_DEP_1)// 000000006E8C: BF870092
	v_add_co_u32 v88, vcc_lo, v182, v88                        // 000000006E90: D7006A58 0002B1B6
	v_add_co_ci_u32_e64 v89, null, v183, v89, vcc_lo           // 000000006E98: D5207C59 01AAB3B7
	global_store_b16 v[88:89], v90, off                        // 000000006EA0: DC660000 007C5A58
	s_or_b32 exec_lo, exec_lo, s0                              // 000000006EA8: 8C7E007E
	v_mov_b32_e32 v89, s19                                     // 000000006EAC: 7EB20213
	v_or_b32_e32 v88, s18, v224                                // 000000006EB0: 38B1C012
	v_wmma_f32_16x16x16_bf16 v[96:103], v[80:87], v[16:23], v[96:103]// 000000006EB4: CC414060 1D822150
	s_delay_alu instid0(VALU_DEP_2) | instskip(SKIP_1) | instid1(SALU_CYCLE_1)// 000000006EBC: BF8704A2
	v_cmp_gt_i64_e32 vcc_lo, 0x80, v[88:89]                    // 000000006EC0: 7CA8B0FF 00000080
	s_and_b32 s0, s20, vcc_lo                                  // 000000006EC8: 8B006A14
	s_and_b32 s1, s0, s21                                      // 000000006ECC: 8B011500
	s_delay_alu instid0(SALU_CYCLE_1)                          // 000000006ED0: BF870009
	s_and_saveexec_b32 s0, s1                                  // 000000006ED4: BE802001
	s_cbranch_execz 22                                         // 000000006ED8: BFA50016 <chunk_fwd_kernel_o+0x5734>
	v_fma_f32 v82, s25, v110, v170                             // 000000006EDC: D6130052 06AADC19
	s_delay_alu instid0(VALU_DEP_1) | instskip(SKIP_1) | instid1(VALU_DEP_2)// 000000006EE4: BF870121
	v_bfe_u32 v80, v82, 16, 1                                  // 000000006EE8: D6100050 02052152
	v_cmp_o_f32_e32 vcc_lo, v82, v82                           // 000000006EF0: 7C2EA552
	v_add3_u32 v80, v82, v80, 0x7fff                           // 000000006EF4: D6550050 03FEA152 00007FFF
	s_delay_alu instid0(VALU_DEP_1) | instskip(SKIP_1) | instid1(VALU_DEP_2)// 000000006F00: BF870121
	v_lshrrev_b32_e32 v83, 16, v80                             // 000000006F04: 32A6A090
	v_lshlrev_b64 v[80:81], 1, v[88:89]                        // 000000006F08: D73C0050 0002B081
	v_cndmask_b32_e32 v82, 0x7fff, v83, vcc_lo                 // 000000006F10: 02A4A6FF 00007FFF
	s_delay_alu instid0(VALU_DEP_2) | instskip(NEXT) | instid1(VALU_DEP_1)// 000000006F18: BF870092
	v_add_co_u32 v80, vcc_lo, v182, v80                        // 000000006F1C: D7006A50 0002A1B6
	v_add_co_ci_u32_e64 v81, null, v183, v81, vcc_lo           // 000000006F24: D5207C51 01AAA3B7
	global_store_b16 v[80:81], v82, off                        // 000000006F2C: DC660000 007C5250
	s_or_b32 exec_lo, exec_lo, s0                              // 000000006F34: 8C7E007E
	scratch_load_b32 v80, off, off offset:140                  // 000000006F38: DC51008C 507C0000
	v_mov_b32_e32 v81, s19                                     // 000000006F40: 7EA20213
	v_wmma_f32_16x16x16_bf16 v[96:103], v[72:79], v[8:15], v[96:103]// 000000006F44: CC414060 1D821148
	s_waitcnt vmcnt(0)                                         // 000000006F4C: BF8903F7
	v_or_b32_e32 v80, s18, v80                                 // 000000006F50: 38A0A012
	s_delay_alu instid0(VALU_DEP_1) | instskip(SKIP_1) | instid1(SALU_CYCLE_1)// 000000006F54: BF8704A1
	v_cmp_gt_i64_e32 vcc_lo, 0x80, v[80:81]                    // 000000006F58: 7CA8A0FF 00000080
	s_and_b32 s0, s20, vcc_lo                                  // 000000006F60: 8B006A14
	s_and_b32 s1, s0, s21                                      // 000000006F64: 8B011500
	s_delay_alu instid0(SALU_CYCLE_1)                          // 000000006F68: BF870009
	s_and_saveexec_b32 s0, s1                                  // 000000006F6C: BE802001
	s_cbranch_execz 21                                         // 000000006F70: BFA50015 <chunk_fwd_kernel_o+0x57c8>
	v_fmac_f32_e32 v171, s25, v111                             // 000000006F74: 5756DE19
	s_delay_alu instid0(VALU_DEP_1) | instskip(SKIP_1) | instid1(VALU_DEP_2)// 000000006F78: BF870121
	v_bfe_u32 v72, v171, 16, 1                                 // 000000006F7C: D6100048 020521AB
	v_cmp_o_f32_e32 vcc_lo, v171, v171                         // 000000006F84: 7C2F57AB
	v_add3_u32 v72, v171, v72, 0x7fff                          // 000000006F88: D6550048 03FE91AB 00007FFF
	s_delay_alu instid0(VALU_DEP_1) | instskip(SKIP_1) | instid1(VALU_DEP_2)// 000000006F94: BF870121
	v_lshrrev_b32_e32 v74, 16, v72                             // 000000006F98: 32949090
	v_lshlrev_b64 v[72:73], 1, v[80:81]                        // 000000006F9C: D73C0048 0002A081
	v_cndmask_b32_e32 v74, 0x7fff, v74, vcc_lo                 // 000000006FA4: 029494FF 00007FFF
	s_delay_alu instid0(VALU_DEP_2) | instskip(NEXT) | instid1(VALU_DEP_1)// 000000006FAC: BF870092
	v_add_co_u32 v72, vcc_lo, v182, v72                        // 000000006FB0: D7006A48 000291B6
	v_add_co_ci_u32_e64 v73, null, v183, v73, vcc_lo           // 000000006FB8: D5207C49 01AA93B7
	global_store_b16 v[72:73], v74, off                        // 000000006FC0: DC660000 007C4A48
	s_or_b32 exec_lo, exec_lo, s0                              // 000000006FC8: 8C7E007E
	v_mov_b32_e32 v73, s19                                     // 000000006FCC: 7E920213
	v_or_b32_e32 v72, s18, v223                                // 000000006FD0: 3891BE12
	v_wmma_f32_16x16x16_bf16 v[96:103], v[64:71], v[0:7], v[96:103]// 000000006FD4: CC414060 1D820140
	s_delay_alu instid0(VALU_DEP_2) | instskip(SKIP_1) | instid1(SALU_CYCLE_1)// 000000006FDC: BF8704A2
	v_cmp_gt_i64_e32 vcc_lo, 0x80, v[72:73]                    // 000000006FE0: 7CA890FF 00000080
	s_and_b32 s0, s20, vcc_lo                                  // 000000006FE8: 8B006A14
	s_and_b32 s1, s0, s21                                      // 000000006FEC: 8B011500
	s_delay_alu instid0(SALU_CYCLE_1)                          // 000000006FF0: BF870009
	s_and_saveexec_b32 s0, s1                                  // 000000006FF4: BE802001
	s_cbranch_execz 22                                         // 000000006FF8: BFA50016 <chunk_fwd_kernel_o+0x5854>
	v_fma_f32 v66, s25, v96, v164                              // 000000006FFC: D6130042 0692C019
	s_delay_alu instid0(VALU_DEP_1) | instskip(SKIP_1) | instid1(VALU_DEP_2)// 000000007004: BF870121
	v_bfe_u32 v64, v66, 16, 1                                  // 000000007008: D6100040 02052142
	v_cmp_o_f32_e32 vcc_lo, v66, v66                           // 000000007010: 7C2E8542
	v_add3_u32 v64, v66, v64, 0x7fff                           // 000000007014: D6550040 03FE8142 00007FFF
	s_delay_alu instid0(VALU_DEP_1) | instskip(SKIP_1) | instid1(VALU_DEP_2)// 000000007020: BF870121
	v_lshrrev_b32_e32 v67, 16, v64                             // 000000007024: 32868090
	v_lshlrev_b64 v[64:65], 1, v[72:73]                        // 000000007028: D73C0040 00029081
	v_cndmask_b32_e32 v66, 0x7fff, v67, vcc_lo                 // 000000007030: 028486FF 00007FFF
	s_delay_alu instid0(VALU_DEP_2) | instskip(NEXT) | instid1(VALU_DEP_1)// 000000007038: BF870092
	v_add_co_u32 v64, vcc_lo, v182, v64                        // 00000000703C: D7006A40 000281B6
	v_add_co_ci_u32_e64 v65, null, v183, v65, vcc_lo           // 000000007044: D5207C41 01AA83B7
	global_store_b16 v[64:65], v66, off                        // 00000000704C: DC660000 007C4240
	s_or_b32 exec_lo, exec_lo, s0                              // 000000007054: 8C7E007E
	scratch_load_b32 v64, off, off offset:136                  // 000000007058: DC510088 407C0000
	v_mov_b32_e32 v65, s19                                     // 000000007060: 7E820213
	s_waitcnt vmcnt(0)                                         // 000000007064: BF8903F7
	v_or_b32_e32 v64, s18, v64                                 // 000000007068: 38808012
	s_delay_alu instid0(VALU_DEP_1) | instskip(SKIP_1) | instid1(SALU_CYCLE_1)// 00000000706C: BF8704A1
	v_cmp_gt_i64_e32 vcc_lo, 0x80, v[64:65]                    // 000000007070: 7CA880FF 00000080
	s_and_b32 s0, s20, vcc_lo                                  // 000000007078: 8B006A14
	s_and_b32 s1, s0, s21                                      // 00000000707C: 8B011500
	s_delay_alu instid0(SALU_CYCLE_1)                          // 000000007080: BF870009
	s_and_saveexec_b32 s0, s1                                  // 000000007084: BE802001
	s_cbranch_execz 22                                         // 000000007088: BFA50016 <chunk_fwd_kernel_o+0x58e4>
	v_fma_f32 v66, s25, v97, v165                              // 00000000708C: D6130042 0696C219
	v_lshlrev_b64 v[64:65], 1, v[64:65]                        // 000000007094: D73C0040 00028081
	s_delay_alu instid0(VALU_DEP_2) | instskip(SKIP_1) | instid1(VALU_DEP_2)// 00000000709C: BF870122
	v_bfe_u32 v67, v66, 16, 1                                  // 0000000070A0: D6100043 02052142
	v_cmp_o_f32_e32 vcc_lo, v66, v66                           // 0000000070A8: 7C2E8542
	v_add3_u32 v67, v66, v67, 0x7fff                           // 0000000070AC: D6550043 03FE8742 00007FFF
	s_delay_alu instid0(VALU_DEP_1) | instskip(NEXT) | instid1(VALU_DEP_1)// 0000000070B8: BF870091
	v_lshrrev_b32_e32 v67, 16, v67                             // 0000000070BC: 32868690
	v_cndmask_b32_e32 v66, 0x7fff, v67, vcc_lo                 // 0000000070C0: 028486FF 00007FFF
	v_add_co_u32 v64, vcc_lo, v182, v64                        // 0000000070C8: D7006A40 000281B6
	s_delay_alu instid0(VALU_DEP_1)                            // 0000000070D0: BF870001
	v_add_co_ci_u32_e64 v65, null, v183, v65, vcc_lo           // 0000000070D4: D5207C41 01AA83B7
	global_store_b16 v[64:65], v66, off                        // 0000000070DC: DC660000 007C4240
	s_or_b32 exec_lo, exec_lo, s0                              // 0000000070E4: 8C7E007E
	v_mov_b32_e32 v65, s19                                     // 0000000070E8: 7E820213
	v_or_b32_e32 v64, s18, v222                                // 0000000070EC: 3881BC12
	s_delay_alu instid0(VALU_DEP_1) | instskip(SKIP_1) | instid1(SALU_CYCLE_1)// 0000000070F0: BF8704A1
	v_cmp_gt_i64_e32 vcc_lo, 0x80, v[64:65]                    // 0000000070F4: 7CA880FF 00000080
	s_and_b32 s0, s20, vcc_lo                                  // 0000000070FC: 8B006A14
	s_and_b32 s1, s0, s21                                      // 000000007100: 8B011500
	s_delay_alu instid0(SALU_CYCLE_1)                          // 000000007104: BF870009
	s_and_saveexec_b32 s0, s1                                  // 000000007108: BE802001
	s_cbranch_execz 22                                         // 00000000710C: BFA50016 <chunk_fwd_kernel_o+0x5968>
	v_fma_f32 v66, s25, v98, v166                              // 000000007110: D6130042 069AC419
	v_lshlrev_b64 v[64:65], 1, v[64:65]                        // 000000007118: D73C0040 00028081
	s_delay_alu instid0(VALU_DEP_2) | instskip(SKIP_1) | instid1(VALU_DEP_2)// 000000007120: BF870122
	v_bfe_u32 v67, v66, 16, 1                                  // 000000007124: D6100043 02052142
	v_cmp_o_f32_e32 vcc_lo, v66, v66                           // 00000000712C: 7C2E8542
	v_add3_u32 v67, v66, v67, 0x7fff                           // 000000007130: D6550043 03FE8742 00007FFF
	s_delay_alu instid0(VALU_DEP_1) | instskip(NEXT) | instid1(VALU_DEP_1)// 00000000713C: BF870091
	v_lshrrev_b32_e32 v67, 16, v67                             // 000000007140: 32868690
	v_cndmask_b32_e32 v66, 0x7fff, v67, vcc_lo                 // 000000007144: 028486FF 00007FFF
	v_add_co_u32 v64, vcc_lo, v182, v64                        // 00000000714C: D7006A40 000281B6
	s_delay_alu instid0(VALU_DEP_1)                            // 000000007154: BF870001
	v_add_co_ci_u32_e64 v65, null, v183, v65, vcc_lo           // 000000007158: D5207C41 01AA83B7
	global_store_b16 v[64:65], v66, off                        // 000000007160: DC660000 007C4240
	s_or_b32 exec_lo, exec_lo, s0                              // 000000007168: 8C7E007E
	scratch_load_b32 v64, off, off offset:132                  // 00000000716C: DC510084 407C0000
	v_mov_b32_e32 v65, s19                                     // 000000007174: 7E820213
	s_waitcnt vmcnt(0)                                         // 000000007178: BF8903F7
	v_or_b32_e32 v64, s18, v64                                 // 00000000717C: 38808012
	s_delay_alu instid0(VALU_DEP_1) | instskip(SKIP_1) | instid1(SALU_CYCLE_1)// 000000007180: BF8704A1
	v_cmp_gt_i64_e32 vcc_lo, 0x80, v[64:65]                    // 000000007184: 7CA880FF 00000080
	s_and_b32 s0, s20, vcc_lo                                  // 00000000718C: 8B006A14
	s_and_b32 s1, s0, s21                                      // 000000007190: 8B011500
	s_delay_alu instid0(SALU_CYCLE_1)                          // 000000007194: BF870009
	s_and_saveexec_b32 s0, s1                                  // 000000007198: BE802001
	s_cbranch_execz 21                                         // 00000000719C: BFA50015 <chunk_fwd_kernel_o+0x59f4>
	v_fmac_f32_e32 v167, s25, v99                              // 0000000071A0: 574EC619
	v_lshlrev_b64 v[64:65], 1, v[64:65]                        // 0000000071A4: D73C0040 00028081
	s_delay_alu instid0(VALU_DEP_2) | instskip(SKIP_1) | instid1(VALU_DEP_2)// 0000000071AC: BF870122
	v_bfe_u32 v66, v167, 16, 1                                 // 0000000071B0: D6100042 020521A7
	v_cmp_o_f32_e32 vcc_lo, v167, v167                         // 0000000071B8: 7C2F4FA7
	v_add3_u32 v66, v167, v66, 0x7fff                          // 0000000071BC: D6550042 03FE85A7 00007FFF
	s_delay_alu instid0(VALU_DEP_1) | instskip(NEXT) | instid1(VALU_DEP_1)// 0000000071C8: BF870091
	v_lshrrev_b32_e32 v66, 16, v66                             // 0000000071CC: 32848490
	v_cndmask_b32_e32 v66, 0x7fff, v66, vcc_lo                 // 0000000071D0: 028484FF 00007FFF
	v_add_co_u32 v64, vcc_lo, v182, v64                        // 0000000071D8: D7006A40 000281B6
	s_delay_alu instid0(VALU_DEP_1)                            // 0000000071E0: BF870001
	v_add_co_ci_u32_e64 v65, null, v183, v65, vcc_lo           // 0000000071E4: D5207C41 01AA83B7
	global_store_b16 v[64:65], v66, off                        // 0000000071EC: DC660000 007C4240
	s_or_b32 exec_lo, exec_lo, s0                              // 0000000071F4: 8C7E007E
	v_mov_b32_e32 v73, s19                                     // 0000000071F8: 7E920213
	v_or_b32_e32 v72, s18, v221                                // 0000000071FC: 3891BA12
	v_dual_mov_b32 v71, s11 :: v_dual_mov_b32 v68, s8          // 000000007200: CA10000B 47440008
	v_dual_mov_b32 v70, s10 :: v_dual_mov_b32 v69, s9          // 000000007208: CA10000A 46440009
	v_mov_b32_e32 v66, s6                                      // 000000007210: 7E840206
	s_delay_alu instid0(VALU_DEP_4) | instskip(SKIP_3) | instid1(SALU_CYCLE_1)// 000000007214: BF8704C4
	v_cmp_gt_i64_e32 vcc_lo, 0x80, v[72:73]                    // 000000007218: 7CA890FF 00000080
	v_dual_mov_b32 v67, s7 :: v_dual_mov_b32 v64, s4           // 000000007220: CA100007 43400004
	v_mov_b32_e32 v65, s5                                      // 000000007228: 7E820205
	s_and_b32 s0, s20, vcc_lo                                  // 00000000722C: 8B006A14
	s_and_b32 s1, s0, s21                                      // 000000007230: 8B011500
	s_delay_alu instid0(SALU_CYCLE_1)                          // 000000007234: BF870009
	s_and_saveexec_b32 s0, s1                                  // 000000007238: BE802001
	s_cbranch_execz 22                                         // 00000000723C: BFA50016 <chunk_fwd_kernel_o+0x5a98>
	v_fma_f32 v74, s25, v100, v160                             // 000000007240: D613004A 0682C819
	v_lshlrev_b64 v[72:73], 1, v[72:73]                        // 000000007248: D73C0048 00029081
	s_delay_alu instid0(VALU_DEP_2) | instskip(SKIP_1) | instid1(VALU_DEP_2)// 000000007250: BF870122
	v_bfe_u32 v75, v74, 16, 1                                  // 000000007254: D610004B 0205214A
	v_cmp_o_f32_e32 vcc_lo, v74, v74                           // 00000000725C: 7C2E954A
	v_add3_u32 v75, v74, v75, 0x7fff                           // 000000007260: D655004B 03FE974A 00007FFF
	s_delay_alu instid0(VALU_DEP_1) | instskip(NEXT) | instid1(VALU_DEP_1)// 00000000726C: BF870091
	v_lshrrev_b32_e32 v75, 16, v75                             // 000000007270: 32969690
	v_cndmask_b32_e32 v74, 0x7fff, v75, vcc_lo                 // 000000007274: 029496FF 00007FFF
	v_add_co_u32 v72, vcc_lo, v182, v72                        // 00000000727C: D7006A48 000291B6
	s_delay_alu instid0(VALU_DEP_1)                            // 000000007284: BF870001
	v_add_co_ci_u32_e64 v73, null, v183, v73, vcc_lo           // 000000007288: D5207C49 01AA93B7
	global_store_b16 v[72:73], v74, off                        // 000000007290: DC660000 007C4A48
	s_or_b32 exec_lo, exec_lo, s0                              // 000000007298: 8C7E007E
	scratch_load_b32 v72, off, off offset:128                  // 00000000729C: DC510080 487C0000
	v_mov_b32_e32 v73, s19                                     // 0000000072A4: 7E920213
	v_wmma_f32_16x16x16_bf16 v[64:71], v[24:31], v[32:39], v[64:71]// 0000000072A8: CC414040 1D024118
	s_waitcnt vmcnt(0)                                         // 0000000072B0: BF8903F7
	v_or_b32_e32 v72, s18, v72                                 // 0000000072B4: 38909012
	s_delay_alu instid0(VALU_DEP_1) | instskip(SKIP_1) | instid1(SALU_CYCLE_1)// 0000000072B8: BF8704A1
	v_cmp_gt_i64_e32 vcc_lo, 0x80, v[72:73]                    // 0000000072BC: 7CA890FF 00000080
	s_and_b32 s0, s20, vcc_lo                                  // 0000000072C4: 8B006A14
	s_and_b32 s1, s0, s21                                      // 0000000072C8: 8B011500
	s_delay_alu instid0(SALU_CYCLE_1)                          // 0000000072CC: BF870009
	s_and_saveexec_b32 s0, s1                                  // 0000000072D0: BE802001
	s_cbranch_execz 22                                         // 0000000072D4: BFA50016 <chunk_fwd_kernel_o+0x5b30>
	v_fma_f32 v26, s25, v101, v161                             // 0000000072D8: D613001A 0686CA19
	s_delay_alu instid0(VALU_DEP_1) | instskip(SKIP_1) | instid1(VALU_DEP_2)// 0000000072E0: BF870121
	v_bfe_u32 v24, v26, 16, 1                                  // 0000000072E4: D6100018 0205211A
	v_cmp_o_f32_e32 vcc_lo, v26, v26                           // 0000000072EC: 7C2E351A
	v_add3_u32 v24, v26, v24, 0x7fff                           // 0000000072F0: D6550018 03FE311A 00007FFF
	s_delay_alu instid0(VALU_DEP_1) | instskip(SKIP_1) | instid1(VALU_DEP_2)// 0000000072FC: BF870121
	v_lshrrev_b32_e32 v27, 16, v24                             // 000000007300: 32363090
	v_lshlrev_b64 v[24:25], 1, v[72:73]                        // 000000007304: D73C0018 00029081
	v_cndmask_b32_e32 v26, 0x7fff, v27, vcc_lo                 // 00000000730C: 023436FF 00007FFF
	s_delay_alu instid0(VALU_DEP_2) | instskip(NEXT) | instid1(VALU_DEP_1)// 000000007314: BF870092
	v_add_co_u32 v24, vcc_lo, v182, v24                        // 000000007318: D7006A18 000231B6
	v_add_co_ci_u32_e64 v25, null, v183, v25, vcc_lo           // 000000007320: D5207C19 01AA33B7
	global_store_b16 v[24:25], v26, off                        // 000000007328: DC660000 007C1A18
	s_or_b32 exec_lo, exec_lo, s0                              // 000000007330: 8C7E007E
	v_mov_b32_e32 v25, s19                                     // 000000007334: 7E320213
	v_or_b32_e32 v24, s18, v220                                // 000000007338: 3831B812
	v_wmma_f32_16x16x16_bf16 v[64:71], v[40:47], v[16:23], v[64:71]// 00000000733C: CC414040 1D022128
	s_delay_alu instid0(VALU_DEP_2) | instskip(SKIP_1) | instid1(SALU_CYCLE_1)// 000000007344: BF8704A2
	v_cmp_gt_i64_e32 vcc_lo, 0x80, v[24:25]                    // 000000007348: 7CA830FF 00000080
	s_and_b32 s0, s20, vcc_lo                                  // 000000007350: 8B006A14
	s_and_b32 s1, s0, s21                                      // 000000007354: 8B011500
	s_delay_alu instid0(SALU_CYCLE_1)                          // 000000007358: BF870009
	s_and_saveexec_b32 s0, s1                                  // 00000000735C: BE802001
	s_cbranch_execz 22                                         // 000000007360: BFA50016 <chunk_fwd_kernel_o+0x5bbc>
	v_fma_f32 v18, s25, v102, v162                             // 000000007364: D6130012 068ACC19
	s_delay_alu instid0(VALU_DEP_1) | instskip(SKIP_1) | instid1(VALU_DEP_2)// 00000000736C: BF870121
	v_bfe_u32 v16, v18, 16, 1                                  // 000000007370: D6100010 02052112
	v_cmp_o_f32_e32 vcc_lo, v18, v18                           // 000000007378: 7C2E2512
	v_add3_u32 v16, v18, v16, 0x7fff                           // 00000000737C: D6550010 03FE2112 00007FFF
	s_delay_alu instid0(VALU_DEP_1) | instskip(SKIP_1) | instid1(VALU_DEP_2)// 000000007388: BF870121
	v_lshrrev_b32_e32 v19, 16, v16                             // 00000000738C: 32262090
	v_lshlrev_b64 v[16:17], 1, v[24:25]                        // 000000007390: D73C0010 00023081
	v_cndmask_b32_e32 v18, 0x7fff, v19, vcc_lo                 // 000000007398: 022426FF 00007FFF
	s_delay_alu instid0(VALU_DEP_2) | instskip(NEXT) | instid1(VALU_DEP_1)// 0000000073A0: BF870092
	v_add_co_u32 v16, vcc_lo, v182, v16                        // 0000000073A4: D7006A10 000221B6
	v_add_co_ci_u32_e64 v17, null, v183, v17, vcc_lo           // 0000000073AC: D5207C11 01AA23B7
	global_store_b16 v[16:17], v18, off                        // 0000000073B4: DC660000 007C1210
	s_or_b32 exec_lo, exec_lo, s0                              // 0000000073BC: 8C7E007E
	scratch_load_b32 v16, off, off offset:124                  // 0000000073C0: DC51007C 107C0000
	v_mov_b32_e32 v17, s19                                     // 0000000073C8: 7E220213
	v_wmma_f32_16x16x16_bf16 v[64:71], v[48:55], v[8:15], v[64:71]// 0000000073CC: CC414040 1D021130
	s_waitcnt vmcnt(0)                                         // 0000000073D4: BF8903F7
	v_or_b32_e32 v16, s18, v16                                 // 0000000073D8: 38202012
	s_delay_alu instid0(VALU_DEP_1) | instskip(SKIP_1) | instid1(SALU_CYCLE_1)// 0000000073DC: BF8704A1
	v_cmp_gt_i64_e32 vcc_lo, 0x80, v[16:17]                    // 0000000073E0: 7CA820FF 00000080
	s_and_b32 s0, s20, vcc_lo                                  // 0000000073E8: 8B006A14
	s_and_b32 s1, s0, s21                                      // 0000000073EC: 8B011500
	s_delay_alu instid0(SALU_CYCLE_1)                          // 0000000073F0: BF870009
	s_and_saveexec_b32 s0, s1                                  // 0000000073F4: BE802001
	s_cbranch_execz 21                                         // 0000000073F8: BFA50015 <chunk_fwd_kernel_o+0x5c50>
	v_fmac_f32_e32 v163, s25, v103                             // 0000000073FC: 5746CE19
	s_delay_alu instid0(VALU_DEP_1) | instskip(SKIP_1) | instid1(VALU_DEP_2)// 000000007400: BF870121
	v_bfe_u32 v8, v163, 16, 1                                  // 000000007404: D6100008 020521A3
	v_cmp_o_f32_e32 vcc_lo, v163, v163                         // 00000000740C: 7C2F47A3
	v_add3_u32 v8, v163, v8, 0x7fff                            // 000000007410: D6550008 03FE11A3 00007FFF
	s_delay_alu instid0(VALU_DEP_1) | instskip(SKIP_1) | instid1(VALU_DEP_2)// 00000000741C: BF870121
	v_lshrrev_b32_e32 v10, 16, v8                              // 000000007420: 32141090
	v_lshlrev_b64 v[8:9], 1, v[16:17]                          // 000000007424: D73C0008 00022081
	v_cndmask_b32_e32 v10, 0x7fff, v10, vcc_lo                 // 00000000742C: 021414FF 00007FFF
	s_delay_alu instid0(VALU_DEP_2) | instskip(NEXT) | instid1(VALU_DEP_1)// 000000007434: BF870092
	v_add_co_u32 v8, vcc_lo, v182, v8                          // 000000007438: D7006A08 000211B6
	v_add_co_ci_u32_e64 v9, null, v183, v9, vcc_lo             // 000000007440: D5207C09 01AA13B7
	global_store_b16 v[8:9], v10, off                          // 000000007448: DC660000 007C0A08
	s_or_b32 exec_lo, exec_lo, s0                              // 000000007450: 8C7E007E
	v_mov_b32_e32 v9, s19                                      // 000000007454: 7E120213
	v_or_b32_e32 v8, s18, v184                                 // 000000007458: 38117012
	s_waitcnt lgkmcnt(0)                                       // 00000000745C: BF89FC07
	v_wmma_f32_16x16x16_bf16 v[64:71], v[56:63], v[0:7], v[64:71]// 000000007460: CC414040 1D020138
	s_delay_alu instid0(VALU_DEP_2) | instskip(SKIP_1) | instid1(SALU_CYCLE_1)// 000000007468: BF8704A2
	v_cmp_gt_i64_e32 vcc_lo, 0x80, v[8:9]                      // 00000000746C: 7CA810FF 00000080
	s_and_b32 s0, s20, vcc_lo                                  // 000000007474: 8B006A14
	s_and_b32 s1, s0, s21                                      // 000000007478: 8B011500
	s_delay_alu instid0(SALU_CYCLE_1)                          // 00000000747C: BF870009
	s_and_saveexec_b32 s0, s1                                  // 000000007480: BE802001
	s_cbranch_execz 22                                         // 000000007484: BFA50016 <chunk_fwd_kernel_o+0x5ce0>
	v_fma_f32 v2, s25, v64, v156                               // 000000007488: D6130002 06728019
	s_delay_alu instid0(VALU_DEP_1) | instskip(SKIP_1) | instid1(VALU_DEP_2)// 000000007490: BF870121
	v_bfe_u32 v0, v2, 16, 1                                    // 000000007494: D6100000 02052102
	v_cmp_o_f32_e32 vcc_lo, v2, v2                             // 00000000749C: 7C2E0502
	v_add3_u32 v0, v2, v0, 0x7fff                              // 0000000074A0: D6550000 03FE0102 00007FFF
	s_delay_alu instid0(VALU_DEP_1) | instskip(SKIP_1) | instid1(VALU_DEP_2)// 0000000074AC: BF870121
	v_lshrrev_b32_e32 v3, 16, v0                               // 0000000074B0: 32060090
	v_lshlrev_b64 v[0:1], 1, v[8:9]                            // 0000000074B4: D73C0000 00021081
	v_cndmask_b32_e32 v2, 0x7fff, v3, vcc_lo                   // 0000000074BC: 020406FF 00007FFF
	s_delay_alu instid0(VALU_DEP_2) | instskip(NEXT) | instid1(VALU_DEP_1)// 0000000074C4: BF870092
	v_add_co_u32 v0, vcc_lo, v182, v0                          // 0000000074C8: D7006A00 000201B6
	v_add_co_ci_u32_e64 v1, null, v183, v1, vcc_lo             // 0000000074D0: D5207C01 01AA03B7
	global_store_b16 v[0:1], v2, off                           // 0000000074D8: DC660000 007C0200
	s_or_b32 exec_lo, exec_lo, s0                              // 0000000074E0: 8C7E007E
	scratch_load_b32 v0, off, off offset:116                   // 0000000074E4: DC510074 007C0000
	v_mov_b32_e32 v1, s19                                      // 0000000074EC: 7E020213
	s_waitcnt vmcnt(0)                                         // 0000000074F0: BF8903F7
	v_or_b32_e32 v0, s18, v0                                   // 0000000074F4: 38000012
	s_delay_alu instid0(VALU_DEP_1) | instskip(SKIP_1) | instid1(SALU_CYCLE_1)// 0000000074F8: BF8704A1
	v_cmp_gt_i64_e32 vcc_lo, 0x80, v[0:1]                      // 0000000074FC: 7CA800FF 00000080
	s_and_b32 s0, s20, vcc_lo                                  // 000000007504: 8B006A14
	s_and_b32 s1, s0, s21                                      // 000000007508: 8B011500
	s_delay_alu instid0(SALU_CYCLE_1)                          // 00000000750C: BF870009
	s_and_saveexec_b32 s0, s1                                  // 000000007510: BE802001
	s_cbranch_execz 22                                         // 000000007514: BFA50016 <chunk_fwd_kernel_o+0x5d70>
	v_fma_f32 v2, s25, v65, v157                               // 000000007518: D6130002 06768219
	v_lshlrev_b64 v[0:1], 1, v[0:1]                            // 000000007520: D73C0000 00020081
	s_delay_alu instid0(VALU_DEP_2) | instskip(SKIP_1) | instid1(VALU_DEP_2)// 000000007528: BF870122
	v_bfe_u32 v3, v2, 16, 1                                    // 00000000752C: D6100003 02052102
	v_cmp_o_f32_e32 vcc_lo, v2, v2                             // 000000007534: 7C2E0502
	v_add3_u32 v3, v2, v3, 0x7fff                              // 000000007538: D6550003 03FE0702 00007FFF
	s_delay_alu instid0(VALU_DEP_1) | instskip(NEXT) | instid1(VALU_DEP_1)// 000000007544: BF870091
	v_lshrrev_b32_e32 v3, 16, v3                               // 000000007548: 32060690
	v_cndmask_b32_e32 v2, 0x7fff, v3, vcc_lo                   // 00000000754C: 020406FF 00007FFF
	v_add_co_u32 v0, vcc_lo, v182, v0                          // 000000007554: D7006A00 000201B6
	s_delay_alu instid0(VALU_DEP_1)                            // 00000000755C: BF870001
	v_add_co_ci_u32_e64 v1, null, v183, v1, vcc_lo             // 000000007560: D5207C01 01AA03B7
	global_store_b16 v[0:1], v2, off                           // 000000007568: DC660000 007C0200
	s_or_b32 exec_lo, exec_lo, s0                              // 000000007570: 8C7E007E
	v_mov_b32_e32 v1, s19                                      // 000000007574: 7E020213
	v_or_b32_e32 v0, s18, v219                                 // 000000007578: 3801B612
	s_delay_alu instid0(VALU_DEP_1) | instskip(SKIP_1) | instid1(SALU_CYCLE_1)// 00000000757C: BF8704A1
	v_cmp_gt_i64_e32 vcc_lo, 0x80, v[0:1]                      // 000000007580: 7CA800FF 00000080
	s_and_b32 s0, s20, vcc_lo                                  // 000000007588: 8B006A14
	s_and_b32 s1, s0, s21                                      // 00000000758C: 8B011500
	s_delay_alu instid0(SALU_CYCLE_1)                          // 000000007590: BF870009
	s_and_saveexec_b32 s0, s1                                  // 000000007594: BE802001
	s_cbranch_execz 22                                         // 000000007598: BFA50016 <chunk_fwd_kernel_o+0x5df4>
	v_fma_f32 v2, s25, v66, v158                               // 00000000759C: D6130002 067A8419
	v_lshlrev_b64 v[0:1], 1, v[0:1]                            // 0000000075A4: D73C0000 00020081
	s_delay_alu instid0(VALU_DEP_2) | instskip(SKIP_1) | instid1(VALU_DEP_2)// 0000000075AC: BF870122
	v_bfe_u32 v3, v2, 16, 1                                    // 0000000075B0: D6100003 02052102
	v_cmp_o_f32_e32 vcc_lo, v2, v2                             // 0000000075B8: 7C2E0502
	v_add3_u32 v3, v2, v3, 0x7fff                              // 0000000075BC: D6550003 03FE0702 00007FFF
	s_delay_alu instid0(VALU_DEP_1) | instskip(NEXT) | instid1(VALU_DEP_1)// 0000000075C8: BF870091
	v_lshrrev_b32_e32 v3, 16, v3                               // 0000000075CC: 32060690
	v_cndmask_b32_e32 v2, 0x7fff, v3, vcc_lo                   // 0000000075D0: 020406FF 00007FFF
	v_add_co_u32 v0, vcc_lo, v182, v0                          // 0000000075D8: D7006A00 000201B6
	s_delay_alu instid0(VALU_DEP_1)                            // 0000000075E0: BF870001
	v_add_co_ci_u32_e64 v1, null, v183, v1, vcc_lo             // 0000000075E4: D5207C01 01AA03B7
	global_store_b16 v[0:1], v2, off                           // 0000000075EC: DC660000 007C0200
	s_or_b32 exec_lo, exec_lo, s0                              // 0000000075F4: 8C7E007E
	scratch_load_b32 v0, off, off offset:120                   // 0000000075F8: DC510078 007C0000
	v_mov_b32_e32 v1, s19                                      // 000000007600: 7E020213
	s_waitcnt vmcnt(0)                                         // 000000007604: BF8903F7
	v_or_b32_e32 v0, s18, v0                                   // 000000007608: 38000012
	s_delay_alu instid0(VALU_DEP_1) | instskip(SKIP_1) | instid1(SALU_CYCLE_1)// 00000000760C: BF8704A1
	v_cmp_gt_i64_e32 vcc_lo, 0x80, v[0:1]                      // 000000007610: 7CA800FF 00000080
	s_and_b32 s0, s20, vcc_lo                                  // 000000007618: 8B006A14
	s_and_b32 s1, s0, s21                                      // 00000000761C: 8B011500
	s_delay_alu instid0(SALU_CYCLE_1)                          // 000000007620: BF870009
	s_and_saveexec_b32 s0, s1                                  // 000000007624: BE802001
	s_cbranch_execz 21                                         // 000000007628: BFA50015 <chunk_fwd_kernel_o+0x5e80>
	v_fmac_f32_e32 v159, s25, v67                              // 00000000762C: 573E8619
	v_lshlrev_b64 v[0:1], 1, v[0:1]                            // 000000007630: D73C0000 00020081
	s_delay_alu instid0(VALU_DEP_2) | instskip(SKIP_1) | instid1(VALU_DEP_2)// 000000007638: BF870122
	v_bfe_u32 v2, v159, 16, 1                                  // 00000000763C: D6100002 0205219F
	v_cmp_o_f32_e32 vcc_lo, v159, v159                         // 000000007644: 7C2F3F9F
	v_add3_u32 v2, v159, v2, 0x7fff                            // 000000007648: D6550002 03FE059F 00007FFF
	s_delay_alu instid0(VALU_DEP_1) | instskip(NEXT) | instid1(VALU_DEP_1)// 000000007654: BF870091
	v_lshrrev_b32_e32 v2, 16, v2                               // 000000007658: 32040490
	v_cndmask_b32_e32 v2, 0x7fff, v2, vcc_lo                   // 00000000765C: 020404FF 00007FFF
	v_add_co_u32 v0, vcc_lo, v182, v0                          // 000000007664: D7006A00 000201B6
	s_delay_alu instid0(VALU_DEP_1)                            // 00000000766C: BF870001
	v_add_co_ci_u32_e64 v1, null, v183, v1, vcc_lo             // 000000007670: D5207C01 01AA03B7
	global_store_b16 v[0:1], v2, off                           // 000000007678: DC660000 007C0200
	s_or_b32 exec_lo, exec_lo, s0                              // 000000007680: 8C7E007E
	v_mov_b32_e32 v1, s19                                      // 000000007684: 7E020213
	v_or_b32_e32 v0, s18, v228                                 // 000000007688: 3801C812
	s_delay_alu instid0(VALU_DEP_1) | instskip(SKIP_1) | instid1(SALU_CYCLE_1)// 00000000768C: BF8704A1
	v_cmp_gt_i64_e32 vcc_lo, 0x80, v[0:1]                      // 000000007690: 7CA800FF 00000080
	s_and_b32 s0, s20, vcc_lo                                  // 000000007698: 8B006A14
	s_and_b32 s1, s0, s21                                      // 00000000769C: 8B011500
	s_delay_alu instid0(SALU_CYCLE_1)                          // 0000000076A0: BF870009
	s_and_saveexec_b32 s0, s1                                  // 0000000076A4: BE802001
	s_cbranch_execz 22                                         // 0000000076A8: BFA50016 <chunk_fwd_kernel_o+0x5f04>
	v_fma_f32 v2, s25, v68, v152                               // 0000000076AC: D6130002 06628819
	v_lshlrev_b64 v[0:1], 1, v[0:1]                            // 0000000076B4: D73C0000 00020081
	s_delay_alu instid0(VALU_DEP_2) | instskip(SKIP_1) | instid1(VALU_DEP_2)// 0000000076BC: BF870122
	v_bfe_u32 v3, v2, 16, 1                                    // 0000000076C0: D6100003 02052102
	v_cmp_o_f32_e32 vcc_lo, v2, v2                             // 0000000076C8: 7C2E0502
	v_add3_u32 v3, v2, v3, 0x7fff                              // 0000000076CC: D6550003 03FE0702 00007FFF
	s_delay_alu instid0(VALU_DEP_1) | instskip(NEXT) | instid1(VALU_DEP_1)// 0000000076D8: BF870091
	v_lshrrev_b32_e32 v3, 16, v3                               // 0000000076DC: 32060690
	v_cndmask_b32_e32 v2, 0x7fff, v3, vcc_lo                   // 0000000076E0: 020406FF 00007FFF
	v_add_co_u32 v0, vcc_lo, v182, v0                          // 0000000076E8: D7006A00 000201B6
	s_delay_alu instid0(VALU_DEP_1)                            // 0000000076F0: BF870001
	v_add_co_ci_u32_e64 v1, null, v183, v1, vcc_lo             // 0000000076F4: D5207C01 01AA03B7
	global_store_b16 v[0:1], v2, off                           // 0000000076FC: DC660000 007C0200
	s_or_b32 exec_lo, exec_lo, s0                              // 000000007704: 8C7E007E
	scratch_load_b32 v0, off, off offset:160                   // 000000007708: DC5100A0 007C0000
	v_mov_b32_e32 v1, s19                                      // 000000007710: 7E020213
	s_waitcnt vmcnt(0)                                         // 000000007714: BF8903F7
	v_or_b32_e32 v0, s18, v0                                   // 000000007718: 38000012
	s_delay_alu instid0(VALU_DEP_1) | instskip(SKIP_1) | instid1(SALU_CYCLE_1)// 00000000771C: BF8704A1
	v_cmp_gt_i64_e32 vcc_lo, 0x80, v[0:1]                      // 000000007720: 7CA800FF 00000080
	s_and_b32 s0, s20, vcc_lo                                  // 000000007728: 8B006A14
	s_and_b32 s1, s0, s21                                      // 00000000772C: 8B011500
	s_delay_alu instid0(SALU_CYCLE_1)                          // 000000007730: BF870009
	s_and_saveexec_b32 s0, s1                                  // 000000007734: BE802001
	s_cbranch_execz 22                                         // 000000007738: BFA50016 <chunk_fwd_kernel_o+0x5f94>
	v_fma_f32 v2, s25, v69, v153                               // 00000000773C: D6130002 06668A19
	v_lshlrev_b64 v[0:1], 1, v[0:1]                            // 000000007744: D73C0000 00020081
	s_delay_alu instid0(VALU_DEP_2) | instskip(SKIP_1) | instid1(VALU_DEP_2)// 00000000774C: BF870122
	v_bfe_u32 v3, v2, 16, 1                                    // 000000007750: D6100003 02052102
	v_cmp_o_f32_e32 vcc_lo, v2, v2                             // 000000007758: 7C2E0502
	v_add3_u32 v3, v2, v3, 0x7fff                              // 00000000775C: D6550003 03FE0702 00007FFF
	s_delay_alu instid0(VALU_DEP_1) | instskip(NEXT) | instid1(VALU_DEP_1)// 000000007768: BF870091
	v_lshrrev_b32_e32 v3, 16, v3                               // 00000000776C: 32060690
	v_cndmask_b32_e32 v2, 0x7fff, v3, vcc_lo                   // 000000007770: 020406FF 00007FFF
	v_add_co_u32 v0, vcc_lo, v182, v0                          // 000000007778: D7006A00 000201B6
	s_delay_alu instid0(VALU_DEP_1)                            // 000000007780: BF870001
	v_add_co_ci_u32_e64 v1, null, v183, v1, vcc_lo             // 000000007784: D5207C01 01AA03B7
	global_store_b16 v[0:1], v2, off                           // 00000000778C: DC660000 007C0200
	s_or_b32 exec_lo, exec_lo, s0                              // 000000007794: 8C7E007E
	v_mov_b32_e32 v1, s19                                      // 000000007798: 7E020213
	v_or_b32_e32 v0, s18, v186                                 // 00000000779C: 38017412
	s_delay_alu instid0(VALU_DEP_1) | instskip(SKIP_1) | instid1(SALU_CYCLE_1)// 0000000077A0: BF8704A1
	v_cmp_gt_i64_e32 vcc_lo, 0x80, v[0:1]                      // 0000000077A4: 7CA800FF 00000080
	s_and_b32 s0, s20, vcc_lo                                  // 0000000077AC: 8B006A14
	s_and_b32 s1, s0, s21                                      // 0000000077B0: 8B011500
	s_delay_alu instid0(SALU_CYCLE_1)                          // 0000000077B4: BF870009
	s_and_saveexec_b32 s0, s1                                  // 0000000077B8: BE802001
	s_cbranch_execz 22                                         // 0000000077BC: BFA50016 <chunk_fwd_kernel_o+0x6018>
	v_fma_f32 v2, s25, v70, v154                               // 0000000077C0: D6130002 066A8C19
	v_lshlrev_b64 v[0:1], 1, v[0:1]                            // 0000000077C8: D73C0000 00020081
	s_delay_alu instid0(VALU_DEP_2) | instskip(SKIP_1) | instid1(VALU_DEP_2)// 0000000077D0: BF870122
	v_bfe_u32 v3, v2, 16, 1                                    // 0000000077D4: D6100003 02052102
	v_cmp_o_f32_e32 vcc_lo, v2, v2                             // 0000000077DC: 7C2E0502
	v_add3_u32 v3, v2, v3, 0x7fff                              // 0000000077E0: D6550003 03FE0702 00007FFF
	s_delay_alu instid0(VALU_DEP_1) | instskip(NEXT) | instid1(VALU_DEP_1)// 0000000077EC: BF870091
	v_lshrrev_b32_e32 v3, 16, v3                               // 0000000077F0: 32060690
	v_cndmask_b32_e32 v2, 0x7fff, v3, vcc_lo                   // 0000000077F4: 020406FF 00007FFF
	v_add_co_u32 v0, vcc_lo, v182, v0                          // 0000000077FC: D7006A00 000201B6
	s_delay_alu instid0(VALU_DEP_1)                            // 000000007804: BF870001
	v_add_co_ci_u32_e64 v1, null, v183, v1, vcc_lo             // 000000007808: D5207C01 01AA03B7
	global_store_b16 v[0:1], v2, off                           // 000000007810: DC660000 007C0200
	s_or_b32 exec_lo, exec_lo, s0                              // 000000007818: 8C7E007E
	v_mov_b32_e32 v1, s19                                      // 00000000781C: 7E020213
	v_or_b32_e32 v0, s18, v185                                 // 000000007820: 38017212
	s_delay_alu instid0(VALU_DEP_1) | instskip(SKIP_1) | instid1(SALU_CYCLE_1)// 000000007824: BF8704A1
	v_cmp_gt_i64_e32 vcc_lo, 0x80, v[0:1]                      // 000000007828: 7CA800FF 00000080
	s_and_b32 s0, s20, vcc_lo                                  // 000000007830: 8B006A14
	s_and_b32 s0, s0, s21                                      // 000000007834: 8B001500
	s_delay_alu instid0(SALU_CYCLE_1)                          // 000000007838: BF870009
	s_and_saveexec_b32 s1, s0                                  // 00000000783C: BE812000
	s_cbranch_execz 21                                         // 000000007840: BFA50015 <chunk_fwd_kernel_o+0x6098>
	v_fmac_f32_e32 v155, s25, v71                              // 000000007844: 57368E19
	v_lshlrev_b64 v[0:1], 1, v[0:1]                            // 000000007848: D73C0000 00020081
	s_delay_alu instid0(VALU_DEP_2) | instskip(SKIP_1) | instid1(VALU_DEP_2)// 000000007850: BF870122
	v_bfe_u32 v2, v155, 16, 1                                  // 000000007854: D6100002 0205219B
	v_cmp_o_f32_e32 vcc_lo, v155, v155                         // 00000000785C: 7C2F379B
	v_add3_u32 v2, v155, v2, 0x7fff                            // 000000007860: D6550002 03FE059B 00007FFF
	s_delay_alu instid0(VALU_DEP_1) | instskip(NEXT) | instid1(VALU_DEP_1)// 00000000786C: BF870091
	v_lshrrev_b32_e32 v2, 16, v2                               // 000000007870: 32040490
	v_cndmask_b32_e32 v2, 0x7fff, v2, vcc_lo                   // 000000007874: 020404FF 00007FFF
	v_add_co_u32 v0, vcc_lo, v182, v0                          // 00000000787C: D7006A00 000201B6
	s_delay_alu instid0(VALU_DEP_1)                            // 000000007884: BF870001
	v_add_co_ci_u32_e64 v1, null, v183, v1, vcc_lo             // 000000007888: D5207C01 01AA03B7
	global_store_b16 v[0:1], v2, off                           // 000000007890: DC660000 007C0200
	s_nop 0                                                    // 000000007898: BF800000
	s_sendmsg sendmsg(MSG_DEALLOC_VGPRS)                       // 00000000789C: BFB60003
	s_endpgm                                                   // 0000000078A0: BFB00000
	s_code_end                                                 // 0000000078A4: BF9F0000
	s_code_end                                                 // 0000000078A8: BF9F0000
	s_code_end                                                 // 0000000078AC: BF9F0000
	s_code_end                                                 // 0000000078B0: BF9F0000
	s_code_end                                                 // 0000000078B4: BF9F0000
	s_code_end                                                 // 0000000078B8: BF9F0000
	s_code_end                                                 // 0000000078BC: BF9F0000
	s_code_end                                                 // 0000000078C0: BF9F0000
	s_code_end                                                 // 0000000078C4: BF9F0000
	s_code_end                                                 // 0000000078C8: BF9F0000
	s_code_end                                                 // 0000000078CC: BF9F0000
	s_code_end                                                 // 0000000078D0: BF9F0000
	s_code_end                                                 // 0000000078D4: BF9F0000
	s_code_end                                                 // 0000000078D8: BF9F0000
	s_code_end                                                 // 0000000078DC: BF9F0000
	s_code_end                                                 // 0000000078E0: BF9F0000
	s_code_end                                                 // 0000000078E4: BF9F0000
	s_code_end                                                 // 0000000078E8: BF9F0000
	s_code_end                                                 // 0000000078EC: BF9F0000
	s_code_end                                                 // 0000000078F0: BF9F0000
	s_code_end                                                 // 0000000078F4: BF9F0000
	s_code_end                                                 // 0000000078F8: BF9F0000
	s_code_end                                                 // 0000000078FC: BF9F0000
	s_code_end                                                 // 000000007900: BF9F0000
	s_code_end                                                 // 000000007904: BF9F0000
	s_code_end                                                 // 000000007908: BF9F0000
	s_code_end                                                 // 00000000790C: BF9F0000
	s_code_end                                                 // 000000007910: BF9F0000
	s_code_end                                                 // 000000007914: BF9F0000
	s_code_end                                                 // 000000007918: BF9F0000
	s_code_end                                                 // 00000000791C: BF9F0000
	s_code_end                                                 // 000000007920: BF9F0000
	s_code_end                                                 // 000000007924: BF9F0000
	s_code_end                                                 // 000000007928: BF9F0000
	s_code_end                                                 // 00000000792C: BF9F0000
	s_code_end                                                 // 000000007930: BF9F0000
	s_code_end                                                 // 000000007934: BF9F0000
	s_code_end                                                 // 000000007938: BF9F0000
	s_code_end                                                 // 00000000793C: BF9F0000
	s_code_end                                                 // 000000007940: BF9F0000
	s_code_end                                                 // 000000007944: BF9F0000
	s_code_end                                                 // 000000007948: BF9F0000
	s_code_end                                                 // 00000000794C: BF9F0000
	s_code_end                                                 // 000000007950: BF9F0000
	s_code_end                                                 // 000000007954: BF9F0000
	s_code_end                                                 // 000000007958: BF9F0000
	s_code_end                                                 // 00000000795C: BF9F0000
	s_code_end                                                 // 000000007960: BF9F0000
	s_code_end                                                 // 000000007964: BF9F0000
	s_code_end                                                 // 000000007968: BF9F0000
	s_code_end                                                 // 00000000796C: BF9F0000
	s_code_end                                                 // 000000007970: BF9F0000
	s_code_end                                                 // 000000007974: BF9F0000
	s_code_end                                                 // 000000007978: BF9F0000
	s_code_end                                                 // 00000000797C: BF9F0000
	s_code_end                                                 // 000000007980: BF9F0000
	s_code_end                                                 // 000000007984: BF9F0000
	s_code_end                                                 // 000000007988: BF9F0000
	s_code_end                                                 // 00000000798C: BF9F0000
	s_code_end                                                 // 000000007990: BF9F0000
	s_code_end                                                 // 000000007994: BF9F0000
	s_code_end                                                 // 000000007998: BF9F0000
	s_code_end                                                 // 00000000799C: BF9F0000
	s_code_end                                                 // 0000000079A0: BF9F0000
	s_code_end                                                 // 0000000079A4: BF9F0000
	s_code_end                                                 // 0000000079A8: BF9F0000
	s_code_end                                                 // 0000000079AC: BF9F0000
	s_code_end                                                 // 0000000079B0: BF9F0000
	s_code_end                                                 // 0000000079B4: BF9F0000
	s_code_end                                                 // 0000000079B8: BF9F0000
	s_code_end                                                 // 0000000079BC: BF9F0000
	s_code_end                                                 // 0000000079C0: BF9F0000
	s_code_end                                                 // 0000000079C4: BF9F0000
	s_code_end                                                 // 0000000079C8: BF9F0000
	s_code_end                                                 // 0000000079CC: BF9F0000
	s_code_end                                                 // 0000000079D0: BF9F0000
	s_code_end                                                 // 0000000079D4: BF9F0000
	s_code_end                                                 // 0000000079D8: BF9F0000
	s_code_end                                                 // 0000000079DC: BF9F0000
	s_code_end                                                 // 0000000079E0: BF9F0000
	s_code_end                                                 // 0000000079E4: BF9F0000
	s_code_end                                                 // 0000000079E8: BF9F0000
	s_code_end                                                 // 0000000079EC: BF9F0000
	s_code_end                                                 // 0000000079F0: BF9F0000
	s_code_end                                                 // 0000000079F4: BF9F0000
	s_code_end                                                 // 0000000079F8: BF9F0000
	s_code_end                                                 // 0000000079FC: BF9F0000
	s_code_end                                                 // 000000007A00: BF9F0000
	s_code_end                                                 // 000000007A04: BF9F0000
	s_code_end                                                 // 000000007A08: BF9F0000
	s_code_end                                                 // 000000007A0C: BF9F0000
	s_code_end                                                 // 000000007A10: BF9F0000
	s_code_end                                                 // 000000007A14: BF9F0000
	s_code_end                                                 // 000000007A18: BF9F0000
	s_code_end                                                 // 000000007A1C: BF9F0000
	s_code_end                                                 // 000000007A20: BF9F0000
	s_code_end                                                 // 000000007A24: BF9F0000
	s_code_end                                                 // 000000007A28: BF9F0000
	s_code_end                                                 // 000000007A2C: BF9F0000
	s_code_end                                                 // 000000007A30: BF9F0000
	s_code_end                                                 // 000000007A34: BF9F0000
	s_code_end                                                 // 000000007A38: BF9F0000
	s_code_end                                                 // 000000007A3C: BF9F0000
	s_code_end                                                 // 000000007A40: BF9F0000
	s_code_end                                                 // 000000007A44: BF9F0000
	s_code_end                                                 // 000000007A48: BF9F0000
	s_code_end                                                 // 000000007A4C: BF9F0000
	s_code_end                                                 // 000000007A50: BF9F0000
	s_code_end                                                 // 000000007A54: BF9F0000
	s_code_end                                                 // 000000007A58: BF9F0000
	s_code_end                                                 // 000000007A5C: BF9F0000
	s_code_end                                                 // 000000007A60: BF9F0000
	s_code_end                                                 // 000000007A64: BF9F0000
	s_code_end                                                 // 000000007A68: BF9F0000
	s_code_end                                                 // 000000007A6C: BF9F0000
	s_code_end                                                 // 000000007A70: BF9F0000
	s_code_end                                                 // 000000007A74: BF9F0000
	s_code_end                                                 // 000000007A78: BF9F0000
	s_code_end                                                 // 000000007A7C: BF9F0000
