
/root/netra-mxfp4-gfx1151/build/experiments/attention-lowvgpr/extend_attention_wmma_n64_gfx1151.hsaco:	file format elf64-amdgpu

Disassembly of section .text:

0000000000001900 <extend_attention_wmma_n64_gfx1151>:
	s_clause 0x3                                               // 000000001900: BF850003
	s_load_b128 s[4:7], s[0:1], null                           // 000000001904: F4080100 F8000000
	s_load_b128 s[8:11], s[0:1], 0x10                          // 00000000190C: F4080200 F8000010
	s_load_b128 s[12:15], s[0:1], 0x20                         // 000000001914: F4080300 F8000020
	s_load_b128 s[16:19], s[0:1], 0x30                         // 00000000191C: F4080400 F8000030
	s_load_b64 s[20:21], s[0:1], 0x40                          // 000000001924: F4040500 F8000040
	s_waitcnt lgkmcnt(0)                                       // 00000000192C: BF89FC07
	s_load_b32 s22, s[18:19], 0x4                              // 000000001930: F4000589 F8000004
	s_waitcnt lgkmcnt(0)                                       // 000000001938: BF89FC07
	s_mov_b32 s18, s20                                         // 00000000193C: BE920014
	s_mov_b32 s19, s22                                         // 000000001940: BE930016
	s_mov_b32 s20, s21                                         // 000000001944: BE940015
	s_lshl_b32 s21, s2, 6                                      // 000000001948: 84158602
	s_cmp_ge_u32 s21, s18                                      // 00000000194C: BF091215
	s_cbranch_scc1 9472                                        // 000000001950: BFA22500 <extend_attention_wmma_n64_gfx1151+0x9454>
	s_lshr_b32 s23, s3, 1                                      // 000000001954: 85178103
	s_lshl_b32 s25, s23, 9                                     // 000000001958: 84198917
	s_add_u32 s26, s21, 64                                     // 00000000195C: 801AC015
	s_min_u32 s26, s26, s18                                    // 000000001960: 899A121A
	s_add_u32 s27, s19, s26                                    // 000000001964: 801B1A13
	s_mov_b32 s28, 0                                           // 000000001968: BE9C0080
	v_and_b32_e32 v1, 31, v0                                   // 00000000196C: 3602009F
	v_lshrrev_b32_e32 v2, 5, v0                                // 000000001970: 32040085
	v_and_b32_e32 v3, 15, v0                                   // 000000001974: 3606008F
	v_lshrrev_b32_e32 v4, 4, v0                                // 000000001978: 32080084
	v_and_b32_e32 v4, 1, v4                                    // 00000000197C: 36080881
	v_readfirstlane_b32 s43, v2                                // 000000001980: 7E560502
	s_lshr_b32 s43, s43, 2                                     // 000000001984: 852B822B
	v_and_b32_e32 v2, 3, v2                                    // 000000001988: 36040483
	v_readfirstlane_b32 s29, v2                                // 00000000198C: 7E3A0502
	s_lshl_b32 s24, s3, 2                                      // 000000001990: 84188203
	s_add_u32 s24, s24, s43                                    // 000000001994: 80182B18
	s_lshl_b32 s24, s24, 9                                     // 000000001998: 84188918
	v_lshlrev_b32_e32 v229, 4, v1                              // 00000000199C: 31CA0284
	v_lshlrev_b32_e32 v231, 4, v2                              // 0000000019A0: 31CE0484
	v_add_nc_u32_e32 v231, s21, v231                           // 0000000019A4: 4BCFCE15
	v_add_nc_u32_e32 v231, v231, v3                            // 0000000019A8: 4BCE07E7
	v_lshlrev_b32_e32 v240, 13, v231                           // 0000000019AC: 31E1CE8D
	v_add_nc_u32_e32 v240, s24, v240                           // 0000000019B0: 4BE1E018
	v_lshl_add_u32 v240, v4, 4, v240                           // 0000000019B4: D64600F0 07C10904
	v_mov_b32_e32 v231, s43                                    // 0000000019BC: 7FCE022B
	v_lshlrev_b32_e32 v231, 13, v231                           // 0000000019C0: 31CFCE8D
	v_lshl_add_u32 v231, v2, 11, v231                          // 0000000019C4: D64600E7 079D1702
	v_lshl_add_u32 v232, v4, 7, v231                           // 0000000019CC: D64600E8 079D0F04
	v_lshl_add_u32 v232, v3, 1, v232                           // 0000000019D4: D64600E8 07A10303
	v_lshl_add_u32 v233, v3, 7, v231                           // 0000000019DC: D64600E9 079D0F03
	v_lshlrev_b32_e32 v229, 4, v1                              // 0000000019E4: 31CA0284
	v_lshl_add_u32 v233, v4, 4, v233                           // 0000000019E8: D64600E9 07A50904
	v_lshlrev_b32_e32 v6, 4, v2                                // 0000000019F0: 300C0484
	v_add_nc_u32_e32 v6, s21, v6                               // 0000000019F4: 4A0C0C15
	v_add_nc_u32_e32 v6, v6, v4                                // 0000000019F8: 4A0C0906
	v_mov_b32_e32 v32, 0xff800000                              // 0000000019FC: 7E4002FF FF800000
	v_mov_b32_e32 v33, v32                                     // 000000001A04: 7E420320
	v_mov_b32_e32 v34, v32                                     // 000000001A08: 7E440320
	v_mov_b32_e32 v35, v32                                     // 000000001A0C: 7E460320
	v_mov_b32_e32 v36, v32                                     // 000000001A10: 7E480320
	v_mov_b32_e32 v37, v32                                     // 000000001A14: 7E4A0320
	v_mov_b32_e32 v38, v32                                     // 000000001A18: 7E4C0320
	v_mov_b32_e32 v39, v32                                     // 000000001A1C: 7E4E0320
	v_dual_mov_b32 v40, 0 :: v_dual_mov_b32 v41, 0             // 000000001A20: CA100080 28280080
	v_dual_mov_b32 v42, 0 :: v_dual_mov_b32 v43, 0             // 000000001A28: CA100080 2A2A0080
	v_dual_mov_b32 v44, 0 :: v_dual_mov_b32 v45, 0             // 000000001A30: CA100080 2C2C0080
	v_dual_mov_b32 v46, 0 :: v_dual_mov_b32 v47, 0             // 000000001A38: CA100080 2E2E0080
	v_dual_mov_b32 v64, 0 :: v_dual_mov_b32 v65, 0             // 000000001A40: CA100080 40400080
	v_dual_mov_b32 v66, 0 :: v_dual_mov_b32 v67, 0             // 000000001A48: CA100080 42420080
	v_dual_mov_b32 v68, 0 :: v_dual_mov_b32 v69, 0             // 000000001A50: CA100080 44440080
	v_dual_mov_b32 v70, 0 :: v_dual_mov_b32 v71, 0             // 000000001A58: CA100080 46460080
	v_dual_mov_b32 v72, 0 :: v_dual_mov_b32 v73, 0             // 000000001A60: CA100080 48480080
	v_dual_mov_b32 v74, 0 :: v_dual_mov_b32 v75, 0             // 000000001A68: CA100080 4A4A0080
	v_dual_mov_b32 v76, 0 :: v_dual_mov_b32 v77, 0             // 000000001A70: CA100080 4C4C0080
	v_dual_mov_b32 v78, 0 :: v_dual_mov_b32 v79, 0             // 000000001A78: CA100080 4E4E0080
	v_dual_mov_b32 v80, 0 :: v_dual_mov_b32 v81, 0             // 000000001A80: CA100080 50500080
	v_dual_mov_b32 v82, 0 :: v_dual_mov_b32 v83, 0             // 000000001A88: CA100080 52520080
	v_dual_mov_b32 v84, 0 :: v_dual_mov_b32 v85, 0             // 000000001A90: CA100080 54540080
	v_dual_mov_b32 v86, 0 :: v_dual_mov_b32 v87, 0             // 000000001A98: CA100080 56560080
	v_dual_mov_b32 v88, 0 :: v_dual_mov_b32 v89, 0             // 000000001AA0: CA100080 58580080
	v_dual_mov_b32 v90, 0 :: v_dual_mov_b32 v91, 0             // 000000001AA8: CA100080 5A5A0080
	v_dual_mov_b32 v92, 0 :: v_dual_mov_b32 v93, 0             // 000000001AB0: CA100080 5C5C0080
	v_dual_mov_b32 v94, 0 :: v_dual_mov_b32 v95, 0             // 000000001AB8: CA100080 5E5E0080
	v_dual_mov_b32 v96, 0 :: v_dual_mov_b32 v97, 0             // 000000001AC0: CA100080 60600080
	v_dual_mov_b32 v98, 0 :: v_dual_mov_b32 v99, 0             // 000000001AC8: CA100080 62620080
	v_dual_mov_b32 v100, 0 :: v_dual_mov_b32 v101, 0           // 000000001AD0: CA100080 64640080
	v_dual_mov_b32 v102, 0 :: v_dual_mov_b32 v103, 0           // 000000001AD8: CA100080 66660080
	v_dual_mov_b32 v104, 0 :: v_dual_mov_b32 v105, 0           // 000000001AE0: CA100080 68680080
	v_dual_mov_b32 v106, 0 :: v_dual_mov_b32 v107, 0           // 000000001AE8: CA100080 6A6A0080
	v_dual_mov_b32 v108, 0 :: v_dual_mov_b32 v109, 0           // 000000001AF0: CA100080 6C6C0080
	v_dual_mov_b32 v110, 0 :: v_dual_mov_b32 v111, 0           // 000000001AF8: CA100080 6E6E0080
	v_dual_mov_b32 v112, 0 :: v_dual_mov_b32 v113, 0           // 000000001B00: CA100080 70700080
	v_dual_mov_b32 v114, 0 :: v_dual_mov_b32 v115, 0           // 000000001B08: CA100080 72720080
	v_dual_mov_b32 v116, 0 :: v_dual_mov_b32 v117, 0           // 000000001B10: CA100080 74740080
	v_dual_mov_b32 v118, 0 :: v_dual_mov_b32 v119, 0           // 000000001B18: CA100080 76760080
	v_dual_mov_b32 v120, 0 :: v_dual_mov_b32 v121, 0           // 000000001B20: CA100080 78780080
	v_dual_mov_b32 v122, 0 :: v_dual_mov_b32 v123, 0           // 000000001B28: CA100080 7A7A0080
	v_dual_mov_b32 v124, 0 :: v_dual_mov_b32 v125, 0           // 000000001B30: CA100080 7C7C0080
	v_dual_mov_b32 v126, 0 :: v_dual_mov_b32 v127, 0           // 000000001B38: CA100080 7E7E0080
	v_dual_mov_b32 v128, 0 :: v_dual_mov_b32 v129, 0           // 000000001B40: CA100080 80800080
	v_dual_mov_b32 v130, 0 :: v_dual_mov_b32 v131, 0           // 000000001B48: CA100080 82820080
	v_dual_mov_b32 v132, 0 :: v_dual_mov_b32 v133, 0           // 000000001B50: CA100080 84840080
	v_dual_mov_b32 v134, 0 :: v_dual_mov_b32 v135, 0           // 000000001B58: CA100080 86860080
	v_dual_mov_b32 v136, 0 :: v_dual_mov_b32 v137, 0           // 000000001B60: CA100080 88880080
	v_dual_mov_b32 v138, 0 :: v_dual_mov_b32 v139, 0           // 000000001B68: CA100080 8A8A0080
	v_dual_mov_b32 v140, 0 :: v_dual_mov_b32 v141, 0           // 000000001B70: CA100080 8C8C0080
	v_dual_mov_b32 v142, 0 :: v_dual_mov_b32 v143, 0           // 000000001B78: CA100080 8E8E0080
	v_dual_mov_b32 v144, 0 :: v_dual_mov_b32 v145, 0           // 000000001B80: CA100080 90900080
	v_dual_mov_b32 v146, 0 :: v_dual_mov_b32 v147, 0           // 000000001B88: CA100080 92920080
	v_dual_mov_b32 v148, 0 :: v_dual_mov_b32 v149, 0           // 000000001B90: CA100080 94940080
	v_dual_mov_b32 v150, 0 :: v_dual_mov_b32 v151, 0           // 000000001B98: CA100080 96960080
	v_dual_mov_b32 v152, 0 :: v_dual_mov_b32 v153, 0           // 000000001BA0: CA100080 98980080
	v_dual_mov_b32 v154, 0 :: v_dual_mov_b32 v155, 0           // 000000001BA8: CA100080 9A9A0080
	v_dual_mov_b32 v156, 0 :: v_dual_mov_b32 v157, 0           // 000000001BB0: CA100080 9C9C0080
	v_dual_mov_b32 v158, 0 :: v_dual_mov_b32 v159, 0           // 000000001BB8: CA100080 9E9E0080
	v_dual_mov_b32 v160, 0 :: v_dual_mov_b32 v161, 0           // 000000001BC0: CA100080 A0A00080
	v_dual_mov_b32 v162, 0 :: v_dual_mov_b32 v163, 0           // 000000001BC8: CA100080 A2A20080
	v_dual_mov_b32 v164, 0 :: v_dual_mov_b32 v165, 0           // 000000001BD0: CA100080 A4A40080
	v_dual_mov_b32 v166, 0 :: v_dual_mov_b32 v167, 0           // 000000001BD8: CA100080 A6A60080
	v_dual_mov_b32 v168, 0 :: v_dual_mov_b32 v169, 0           // 000000001BE0: CA100080 A8A80080
	v_dual_mov_b32 v170, 0 :: v_dual_mov_b32 v171, 0           // 000000001BE8: CA100080 AAAA0080
	v_dual_mov_b32 v172, 0 :: v_dual_mov_b32 v173, 0           // 000000001BF0: CA100080 ACAC0080
	v_dual_mov_b32 v174, 0 :: v_dual_mov_b32 v175, 0           // 000000001BF8: CA100080 AEAE0080
	v_dual_mov_b32 v176, 0 :: v_dual_mov_b32 v177, 0           // 000000001C00: CA100080 B0B00080
	v_dual_mov_b32 v178, 0 :: v_dual_mov_b32 v179, 0           // 000000001C08: CA100080 B2B20080
	v_dual_mov_b32 v180, 0 :: v_dual_mov_b32 v181, 0           // 000000001C10: CA100080 B4B40080
	v_dual_mov_b32 v182, 0 :: v_dual_mov_b32 v183, 0           // 000000001C18: CA100080 B6B60080
	v_dual_mov_b32 v184, 0 :: v_dual_mov_b32 v185, 0           // 000000001C20: CA100080 B8B80080
	v_dual_mov_b32 v186, 0 :: v_dual_mov_b32 v187, 0           // 000000001C28: CA100080 BABA0080
	v_dual_mov_b32 v188, 0 :: v_dual_mov_b32 v189, 0           // 000000001C30: CA100080 BCBC0080
	v_dual_mov_b32 v190, 0 :: v_dual_mov_b32 v191, 0           // 000000001C38: CA100080 BEBE0080
	s_barrier                                                  // 000000001C40: BFBD0000
	s_cmp_eq_u32 s43, 0                                        // 000000001C44: BF06802B
	s_cbranch_scc0 633                                         // 000000001C48: BFA10279 <extend_attention_wmma_n64_gfx1151+0xd30>
	s_cmp_lt_u32 s28, s19                                      // 000000001C4C: BF0A131C
	s_cbranch_scc0 310                                         // 000000001C50: BFA10136 <extend_attention_wmma_n64_gfx1151+0x82c>
	s_add_u32 s30, s28, s29                                    // 000000001C54: 801E1D1C
	s_add_u32 s30, s30, 0                                      // 000000001C58: 801E801E
	s_lshl_b32 s30, s30, 3                                     // 000000001C5C: 841E831E
	s_load_b64 s[44:45], s[16:17], s30                         // 000000001C60: F4040B08 3C000000
	s_load_b64 s[46:47], s[16:17], s30 offset:0x20             // 000000001C68: F4040B88 3C000020
	s_load_b64 s[48:49], s[16:17], s30 offset:0x40             // 000000001C70: F4040C08 3C000040
	s_load_b64 s[50:51], s[16:17], s30 offset:0x60             // 000000001C78: F4040C88 3C000060
	s_load_b64 s[52:53], s[16:17], s30 offset:0x80             // 000000001C80: F4040D08 3C000080
	s_load_b64 s[54:55], s[16:17], s30 offset:0xa0             // 000000001C88: F4040D88 3C0000A0
	s_load_b64 s[56:57], s[16:17], s30 offset:0xc0             // 000000001C90: F4040E08 3C0000C0
	s_load_b64 s[58:59], s[16:17], s30 offset:0xe0             // 000000001C98: F4040E88 3C0000E0
	s_load_b64 s[60:61], s[16:17], s30 offset:0x100            // 000000001CA0: F4040F08 3C000100
	s_load_b64 s[62:63], s[16:17], s30 offset:0x120            // 000000001CA8: F4040F88 3C000120
	s_load_b64 s[64:65], s[16:17], s30 offset:0x140            // 000000001CB0: F4041008 3C000140
	s_load_b64 s[66:67], s[16:17], s30 offset:0x160            // 000000001CB8: F4041088 3C000160
	s_load_b64 s[68:69], s[16:17], s30 offset:0x180            // 000000001CC0: F4041108 3C000180
	s_load_b64 s[70:71], s[16:17], s30 offset:0x1a0            // 000000001CC8: F4041188 3C0001A0
	s_load_b64 s[72:73], s[16:17], s30 offset:0x1c0            // 000000001CD0: F4041208 3C0001C0
	s_load_b64 s[74:75], s[16:17], s30 offset:0x1e0            // 000000001CD8: F4041288 3C0001E0
	s_waitcnt lgkmcnt(0)                                       // 000000001CE0: BF89FC07
	s_lshl_b32 s38, s44, 10                                    // 000000001CE4: 84268A2C
	s_add_u32 s38, s38, s25                                    // 000000001CE8: 80261926
	s_add_u32 s32, s12, s38                                    // 000000001CEC: 8020260C
	s_addc_u32 s33, s13, 0                                     // 000000001CF0: 8221800D
	global_load_b128 v[8:11], v229, s[32:33]                   // 000000001CF4: DC5E0000 082000E5
	s_lshl_b32 s38, s46, 10                                    // 000000001CFC: 84268A2E
	s_add_u32 s38, s38, s25                                    // 000000001D00: 80261926
	s_add_u32 s32, s12, s38                                    // 000000001D04: 8020260C
	s_addc_u32 s33, s13, 0                                     // 000000001D08: 8221800D
	global_load_b128 v[12:15], v229, s[32:33]                  // 000000001D0C: DC5E0000 0C2000E5
	s_lshl_b32 s38, s48, 10                                    // 000000001D14: 84268A30
	s_add_u32 s38, s38, s25                                    // 000000001D18: 80261926
	s_add_u32 s32, s12, s38                                    // 000000001D1C: 8020260C
	s_addc_u32 s33, s13, 0                                     // 000000001D20: 8221800D
	global_load_b128 v[16:19], v229, s[32:33]                  // 000000001D24: DC5E0000 102000E5
	s_lshl_b32 s38, s50, 10                                    // 000000001D2C: 84268A32
	s_add_u32 s38, s38, s25                                    // 000000001D30: 80261926
	s_add_u32 s32, s12, s38                                    // 000000001D34: 8020260C
	s_addc_u32 s33, s13, 0                                     // 000000001D38: 8221800D
	global_load_b128 v[20:23], v229, s[32:33]                  // 000000001D3C: DC5E0000 142000E5
	s_lshl_b32 s38, s52, 10                                    // 000000001D44: 84268A34
	s_add_u32 s38, s38, s25                                    // 000000001D48: 80261926
	s_add_u32 s32, s12, s38                                    // 000000001D4C: 8020260C
	s_addc_u32 s33, s13, 0                                     // 000000001D50: 8221800D
	global_load_b128 v[192:195], v229, s[32:33]                // 000000001D54: DC5E0000 C02000E5
	s_lshl_b32 s38, s54, 10                                    // 000000001D5C: 84268A36
	s_add_u32 s38, s38, s25                                    // 000000001D60: 80261926
	s_add_u32 s32, s12, s38                                    // 000000001D64: 8020260C
	s_addc_u32 s33, s13, 0                                     // 000000001D68: 8221800D
	global_load_b128 v[196:199], v229, s[32:33]                // 000000001D6C: DC5E0000 C42000E5
	s_lshl_b32 s38, s56, 10                                    // 000000001D74: 84268A38
	s_add_u32 s38, s38, s25                                    // 000000001D78: 80261926
	s_add_u32 s32, s12, s38                                    // 000000001D7C: 8020260C
	s_addc_u32 s33, s13, 0                                     // 000000001D80: 8221800D
	global_load_b128 v[200:203], v229, s[32:33]                // 000000001D84: DC5E0000 C82000E5
	s_lshl_b32 s38, s58, 10                                    // 000000001D8C: 84268A3A
	s_add_u32 s38, s38, s25                                    // 000000001D90: 80261926
	s_add_u32 s32, s12, s38                                    // 000000001D94: 8020260C
	s_addc_u32 s33, s13, 0                                     // 000000001D98: 8221800D
	global_load_b128 v[204:207], v229, s[32:33]                // 000000001D9C: DC5E0000 CC2000E5
	s_lshl_b32 s38, s60, 10                                    // 000000001DA4: 84268A3C
	s_add_u32 s38, s38, s25                                    // 000000001DA8: 80261926
	s_add_u32 s32, s12, s38                                    // 000000001DAC: 8020260C
	s_addc_u32 s33, s13, 0                                     // 000000001DB0: 8221800D
	global_load_b128 v[208:211], v229, s[32:33]                // 000000001DB4: DC5E0000 D02000E5
	s_lshl_b32 s38, s62, 10                                    // 000000001DBC: 84268A3E
	s_add_u32 s38, s38, s25                                    // 000000001DC0: 80261926
	s_add_u32 s32, s12, s38                                    // 000000001DC4: 8020260C
	s_addc_u32 s33, s13, 0                                     // 000000001DC8: 8221800D
	global_load_b128 v[212:215], v229, s[32:33]                // 000000001DCC: DC5E0000 D42000E5
	s_lshl_b32 s38, s64, 10                                    // 000000001DD4: 84268A40
	s_add_u32 s38, s38, s25                                    // 000000001DD8: 80261926
	s_add_u32 s32, s12, s38                                    // 000000001DDC: 8020260C
	s_addc_u32 s33, s13, 0                                     // 000000001DE0: 8221800D
	global_load_b128 v[216:219], v229, s[32:33]                // 000000001DE4: DC5E0000 D82000E5
	s_lshl_b32 s38, s66, 10                                    // 000000001DEC: 84268A42
	s_add_u32 s38, s38, s25                                    // 000000001DF0: 80261926
	s_add_u32 s32, s12, s38                                    // 000000001DF4: 8020260C
	s_addc_u32 s33, s13, 0                                     // 000000001DF8: 8221800D
	global_load_b128 v[220:223], v229, s[32:33]                // 000000001DFC: DC5E0000 DC2000E5
	s_lshl_b32 s38, s68, 10                                    // 000000001E04: 84268A44
	s_add_u32 s38, s38, s25                                    // 000000001E08: 80261926
	s_add_u32 s32, s12, s38                                    // 000000001E0C: 8020260C
	s_addc_u32 s33, s13, 0                                     // 000000001E10: 8221800D
	global_load_b128 v[231:234], v229, s[32:33]                // 000000001E14: DC5E0000 E72000E5
	s_lshl_b32 s38, s70, 10                                    // 000000001E1C: 84268A46
	s_add_u32 s38, s38, s25                                    // 000000001E20: 80261926
	s_add_u32 s32, s12, s38                                    // 000000001E24: 8020260C
	s_addc_u32 s33, s13, 0                                     // 000000001E28: 8221800D
	global_load_b128 v[235:238], v229, s[32:33]                // 000000001E2C: DC5E0000 EB2000E5
	s_lshl_b32 s38, s72, 10                                    // 000000001E34: 84268A48
	s_add_u32 s38, s38, s25                                    // 000000001E38: 80261926
	s_add_u32 s32, s12, s38                                    // 000000001E3C: 8020260C
	s_addc_u32 s33, s13, 0                                     // 000000001E40: 8221800D
	global_load_b128 v[239:242], v229, s[32:33]                // 000000001E44: DC5E0000 EF2000E5
	s_lshl_b32 s38, s74, 10                                    // 000000001E4C: 84268A4A
	s_add_u32 s38, s38, s25                                    // 000000001E50: 80261926
	s_add_u32 s32, s12, s38                                    // 000000001E54: 8020260C
	s_addc_u32 s33, s13, 0                                     // 000000001E58: 8221800D
	global_load_b128 v[243:246], v229, s[32:33]                // 000000001E5C: DC5E0000 F32000E5
	s_waitcnt vmcnt(0)                                         // 000000001E64: BF8903F7
	s_add_u32 s39, s29, 0                                      // 000000001E68: 8027801D
	s_lshl_b32 s39, s39, 9                                     // 000000001E6C: 84278927
	v_add_nc_u32_e32 v230, s39, v229                           // 000000001E70: 4BCDCA27
	v_add_nc_u32_e32 v230, 0x8000, v230                        // 000000001E74: 4BCDCCFF 00008000
	s_lshr_b32 s41, s39, 9                                     // 000000001E7C: 85298927
	s_and_b32 s41, s41, 7                                      // 000000001E80: 8B298729
	s_lshl_b32 s41, s41, 4                                     // 000000001E84: 84298429
	v_xor_b32_e32 v230, s41, v230                              // 000000001E88: 3BCDCC29
	ds_store_b128 v230, v[8:11]                                // 000000001E8C: DB7C0000 000008E6
	s_add_u32 s39, s29, 4                                      // 000000001E94: 8027841D
	s_lshl_b32 s39, s39, 9                                     // 000000001E98: 84278927
	v_add_nc_u32_e32 v230, s39, v229                           // 000000001E9C: 4BCDCA27
	v_add_nc_u32_e32 v230, 0x8000, v230                        // 000000001EA0: 4BCDCCFF 00008000
	s_lshr_b32 s41, s39, 9                                     // 000000001EA8: 85298927
	s_and_b32 s41, s41, 7                                      // 000000001EAC: 8B298729
	s_lshl_b32 s41, s41, 4                                     // 000000001EB0: 84298429
	v_xor_b32_e32 v230, s41, v230                              // 000000001EB4: 3BCDCC29
	ds_store_b128 v230, v[12:15]                               // 000000001EB8: DB7C0000 00000CE6
	s_add_u32 s39, s29, 8                                      // 000000001EC0: 8027881D
	s_lshl_b32 s39, s39, 9                                     // 000000001EC4: 84278927
	v_add_nc_u32_e32 v230, s39, v229                           // 000000001EC8: 4BCDCA27
	v_add_nc_u32_e32 v230, 0x8000, v230                        // 000000001ECC: 4BCDCCFF 00008000
	s_lshr_b32 s41, s39, 9                                     // 000000001ED4: 85298927
	s_and_b32 s41, s41, 7                                      // 000000001ED8: 8B298729
	s_lshl_b32 s41, s41, 4                                     // 000000001EDC: 84298429
	v_xor_b32_e32 v230, s41, v230                              // 000000001EE0: 3BCDCC29
	ds_store_b128 v230, v[16:19]                               // 000000001EE4: DB7C0000 000010E6
	s_add_u32 s39, s29, 12                                     // 000000001EEC: 80278C1D
	s_lshl_b32 s39, s39, 9                                     // 000000001EF0: 84278927
	v_add_nc_u32_e32 v230, s39, v229                           // 000000001EF4: 4BCDCA27
	v_add_nc_u32_e32 v230, 0x8000, v230                        // 000000001EF8: 4BCDCCFF 00008000
	s_lshr_b32 s41, s39, 9                                     // 000000001F00: 85298927
	s_and_b32 s41, s41, 7                                      // 000000001F04: 8B298729
	s_lshl_b32 s41, s41, 4                                     // 000000001F08: 84298429
	v_xor_b32_e32 v230, s41, v230                              // 000000001F0C: 3BCDCC29
	ds_store_b128 v230, v[20:23]                               // 000000001F10: DB7C0000 000014E6
	s_add_u32 s39, s29, 16                                     // 000000001F18: 8027901D
	s_lshl_b32 s39, s39, 9                                     // 000000001F1C: 84278927
	v_add_nc_u32_e32 v230, s39, v229                           // 000000001F20: 4BCDCA27
	v_add_nc_u32_e32 v230, 0x8000, v230                        // 000000001F24: 4BCDCCFF 00008000
	s_lshr_b32 s41, s39, 9                                     // 000000001F2C: 85298927
	s_and_b32 s41, s41, 7                                      // 000000001F30: 8B298729
	s_lshl_b32 s41, s41, 4                                     // 000000001F34: 84298429
	v_xor_b32_e32 v230, s41, v230                              // 000000001F38: 3BCDCC29
	ds_store_b128 v230, v[192:195]                             // 000000001F3C: DB7C0000 0000C0E6
	s_add_u32 s39, s29, 20                                     // 000000001F44: 8027941D
	s_lshl_b32 s39, s39, 9                                     // 000000001F48: 84278927
	v_add_nc_u32_e32 v230, s39, v229                           // 000000001F4C: 4BCDCA27
	v_add_nc_u32_e32 v230, 0x8000, v230                        // 000000001F50: 4BCDCCFF 00008000
	s_lshr_b32 s41, s39, 9                                     // 000000001F58: 85298927
	s_and_b32 s41, s41, 7                                      // 000000001F5C: 8B298729
	s_lshl_b32 s41, s41, 4                                     // 000000001F60: 84298429
	v_xor_b32_e32 v230, s41, v230                              // 000000001F64: 3BCDCC29
	ds_store_b128 v230, v[196:199]                             // 000000001F68: DB7C0000 0000C4E6
	s_add_u32 s39, s29, 24                                     // 000000001F70: 8027981D
	s_lshl_b32 s39, s39, 9                                     // 000000001F74: 84278927
	v_add_nc_u32_e32 v230, s39, v229                           // 000000001F78: 4BCDCA27
	v_add_nc_u32_e32 v230, 0x8000, v230                        // 000000001F7C: 4BCDCCFF 00008000
	s_lshr_b32 s41, s39, 9                                     // 000000001F84: 85298927
	s_and_b32 s41, s41, 7                                      // 000000001F88: 8B298729
	s_lshl_b32 s41, s41, 4                                     // 000000001F8C: 84298429
	v_xor_b32_e32 v230, s41, v230                              // 000000001F90: 3BCDCC29
	ds_store_b128 v230, v[200:203]                             // 000000001F94: DB7C0000 0000C8E6
	s_add_u32 s39, s29, 28                                     // 000000001F9C: 80279C1D
	s_lshl_b32 s39, s39, 9                                     // 000000001FA0: 84278927
	v_add_nc_u32_e32 v230, s39, v229                           // 000000001FA4: 4BCDCA27
	v_add_nc_u32_e32 v230, 0x8000, v230                        // 000000001FA8: 4BCDCCFF 00008000
	s_lshr_b32 s41, s39, 9                                     // 000000001FB0: 85298927
	s_and_b32 s41, s41, 7                                      // 000000001FB4: 8B298729
	s_lshl_b32 s41, s41, 4                                     // 000000001FB8: 84298429
	v_xor_b32_e32 v230, s41, v230                              // 000000001FBC: 3BCDCC29
	ds_store_b128 v230, v[204:207]                             // 000000001FC0: DB7C0000 0000CCE6
	s_add_u32 s39, s29, 32                                     // 000000001FC8: 8027A01D
	s_lshl_b32 s39, s39, 9                                     // 000000001FCC: 84278927
	v_add_nc_u32_e32 v230, s39, v229                           // 000000001FD0: 4BCDCA27
	v_add_nc_u32_e32 v230, 0x8000, v230                        // 000000001FD4: 4BCDCCFF 00008000
	s_lshr_b32 s41, s39, 9                                     // 000000001FDC: 85298927
	s_and_b32 s41, s41, 7                                      // 000000001FE0: 8B298729
	s_lshl_b32 s41, s41, 4                                     // 000000001FE4: 84298429
	v_xor_b32_e32 v230, s41, v230                              // 000000001FE8: 3BCDCC29
	ds_store_b128 v230, v[208:211]                             // 000000001FEC: DB7C0000 0000D0E6
	s_add_u32 s39, s29, 36                                     // 000000001FF4: 8027A41D
	s_lshl_b32 s39, s39, 9                                     // 000000001FF8: 84278927
	v_add_nc_u32_e32 v230, s39, v229                           // 000000001FFC: 4BCDCA27
	v_add_nc_u32_e32 v230, 0x8000, v230                        // 000000002000: 4BCDCCFF 00008000
	s_lshr_b32 s41, s39, 9                                     // 000000002008: 85298927
	s_and_b32 s41, s41, 7                                      // 00000000200C: 8B298729
	s_lshl_b32 s41, s41, 4                                     // 000000002010: 84298429
	v_xor_b32_e32 v230, s41, v230                              // 000000002014: 3BCDCC29
	ds_store_b128 v230, v[212:215]                             // 000000002018: DB7C0000 0000D4E6
	s_add_u32 s39, s29, 40                                     // 000000002020: 8027A81D
	s_lshl_b32 s39, s39, 9                                     // 000000002024: 84278927
	v_add_nc_u32_e32 v230, s39, v229                           // 000000002028: 4BCDCA27
	v_add_nc_u32_e32 v230, 0x8000, v230                        // 00000000202C: 4BCDCCFF 00008000
	s_lshr_b32 s41, s39, 9                                     // 000000002034: 85298927
	s_and_b32 s41, s41, 7                                      // 000000002038: 8B298729
	s_lshl_b32 s41, s41, 4                                     // 00000000203C: 84298429
	v_xor_b32_e32 v230, s41, v230                              // 000000002040: 3BCDCC29
	ds_store_b128 v230, v[216:219]                             // 000000002044: DB7C0000 0000D8E6
	s_add_u32 s39, s29, 44                                     // 00000000204C: 8027AC1D
	s_lshl_b32 s39, s39, 9                                     // 000000002050: 84278927
	v_add_nc_u32_e32 v230, s39, v229                           // 000000002054: 4BCDCA27
	v_add_nc_u32_e32 v230, 0x8000, v230                        // 000000002058: 4BCDCCFF 00008000
	s_lshr_b32 s41, s39, 9                                     // 000000002060: 85298927
	s_and_b32 s41, s41, 7                                      // 000000002064: 8B298729
	s_lshl_b32 s41, s41, 4                                     // 000000002068: 84298429
	v_xor_b32_e32 v230, s41, v230                              // 00000000206C: 3BCDCC29
	ds_store_b128 v230, v[220:223]                             // 000000002070: DB7C0000 0000DCE6
	s_add_u32 s39, s29, 48                                     // 000000002078: 8027B01D
	s_lshl_b32 s39, s39, 9                                     // 00000000207C: 84278927
	v_add_nc_u32_e32 v230, s39, v229                           // 000000002080: 4BCDCA27
	v_add_nc_u32_e32 v230, 0x8000, v230                        // 000000002084: 4BCDCCFF 00008000
	s_lshr_b32 s41, s39, 9                                     // 00000000208C: 85298927
	s_and_b32 s41, s41, 7                                      // 000000002090: 8B298729
	s_lshl_b32 s41, s41, 4                                     // 000000002094: 84298429
	v_xor_b32_e32 v230, s41, v230                              // 000000002098: 3BCDCC29
	ds_store_b128 v230, v[231:234]                             // 00000000209C: DB7C0000 0000E7E6
	s_add_u32 s39, s29, 52                                     // 0000000020A4: 8027B41D
	s_lshl_b32 s39, s39, 9                                     // 0000000020A8: 84278927
	v_add_nc_u32_e32 v230, s39, v229                           // 0000000020AC: 4BCDCA27
	v_add_nc_u32_e32 v230, 0x8000, v230                        // 0000000020B0: 4BCDCCFF 00008000
	s_lshr_b32 s41, s39, 9                                     // 0000000020B8: 85298927
	s_and_b32 s41, s41, 7                                      // 0000000020BC: 8B298729
	s_lshl_b32 s41, s41, 4                                     // 0000000020C0: 84298429
	v_xor_b32_e32 v230, s41, v230                              // 0000000020C4: 3BCDCC29
	ds_store_b128 v230, v[235:238]                             // 0000000020C8: DB7C0000 0000EBE6
	s_add_u32 s39, s29, 56                                     // 0000000020D0: 8027B81D
	s_lshl_b32 s39, s39, 9                                     // 0000000020D4: 84278927
	v_add_nc_u32_e32 v230, s39, v229                           // 0000000020D8: 4BCDCA27
	v_add_nc_u32_e32 v230, 0x8000, v230                        // 0000000020DC: 4BCDCCFF 00008000
	s_lshr_b32 s41, s39, 9                                     // 0000000020E4: 85298927
	s_and_b32 s41, s41, 7                                      // 0000000020E8: 8B298729
	s_lshl_b32 s41, s41, 4                                     // 0000000020EC: 84298429
	v_xor_b32_e32 v230, s41, v230                              // 0000000020F0: 3BCDCC29
	ds_store_b128 v230, v[239:242]                             // 0000000020F4: DB7C0000 0000EFE6
	s_add_u32 s39, s29, 60                                     // 0000000020FC: 8027BC1D
	s_lshl_b32 s39, s39, 9                                     // 000000002100: 84278927
	v_add_nc_u32_e32 v230, s39, v229                           // 000000002104: 4BCDCA27
	v_add_nc_u32_e32 v230, 0x8000, v230                        // 000000002108: 4BCDCCFF 00008000
	s_lshr_b32 s41, s39, 9                                     // 000000002110: 85298927
	s_and_b32 s41, s41, 7                                      // 000000002114: 8B298729
	s_lshl_b32 s41, s41, 4                                     // 000000002118: 84298429
	v_xor_b32_e32 v230, s41, v230                              // 00000000211C: 3BCDCC29
	ds_store_b128 v230, v[243:246]                             // 000000002120: DB7C0000 0000F3E6
	s_branch 321                                               // 000000002128: BFA00141 <extend_attention_wmma_n64_gfx1151+0xd30>
	s_add_u32 s38, s28, s29                                    // 00000000212C: 80261D1C
	s_add_u32 s38, s38, 0                                      // 000000002130: 80268026
	s_sub_u32 s38, s38, s19                                    // 000000002134: 80A61326
	s_lshl_b32 s38, s38, 10                                    // 000000002138: 84268A26
	s_add_u32 s38, s38, s25                                    // 00000000213C: 80261926
	s_add_u32 s32, s6, s38                                     // 000000002140: 80202606
	s_addc_u32 s33, s7, 0                                      // 000000002144: 82218007
	global_load_b128 v[8:11], v229, s[32:33]                   // 000000002148: DC5E0000 082000E5
	s_add_u32 s38, s28, s29                                    // 000000002150: 80261D1C
	s_add_u32 s38, s38, 4                                      // 000000002154: 80268426
	s_sub_u32 s38, s38, s19                                    // 000000002158: 80A61326
	s_lshl_b32 s38, s38, 10                                    // 00000000215C: 84268A26
	s_add_u32 s38, s38, s25                                    // 000000002160: 80261926
	s_add_u32 s32, s6, s38                                     // 000000002164: 80202606
	s_addc_u32 s33, s7, 0                                      // 000000002168: 82218007
	global_load_b128 v[12:15], v229, s[32:33]                  // 00000000216C: DC5E0000 0C2000E5
	s_add_u32 s38, s28, s29                                    // 000000002174: 80261D1C
	s_add_u32 s38, s38, 8                                      // 000000002178: 80268826
	s_sub_u32 s38, s38, s19                                    // 00000000217C: 80A61326
	s_lshl_b32 s38, s38, 10                                    // 000000002180: 84268A26
	s_add_u32 s38, s38, s25                                    // 000000002184: 80261926
	s_add_u32 s32, s6, s38                                     // 000000002188: 80202606
	s_addc_u32 s33, s7, 0                                      // 00000000218C: 82218007
	global_load_b128 v[16:19], v229, s[32:33]                  // 000000002190: DC5E0000 102000E5
	s_add_u32 s38, s28, s29                                    // 000000002198: 80261D1C
	s_add_u32 s38, s38, 12                                     // 00000000219C: 80268C26
	s_sub_u32 s38, s38, s19                                    // 0000000021A0: 80A61326
	s_lshl_b32 s38, s38, 10                                    // 0000000021A4: 84268A26
	s_add_u32 s38, s38, s25                                    // 0000000021A8: 80261926
	s_add_u32 s32, s6, s38                                     // 0000000021AC: 80202606
	s_addc_u32 s33, s7, 0                                      // 0000000021B0: 82218007
	global_load_b128 v[20:23], v229, s[32:33]                  // 0000000021B4: DC5E0000 142000E5
	s_add_u32 s38, s28, s29                                    // 0000000021BC: 80261D1C
	s_add_u32 s38, s38, 16                                     // 0000000021C0: 80269026
	s_sub_u32 s38, s38, s19                                    // 0000000021C4: 80A61326
	s_lshl_b32 s38, s38, 10                                    // 0000000021C8: 84268A26
	s_add_u32 s38, s38, s25                                    // 0000000021CC: 80261926
	s_add_u32 s32, s6, s38                                     // 0000000021D0: 80202606
	s_addc_u32 s33, s7, 0                                      // 0000000021D4: 82218007
	global_load_b128 v[192:195], v229, s[32:33]                // 0000000021D8: DC5E0000 C02000E5
	s_add_u32 s38, s28, s29                                    // 0000000021E0: 80261D1C
	s_add_u32 s38, s38, 20                                     // 0000000021E4: 80269426
	s_sub_u32 s38, s38, s19                                    // 0000000021E8: 80A61326
	s_lshl_b32 s38, s38, 10                                    // 0000000021EC: 84268A26
	s_add_u32 s38, s38, s25                                    // 0000000021F0: 80261926
	s_add_u32 s32, s6, s38                                     // 0000000021F4: 80202606
	s_addc_u32 s33, s7, 0                                      // 0000000021F8: 82218007
	global_load_b128 v[196:199], v229, s[32:33]                // 0000000021FC: DC5E0000 C42000E5
	s_add_u32 s38, s28, s29                                    // 000000002204: 80261D1C
	s_add_u32 s38, s38, 24                                     // 000000002208: 80269826
	s_sub_u32 s38, s38, s19                                    // 00000000220C: 80A61326
	s_lshl_b32 s38, s38, 10                                    // 000000002210: 84268A26
	s_add_u32 s38, s38, s25                                    // 000000002214: 80261926
	s_add_u32 s32, s6, s38                                     // 000000002218: 80202606
	s_addc_u32 s33, s7, 0                                      // 00000000221C: 82218007
	global_load_b128 v[200:203], v229, s[32:33]                // 000000002220: DC5E0000 C82000E5
	s_add_u32 s38, s28, s29                                    // 000000002228: 80261D1C
	s_add_u32 s38, s38, 28                                     // 00000000222C: 80269C26
	s_sub_u32 s38, s38, s19                                    // 000000002230: 80A61326
	s_lshl_b32 s38, s38, 10                                    // 000000002234: 84268A26
	s_add_u32 s38, s38, s25                                    // 000000002238: 80261926
	s_add_u32 s32, s6, s38                                     // 00000000223C: 80202606
	s_addc_u32 s33, s7, 0                                      // 000000002240: 82218007
	global_load_b128 v[204:207], v229, s[32:33]                // 000000002244: DC5E0000 CC2000E5
	s_add_u32 s38, s28, s29                                    // 00000000224C: 80261D1C
	s_add_u32 s38, s38, 32                                     // 000000002250: 8026A026
	s_sub_u32 s38, s38, s19                                    // 000000002254: 80A61326
	s_lshl_b32 s38, s38, 10                                    // 000000002258: 84268A26
	s_add_u32 s38, s38, s25                                    // 00000000225C: 80261926
	s_add_u32 s32, s6, s38                                     // 000000002260: 80202606
	s_addc_u32 s33, s7, 0                                      // 000000002264: 82218007
	global_load_b128 v[208:211], v229, s[32:33]                // 000000002268: DC5E0000 D02000E5
	s_add_u32 s38, s28, s29                                    // 000000002270: 80261D1C
	s_add_u32 s38, s38, 36                                     // 000000002274: 8026A426
	s_sub_u32 s38, s38, s19                                    // 000000002278: 80A61326
	s_lshl_b32 s38, s38, 10                                    // 00000000227C: 84268A26
	s_add_u32 s38, s38, s25                                    // 000000002280: 80261926
	s_add_u32 s32, s6, s38                                     // 000000002284: 80202606
	s_addc_u32 s33, s7, 0                                      // 000000002288: 82218007
	global_load_b128 v[212:215], v229, s[32:33]                // 00000000228C: DC5E0000 D42000E5
	s_add_u32 s38, s28, s29                                    // 000000002294: 80261D1C
	s_add_u32 s38, s38, 40                                     // 000000002298: 8026A826
	s_sub_u32 s38, s38, s19                                    // 00000000229C: 80A61326
	s_lshl_b32 s38, s38, 10                                    // 0000000022A0: 84268A26
	s_add_u32 s38, s38, s25                                    // 0000000022A4: 80261926
	s_add_u32 s32, s6, s38                                     // 0000000022A8: 80202606
	s_addc_u32 s33, s7, 0                                      // 0000000022AC: 82218007
	global_load_b128 v[216:219], v229, s[32:33]                // 0000000022B0: DC5E0000 D82000E5
	s_add_u32 s38, s28, s29                                    // 0000000022B8: 80261D1C
	s_add_u32 s38, s38, 44                                     // 0000000022BC: 8026AC26
	s_sub_u32 s38, s38, s19                                    // 0000000022C0: 80A61326
	s_lshl_b32 s38, s38, 10                                    // 0000000022C4: 84268A26
	s_add_u32 s38, s38, s25                                    // 0000000022C8: 80261926
	s_add_u32 s32, s6, s38                                     // 0000000022CC: 80202606
	s_addc_u32 s33, s7, 0                                      // 0000000022D0: 82218007
	global_load_b128 v[220:223], v229, s[32:33]                // 0000000022D4: DC5E0000 DC2000E5
	s_add_u32 s38, s28, s29                                    // 0000000022DC: 80261D1C
	s_add_u32 s38, s38, 48                                     // 0000000022E0: 8026B026
	s_sub_u32 s38, s38, s19                                    // 0000000022E4: 80A61326
	s_lshl_b32 s38, s38, 10                                    // 0000000022E8: 84268A26
	s_add_u32 s38, s38, s25                                    // 0000000022EC: 80261926
	s_add_u32 s32, s6, s38                                     // 0000000022F0: 80202606
	s_addc_u32 s33, s7, 0                                      // 0000000022F4: 82218007
	global_load_b128 v[231:234], v229, s[32:33]                // 0000000022F8: DC5E0000 E72000E5
	s_add_u32 s38, s28, s29                                    // 000000002300: 80261D1C
	s_add_u32 s38, s38, 52                                     // 000000002304: 8026B426
	s_sub_u32 s38, s38, s19                                    // 000000002308: 80A61326
	s_lshl_b32 s38, s38, 10                                    // 00000000230C: 84268A26
	s_add_u32 s38, s38, s25                                    // 000000002310: 80261926
	s_add_u32 s32, s6, s38                                     // 000000002314: 80202606
	s_addc_u32 s33, s7, 0                                      // 000000002318: 82218007
	global_load_b128 v[235:238], v229, s[32:33]                // 00000000231C: DC5E0000 EB2000E5
	s_add_u32 s38, s28, s29                                    // 000000002324: 80261D1C
	s_add_u32 s38, s38, 56                                     // 000000002328: 8026B826
	s_sub_u32 s38, s38, s19                                    // 00000000232C: 80A61326
	s_lshl_b32 s38, s38, 10                                    // 000000002330: 84268A26
	s_add_u32 s38, s38, s25                                    // 000000002334: 80261926
	s_add_u32 s32, s6, s38                                     // 000000002338: 80202606
	s_addc_u32 s33, s7, 0                                      // 00000000233C: 82218007
	global_load_b128 v[239:242], v229, s[32:33]                // 000000002340: DC5E0000 EF2000E5
	s_add_u32 s38, s28, s29                                    // 000000002348: 80261D1C
	s_add_u32 s38, s38, 60                                     // 00000000234C: 8026BC26
	s_sub_u32 s38, s38, s19                                    // 000000002350: 80A61326
	s_lshl_b32 s38, s38, 10                                    // 000000002354: 84268A26
	s_add_u32 s38, s38, s25                                    // 000000002358: 80261926
	s_add_u32 s32, s6, s38                                     // 00000000235C: 80202606
	s_addc_u32 s33, s7, 0                                      // 000000002360: 82218007
	global_load_b128 v[243:246], v229, s[32:33]                // 000000002364: DC5E0000 F32000E5
	s_waitcnt vmcnt(0)                                         // 00000000236C: BF8903F7
	s_add_u32 s39, s29, 0                                      // 000000002370: 8027801D
	s_lshl_b32 s39, s39, 9                                     // 000000002374: 84278927
	v_add_nc_u32_e32 v230, s39, v229                           // 000000002378: 4BCDCA27
	v_add_nc_u32_e32 v230, 0x8000, v230                        // 00000000237C: 4BCDCCFF 00008000
	s_lshr_b32 s41, s39, 9                                     // 000000002384: 85298927
	s_and_b32 s41, s41, 7                                      // 000000002388: 8B298729
	s_lshl_b32 s41, s41, 4                                     // 00000000238C: 84298429
	v_xor_b32_e32 v230, s41, v230                              // 000000002390: 3BCDCC29
	ds_store_b128 v230, v[8:11]                                // 000000002394: DB7C0000 000008E6
	s_add_u32 s39, s29, 4                                      // 00000000239C: 8027841D
	s_lshl_b32 s39, s39, 9                                     // 0000000023A0: 84278927
	v_add_nc_u32_e32 v230, s39, v229                           // 0000000023A4: 4BCDCA27
	v_add_nc_u32_e32 v230, 0x8000, v230                        // 0000000023A8: 4BCDCCFF 00008000
	s_lshr_b32 s41, s39, 9                                     // 0000000023B0: 85298927
	s_and_b32 s41, s41, 7                                      // 0000000023B4: 8B298729
	s_lshl_b32 s41, s41, 4                                     // 0000000023B8: 84298429
	v_xor_b32_e32 v230, s41, v230                              // 0000000023BC: 3BCDCC29
	ds_store_b128 v230, v[12:15]                               // 0000000023C0: DB7C0000 00000CE6
	s_add_u32 s39, s29, 8                                      // 0000000023C8: 8027881D
	s_lshl_b32 s39, s39, 9                                     // 0000000023CC: 84278927
	v_add_nc_u32_e32 v230, s39, v229                           // 0000000023D0: 4BCDCA27
	v_add_nc_u32_e32 v230, 0x8000, v230                        // 0000000023D4: 4BCDCCFF 00008000
	s_lshr_b32 s41, s39, 9                                     // 0000000023DC: 85298927
	s_and_b32 s41, s41, 7                                      // 0000000023E0: 8B298729
	s_lshl_b32 s41, s41, 4                                     // 0000000023E4: 84298429
	v_xor_b32_e32 v230, s41, v230                              // 0000000023E8: 3BCDCC29
	ds_store_b128 v230, v[16:19]                               // 0000000023EC: DB7C0000 000010E6
	s_add_u32 s39, s29, 12                                     // 0000000023F4: 80278C1D
	s_lshl_b32 s39, s39, 9                                     // 0000000023F8: 84278927
	v_add_nc_u32_e32 v230, s39, v229                           // 0000000023FC: 4BCDCA27
	v_add_nc_u32_e32 v230, 0x8000, v230                        // 000000002400: 4BCDCCFF 00008000
	s_lshr_b32 s41, s39, 9                                     // 000000002408: 85298927
	s_and_b32 s41, s41, 7                                      // 00000000240C: 8B298729
	s_lshl_b32 s41, s41, 4                                     // 000000002410: 84298429
	v_xor_b32_e32 v230, s41, v230                              // 000000002414: 3BCDCC29
	ds_store_b128 v230, v[20:23]                               // 000000002418: DB7C0000 000014E6
	s_add_u32 s39, s29, 16                                     // 000000002420: 8027901D
	s_lshl_b32 s39, s39, 9                                     // 000000002424: 84278927
	v_add_nc_u32_e32 v230, s39, v229                           // 000000002428: 4BCDCA27
	v_add_nc_u32_e32 v230, 0x8000, v230                        // 00000000242C: 4BCDCCFF 00008000
	s_lshr_b32 s41, s39, 9                                     // 000000002434: 85298927
	s_and_b32 s41, s41, 7                                      // 000000002438: 8B298729
	s_lshl_b32 s41, s41, 4                                     // 00000000243C: 84298429
	v_xor_b32_e32 v230, s41, v230                              // 000000002440: 3BCDCC29
	ds_store_b128 v230, v[192:195]                             // 000000002444: DB7C0000 0000C0E6
	s_add_u32 s39, s29, 20                                     // 00000000244C: 8027941D
	s_lshl_b32 s39, s39, 9                                     // 000000002450: 84278927
	v_add_nc_u32_e32 v230, s39, v229                           // 000000002454: 4BCDCA27
	v_add_nc_u32_e32 v230, 0x8000, v230                        // 000000002458: 4BCDCCFF 00008000
	s_lshr_b32 s41, s39, 9                                     // 000000002460: 85298927
	s_and_b32 s41, s41, 7                                      // 000000002464: 8B298729
	s_lshl_b32 s41, s41, 4                                     // 000000002468: 84298429
	v_xor_b32_e32 v230, s41, v230                              // 00000000246C: 3BCDCC29
	ds_store_b128 v230, v[196:199]                             // 000000002470: DB7C0000 0000C4E6
	s_add_u32 s39, s29, 24                                     // 000000002478: 8027981D
	s_lshl_b32 s39, s39, 9                                     // 00000000247C: 84278927
	v_add_nc_u32_e32 v230, s39, v229                           // 000000002480: 4BCDCA27
	v_add_nc_u32_e32 v230, 0x8000, v230                        // 000000002484: 4BCDCCFF 00008000
	s_lshr_b32 s41, s39, 9                                     // 00000000248C: 85298927
	s_and_b32 s41, s41, 7                                      // 000000002490: 8B298729
	s_lshl_b32 s41, s41, 4                                     // 000000002494: 84298429
	v_xor_b32_e32 v230, s41, v230                              // 000000002498: 3BCDCC29
	ds_store_b128 v230, v[200:203]                             // 00000000249C: DB7C0000 0000C8E6
	s_add_u32 s39, s29, 28                                     // 0000000024A4: 80279C1D
	s_lshl_b32 s39, s39, 9                                     // 0000000024A8: 84278927
	v_add_nc_u32_e32 v230, s39, v229                           // 0000000024AC: 4BCDCA27
	v_add_nc_u32_e32 v230, 0x8000, v230                        // 0000000024B0: 4BCDCCFF 00008000
	s_lshr_b32 s41, s39, 9                                     // 0000000024B8: 85298927
	s_and_b32 s41, s41, 7                                      // 0000000024BC: 8B298729
	s_lshl_b32 s41, s41, 4                                     // 0000000024C0: 84298429
	v_xor_b32_e32 v230, s41, v230                              // 0000000024C4: 3BCDCC29
	ds_store_b128 v230, v[204:207]                             // 0000000024C8: DB7C0000 0000CCE6
	s_add_u32 s39, s29, 32                                     // 0000000024D0: 8027A01D
	s_lshl_b32 s39, s39, 9                                     // 0000000024D4: 84278927
	v_add_nc_u32_e32 v230, s39, v229                           // 0000000024D8: 4BCDCA27
	v_add_nc_u32_e32 v230, 0x8000, v230                        // 0000000024DC: 4BCDCCFF 00008000
	s_lshr_b32 s41, s39, 9                                     // 0000000024E4: 85298927
	s_and_b32 s41, s41, 7                                      // 0000000024E8: 8B298729
	s_lshl_b32 s41, s41, 4                                     // 0000000024EC: 84298429
	v_xor_b32_e32 v230, s41, v230                              // 0000000024F0: 3BCDCC29
	ds_store_b128 v230, v[208:211]                             // 0000000024F4: DB7C0000 0000D0E6
	s_add_u32 s39, s29, 36                                     // 0000000024FC: 8027A41D
	s_lshl_b32 s39, s39, 9                                     // 000000002500: 84278927
	v_add_nc_u32_e32 v230, s39, v229                           // 000000002504: 4BCDCA27
	v_add_nc_u32_e32 v230, 0x8000, v230                        // 000000002508: 4BCDCCFF 00008000
	s_lshr_b32 s41, s39, 9                                     // 000000002510: 85298927
	s_and_b32 s41, s41, 7                                      // 000000002514: 8B298729
	s_lshl_b32 s41, s41, 4                                     // 000000002518: 84298429
	v_xor_b32_e32 v230, s41, v230                              // 00000000251C: 3BCDCC29
	ds_store_b128 v230, v[212:215]                             // 000000002520: DB7C0000 0000D4E6
	s_add_u32 s39, s29, 40                                     // 000000002528: 8027A81D
	s_lshl_b32 s39, s39, 9                                     // 00000000252C: 84278927
	v_add_nc_u32_e32 v230, s39, v229                           // 000000002530: 4BCDCA27
	v_add_nc_u32_e32 v230, 0x8000, v230                        // 000000002534: 4BCDCCFF 00008000
	s_lshr_b32 s41, s39, 9                                     // 00000000253C: 85298927
	s_and_b32 s41, s41, 7                                      // 000000002540: 8B298729
	s_lshl_b32 s41, s41, 4                                     // 000000002544: 84298429
	v_xor_b32_e32 v230, s41, v230                              // 000000002548: 3BCDCC29
	ds_store_b128 v230, v[216:219]                             // 00000000254C: DB7C0000 0000D8E6
	s_add_u32 s39, s29, 44                                     // 000000002554: 8027AC1D
	s_lshl_b32 s39, s39, 9                                     // 000000002558: 84278927
	v_add_nc_u32_e32 v230, s39, v229                           // 00000000255C: 4BCDCA27
	v_add_nc_u32_e32 v230, 0x8000, v230                        // 000000002560: 4BCDCCFF 00008000
	s_lshr_b32 s41, s39, 9                                     // 000000002568: 85298927
	s_and_b32 s41, s41, 7                                      // 00000000256C: 8B298729
	s_lshl_b32 s41, s41, 4                                     // 000000002570: 84298429
	v_xor_b32_e32 v230, s41, v230                              // 000000002574: 3BCDCC29
	ds_store_b128 v230, v[220:223]                             // 000000002578: DB7C0000 0000DCE6
	s_add_u32 s39, s29, 48                                     // 000000002580: 8027B01D
	s_lshl_b32 s39, s39, 9                                     // 000000002584: 84278927
	v_add_nc_u32_e32 v230, s39, v229                           // 000000002588: 4BCDCA27
	v_add_nc_u32_e32 v230, 0x8000, v230                        // 00000000258C: 4BCDCCFF 00008000
	s_lshr_b32 s41, s39, 9                                     // 000000002594: 85298927
	s_and_b32 s41, s41, 7                                      // 000000002598: 8B298729
	s_lshl_b32 s41, s41, 4                                     // 00000000259C: 84298429
	v_xor_b32_e32 v230, s41, v230                              // 0000000025A0: 3BCDCC29
	ds_store_b128 v230, v[231:234]                             // 0000000025A4: DB7C0000 0000E7E6
	s_add_u32 s39, s29, 52                                     // 0000000025AC: 8027B41D
	s_lshl_b32 s39, s39, 9                                     // 0000000025B0: 84278927
	v_add_nc_u32_e32 v230, s39, v229                           // 0000000025B4: 4BCDCA27
	v_add_nc_u32_e32 v230, 0x8000, v230                        // 0000000025B8: 4BCDCCFF 00008000
	s_lshr_b32 s41, s39, 9                                     // 0000000025C0: 85298927
	s_and_b32 s41, s41, 7                                      // 0000000025C4: 8B298729
	s_lshl_b32 s41, s41, 4                                     // 0000000025C8: 84298429
	v_xor_b32_e32 v230, s41, v230                              // 0000000025CC: 3BCDCC29
	ds_store_b128 v230, v[235:238]                             // 0000000025D0: DB7C0000 0000EBE6
	s_add_u32 s39, s29, 56                                     // 0000000025D8: 8027B81D
	s_lshl_b32 s39, s39, 9                                     // 0000000025DC: 84278927
	v_add_nc_u32_e32 v230, s39, v229                           // 0000000025E0: 4BCDCA27
	v_add_nc_u32_e32 v230, 0x8000, v230                        // 0000000025E4: 4BCDCCFF 00008000
	s_lshr_b32 s41, s39, 9                                     // 0000000025EC: 85298927
	s_and_b32 s41, s41, 7                                      // 0000000025F0: 8B298729
	s_lshl_b32 s41, s41, 4                                     // 0000000025F4: 84298429
	v_xor_b32_e32 v230, s41, v230                              // 0000000025F8: 3BCDCC29
	ds_store_b128 v230, v[239:242]                             // 0000000025FC: DB7C0000 0000EFE6
	s_add_u32 s39, s29, 60                                     // 000000002604: 8027BC1D
	s_lshl_b32 s39, s39, 9                                     // 000000002608: 84278927
	v_add_nc_u32_e32 v230, s39, v229                           // 00000000260C: 4BCDCA27
	v_add_nc_u32_e32 v230, 0x8000, v230                        // 000000002610: 4BCDCCFF 00008000
	s_lshr_b32 s41, s39, 9                                     // 000000002618: 85298927
	s_and_b32 s41, s41, 7                                      // 00000000261C: 8B298729
	s_lshl_b32 s41, s41, 4                                     // 000000002620: 84298429
	v_xor_b32_e32 v230, s41, v230                              // 000000002624: 3BCDCC29
	ds_store_b128 v230, v[243:246]                             // 000000002628: DB7C0000 0000F3E6
	v_lshlrev_b32_e32 v231, 4, v2                              // 000000002630: 31CE0484
	v_add_nc_u32_e32 v231, s21, v231                           // 000000002634: 4BCFCE15
	v_add_nc_u32_e32 v231, v231, v3                            // 000000002638: 4BCE07E7
	v_lshlrev_b32_e32 v240, 13, v231                           // 00000000263C: 31E1CE8D
	v_add_nc_u32_e32 v240, s24, v240                           // 000000002640: 4BE1E018
	v_lshl_add_u32 v240, v4, 4, v240                           // 000000002644: D64600F0 07C10904
	v_mov_b32_e32 v231, s43                                    // 00000000264C: 7FCE022B
	v_lshlrev_b32_e32 v231, 13, v231                           // 000000002650: 31CFCE8D
	v_lshl_add_u32 v231, v2, 11, v231                          // 000000002654: D64600E7 079D1702
	v_lshl_add_u32 v232, v4, 7, v231                           // 00000000265C: D64600E8 079D0F04
	v_lshl_add_u32 v232, v3, 1, v232                           // 000000002664: D64600E8 07A10303
	v_lshl_add_u32 v233, v3, 7, v231                           // 00000000266C: D64600E9 079D0F03
	v_lshlrev_b32_e32 v229, 4, v1                              // 000000002674: 31CA0284
	v_lshl_add_u32 v233, v4, 4, v233                           // 000000002678: D64600E9 07A50904
	s_waitcnt lgkmcnt(0)                                       // 000000002680: BF89FC07
	s_barrier                                                  // 000000002684: BFBD0000
	v_dual_mov_b32 v24, 0 :: v_dual_mov_b32 v25, 0             // 000000002688: CA100080 18180080
	v_dual_mov_b32 v26, 0 :: v_dual_mov_b32 v27, 0             // 000000002690: CA100080 1A1A0080
	v_dual_mov_b32 v28, 0 :: v_dual_mov_b32 v29, 0             // 000000002698: CA100080 1C1C0080
	v_dual_mov_b32 v30, 0 :: v_dual_mov_b32 v31, 0             // 0000000026A0: CA100080 1E1E0080
	v_dual_mov_b32 v192, 0 :: v_dual_mov_b32 v193, 0           // 0000000026A8: CA100080 C0C00080
	v_dual_mov_b32 v194, 0 :: v_dual_mov_b32 v195, 0           // 0000000026B0: CA100080 C2C20080
	v_dual_mov_b32 v196, 0 :: v_dual_mov_b32 v197, 0           // 0000000026B8: CA100080 C4C40080
	v_dual_mov_b32 v198, 0 :: v_dual_mov_b32 v199, 0           // 0000000026C0: CA100080 C6C60080
	v_dual_mov_b32 v200, 0 :: v_dual_mov_b32 v201, 0           // 0000000026C8: CA100080 C8C80080
	v_dual_mov_b32 v202, 0 :: v_dual_mov_b32 v203, 0           // 0000000026D0: CA100080 CACA0080
	v_dual_mov_b32 v204, 0 :: v_dual_mov_b32 v205, 0           // 0000000026D8: CA100080 CCCC0080
	v_dual_mov_b32 v206, 0 :: v_dual_mov_b32 v207, 0           // 0000000026E0: CA100080 CECE0080
	v_dual_mov_b32 v208, 0 :: v_dual_mov_b32 v209, 0           // 0000000026E8: CA100080 D0D00080
	v_dual_mov_b32 v210, 0 :: v_dual_mov_b32 v211, 0           // 0000000026F0: CA100080 D2D20080
	v_dual_mov_b32 v212, 0 :: v_dual_mov_b32 v213, 0           // 0000000026F8: CA100080 D4D40080
	v_dual_mov_b32 v214, 0 :: v_dual_mov_b32 v215, 0           // 000000002700: CA100080 D6D60080
	global_load_b128 v[8:11], v240, s[4:5]                     // 000000002708: DC5E0000 080400F0
	s_waitcnt vmcnt(0)                                         // 000000002710: BF8903F7
	ds_swizzle_b32 v12, v8 offset:swizzle(SWAP,16)             // 000000002714: D8D4401F 0C000008
	ds_swizzle_b32 v13, v9 offset:swizzle(SWAP,16)             // 00000000271C: D8D4401F 0D000009
	ds_swizzle_b32 v14, v10 offset:swizzle(SWAP,16)            // 000000002724: D8D4401F 0E00000A
	ds_swizzle_b32 v15, v11 offset:swizzle(SWAP,16)            // 00000000272C: D8D4401F 0F00000B
	s_waitcnt lgkmcnt(0)                                       // 000000002734: BF89FC07
	global_load_b128 v[216:219], v240, s[4:5] offset:32        // 000000002738: DC5E0020 D80400F0
	v_lshlrev_b32_e32 v234, 9, v3                              // 000000002740: 31D40689
	v_lshl_add_u32 v234, v4, 4, v234                           // 000000002744: D64600EA 07A90904
	v_add_nc_u32_e32 v234, 0x8000, v234                        // 00000000274C: 4BD5D4FF 00008000
	v_and_b32_e32 v235, 7, v3                                  // 000000002754: 37D60687
	v_lshlrev_b32_e32 v235, 4, v235                            // 000000002758: 31D7D684
	v_xor_b32_e32 v234, v235, v234                             // 00000000275C: 3BD5D5EB
	ds_load_b128 v[16:19], v234                                // 000000002760: DBFC0000 100000EA
	s_waitcnt lgkmcnt(0)                                       // 000000002768: BF89FC07
	ds_swizzle_b32 v20, v16 offset:swizzle(SWAP,16)            // 00000000276C: D8D4401F 14000010
	ds_swizzle_b32 v21, v17 offset:swizzle(SWAP,16)            // 000000002774: D8D4401F 15000011
	ds_swizzle_b32 v22, v18 offset:swizzle(SWAP,16)            // 00000000277C: D8D4401F 16000012
	ds_swizzle_b32 v23, v19 offset:swizzle(SWAP,16)            // 000000002784: D8D4401F 17000013
	s_waitcnt lgkmcnt(0)                                       // 00000000278C: BF89FC07
	v_lshlrev_b32_e32 v234, 9, v3                              // 000000002790: 31D40689
	v_lshl_add_u32 v234, v4, 4, v234                           // 000000002794: D64600EA 07A90904
	v_add_nc_u32_e32 v234, 0xa000, v234                        // 00000000279C: 4BD5D4FF 0000A000
	v_and_b32_e32 v235, 7, v3                                  // 0000000027A4: 37D60687
	v_lshlrev_b32_e32 v235, 4, v235                            // 0000000027A8: 31D7D684
	v_xor_b32_e32 v234, v235, v234                             // 0000000027AC: 3BD5D5EB
	ds_load_b128 v[225:228], v234                              // 0000000027B0: DBFC0000 E10000EA
	v_wmma_f32_16x16x16_bf16 v[24:31], v[8:15], v[16:23], v[24:31]// 0000000027B8: CC414018 1C622108
	s_waitcnt lgkmcnt(0)                                       // 0000000027C0: BF89FC07
	ds_swizzle_b32 v229, v225 offset:swizzle(SWAP,16)          // 0000000027C4: D8D4401F E50000E1
	ds_swizzle_b32 v230, v226 offset:swizzle(SWAP,16)          // 0000000027CC: D8D4401F E60000E2
	ds_swizzle_b32 v231, v227 offset:swizzle(SWAP,16)          // 0000000027D4: D8D4401F E70000E3
	ds_swizzle_b32 v232, v228 offset:swizzle(SWAP,16)          // 0000000027DC: D8D4401F E80000E4
	s_waitcnt lgkmcnt(0)                                       // 0000000027E4: BF89FC07
	v_lshlrev_b32_e32 v234, 9, v3                              // 0000000027E8: 31D40689
	v_lshl_add_u32 v234, v4, 4, v234                           // 0000000027EC: D64600EA 07A90904
	v_add_nc_u32_e32 v234, 0xc000, v234                        // 0000000027F4: 4BD5D4FF 0000C000
	v_and_b32_e32 v235, 7, v3                                  // 0000000027FC: 37D60687
	v_lshlrev_b32_e32 v235, 4, v235                            // 000000002800: 31D7D684
	v_xor_b32_e32 v234, v235, v234                             // 000000002804: 3BD5D5EB
	ds_load_b128 v[16:19], v234                                // 000000002808: DBFC0000 100000EA
	v_wmma_f32_16x16x16_bf16 v[192:199], v[8:15], v[225:232], v[192:199]// 000000002810: CC4140C0 1F03C308
	s_waitcnt lgkmcnt(0)                                       // 000000002818: BF89FC07
	ds_swizzle_b32 v20, v16 offset:swizzle(SWAP,16)            // 00000000281C: D8D4401F 14000010
	ds_swizzle_b32 v21, v17 offset:swizzle(SWAP,16)            // 000000002824: D8D4401F 15000011
	ds_swizzle_b32 v22, v18 offset:swizzle(SWAP,16)            // 00000000282C: D8D4401F 16000012
	ds_swizzle_b32 v23, v19 offset:swizzle(SWAP,16)            // 000000002834: D8D4401F 17000013
	s_waitcnt lgkmcnt(0)                                       // 00000000283C: BF89FC07
	v_lshlrev_b32_e32 v234, 9, v3                              // 000000002840: 31D40689
	v_lshl_add_u32 v234, v4, 4, v234                           // 000000002844: D64600EA 07A90904
	v_add_nc_u32_e32 v234, 0xe000, v234                        // 00000000284C: 4BD5D4FF 0000E000
	v_and_b32_e32 v235, 7, v3                                  // 000000002854: 37D60687
	v_lshlrev_b32_e32 v235, 4, v235                            // 000000002858: 31D7D684
	v_xor_b32_e32 v234, v235, v234                             // 00000000285C: 3BD5D5EB
	ds_load_b128 v[225:228], v234                              // 000000002860: DBFC0000 E10000EA
	v_wmma_f32_16x16x16_bf16 v[200:207], v[8:15], v[16:23], v[200:207]// 000000002868: CC4140C8 1F222108
	s_waitcnt lgkmcnt(0)                                       // 000000002870: BF89FC07
	ds_swizzle_b32 v229, v225 offset:swizzle(SWAP,16)          // 000000002874: D8D4401F E50000E1
	ds_swizzle_b32 v230, v226 offset:swizzle(SWAP,16)          // 00000000287C: D8D4401F E60000E2
	ds_swizzle_b32 v231, v227 offset:swizzle(SWAP,16)          // 000000002884: D8D4401F E70000E3
	ds_swizzle_b32 v232, v228 offset:swizzle(SWAP,16)          // 00000000288C: D8D4401F E80000E4
	s_waitcnt lgkmcnt(0)                                       // 000000002894: BF89FC07
	v_wmma_f32_16x16x16_bf16 v[208:215], v[8:15], v[225:232], v[208:215]// 000000002898: CC4140D0 1F43C308
	s_waitcnt vmcnt(0)                                         // 0000000028A0: BF8903F7
	ds_swizzle_b32 v220, v216 offset:swizzle(SWAP,16)          // 0000000028A4: D8D4401F DC0000D8
	ds_swizzle_b32 v221, v217 offset:swizzle(SWAP,16)          // 0000000028AC: D8D4401F DD0000D9
	ds_swizzle_b32 v222, v218 offset:swizzle(SWAP,16)          // 0000000028B4: D8D4401F DE0000DA
	ds_swizzle_b32 v223, v219 offset:swizzle(SWAP,16)          // 0000000028BC: D8D4401F DF0000DB
	s_waitcnt lgkmcnt(0)                                       // 0000000028C4: BF89FC07
	global_load_b128 v[8:11], v240, s[4:5] offset:64           // 0000000028C8: DC5E0040 080400F0
	v_lshlrev_b32_e32 v234, 9, v3                              // 0000000028D0: 31D40689
	v_lshl_add_u32 v234, v4, 4, v234                           // 0000000028D4: D64600EA 07A90904
	v_add_nc_u32_e32 v234, 0x8020, v234                        // 0000000028DC: 4BD5D4FF 00008020
	v_and_b32_e32 v235, 7, v3                                  // 0000000028E4: 37D60687
	v_lshlrev_b32_e32 v235, 4, v235                            // 0000000028E8: 31D7D684
	v_xor_b32_e32 v234, v235, v234                             // 0000000028EC: 3BD5D5EB
	ds_load_b128 v[16:19], v234                                // 0000000028F0: DBFC0000 100000EA
	s_waitcnt lgkmcnt(0)                                       // 0000000028F8: BF89FC07
	ds_swizzle_b32 v20, v16 offset:swizzle(SWAP,16)            // 0000000028FC: D8D4401F 14000010
	ds_swizzle_b32 v21, v17 offset:swizzle(SWAP,16)            // 000000002904: D8D4401F 15000011
	ds_swizzle_b32 v22, v18 offset:swizzle(SWAP,16)            // 00000000290C: D8D4401F 16000012
	ds_swizzle_b32 v23, v19 offset:swizzle(SWAP,16)            // 000000002914: D8D4401F 17000013
	s_waitcnt lgkmcnt(0)                                       // 00000000291C: BF89FC07
	v_lshlrev_b32_e32 v234, 9, v3                              // 000000002920: 31D40689
	v_lshl_add_u32 v234, v4, 4, v234                           // 000000002924: D64600EA 07A90904
	v_add_nc_u32_e32 v234, 0xa020, v234                        // 00000000292C: 4BD5D4FF 0000A020
	v_and_b32_e32 v235, 7, v3                                  // 000000002934: 37D60687
	v_lshlrev_b32_e32 v235, 4, v235                            // 000000002938: 31D7D684
	v_xor_b32_e32 v234, v235, v234                             // 00000000293C: 3BD5D5EB
	ds_load_b128 v[225:228], v234                              // 000000002940: DBFC0000 E10000EA
	v_wmma_f32_16x16x16_bf16 v[24:31], v[216:223], v[16:23], v[24:31]// 000000002948: CC414018 1C6221D8
	s_waitcnt lgkmcnt(0)                                       // 000000002950: BF89FC07
	ds_swizzle_b32 v229, v225 offset:swizzle(SWAP,16)          // 000000002954: D8D4401F E50000E1
	ds_swizzle_b32 v230, v226 offset:swizzle(SWAP,16)          // 00000000295C: D8D4401F E60000E2
	ds_swizzle_b32 v231, v227 offset:swizzle(SWAP,16)          // 000000002964: D8D4401F E70000E3
	ds_swizzle_b32 v232, v228 offset:swizzle(SWAP,16)          // 00000000296C: D8D4401F E80000E4
	s_waitcnt lgkmcnt(0)                                       // 000000002974: BF89FC07
	v_lshlrev_b32_e32 v234, 9, v3                              // 000000002978: 31D40689
	v_lshl_add_u32 v234, v4, 4, v234                           // 00000000297C: D64600EA 07A90904
	v_add_nc_u32_e32 v234, 0xc020, v234                        // 000000002984: 4BD5D4FF 0000C020
	v_and_b32_e32 v235, 7, v3                                  // 00000000298C: 37D60687
	v_lshlrev_b32_e32 v235, 4, v235                            // 000000002990: 31D7D684
	v_xor_b32_e32 v234, v235, v234                             // 000000002994: 3BD5D5EB
	ds_load_b128 v[16:19], v234                                // 000000002998: DBFC0000 100000EA
	v_wmma_f32_16x16x16_bf16 v[192:199], v[216:223], v[225:232], v[192:199]// 0000000029A0: CC4140C0 1F03C3D8
	s_waitcnt lgkmcnt(0)                                       // 0000000029A8: BF89FC07
	ds_swizzle_b32 v20, v16 offset:swizzle(SWAP,16)            // 0000000029AC: D8D4401F 14000010
	ds_swizzle_b32 v21, v17 offset:swizzle(SWAP,16)            // 0000000029B4: D8D4401F 15000011
	ds_swizzle_b32 v22, v18 offset:swizzle(SWAP,16)            // 0000000029BC: D8D4401F 16000012
	ds_swizzle_b32 v23, v19 offset:swizzle(SWAP,16)            // 0000000029C4: D8D4401F 17000013
	s_waitcnt lgkmcnt(0)                                       // 0000000029CC: BF89FC07
	v_lshlrev_b32_e32 v234, 9, v3                              // 0000000029D0: 31D40689
	v_lshl_add_u32 v234, v4, 4, v234                           // 0000000029D4: D64600EA 07A90904
	v_add_nc_u32_e32 v234, 0xe020, v234                        // 0000000029DC: 4BD5D4FF 0000E020
	v_and_b32_e32 v235, 7, v3                                  // 0000000029E4: 37D60687
	v_lshlrev_b32_e32 v235, 4, v235                            // 0000000029E8: 31D7D684
	v_xor_b32_e32 v234, v235, v234                             // 0000000029EC: 3BD5D5EB
	ds_load_b128 v[225:228], v234                              // 0000000029F0: DBFC0000 E10000EA
	v_wmma_f32_16x16x16_bf16 v[200:207], v[216:223], v[16:23], v[200:207]// 0000000029F8: CC4140C8 1F2221D8
	s_waitcnt lgkmcnt(0)                                       // 000000002A00: BF89FC07
	ds_swizzle_b32 v229, v225 offset:swizzle(SWAP,16)          // 000000002A04: D8D4401F E50000E1
	ds_swizzle_b32 v230, v226 offset:swizzle(SWAP,16)          // 000000002A0C: D8D4401F E60000E2
	ds_swizzle_b32 v231, v227 offset:swizzle(SWAP,16)          // 000000002A14: D8D4401F E70000E3
	ds_swizzle_b32 v232, v228 offset:swizzle(SWAP,16)          // 000000002A1C: D8D4401F E80000E4
	s_waitcnt lgkmcnt(0)                                       // 000000002A24: BF89FC07
	v_wmma_f32_16x16x16_bf16 v[208:215], v[216:223], v[225:232], v[208:215]// 000000002A28: CC4140D0 1F43C3D8
	s_waitcnt vmcnt(0)                                         // 000000002A30: BF8903F7
	ds_swizzle_b32 v12, v8 offset:swizzle(SWAP,16)             // 000000002A34: D8D4401F 0C000008
	ds_swizzle_b32 v13, v9 offset:swizzle(SWAP,16)             // 000000002A3C: D8D4401F 0D000009
	ds_swizzle_b32 v14, v10 offset:swizzle(SWAP,16)            // 000000002A44: D8D4401F 0E00000A
	ds_swizzle_b32 v15, v11 offset:swizzle(SWAP,16)            // 000000002A4C: D8D4401F 0F00000B
	s_waitcnt lgkmcnt(0)                                       // 000000002A54: BF89FC07
	global_load_b128 v[216:219], v240, s[4:5] offset:96        // 000000002A58: DC5E0060 D80400F0
	v_lshlrev_b32_e32 v234, 9, v3                              // 000000002A60: 31D40689
	v_lshl_add_u32 v234, v4, 4, v234                           // 000000002A64: D64600EA 07A90904
	v_add_nc_u32_e32 v234, 0x8040, v234                        // 000000002A6C: 4BD5D4FF 00008040
	v_and_b32_e32 v235, 7, v3                                  // 000000002A74: 37D60687
	v_lshlrev_b32_e32 v235, 4, v235                            // 000000002A78: 31D7D684
	v_xor_b32_e32 v234, v235, v234                             // 000000002A7C: 3BD5D5EB
	ds_load_b128 v[16:19], v234                                // 000000002A80: DBFC0000 100000EA
	s_waitcnt lgkmcnt(0)                                       // 000000002A88: BF89FC07
	ds_swizzle_b32 v20, v16 offset:swizzle(SWAP,16)            // 000000002A8C: D8D4401F 14000010
	ds_swizzle_b32 v21, v17 offset:swizzle(SWAP,16)            // 000000002A94: D8D4401F 15000011
	ds_swizzle_b32 v22, v18 offset:swizzle(SWAP,16)            // 000000002A9C: D8D4401F 16000012
	ds_swizzle_b32 v23, v19 offset:swizzle(SWAP,16)            // 000000002AA4: D8D4401F 17000013
	s_waitcnt lgkmcnt(0)                                       // 000000002AAC: BF89FC07
	v_lshlrev_b32_e32 v234, 9, v3                              // 000000002AB0: 31D40689
	v_lshl_add_u32 v234, v4, 4, v234                           // 000000002AB4: D64600EA 07A90904
	v_add_nc_u32_e32 v234, 0xa040, v234                        // 000000002ABC: 4BD5D4FF 0000A040
	v_and_b32_e32 v235, 7, v3                                  // 000000002AC4: 37D60687
	v_lshlrev_b32_e32 v235, 4, v235                            // 000000002AC8: 31D7D684
	v_xor_b32_e32 v234, v235, v234                             // 000000002ACC: 3BD5D5EB
	ds_load_b128 v[225:228], v234                              // 000000002AD0: DBFC0000 E10000EA
	v_wmma_f32_16x16x16_bf16 v[24:31], v[8:15], v[16:23], v[24:31]// 000000002AD8: CC414018 1C622108
	s_waitcnt lgkmcnt(0)                                       // 000000002AE0: BF89FC07
	ds_swizzle_b32 v229, v225 offset:swizzle(SWAP,16)          // 000000002AE4: D8D4401F E50000E1
	ds_swizzle_b32 v230, v226 offset:swizzle(SWAP,16)          // 000000002AEC: D8D4401F E60000E2
	ds_swizzle_b32 v231, v227 offset:swizzle(SWAP,16)          // 000000002AF4: D8D4401F E70000E3
	ds_swizzle_b32 v232, v228 offset:swizzle(SWAP,16)          // 000000002AFC: D8D4401F E80000E4
	s_waitcnt lgkmcnt(0)                                       // 000000002B04: BF89FC07
	v_lshlrev_b32_e32 v234, 9, v3                              // 000000002B08: 31D40689
	v_lshl_add_u32 v234, v4, 4, v234                           // 000000002B0C: D64600EA 07A90904
	v_add_nc_u32_e32 v234, 0xc040, v234                        // 000000002B14: 4BD5D4FF 0000C040
	v_and_b32_e32 v235, 7, v3                                  // 000000002B1C: 37D60687
	v_lshlrev_b32_e32 v235, 4, v235                            // 000000002B20: 31D7D684
	v_xor_b32_e32 v234, v235, v234                             // 000000002B24: 3BD5D5EB
	ds_load_b128 v[16:19], v234                                // 000000002B28: DBFC0000 100000EA
	v_wmma_f32_16x16x16_bf16 v[192:199], v[8:15], v[225:232], v[192:199]// 000000002B30: CC4140C0 1F03C308
	s_waitcnt lgkmcnt(0)                                       // 000000002B38: BF89FC07
	ds_swizzle_b32 v20, v16 offset:swizzle(SWAP,16)            // 000000002B3C: D8D4401F 14000010
	ds_swizzle_b32 v21, v17 offset:swizzle(SWAP,16)            // 000000002B44: D8D4401F 15000011
	ds_swizzle_b32 v22, v18 offset:swizzle(SWAP,16)            // 000000002B4C: D8D4401F 16000012
	ds_swizzle_b32 v23, v19 offset:swizzle(SWAP,16)            // 000000002B54: D8D4401F 17000013
	s_waitcnt lgkmcnt(0)                                       // 000000002B5C: BF89FC07
	v_lshlrev_b32_e32 v234, 9, v3                              // 000000002B60: 31D40689
	v_lshl_add_u32 v234, v4, 4, v234                           // 000000002B64: D64600EA 07A90904
	v_add_nc_u32_e32 v234, 0xe040, v234                        // 000000002B6C: 4BD5D4FF 0000E040
	v_and_b32_e32 v235, 7, v3                                  // 000000002B74: 37D60687
	v_lshlrev_b32_e32 v235, 4, v235                            // 000000002B78: 31D7D684
	v_xor_b32_e32 v234, v235, v234                             // 000000002B7C: 3BD5D5EB
	ds_load_b128 v[225:228], v234                              // 000000002B80: DBFC0000 E10000EA
	v_wmma_f32_16x16x16_bf16 v[200:207], v[8:15], v[16:23], v[200:207]// 000000002B88: CC4140C8 1F222108
	s_waitcnt lgkmcnt(0)                                       // 000000002B90: BF89FC07
	ds_swizzle_b32 v229, v225 offset:swizzle(SWAP,16)          // 000000002B94: D8D4401F E50000E1
	ds_swizzle_b32 v230, v226 offset:swizzle(SWAP,16)          // 000000002B9C: D8D4401F E60000E2
	ds_swizzle_b32 v231, v227 offset:swizzle(SWAP,16)          // 000000002BA4: D8D4401F E70000E3
	ds_swizzle_b32 v232, v228 offset:swizzle(SWAP,16)          // 000000002BAC: D8D4401F E80000E4
	s_waitcnt lgkmcnt(0)                                       // 000000002BB4: BF89FC07
	v_wmma_f32_16x16x16_bf16 v[208:215], v[8:15], v[225:232], v[208:215]// 000000002BB8: CC4140D0 1F43C308
	s_waitcnt vmcnt(0)                                         // 000000002BC0: BF8903F7
	ds_swizzle_b32 v220, v216 offset:swizzle(SWAP,16)          // 000000002BC4: D8D4401F DC0000D8
	ds_swizzle_b32 v221, v217 offset:swizzle(SWAP,16)          // 000000002BCC: D8D4401F DD0000D9
	ds_swizzle_b32 v222, v218 offset:swizzle(SWAP,16)          // 000000002BD4: D8D4401F DE0000DA
	ds_swizzle_b32 v223, v219 offset:swizzle(SWAP,16)          // 000000002BDC: D8D4401F DF0000DB
	s_waitcnt lgkmcnt(0)                                       // 000000002BE4: BF89FC07
	global_load_b128 v[8:11], v240, s[4:5] offset:128          // 000000002BE8: DC5E0080 080400F0
	v_lshlrev_b32_e32 v234, 9, v3                              // 000000002BF0: 31D40689
	v_lshl_add_u32 v234, v4, 4, v234                           // 000000002BF4: D64600EA 07A90904
	v_add_nc_u32_e32 v234, 0x8060, v234                        // 000000002BFC: 4BD5D4FF 00008060
	v_and_b32_e32 v235, 7, v3                                  // 000000002C04: 37D60687
	v_lshlrev_b32_e32 v235, 4, v235                            // 000000002C08: 31D7D684
	v_xor_b32_e32 v234, v235, v234                             // 000000002C0C: 3BD5D5EB
	ds_load_b128 v[16:19], v234                                // 000000002C10: DBFC0000 100000EA
	s_waitcnt lgkmcnt(0)                                       // 000000002C18: BF89FC07
	ds_swizzle_b32 v20, v16 offset:swizzle(SWAP,16)            // 000000002C1C: D8D4401F 14000010
	ds_swizzle_b32 v21, v17 offset:swizzle(SWAP,16)            // 000000002C24: D8D4401F 15000011
	ds_swizzle_b32 v22, v18 offset:swizzle(SWAP,16)            // 000000002C2C: D8D4401F 16000012
	ds_swizzle_b32 v23, v19 offset:swizzle(SWAP,16)            // 000000002C34: D8D4401F 17000013
	s_waitcnt lgkmcnt(0)                                       // 000000002C3C: BF89FC07
	v_lshlrev_b32_e32 v234, 9, v3                              // 000000002C40: 31D40689
	v_lshl_add_u32 v234, v4, 4, v234                           // 000000002C44: D64600EA 07A90904
	v_add_nc_u32_e32 v234, 0xa060, v234                        // 000000002C4C: 4BD5D4FF 0000A060
	v_and_b32_e32 v235, 7, v3                                  // 000000002C54: 37D60687
	v_lshlrev_b32_e32 v235, 4, v235                            // 000000002C58: 31D7D684
	v_xor_b32_e32 v234, v235, v234                             // 000000002C5C: 3BD5D5EB
	ds_load_b128 v[225:228], v234                              // 000000002C60: DBFC0000 E10000EA
	v_wmma_f32_16x16x16_bf16 v[24:31], v[216:223], v[16:23], v[24:31]// 000000002C68: CC414018 1C6221D8
	s_waitcnt lgkmcnt(0)                                       // 000000002C70: BF89FC07
	ds_swizzle_b32 v229, v225 offset:swizzle(SWAP,16)          // 000000002C74: D8D4401F E50000E1
	ds_swizzle_b32 v230, v226 offset:swizzle(SWAP,16)          // 000000002C7C: D8D4401F E60000E2
	ds_swizzle_b32 v231, v227 offset:swizzle(SWAP,16)          // 000000002C84: D8D4401F E70000E3
	ds_swizzle_b32 v232, v228 offset:swizzle(SWAP,16)          // 000000002C8C: D8D4401F E80000E4
	s_waitcnt lgkmcnt(0)                                       // 000000002C94: BF89FC07
	v_lshlrev_b32_e32 v234, 9, v3                              // 000000002C98: 31D40689
	v_lshl_add_u32 v234, v4, 4, v234                           // 000000002C9C: D64600EA 07A90904
	v_add_nc_u32_e32 v234, 0xc060, v234                        // 000000002CA4: 4BD5D4FF 0000C060
	v_and_b32_e32 v235, 7, v3                                  // 000000002CAC: 37D60687
	v_lshlrev_b32_e32 v235, 4, v235                            // 000000002CB0: 31D7D684
	v_xor_b32_e32 v234, v235, v234                             // 000000002CB4: 3BD5D5EB
	ds_load_b128 v[16:19], v234                                // 000000002CB8: DBFC0000 100000EA
	v_wmma_f32_16x16x16_bf16 v[192:199], v[216:223], v[225:232], v[192:199]// 000000002CC0: CC4140C0 1F03C3D8
	s_waitcnt lgkmcnt(0)                                       // 000000002CC8: BF89FC07
	ds_swizzle_b32 v20, v16 offset:swizzle(SWAP,16)            // 000000002CCC: D8D4401F 14000010
	ds_swizzle_b32 v21, v17 offset:swizzle(SWAP,16)            // 000000002CD4: D8D4401F 15000011
	ds_swizzle_b32 v22, v18 offset:swizzle(SWAP,16)            // 000000002CDC: D8D4401F 16000012
	ds_swizzle_b32 v23, v19 offset:swizzle(SWAP,16)            // 000000002CE4: D8D4401F 17000013
	s_waitcnt lgkmcnt(0)                                       // 000000002CEC: BF89FC07
	v_lshlrev_b32_e32 v234, 9, v3                              // 000000002CF0: 31D40689
	v_lshl_add_u32 v234, v4, 4, v234                           // 000000002CF4: D64600EA 07A90904
	v_add_nc_u32_e32 v234, 0xe060, v234                        // 000000002CFC: 4BD5D4FF 0000E060
	v_and_b32_e32 v235, 7, v3                                  // 000000002D04: 37D60687
	v_lshlrev_b32_e32 v235, 4, v235                            // 000000002D08: 31D7D684
	v_xor_b32_e32 v234, v235, v234                             // 000000002D0C: 3BD5D5EB
	ds_load_b128 v[225:228], v234                              // 000000002D10: DBFC0000 E10000EA
	v_wmma_f32_16x16x16_bf16 v[200:207], v[216:223], v[16:23], v[200:207]// 000000002D18: CC4140C8 1F2221D8
	s_waitcnt lgkmcnt(0)                                       // 000000002D20: BF89FC07
	ds_swizzle_b32 v229, v225 offset:swizzle(SWAP,16)          // 000000002D24: D8D4401F E50000E1
	ds_swizzle_b32 v230, v226 offset:swizzle(SWAP,16)          // 000000002D2C: D8D4401F E60000E2
	ds_swizzle_b32 v231, v227 offset:swizzle(SWAP,16)          // 000000002D34: D8D4401F E70000E3
	ds_swizzle_b32 v232, v228 offset:swizzle(SWAP,16)          // 000000002D3C: D8D4401F E80000E4
	s_waitcnt lgkmcnt(0)                                       // 000000002D44: BF89FC07
	v_wmma_f32_16x16x16_bf16 v[208:215], v[216:223], v[225:232], v[208:215]// 000000002D48: CC4140D0 1F43C3D8
	s_waitcnt vmcnt(0)                                         // 000000002D50: BF8903F7
	ds_swizzle_b32 v12, v8 offset:swizzle(SWAP,16)             // 000000002D54: D8D4401F 0C000008
	ds_swizzle_b32 v13, v9 offset:swizzle(SWAP,16)             // 000000002D5C: D8D4401F 0D000009
	ds_swizzle_b32 v14, v10 offset:swizzle(SWAP,16)            // 000000002D64: D8D4401F 0E00000A
	ds_swizzle_b32 v15, v11 offset:swizzle(SWAP,16)            // 000000002D6C: D8D4401F 0F00000B
	s_waitcnt lgkmcnt(0)                                       // 000000002D74: BF89FC07
	global_load_b128 v[216:219], v240, s[4:5] offset:160       // 000000002D78: DC5E00A0 D80400F0
	v_lshlrev_b32_e32 v234, 9, v3                              // 000000002D80: 31D40689
	v_lshl_add_u32 v234, v4, 4, v234                           // 000000002D84: D64600EA 07A90904
	v_add_nc_u32_e32 v234, 0x8080, v234                        // 000000002D8C: 4BD5D4FF 00008080
	v_and_b32_e32 v235, 7, v3                                  // 000000002D94: 37D60687
	v_lshlrev_b32_e32 v235, 4, v235                            // 000000002D98: 31D7D684
	v_xor_b32_e32 v234, v235, v234                             // 000000002D9C: 3BD5D5EB
	ds_load_b128 v[16:19], v234                                // 000000002DA0: DBFC0000 100000EA
	s_waitcnt lgkmcnt(0)                                       // 000000002DA8: BF89FC07
	ds_swizzle_b32 v20, v16 offset:swizzle(SWAP,16)            // 000000002DAC: D8D4401F 14000010
	ds_swizzle_b32 v21, v17 offset:swizzle(SWAP,16)            // 000000002DB4: D8D4401F 15000011
	ds_swizzle_b32 v22, v18 offset:swizzle(SWAP,16)            // 000000002DBC: D8D4401F 16000012
	ds_swizzle_b32 v23, v19 offset:swizzle(SWAP,16)            // 000000002DC4: D8D4401F 17000013
	s_waitcnt lgkmcnt(0)                                       // 000000002DCC: BF89FC07
	v_lshlrev_b32_e32 v234, 9, v3                              // 000000002DD0: 31D40689
	v_lshl_add_u32 v234, v4, 4, v234                           // 000000002DD4: D64600EA 07A90904
	v_add_nc_u32_e32 v234, 0xa080, v234                        // 000000002DDC: 4BD5D4FF 0000A080
	v_and_b32_e32 v235, 7, v3                                  // 000000002DE4: 37D60687
	v_lshlrev_b32_e32 v235, 4, v235                            // 000000002DE8: 31D7D684
	v_xor_b32_e32 v234, v235, v234                             // 000000002DEC: 3BD5D5EB
	ds_load_b128 v[225:228], v234                              // 000000002DF0: DBFC0000 E10000EA
	v_wmma_f32_16x16x16_bf16 v[24:31], v[8:15], v[16:23], v[24:31]// 000000002DF8: CC414018 1C622108
	s_waitcnt lgkmcnt(0)                                       // 000000002E00: BF89FC07
	ds_swizzle_b32 v229, v225 offset:swizzle(SWAP,16)          // 000000002E04: D8D4401F E50000E1
	ds_swizzle_b32 v230, v226 offset:swizzle(SWAP,16)          // 000000002E0C: D8D4401F E60000E2
	ds_swizzle_b32 v231, v227 offset:swizzle(SWAP,16)          // 000000002E14: D8D4401F E70000E3
	ds_swizzle_b32 v232, v228 offset:swizzle(SWAP,16)          // 000000002E1C: D8D4401F E80000E4
	s_waitcnt lgkmcnt(0)                                       // 000000002E24: BF89FC07
	v_lshlrev_b32_e32 v234, 9, v3                              // 000000002E28: 31D40689
	v_lshl_add_u32 v234, v4, 4, v234                           // 000000002E2C: D64600EA 07A90904
	v_add_nc_u32_e32 v234, 0xc080, v234                        // 000000002E34: 4BD5D4FF 0000C080
	v_and_b32_e32 v235, 7, v3                                  // 000000002E3C: 37D60687
	v_lshlrev_b32_e32 v235, 4, v235                            // 000000002E40: 31D7D684
	v_xor_b32_e32 v234, v235, v234                             // 000000002E44: 3BD5D5EB
	ds_load_b128 v[16:19], v234                                // 000000002E48: DBFC0000 100000EA
	v_wmma_f32_16x16x16_bf16 v[192:199], v[8:15], v[225:232], v[192:199]// 000000002E50: CC4140C0 1F03C308
	s_waitcnt lgkmcnt(0)                                       // 000000002E58: BF89FC07
	ds_swizzle_b32 v20, v16 offset:swizzle(SWAP,16)            // 000000002E5C: D8D4401F 14000010
	ds_swizzle_b32 v21, v17 offset:swizzle(SWAP,16)            // 000000002E64: D8D4401F 15000011
	ds_swizzle_b32 v22, v18 offset:swizzle(SWAP,16)            // 000000002E6C: D8D4401F 16000012
	ds_swizzle_b32 v23, v19 offset:swizzle(SWAP,16)            // 000000002E74: D8D4401F 17000013
	s_waitcnt lgkmcnt(0)                                       // 000000002E7C: BF89FC07
	v_lshlrev_b32_e32 v234, 9, v3                              // 000000002E80: 31D40689
	v_lshl_add_u32 v234, v4, 4, v234                           // 000000002E84: D64600EA 07A90904
	v_add_nc_u32_e32 v234, 0xe080, v234                        // 000000002E8C: 4BD5D4FF 0000E080
	v_and_b32_e32 v235, 7, v3                                  // 000000002E94: 37D60687
	v_lshlrev_b32_e32 v235, 4, v235                            // 000000002E98: 31D7D684
	v_xor_b32_e32 v234, v235, v234                             // 000000002E9C: 3BD5D5EB
	ds_load_b128 v[225:228], v234                              // 000000002EA0: DBFC0000 E10000EA
	v_wmma_f32_16x16x16_bf16 v[200:207], v[8:15], v[16:23], v[200:207]// 000000002EA8: CC4140C8 1F222108
	s_waitcnt lgkmcnt(0)                                       // 000000002EB0: BF89FC07
	ds_swizzle_b32 v229, v225 offset:swizzle(SWAP,16)          // 000000002EB4: D8D4401F E50000E1
	ds_swizzle_b32 v230, v226 offset:swizzle(SWAP,16)          // 000000002EBC: D8D4401F E60000E2
	ds_swizzle_b32 v231, v227 offset:swizzle(SWAP,16)          // 000000002EC4: D8D4401F E70000E3
	ds_swizzle_b32 v232, v228 offset:swizzle(SWAP,16)          // 000000002ECC: D8D4401F E80000E4
	s_waitcnt lgkmcnt(0)                                       // 000000002ED4: BF89FC07
	v_wmma_f32_16x16x16_bf16 v[208:215], v[8:15], v[225:232], v[208:215]// 000000002ED8: CC4140D0 1F43C308
	s_waitcnt vmcnt(0)                                         // 000000002EE0: BF8903F7
	ds_swizzle_b32 v220, v216 offset:swizzle(SWAP,16)          // 000000002EE4: D8D4401F DC0000D8
	ds_swizzle_b32 v221, v217 offset:swizzle(SWAP,16)          // 000000002EEC: D8D4401F DD0000D9
	ds_swizzle_b32 v222, v218 offset:swizzle(SWAP,16)          // 000000002EF4: D8D4401F DE0000DA
	ds_swizzle_b32 v223, v219 offset:swizzle(SWAP,16)          // 000000002EFC: D8D4401F DF0000DB
	s_waitcnt lgkmcnt(0)                                       // 000000002F04: BF89FC07
	global_load_b128 v[8:11], v240, s[4:5] offset:192          // 000000002F08: DC5E00C0 080400F0
	v_lshlrev_b32_e32 v234, 9, v3                              // 000000002F10: 31D40689
	v_lshl_add_u32 v234, v4, 4, v234                           // 000000002F14: D64600EA 07A90904
	v_add_nc_u32_e32 v234, 0x80a0, v234                        // 000000002F1C: 4BD5D4FF 000080A0
	v_and_b32_e32 v235, 7, v3                                  // 000000002F24: 37D60687
	v_lshlrev_b32_e32 v235, 4, v235                            // 000000002F28: 31D7D684
	v_xor_b32_e32 v234, v235, v234                             // 000000002F2C: 3BD5D5EB
	ds_load_b128 v[16:19], v234                                // 000000002F30: DBFC0000 100000EA
	s_waitcnt lgkmcnt(0)                                       // 000000002F38: BF89FC07
	ds_swizzle_b32 v20, v16 offset:swizzle(SWAP,16)            // 000000002F3C: D8D4401F 14000010
	ds_swizzle_b32 v21, v17 offset:swizzle(SWAP,16)            // 000000002F44: D8D4401F 15000011
	ds_swizzle_b32 v22, v18 offset:swizzle(SWAP,16)            // 000000002F4C: D8D4401F 16000012
	ds_swizzle_b32 v23, v19 offset:swizzle(SWAP,16)            // 000000002F54: D8D4401F 17000013
	s_waitcnt lgkmcnt(0)                                       // 000000002F5C: BF89FC07
	v_lshlrev_b32_e32 v234, 9, v3                              // 000000002F60: 31D40689
	v_lshl_add_u32 v234, v4, 4, v234                           // 000000002F64: D64600EA 07A90904
	v_add_nc_u32_e32 v234, 0xa0a0, v234                        // 000000002F6C: 4BD5D4FF 0000A0A0
	v_and_b32_e32 v235, 7, v3                                  // 000000002F74: 37D60687
	v_lshlrev_b32_e32 v235, 4, v235                            // 000000002F78: 31D7D684
	v_xor_b32_e32 v234, v235, v234                             // 000000002F7C: 3BD5D5EB
	ds_load_b128 v[225:228], v234                              // 000000002F80: DBFC0000 E10000EA
	v_wmma_f32_16x16x16_bf16 v[24:31], v[216:223], v[16:23], v[24:31]// 000000002F88: CC414018 1C6221D8
	s_waitcnt lgkmcnt(0)                                       // 000000002F90: BF89FC07
	ds_swizzle_b32 v229, v225 offset:swizzle(SWAP,16)          // 000000002F94: D8D4401F E50000E1
	ds_swizzle_b32 v230, v226 offset:swizzle(SWAP,16)          // 000000002F9C: D8D4401F E60000E2
	ds_swizzle_b32 v231, v227 offset:swizzle(SWAP,16)          // 000000002FA4: D8D4401F E70000E3
	ds_swizzle_b32 v232, v228 offset:swizzle(SWAP,16)          // 000000002FAC: D8D4401F E80000E4
	s_waitcnt lgkmcnt(0)                                       // 000000002FB4: BF89FC07
	v_lshlrev_b32_e32 v234, 9, v3                              // 000000002FB8: 31D40689
	v_lshl_add_u32 v234, v4, 4, v234                           // 000000002FBC: D64600EA 07A90904
	v_add_nc_u32_e32 v234, 0xc0a0, v234                        // 000000002FC4: 4BD5D4FF 0000C0A0
	v_and_b32_e32 v235, 7, v3                                  // 000000002FCC: 37D60687
	v_lshlrev_b32_e32 v235, 4, v235                            // 000000002FD0: 31D7D684
	v_xor_b32_e32 v234, v235, v234                             // 000000002FD4: 3BD5D5EB
	ds_load_b128 v[16:19], v234                                // 000000002FD8: DBFC0000 100000EA
	v_wmma_f32_16x16x16_bf16 v[192:199], v[216:223], v[225:232], v[192:199]// 000000002FE0: CC4140C0 1F03C3D8
	s_waitcnt lgkmcnt(0)                                       // 000000002FE8: BF89FC07
	ds_swizzle_b32 v20, v16 offset:swizzle(SWAP,16)            // 000000002FEC: D8D4401F 14000010
	ds_swizzle_b32 v21, v17 offset:swizzle(SWAP,16)            // 000000002FF4: D8D4401F 15000011
	ds_swizzle_b32 v22, v18 offset:swizzle(SWAP,16)            // 000000002FFC: D8D4401F 16000012
	ds_swizzle_b32 v23, v19 offset:swizzle(SWAP,16)            // 000000003004: D8D4401F 17000013
	s_waitcnt lgkmcnt(0)                                       // 00000000300C: BF89FC07
	v_lshlrev_b32_e32 v234, 9, v3                              // 000000003010: 31D40689
	v_lshl_add_u32 v234, v4, 4, v234                           // 000000003014: D64600EA 07A90904
	v_add_nc_u32_e32 v234, 0xe0a0, v234                        // 00000000301C: 4BD5D4FF 0000E0A0
	v_and_b32_e32 v235, 7, v3                                  // 000000003024: 37D60687
	v_lshlrev_b32_e32 v235, 4, v235                            // 000000003028: 31D7D684
	v_xor_b32_e32 v234, v235, v234                             // 00000000302C: 3BD5D5EB
	ds_load_b128 v[225:228], v234                              // 000000003030: DBFC0000 E10000EA
	v_wmma_f32_16x16x16_bf16 v[200:207], v[216:223], v[16:23], v[200:207]// 000000003038: CC4140C8 1F2221D8
	s_waitcnt lgkmcnt(0)                                       // 000000003040: BF89FC07
	ds_swizzle_b32 v229, v225 offset:swizzle(SWAP,16)          // 000000003044: D8D4401F E50000E1
	ds_swizzle_b32 v230, v226 offset:swizzle(SWAP,16)          // 00000000304C: D8D4401F E60000E2
	ds_swizzle_b32 v231, v227 offset:swizzle(SWAP,16)          // 000000003054: D8D4401F E70000E3
	ds_swizzle_b32 v232, v228 offset:swizzle(SWAP,16)          // 00000000305C: D8D4401F E80000E4
	s_waitcnt lgkmcnt(0)                                       // 000000003064: BF89FC07
	v_wmma_f32_16x16x16_bf16 v[208:215], v[216:223], v[225:232], v[208:215]// 000000003068: CC4140D0 1F43C3D8
	s_waitcnt vmcnt(0)                                         // 000000003070: BF8903F7
	ds_swizzle_b32 v12, v8 offset:swizzle(SWAP,16)             // 000000003074: D8D4401F 0C000008
	ds_swizzle_b32 v13, v9 offset:swizzle(SWAP,16)             // 00000000307C: D8D4401F 0D000009
	ds_swizzle_b32 v14, v10 offset:swizzle(SWAP,16)            // 000000003084: D8D4401F 0E00000A
	ds_swizzle_b32 v15, v11 offset:swizzle(SWAP,16)            // 00000000308C: D8D4401F 0F00000B
	s_waitcnt lgkmcnt(0)                                       // 000000003094: BF89FC07
	global_load_b128 v[216:219], v240, s[4:5] offset:224       // 000000003098: DC5E00E0 D80400F0
	v_lshlrev_b32_e32 v234, 9, v3                              // 0000000030A0: 31D40689
	v_lshl_add_u32 v234, v4, 4, v234                           // 0000000030A4: D64600EA 07A90904
	v_add_nc_u32_e32 v234, 0x80c0, v234                        // 0000000030AC: 4BD5D4FF 000080C0
	v_and_b32_e32 v235, 7, v3                                  // 0000000030B4: 37D60687
	v_lshlrev_b32_e32 v235, 4, v235                            // 0000000030B8: 31D7D684
	v_xor_b32_e32 v234, v235, v234                             // 0000000030BC: 3BD5D5EB
	ds_load_b128 v[16:19], v234                                // 0000000030C0: DBFC0000 100000EA
	s_waitcnt lgkmcnt(0)                                       // 0000000030C8: BF89FC07
	ds_swizzle_b32 v20, v16 offset:swizzle(SWAP,16)            // 0000000030CC: D8D4401F 14000010
	ds_swizzle_b32 v21, v17 offset:swizzle(SWAP,16)            // 0000000030D4: D8D4401F 15000011
	ds_swizzle_b32 v22, v18 offset:swizzle(SWAP,16)            // 0000000030DC: D8D4401F 16000012
	ds_swizzle_b32 v23, v19 offset:swizzle(SWAP,16)            // 0000000030E4: D8D4401F 17000013
	s_waitcnt lgkmcnt(0)                                       // 0000000030EC: BF89FC07
	v_lshlrev_b32_e32 v234, 9, v3                              // 0000000030F0: 31D40689
	v_lshl_add_u32 v234, v4, 4, v234                           // 0000000030F4: D64600EA 07A90904
	v_add_nc_u32_e32 v234, 0xa0c0, v234                        // 0000000030FC: 4BD5D4FF 0000A0C0
	v_and_b32_e32 v235, 7, v3                                  // 000000003104: 37D60687
	v_lshlrev_b32_e32 v235, 4, v235                            // 000000003108: 31D7D684
	v_xor_b32_e32 v234, v235, v234                             // 00000000310C: 3BD5D5EB
	ds_load_b128 v[225:228], v234                              // 000000003110: DBFC0000 E10000EA
	v_wmma_f32_16x16x16_bf16 v[24:31], v[8:15], v[16:23], v[24:31]// 000000003118: CC414018 1C622108
	s_waitcnt lgkmcnt(0)                                       // 000000003120: BF89FC07
	ds_swizzle_b32 v229, v225 offset:swizzle(SWAP,16)          // 000000003124: D8D4401F E50000E1
	ds_swizzle_b32 v230, v226 offset:swizzle(SWAP,16)          // 00000000312C: D8D4401F E60000E2
	ds_swizzle_b32 v231, v227 offset:swizzle(SWAP,16)          // 000000003134: D8D4401F E70000E3
	ds_swizzle_b32 v232, v228 offset:swizzle(SWAP,16)          // 00000000313C: D8D4401F E80000E4
	s_waitcnt lgkmcnt(0)                                       // 000000003144: BF89FC07
	v_lshlrev_b32_e32 v234, 9, v3                              // 000000003148: 31D40689
	v_lshl_add_u32 v234, v4, 4, v234                           // 00000000314C: D64600EA 07A90904
	v_add_nc_u32_e32 v234, 0xc0c0, v234                        // 000000003154: 4BD5D4FF 0000C0C0
	v_and_b32_e32 v235, 7, v3                                  // 00000000315C: 37D60687
	v_lshlrev_b32_e32 v235, 4, v235                            // 000000003160: 31D7D684
	v_xor_b32_e32 v234, v235, v234                             // 000000003164: 3BD5D5EB
	ds_load_b128 v[16:19], v234                                // 000000003168: DBFC0000 100000EA
	v_wmma_f32_16x16x16_bf16 v[192:199], v[8:15], v[225:232], v[192:199]// 000000003170: CC4140C0 1F03C308
	s_waitcnt lgkmcnt(0)                                       // 000000003178: BF89FC07
	ds_swizzle_b32 v20, v16 offset:swizzle(SWAP,16)            // 00000000317C: D8D4401F 14000010
	ds_swizzle_b32 v21, v17 offset:swizzle(SWAP,16)            // 000000003184: D8D4401F 15000011
	ds_swizzle_b32 v22, v18 offset:swizzle(SWAP,16)            // 00000000318C: D8D4401F 16000012
	ds_swizzle_b32 v23, v19 offset:swizzle(SWAP,16)            // 000000003194: D8D4401F 17000013
	s_waitcnt lgkmcnt(0)                                       // 00000000319C: BF89FC07
	v_lshlrev_b32_e32 v234, 9, v3                              // 0000000031A0: 31D40689
	v_lshl_add_u32 v234, v4, 4, v234                           // 0000000031A4: D64600EA 07A90904
	v_add_nc_u32_e32 v234, 0xe0c0, v234                        // 0000000031AC: 4BD5D4FF 0000E0C0
	v_and_b32_e32 v235, 7, v3                                  // 0000000031B4: 37D60687
	v_lshlrev_b32_e32 v235, 4, v235                            // 0000000031B8: 31D7D684
	v_xor_b32_e32 v234, v235, v234                             // 0000000031BC: 3BD5D5EB
	ds_load_b128 v[225:228], v234                              // 0000000031C0: DBFC0000 E10000EA
	v_wmma_f32_16x16x16_bf16 v[200:207], v[8:15], v[16:23], v[200:207]// 0000000031C8: CC4140C8 1F222108
	s_waitcnt lgkmcnt(0)                                       // 0000000031D0: BF89FC07
	ds_swizzle_b32 v229, v225 offset:swizzle(SWAP,16)          // 0000000031D4: D8D4401F E50000E1
	ds_swizzle_b32 v230, v226 offset:swizzle(SWAP,16)          // 0000000031DC: D8D4401F E60000E2
	ds_swizzle_b32 v231, v227 offset:swizzle(SWAP,16)          // 0000000031E4: D8D4401F E70000E3
	ds_swizzle_b32 v232, v228 offset:swizzle(SWAP,16)          // 0000000031EC: D8D4401F E80000E4
	s_waitcnt lgkmcnt(0)                                       // 0000000031F4: BF89FC07
	v_wmma_f32_16x16x16_bf16 v[208:215], v[8:15], v[225:232], v[208:215]// 0000000031F8: CC4140D0 1F43C308
	s_waitcnt vmcnt(0)                                         // 000000003200: BF8903F7
	ds_swizzle_b32 v220, v216 offset:swizzle(SWAP,16)          // 000000003204: D8D4401F DC0000D8
	ds_swizzle_b32 v221, v217 offset:swizzle(SWAP,16)          // 00000000320C: D8D4401F DD0000D9
	ds_swizzle_b32 v222, v218 offset:swizzle(SWAP,16)          // 000000003214: D8D4401F DE0000DA
	ds_swizzle_b32 v223, v219 offset:swizzle(SWAP,16)          // 00000000321C: D8D4401F DF0000DB
	s_waitcnt lgkmcnt(0)                                       // 000000003224: BF89FC07
	global_load_b128 v[8:11], v240, s[4:5] offset:256          // 000000003228: DC5E0100 080400F0
	v_lshlrev_b32_e32 v234, 9, v3                              // 000000003230: 31D40689
	v_lshl_add_u32 v234, v4, 4, v234                           // 000000003234: D64600EA 07A90904
	v_add_nc_u32_e32 v234, 0x80e0, v234                        // 00000000323C: 4BD5D4FF 000080E0
	v_and_b32_e32 v235, 7, v3                                  // 000000003244: 37D60687
	v_lshlrev_b32_e32 v235, 4, v235                            // 000000003248: 31D7D684
	v_xor_b32_e32 v234, v235, v234                             // 00000000324C: 3BD5D5EB
	ds_load_b128 v[16:19], v234                                // 000000003250: DBFC0000 100000EA
	s_waitcnt lgkmcnt(0)                                       // 000000003258: BF89FC07
	ds_swizzle_b32 v20, v16 offset:swizzle(SWAP,16)            // 00000000325C: D8D4401F 14000010
	ds_swizzle_b32 v21, v17 offset:swizzle(SWAP,16)            // 000000003264: D8D4401F 15000011
	ds_swizzle_b32 v22, v18 offset:swizzle(SWAP,16)            // 00000000326C: D8D4401F 16000012
	ds_swizzle_b32 v23, v19 offset:swizzle(SWAP,16)            // 000000003274: D8D4401F 17000013
	s_waitcnt lgkmcnt(0)                                       // 00000000327C: BF89FC07
	v_lshlrev_b32_e32 v234, 9, v3                              // 000000003280: 31D40689
	v_lshl_add_u32 v234, v4, 4, v234                           // 000000003284: D64600EA 07A90904
	v_add_nc_u32_e32 v234, 0xa0e0, v234                        // 00000000328C: 4BD5D4FF 0000A0E0
	v_and_b32_e32 v235, 7, v3                                  // 000000003294: 37D60687
	v_lshlrev_b32_e32 v235, 4, v235                            // 000000003298: 31D7D684
	v_xor_b32_e32 v234, v235, v234                             // 00000000329C: 3BD5D5EB
	ds_load_b128 v[225:228], v234                              // 0000000032A0: DBFC0000 E10000EA
	v_wmma_f32_16x16x16_bf16 v[24:31], v[216:223], v[16:23], v[24:31]// 0000000032A8: CC414018 1C6221D8
	s_waitcnt lgkmcnt(0)                                       // 0000000032B0: BF89FC07
	ds_swizzle_b32 v229, v225 offset:swizzle(SWAP,16)          // 0000000032B4: D8D4401F E50000E1
	ds_swizzle_b32 v230, v226 offset:swizzle(SWAP,16)          // 0000000032BC: D8D4401F E60000E2
	ds_swizzle_b32 v231, v227 offset:swizzle(SWAP,16)          // 0000000032C4: D8D4401F E70000E3
	ds_swizzle_b32 v232, v228 offset:swizzle(SWAP,16)          // 0000000032CC: D8D4401F E80000E4
	s_waitcnt lgkmcnt(0)                                       // 0000000032D4: BF89FC07
	v_lshlrev_b32_e32 v234, 9, v3                              // 0000000032D8: 31D40689
	v_lshl_add_u32 v234, v4, 4, v234                           // 0000000032DC: D64600EA 07A90904
	v_add_nc_u32_e32 v234, 0xc0e0, v234                        // 0000000032E4: 4BD5D4FF 0000C0E0
	v_and_b32_e32 v235, 7, v3                                  // 0000000032EC: 37D60687
	v_lshlrev_b32_e32 v235, 4, v235                            // 0000000032F0: 31D7D684
	v_xor_b32_e32 v234, v235, v234                             // 0000000032F4: 3BD5D5EB
	ds_load_b128 v[16:19], v234                                // 0000000032F8: DBFC0000 100000EA
	v_wmma_f32_16x16x16_bf16 v[192:199], v[216:223], v[225:232], v[192:199]// 000000003300: CC4140C0 1F03C3D8
	s_waitcnt lgkmcnt(0)                                       // 000000003308: BF89FC07
	ds_swizzle_b32 v20, v16 offset:swizzle(SWAP,16)            // 00000000330C: D8D4401F 14000010
	ds_swizzle_b32 v21, v17 offset:swizzle(SWAP,16)            // 000000003314: D8D4401F 15000011
	ds_swizzle_b32 v22, v18 offset:swizzle(SWAP,16)            // 00000000331C: D8D4401F 16000012
	ds_swizzle_b32 v23, v19 offset:swizzle(SWAP,16)            // 000000003324: D8D4401F 17000013
	s_waitcnt lgkmcnt(0)                                       // 00000000332C: BF89FC07
	v_lshlrev_b32_e32 v234, 9, v3                              // 000000003330: 31D40689
	v_lshl_add_u32 v234, v4, 4, v234                           // 000000003334: D64600EA 07A90904
	v_add_nc_u32_e32 v234, 0xe0e0, v234                        // 00000000333C: 4BD5D4FF 0000E0E0
	v_and_b32_e32 v235, 7, v3                                  // 000000003344: 37D60687
	v_lshlrev_b32_e32 v235, 4, v235                            // 000000003348: 31D7D684
	v_xor_b32_e32 v234, v235, v234                             // 00000000334C: 3BD5D5EB
	ds_load_b128 v[225:228], v234                              // 000000003350: DBFC0000 E10000EA
	v_wmma_f32_16x16x16_bf16 v[200:207], v[216:223], v[16:23], v[200:207]// 000000003358: CC4140C8 1F2221D8
	s_waitcnt lgkmcnt(0)                                       // 000000003360: BF89FC07
	ds_swizzle_b32 v229, v225 offset:swizzle(SWAP,16)          // 000000003364: D8D4401F E50000E1
	ds_swizzle_b32 v230, v226 offset:swizzle(SWAP,16)          // 00000000336C: D8D4401F E60000E2
	ds_swizzle_b32 v231, v227 offset:swizzle(SWAP,16)          // 000000003374: D8D4401F E70000E3
	ds_swizzle_b32 v232, v228 offset:swizzle(SWAP,16)          // 00000000337C: D8D4401F E80000E4
	s_waitcnt lgkmcnt(0)                                       // 000000003384: BF89FC07
	v_wmma_f32_16x16x16_bf16 v[208:215], v[216:223], v[225:232], v[208:215]// 000000003388: CC4140D0 1F43C3D8
	s_waitcnt vmcnt(0)                                         // 000000003390: BF8903F7
	ds_swizzle_b32 v12, v8 offset:swizzle(SWAP,16)             // 000000003394: D8D4401F 0C000008
	ds_swizzle_b32 v13, v9 offset:swizzle(SWAP,16)             // 00000000339C: D8D4401F 0D000009
	ds_swizzle_b32 v14, v10 offset:swizzle(SWAP,16)            // 0000000033A4: D8D4401F 0E00000A
	ds_swizzle_b32 v15, v11 offset:swizzle(SWAP,16)            // 0000000033AC: D8D4401F 0F00000B
	s_waitcnt lgkmcnt(0)                                       // 0000000033B4: BF89FC07
	global_load_b128 v[216:219], v240, s[4:5] offset:288       // 0000000033B8: DC5E0120 D80400F0
	v_lshlrev_b32_e32 v234, 9, v3                              // 0000000033C0: 31D40689
	v_lshl_add_u32 v234, v4, 4, v234                           // 0000000033C4: D64600EA 07A90904
	v_add_nc_u32_e32 v234, 0x8100, v234                        // 0000000033CC: 4BD5D4FF 00008100
	v_and_b32_e32 v235, 7, v3                                  // 0000000033D4: 37D60687
	v_lshlrev_b32_e32 v235, 4, v235                            // 0000000033D8: 31D7D684
	v_xor_b32_e32 v234, v235, v234                             // 0000000033DC: 3BD5D5EB
	ds_load_b128 v[16:19], v234                                // 0000000033E0: DBFC0000 100000EA
	s_waitcnt lgkmcnt(0)                                       // 0000000033E8: BF89FC07
	ds_swizzle_b32 v20, v16 offset:swizzle(SWAP,16)            // 0000000033EC: D8D4401F 14000010
	ds_swizzle_b32 v21, v17 offset:swizzle(SWAP,16)            // 0000000033F4: D8D4401F 15000011
	ds_swizzle_b32 v22, v18 offset:swizzle(SWAP,16)            // 0000000033FC: D8D4401F 16000012
	ds_swizzle_b32 v23, v19 offset:swizzle(SWAP,16)            // 000000003404: D8D4401F 17000013
	s_waitcnt lgkmcnt(0)                                       // 00000000340C: BF89FC07
	v_lshlrev_b32_e32 v234, 9, v3                              // 000000003410: 31D40689
	v_lshl_add_u32 v234, v4, 4, v234                           // 000000003414: D64600EA 07A90904
	v_add_nc_u32_e32 v234, 0xa100, v234                        // 00000000341C: 4BD5D4FF 0000A100
	v_and_b32_e32 v235, 7, v3                                  // 000000003424: 37D60687
	v_lshlrev_b32_e32 v235, 4, v235                            // 000000003428: 31D7D684
	v_xor_b32_e32 v234, v235, v234                             // 00000000342C: 3BD5D5EB
	ds_load_b128 v[225:228], v234                              // 000000003430: DBFC0000 E10000EA
	v_wmma_f32_16x16x16_bf16 v[24:31], v[8:15], v[16:23], v[24:31]// 000000003438: CC414018 1C622108
	s_waitcnt lgkmcnt(0)                                       // 000000003440: BF89FC07
	ds_swizzle_b32 v229, v225 offset:swizzle(SWAP,16)          // 000000003444: D8D4401F E50000E1
	ds_swizzle_b32 v230, v226 offset:swizzle(SWAP,16)          // 00000000344C: D8D4401F E60000E2
	ds_swizzle_b32 v231, v227 offset:swizzle(SWAP,16)          // 000000003454: D8D4401F E70000E3
	ds_swizzle_b32 v232, v228 offset:swizzle(SWAP,16)          // 00000000345C: D8D4401F E80000E4
	s_waitcnt lgkmcnt(0)                                       // 000000003464: BF89FC07
	v_lshlrev_b32_e32 v234, 9, v3                              // 000000003468: 31D40689
	v_lshl_add_u32 v234, v4, 4, v234                           // 00000000346C: D64600EA 07A90904
	v_add_nc_u32_e32 v234, 0xc100, v234                        // 000000003474: 4BD5D4FF 0000C100
	v_and_b32_e32 v235, 7, v3                                  // 00000000347C: 37D60687
	v_lshlrev_b32_e32 v235, 4, v235                            // 000000003480: 31D7D684
	v_xor_b32_e32 v234, v235, v234                             // 000000003484: 3BD5D5EB
	ds_load_b128 v[16:19], v234                                // 000000003488: DBFC0000 100000EA
	v_wmma_f32_16x16x16_bf16 v[192:199], v[8:15], v[225:232], v[192:199]// 000000003490: CC4140C0 1F03C308
	s_waitcnt lgkmcnt(0)                                       // 000000003498: BF89FC07
	ds_swizzle_b32 v20, v16 offset:swizzle(SWAP,16)            // 00000000349C: D8D4401F 14000010
	ds_swizzle_b32 v21, v17 offset:swizzle(SWAP,16)            // 0000000034A4: D8D4401F 15000011
	ds_swizzle_b32 v22, v18 offset:swizzle(SWAP,16)            // 0000000034AC: D8D4401F 16000012
	ds_swizzle_b32 v23, v19 offset:swizzle(SWAP,16)            // 0000000034B4: D8D4401F 17000013
	s_waitcnt lgkmcnt(0)                                       // 0000000034BC: BF89FC07
	v_lshlrev_b32_e32 v234, 9, v3                              // 0000000034C0: 31D40689
	v_lshl_add_u32 v234, v4, 4, v234                           // 0000000034C4: D64600EA 07A90904
	v_add_nc_u32_e32 v234, 0xe100, v234                        // 0000000034CC: 4BD5D4FF 0000E100
	v_and_b32_e32 v235, 7, v3                                  // 0000000034D4: 37D60687
	v_lshlrev_b32_e32 v235, 4, v235                            // 0000000034D8: 31D7D684
	v_xor_b32_e32 v234, v235, v234                             // 0000000034DC: 3BD5D5EB
	ds_load_b128 v[225:228], v234                              // 0000000034E0: DBFC0000 E10000EA
	v_wmma_f32_16x16x16_bf16 v[200:207], v[8:15], v[16:23], v[200:207]// 0000000034E8: CC4140C8 1F222108
	s_waitcnt lgkmcnt(0)                                       // 0000000034F0: BF89FC07
	ds_swizzle_b32 v229, v225 offset:swizzle(SWAP,16)          // 0000000034F4: D8D4401F E50000E1
	ds_swizzle_b32 v230, v226 offset:swizzle(SWAP,16)          // 0000000034FC: D8D4401F E60000E2
	ds_swizzle_b32 v231, v227 offset:swizzle(SWAP,16)          // 000000003504: D8D4401F E70000E3
	ds_swizzle_b32 v232, v228 offset:swizzle(SWAP,16)          // 00000000350C: D8D4401F E80000E4
	s_waitcnt lgkmcnt(0)                                       // 000000003514: BF89FC07
	v_wmma_f32_16x16x16_bf16 v[208:215], v[8:15], v[225:232], v[208:215]// 000000003518: CC4140D0 1F43C308
	s_waitcnt vmcnt(0)                                         // 000000003520: BF8903F7
	ds_swizzle_b32 v220, v216 offset:swizzle(SWAP,16)          // 000000003524: D8D4401F DC0000D8
	ds_swizzle_b32 v221, v217 offset:swizzle(SWAP,16)          // 00000000352C: D8D4401F DD0000D9
	ds_swizzle_b32 v222, v218 offset:swizzle(SWAP,16)          // 000000003534: D8D4401F DE0000DA
	ds_swizzle_b32 v223, v219 offset:swizzle(SWAP,16)          // 00000000353C: D8D4401F DF0000DB
	s_waitcnt lgkmcnt(0)                                       // 000000003544: BF89FC07
	global_load_b128 v[8:11], v240, s[4:5] offset:320          // 000000003548: DC5E0140 080400F0
	v_lshlrev_b32_e32 v234, 9, v3                              // 000000003550: 31D40689
	v_lshl_add_u32 v234, v4, 4, v234                           // 000000003554: D64600EA 07A90904
	v_add_nc_u32_e32 v234, 0x8120, v234                        // 00000000355C: 4BD5D4FF 00008120
	v_and_b32_e32 v235, 7, v3                                  // 000000003564: 37D60687
	v_lshlrev_b32_e32 v235, 4, v235                            // 000000003568: 31D7D684
	v_xor_b32_e32 v234, v235, v234                             // 00000000356C: 3BD5D5EB
	ds_load_b128 v[16:19], v234                                // 000000003570: DBFC0000 100000EA
	s_waitcnt lgkmcnt(0)                                       // 000000003578: BF89FC07
	ds_swizzle_b32 v20, v16 offset:swizzle(SWAP,16)            // 00000000357C: D8D4401F 14000010
	ds_swizzle_b32 v21, v17 offset:swizzle(SWAP,16)            // 000000003584: D8D4401F 15000011
	ds_swizzle_b32 v22, v18 offset:swizzle(SWAP,16)            // 00000000358C: D8D4401F 16000012
	ds_swizzle_b32 v23, v19 offset:swizzle(SWAP,16)            // 000000003594: D8D4401F 17000013
	s_waitcnt lgkmcnt(0)                                       // 00000000359C: BF89FC07
	v_lshlrev_b32_e32 v234, 9, v3                              // 0000000035A0: 31D40689
	v_lshl_add_u32 v234, v4, 4, v234                           // 0000000035A4: D64600EA 07A90904
	v_add_nc_u32_e32 v234, 0xa120, v234                        // 0000000035AC: 4BD5D4FF 0000A120
	v_and_b32_e32 v235, 7, v3                                  // 0000000035B4: 37D60687
	v_lshlrev_b32_e32 v235, 4, v235                            // 0000000035B8: 31D7D684
	v_xor_b32_e32 v234, v235, v234                             // 0000000035BC: 3BD5D5EB
	ds_load_b128 v[225:228], v234                              // 0000000035C0: DBFC0000 E10000EA
	v_wmma_f32_16x16x16_bf16 v[24:31], v[216:223], v[16:23], v[24:31]// 0000000035C8: CC414018 1C6221D8
	s_waitcnt lgkmcnt(0)                                       // 0000000035D0: BF89FC07
	ds_swizzle_b32 v229, v225 offset:swizzle(SWAP,16)          // 0000000035D4: D8D4401F E50000E1
	ds_swizzle_b32 v230, v226 offset:swizzle(SWAP,16)          // 0000000035DC: D8D4401F E60000E2
	ds_swizzle_b32 v231, v227 offset:swizzle(SWAP,16)          // 0000000035E4: D8D4401F E70000E3
	ds_swizzle_b32 v232, v228 offset:swizzle(SWAP,16)          // 0000000035EC: D8D4401F E80000E4
	s_waitcnt lgkmcnt(0)                                       // 0000000035F4: BF89FC07
	v_lshlrev_b32_e32 v234, 9, v3                              // 0000000035F8: 31D40689
	v_lshl_add_u32 v234, v4, 4, v234                           // 0000000035FC: D64600EA 07A90904
	v_add_nc_u32_e32 v234, 0xc120, v234                        // 000000003604: 4BD5D4FF 0000C120
	v_and_b32_e32 v235, 7, v3                                  // 00000000360C: 37D60687
	v_lshlrev_b32_e32 v235, 4, v235                            // 000000003610: 31D7D684
	v_xor_b32_e32 v234, v235, v234                             // 000000003614: 3BD5D5EB
	ds_load_b128 v[16:19], v234                                // 000000003618: DBFC0000 100000EA
	v_wmma_f32_16x16x16_bf16 v[192:199], v[216:223], v[225:232], v[192:199]// 000000003620: CC4140C0 1F03C3D8
	s_waitcnt lgkmcnt(0)                                       // 000000003628: BF89FC07
	ds_swizzle_b32 v20, v16 offset:swizzle(SWAP,16)            // 00000000362C: D8D4401F 14000010
	ds_swizzle_b32 v21, v17 offset:swizzle(SWAP,16)            // 000000003634: D8D4401F 15000011
	ds_swizzle_b32 v22, v18 offset:swizzle(SWAP,16)            // 00000000363C: D8D4401F 16000012
	ds_swizzle_b32 v23, v19 offset:swizzle(SWAP,16)            // 000000003644: D8D4401F 17000013
	s_waitcnt lgkmcnt(0)                                       // 00000000364C: BF89FC07
	v_lshlrev_b32_e32 v234, 9, v3                              // 000000003650: 31D40689
	v_lshl_add_u32 v234, v4, 4, v234                           // 000000003654: D64600EA 07A90904
	v_add_nc_u32_e32 v234, 0xe120, v234                        // 00000000365C: 4BD5D4FF 0000E120
	v_and_b32_e32 v235, 7, v3                                  // 000000003664: 37D60687
	v_lshlrev_b32_e32 v235, 4, v235                            // 000000003668: 31D7D684
	v_xor_b32_e32 v234, v235, v234                             // 00000000366C: 3BD5D5EB
	ds_load_b128 v[225:228], v234                              // 000000003670: DBFC0000 E10000EA
	v_wmma_f32_16x16x16_bf16 v[200:207], v[216:223], v[16:23], v[200:207]// 000000003678: CC4140C8 1F2221D8
	s_waitcnt lgkmcnt(0)                                       // 000000003680: BF89FC07
	ds_swizzle_b32 v229, v225 offset:swizzle(SWAP,16)          // 000000003684: D8D4401F E50000E1
	ds_swizzle_b32 v230, v226 offset:swizzle(SWAP,16)          // 00000000368C: D8D4401F E60000E2
	ds_swizzle_b32 v231, v227 offset:swizzle(SWAP,16)          // 000000003694: D8D4401F E70000E3
	ds_swizzle_b32 v232, v228 offset:swizzle(SWAP,16)          // 00000000369C: D8D4401F E80000E4
	s_waitcnt lgkmcnt(0)                                       // 0000000036A4: BF89FC07
	v_wmma_f32_16x16x16_bf16 v[208:215], v[216:223], v[225:232], v[208:215]// 0000000036A8: CC4140D0 1F43C3D8
	s_waitcnt vmcnt(0)                                         // 0000000036B0: BF8903F7
	ds_swizzle_b32 v12, v8 offset:swizzle(SWAP,16)             // 0000000036B4: D8D4401F 0C000008
	ds_swizzle_b32 v13, v9 offset:swizzle(SWAP,16)             // 0000000036BC: D8D4401F 0D000009
	ds_swizzle_b32 v14, v10 offset:swizzle(SWAP,16)            // 0000000036C4: D8D4401F 0E00000A
	ds_swizzle_b32 v15, v11 offset:swizzle(SWAP,16)            // 0000000036CC: D8D4401F 0F00000B
	s_waitcnt lgkmcnt(0)                                       // 0000000036D4: BF89FC07
	global_load_b128 v[216:219], v240, s[4:5] offset:352       // 0000000036D8: DC5E0160 D80400F0
	v_lshlrev_b32_e32 v234, 9, v3                              // 0000000036E0: 31D40689
	v_lshl_add_u32 v234, v4, 4, v234                           // 0000000036E4: D64600EA 07A90904
	v_add_nc_u32_e32 v234, 0x8140, v234                        // 0000000036EC: 4BD5D4FF 00008140
	v_and_b32_e32 v235, 7, v3                                  // 0000000036F4: 37D60687
	v_lshlrev_b32_e32 v235, 4, v235                            // 0000000036F8: 31D7D684
	v_xor_b32_e32 v234, v235, v234                             // 0000000036FC: 3BD5D5EB
	ds_load_b128 v[16:19], v234                                // 000000003700: DBFC0000 100000EA
	s_waitcnt lgkmcnt(0)                                       // 000000003708: BF89FC07
	ds_swizzle_b32 v20, v16 offset:swizzle(SWAP,16)            // 00000000370C: D8D4401F 14000010
	ds_swizzle_b32 v21, v17 offset:swizzle(SWAP,16)            // 000000003714: D8D4401F 15000011
	ds_swizzle_b32 v22, v18 offset:swizzle(SWAP,16)            // 00000000371C: D8D4401F 16000012
	ds_swizzle_b32 v23, v19 offset:swizzle(SWAP,16)            // 000000003724: D8D4401F 17000013
	s_waitcnt lgkmcnt(0)                                       // 00000000372C: BF89FC07
	v_lshlrev_b32_e32 v234, 9, v3                              // 000000003730: 31D40689
	v_lshl_add_u32 v234, v4, 4, v234                           // 000000003734: D64600EA 07A90904
	v_add_nc_u32_e32 v234, 0xa140, v234                        // 00000000373C: 4BD5D4FF 0000A140
	v_and_b32_e32 v235, 7, v3                                  // 000000003744: 37D60687
	v_lshlrev_b32_e32 v235, 4, v235                            // 000000003748: 31D7D684
	v_xor_b32_e32 v234, v235, v234                             // 00000000374C: 3BD5D5EB
	ds_load_b128 v[225:228], v234                              // 000000003750: DBFC0000 E10000EA
	v_wmma_f32_16x16x16_bf16 v[24:31], v[8:15], v[16:23], v[24:31]// 000000003758: CC414018 1C622108
	s_waitcnt lgkmcnt(0)                                       // 000000003760: BF89FC07
	ds_swizzle_b32 v229, v225 offset:swizzle(SWAP,16)          // 000000003764: D8D4401F E50000E1
	ds_swizzle_b32 v230, v226 offset:swizzle(SWAP,16)          // 00000000376C: D8D4401F E60000E2
	ds_swizzle_b32 v231, v227 offset:swizzle(SWAP,16)          // 000000003774: D8D4401F E70000E3
	ds_swizzle_b32 v232, v228 offset:swizzle(SWAP,16)          // 00000000377C: D8D4401F E80000E4
	s_waitcnt lgkmcnt(0)                                       // 000000003784: BF89FC07
	v_lshlrev_b32_e32 v234, 9, v3                              // 000000003788: 31D40689
	v_lshl_add_u32 v234, v4, 4, v234                           // 00000000378C: D64600EA 07A90904
	v_add_nc_u32_e32 v234, 0xc140, v234                        // 000000003794: 4BD5D4FF 0000C140
	v_and_b32_e32 v235, 7, v3                                  // 00000000379C: 37D60687
	v_lshlrev_b32_e32 v235, 4, v235                            // 0000000037A0: 31D7D684
	v_xor_b32_e32 v234, v235, v234                             // 0000000037A4: 3BD5D5EB
	ds_load_b128 v[16:19], v234                                // 0000000037A8: DBFC0000 100000EA
	v_wmma_f32_16x16x16_bf16 v[192:199], v[8:15], v[225:232], v[192:199]// 0000000037B0: CC4140C0 1F03C308
	s_waitcnt lgkmcnt(0)                                       // 0000000037B8: BF89FC07
	ds_swizzle_b32 v20, v16 offset:swizzle(SWAP,16)            // 0000000037BC: D8D4401F 14000010
	ds_swizzle_b32 v21, v17 offset:swizzle(SWAP,16)            // 0000000037C4: D8D4401F 15000011
	ds_swizzle_b32 v22, v18 offset:swizzle(SWAP,16)            // 0000000037CC: D8D4401F 16000012
	ds_swizzle_b32 v23, v19 offset:swizzle(SWAP,16)            // 0000000037D4: D8D4401F 17000013
	s_waitcnt lgkmcnt(0)                                       // 0000000037DC: BF89FC07
	v_lshlrev_b32_e32 v234, 9, v3                              // 0000000037E0: 31D40689
	v_lshl_add_u32 v234, v4, 4, v234                           // 0000000037E4: D64600EA 07A90904
	v_add_nc_u32_e32 v234, 0xe140, v234                        // 0000000037EC: 4BD5D4FF 0000E140
	v_and_b32_e32 v235, 7, v3                                  // 0000000037F4: 37D60687
	v_lshlrev_b32_e32 v235, 4, v235                            // 0000000037F8: 31D7D684
	v_xor_b32_e32 v234, v235, v234                             // 0000000037FC: 3BD5D5EB
	ds_load_b128 v[225:228], v234                              // 000000003800: DBFC0000 E10000EA
	v_wmma_f32_16x16x16_bf16 v[200:207], v[8:15], v[16:23], v[200:207]// 000000003808: CC4140C8 1F222108
	s_waitcnt lgkmcnt(0)                                       // 000000003810: BF89FC07
	ds_swizzle_b32 v229, v225 offset:swizzle(SWAP,16)          // 000000003814: D8D4401F E50000E1
	ds_swizzle_b32 v230, v226 offset:swizzle(SWAP,16)          // 00000000381C: D8D4401F E60000E2
	ds_swizzle_b32 v231, v227 offset:swizzle(SWAP,16)          // 000000003824: D8D4401F E70000E3
	ds_swizzle_b32 v232, v228 offset:swizzle(SWAP,16)          // 00000000382C: D8D4401F E80000E4
	s_waitcnt lgkmcnt(0)                                       // 000000003834: BF89FC07
	v_wmma_f32_16x16x16_bf16 v[208:215], v[8:15], v[225:232], v[208:215]// 000000003838: CC4140D0 1F43C308
	s_waitcnt vmcnt(0)                                         // 000000003840: BF8903F7
	ds_swizzle_b32 v220, v216 offset:swizzle(SWAP,16)          // 000000003844: D8D4401F DC0000D8
	ds_swizzle_b32 v221, v217 offset:swizzle(SWAP,16)          // 00000000384C: D8D4401F DD0000D9
	ds_swizzle_b32 v222, v218 offset:swizzle(SWAP,16)          // 000000003854: D8D4401F DE0000DA
	ds_swizzle_b32 v223, v219 offset:swizzle(SWAP,16)          // 00000000385C: D8D4401F DF0000DB
	s_waitcnt lgkmcnt(0)                                       // 000000003864: BF89FC07
	global_load_b128 v[8:11], v240, s[4:5] offset:384          // 000000003868: DC5E0180 080400F0
	v_lshlrev_b32_e32 v234, 9, v3                              // 000000003870: 31D40689
	v_lshl_add_u32 v234, v4, 4, v234                           // 000000003874: D64600EA 07A90904
	v_add_nc_u32_e32 v234, 0x8160, v234                        // 00000000387C: 4BD5D4FF 00008160
	v_and_b32_e32 v235, 7, v3                                  // 000000003884: 37D60687
	v_lshlrev_b32_e32 v235, 4, v235                            // 000000003888: 31D7D684
	v_xor_b32_e32 v234, v235, v234                             // 00000000388C: 3BD5D5EB
	ds_load_b128 v[16:19], v234                                // 000000003890: DBFC0000 100000EA
	s_waitcnt lgkmcnt(0)                                       // 000000003898: BF89FC07
	ds_swizzle_b32 v20, v16 offset:swizzle(SWAP,16)            // 00000000389C: D8D4401F 14000010
	ds_swizzle_b32 v21, v17 offset:swizzle(SWAP,16)            // 0000000038A4: D8D4401F 15000011
	ds_swizzle_b32 v22, v18 offset:swizzle(SWAP,16)            // 0000000038AC: D8D4401F 16000012
	ds_swizzle_b32 v23, v19 offset:swizzle(SWAP,16)            // 0000000038B4: D8D4401F 17000013
	s_waitcnt lgkmcnt(0)                                       // 0000000038BC: BF89FC07
	v_lshlrev_b32_e32 v234, 9, v3                              // 0000000038C0: 31D40689
	v_lshl_add_u32 v234, v4, 4, v234                           // 0000000038C4: D64600EA 07A90904
	v_add_nc_u32_e32 v234, 0xa160, v234                        // 0000000038CC: 4BD5D4FF 0000A160
	v_and_b32_e32 v235, 7, v3                                  // 0000000038D4: 37D60687
	v_lshlrev_b32_e32 v235, 4, v235                            // 0000000038D8: 31D7D684
	v_xor_b32_e32 v234, v235, v234                             // 0000000038DC: 3BD5D5EB
	ds_load_b128 v[225:228], v234                              // 0000000038E0: DBFC0000 E10000EA
	v_wmma_f32_16x16x16_bf16 v[24:31], v[216:223], v[16:23], v[24:31]// 0000000038E8: CC414018 1C6221D8
	s_waitcnt lgkmcnt(0)                                       // 0000000038F0: BF89FC07
	ds_swizzle_b32 v229, v225 offset:swizzle(SWAP,16)          // 0000000038F4: D8D4401F E50000E1
	ds_swizzle_b32 v230, v226 offset:swizzle(SWAP,16)          // 0000000038FC: D8D4401F E60000E2
	ds_swizzle_b32 v231, v227 offset:swizzle(SWAP,16)          // 000000003904: D8D4401F E70000E3
	ds_swizzle_b32 v232, v228 offset:swizzle(SWAP,16)          // 00000000390C: D8D4401F E80000E4
	s_waitcnt lgkmcnt(0)                                       // 000000003914: BF89FC07
	v_lshlrev_b32_e32 v234, 9, v3                              // 000000003918: 31D40689
	v_lshl_add_u32 v234, v4, 4, v234                           // 00000000391C: D64600EA 07A90904
	v_add_nc_u32_e32 v234, 0xc160, v234                        // 000000003924: 4BD5D4FF 0000C160
	v_and_b32_e32 v235, 7, v3                                  // 00000000392C: 37D60687
	v_lshlrev_b32_e32 v235, 4, v235                            // 000000003930: 31D7D684
	v_xor_b32_e32 v234, v235, v234                             // 000000003934: 3BD5D5EB
	ds_load_b128 v[16:19], v234                                // 000000003938: DBFC0000 100000EA
	v_wmma_f32_16x16x16_bf16 v[192:199], v[216:223], v[225:232], v[192:199]// 000000003940: CC4140C0 1F03C3D8
	s_waitcnt lgkmcnt(0)                                       // 000000003948: BF89FC07
	ds_swizzle_b32 v20, v16 offset:swizzle(SWAP,16)            // 00000000394C: D8D4401F 14000010
	ds_swizzle_b32 v21, v17 offset:swizzle(SWAP,16)            // 000000003954: D8D4401F 15000011
	ds_swizzle_b32 v22, v18 offset:swizzle(SWAP,16)            // 00000000395C: D8D4401F 16000012
	ds_swizzle_b32 v23, v19 offset:swizzle(SWAP,16)            // 000000003964: D8D4401F 17000013
	s_waitcnt lgkmcnt(0)                                       // 00000000396C: BF89FC07
	v_lshlrev_b32_e32 v234, 9, v3                              // 000000003970: 31D40689
	v_lshl_add_u32 v234, v4, 4, v234                           // 000000003974: D64600EA 07A90904
	v_add_nc_u32_e32 v234, 0xe160, v234                        // 00000000397C: 4BD5D4FF 0000E160
	v_and_b32_e32 v235, 7, v3                                  // 000000003984: 37D60687
	v_lshlrev_b32_e32 v235, 4, v235                            // 000000003988: 31D7D684
	v_xor_b32_e32 v234, v235, v234                             // 00000000398C: 3BD5D5EB
	ds_load_b128 v[225:228], v234                              // 000000003990: DBFC0000 E10000EA
	v_wmma_f32_16x16x16_bf16 v[200:207], v[216:223], v[16:23], v[200:207]// 000000003998: CC4140C8 1F2221D8
	s_waitcnt lgkmcnt(0)                                       // 0000000039A0: BF89FC07
	ds_swizzle_b32 v229, v225 offset:swizzle(SWAP,16)          // 0000000039A4: D8D4401F E50000E1
	ds_swizzle_b32 v230, v226 offset:swizzle(SWAP,16)          // 0000000039AC: D8D4401F E60000E2
	ds_swizzle_b32 v231, v227 offset:swizzle(SWAP,16)          // 0000000039B4: D8D4401F E70000E3
	ds_swizzle_b32 v232, v228 offset:swizzle(SWAP,16)          // 0000000039BC: D8D4401F E80000E4
	s_waitcnt lgkmcnt(0)                                       // 0000000039C4: BF89FC07
	v_wmma_f32_16x16x16_bf16 v[208:215], v[216:223], v[225:232], v[208:215]// 0000000039C8: CC4140D0 1F43C3D8
	s_waitcnt vmcnt(0)                                         // 0000000039D0: BF8903F7
	ds_swizzle_b32 v12, v8 offset:swizzle(SWAP,16)             // 0000000039D4: D8D4401F 0C000008
	ds_swizzle_b32 v13, v9 offset:swizzle(SWAP,16)             // 0000000039DC: D8D4401F 0D000009
	ds_swizzle_b32 v14, v10 offset:swizzle(SWAP,16)            // 0000000039E4: D8D4401F 0E00000A
	ds_swizzle_b32 v15, v11 offset:swizzle(SWAP,16)            // 0000000039EC: D8D4401F 0F00000B
	s_waitcnt lgkmcnt(0)                                       // 0000000039F4: BF89FC07
	global_load_b128 v[216:219], v240, s[4:5] offset:416       // 0000000039F8: DC5E01A0 D80400F0
	v_lshlrev_b32_e32 v234, 9, v3                              // 000000003A00: 31D40689
	v_lshl_add_u32 v234, v4, 4, v234                           // 000000003A04: D64600EA 07A90904
	v_add_nc_u32_e32 v234, 0x8180, v234                        // 000000003A0C: 4BD5D4FF 00008180
	v_and_b32_e32 v235, 7, v3                                  // 000000003A14: 37D60687
	v_lshlrev_b32_e32 v235, 4, v235                            // 000000003A18: 31D7D684
	v_xor_b32_e32 v234, v235, v234                             // 000000003A1C: 3BD5D5EB
	ds_load_b128 v[16:19], v234                                // 000000003A20: DBFC0000 100000EA
	s_waitcnt lgkmcnt(0)                                       // 000000003A28: BF89FC07
	ds_swizzle_b32 v20, v16 offset:swizzle(SWAP,16)            // 000000003A2C: D8D4401F 14000010
	ds_swizzle_b32 v21, v17 offset:swizzle(SWAP,16)            // 000000003A34: D8D4401F 15000011
	ds_swizzle_b32 v22, v18 offset:swizzle(SWAP,16)            // 000000003A3C: D8D4401F 16000012
	ds_swizzle_b32 v23, v19 offset:swizzle(SWAP,16)            // 000000003A44: D8D4401F 17000013
	s_waitcnt lgkmcnt(0)                                       // 000000003A4C: BF89FC07
	v_lshlrev_b32_e32 v234, 9, v3                              // 000000003A50: 31D40689
	v_lshl_add_u32 v234, v4, 4, v234                           // 000000003A54: D64600EA 07A90904
	v_add_nc_u32_e32 v234, 0xa180, v234                        // 000000003A5C: 4BD5D4FF 0000A180
	v_and_b32_e32 v235, 7, v3                                  // 000000003A64: 37D60687
	v_lshlrev_b32_e32 v235, 4, v235                            // 000000003A68: 31D7D684
	v_xor_b32_e32 v234, v235, v234                             // 000000003A6C: 3BD5D5EB
	ds_load_b128 v[225:228], v234                              // 000000003A70: DBFC0000 E10000EA
	v_wmma_f32_16x16x16_bf16 v[24:31], v[8:15], v[16:23], v[24:31]// 000000003A78: CC414018 1C622108
	s_waitcnt lgkmcnt(0)                                       // 000000003A80: BF89FC07
	ds_swizzle_b32 v229, v225 offset:swizzle(SWAP,16)          // 000000003A84: D8D4401F E50000E1
	ds_swizzle_b32 v230, v226 offset:swizzle(SWAP,16)          // 000000003A8C: D8D4401F E60000E2
	ds_swizzle_b32 v231, v227 offset:swizzle(SWAP,16)          // 000000003A94: D8D4401F E70000E3
	ds_swizzle_b32 v232, v228 offset:swizzle(SWAP,16)          // 000000003A9C: D8D4401F E80000E4
	s_waitcnt lgkmcnt(0)                                       // 000000003AA4: BF89FC07
	v_lshlrev_b32_e32 v234, 9, v3                              // 000000003AA8: 31D40689
	v_lshl_add_u32 v234, v4, 4, v234                           // 000000003AAC: D64600EA 07A90904
	v_add_nc_u32_e32 v234, 0xc180, v234                        // 000000003AB4: 4BD5D4FF 0000C180
	v_and_b32_e32 v235, 7, v3                                  // 000000003ABC: 37D60687
	v_lshlrev_b32_e32 v235, 4, v235                            // 000000003AC0: 31D7D684
	v_xor_b32_e32 v234, v235, v234                             // 000000003AC4: 3BD5D5EB
	ds_load_b128 v[16:19], v234                                // 000000003AC8: DBFC0000 100000EA
	v_wmma_f32_16x16x16_bf16 v[192:199], v[8:15], v[225:232], v[192:199]// 000000003AD0: CC4140C0 1F03C308
	s_waitcnt lgkmcnt(0)                                       // 000000003AD8: BF89FC07
	ds_swizzle_b32 v20, v16 offset:swizzle(SWAP,16)            // 000000003ADC: D8D4401F 14000010
	ds_swizzle_b32 v21, v17 offset:swizzle(SWAP,16)            // 000000003AE4: D8D4401F 15000011
	ds_swizzle_b32 v22, v18 offset:swizzle(SWAP,16)            // 000000003AEC: D8D4401F 16000012
	ds_swizzle_b32 v23, v19 offset:swizzle(SWAP,16)            // 000000003AF4: D8D4401F 17000013
	s_waitcnt lgkmcnt(0)                                       // 000000003AFC: BF89FC07
	v_lshlrev_b32_e32 v234, 9, v3                              // 000000003B00: 31D40689
	v_lshl_add_u32 v234, v4, 4, v234                           // 000000003B04: D64600EA 07A90904
	v_add_nc_u32_e32 v234, 0xe180, v234                        // 000000003B0C: 4BD5D4FF 0000E180
	v_and_b32_e32 v235, 7, v3                                  // 000000003B14: 37D60687
	v_lshlrev_b32_e32 v235, 4, v235                            // 000000003B18: 31D7D684
	v_xor_b32_e32 v234, v235, v234                             // 000000003B1C: 3BD5D5EB
	ds_load_b128 v[225:228], v234                              // 000000003B20: DBFC0000 E10000EA
	v_wmma_f32_16x16x16_bf16 v[200:207], v[8:15], v[16:23], v[200:207]// 000000003B28: CC4140C8 1F222108
	s_waitcnt lgkmcnt(0)                                       // 000000003B30: BF89FC07
	ds_swizzle_b32 v229, v225 offset:swizzle(SWAP,16)          // 000000003B34: D8D4401F E50000E1
	ds_swizzle_b32 v230, v226 offset:swizzle(SWAP,16)          // 000000003B3C: D8D4401F E60000E2
	ds_swizzle_b32 v231, v227 offset:swizzle(SWAP,16)          // 000000003B44: D8D4401F E70000E3
	ds_swizzle_b32 v232, v228 offset:swizzle(SWAP,16)          // 000000003B4C: D8D4401F E80000E4
	s_waitcnt lgkmcnt(0)                                       // 000000003B54: BF89FC07
	v_wmma_f32_16x16x16_bf16 v[208:215], v[8:15], v[225:232], v[208:215]// 000000003B58: CC4140D0 1F43C308
	s_waitcnt vmcnt(0)                                         // 000000003B60: BF8903F7
	ds_swizzle_b32 v220, v216 offset:swizzle(SWAP,16)          // 000000003B64: D8D4401F DC0000D8
	ds_swizzle_b32 v221, v217 offset:swizzle(SWAP,16)          // 000000003B6C: D8D4401F DD0000D9
	ds_swizzle_b32 v222, v218 offset:swizzle(SWAP,16)          // 000000003B74: D8D4401F DE0000DA
	ds_swizzle_b32 v223, v219 offset:swizzle(SWAP,16)          // 000000003B7C: D8D4401F DF0000DB
	s_waitcnt lgkmcnt(0)                                       // 000000003B84: BF89FC07
	global_load_b128 v[8:11], v240, s[4:5] offset:448          // 000000003B88: DC5E01C0 080400F0
	v_lshlrev_b32_e32 v234, 9, v3                              // 000000003B90: 31D40689
	v_lshl_add_u32 v234, v4, 4, v234                           // 000000003B94: D64600EA 07A90904
	v_add_nc_u32_e32 v234, 0x81a0, v234                        // 000000003B9C: 4BD5D4FF 000081A0
	v_and_b32_e32 v235, 7, v3                                  // 000000003BA4: 37D60687
	v_lshlrev_b32_e32 v235, 4, v235                            // 000000003BA8: 31D7D684
	v_xor_b32_e32 v234, v235, v234                             // 000000003BAC: 3BD5D5EB
	ds_load_b128 v[16:19], v234                                // 000000003BB0: DBFC0000 100000EA
	s_waitcnt lgkmcnt(0)                                       // 000000003BB8: BF89FC07
	ds_swizzle_b32 v20, v16 offset:swizzle(SWAP,16)            // 000000003BBC: D8D4401F 14000010
	ds_swizzle_b32 v21, v17 offset:swizzle(SWAP,16)            // 000000003BC4: D8D4401F 15000011
	ds_swizzle_b32 v22, v18 offset:swizzle(SWAP,16)            // 000000003BCC: D8D4401F 16000012
	ds_swizzle_b32 v23, v19 offset:swizzle(SWAP,16)            // 000000003BD4: D8D4401F 17000013
	s_waitcnt lgkmcnt(0)                                       // 000000003BDC: BF89FC07
	v_lshlrev_b32_e32 v234, 9, v3                              // 000000003BE0: 31D40689
	v_lshl_add_u32 v234, v4, 4, v234                           // 000000003BE4: D64600EA 07A90904
	v_add_nc_u32_e32 v234, 0xa1a0, v234                        // 000000003BEC: 4BD5D4FF 0000A1A0
	v_and_b32_e32 v235, 7, v3                                  // 000000003BF4: 37D60687
	v_lshlrev_b32_e32 v235, 4, v235                            // 000000003BF8: 31D7D684
	v_xor_b32_e32 v234, v235, v234                             // 000000003BFC: 3BD5D5EB
	ds_load_b128 v[225:228], v234                              // 000000003C00: DBFC0000 E10000EA
	v_wmma_f32_16x16x16_bf16 v[24:31], v[216:223], v[16:23], v[24:31]// 000000003C08: CC414018 1C6221D8
	s_waitcnt lgkmcnt(0)                                       // 000000003C10: BF89FC07
	ds_swizzle_b32 v229, v225 offset:swizzle(SWAP,16)          // 000000003C14: D8D4401F E50000E1
	ds_swizzle_b32 v230, v226 offset:swizzle(SWAP,16)          // 000000003C1C: D8D4401F E60000E2
	ds_swizzle_b32 v231, v227 offset:swizzle(SWAP,16)          // 000000003C24: D8D4401F E70000E3
	ds_swizzle_b32 v232, v228 offset:swizzle(SWAP,16)          // 000000003C2C: D8D4401F E80000E4
	s_waitcnt lgkmcnt(0)                                       // 000000003C34: BF89FC07
	v_lshlrev_b32_e32 v234, 9, v3                              // 000000003C38: 31D40689
	v_lshl_add_u32 v234, v4, 4, v234                           // 000000003C3C: D64600EA 07A90904
	v_add_nc_u32_e32 v234, 0xc1a0, v234                        // 000000003C44: 4BD5D4FF 0000C1A0
	v_and_b32_e32 v235, 7, v3                                  // 000000003C4C: 37D60687
	v_lshlrev_b32_e32 v235, 4, v235                            // 000000003C50: 31D7D684
	v_xor_b32_e32 v234, v235, v234                             // 000000003C54: 3BD5D5EB
	ds_load_b128 v[16:19], v234                                // 000000003C58: DBFC0000 100000EA
	v_wmma_f32_16x16x16_bf16 v[192:199], v[216:223], v[225:232], v[192:199]// 000000003C60: CC4140C0 1F03C3D8
	s_waitcnt lgkmcnt(0)                                       // 000000003C68: BF89FC07
	ds_swizzle_b32 v20, v16 offset:swizzle(SWAP,16)            // 000000003C6C: D8D4401F 14000010
	ds_swizzle_b32 v21, v17 offset:swizzle(SWAP,16)            // 000000003C74: D8D4401F 15000011
	ds_swizzle_b32 v22, v18 offset:swizzle(SWAP,16)            // 000000003C7C: D8D4401F 16000012
	ds_swizzle_b32 v23, v19 offset:swizzle(SWAP,16)            // 000000003C84: D8D4401F 17000013
	s_waitcnt lgkmcnt(0)                                       // 000000003C8C: BF89FC07
	v_lshlrev_b32_e32 v234, 9, v3                              // 000000003C90: 31D40689
	v_lshl_add_u32 v234, v4, 4, v234                           // 000000003C94: D64600EA 07A90904
	v_add_nc_u32_e32 v234, 0xe1a0, v234                        // 000000003C9C: 4BD5D4FF 0000E1A0
	v_and_b32_e32 v235, 7, v3                                  // 000000003CA4: 37D60687
	v_lshlrev_b32_e32 v235, 4, v235                            // 000000003CA8: 31D7D684
	v_xor_b32_e32 v234, v235, v234                             // 000000003CAC: 3BD5D5EB
	ds_load_b128 v[225:228], v234                              // 000000003CB0: DBFC0000 E10000EA
	v_wmma_f32_16x16x16_bf16 v[200:207], v[216:223], v[16:23], v[200:207]// 000000003CB8: CC4140C8 1F2221D8
	s_waitcnt lgkmcnt(0)                                       // 000000003CC0: BF89FC07
	ds_swizzle_b32 v229, v225 offset:swizzle(SWAP,16)          // 000000003CC4: D8D4401F E50000E1
	ds_swizzle_b32 v230, v226 offset:swizzle(SWAP,16)          // 000000003CCC: D8D4401F E60000E2
	ds_swizzle_b32 v231, v227 offset:swizzle(SWAP,16)          // 000000003CD4: D8D4401F E70000E3
	ds_swizzle_b32 v232, v228 offset:swizzle(SWAP,16)          // 000000003CDC: D8D4401F E80000E4
	s_waitcnt lgkmcnt(0)                                       // 000000003CE4: BF89FC07
	v_wmma_f32_16x16x16_bf16 v[208:215], v[216:223], v[225:232], v[208:215]// 000000003CE8: CC4140D0 1F43C3D8
	s_waitcnt vmcnt(0)                                         // 000000003CF0: BF8903F7
	ds_swizzle_b32 v12, v8 offset:swizzle(SWAP,16)             // 000000003CF4: D8D4401F 0C000008
	ds_swizzle_b32 v13, v9 offset:swizzle(SWAP,16)             // 000000003CFC: D8D4401F 0D000009
	ds_swizzle_b32 v14, v10 offset:swizzle(SWAP,16)            // 000000003D04: D8D4401F 0E00000A
	ds_swizzle_b32 v15, v11 offset:swizzle(SWAP,16)            // 000000003D0C: D8D4401F 0F00000B
	s_waitcnt lgkmcnt(0)                                       // 000000003D14: BF89FC07
	global_load_b128 v[216:219], v240, s[4:5] offset:480       // 000000003D18: DC5E01E0 D80400F0
	v_lshlrev_b32_e32 v234, 9, v3                              // 000000003D20: 31D40689
	v_lshl_add_u32 v234, v4, 4, v234                           // 000000003D24: D64600EA 07A90904
	v_add_nc_u32_e32 v234, 0x81c0, v234                        // 000000003D2C: 4BD5D4FF 000081C0
	v_and_b32_e32 v235, 7, v3                                  // 000000003D34: 37D60687
	v_lshlrev_b32_e32 v235, 4, v235                            // 000000003D38: 31D7D684
	v_xor_b32_e32 v234, v235, v234                             // 000000003D3C: 3BD5D5EB
	ds_load_b128 v[16:19], v234                                // 000000003D40: DBFC0000 100000EA
	s_waitcnt lgkmcnt(0)                                       // 000000003D48: BF89FC07
	ds_swizzle_b32 v20, v16 offset:swizzle(SWAP,16)            // 000000003D4C: D8D4401F 14000010
	ds_swizzle_b32 v21, v17 offset:swizzle(SWAP,16)            // 000000003D54: D8D4401F 15000011
	ds_swizzle_b32 v22, v18 offset:swizzle(SWAP,16)            // 000000003D5C: D8D4401F 16000012
	ds_swizzle_b32 v23, v19 offset:swizzle(SWAP,16)            // 000000003D64: D8D4401F 17000013
	s_waitcnt lgkmcnt(0)                                       // 000000003D6C: BF89FC07
	v_lshlrev_b32_e32 v234, 9, v3                              // 000000003D70: 31D40689
	v_lshl_add_u32 v234, v4, 4, v234                           // 000000003D74: D64600EA 07A90904
	v_add_nc_u32_e32 v234, 0xa1c0, v234                        // 000000003D7C: 4BD5D4FF 0000A1C0
	v_and_b32_e32 v235, 7, v3                                  // 000000003D84: 37D60687
	v_lshlrev_b32_e32 v235, 4, v235                            // 000000003D88: 31D7D684
	v_xor_b32_e32 v234, v235, v234                             // 000000003D8C: 3BD5D5EB
	ds_load_b128 v[225:228], v234                              // 000000003D90: DBFC0000 E10000EA
	v_wmma_f32_16x16x16_bf16 v[24:31], v[8:15], v[16:23], v[24:31]// 000000003D98: CC414018 1C622108
	s_waitcnt lgkmcnt(0)                                       // 000000003DA0: BF89FC07
	ds_swizzle_b32 v229, v225 offset:swizzle(SWAP,16)          // 000000003DA4: D8D4401F E50000E1
	ds_swizzle_b32 v230, v226 offset:swizzle(SWAP,16)          // 000000003DAC: D8D4401F E60000E2
	ds_swizzle_b32 v231, v227 offset:swizzle(SWAP,16)          // 000000003DB4: D8D4401F E70000E3
	ds_swizzle_b32 v232, v228 offset:swizzle(SWAP,16)          // 000000003DBC: D8D4401F E80000E4
	s_waitcnt lgkmcnt(0)                                       // 000000003DC4: BF89FC07
	v_lshlrev_b32_e32 v234, 9, v3                              // 000000003DC8: 31D40689
	v_lshl_add_u32 v234, v4, 4, v234                           // 000000003DCC: D64600EA 07A90904
	v_add_nc_u32_e32 v234, 0xc1c0, v234                        // 000000003DD4: 4BD5D4FF 0000C1C0
	v_and_b32_e32 v235, 7, v3                                  // 000000003DDC: 37D60687
	v_lshlrev_b32_e32 v235, 4, v235                            // 000000003DE0: 31D7D684
	v_xor_b32_e32 v234, v235, v234                             // 000000003DE4: 3BD5D5EB
	ds_load_b128 v[16:19], v234                                // 000000003DE8: DBFC0000 100000EA
	v_wmma_f32_16x16x16_bf16 v[192:199], v[8:15], v[225:232], v[192:199]// 000000003DF0: CC4140C0 1F03C308
	s_waitcnt lgkmcnt(0)                                       // 000000003DF8: BF89FC07
	ds_swizzle_b32 v20, v16 offset:swizzle(SWAP,16)            // 000000003DFC: D8D4401F 14000010
	ds_swizzle_b32 v21, v17 offset:swizzle(SWAP,16)            // 000000003E04: D8D4401F 15000011
	ds_swizzle_b32 v22, v18 offset:swizzle(SWAP,16)            // 000000003E0C: D8D4401F 16000012
	ds_swizzle_b32 v23, v19 offset:swizzle(SWAP,16)            // 000000003E14: D8D4401F 17000013
	s_waitcnt lgkmcnt(0)                                       // 000000003E1C: BF89FC07
	v_lshlrev_b32_e32 v234, 9, v3                              // 000000003E20: 31D40689
	v_lshl_add_u32 v234, v4, 4, v234                           // 000000003E24: D64600EA 07A90904
	v_add_nc_u32_e32 v234, 0xe1c0, v234                        // 000000003E2C: 4BD5D4FF 0000E1C0
	v_and_b32_e32 v235, 7, v3                                  // 000000003E34: 37D60687
	v_lshlrev_b32_e32 v235, 4, v235                            // 000000003E38: 31D7D684
	v_xor_b32_e32 v234, v235, v234                             // 000000003E3C: 3BD5D5EB
	ds_load_b128 v[225:228], v234                              // 000000003E40: DBFC0000 E10000EA
	v_wmma_f32_16x16x16_bf16 v[200:207], v[8:15], v[16:23], v[200:207]// 000000003E48: CC4140C8 1F222108
	s_waitcnt lgkmcnt(0)                                       // 000000003E50: BF89FC07
	ds_swizzle_b32 v229, v225 offset:swizzle(SWAP,16)          // 000000003E54: D8D4401F E50000E1
	ds_swizzle_b32 v230, v226 offset:swizzle(SWAP,16)          // 000000003E5C: D8D4401F E60000E2
	ds_swizzle_b32 v231, v227 offset:swizzle(SWAP,16)          // 000000003E64: D8D4401F E70000E3
	ds_swizzle_b32 v232, v228 offset:swizzle(SWAP,16)          // 000000003E6C: D8D4401F E80000E4
	s_waitcnt lgkmcnt(0)                                       // 000000003E74: BF89FC07
	v_wmma_f32_16x16x16_bf16 v[208:215], v[8:15], v[225:232], v[208:215]// 000000003E78: CC4140D0 1F43C308
	s_waitcnt vmcnt(0)                                         // 000000003E80: BF8903F7
	ds_swizzle_b32 v220, v216 offset:swizzle(SWAP,16)          // 000000003E84: D8D4401F DC0000D8
	ds_swizzle_b32 v221, v217 offset:swizzle(SWAP,16)          // 000000003E8C: D8D4401F DD0000D9
	ds_swizzle_b32 v222, v218 offset:swizzle(SWAP,16)          // 000000003E94: D8D4401F DE0000DA
	ds_swizzle_b32 v223, v219 offset:swizzle(SWAP,16)          // 000000003E9C: D8D4401F DF0000DB
	s_waitcnt lgkmcnt(0)                                       // 000000003EA4: BF89FC07
	v_lshlrev_b32_e32 v234, 9, v3                              // 000000003EA8: 31D40689
	v_lshl_add_u32 v234, v4, 4, v234                           // 000000003EAC: D64600EA 07A90904
	v_add_nc_u32_e32 v234, 0x81e0, v234                        // 000000003EB4: 4BD5D4FF 000081E0
	v_and_b32_e32 v235, 7, v3                                  // 000000003EBC: 37D60687
	v_lshlrev_b32_e32 v235, 4, v235                            // 000000003EC0: 31D7D684
	v_xor_b32_e32 v234, v235, v234                             // 000000003EC4: 3BD5D5EB
	ds_load_b128 v[16:19], v234                                // 000000003EC8: DBFC0000 100000EA
	s_waitcnt lgkmcnt(0)                                       // 000000003ED0: BF89FC07
	ds_swizzle_b32 v20, v16 offset:swizzle(SWAP,16)            // 000000003ED4: D8D4401F 14000010
	ds_swizzle_b32 v21, v17 offset:swizzle(SWAP,16)            // 000000003EDC: D8D4401F 15000011
	ds_swizzle_b32 v22, v18 offset:swizzle(SWAP,16)            // 000000003EE4: D8D4401F 16000012
	ds_swizzle_b32 v23, v19 offset:swizzle(SWAP,16)            // 000000003EEC: D8D4401F 17000013
	s_waitcnt lgkmcnt(0)                                       // 000000003EF4: BF89FC07
	v_lshlrev_b32_e32 v234, 9, v3                              // 000000003EF8: 31D40689
	v_lshl_add_u32 v234, v4, 4, v234                           // 000000003EFC: D64600EA 07A90904
	v_add_nc_u32_e32 v234, 0xa1e0, v234                        // 000000003F04: 4BD5D4FF 0000A1E0
	v_and_b32_e32 v235, 7, v3                                  // 000000003F0C: 37D60687
	v_lshlrev_b32_e32 v235, 4, v235                            // 000000003F10: 31D7D684
	v_xor_b32_e32 v234, v235, v234                             // 000000003F14: 3BD5D5EB
	ds_load_b128 v[225:228], v234                              // 000000003F18: DBFC0000 E10000EA
	v_wmma_f32_16x16x16_bf16 v[24:31], v[216:223], v[16:23], v[24:31]// 000000003F20: CC414018 1C6221D8
	s_waitcnt lgkmcnt(0)                                       // 000000003F28: BF89FC07
	ds_swizzle_b32 v229, v225 offset:swizzle(SWAP,16)          // 000000003F2C: D8D4401F E50000E1
	ds_swizzle_b32 v230, v226 offset:swizzle(SWAP,16)          // 000000003F34: D8D4401F E60000E2
	ds_swizzle_b32 v231, v227 offset:swizzle(SWAP,16)          // 000000003F3C: D8D4401F E70000E3
	ds_swizzle_b32 v232, v228 offset:swizzle(SWAP,16)          // 000000003F44: D8D4401F E80000E4
	s_waitcnt lgkmcnt(0)                                       // 000000003F4C: BF89FC07
	v_lshlrev_b32_e32 v234, 9, v3                              // 000000003F50: 31D40689
	v_lshl_add_u32 v234, v4, 4, v234                           // 000000003F54: D64600EA 07A90904
	v_add_nc_u32_e32 v234, 0xc1e0, v234                        // 000000003F5C: 4BD5D4FF 0000C1E0
	v_and_b32_e32 v235, 7, v3                                  // 000000003F64: 37D60687
	v_lshlrev_b32_e32 v235, 4, v235                            // 000000003F68: 31D7D684
	v_xor_b32_e32 v234, v235, v234                             // 000000003F6C: 3BD5D5EB
	ds_load_b128 v[16:19], v234                                // 000000003F70: DBFC0000 100000EA
	v_wmma_f32_16x16x16_bf16 v[192:199], v[216:223], v[225:232], v[192:199]// 000000003F78: CC4140C0 1F03C3D8
	s_waitcnt lgkmcnt(0)                                       // 000000003F80: BF89FC07
	ds_swizzle_b32 v20, v16 offset:swizzle(SWAP,16)            // 000000003F84: D8D4401F 14000010
	ds_swizzle_b32 v21, v17 offset:swizzle(SWAP,16)            // 000000003F8C: D8D4401F 15000011
	ds_swizzle_b32 v22, v18 offset:swizzle(SWAP,16)            // 000000003F94: D8D4401F 16000012
	ds_swizzle_b32 v23, v19 offset:swizzle(SWAP,16)            // 000000003F9C: D8D4401F 17000013
	s_waitcnt lgkmcnt(0)                                       // 000000003FA4: BF89FC07
	v_lshlrev_b32_e32 v234, 9, v3                              // 000000003FA8: 31D40689
	v_lshl_add_u32 v234, v4, 4, v234                           // 000000003FAC: D64600EA 07A90904
	v_add_nc_u32_e32 v234, 0xe1e0, v234                        // 000000003FB4: 4BD5D4FF 0000E1E0
	v_and_b32_e32 v235, 7, v3                                  // 000000003FBC: 37D60687
	v_lshlrev_b32_e32 v235, 4, v235                            // 000000003FC0: 31D7D684
	v_xor_b32_e32 v234, v235, v234                             // 000000003FC4: 3BD5D5EB
	ds_load_b128 v[225:228], v234                              // 000000003FC8: DBFC0000 E10000EA
	v_wmma_f32_16x16x16_bf16 v[200:207], v[216:223], v[16:23], v[200:207]// 000000003FD0: CC4140C8 1F2221D8
	s_waitcnt lgkmcnt(0)                                       // 000000003FD8: BF89FC07
	ds_swizzle_b32 v229, v225 offset:swizzle(SWAP,16)          // 000000003FDC: D8D4401F E50000E1
	ds_swizzle_b32 v230, v226 offset:swizzle(SWAP,16)          // 000000003FE4: D8D4401F E60000E2
	ds_swizzle_b32 v231, v227 offset:swizzle(SWAP,16)          // 000000003FEC: D8D4401F E70000E3
	ds_swizzle_b32 v232, v228 offset:swizzle(SWAP,16)          // 000000003FF4: D8D4401F E80000E4
	s_waitcnt lgkmcnt(0)                                       // 000000003FFC: BF89FC07
	v_wmma_f32_16x16x16_bf16 v[208:215], v[216:223], v[225:232], v[208:215]// 000000004000: CC4140D0 1F43C3D8
	v_lshlrev_b32_e32 v231, 4, v2                              // 000000004008: 31CE0484
	v_add_nc_u32_e32 v231, s21, v231                           // 00000000400C: 4BCFCE15
	v_add_nc_u32_e32 v231, v231, v3                            // 000000004010: 4BCE07E7
	v_lshlrev_b32_e32 v240, 13, v231                           // 000000004014: 31E1CE8D
	v_add_nc_u32_e32 v240, s24, v240                           // 000000004018: 4BE1E018
	v_lshl_add_u32 v240, v4, 4, v240                           // 00000000401C: D64600F0 07C10904
	v_mov_b32_e32 v231, s43                                    // 000000004024: 7FCE022B
	v_lshlrev_b32_e32 v231, 13, v231                           // 000000004028: 31CFCE8D
	v_lshl_add_u32 v231, v2, 11, v231                          // 00000000402C: D64600E7 079D1702
	v_lshl_add_u32 v232, v4, 7, v231                           // 000000004034: D64600E8 079D0F04
	v_lshl_add_u32 v232, v3, 1, v232                           // 00000000403C: D64600E8 07A10303
	v_lshl_add_u32 v233, v3, 7, v231                           // 000000004044: D64600E9 079D0F03
	v_lshlrev_b32_e32 v229, 4, v1                              // 00000000404C: 31CA0284
	v_lshl_add_u32 v233, v4, 4, v233                           // 000000004050: D64600E9 07A50904
	s_add_u32 s40, s19, s21                                    // 000000004058: 80281513
	s_cmp_eq_u32 s28, s40                                      // 00000000405C: BF06281C
	s_cbranch_scc1 33                                          // 000000004060: BFA20021 <extend_attention_wmma_n64_gfx1151+0x27e8>
	v_mul_f32_e32 v24, s20, v24                                // 000000004064: 10303014
	v_mul_f32_e32 v25, s20, v25                                // 000000004068: 10323214
	v_mul_f32_e32 v26, s20, v26                                // 00000000406C: 10343414
	v_mul_f32_e32 v27, s20, v27                                // 000000004070: 10363614
	v_mul_f32_e32 v28, s20, v28                                // 000000004074: 10383814
	v_mul_f32_e32 v29, s20, v29                                // 000000004078: 103A3A14
	v_mul_f32_e32 v30, s20, v30                                // 00000000407C: 103C3C14
	v_mul_f32_e32 v31, s20, v31                                // 000000004080: 103E3E14
	v_mul_f32_e32 v192, s20, v192                              // 000000004084: 11818014
	v_mul_f32_e32 v193, s20, v193                              // 000000004088: 11838214
	v_mul_f32_e32 v194, s20, v194                              // 00000000408C: 11858414
	v_mul_f32_e32 v195, s20, v195                              // 000000004090: 11878614
	v_mul_f32_e32 v196, s20, v196                              // 000000004094: 11898814
	v_mul_f32_e32 v197, s20, v197                              // 000000004098: 118B8A14
	v_mul_f32_e32 v198, s20, v198                              // 00000000409C: 118D8C14
	v_mul_f32_e32 v199, s20, v199                              // 0000000040A0: 118F8E14
	v_mul_f32_e32 v200, s20, v200                              // 0000000040A4: 11919014
	v_mul_f32_e32 v201, s20, v201                              // 0000000040A8: 11939214
	v_mul_f32_e32 v202, s20, v202                              // 0000000040AC: 11959414
	v_mul_f32_e32 v203, s20, v203                              // 0000000040B0: 11979614
	v_mul_f32_e32 v204, s20, v204                              // 0000000040B4: 11999814
	v_mul_f32_e32 v205, s20, v205                              // 0000000040B8: 119B9A14
	v_mul_f32_e32 v206, s20, v206                              // 0000000040BC: 119D9C14
	v_mul_f32_e32 v207, s20, v207                              // 0000000040C0: 119F9E14
	v_mul_f32_e32 v208, s20, v208                              // 0000000040C4: 11A1A014
	v_mul_f32_e32 v209, s20, v209                              // 0000000040C8: 11A3A214
	v_mul_f32_e32 v210, s20, v210                              // 0000000040CC: 11A5A414
	v_mul_f32_e32 v211, s20, v211                              // 0000000040D0: 11A7A614
	v_mul_f32_e32 v212, s20, v212                              // 0000000040D4: 11A9A814
	v_mul_f32_e32 v213, s20, v213                              // 0000000040D8: 11ABAA14
	v_mul_f32_e32 v214, s20, v214                              // 0000000040DC: 11ADAC14
	v_mul_f32_e32 v215, s20, v215                              // 0000000040E0: 11AFAE14
	s_branch 288                                               // 0000000040E4: BFA00120 <extend_attention_wmma_n64_gfx1151+0x2c68>
	v_mul_f32_e32 v24, s20, v24                                // 0000000040E8: 10303014
	v_add_nc_u32_e32 v235, 0, v3                               // 0000000040EC: 4BD60680
	v_add_nc_u32_e32 v235, s28, v235                           // 0000000040F0: 4BD7D61C
	v_add_nc_u32_e32 v236, 0, v6                               // 0000000040F4: 4BD80C80
	v_add_nc_u32_e32 v237, s19, v236                           // 0000000040F8: 4BDBD813
	v_add_nc_u32_e32 v237, 1, v237                             // 0000000040FC: 4BDBDA81
	v_cmp_lt_u32_e32 vcc_lo, v235, v237                        // 000000004100: 7C93DBEB
	v_cndmask_b32_e32 v24, 0xff800000, v24, vcc_lo             // 000000004104: 023030FF FF800000
	v_mul_f32_e32 v25, s20, v25                                // 00000000410C: 10323214
	v_add_nc_u32_e32 v235, 0, v3                               // 000000004110: 4BD60680
	v_add_nc_u32_e32 v235, s28, v235                           // 000000004114: 4BD7D61C
	v_add_nc_u32_e32 v236, 2, v6                               // 000000004118: 4BD80C82
	v_add_nc_u32_e32 v237, s19, v236                           // 00000000411C: 4BDBD813
	v_add_nc_u32_e32 v237, 1, v237                             // 000000004120: 4BDBDA81
	v_cmp_lt_u32_e32 vcc_lo, v235, v237                        // 000000004124: 7C93DBEB
	v_cndmask_b32_e32 v25, 0xff800000, v25, vcc_lo             // 000000004128: 023232FF FF800000
	v_mul_f32_e32 v26, s20, v26                                // 000000004130: 10343414
	v_add_nc_u32_e32 v235, 0, v3                               // 000000004134: 4BD60680
	v_add_nc_u32_e32 v235, s28, v235                           // 000000004138: 4BD7D61C
	v_add_nc_u32_e32 v236, 4, v6                               // 00000000413C: 4BD80C84
	v_add_nc_u32_e32 v237, s19, v236                           // 000000004140: 4BDBD813
	v_add_nc_u32_e32 v237, 1, v237                             // 000000004144: 4BDBDA81
	v_cmp_lt_u32_e32 vcc_lo, v235, v237                        // 000000004148: 7C93DBEB
	v_cndmask_b32_e32 v26, 0xff800000, v26, vcc_lo             // 00000000414C: 023434FF FF800000
	v_mul_f32_e32 v27, s20, v27                                // 000000004154: 10363614
	v_add_nc_u32_e32 v235, 0, v3                               // 000000004158: 4BD60680
	v_add_nc_u32_e32 v235, s28, v235                           // 00000000415C: 4BD7D61C
	v_add_nc_u32_e32 v236, 6, v6                               // 000000004160: 4BD80C86
	v_add_nc_u32_e32 v237, s19, v236                           // 000000004164: 4BDBD813
	v_add_nc_u32_e32 v237, 1, v237                             // 000000004168: 4BDBDA81
	v_cmp_lt_u32_e32 vcc_lo, v235, v237                        // 00000000416C: 7C93DBEB
	v_cndmask_b32_e32 v27, 0xff800000, v27, vcc_lo             // 000000004170: 023636FF FF800000
	v_mul_f32_e32 v28, s20, v28                                // 000000004178: 10383814
	v_add_nc_u32_e32 v235, 0, v3                               // 00000000417C: 4BD60680
	v_add_nc_u32_e32 v235, s28, v235                           // 000000004180: 4BD7D61C
	v_add_nc_u32_e32 v236, 8, v6                               // 000000004184: 4BD80C88
	v_add_nc_u32_e32 v237, s19, v236                           // 000000004188: 4BDBD813
	v_add_nc_u32_e32 v237, 1, v237                             // 00000000418C: 4BDBDA81
	v_cmp_lt_u32_e32 vcc_lo, v235, v237                        // 000000004190: 7C93DBEB
	v_cndmask_b32_e32 v28, 0xff800000, v28, vcc_lo             // 000000004194: 023838FF FF800000
	v_mul_f32_e32 v29, s20, v29                                // 00000000419C: 103A3A14
	v_add_nc_u32_e32 v235, 0, v3                               // 0000000041A0: 4BD60680
	v_add_nc_u32_e32 v235, s28, v235                           // 0000000041A4: 4BD7D61C
	v_add_nc_u32_e32 v236, 10, v6                              // 0000000041A8: 4BD80C8A
	v_add_nc_u32_e32 v237, s19, v236                           // 0000000041AC: 4BDBD813
	v_add_nc_u32_e32 v237, 1, v237                             // 0000000041B0: 4BDBDA81
	v_cmp_lt_u32_e32 vcc_lo, v235, v237                        // 0000000041B4: 7C93DBEB
	v_cndmask_b32_e32 v29, 0xff800000, v29, vcc_lo             // 0000000041B8: 023A3AFF FF800000
	v_mul_f32_e32 v30, s20, v30                                // 0000000041C0: 103C3C14
	v_add_nc_u32_e32 v235, 0, v3                               // 0000000041C4: 4BD60680
	v_add_nc_u32_e32 v235, s28, v235                           // 0000000041C8: 4BD7D61C
	v_add_nc_u32_e32 v236, 12, v6                              // 0000000041CC: 4BD80C8C
	v_add_nc_u32_e32 v237, s19, v236                           // 0000000041D0: 4BDBD813
	v_add_nc_u32_e32 v237, 1, v237                             // 0000000041D4: 4BDBDA81
	v_cmp_lt_u32_e32 vcc_lo, v235, v237                        // 0000000041D8: 7C93DBEB
	v_cndmask_b32_e32 v30, 0xff800000, v30, vcc_lo             // 0000000041DC: 023C3CFF FF800000
	v_mul_f32_e32 v31, s20, v31                                // 0000000041E4: 103E3E14
	v_add_nc_u32_e32 v235, 0, v3                               // 0000000041E8: 4BD60680
	v_add_nc_u32_e32 v235, s28, v235                           // 0000000041EC: 4BD7D61C
	v_add_nc_u32_e32 v236, 14, v6                              // 0000000041F0: 4BD80C8E
	v_add_nc_u32_e32 v237, s19, v236                           // 0000000041F4: 4BDBD813
	v_add_nc_u32_e32 v237, 1, v237                             // 0000000041F8: 4BDBDA81
	v_cmp_lt_u32_e32 vcc_lo, v235, v237                        // 0000000041FC: 7C93DBEB
	v_cndmask_b32_e32 v31, 0xff800000, v31, vcc_lo             // 000000004200: 023E3EFF FF800000
	v_mul_f32_e32 v192, s20, v192                              // 000000004208: 11818014
	v_add_nc_u32_e32 v235, 16, v3                              // 00000000420C: 4BD60690
	v_add_nc_u32_e32 v235, s28, v235                           // 000000004210: 4BD7D61C
	v_add_nc_u32_e32 v236, 0, v6                               // 000000004214: 4BD80C80
	v_add_nc_u32_e32 v237, s19, v236                           // 000000004218: 4BDBD813
	v_add_nc_u32_e32 v237, 1, v237                             // 00000000421C: 4BDBDA81
	v_cmp_lt_u32_e32 vcc_lo, v235, v237                        // 000000004220: 7C93DBEB
	v_cndmask_b32_e32 v192, 0xff800000, v192, vcc_lo           // 000000004224: 038180FF FF800000
	v_mul_f32_e32 v193, s20, v193                              // 00000000422C: 11838214
	v_add_nc_u32_e32 v235, 16, v3                              // 000000004230: 4BD60690
	v_add_nc_u32_e32 v235, s28, v235                           // 000000004234: 4BD7D61C
	v_add_nc_u32_e32 v236, 2, v6                               // 000000004238: 4BD80C82
	v_add_nc_u32_e32 v237, s19, v236                           // 00000000423C: 4BDBD813
	v_add_nc_u32_e32 v237, 1, v237                             // 000000004240: 4BDBDA81
	v_cmp_lt_u32_e32 vcc_lo, v235, v237                        // 000000004244: 7C93DBEB
	v_cndmask_b32_e32 v193, 0xff800000, v193, vcc_lo           // 000000004248: 038382FF FF800000
	v_mul_f32_e32 v194, s20, v194                              // 000000004250: 11858414
	v_add_nc_u32_e32 v235, 16, v3                              // 000000004254: 4BD60690
	v_add_nc_u32_e32 v235, s28, v235                           // 000000004258: 4BD7D61C
	v_add_nc_u32_e32 v236, 4, v6                               // 00000000425C: 4BD80C84
	v_add_nc_u32_e32 v237, s19, v236                           // 000000004260: 4BDBD813
	v_add_nc_u32_e32 v237, 1, v237                             // 000000004264: 4BDBDA81
	v_cmp_lt_u32_e32 vcc_lo, v235, v237                        // 000000004268: 7C93DBEB
	v_cndmask_b32_e32 v194, 0xff800000, v194, vcc_lo           // 00000000426C: 038584FF FF800000
	v_mul_f32_e32 v195, s20, v195                              // 000000004274: 11878614
	v_add_nc_u32_e32 v235, 16, v3                              // 000000004278: 4BD60690
	v_add_nc_u32_e32 v235, s28, v235                           // 00000000427C: 4BD7D61C
	v_add_nc_u32_e32 v236, 6, v6                               // 000000004280: 4BD80C86
	v_add_nc_u32_e32 v237, s19, v236                           // 000000004284: 4BDBD813
	v_add_nc_u32_e32 v237, 1, v237                             // 000000004288: 4BDBDA81
	v_cmp_lt_u32_e32 vcc_lo, v235, v237                        // 00000000428C: 7C93DBEB
	v_cndmask_b32_e32 v195, 0xff800000, v195, vcc_lo           // 000000004290: 038786FF FF800000
	v_mul_f32_e32 v196, s20, v196                              // 000000004298: 11898814
	v_add_nc_u32_e32 v235, 16, v3                              // 00000000429C: 4BD60690
	v_add_nc_u32_e32 v235, s28, v235                           // 0000000042A0: 4BD7D61C
	v_add_nc_u32_e32 v236, 8, v6                               // 0000000042A4: 4BD80C88
	v_add_nc_u32_e32 v237, s19, v236                           // 0000000042A8: 4BDBD813
	v_add_nc_u32_e32 v237, 1, v237                             // 0000000042AC: 4BDBDA81
	v_cmp_lt_u32_e32 vcc_lo, v235, v237                        // 0000000042B0: 7C93DBEB
	v_cndmask_b32_e32 v196, 0xff800000, v196, vcc_lo           // 0000000042B4: 038988FF FF800000
	v_mul_f32_e32 v197, s20, v197                              // 0000000042BC: 118B8A14
	v_add_nc_u32_e32 v235, 16, v3                              // 0000000042C0: 4BD60690
	v_add_nc_u32_e32 v235, s28, v235                           // 0000000042C4: 4BD7D61C
	v_add_nc_u32_e32 v236, 10, v6                              // 0000000042C8: 4BD80C8A
	v_add_nc_u32_e32 v237, s19, v236                           // 0000000042CC: 4BDBD813
	v_add_nc_u32_e32 v237, 1, v237                             // 0000000042D0: 4BDBDA81
	v_cmp_lt_u32_e32 vcc_lo, v235, v237                        // 0000000042D4: 7C93DBEB
	v_cndmask_b32_e32 v197, 0xff800000, v197, vcc_lo           // 0000000042D8: 038B8AFF FF800000
	v_mul_f32_e32 v198, s20, v198                              // 0000000042E0: 118D8C14
	v_add_nc_u32_e32 v235, 16, v3                              // 0000000042E4: 4BD60690
	v_add_nc_u32_e32 v235, s28, v235                           // 0000000042E8: 4BD7D61C
	v_add_nc_u32_e32 v236, 12, v6                              // 0000000042EC: 4BD80C8C
	v_add_nc_u32_e32 v237, s19, v236                           // 0000000042F0: 4BDBD813
	v_add_nc_u32_e32 v237, 1, v237                             // 0000000042F4: 4BDBDA81
	v_cmp_lt_u32_e32 vcc_lo, v235, v237                        // 0000000042F8: 7C93DBEB
	v_cndmask_b32_e32 v198, 0xff800000, v198, vcc_lo           // 0000000042FC: 038D8CFF FF800000
	v_mul_f32_e32 v199, s20, v199                              // 000000004304: 118F8E14
	v_add_nc_u32_e32 v235, 16, v3                              // 000000004308: 4BD60690
	v_add_nc_u32_e32 v235, s28, v235                           // 00000000430C: 4BD7D61C
	v_add_nc_u32_e32 v236, 14, v6                              // 000000004310: 4BD80C8E
	v_add_nc_u32_e32 v237, s19, v236                           // 000000004314: 4BDBD813
	v_add_nc_u32_e32 v237, 1, v237                             // 000000004318: 4BDBDA81
	v_cmp_lt_u32_e32 vcc_lo, v235, v237                        // 00000000431C: 7C93DBEB
	v_cndmask_b32_e32 v199, 0xff800000, v199, vcc_lo           // 000000004320: 038F8EFF FF800000
	v_mul_f32_e32 v200, s20, v200                              // 000000004328: 11919014
	v_add_nc_u32_e32 v235, 32, v3                              // 00000000432C: 4BD606A0
	v_add_nc_u32_e32 v235, s28, v235                           // 000000004330: 4BD7D61C
	v_add_nc_u32_e32 v236, 0, v6                               // 000000004334: 4BD80C80
	v_add_nc_u32_e32 v237, s19, v236                           // 000000004338: 4BDBD813
	v_add_nc_u32_e32 v237, 1, v237                             // 00000000433C: 4BDBDA81
	v_cmp_lt_u32_e32 vcc_lo, v235, v237                        // 000000004340: 7C93DBEB
	v_cndmask_b32_e32 v200, 0xff800000, v200, vcc_lo           // 000000004344: 039190FF FF800000
	v_mul_f32_e32 v201, s20, v201                              // 00000000434C: 11939214
	v_add_nc_u32_e32 v235, 32, v3                              // 000000004350: 4BD606A0
	v_add_nc_u32_e32 v235, s28, v235                           // 000000004354: 4BD7D61C
	v_add_nc_u32_e32 v236, 2, v6                               // 000000004358: 4BD80C82
	v_add_nc_u32_e32 v237, s19, v236                           // 00000000435C: 4BDBD813
	v_add_nc_u32_e32 v237, 1, v237                             // 000000004360: 4BDBDA81
	v_cmp_lt_u32_e32 vcc_lo, v235, v237                        // 000000004364: 7C93DBEB
	v_cndmask_b32_e32 v201, 0xff800000, v201, vcc_lo           // 000000004368: 039392FF FF800000
	v_mul_f32_e32 v202, s20, v202                              // 000000004370: 11959414
	v_add_nc_u32_e32 v235, 32, v3                              // 000000004374: 4BD606A0
	v_add_nc_u32_e32 v235, s28, v235                           // 000000004378: 4BD7D61C
	v_add_nc_u32_e32 v236, 4, v6                               // 00000000437C: 4BD80C84
	v_add_nc_u32_e32 v237, s19, v236                           // 000000004380: 4BDBD813
	v_add_nc_u32_e32 v237, 1, v237                             // 000000004384: 4BDBDA81
	v_cmp_lt_u32_e32 vcc_lo, v235, v237                        // 000000004388: 7C93DBEB
	v_cndmask_b32_e32 v202, 0xff800000, v202, vcc_lo           // 00000000438C: 039594FF FF800000
	v_mul_f32_e32 v203, s20, v203                              // 000000004394: 11979614
	v_add_nc_u32_e32 v235, 32, v3                              // 000000004398: 4BD606A0
	v_add_nc_u32_e32 v235, s28, v235                           // 00000000439C: 4BD7D61C
	v_add_nc_u32_e32 v236, 6, v6                               // 0000000043A0: 4BD80C86
	v_add_nc_u32_e32 v237, s19, v236                           // 0000000043A4: 4BDBD813
	v_add_nc_u32_e32 v237, 1, v237                             // 0000000043A8: 4BDBDA81
	v_cmp_lt_u32_e32 vcc_lo, v235, v237                        // 0000000043AC: 7C93DBEB
	v_cndmask_b32_e32 v203, 0xff800000, v203, vcc_lo           // 0000000043B0: 039796FF FF800000
	v_mul_f32_e32 v204, s20, v204                              // 0000000043B8: 11999814
	v_add_nc_u32_e32 v235, 32, v3                              // 0000000043BC: 4BD606A0
	v_add_nc_u32_e32 v235, s28, v235                           // 0000000043C0: 4BD7D61C
	v_add_nc_u32_e32 v236, 8, v6                               // 0000000043C4: 4BD80C88
	v_add_nc_u32_e32 v237, s19, v236                           // 0000000043C8: 4BDBD813
	v_add_nc_u32_e32 v237, 1, v237                             // 0000000043CC: 4BDBDA81
	v_cmp_lt_u32_e32 vcc_lo, v235, v237                        // 0000000043D0: 7C93DBEB
	v_cndmask_b32_e32 v204, 0xff800000, v204, vcc_lo           // 0000000043D4: 039998FF FF800000
	v_mul_f32_e32 v205, s20, v205                              // 0000000043DC: 119B9A14
	v_add_nc_u32_e32 v235, 32, v3                              // 0000000043E0: 4BD606A0
	v_add_nc_u32_e32 v235, s28, v235                           // 0000000043E4: 4BD7D61C
	v_add_nc_u32_e32 v236, 10, v6                              // 0000000043E8: 4BD80C8A
	v_add_nc_u32_e32 v237, s19, v236                           // 0000000043EC: 4BDBD813
	v_add_nc_u32_e32 v237, 1, v237                             // 0000000043F0: 4BDBDA81
	v_cmp_lt_u32_e32 vcc_lo, v235, v237                        // 0000000043F4: 7C93DBEB
	v_cndmask_b32_e32 v205, 0xff800000, v205, vcc_lo           // 0000000043F8: 039B9AFF FF800000
	v_mul_f32_e32 v206, s20, v206                              // 000000004400: 119D9C14
	v_add_nc_u32_e32 v235, 32, v3                              // 000000004404: 4BD606A0
	v_add_nc_u32_e32 v235, s28, v235                           // 000000004408: 4BD7D61C
	v_add_nc_u32_e32 v236, 12, v6                              // 00000000440C: 4BD80C8C
	v_add_nc_u32_e32 v237, s19, v236                           // 000000004410: 4BDBD813
	v_add_nc_u32_e32 v237, 1, v237                             // 000000004414: 4BDBDA81
	v_cmp_lt_u32_e32 vcc_lo, v235, v237                        // 000000004418: 7C93DBEB
	v_cndmask_b32_e32 v206, 0xff800000, v206, vcc_lo           // 00000000441C: 039D9CFF FF800000
	v_mul_f32_e32 v207, s20, v207                              // 000000004424: 119F9E14
	v_add_nc_u32_e32 v235, 32, v3                              // 000000004428: 4BD606A0
	v_add_nc_u32_e32 v235, s28, v235                           // 00000000442C: 4BD7D61C
	v_add_nc_u32_e32 v236, 14, v6                              // 000000004430: 4BD80C8E
	v_add_nc_u32_e32 v237, s19, v236                           // 000000004434: 4BDBD813
	v_add_nc_u32_e32 v237, 1, v237                             // 000000004438: 4BDBDA81
	v_cmp_lt_u32_e32 vcc_lo, v235, v237                        // 00000000443C: 7C93DBEB
	v_cndmask_b32_e32 v207, 0xff800000, v207, vcc_lo           // 000000004440: 039F9EFF FF800000
	v_mul_f32_e32 v208, s20, v208                              // 000000004448: 11A1A014
	v_add_nc_u32_e32 v235, 48, v3                              // 00000000444C: 4BD606B0
	v_add_nc_u32_e32 v235, s28, v235                           // 000000004450: 4BD7D61C
	v_add_nc_u32_e32 v236, 0, v6                               // 000000004454: 4BD80C80
	v_add_nc_u32_e32 v237, s19, v236                           // 000000004458: 4BDBD813
	v_add_nc_u32_e32 v237, 1, v237                             // 00000000445C: 4BDBDA81
	v_cmp_lt_u32_e32 vcc_lo, v235, v237                        // 000000004460: 7C93DBEB
	v_cndmask_b32_e32 v208, 0xff800000, v208, vcc_lo           // 000000004464: 03A1A0FF FF800000
	v_mul_f32_e32 v209, s20, v209                              // 00000000446C: 11A3A214
	v_add_nc_u32_e32 v235, 48, v3                              // 000000004470: 4BD606B0
	v_add_nc_u32_e32 v235, s28, v235                           // 000000004474: 4BD7D61C
	v_add_nc_u32_e32 v236, 2, v6                               // 000000004478: 4BD80C82
	v_add_nc_u32_e32 v237, s19, v236                           // 00000000447C: 4BDBD813
	v_add_nc_u32_e32 v237, 1, v237                             // 000000004480: 4BDBDA81
	v_cmp_lt_u32_e32 vcc_lo, v235, v237                        // 000000004484: 7C93DBEB
	v_cndmask_b32_e32 v209, 0xff800000, v209, vcc_lo           // 000000004488: 03A3A2FF FF800000
	v_mul_f32_e32 v210, s20, v210                              // 000000004490: 11A5A414
	v_add_nc_u32_e32 v235, 48, v3                              // 000000004494: 4BD606B0
	v_add_nc_u32_e32 v235, s28, v235                           // 000000004498: 4BD7D61C
	v_add_nc_u32_e32 v236, 4, v6                               // 00000000449C: 4BD80C84
	v_add_nc_u32_e32 v237, s19, v236                           // 0000000044A0: 4BDBD813
	v_add_nc_u32_e32 v237, 1, v237                             // 0000000044A4: 4BDBDA81
	v_cmp_lt_u32_e32 vcc_lo, v235, v237                        // 0000000044A8: 7C93DBEB
	v_cndmask_b32_e32 v210, 0xff800000, v210, vcc_lo           // 0000000044AC: 03A5A4FF FF800000
	v_mul_f32_e32 v211, s20, v211                              // 0000000044B4: 11A7A614
	v_add_nc_u32_e32 v235, 48, v3                              // 0000000044B8: 4BD606B0
	v_add_nc_u32_e32 v235, s28, v235                           // 0000000044BC: 4BD7D61C
	v_add_nc_u32_e32 v236, 6, v6                               // 0000000044C0: 4BD80C86
	v_add_nc_u32_e32 v237, s19, v236                           // 0000000044C4: 4BDBD813
	v_add_nc_u32_e32 v237, 1, v237                             // 0000000044C8: 4BDBDA81
	v_cmp_lt_u32_e32 vcc_lo, v235, v237                        // 0000000044CC: 7C93DBEB
	v_cndmask_b32_e32 v211, 0xff800000, v211, vcc_lo           // 0000000044D0: 03A7A6FF FF800000
	v_mul_f32_e32 v212, s20, v212                              // 0000000044D8: 11A9A814
	v_add_nc_u32_e32 v235, 48, v3                              // 0000000044DC: 4BD606B0
	v_add_nc_u32_e32 v235, s28, v235                           // 0000000044E0: 4BD7D61C
	v_add_nc_u32_e32 v236, 8, v6                               // 0000000044E4: 4BD80C88
	v_add_nc_u32_e32 v237, s19, v236                           // 0000000044E8: 4BDBD813
	v_add_nc_u32_e32 v237, 1, v237                             // 0000000044EC: 4BDBDA81
	v_cmp_lt_u32_e32 vcc_lo, v235, v237                        // 0000000044F0: 7C93DBEB
	v_cndmask_b32_e32 v212, 0xff800000, v212, vcc_lo           // 0000000044F4: 03A9A8FF FF800000
	v_mul_f32_e32 v213, s20, v213                              // 0000000044FC: 11ABAA14
	v_add_nc_u32_e32 v235, 48, v3                              // 000000004500: 4BD606B0
	v_add_nc_u32_e32 v235, s28, v235                           // 000000004504: 4BD7D61C
	v_add_nc_u32_e32 v236, 10, v6                              // 000000004508: 4BD80C8A
	v_add_nc_u32_e32 v237, s19, v236                           // 00000000450C: 4BDBD813
	v_add_nc_u32_e32 v237, 1, v237                             // 000000004510: 4BDBDA81
	v_cmp_lt_u32_e32 vcc_lo, v235, v237                        // 000000004514: 7C93DBEB
	v_cndmask_b32_e32 v213, 0xff800000, v213, vcc_lo           // 000000004518: 03ABAAFF FF800000
	v_mul_f32_e32 v214, s20, v214                              // 000000004520: 11ADAC14
	v_add_nc_u32_e32 v235, 48, v3                              // 000000004524: 4BD606B0
	v_add_nc_u32_e32 v235, s28, v235                           // 000000004528: 4BD7D61C
	v_add_nc_u32_e32 v236, 12, v6                              // 00000000452C: 4BD80C8C
	v_add_nc_u32_e32 v237, s19, v236                           // 000000004530: 4BDBD813
	v_add_nc_u32_e32 v237, 1, v237                             // 000000004534: 4BDBDA81
	v_cmp_lt_u32_e32 vcc_lo, v235, v237                        // 000000004538: 7C93DBEB
	v_cndmask_b32_e32 v214, 0xff800000, v214, vcc_lo           // 00000000453C: 03ADACFF FF800000
	v_mul_f32_e32 v215, s20, v215                              // 000000004544: 11AFAE14
	v_add_nc_u32_e32 v235, 48, v3                              // 000000004548: 4BD606B0
	v_add_nc_u32_e32 v235, s28, v235                           // 00000000454C: 4BD7D61C
	v_add_nc_u32_e32 v236, 14, v6                              // 000000004550: 4BD80C8E
	v_add_nc_u32_e32 v237, s19, v236                           // 000000004554: 4BDBD813
	v_add_nc_u32_e32 v237, 1, v237                             // 000000004558: 4BDBDA81
	v_cmp_lt_u32_e32 vcc_lo, v235, v237                        // 00000000455C: 7C93DBEB
	v_cndmask_b32_e32 v215, 0xff800000, v215, vcc_lo           // 000000004560: 03AFAEFF FF800000
	v_mov_b32_e32 v216, v24                                    // 000000004568: 7FB00318
	v_mov_b32_e32 v224, v216                                   // 00000000456C: 7FC003D8
	v_mov_b32_dpp v224, v224 row_shr:8 row_mask:0xf bank_mask:0xc// 000000004570: 7FC002FA FC0118E0
	v_mov_b32_dpp v224, v216 row_shl:8 row_mask:0xf bank_mask:0x3// 000000004578: 7FC002FA F30108D8
	v_max_f32_e32 v216, v216, v224                             // 000000004580: 21B1C1D8
	v_mov_b32_e32 v224, v216                                   // 000000004584: 7FC003D8
	v_mov_b32_dpp v224, v224 row_shr:4 row_mask:0xf bank_mask:0xa// 000000004588: 7FC002FA FA0114E0
	v_mov_b32_dpp v224, v216 row_shl:4 row_mask:0xf bank_mask:0x5// 000000004590: 7FC002FA F50104D8
	v_max_f32_e32 v216, v216, v224                             // 000000004598: 21B1C1D8
	v_mov_b32_dpp v224, v216 quad_perm:[2,3,0,1] row_mask:0xf bank_mask:0xf// 00000000459C: 7FC002FA FF004ED8
	v_max_f32_e32 v216, v216, v224                             // 0000000045A4: 21B1C1D8
	v_mov_b32_dpp v224, v216 quad_perm:[1,0,3,2] row_mask:0xf bank_mask:0xf// 0000000045A8: 7FC002FA FF00B1D8
	v_max_f32_e32 v216, v216, v224                             // 0000000045B0: 21B1C1D8
	v_mov_b32_e32 v225, v192                                   // 0000000045B4: 7FC203C0
	v_mov_b32_e32 v224, v225                                   // 0000000045B8: 7FC003E1
	v_mov_b32_dpp v224, v224 row_shr:8 row_mask:0xf bank_mask:0xc// 0000000045BC: 7FC002FA FC0118E0
	v_mov_b32_dpp v224, v225 row_shl:8 row_mask:0xf bank_mask:0x3// 0000000045C4: 7FC002FA F30108E1
	v_max_f32_e32 v225, v225, v224                             // 0000000045CC: 21C3C1E1
	v_mov_b32_e32 v224, v225                                   // 0000000045D0: 7FC003E1
	v_mov_b32_dpp v224, v224 row_shr:4 row_mask:0xf bank_mask:0xa// 0000000045D4: 7FC002FA FA0114E0
	v_mov_b32_dpp v224, v225 row_shl:4 row_mask:0xf bank_mask:0x5// 0000000045DC: 7FC002FA F50104E1
	v_max_f32_e32 v225, v225, v224                             // 0000000045E4: 21C3C1E1
	v_mov_b32_dpp v224, v225 quad_perm:[2,3,0,1] row_mask:0xf bank_mask:0xf// 0000000045E8: 7FC002FA FF004EE1
	v_max_f32_e32 v225, v225, v224                             // 0000000045F0: 21C3C1E1
	v_mov_b32_dpp v224, v225 quad_perm:[1,0,3,2] row_mask:0xf bank_mask:0xf// 0000000045F4: 7FC002FA FF00B1E1
	v_max_f32_e32 v225, v225, v224                             // 0000000045FC: 21C3C1E1
	v_max_f32_e32 v216, v216, v225                             // 000000004600: 21B1C3D8
	v_mov_b32_e32 v225, v200                                   // 000000004604: 7FC203C8
	v_mov_b32_e32 v224, v225                                   // 000000004608: 7FC003E1
	v_mov_b32_dpp v224, v224 row_shr:8 row_mask:0xf bank_mask:0xc// 00000000460C: 7FC002FA FC0118E0
	v_mov_b32_dpp v224, v225 row_shl:8 row_mask:0xf bank_mask:0x3// 000000004614: 7FC002FA F30108E1
	v_max_f32_e32 v225, v225, v224                             // 00000000461C: 21C3C1E1
	v_mov_b32_e32 v224, v225                                   // 000000004620: 7FC003E1
	v_mov_b32_dpp v224, v224 row_shr:4 row_mask:0xf bank_mask:0xa// 000000004624: 7FC002FA FA0114E0
	v_mov_b32_dpp v224, v225 row_shl:4 row_mask:0xf bank_mask:0x5// 00000000462C: 7FC002FA F50104E1
	v_max_f32_e32 v225, v225, v224                             // 000000004634: 21C3C1E1
	v_mov_b32_dpp v224, v225 quad_perm:[2,3,0,1] row_mask:0xf bank_mask:0xf// 000000004638: 7FC002FA FF004EE1
	v_max_f32_e32 v225, v225, v224                             // 000000004640: 21C3C1E1
	v_mov_b32_dpp v224, v225 quad_perm:[1,0,3,2] row_mask:0xf bank_mask:0xf// 000000004644: 7FC002FA FF00B1E1
	v_max_f32_e32 v225, v225, v224                             // 00000000464C: 21C3C1E1
	v_max_f32_e32 v216, v216, v225                             // 000000004650: 21B1C3D8
	v_mov_b32_e32 v225, v208                                   // 000000004654: 7FC203D0
	v_mov_b32_e32 v224, v225                                   // 000000004658: 7FC003E1
	v_mov_b32_dpp v224, v224 row_shr:8 row_mask:0xf bank_mask:0xc// 00000000465C: 7FC002FA FC0118E0
	v_mov_b32_dpp v224, v225 row_shl:8 row_mask:0xf bank_mask:0x3// 000000004664: 7FC002FA F30108E1
	v_max_f32_e32 v225, v225, v224                             // 00000000466C: 21C3C1E1
	v_mov_b32_e32 v224, v225                                   // 000000004670: 7FC003E1
	v_mov_b32_dpp v224, v224 row_shr:4 row_mask:0xf bank_mask:0xa// 000000004674: 7FC002FA FA0114E0
	v_mov_b32_dpp v224, v225 row_shl:4 row_mask:0xf bank_mask:0x5// 00000000467C: 7FC002FA F50104E1
	v_max_f32_e32 v225, v225, v224                             // 000000004684: 21C3C1E1
	v_mov_b32_dpp v224, v225 quad_perm:[2,3,0,1] row_mask:0xf bank_mask:0xf// 000000004688: 7FC002FA FF004EE1
	v_max_f32_e32 v225, v225, v224                             // 000000004690: 21C3C1E1
	v_mov_b32_dpp v224, v225 quad_perm:[1,0,3,2] row_mask:0xf bank_mask:0xf// 000000004694: 7FC002FA FF00B1E1
	v_max_f32_e32 v225, v225, v224                             // 00000000469C: 21C3C1E1
	v_max_f32_e32 v216, v216, v225                             // 0000000046A0: 21B1C3D8
	v_max_f32_e32 v216, v32, v216                              // 0000000046A4: 21B1B120
	v_sub_f32_e32 v48, v32, v216                               // 0000000046A8: 0861B120
	v_mul_f32_e32 v48, 0x3fb8aa3b, v48                         // 0000000046AC: 106060FF 3FB8AA3B
	v_exp_f32_e32 v48, v48                                     // 0000000046B4: 7E604B30
	v_sub_f32_e32 v24, v24, v216                               // 0000000046B8: 0831B118
	v_mul_f32_e32 v24, 0x3fb8aa3b, v24                         // 0000000046BC: 103030FF 3FB8AA3B
	v_exp_f32_e32 v24, v24                                     // 0000000046C4: 7E304B18
	v_sub_f32_e32 v192, v192, v216                             // 0000000046C8: 0981B1C0
	v_mul_f32_e32 v192, 0x3fb8aa3b, v192                       // 0000000046CC: 118180FF 3FB8AA3B
	v_exp_f32_e32 v192, v192                                   // 0000000046D4: 7F804BC0
	v_sub_f32_e32 v200, v200, v216                             // 0000000046D8: 0991B1C8
	v_mul_f32_e32 v200, 0x3fb8aa3b, v200                       // 0000000046DC: 119190FF 3FB8AA3B
	v_exp_f32_e32 v200, v200                                   // 0000000046E4: 7F904BC8
	v_sub_f32_e32 v208, v208, v216                             // 0000000046E8: 09A1B1D0
	v_mul_f32_e32 v208, 0x3fb8aa3b, v208                       // 0000000046EC: 11A1A0FF 3FB8AA3B
	v_exp_f32_e32 v208, v208                                   // 0000000046F4: 7FA04BD0
	v_mov_b32_e32 v32, v216                                    // 0000000046F8: 7E4003D8
	v_mov_b32_e32 v216, v24                                    // 0000000046FC: 7FB00318
	v_mov_b32_e32 v224, v216                                   // 000000004700: 7FC003D8
	v_mov_b32_dpp v224, v224 row_shr:8 row_mask:0xf bank_mask:0xc// 000000004704: 7FC002FA FC0118E0
	v_mov_b32_dpp v224, v216 row_shl:8 row_mask:0xf bank_mask:0x3// 00000000470C: 7FC002FA F30108D8
	v_add_f32_e32 v216, v216, v224                             // 000000004714: 07B1C1D8
	v_mov_b32_e32 v224, v216                                   // 000000004718: 7FC003D8
	v_mov_b32_dpp v224, v224 row_shr:4 row_mask:0xf bank_mask:0xa// 00000000471C: 7FC002FA FA0114E0
	v_mov_b32_dpp v224, v216 row_shl:4 row_mask:0xf bank_mask:0x5// 000000004724: 7FC002FA F50104D8
	v_add_f32_e32 v216, v216, v224                             // 00000000472C: 07B1C1D8
	v_mov_b32_dpp v224, v216 quad_perm:[2,3,0,1] row_mask:0xf bank_mask:0xf// 000000004730: 7FC002FA FF004ED8
	v_add_f32_e32 v216, v216, v224                             // 000000004738: 07B1C1D8
	v_mov_b32_dpp v224, v216 quad_perm:[1,0,3,2] row_mask:0xf bank_mask:0xf// 00000000473C: 7FC002FA FF00B1D8
	v_add_f32_e32 v216, v216, v224                             // 000000004744: 07B1C1D8
	v_mov_b32_e32 v225, v192                                   // 000000004748: 7FC203C0
	v_mov_b32_e32 v224, v225                                   // 00000000474C: 7FC003E1
	v_mov_b32_dpp v224, v224 row_shr:8 row_mask:0xf bank_mask:0xc// 000000004750: 7FC002FA FC0118E0
	v_mov_b32_dpp v224, v225 row_shl:8 row_mask:0xf bank_mask:0x3// 000000004758: 7FC002FA F30108E1
	v_add_f32_e32 v225, v225, v224                             // 000000004760: 07C3C1E1
	v_mov_b32_e32 v224, v225                                   // 000000004764: 7FC003E1
	v_mov_b32_dpp v224, v224 row_shr:4 row_mask:0xf bank_mask:0xa// 000000004768: 7FC002FA FA0114E0
	v_mov_b32_dpp v224, v225 row_shl:4 row_mask:0xf bank_mask:0x5// 000000004770: 7FC002FA F50104E1
	v_add_f32_e32 v225, v225, v224                             // 000000004778: 07C3C1E1
	v_mov_b32_dpp v224, v225 quad_perm:[2,3,0,1] row_mask:0xf bank_mask:0xf// 00000000477C: 7FC002FA FF004EE1
	v_add_f32_e32 v225, v225, v224                             // 000000004784: 07C3C1E1
	v_mov_b32_dpp v224, v225 quad_perm:[1,0,3,2] row_mask:0xf bank_mask:0xf// 000000004788: 7FC002FA FF00B1E1
	v_add_f32_e32 v225, v225, v224                             // 000000004790: 07C3C1E1
	v_add_f32_e32 v216, v216, v225                             // 000000004794: 07B1C3D8
	v_mov_b32_e32 v225, v200                                   // 000000004798: 7FC203C8
	v_mov_b32_e32 v224, v225                                   // 00000000479C: 7FC003E1
	v_mov_b32_dpp v224, v224 row_shr:8 row_mask:0xf bank_mask:0xc// 0000000047A0: 7FC002FA FC0118E0
	v_mov_b32_dpp v224, v225 row_shl:8 row_mask:0xf bank_mask:0x3// 0000000047A8: 7FC002FA F30108E1
	v_add_f32_e32 v225, v225, v224                             // 0000000047B0: 07C3C1E1
	v_mov_b32_e32 v224, v225                                   // 0000000047B4: 7FC003E1
	v_mov_b32_dpp v224, v224 row_shr:4 row_mask:0xf bank_mask:0xa// 0000000047B8: 7FC002FA FA0114E0
	v_mov_b32_dpp v224, v225 row_shl:4 row_mask:0xf bank_mask:0x5// 0000000047C0: 7FC002FA F50104E1
	v_add_f32_e32 v225, v225, v224                             // 0000000047C8: 07C3C1E1
	v_mov_b32_dpp v224, v225 quad_perm:[2,3,0,1] row_mask:0xf bank_mask:0xf// 0000000047CC: 7FC002FA FF004EE1
	v_add_f32_e32 v225, v225, v224                             // 0000000047D4: 07C3C1E1
	v_mov_b32_dpp v224, v225 quad_perm:[1,0,3,2] row_mask:0xf bank_mask:0xf// 0000000047D8: 7FC002FA FF00B1E1
	v_add_f32_e32 v225, v225, v224                             // 0000000047E0: 07C3C1E1
	v_add_f32_e32 v216, v216, v225                             // 0000000047E4: 07B1C3D8
	v_mov_b32_e32 v225, v208                                   // 0000000047E8: 7FC203D0
	v_mov_b32_e32 v224, v225                                   // 0000000047EC: 7FC003E1
	v_mov_b32_dpp v224, v224 row_shr:8 row_mask:0xf bank_mask:0xc// 0000000047F0: 7FC002FA FC0118E0
	v_mov_b32_dpp v224, v225 row_shl:8 row_mask:0xf bank_mask:0x3// 0000000047F8: 7FC002FA F30108E1
	v_add_f32_e32 v225, v225, v224                             // 000000004800: 07C3C1E1
	v_mov_b32_e32 v224, v225                                   // 000000004804: 7FC003E1
	v_mov_b32_dpp v224, v224 row_shr:4 row_mask:0xf bank_mask:0xa// 000000004808: 7FC002FA FA0114E0
	v_mov_b32_dpp v224, v225 row_shl:4 row_mask:0xf bank_mask:0x5// 000000004810: 7FC002FA F50104E1
	v_add_f32_e32 v225, v225, v224                             // 000000004818: 07C3C1E1
	v_mov_b32_dpp v224, v225 quad_perm:[2,3,0,1] row_mask:0xf bank_mask:0xf// 00000000481C: 7FC002FA FF004EE1
	v_add_f32_e32 v225, v225, v224                             // 000000004824: 07C3C1E1
	v_mov_b32_dpp v224, v225 quad_perm:[1,0,3,2] row_mask:0xf bank_mask:0xf// 000000004828: 7FC002FA FF00B1E1
	v_add_f32_e32 v225, v225, v224                             // 000000004830: 07C3C1E1
	v_add_f32_e32 v216, v216, v225                             // 000000004834: 07B1C3D8
	v_mul_f32_e32 v40, v40, v48                                // 000000004838: 10506128
	v_add_f32_e32 v40, v40, v216                               // 00000000483C: 0651B128
	v_mov_b32_e32 v217, v25                                    // 000000004840: 7FB20319
	v_mov_b32_e32 v224, v217                                   // 000000004844: 7FC003D9
	v_mov_b32_dpp v224, v224 row_shr:8 row_mask:0xf bank_mask:0xc// 000000004848: 7FC002FA FC0118E0
	v_mov_b32_dpp v224, v217 row_shl:8 row_mask:0xf bank_mask:0x3// 000000004850: 7FC002FA F30108D9
	v_max_f32_e32 v217, v217, v224                             // 000000004858: 21B3C1D9
	v_mov_b32_e32 v224, v217                                   // 00000000485C: 7FC003D9
	v_mov_b32_dpp v224, v224 row_shr:4 row_mask:0xf bank_mask:0xa// 000000004860: 7FC002FA FA0114E0
	v_mov_b32_dpp v224, v217 row_shl:4 row_mask:0xf bank_mask:0x5// 000000004868: 7FC002FA F50104D9
	v_max_f32_e32 v217, v217, v224                             // 000000004870: 21B3C1D9
	v_mov_b32_dpp v224, v217 quad_perm:[2,3,0,1] row_mask:0xf bank_mask:0xf// 000000004874: 7FC002FA FF004ED9
	v_max_f32_e32 v217, v217, v224                             // 00000000487C: 21B3C1D9
	v_mov_b32_dpp v224, v217 quad_perm:[1,0,3,2] row_mask:0xf bank_mask:0xf// 000000004880: 7FC002FA FF00B1D9
	v_max_f32_e32 v217, v217, v224                             // 000000004888: 21B3C1D9
	v_mov_b32_e32 v225, v193                                   // 00000000488C: 7FC203C1
	v_mov_b32_e32 v224, v225                                   // 000000004890: 7FC003E1
	v_mov_b32_dpp v224, v224 row_shr:8 row_mask:0xf bank_mask:0xc// 000000004894: 7FC002FA FC0118E0
	v_mov_b32_dpp v224, v225 row_shl:8 row_mask:0xf bank_mask:0x3// 00000000489C: 7FC002FA F30108E1
	v_max_f32_e32 v225, v225, v224                             // 0000000048A4: 21C3C1E1
	v_mov_b32_e32 v224, v225                                   // 0000000048A8: 7FC003E1
	v_mov_b32_dpp v224, v224 row_shr:4 row_mask:0xf bank_mask:0xa// 0000000048AC: 7FC002FA FA0114E0
	v_mov_b32_dpp v224, v225 row_shl:4 row_mask:0xf bank_mask:0x5// 0000000048B4: 7FC002FA F50104E1
	v_max_f32_e32 v225, v225, v224                             // 0000000048BC: 21C3C1E1
	v_mov_b32_dpp v224, v225 quad_perm:[2,3,0,1] row_mask:0xf bank_mask:0xf// 0000000048C0: 7FC002FA FF004EE1
	v_max_f32_e32 v225, v225, v224                             // 0000000048C8: 21C3C1E1
	v_mov_b32_dpp v224, v225 quad_perm:[1,0,3,2] row_mask:0xf bank_mask:0xf// 0000000048CC: 7FC002FA FF00B1E1
	v_max_f32_e32 v225, v225, v224                             // 0000000048D4: 21C3C1E1
	v_max_f32_e32 v217, v217, v225                             // 0000000048D8: 21B3C3D9
	v_mov_b32_e32 v225, v201                                   // 0000000048DC: 7FC203C9
	v_mov_b32_e32 v224, v225                                   // 0000000048E0: 7FC003E1
	v_mov_b32_dpp v224, v224 row_shr:8 row_mask:0xf bank_mask:0xc// 0000000048E4: 7FC002FA FC0118E0
	v_mov_b32_dpp v224, v225 row_shl:8 row_mask:0xf bank_mask:0x3// 0000000048EC: 7FC002FA F30108E1
	v_max_f32_e32 v225, v225, v224                             // 0000000048F4: 21C3C1E1
	v_mov_b32_e32 v224, v225                                   // 0000000048F8: 7FC003E1
	v_mov_b32_dpp v224, v224 row_shr:4 row_mask:0xf bank_mask:0xa// 0000000048FC: 7FC002FA FA0114E0
	v_mov_b32_dpp v224, v225 row_shl:4 row_mask:0xf bank_mask:0x5// 000000004904: 7FC002FA F50104E1
	v_max_f32_e32 v225, v225, v224                             // 00000000490C: 21C3C1E1
	v_mov_b32_dpp v224, v225 quad_perm:[2,3,0,1] row_mask:0xf bank_mask:0xf// 000000004910: 7FC002FA FF004EE1
	v_max_f32_e32 v225, v225, v224                             // 000000004918: 21C3C1E1
	v_mov_b32_dpp v224, v225 quad_perm:[1,0,3,2] row_mask:0xf bank_mask:0xf// 00000000491C: 7FC002FA FF00B1E1
	v_max_f32_e32 v225, v225, v224                             // 000000004924: 21C3C1E1
	v_max_f32_e32 v217, v217, v225                             // 000000004928: 21B3C3D9
	v_mov_b32_e32 v225, v209                                   // 00000000492C: 7FC203D1
	v_mov_b32_e32 v224, v225                                   // 000000004930: 7FC003E1
	v_mov_b32_dpp v224, v224 row_shr:8 row_mask:0xf bank_mask:0xc// 000000004934: 7FC002FA FC0118E0
	v_mov_b32_dpp v224, v225 row_shl:8 row_mask:0xf bank_mask:0x3// 00000000493C: 7FC002FA F30108E1
	v_max_f32_e32 v225, v225, v224                             // 000000004944: 21C3C1E1
	v_mov_b32_e32 v224, v225                                   // 000000004948: 7FC003E1
	v_mov_b32_dpp v224, v224 row_shr:4 row_mask:0xf bank_mask:0xa// 00000000494C: 7FC002FA FA0114E0
	v_mov_b32_dpp v224, v225 row_shl:4 row_mask:0xf bank_mask:0x5// 000000004954: 7FC002FA F50104E1
	v_max_f32_e32 v225, v225, v224                             // 00000000495C: 21C3C1E1
	v_mov_b32_dpp v224, v225 quad_perm:[2,3,0,1] row_mask:0xf bank_mask:0xf// 000000004960: 7FC002FA FF004EE1
	v_max_f32_e32 v225, v225, v224                             // 000000004968: 21C3C1E1
	v_mov_b32_dpp v224, v225 quad_perm:[1,0,3,2] row_mask:0xf bank_mask:0xf// 00000000496C: 7FC002FA FF00B1E1
	v_max_f32_e32 v225, v225, v224                             // 000000004974: 21C3C1E1
	v_max_f32_e32 v217, v217, v225                             // 000000004978: 21B3C3D9
	v_max_f32_e32 v217, v33, v217                              // 00000000497C: 21B3B321
	v_sub_f32_e32 v49, v33, v217                               // 000000004980: 0863B321
	v_mul_f32_e32 v49, 0x3fb8aa3b, v49                         // 000000004984: 106262FF 3FB8AA3B
	v_exp_f32_e32 v49, v49                                     // 00000000498C: 7E624B31
	v_sub_f32_e32 v25, v25, v217                               // 000000004990: 0833B319
	v_mul_f32_e32 v25, 0x3fb8aa3b, v25                         // 000000004994: 103232FF 3FB8AA3B
	v_exp_f32_e32 v25, v25                                     // 00000000499C: 7E324B19
	v_sub_f32_e32 v193, v193, v217                             // 0000000049A0: 0983B3C1
	v_mul_f32_e32 v193, 0x3fb8aa3b, v193                       // 0000000049A4: 118382FF 3FB8AA3B
	v_exp_f32_e32 v193, v193                                   // 0000000049AC: 7F824BC1
	v_sub_f32_e32 v201, v201, v217                             // 0000000049B0: 0993B3C9
	v_mul_f32_e32 v201, 0x3fb8aa3b, v201                       // 0000000049B4: 119392FF 3FB8AA3B
	v_exp_f32_e32 v201, v201                                   // 0000000049BC: 7F924BC9
	v_sub_f32_e32 v209, v209, v217                             // 0000000049C0: 09A3B3D1
	v_mul_f32_e32 v209, 0x3fb8aa3b, v209                       // 0000000049C4: 11A3A2FF 3FB8AA3B
	v_exp_f32_e32 v209, v209                                   // 0000000049CC: 7FA24BD1
	v_mov_b32_e32 v33, v217                                    // 0000000049D0: 7E4203D9
	v_mov_b32_e32 v217, v25                                    // 0000000049D4: 7FB20319
	v_mov_b32_e32 v224, v217                                   // 0000000049D8: 7FC003D9
	v_mov_b32_dpp v224, v224 row_shr:8 row_mask:0xf bank_mask:0xc// 0000000049DC: 7FC002FA FC0118E0
	v_mov_b32_dpp v224, v217 row_shl:8 row_mask:0xf bank_mask:0x3// 0000000049E4: 7FC002FA F30108D9
	v_add_f32_e32 v217, v217, v224                             // 0000000049EC: 07B3C1D9
	v_mov_b32_e32 v224, v217                                   // 0000000049F0: 7FC003D9
	v_mov_b32_dpp v224, v224 row_shr:4 row_mask:0xf bank_mask:0xa// 0000000049F4: 7FC002FA FA0114E0
	v_mov_b32_dpp v224, v217 row_shl:4 row_mask:0xf bank_mask:0x5// 0000000049FC: 7FC002FA F50104D9
	v_add_f32_e32 v217, v217, v224                             // 000000004A04: 07B3C1D9
	v_mov_b32_dpp v224, v217 quad_perm:[2,3,0,1] row_mask:0xf bank_mask:0xf// 000000004A08: 7FC002FA FF004ED9
	v_add_f32_e32 v217, v217, v224                             // 000000004A10: 07B3C1D9
	v_mov_b32_dpp v224, v217 quad_perm:[1,0,3,2] row_mask:0xf bank_mask:0xf// 000000004A14: 7FC002FA FF00B1D9
	v_add_f32_e32 v217, v217, v224                             // 000000004A1C: 07B3C1D9
	v_mov_b32_e32 v225, v193                                   // 000000004A20: 7FC203C1
	v_mov_b32_e32 v224, v225                                   // 000000004A24: 7FC003E1
	v_mov_b32_dpp v224, v224 row_shr:8 row_mask:0xf bank_mask:0xc// 000000004A28: 7FC002FA FC0118E0
	v_mov_b32_dpp v224, v225 row_shl:8 row_mask:0xf bank_mask:0x3// 000000004A30: 7FC002FA F30108E1
	v_add_f32_e32 v225, v225, v224                             // 000000004A38: 07C3C1E1
	v_mov_b32_e32 v224, v225                                   // 000000004A3C: 7FC003E1
	v_mov_b32_dpp v224, v224 row_shr:4 row_mask:0xf bank_mask:0xa// 000000004A40: 7FC002FA FA0114E0
	v_mov_b32_dpp v224, v225 row_shl:4 row_mask:0xf bank_mask:0x5// 000000004A48: 7FC002FA F50104E1
	v_add_f32_e32 v225, v225, v224                             // 000000004A50: 07C3C1E1
	v_mov_b32_dpp v224, v225 quad_perm:[2,3,0,1] row_mask:0xf bank_mask:0xf// 000000004A54: 7FC002FA FF004EE1
	v_add_f32_e32 v225, v225, v224                             // 000000004A5C: 07C3C1E1
	v_mov_b32_dpp v224, v225 quad_perm:[1,0,3,2] row_mask:0xf bank_mask:0xf// 000000004A60: 7FC002FA FF00B1E1
	v_add_f32_e32 v225, v225, v224                             // 000000004A68: 07C3C1E1
	v_add_f32_e32 v217, v217, v225                             // 000000004A6C: 07B3C3D9
	v_mov_b32_e32 v225, v201                                   // 000000004A70: 7FC203C9
	v_mov_b32_e32 v224, v225                                   // 000000004A74: 7FC003E1
	v_mov_b32_dpp v224, v224 row_shr:8 row_mask:0xf bank_mask:0xc// 000000004A78: 7FC002FA FC0118E0
	v_mov_b32_dpp v224, v225 row_shl:8 row_mask:0xf bank_mask:0x3// 000000004A80: 7FC002FA F30108E1
	v_add_f32_e32 v225, v225, v224                             // 000000004A88: 07C3C1E1
	v_mov_b32_e32 v224, v225                                   // 000000004A8C: 7FC003E1
	v_mov_b32_dpp v224, v224 row_shr:4 row_mask:0xf bank_mask:0xa// 000000004A90: 7FC002FA FA0114E0
	v_mov_b32_dpp v224, v225 row_shl:4 row_mask:0xf bank_mask:0x5// 000000004A98: 7FC002FA F50104E1
	v_add_f32_e32 v225, v225, v224                             // 000000004AA0: 07C3C1E1
	v_mov_b32_dpp v224, v225 quad_perm:[2,3,0,1] row_mask:0xf bank_mask:0xf// 000000004AA4: 7FC002FA FF004EE1
	v_add_f32_e32 v225, v225, v224                             // 000000004AAC: 07C3C1E1
	v_mov_b32_dpp v224, v225 quad_perm:[1,0,3,2] row_mask:0xf bank_mask:0xf// 000000004AB0: 7FC002FA FF00B1E1
	v_add_f32_e32 v225, v225, v224                             // 000000004AB8: 07C3C1E1
	v_add_f32_e32 v217, v217, v225                             // 000000004ABC: 07B3C3D9
	v_mov_b32_e32 v225, v209                                   // 000000004AC0: 7FC203D1
	v_mov_b32_e32 v224, v225                                   // 000000004AC4: 7FC003E1
	v_mov_b32_dpp v224, v224 row_shr:8 row_mask:0xf bank_mask:0xc// 000000004AC8: 7FC002FA FC0118E0
	v_mov_b32_dpp v224, v225 row_shl:8 row_mask:0xf bank_mask:0x3// 000000004AD0: 7FC002FA F30108E1
	v_add_f32_e32 v225, v225, v224                             // 000000004AD8: 07C3C1E1
	v_mov_b32_e32 v224, v225                                   // 000000004ADC: 7FC003E1
	v_mov_b32_dpp v224, v224 row_shr:4 row_mask:0xf bank_mask:0xa// 000000004AE0: 7FC002FA FA0114E0
	v_mov_b32_dpp v224, v225 row_shl:4 row_mask:0xf bank_mask:0x5// 000000004AE8: 7FC002FA F50104E1
	v_add_f32_e32 v225, v225, v224                             // 000000004AF0: 07C3C1E1
	v_mov_b32_dpp v224, v225 quad_perm:[2,3,0,1] row_mask:0xf bank_mask:0xf// 000000004AF4: 7FC002FA FF004EE1
	v_add_f32_e32 v225, v225, v224                             // 000000004AFC: 07C3C1E1
	v_mov_b32_dpp v224, v225 quad_perm:[1,0,3,2] row_mask:0xf bank_mask:0xf// 000000004B00: 7FC002FA FF00B1E1
	v_add_f32_e32 v225, v225, v224                             // 000000004B08: 07C3C1E1
	v_add_f32_e32 v217, v217, v225                             // 000000004B0C: 07B3C3D9
	v_mul_f32_e32 v41, v41, v49                                // 000000004B10: 10526329
	v_add_f32_e32 v41, v41, v217                               // 000000004B14: 0653B329
	v_mov_b32_e32 v218, v26                                    // 000000004B18: 7FB4031A
	v_mov_b32_e32 v224, v218                                   // 000000004B1C: 7FC003DA
	v_mov_b32_dpp v224, v224 row_shr:8 row_mask:0xf bank_mask:0xc// 000000004B20: 7FC002FA FC0118E0
	v_mov_b32_dpp v224, v218 row_shl:8 row_mask:0xf bank_mask:0x3// 000000004B28: 7FC002FA F30108DA
	v_max_f32_e32 v218, v218, v224                             // 000000004B30: 21B5C1DA
	v_mov_b32_e32 v224, v218                                   // 000000004B34: 7FC003DA
	v_mov_b32_dpp v224, v224 row_shr:4 row_mask:0xf bank_mask:0xa// 000000004B38: 7FC002FA FA0114E0
	v_mov_b32_dpp v224, v218 row_shl:4 row_mask:0xf bank_mask:0x5// 000000004B40: 7FC002FA F50104DA
	v_max_f32_e32 v218, v218, v224                             // 000000004B48: 21B5C1DA
	v_mov_b32_dpp v224, v218 quad_perm:[2,3,0,1] row_mask:0xf bank_mask:0xf// 000000004B4C: 7FC002FA FF004EDA
	v_max_f32_e32 v218, v218, v224                             // 000000004B54: 21B5C1DA
	v_mov_b32_dpp v224, v218 quad_perm:[1,0,3,2] row_mask:0xf bank_mask:0xf// 000000004B58: 7FC002FA FF00B1DA
	v_max_f32_e32 v218, v218, v224                             // 000000004B60: 21B5C1DA
	v_mov_b32_e32 v225, v194                                   // 000000004B64: 7FC203C2
	v_mov_b32_e32 v224, v225                                   // 000000004B68: 7FC003E1
	v_mov_b32_dpp v224, v224 row_shr:8 row_mask:0xf bank_mask:0xc// 000000004B6C: 7FC002FA FC0118E0
	v_mov_b32_dpp v224, v225 row_shl:8 row_mask:0xf bank_mask:0x3// 000000004B74: 7FC002FA F30108E1
	v_max_f32_e32 v225, v225, v224                             // 000000004B7C: 21C3C1E1
	v_mov_b32_e32 v224, v225                                   // 000000004B80: 7FC003E1
	v_mov_b32_dpp v224, v224 row_shr:4 row_mask:0xf bank_mask:0xa// 000000004B84: 7FC002FA FA0114E0
	v_mov_b32_dpp v224, v225 row_shl:4 row_mask:0xf bank_mask:0x5// 000000004B8C: 7FC002FA F50104E1
	v_max_f32_e32 v225, v225, v224                             // 000000004B94: 21C3C1E1
	v_mov_b32_dpp v224, v225 quad_perm:[2,3,0,1] row_mask:0xf bank_mask:0xf// 000000004B98: 7FC002FA FF004EE1
	v_max_f32_e32 v225, v225, v224                             // 000000004BA0: 21C3C1E1
	v_mov_b32_dpp v224, v225 quad_perm:[1,0,3,2] row_mask:0xf bank_mask:0xf// 000000004BA4: 7FC002FA FF00B1E1
	v_max_f32_e32 v225, v225, v224                             // 000000004BAC: 21C3C1E1
	v_max_f32_e32 v218, v218, v225                             // 000000004BB0: 21B5C3DA
	v_mov_b32_e32 v225, v202                                   // 000000004BB4: 7FC203CA
	v_mov_b32_e32 v224, v225                                   // 000000004BB8: 7FC003E1
	v_mov_b32_dpp v224, v224 row_shr:8 row_mask:0xf bank_mask:0xc// 000000004BBC: 7FC002FA FC0118E0
	v_mov_b32_dpp v224, v225 row_shl:8 row_mask:0xf bank_mask:0x3// 000000004BC4: 7FC002FA F30108E1
	v_max_f32_e32 v225, v225, v224                             // 000000004BCC: 21C3C1E1
	v_mov_b32_e32 v224, v225                                   // 000000004BD0: 7FC003E1
	v_mov_b32_dpp v224, v224 row_shr:4 row_mask:0xf bank_mask:0xa// 000000004BD4: 7FC002FA FA0114E0
	v_mov_b32_dpp v224, v225 row_shl:4 row_mask:0xf bank_mask:0x5// 000000004BDC: 7FC002FA F50104E1
	v_max_f32_e32 v225, v225, v224                             // 000000004BE4: 21C3C1E1
	v_mov_b32_dpp v224, v225 quad_perm:[2,3,0,1] row_mask:0xf bank_mask:0xf// 000000004BE8: 7FC002FA FF004EE1
	v_max_f32_e32 v225, v225, v224                             // 000000004BF0: 21C3C1E1
	v_mov_b32_dpp v224, v225 quad_perm:[1,0,3,2] row_mask:0xf bank_mask:0xf// 000000004BF4: 7FC002FA FF00B1E1
	v_max_f32_e32 v225, v225, v224                             // 000000004BFC: 21C3C1E1
	v_max_f32_e32 v218, v218, v225                             // 000000004C00: 21B5C3DA
	v_mov_b32_e32 v225, v210                                   // 000000004C04: 7FC203D2
	v_mov_b32_e32 v224, v225                                   // 000000004C08: 7FC003E1
	v_mov_b32_dpp v224, v224 row_shr:8 row_mask:0xf bank_mask:0xc// 000000004C0C: 7FC002FA FC0118E0
	v_mov_b32_dpp v224, v225 row_shl:8 row_mask:0xf bank_mask:0x3// 000000004C14: 7FC002FA F30108E1
	v_max_f32_e32 v225, v225, v224                             // 000000004C1C: 21C3C1E1
	v_mov_b32_e32 v224, v225                                   // 000000004C20: 7FC003E1
	v_mov_b32_dpp v224, v224 row_shr:4 row_mask:0xf bank_mask:0xa// 000000004C24: 7FC002FA FA0114E0
	v_mov_b32_dpp v224, v225 row_shl:4 row_mask:0xf bank_mask:0x5// 000000004C2C: 7FC002FA F50104E1
	v_max_f32_e32 v225, v225, v224                             // 000000004C34: 21C3C1E1
	v_mov_b32_dpp v224, v225 quad_perm:[2,3,0,1] row_mask:0xf bank_mask:0xf// 000000004C38: 7FC002FA FF004EE1
	v_max_f32_e32 v225, v225, v224                             // 000000004C40: 21C3C1E1
	v_mov_b32_dpp v224, v225 quad_perm:[1,0,3,2] row_mask:0xf bank_mask:0xf// 000000004C44: 7FC002FA FF00B1E1
	v_max_f32_e32 v225, v225, v224                             // 000000004C4C: 21C3C1E1
	v_max_f32_e32 v218, v218, v225                             // 000000004C50: 21B5C3DA
	v_max_f32_e32 v218, v34, v218                              // 000000004C54: 21B5B522
	v_sub_f32_e32 v50, v34, v218                               // 000000004C58: 0865B522
	v_mul_f32_e32 v50, 0x3fb8aa3b, v50                         // 000000004C5C: 106464FF 3FB8AA3B
	v_exp_f32_e32 v50, v50                                     // 000000004C64: 7E644B32
	v_sub_f32_e32 v26, v26, v218                               // 000000004C68: 0835B51A
	v_mul_f32_e32 v26, 0x3fb8aa3b, v26                         // 000000004C6C: 103434FF 3FB8AA3B
	v_exp_f32_e32 v26, v26                                     // 000000004C74: 7E344B1A
	v_sub_f32_e32 v194, v194, v218                             // 000000004C78: 0985B5C2
	v_mul_f32_e32 v194, 0x3fb8aa3b, v194                       // 000000004C7C: 118584FF 3FB8AA3B
	v_exp_f32_e32 v194, v194                                   // 000000004C84: 7F844BC2
	v_sub_f32_e32 v202, v202, v218                             // 000000004C88: 0995B5CA
	v_mul_f32_e32 v202, 0x3fb8aa3b, v202                       // 000000004C8C: 119594FF 3FB8AA3B
	v_exp_f32_e32 v202, v202                                   // 000000004C94: 7F944BCA
	v_sub_f32_e32 v210, v210, v218                             // 000000004C98: 09A5B5D2
	v_mul_f32_e32 v210, 0x3fb8aa3b, v210                       // 000000004C9C: 11A5A4FF 3FB8AA3B
	v_exp_f32_e32 v210, v210                                   // 000000004CA4: 7FA44BD2
	v_mov_b32_e32 v34, v218                                    // 000000004CA8: 7E4403DA
	v_mov_b32_e32 v218, v26                                    // 000000004CAC: 7FB4031A
	v_mov_b32_e32 v224, v218                                   // 000000004CB0: 7FC003DA
	v_mov_b32_dpp v224, v224 row_shr:8 row_mask:0xf bank_mask:0xc// 000000004CB4: 7FC002FA FC0118E0
	v_mov_b32_dpp v224, v218 row_shl:8 row_mask:0xf bank_mask:0x3// 000000004CBC: 7FC002FA F30108DA
	v_add_f32_e32 v218, v218, v224                             // 000000004CC4: 07B5C1DA
	v_mov_b32_e32 v224, v218                                   // 000000004CC8: 7FC003DA
	v_mov_b32_dpp v224, v224 row_shr:4 row_mask:0xf bank_mask:0xa// 000000004CCC: 7FC002FA FA0114E0
	v_mov_b32_dpp v224, v218 row_shl:4 row_mask:0xf bank_mask:0x5// 000000004CD4: 7FC002FA F50104DA
	v_add_f32_e32 v218, v218, v224                             // 000000004CDC: 07B5C1DA
	v_mov_b32_dpp v224, v218 quad_perm:[2,3,0,1] row_mask:0xf bank_mask:0xf// 000000004CE0: 7FC002FA FF004EDA
	v_add_f32_e32 v218, v218, v224                             // 000000004CE8: 07B5C1DA
	v_mov_b32_dpp v224, v218 quad_perm:[1,0,3,2] row_mask:0xf bank_mask:0xf// 000000004CEC: 7FC002FA FF00B1DA
	v_add_f32_e32 v218, v218, v224                             // 000000004CF4: 07B5C1DA
	v_mov_b32_e32 v225, v194                                   // 000000004CF8: 7FC203C2
	v_mov_b32_e32 v224, v225                                   // 000000004CFC: 7FC003E1
	v_mov_b32_dpp v224, v224 row_shr:8 row_mask:0xf bank_mask:0xc// 000000004D00: 7FC002FA FC0118E0
	v_mov_b32_dpp v224, v225 row_shl:8 row_mask:0xf bank_mask:0x3// 000000004D08: 7FC002FA F30108E1
	v_add_f32_e32 v225, v225, v224                             // 000000004D10: 07C3C1E1
	v_mov_b32_e32 v224, v225                                   // 000000004D14: 7FC003E1
	v_mov_b32_dpp v224, v224 row_shr:4 row_mask:0xf bank_mask:0xa// 000000004D18: 7FC002FA FA0114E0
	v_mov_b32_dpp v224, v225 row_shl:4 row_mask:0xf bank_mask:0x5// 000000004D20: 7FC002FA F50104E1
	v_add_f32_e32 v225, v225, v224                             // 000000004D28: 07C3C1E1
	v_mov_b32_dpp v224, v225 quad_perm:[2,3,0,1] row_mask:0xf bank_mask:0xf// 000000004D2C: 7FC002FA FF004EE1
	v_add_f32_e32 v225, v225, v224                             // 000000004D34: 07C3C1E1
	v_mov_b32_dpp v224, v225 quad_perm:[1,0,3,2] row_mask:0xf bank_mask:0xf// 000000004D38: 7FC002FA FF00B1E1
	v_add_f32_e32 v225, v225, v224                             // 000000004D40: 07C3C1E1
	v_add_f32_e32 v218, v218, v225                             // 000000004D44: 07B5C3DA
	v_mov_b32_e32 v225, v202                                   // 000000004D48: 7FC203CA
	v_mov_b32_e32 v224, v225                                   // 000000004D4C: 7FC003E1
	v_mov_b32_dpp v224, v224 row_shr:8 row_mask:0xf bank_mask:0xc// 000000004D50: 7FC002FA FC0118E0
	v_mov_b32_dpp v224, v225 row_shl:8 row_mask:0xf bank_mask:0x3// 000000004D58: 7FC002FA F30108E1
	v_add_f32_e32 v225, v225, v224                             // 000000004D60: 07C3C1E1
	v_mov_b32_e32 v224, v225                                   // 000000004D64: 7FC003E1
	v_mov_b32_dpp v224, v224 row_shr:4 row_mask:0xf bank_mask:0xa// 000000004D68: 7FC002FA FA0114E0
	v_mov_b32_dpp v224, v225 row_shl:4 row_mask:0xf bank_mask:0x5// 000000004D70: 7FC002FA F50104E1
	v_add_f32_e32 v225, v225, v224                             // 000000004D78: 07C3C1E1
	v_mov_b32_dpp v224, v225 quad_perm:[2,3,0,1] row_mask:0xf bank_mask:0xf// 000000004D7C: 7FC002FA FF004EE1
	v_add_f32_e32 v225, v225, v224                             // 000000004D84: 07C3C1E1
	v_mov_b32_dpp v224, v225 quad_perm:[1,0,3,2] row_mask:0xf bank_mask:0xf// 000000004D88: 7FC002FA FF00B1E1
	v_add_f32_e32 v225, v225, v224                             // 000000004D90: 07C3C1E1
	v_add_f32_e32 v218, v218, v225                             // 000000004D94: 07B5C3DA
	v_mov_b32_e32 v225, v210                                   // 000000004D98: 7FC203D2
	v_mov_b32_e32 v224, v225                                   // 000000004D9C: 7FC003E1
	v_mov_b32_dpp v224, v224 row_shr:8 row_mask:0xf bank_mask:0xc// 000000004DA0: 7FC002FA FC0118E0
	v_mov_b32_dpp v224, v225 row_shl:8 row_mask:0xf bank_mask:0x3// 000000004DA8: 7FC002FA F30108E1
	v_add_f32_e32 v225, v225, v224                             // 000000004DB0: 07C3C1E1
	v_mov_b32_e32 v224, v225                                   // 000000004DB4: 7FC003E1
	v_mov_b32_dpp v224, v224 row_shr:4 row_mask:0xf bank_mask:0xa// 000000004DB8: 7FC002FA FA0114E0
	v_mov_b32_dpp v224, v225 row_shl:4 row_mask:0xf bank_mask:0x5// 000000004DC0: 7FC002FA F50104E1
	v_add_f32_e32 v225, v225, v224                             // 000000004DC8: 07C3C1E1
	v_mov_b32_dpp v224, v225 quad_perm:[2,3,0,1] row_mask:0xf bank_mask:0xf// 000000004DCC: 7FC002FA FF004EE1
	v_add_f32_e32 v225, v225, v224                             // 000000004DD4: 07C3C1E1
	v_mov_b32_dpp v224, v225 quad_perm:[1,0,3,2] row_mask:0xf bank_mask:0xf// 000000004DD8: 7FC002FA FF00B1E1
	v_add_f32_e32 v225, v225, v224                             // 000000004DE0: 07C3C1E1
	v_add_f32_e32 v218, v218, v225                             // 000000004DE4: 07B5C3DA
	v_mul_f32_e32 v42, v42, v50                                // 000000004DE8: 1054652A
	v_add_f32_e32 v42, v42, v218                               // 000000004DEC: 0655B52A
	v_mov_b32_e32 v219, v27                                    // 000000004DF0: 7FB6031B
	v_mov_b32_e32 v224, v219                                   // 000000004DF4: 7FC003DB
	v_mov_b32_dpp v224, v224 row_shr:8 row_mask:0xf bank_mask:0xc// 000000004DF8: 7FC002FA FC0118E0
	v_mov_b32_dpp v224, v219 row_shl:8 row_mask:0xf bank_mask:0x3// 000000004E00: 7FC002FA F30108DB
	v_max_f32_e32 v219, v219, v224                             // 000000004E08: 21B7C1DB
	v_mov_b32_e32 v224, v219                                   // 000000004E0C: 7FC003DB
	v_mov_b32_dpp v224, v224 row_shr:4 row_mask:0xf bank_mask:0xa// 000000004E10: 7FC002FA FA0114E0
	v_mov_b32_dpp v224, v219 row_shl:4 row_mask:0xf bank_mask:0x5// 000000004E18: 7FC002FA F50104DB
	v_max_f32_e32 v219, v219, v224                             // 000000004E20: 21B7C1DB
	v_mov_b32_dpp v224, v219 quad_perm:[2,3,0,1] row_mask:0xf bank_mask:0xf// 000000004E24: 7FC002FA FF004EDB
	v_max_f32_e32 v219, v219, v224                             // 000000004E2C: 21B7C1DB
	v_mov_b32_dpp v224, v219 quad_perm:[1,0,3,2] row_mask:0xf bank_mask:0xf// 000000004E30: 7FC002FA FF00B1DB
	v_max_f32_e32 v219, v219, v224                             // 000000004E38: 21B7C1DB
	v_mov_b32_e32 v225, v195                                   // 000000004E3C: 7FC203C3
	v_mov_b32_e32 v224, v225                                   // 000000004E40: 7FC003E1
	v_mov_b32_dpp v224, v224 row_shr:8 row_mask:0xf bank_mask:0xc// 000000004E44: 7FC002FA FC0118E0
	v_mov_b32_dpp v224, v225 row_shl:8 row_mask:0xf bank_mask:0x3// 000000004E4C: 7FC002FA F30108E1
	v_max_f32_e32 v225, v225, v224                             // 000000004E54: 21C3C1E1
	v_mov_b32_e32 v224, v225                                   // 000000004E58: 7FC003E1
	v_mov_b32_dpp v224, v224 row_shr:4 row_mask:0xf bank_mask:0xa// 000000004E5C: 7FC002FA FA0114E0
	v_mov_b32_dpp v224, v225 row_shl:4 row_mask:0xf bank_mask:0x5// 000000004E64: 7FC002FA F50104E1
	v_max_f32_e32 v225, v225, v224                             // 000000004E6C: 21C3C1E1
	v_mov_b32_dpp v224, v225 quad_perm:[2,3,0,1] row_mask:0xf bank_mask:0xf// 000000004E70: 7FC002FA FF004EE1
	v_max_f32_e32 v225, v225, v224                             // 000000004E78: 21C3C1E1
	v_mov_b32_dpp v224, v225 quad_perm:[1,0,3,2] row_mask:0xf bank_mask:0xf// 000000004E7C: 7FC002FA FF00B1E1
	v_max_f32_e32 v225, v225, v224                             // 000000004E84: 21C3C1E1
	v_max_f32_e32 v219, v219, v225                             // 000000004E88: 21B7C3DB
	v_mov_b32_e32 v225, v203                                   // 000000004E8C: 7FC203CB
	v_mov_b32_e32 v224, v225                                   // 000000004E90: 7FC003E1
	v_mov_b32_dpp v224, v224 row_shr:8 row_mask:0xf bank_mask:0xc// 000000004E94: 7FC002FA FC0118E0
	v_mov_b32_dpp v224, v225 row_shl:8 row_mask:0xf bank_mask:0x3// 000000004E9C: 7FC002FA F30108E1
	v_max_f32_e32 v225, v225, v224                             // 000000004EA4: 21C3C1E1
	v_mov_b32_e32 v224, v225                                   // 000000004EA8: 7FC003E1
	v_mov_b32_dpp v224, v224 row_shr:4 row_mask:0xf bank_mask:0xa// 000000004EAC: 7FC002FA FA0114E0
	v_mov_b32_dpp v224, v225 row_shl:4 row_mask:0xf bank_mask:0x5// 000000004EB4: 7FC002FA F50104E1
	v_max_f32_e32 v225, v225, v224                             // 000000004EBC: 21C3C1E1
	v_mov_b32_dpp v224, v225 quad_perm:[2,3,0,1] row_mask:0xf bank_mask:0xf// 000000004EC0: 7FC002FA FF004EE1
	v_max_f32_e32 v225, v225, v224                             // 000000004EC8: 21C3C1E1
	v_mov_b32_dpp v224, v225 quad_perm:[1,0,3,2] row_mask:0xf bank_mask:0xf// 000000004ECC: 7FC002FA FF00B1E1
	v_max_f32_e32 v225, v225, v224                             // 000000004ED4: 21C3C1E1
	v_max_f32_e32 v219, v219, v225                             // 000000004ED8: 21B7C3DB
	v_mov_b32_e32 v225, v211                                   // 000000004EDC: 7FC203D3
	v_mov_b32_e32 v224, v225                                   // 000000004EE0: 7FC003E1
	v_mov_b32_dpp v224, v224 row_shr:8 row_mask:0xf bank_mask:0xc// 000000004EE4: 7FC002FA FC0118E0
	v_mov_b32_dpp v224, v225 row_shl:8 row_mask:0xf bank_mask:0x3// 000000004EEC: 7FC002FA F30108E1
	v_max_f32_e32 v225, v225, v224                             // 000000004EF4: 21C3C1E1
	v_mov_b32_e32 v224, v225                                   // 000000004EF8: 7FC003E1
	v_mov_b32_dpp v224, v224 row_shr:4 row_mask:0xf bank_mask:0xa// 000000004EFC: 7FC002FA FA0114E0
	v_mov_b32_dpp v224, v225 row_shl:4 row_mask:0xf bank_mask:0x5// 000000004F04: 7FC002FA F50104E1
	v_max_f32_e32 v225, v225, v224                             // 000000004F0C: 21C3C1E1
	v_mov_b32_dpp v224, v225 quad_perm:[2,3,0,1] row_mask:0xf bank_mask:0xf// 000000004F10: 7FC002FA FF004EE1
	v_max_f32_e32 v225, v225, v224                             // 000000004F18: 21C3C1E1
	v_mov_b32_dpp v224, v225 quad_perm:[1,0,3,2] row_mask:0xf bank_mask:0xf// 000000004F1C: 7FC002FA FF00B1E1
	v_max_f32_e32 v225, v225, v224                             // 000000004F24: 21C3C1E1
	v_max_f32_e32 v219, v219, v225                             // 000000004F28: 21B7C3DB
	v_max_f32_e32 v219, v35, v219                              // 000000004F2C: 21B7B723
	v_sub_f32_e32 v51, v35, v219                               // 000000004F30: 0867B723
	v_mul_f32_e32 v51, 0x3fb8aa3b, v51                         // 000000004F34: 106666FF 3FB8AA3B
	v_exp_f32_e32 v51, v51                                     // 000000004F3C: 7E664B33
	v_sub_f32_e32 v27, v27, v219                               // 000000004F40: 0837B71B
	v_mul_f32_e32 v27, 0x3fb8aa3b, v27                         // 000000004F44: 103636FF 3FB8AA3B
	v_exp_f32_e32 v27, v27                                     // 000000004F4C: 7E364B1B
	v_sub_f32_e32 v195, v195, v219                             // 000000004F50: 0987B7C3
	v_mul_f32_e32 v195, 0x3fb8aa3b, v195                       // 000000004F54: 118786FF 3FB8AA3B
	v_exp_f32_e32 v195, v195                                   // 000000004F5C: 7F864BC3
	v_sub_f32_e32 v203, v203, v219                             // 000000004F60: 0997B7CB
	v_mul_f32_e32 v203, 0x3fb8aa3b, v203                       // 000000004F64: 119796FF 3FB8AA3B
	v_exp_f32_e32 v203, v203                                   // 000000004F6C: 7F964BCB
	v_sub_f32_e32 v211, v211, v219                             // 000000004F70: 09A7B7D3
	v_mul_f32_e32 v211, 0x3fb8aa3b, v211                       // 000000004F74: 11A7A6FF 3FB8AA3B
	v_exp_f32_e32 v211, v211                                   // 000000004F7C: 7FA64BD3
	v_mov_b32_e32 v35, v219                                    // 000000004F80: 7E4603DB
	v_mov_b32_e32 v219, v27                                    // 000000004F84: 7FB6031B
	v_mov_b32_e32 v224, v219                                   // 000000004F88: 7FC003DB
	v_mov_b32_dpp v224, v224 row_shr:8 row_mask:0xf bank_mask:0xc// 000000004F8C: 7FC002FA FC0118E0
	v_mov_b32_dpp v224, v219 row_shl:8 row_mask:0xf bank_mask:0x3// 000000004F94: 7FC002FA F30108DB
	v_add_f32_e32 v219, v219, v224                             // 000000004F9C: 07B7C1DB
	v_mov_b32_e32 v224, v219                                   // 000000004FA0: 7FC003DB
	v_mov_b32_dpp v224, v224 row_shr:4 row_mask:0xf bank_mask:0xa// 000000004FA4: 7FC002FA FA0114E0
	v_mov_b32_dpp v224, v219 row_shl:4 row_mask:0xf bank_mask:0x5// 000000004FAC: 7FC002FA F50104DB
	v_add_f32_e32 v219, v219, v224                             // 000000004FB4: 07B7C1DB
	v_mov_b32_dpp v224, v219 quad_perm:[2,3,0,1] row_mask:0xf bank_mask:0xf// 000000004FB8: 7FC002FA FF004EDB
	v_add_f32_e32 v219, v219, v224                             // 000000004FC0: 07B7C1DB
	v_mov_b32_dpp v224, v219 quad_perm:[1,0,3,2] row_mask:0xf bank_mask:0xf// 000000004FC4: 7FC002FA FF00B1DB
	v_add_f32_e32 v219, v219, v224                             // 000000004FCC: 07B7C1DB
	v_mov_b32_e32 v225, v195                                   // 000000004FD0: 7FC203C3
	v_mov_b32_e32 v224, v225                                   // 000000004FD4: 7FC003E1
	v_mov_b32_dpp v224, v224 row_shr:8 row_mask:0xf bank_mask:0xc// 000000004FD8: 7FC002FA FC0118E0
	v_mov_b32_dpp v224, v225 row_shl:8 row_mask:0xf bank_mask:0x3// 000000004FE0: 7FC002FA F30108E1
	v_add_f32_e32 v225, v225, v224                             // 000000004FE8: 07C3C1E1
	v_mov_b32_e32 v224, v225                                   // 000000004FEC: 7FC003E1
	v_mov_b32_dpp v224, v224 row_shr:4 row_mask:0xf bank_mask:0xa// 000000004FF0: 7FC002FA FA0114E0
	v_mov_b32_dpp v224, v225 row_shl:4 row_mask:0xf bank_mask:0x5// 000000004FF8: 7FC002FA F50104E1
	v_add_f32_e32 v225, v225, v224                             // 000000005000: 07C3C1E1
	v_mov_b32_dpp v224, v225 quad_perm:[2,3,0,1] row_mask:0xf bank_mask:0xf// 000000005004: 7FC002FA FF004EE1
	v_add_f32_e32 v225, v225, v224                             // 00000000500C: 07C3C1E1
	v_mov_b32_dpp v224, v225 quad_perm:[1,0,3,2] row_mask:0xf bank_mask:0xf// 000000005010: 7FC002FA FF00B1E1
	v_add_f32_e32 v225, v225, v224                             // 000000005018: 07C3C1E1
	v_add_f32_e32 v219, v219, v225                             // 00000000501C: 07B7C3DB
	v_mov_b32_e32 v225, v203                                   // 000000005020: 7FC203CB
	v_mov_b32_e32 v224, v225                                   // 000000005024: 7FC003E1
	v_mov_b32_dpp v224, v224 row_shr:8 row_mask:0xf bank_mask:0xc// 000000005028: 7FC002FA FC0118E0
	v_mov_b32_dpp v224, v225 row_shl:8 row_mask:0xf bank_mask:0x3// 000000005030: 7FC002FA F30108E1
	v_add_f32_e32 v225, v225, v224                             // 000000005038: 07C3C1E1
	v_mov_b32_e32 v224, v225                                   // 00000000503C: 7FC003E1
	v_mov_b32_dpp v224, v224 row_shr:4 row_mask:0xf bank_mask:0xa// 000000005040: 7FC002FA FA0114E0
	v_mov_b32_dpp v224, v225 row_shl:4 row_mask:0xf bank_mask:0x5// 000000005048: 7FC002FA F50104E1
	v_add_f32_e32 v225, v225, v224                             // 000000005050: 07C3C1E1
	v_mov_b32_dpp v224, v225 quad_perm:[2,3,0,1] row_mask:0xf bank_mask:0xf// 000000005054: 7FC002FA FF004EE1
	v_add_f32_e32 v225, v225, v224                             // 00000000505C: 07C3C1E1
	v_mov_b32_dpp v224, v225 quad_perm:[1,0,3,2] row_mask:0xf bank_mask:0xf// 000000005060: 7FC002FA FF00B1E1
	v_add_f32_e32 v225, v225, v224                             // 000000005068: 07C3C1E1
	v_add_f32_e32 v219, v219, v225                             // 00000000506C: 07B7C3DB
	v_mov_b32_e32 v225, v211                                   // 000000005070: 7FC203D3
	v_mov_b32_e32 v224, v225                                   // 000000005074: 7FC003E1
	v_mov_b32_dpp v224, v224 row_shr:8 row_mask:0xf bank_mask:0xc// 000000005078: 7FC002FA FC0118E0
	v_mov_b32_dpp v224, v225 row_shl:8 row_mask:0xf bank_mask:0x3// 000000005080: 7FC002FA F30108E1
	v_add_f32_e32 v225, v225, v224                             // 000000005088: 07C3C1E1
	v_mov_b32_e32 v224, v225                                   // 00000000508C: 7FC003E1
	v_mov_b32_dpp v224, v224 row_shr:4 row_mask:0xf bank_mask:0xa// 000000005090: 7FC002FA FA0114E0
	v_mov_b32_dpp v224, v225 row_shl:4 row_mask:0xf bank_mask:0x5// 000000005098: 7FC002FA F50104E1
	v_add_f32_e32 v225, v225, v224                             // 0000000050A0: 07C3C1E1
	v_mov_b32_dpp v224, v225 quad_perm:[2,3,0,1] row_mask:0xf bank_mask:0xf// 0000000050A4: 7FC002FA FF004EE1
	v_add_f32_e32 v225, v225, v224                             // 0000000050AC: 07C3C1E1
	v_mov_b32_dpp v224, v225 quad_perm:[1,0,3,2] row_mask:0xf bank_mask:0xf// 0000000050B0: 7FC002FA FF00B1E1
	v_add_f32_e32 v225, v225, v224                             // 0000000050B8: 07C3C1E1
	v_add_f32_e32 v219, v219, v225                             // 0000000050BC: 07B7C3DB
	v_mul_f32_e32 v43, v43, v51                                // 0000000050C0: 1056672B
	v_add_f32_e32 v43, v43, v219                               // 0000000050C4: 0657B72B
	v_mov_b32_e32 v220, v28                                    // 0000000050C8: 7FB8031C
	v_mov_b32_e32 v224, v220                                   // 0000000050CC: 7FC003DC
	v_mov_b32_dpp v224, v224 row_shr:8 row_mask:0xf bank_mask:0xc// 0000000050D0: 7FC002FA FC0118E0
	v_mov_b32_dpp v224, v220 row_shl:8 row_mask:0xf bank_mask:0x3// 0000000050D8: 7FC002FA F30108DC
	v_max_f32_e32 v220, v220, v224                             // 0000000050E0: 21B9C1DC
	v_mov_b32_e32 v224, v220                                   // 0000000050E4: 7FC003DC
	v_mov_b32_dpp v224, v224 row_shr:4 row_mask:0xf bank_mask:0xa// 0000000050E8: 7FC002FA FA0114E0
	v_mov_b32_dpp v224, v220 row_shl:4 row_mask:0xf bank_mask:0x5// 0000000050F0: 7FC002FA F50104DC
	v_max_f32_e32 v220, v220, v224                             // 0000000050F8: 21B9C1DC
	v_mov_b32_dpp v224, v220 quad_perm:[2,3,0,1] row_mask:0xf bank_mask:0xf// 0000000050FC: 7FC002FA FF004EDC
	v_max_f32_e32 v220, v220, v224                             // 000000005104: 21B9C1DC
	v_mov_b32_dpp v224, v220 quad_perm:[1,0,3,2] row_mask:0xf bank_mask:0xf// 000000005108: 7FC002FA FF00B1DC
	v_max_f32_e32 v220, v220, v224                             // 000000005110: 21B9C1DC
	v_mov_b32_e32 v225, v196                                   // 000000005114: 7FC203C4
	v_mov_b32_e32 v224, v225                                   // 000000005118: 7FC003E1
	v_mov_b32_dpp v224, v224 row_shr:8 row_mask:0xf bank_mask:0xc// 00000000511C: 7FC002FA FC0118E0
	v_mov_b32_dpp v224, v225 row_shl:8 row_mask:0xf bank_mask:0x3// 000000005124: 7FC002FA F30108E1
	v_max_f32_e32 v225, v225, v224                             // 00000000512C: 21C3C1E1
	v_mov_b32_e32 v224, v225                                   // 000000005130: 7FC003E1
	v_mov_b32_dpp v224, v224 row_shr:4 row_mask:0xf bank_mask:0xa// 000000005134: 7FC002FA FA0114E0
	v_mov_b32_dpp v224, v225 row_shl:4 row_mask:0xf bank_mask:0x5// 00000000513C: 7FC002FA F50104E1
	v_max_f32_e32 v225, v225, v224                             // 000000005144: 21C3C1E1
	v_mov_b32_dpp v224, v225 quad_perm:[2,3,0,1] row_mask:0xf bank_mask:0xf// 000000005148: 7FC002FA FF004EE1
	v_max_f32_e32 v225, v225, v224                             // 000000005150: 21C3C1E1
	v_mov_b32_dpp v224, v225 quad_perm:[1,0,3,2] row_mask:0xf bank_mask:0xf// 000000005154: 7FC002FA FF00B1E1
	v_max_f32_e32 v225, v225, v224                             // 00000000515C: 21C3C1E1
	v_max_f32_e32 v220, v220, v225                             // 000000005160: 21B9C3DC
	v_mov_b32_e32 v225, v204                                   // 000000005164: 7FC203CC
	v_mov_b32_e32 v224, v225                                   // 000000005168: 7FC003E1
	v_mov_b32_dpp v224, v224 row_shr:8 row_mask:0xf bank_mask:0xc// 00000000516C: 7FC002FA FC0118E0
	v_mov_b32_dpp v224, v225 row_shl:8 row_mask:0xf bank_mask:0x3// 000000005174: 7FC002FA F30108E1
	v_max_f32_e32 v225, v225, v224                             // 00000000517C: 21C3C1E1
	v_mov_b32_e32 v224, v225                                   // 000000005180: 7FC003E1
	v_mov_b32_dpp v224, v224 row_shr:4 row_mask:0xf bank_mask:0xa// 000000005184: 7FC002FA FA0114E0
	v_mov_b32_dpp v224, v225 row_shl:4 row_mask:0xf bank_mask:0x5// 00000000518C: 7FC002FA F50104E1
	v_max_f32_e32 v225, v225, v224                             // 000000005194: 21C3C1E1
	v_mov_b32_dpp v224, v225 quad_perm:[2,3,0,1] row_mask:0xf bank_mask:0xf// 000000005198: 7FC002FA FF004EE1
	v_max_f32_e32 v225, v225, v224                             // 0000000051A0: 21C3C1E1
	v_mov_b32_dpp v224, v225 quad_perm:[1,0,3,2] row_mask:0xf bank_mask:0xf// 0000000051A4: 7FC002FA FF00B1E1
	v_max_f32_e32 v225, v225, v224                             // 0000000051AC: 21C3C1E1
	v_max_f32_e32 v220, v220, v225                             // 0000000051B0: 21B9C3DC
	v_mov_b32_e32 v225, v212                                   // 0000000051B4: 7FC203D4
	v_mov_b32_e32 v224, v225                                   // 0000000051B8: 7FC003E1
	v_mov_b32_dpp v224, v224 row_shr:8 row_mask:0xf bank_mask:0xc// 0000000051BC: 7FC002FA FC0118E0
	v_mov_b32_dpp v224, v225 row_shl:8 row_mask:0xf bank_mask:0x3// 0000000051C4: 7FC002FA F30108E1
	v_max_f32_e32 v225, v225, v224                             // 0000000051CC: 21C3C1E1
	v_mov_b32_e32 v224, v225                                   // 0000000051D0: 7FC003E1
	v_mov_b32_dpp v224, v224 row_shr:4 row_mask:0xf bank_mask:0xa// 0000000051D4: 7FC002FA FA0114E0
	v_mov_b32_dpp v224, v225 row_shl:4 row_mask:0xf bank_mask:0x5// 0000000051DC: 7FC002FA F50104E1
	v_max_f32_e32 v225, v225, v224                             // 0000000051E4: 21C3C1E1
	v_mov_b32_dpp v224, v225 quad_perm:[2,3,0,1] row_mask:0xf bank_mask:0xf// 0000000051E8: 7FC002FA FF004EE1
	v_max_f32_e32 v225, v225, v224                             // 0000000051F0: 21C3C1E1
	v_mov_b32_dpp v224, v225 quad_perm:[1,0,3,2] row_mask:0xf bank_mask:0xf// 0000000051F4: 7FC002FA FF00B1E1
	v_max_f32_e32 v225, v225, v224                             // 0000000051FC: 21C3C1E1
	v_max_f32_e32 v220, v220, v225                             // 000000005200: 21B9C3DC
	v_max_f32_e32 v220, v36, v220                              // 000000005204: 21B9B924
	v_sub_f32_e32 v52, v36, v220                               // 000000005208: 0869B924
	v_mul_f32_e32 v52, 0x3fb8aa3b, v52                         // 00000000520C: 106868FF 3FB8AA3B
	v_exp_f32_e32 v52, v52                                     // 000000005214: 7E684B34
	v_sub_f32_e32 v28, v28, v220                               // 000000005218: 0839B91C
	v_mul_f32_e32 v28, 0x3fb8aa3b, v28                         // 00000000521C: 103838FF 3FB8AA3B
	v_exp_f32_e32 v28, v28                                     // 000000005224: 7E384B1C
	v_sub_f32_e32 v196, v196, v220                             // 000000005228: 0989B9C4
	v_mul_f32_e32 v196, 0x3fb8aa3b, v196                       // 00000000522C: 118988FF 3FB8AA3B
	v_exp_f32_e32 v196, v196                                   // 000000005234: 7F884BC4
	v_sub_f32_e32 v204, v204, v220                             // 000000005238: 0999B9CC
	v_mul_f32_e32 v204, 0x3fb8aa3b, v204                       // 00000000523C: 119998FF 3FB8AA3B
	v_exp_f32_e32 v204, v204                                   // 000000005244: 7F984BCC
	v_sub_f32_e32 v212, v212, v220                             // 000000005248: 09A9B9D4
	v_mul_f32_e32 v212, 0x3fb8aa3b, v212                       // 00000000524C: 11A9A8FF 3FB8AA3B
	v_exp_f32_e32 v212, v212                                   // 000000005254: 7FA84BD4
	v_mov_b32_e32 v36, v220                                    // 000000005258: 7E4803DC
	v_mov_b32_e32 v220, v28                                    // 00000000525C: 7FB8031C
	v_mov_b32_e32 v224, v220                                   // 000000005260: 7FC003DC
	v_mov_b32_dpp v224, v224 row_shr:8 row_mask:0xf bank_mask:0xc// 000000005264: 7FC002FA FC0118E0
	v_mov_b32_dpp v224, v220 row_shl:8 row_mask:0xf bank_mask:0x3// 00000000526C: 7FC002FA F30108DC
	v_add_f32_e32 v220, v220, v224                             // 000000005274: 07B9C1DC
	v_mov_b32_e32 v224, v220                                   // 000000005278: 7FC003DC
	v_mov_b32_dpp v224, v224 row_shr:4 row_mask:0xf bank_mask:0xa// 00000000527C: 7FC002FA FA0114E0
	v_mov_b32_dpp v224, v220 row_shl:4 row_mask:0xf bank_mask:0x5// 000000005284: 7FC002FA F50104DC
	v_add_f32_e32 v220, v220, v224                             // 00000000528C: 07B9C1DC
	v_mov_b32_dpp v224, v220 quad_perm:[2,3,0,1] row_mask:0xf bank_mask:0xf// 000000005290: 7FC002FA FF004EDC
	v_add_f32_e32 v220, v220, v224                             // 000000005298: 07B9C1DC
	v_mov_b32_dpp v224, v220 quad_perm:[1,0,3,2] row_mask:0xf bank_mask:0xf// 00000000529C: 7FC002FA FF00B1DC
	v_add_f32_e32 v220, v220, v224                             // 0000000052A4: 07B9C1DC
	v_mov_b32_e32 v225, v196                                   // 0000000052A8: 7FC203C4
	v_mov_b32_e32 v224, v225                                   // 0000000052AC: 7FC003E1
	v_mov_b32_dpp v224, v224 row_shr:8 row_mask:0xf bank_mask:0xc// 0000000052B0: 7FC002FA FC0118E0
	v_mov_b32_dpp v224, v225 row_shl:8 row_mask:0xf bank_mask:0x3// 0000000052B8: 7FC002FA F30108E1
	v_add_f32_e32 v225, v225, v224                             // 0000000052C0: 07C3C1E1
	v_mov_b32_e32 v224, v225                                   // 0000000052C4: 7FC003E1
	v_mov_b32_dpp v224, v224 row_shr:4 row_mask:0xf bank_mask:0xa// 0000000052C8: 7FC002FA FA0114E0
	v_mov_b32_dpp v224, v225 row_shl:4 row_mask:0xf bank_mask:0x5// 0000000052D0: 7FC002FA F50104E1
	v_add_f32_e32 v225, v225, v224                             // 0000000052D8: 07C3C1E1
	v_mov_b32_dpp v224, v225 quad_perm:[2,3,0,1] row_mask:0xf bank_mask:0xf// 0000000052DC: 7FC002FA FF004EE1
	v_add_f32_e32 v225, v225, v224                             // 0000000052E4: 07C3C1E1
	v_mov_b32_dpp v224, v225 quad_perm:[1,0,3,2] row_mask:0xf bank_mask:0xf// 0000000052E8: 7FC002FA FF00B1E1
	v_add_f32_e32 v225, v225, v224                             // 0000000052F0: 07C3C1E1
	v_add_f32_e32 v220, v220, v225                             // 0000000052F4: 07B9C3DC
	v_mov_b32_e32 v225, v204                                   // 0000000052F8: 7FC203CC
	v_mov_b32_e32 v224, v225                                   // 0000000052FC: 7FC003E1
	v_mov_b32_dpp v224, v224 row_shr:8 row_mask:0xf bank_mask:0xc// 000000005300: 7FC002FA FC0118E0
	v_mov_b32_dpp v224, v225 row_shl:8 row_mask:0xf bank_mask:0x3// 000000005308: 7FC002FA F30108E1
	v_add_f32_e32 v225, v225, v224                             // 000000005310: 07C3C1E1
	v_mov_b32_e32 v224, v225                                   // 000000005314: 7FC003E1
	v_mov_b32_dpp v224, v224 row_shr:4 row_mask:0xf bank_mask:0xa// 000000005318: 7FC002FA FA0114E0
	v_mov_b32_dpp v224, v225 row_shl:4 row_mask:0xf bank_mask:0x5// 000000005320: 7FC002FA F50104E1
	v_add_f32_e32 v225, v225, v224                             // 000000005328: 07C3C1E1
	v_mov_b32_dpp v224, v225 quad_perm:[2,3,0,1] row_mask:0xf bank_mask:0xf// 00000000532C: 7FC002FA FF004EE1
	v_add_f32_e32 v225, v225, v224                             // 000000005334: 07C3C1E1
	v_mov_b32_dpp v224, v225 quad_perm:[1,0,3,2] row_mask:0xf bank_mask:0xf// 000000005338: 7FC002FA FF00B1E1
	v_add_f32_e32 v225, v225, v224                             // 000000005340: 07C3C1E1
	v_add_f32_e32 v220, v220, v225                             // 000000005344: 07B9C3DC
	v_mov_b32_e32 v225, v212                                   // 000000005348: 7FC203D4
	v_mov_b32_e32 v224, v225                                   // 00000000534C: 7FC003E1
	v_mov_b32_dpp v224, v224 row_shr:8 row_mask:0xf bank_mask:0xc// 000000005350: 7FC002FA FC0118E0
	v_mov_b32_dpp v224, v225 row_shl:8 row_mask:0xf bank_mask:0x3// 000000005358: 7FC002FA F30108E1
	v_add_f32_e32 v225, v225, v224                             // 000000005360: 07C3C1E1
	v_mov_b32_e32 v224, v225                                   // 000000005364: 7FC003E1
	v_mov_b32_dpp v224, v224 row_shr:4 row_mask:0xf bank_mask:0xa// 000000005368: 7FC002FA FA0114E0
	v_mov_b32_dpp v224, v225 row_shl:4 row_mask:0xf bank_mask:0x5// 000000005370: 7FC002FA F50104E1
	v_add_f32_e32 v225, v225, v224                             // 000000005378: 07C3C1E1
	v_mov_b32_dpp v224, v225 quad_perm:[2,3,0,1] row_mask:0xf bank_mask:0xf// 00000000537C: 7FC002FA FF004EE1
	v_add_f32_e32 v225, v225, v224                             // 000000005384: 07C3C1E1
	v_mov_b32_dpp v224, v225 quad_perm:[1,0,3,2] row_mask:0xf bank_mask:0xf// 000000005388: 7FC002FA FF00B1E1
	v_add_f32_e32 v225, v225, v224                             // 000000005390: 07C3C1E1
	v_add_f32_e32 v220, v220, v225                             // 000000005394: 07B9C3DC
	v_mul_f32_e32 v44, v44, v52                                // 000000005398: 1058692C
	v_add_f32_e32 v44, v44, v220                               // 00000000539C: 0659B92C
	v_mov_b32_e32 v221, v29                                    // 0000000053A0: 7FBA031D
	v_mov_b32_e32 v224, v221                                   // 0000000053A4: 7FC003DD
	v_mov_b32_dpp v224, v224 row_shr:8 row_mask:0xf bank_mask:0xc// 0000000053A8: 7FC002FA FC0118E0
	v_mov_b32_dpp v224, v221 row_shl:8 row_mask:0xf bank_mask:0x3// 0000000053B0: 7FC002FA F30108DD
	v_max_f32_e32 v221, v221, v224                             // 0000000053B8: 21BBC1DD
	v_mov_b32_e32 v224, v221                                   // 0000000053BC: 7FC003DD
	v_mov_b32_dpp v224, v224 row_shr:4 row_mask:0xf bank_mask:0xa// 0000000053C0: 7FC002FA FA0114E0
	v_mov_b32_dpp v224, v221 row_shl:4 row_mask:0xf bank_mask:0x5// 0000000053C8: 7FC002FA F50104DD
	v_max_f32_e32 v221, v221, v224                             // 0000000053D0: 21BBC1DD
	v_mov_b32_dpp v224, v221 quad_perm:[2,3,0,1] row_mask:0xf bank_mask:0xf// 0000000053D4: 7FC002FA FF004EDD
	v_max_f32_e32 v221, v221, v224                             // 0000000053DC: 21BBC1DD
	v_mov_b32_dpp v224, v221 quad_perm:[1,0,3,2] row_mask:0xf bank_mask:0xf// 0000000053E0: 7FC002FA FF00B1DD
	v_max_f32_e32 v221, v221, v224                             // 0000000053E8: 21BBC1DD
	v_mov_b32_e32 v225, v197                                   // 0000000053EC: 7FC203C5
	v_mov_b32_e32 v224, v225                                   // 0000000053F0: 7FC003E1
	v_mov_b32_dpp v224, v224 row_shr:8 row_mask:0xf bank_mask:0xc// 0000000053F4: 7FC002FA FC0118E0
	v_mov_b32_dpp v224, v225 row_shl:8 row_mask:0xf bank_mask:0x3// 0000000053FC: 7FC002FA F30108E1
	v_max_f32_e32 v225, v225, v224                             // 000000005404: 21C3C1E1
	v_mov_b32_e32 v224, v225                                   // 000000005408: 7FC003E1
	v_mov_b32_dpp v224, v224 row_shr:4 row_mask:0xf bank_mask:0xa// 00000000540C: 7FC002FA FA0114E0
	v_mov_b32_dpp v224, v225 row_shl:4 row_mask:0xf bank_mask:0x5// 000000005414: 7FC002FA F50104E1
	v_max_f32_e32 v225, v225, v224                             // 00000000541C: 21C3C1E1
	v_mov_b32_dpp v224, v225 quad_perm:[2,3,0,1] row_mask:0xf bank_mask:0xf// 000000005420: 7FC002FA FF004EE1
	v_max_f32_e32 v225, v225, v224                             // 000000005428: 21C3C1E1
	v_mov_b32_dpp v224, v225 quad_perm:[1,0,3,2] row_mask:0xf bank_mask:0xf// 00000000542C: 7FC002FA FF00B1E1
	v_max_f32_e32 v225, v225, v224                             // 000000005434: 21C3C1E1
	v_max_f32_e32 v221, v221, v225                             // 000000005438: 21BBC3DD
	v_mov_b32_e32 v225, v205                                   // 00000000543C: 7FC203CD
	v_mov_b32_e32 v224, v225                                   // 000000005440: 7FC003E1
	v_mov_b32_dpp v224, v224 row_shr:8 row_mask:0xf bank_mask:0xc// 000000005444: 7FC002FA FC0118E0
	v_mov_b32_dpp v224, v225 row_shl:8 row_mask:0xf bank_mask:0x3// 00000000544C: 7FC002FA F30108E1
	v_max_f32_e32 v225, v225, v224                             // 000000005454: 21C3C1E1
	v_mov_b32_e32 v224, v225                                   // 000000005458: 7FC003E1
	v_mov_b32_dpp v224, v224 row_shr:4 row_mask:0xf bank_mask:0xa// 00000000545C: 7FC002FA FA0114E0
	v_mov_b32_dpp v224, v225 row_shl:4 row_mask:0xf bank_mask:0x5// 000000005464: 7FC002FA F50104E1
	v_max_f32_e32 v225, v225, v224                             // 00000000546C: 21C3C1E1
	v_mov_b32_dpp v224, v225 quad_perm:[2,3,0,1] row_mask:0xf bank_mask:0xf// 000000005470: 7FC002FA FF004EE1
	v_max_f32_e32 v225, v225, v224                             // 000000005478: 21C3C1E1
	v_mov_b32_dpp v224, v225 quad_perm:[1,0,3,2] row_mask:0xf bank_mask:0xf// 00000000547C: 7FC002FA FF00B1E1
	v_max_f32_e32 v225, v225, v224                             // 000000005484: 21C3C1E1
	v_max_f32_e32 v221, v221, v225                             // 000000005488: 21BBC3DD
	v_mov_b32_e32 v225, v213                                   // 00000000548C: 7FC203D5
	v_mov_b32_e32 v224, v225                                   // 000000005490: 7FC003E1
	v_mov_b32_dpp v224, v224 row_shr:8 row_mask:0xf bank_mask:0xc// 000000005494: 7FC002FA FC0118E0
	v_mov_b32_dpp v224, v225 row_shl:8 row_mask:0xf bank_mask:0x3// 00000000549C: 7FC002FA F30108E1
	v_max_f32_e32 v225, v225, v224                             // 0000000054A4: 21C3C1E1
	v_mov_b32_e32 v224, v225                                   // 0000000054A8: 7FC003E1
	v_mov_b32_dpp v224, v224 row_shr:4 row_mask:0xf bank_mask:0xa// 0000000054AC: 7FC002FA FA0114E0
	v_mov_b32_dpp v224, v225 row_shl:4 row_mask:0xf bank_mask:0x5// 0000000054B4: 7FC002FA F50104E1
	v_max_f32_e32 v225, v225, v224                             // 0000000054BC: 21C3C1E1
	v_mov_b32_dpp v224, v225 quad_perm:[2,3,0,1] row_mask:0xf bank_mask:0xf// 0000000054C0: 7FC002FA FF004EE1
	v_max_f32_e32 v225, v225, v224                             // 0000000054C8: 21C3C1E1
	v_mov_b32_dpp v224, v225 quad_perm:[1,0,3,2] row_mask:0xf bank_mask:0xf// 0000000054CC: 7FC002FA FF00B1E1
	v_max_f32_e32 v225, v225, v224                             // 0000000054D4: 21C3C1E1
	v_max_f32_e32 v221, v221, v225                             // 0000000054D8: 21BBC3DD
	v_max_f32_e32 v221, v37, v221                              // 0000000054DC: 21BBBB25
	v_sub_f32_e32 v53, v37, v221                               // 0000000054E0: 086BBB25
	v_mul_f32_e32 v53, 0x3fb8aa3b, v53                         // 0000000054E4: 106A6AFF 3FB8AA3B
	v_exp_f32_e32 v53, v53                                     // 0000000054EC: 7E6A4B35
	v_sub_f32_e32 v29, v29, v221                               // 0000000054F0: 083BBB1D
	v_mul_f32_e32 v29, 0x3fb8aa3b, v29                         // 0000000054F4: 103A3AFF 3FB8AA3B
	v_exp_f32_e32 v29, v29                                     // 0000000054FC: 7E3A4B1D
	v_sub_f32_e32 v197, v197, v221                             // 000000005500: 098BBBC5
	v_mul_f32_e32 v197, 0x3fb8aa3b, v197                       // 000000005504: 118B8AFF 3FB8AA3B
	v_exp_f32_e32 v197, v197                                   // 00000000550C: 7F8A4BC5
	v_sub_f32_e32 v205, v205, v221                             // 000000005510: 099BBBCD
	v_mul_f32_e32 v205, 0x3fb8aa3b, v205                       // 000000005514: 119B9AFF 3FB8AA3B
	v_exp_f32_e32 v205, v205                                   // 00000000551C: 7F9A4BCD
	v_sub_f32_e32 v213, v213, v221                             // 000000005520: 09ABBBD5
	v_mul_f32_e32 v213, 0x3fb8aa3b, v213                       // 000000005524: 11ABAAFF 3FB8AA3B
	v_exp_f32_e32 v213, v213                                   // 00000000552C: 7FAA4BD5
	v_mov_b32_e32 v37, v221                                    // 000000005530: 7E4A03DD
	v_mov_b32_e32 v221, v29                                    // 000000005534: 7FBA031D
	v_mov_b32_e32 v224, v221                                   // 000000005538: 7FC003DD
	v_mov_b32_dpp v224, v224 row_shr:8 row_mask:0xf bank_mask:0xc// 00000000553C: 7FC002FA FC0118E0
	v_mov_b32_dpp v224, v221 row_shl:8 row_mask:0xf bank_mask:0x3// 000000005544: 7FC002FA F30108DD
	v_add_f32_e32 v221, v221, v224                             // 00000000554C: 07BBC1DD
	v_mov_b32_e32 v224, v221                                   // 000000005550: 7FC003DD
	v_mov_b32_dpp v224, v224 row_shr:4 row_mask:0xf bank_mask:0xa// 000000005554: 7FC002FA FA0114E0
	v_mov_b32_dpp v224, v221 row_shl:4 row_mask:0xf bank_mask:0x5// 00000000555C: 7FC002FA F50104DD
	v_add_f32_e32 v221, v221, v224                             // 000000005564: 07BBC1DD
	v_mov_b32_dpp v224, v221 quad_perm:[2,3,0,1] row_mask:0xf bank_mask:0xf// 000000005568: 7FC002FA FF004EDD
	v_add_f32_e32 v221, v221, v224                             // 000000005570: 07BBC1DD
	v_mov_b32_dpp v224, v221 quad_perm:[1,0,3,2] row_mask:0xf bank_mask:0xf// 000000005574: 7FC002FA FF00B1DD
	v_add_f32_e32 v221, v221, v224                             // 00000000557C: 07BBC1DD
	v_mov_b32_e32 v225, v197                                   // 000000005580: 7FC203C5
	v_mov_b32_e32 v224, v225                                   // 000000005584: 7FC003E1
	v_mov_b32_dpp v224, v224 row_shr:8 row_mask:0xf bank_mask:0xc// 000000005588: 7FC002FA FC0118E0
	v_mov_b32_dpp v224, v225 row_shl:8 row_mask:0xf bank_mask:0x3// 000000005590: 7FC002FA F30108E1
	v_add_f32_e32 v225, v225, v224                             // 000000005598: 07C3C1E1
	v_mov_b32_e32 v224, v225                                   // 00000000559C: 7FC003E1
	v_mov_b32_dpp v224, v224 row_shr:4 row_mask:0xf bank_mask:0xa// 0000000055A0: 7FC002FA FA0114E0
	v_mov_b32_dpp v224, v225 row_shl:4 row_mask:0xf bank_mask:0x5// 0000000055A8: 7FC002FA F50104E1
	v_add_f32_e32 v225, v225, v224                             // 0000000055B0: 07C3C1E1
	v_mov_b32_dpp v224, v225 quad_perm:[2,3,0,1] row_mask:0xf bank_mask:0xf// 0000000055B4: 7FC002FA FF004EE1
	v_add_f32_e32 v225, v225, v224                             // 0000000055BC: 07C3C1E1
	v_mov_b32_dpp v224, v225 quad_perm:[1,0,3,2] row_mask:0xf bank_mask:0xf// 0000000055C0: 7FC002FA FF00B1E1
	v_add_f32_e32 v225, v225, v224                             // 0000000055C8: 07C3C1E1
	v_add_f32_e32 v221, v221, v225                             // 0000000055CC: 07BBC3DD
	v_mov_b32_e32 v225, v205                                   // 0000000055D0: 7FC203CD
	v_mov_b32_e32 v224, v225                                   // 0000000055D4: 7FC003E1
	v_mov_b32_dpp v224, v224 row_shr:8 row_mask:0xf bank_mask:0xc// 0000000055D8: 7FC002FA FC0118E0
	v_mov_b32_dpp v224, v225 row_shl:8 row_mask:0xf bank_mask:0x3// 0000000055E0: 7FC002FA F30108E1
	v_add_f32_e32 v225, v225, v224                             // 0000000055E8: 07C3C1E1
	v_mov_b32_e32 v224, v225                                   // 0000000055EC: 7FC003E1
	v_mov_b32_dpp v224, v224 row_shr:4 row_mask:0xf bank_mask:0xa// 0000000055F0: 7FC002FA FA0114E0
	v_mov_b32_dpp v224, v225 row_shl:4 row_mask:0xf bank_mask:0x5// 0000000055F8: 7FC002FA F50104E1
	v_add_f32_e32 v225, v225, v224                             // 000000005600: 07C3C1E1
	v_mov_b32_dpp v224, v225 quad_perm:[2,3,0,1] row_mask:0xf bank_mask:0xf// 000000005604: 7FC002FA FF004EE1
	v_add_f32_e32 v225, v225, v224                             // 00000000560C: 07C3C1E1
	v_mov_b32_dpp v224, v225 quad_perm:[1,0,3,2] row_mask:0xf bank_mask:0xf// 000000005610: 7FC002FA FF00B1E1
	v_add_f32_e32 v225, v225, v224                             // 000000005618: 07C3C1E1
	v_add_f32_e32 v221, v221, v225                             // 00000000561C: 07BBC3DD
	v_mov_b32_e32 v225, v213                                   // 000000005620: 7FC203D5
	v_mov_b32_e32 v224, v225                                   // 000000005624: 7FC003E1
	v_mov_b32_dpp v224, v224 row_shr:8 row_mask:0xf bank_mask:0xc// 000000005628: 7FC002FA FC0118E0
	v_mov_b32_dpp v224, v225 row_shl:8 row_mask:0xf bank_mask:0x3// 000000005630: 7FC002FA F30108E1
	v_add_f32_e32 v225, v225, v224                             // 000000005638: 07C3C1E1
	v_mov_b32_e32 v224, v225                                   // 00000000563C: 7FC003E1
	v_mov_b32_dpp v224, v224 row_shr:4 row_mask:0xf bank_mask:0xa// 000000005640: 7FC002FA FA0114E0
	v_mov_b32_dpp v224, v225 row_shl:4 row_mask:0xf bank_mask:0x5// 000000005648: 7FC002FA F50104E1
	v_add_f32_e32 v225, v225, v224                             // 000000005650: 07C3C1E1
	v_mov_b32_dpp v224, v225 quad_perm:[2,3,0,1] row_mask:0xf bank_mask:0xf// 000000005654: 7FC002FA FF004EE1
	v_add_f32_e32 v225, v225, v224                             // 00000000565C: 07C3C1E1
	v_mov_b32_dpp v224, v225 quad_perm:[1,0,3,2] row_mask:0xf bank_mask:0xf// 000000005660: 7FC002FA FF00B1E1
	v_add_f32_e32 v225, v225, v224                             // 000000005668: 07C3C1E1
	v_add_f32_e32 v221, v221, v225                             // 00000000566C: 07BBC3DD
	v_mul_f32_e32 v45, v45, v53                                // 000000005670: 105A6B2D
	v_add_f32_e32 v45, v45, v221                               // 000000005674: 065BBB2D
	v_mov_b32_e32 v222, v30                                    // 000000005678: 7FBC031E
	v_mov_b32_e32 v224, v222                                   // 00000000567C: 7FC003DE
	v_mov_b32_dpp v224, v224 row_shr:8 row_mask:0xf bank_mask:0xc// 000000005680: 7FC002FA FC0118E0
	v_mov_b32_dpp v224, v222 row_shl:8 row_mask:0xf bank_mask:0x3// 000000005688: 7FC002FA F30108DE
	v_max_f32_e32 v222, v222, v224                             // 000000005690: 21BDC1DE
	v_mov_b32_e32 v224, v222                                   // 000000005694: 7FC003DE
	v_mov_b32_dpp v224, v224 row_shr:4 row_mask:0xf bank_mask:0xa// 000000005698: 7FC002FA FA0114E0
	v_mov_b32_dpp v224, v222 row_shl:4 row_mask:0xf bank_mask:0x5// 0000000056A0: 7FC002FA F50104DE
	v_max_f32_e32 v222, v222, v224                             // 0000000056A8: 21BDC1DE
	v_mov_b32_dpp v224, v222 quad_perm:[2,3,0,1] row_mask:0xf bank_mask:0xf// 0000000056AC: 7FC002FA FF004EDE
	v_max_f32_e32 v222, v222, v224                             // 0000000056B4: 21BDC1DE
	v_mov_b32_dpp v224, v222 quad_perm:[1,0,3,2] row_mask:0xf bank_mask:0xf// 0000000056B8: 7FC002FA FF00B1DE
	v_max_f32_e32 v222, v222, v224                             // 0000000056C0: 21BDC1DE
	v_mov_b32_e32 v225, v198                                   // 0000000056C4: 7FC203C6
	v_mov_b32_e32 v224, v225                                   // 0000000056C8: 7FC003E1
	v_mov_b32_dpp v224, v224 row_shr:8 row_mask:0xf bank_mask:0xc// 0000000056CC: 7FC002FA FC0118E0
	v_mov_b32_dpp v224, v225 row_shl:8 row_mask:0xf bank_mask:0x3// 0000000056D4: 7FC002FA F30108E1
	v_max_f32_e32 v225, v225, v224                             // 0000000056DC: 21C3C1E1
	v_mov_b32_e32 v224, v225                                   // 0000000056E0: 7FC003E1
	v_mov_b32_dpp v224, v224 row_shr:4 row_mask:0xf bank_mask:0xa// 0000000056E4: 7FC002FA FA0114E0
	v_mov_b32_dpp v224, v225 row_shl:4 row_mask:0xf bank_mask:0x5// 0000000056EC: 7FC002FA F50104E1
	v_max_f32_e32 v225, v225, v224                             // 0000000056F4: 21C3C1E1
	v_mov_b32_dpp v224, v225 quad_perm:[2,3,0,1] row_mask:0xf bank_mask:0xf// 0000000056F8: 7FC002FA FF004EE1
	v_max_f32_e32 v225, v225, v224                             // 000000005700: 21C3C1E1
	v_mov_b32_dpp v224, v225 quad_perm:[1,0,3,2] row_mask:0xf bank_mask:0xf// 000000005704: 7FC002FA FF00B1E1
	v_max_f32_e32 v225, v225, v224                             // 00000000570C: 21C3C1E1
	v_max_f32_e32 v222, v222, v225                             // 000000005710: 21BDC3DE
	v_mov_b32_e32 v225, v206                                   // 000000005714: 7FC203CE
	v_mov_b32_e32 v224, v225                                   // 000000005718: 7FC003E1
	v_mov_b32_dpp v224, v224 row_shr:8 row_mask:0xf bank_mask:0xc// 00000000571C: 7FC002FA FC0118E0
	v_mov_b32_dpp v224, v225 row_shl:8 row_mask:0xf bank_mask:0x3// 000000005724: 7FC002FA F30108E1
	v_max_f32_e32 v225, v225, v224                             // 00000000572C: 21C3C1E1
	v_mov_b32_e32 v224, v225                                   // 000000005730: 7FC003E1
	v_mov_b32_dpp v224, v224 row_shr:4 row_mask:0xf bank_mask:0xa// 000000005734: 7FC002FA FA0114E0
	v_mov_b32_dpp v224, v225 row_shl:4 row_mask:0xf bank_mask:0x5// 00000000573C: 7FC002FA F50104E1
	v_max_f32_e32 v225, v225, v224                             // 000000005744: 21C3C1E1
	v_mov_b32_dpp v224, v225 quad_perm:[2,3,0,1] row_mask:0xf bank_mask:0xf// 000000005748: 7FC002FA FF004EE1
	v_max_f32_e32 v225, v225, v224                             // 000000005750: 21C3C1E1
	v_mov_b32_dpp v224, v225 quad_perm:[1,0,3,2] row_mask:0xf bank_mask:0xf// 000000005754: 7FC002FA FF00B1E1
	v_max_f32_e32 v225, v225, v224                             // 00000000575C: 21C3C1E1
	v_max_f32_e32 v222, v222, v225                             // 000000005760: 21BDC3DE
	v_mov_b32_e32 v225, v214                                   // 000000005764: 7FC203D6
	v_mov_b32_e32 v224, v225                                   // 000000005768: 7FC003E1
	v_mov_b32_dpp v224, v224 row_shr:8 row_mask:0xf bank_mask:0xc// 00000000576C: 7FC002FA FC0118E0
	v_mov_b32_dpp v224, v225 row_shl:8 row_mask:0xf bank_mask:0x3// 000000005774: 7FC002FA F30108E1
	v_max_f32_e32 v225, v225, v224                             // 00000000577C: 21C3C1E1
	v_mov_b32_e32 v224, v225                                   // 000000005780: 7FC003E1
	v_mov_b32_dpp v224, v224 row_shr:4 row_mask:0xf bank_mask:0xa// 000000005784: 7FC002FA FA0114E0
	v_mov_b32_dpp v224, v225 row_shl:4 row_mask:0xf bank_mask:0x5// 00000000578C: 7FC002FA F50104E1
	v_max_f32_e32 v225, v225, v224                             // 000000005794: 21C3C1E1
	v_mov_b32_dpp v224, v225 quad_perm:[2,3,0,1] row_mask:0xf bank_mask:0xf// 000000005798: 7FC002FA FF004EE1
	v_max_f32_e32 v225, v225, v224                             // 0000000057A0: 21C3C1E1
	v_mov_b32_dpp v224, v225 quad_perm:[1,0,3,2] row_mask:0xf bank_mask:0xf// 0000000057A4: 7FC002FA FF00B1E1
	v_max_f32_e32 v225, v225, v224                             // 0000000057AC: 21C3C1E1
	v_max_f32_e32 v222, v222, v225                             // 0000000057B0: 21BDC3DE
	v_max_f32_e32 v222, v38, v222                              // 0000000057B4: 21BDBD26
	v_sub_f32_e32 v54, v38, v222                               // 0000000057B8: 086DBD26
	v_mul_f32_e32 v54, 0x3fb8aa3b, v54                         // 0000000057BC: 106C6CFF 3FB8AA3B
	v_exp_f32_e32 v54, v54                                     // 0000000057C4: 7E6C4B36
	v_sub_f32_e32 v30, v30, v222                               // 0000000057C8: 083DBD1E
	v_mul_f32_e32 v30, 0x3fb8aa3b, v30                         // 0000000057CC: 103C3CFF 3FB8AA3B
	v_exp_f32_e32 v30, v30                                     // 0000000057D4: 7E3C4B1E
	v_sub_f32_e32 v198, v198, v222                             // 0000000057D8: 098DBDC6
	v_mul_f32_e32 v198, 0x3fb8aa3b, v198                       // 0000000057DC: 118D8CFF 3FB8AA3B
	v_exp_f32_e32 v198, v198                                   // 0000000057E4: 7F8C4BC6
	v_sub_f32_e32 v206, v206, v222                             // 0000000057E8: 099DBDCE
	v_mul_f32_e32 v206, 0x3fb8aa3b, v206                       // 0000000057EC: 119D9CFF 3FB8AA3B
	v_exp_f32_e32 v206, v206                                   // 0000000057F4: 7F9C4BCE
	v_sub_f32_e32 v214, v214, v222                             // 0000000057F8: 09ADBDD6
	v_mul_f32_e32 v214, 0x3fb8aa3b, v214                       // 0000000057FC: 11ADACFF 3FB8AA3B
	v_exp_f32_e32 v214, v214                                   // 000000005804: 7FAC4BD6
	v_mov_b32_e32 v38, v222                                    // 000000005808: 7E4C03DE
	v_mov_b32_e32 v222, v30                                    // 00000000580C: 7FBC031E
	v_mov_b32_e32 v224, v222                                   // 000000005810: 7FC003DE
	v_mov_b32_dpp v224, v224 row_shr:8 row_mask:0xf bank_mask:0xc// 000000005814: 7FC002FA FC0118E0
	v_mov_b32_dpp v224, v222 row_shl:8 row_mask:0xf bank_mask:0x3// 00000000581C: 7FC002FA F30108DE
	v_add_f32_e32 v222, v222, v224                             // 000000005824: 07BDC1DE
	v_mov_b32_e32 v224, v222                                   // 000000005828: 7FC003DE
	v_mov_b32_dpp v224, v224 row_shr:4 row_mask:0xf bank_mask:0xa// 00000000582C: 7FC002FA FA0114E0
	v_mov_b32_dpp v224, v222 row_shl:4 row_mask:0xf bank_mask:0x5// 000000005834: 7FC002FA F50104DE
	v_add_f32_e32 v222, v222, v224                             // 00000000583C: 07BDC1DE
	v_mov_b32_dpp v224, v222 quad_perm:[2,3,0,1] row_mask:0xf bank_mask:0xf// 000000005840: 7FC002FA FF004EDE
	v_add_f32_e32 v222, v222, v224                             // 000000005848: 07BDC1DE
	v_mov_b32_dpp v224, v222 quad_perm:[1,0,3,2] row_mask:0xf bank_mask:0xf// 00000000584C: 7FC002FA FF00B1DE
	v_add_f32_e32 v222, v222, v224                             // 000000005854: 07BDC1DE
	v_mov_b32_e32 v225, v198                                   // 000000005858: 7FC203C6
	v_mov_b32_e32 v224, v225                                   // 00000000585C: 7FC003E1
	v_mov_b32_dpp v224, v224 row_shr:8 row_mask:0xf bank_mask:0xc// 000000005860: 7FC002FA FC0118E0
	v_mov_b32_dpp v224, v225 row_shl:8 row_mask:0xf bank_mask:0x3// 000000005868: 7FC002FA F30108E1
	v_add_f32_e32 v225, v225, v224                             // 000000005870: 07C3C1E1
	v_mov_b32_e32 v224, v225                                   // 000000005874: 7FC003E1
	v_mov_b32_dpp v224, v224 row_shr:4 row_mask:0xf bank_mask:0xa// 000000005878: 7FC002FA FA0114E0
	v_mov_b32_dpp v224, v225 row_shl:4 row_mask:0xf bank_mask:0x5// 000000005880: 7FC002FA F50104E1
	v_add_f32_e32 v225, v225, v224                             // 000000005888: 07C3C1E1
	v_mov_b32_dpp v224, v225 quad_perm:[2,3,0,1] row_mask:0xf bank_mask:0xf// 00000000588C: 7FC002FA FF004EE1
	v_add_f32_e32 v225, v225, v224                             // 000000005894: 07C3C1E1
	v_mov_b32_dpp v224, v225 quad_perm:[1,0,3,2] row_mask:0xf bank_mask:0xf// 000000005898: 7FC002FA FF00B1E1
	v_add_f32_e32 v225, v225, v224                             // 0000000058A0: 07C3C1E1
	v_add_f32_e32 v222, v222, v225                             // 0000000058A4: 07BDC3DE
	v_mov_b32_e32 v225, v206                                   // 0000000058A8: 7FC203CE
	v_mov_b32_e32 v224, v225                                   // 0000000058AC: 7FC003E1
	v_mov_b32_dpp v224, v224 row_shr:8 row_mask:0xf bank_mask:0xc// 0000000058B0: 7FC002FA FC0118E0
	v_mov_b32_dpp v224, v225 row_shl:8 row_mask:0xf bank_mask:0x3// 0000000058B8: 7FC002FA F30108E1
	v_add_f32_e32 v225, v225, v224                             // 0000000058C0: 07C3C1E1
	v_mov_b32_e32 v224, v225                                   // 0000000058C4: 7FC003E1
	v_mov_b32_dpp v224, v224 row_shr:4 row_mask:0xf bank_mask:0xa// 0000000058C8: 7FC002FA FA0114E0
	v_mov_b32_dpp v224, v225 row_shl:4 row_mask:0xf bank_mask:0x5// 0000000058D0: 7FC002FA F50104E1
	v_add_f32_e32 v225, v225, v224                             // 0000000058D8: 07C3C1E1
	v_mov_b32_dpp v224, v225 quad_perm:[2,3,0,1] row_mask:0xf bank_mask:0xf// 0000000058DC: 7FC002FA FF004EE1
	v_add_f32_e32 v225, v225, v224                             // 0000000058E4: 07C3C1E1
	v_mov_b32_dpp v224, v225 quad_perm:[1,0,3,2] row_mask:0xf bank_mask:0xf// 0000000058E8: 7FC002FA FF00B1E1
	v_add_f32_e32 v225, v225, v224                             // 0000000058F0: 07C3C1E1
	v_add_f32_e32 v222, v222, v225                             // 0000000058F4: 07BDC3DE
	v_mov_b32_e32 v225, v214                                   // 0000000058F8: 7FC203D6
	v_mov_b32_e32 v224, v225                                   // 0000000058FC: 7FC003E1
	v_mov_b32_dpp v224, v224 row_shr:8 row_mask:0xf bank_mask:0xc// 000000005900: 7FC002FA FC0118E0
	v_mov_b32_dpp v224, v225 row_shl:8 row_mask:0xf bank_mask:0x3// 000000005908: 7FC002FA F30108E1
	v_add_f32_e32 v225, v225, v224                             // 000000005910: 07C3C1E1
	v_mov_b32_e32 v224, v225                                   // 000000005914: 7FC003E1
	v_mov_b32_dpp v224, v224 row_shr:4 row_mask:0xf bank_mask:0xa// 000000005918: 7FC002FA FA0114E0
	v_mov_b32_dpp v224, v225 row_shl:4 row_mask:0xf bank_mask:0x5// 000000005920: 7FC002FA F50104E1
	v_add_f32_e32 v225, v225, v224                             // 000000005928: 07C3C1E1
	v_mov_b32_dpp v224, v225 quad_perm:[2,3,0,1] row_mask:0xf bank_mask:0xf// 00000000592C: 7FC002FA FF004EE1
	v_add_f32_e32 v225, v225, v224                             // 000000005934: 07C3C1E1
	v_mov_b32_dpp v224, v225 quad_perm:[1,0,3,2] row_mask:0xf bank_mask:0xf// 000000005938: 7FC002FA FF00B1E1
	v_add_f32_e32 v225, v225, v224                             // 000000005940: 07C3C1E1
	v_add_f32_e32 v222, v222, v225                             // 000000005944: 07BDC3DE
	v_mul_f32_e32 v46, v46, v54                                // 000000005948: 105C6D2E
	v_add_f32_e32 v46, v46, v222                               // 00000000594C: 065DBD2E
	v_mov_b32_e32 v223, v31                                    // 000000005950: 7FBE031F
	v_mov_b32_e32 v224, v223                                   // 000000005954: 7FC003DF
	v_mov_b32_dpp v224, v224 row_shr:8 row_mask:0xf bank_mask:0xc// 000000005958: 7FC002FA FC0118E0
	v_mov_b32_dpp v224, v223 row_shl:8 row_mask:0xf bank_mask:0x3// 000000005960: 7FC002FA F30108DF
	v_max_f32_e32 v223, v223, v224                             // 000000005968: 21BFC1DF
	v_mov_b32_e32 v224, v223                                   // 00000000596C: 7FC003DF
	v_mov_b32_dpp v224, v224 row_shr:4 row_mask:0xf bank_mask:0xa// 000000005970: 7FC002FA FA0114E0
	v_mov_b32_dpp v224, v223 row_shl:4 row_mask:0xf bank_mask:0x5// 000000005978: 7FC002FA F50104DF
	v_max_f32_e32 v223, v223, v224                             // 000000005980: 21BFC1DF
	v_mov_b32_dpp v224, v223 quad_perm:[2,3,0,1] row_mask:0xf bank_mask:0xf// 000000005984: 7FC002FA FF004EDF
	v_max_f32_e32 v223, v223, v224                             // 00000000598C: 21BFC1DF
	v_mov_b32_dpp v224, v223 quad_perm:[1,0,3,2] row_mask:0xf bank_mask:0xf// 000000005990: 7FC002FA FF00B1DF
	v_max_f32_e32 v223, v223, v224                             // 000000005998: 21BFC1DF
	v_mov_b32_e32 v225, v199                                   // 00000000599C: 7FC203C7
	v_mov_b32_e32 v224, v225                                   // 0000000059A0: 7FC003E1
	v_mov_b32_dpp v224, v224 row_shr:8 row_mask:0xf bank_mask:0xc// 0000000059A4: 7FC002FA FC0118E0
	v_mov_b32_dpp v224, v225 row_shl:8 row_mask:0xf bank_mask:0x3// 0000000059AC: 7FC002FA F30108E1
	v_max_f32_e32 v225, v225, v224                             // 0000000059B4: 21C3C1E1
	v_mov_b32_e32 v224, v225                                   // 0000000059B8: 7FC003E1
	v_mov_b32_dpp v224, v224 row_shr:4 row_mask:0xf bank_mask:0xa// 0000000059BC: 7FC002FA FA0114E0
	v_mov_b32_dpp v224, v225 row_shl:4 row_mask:0xf bank_mask:0x5// 0000000059C4: 7FC002FA F50104E1
	v_max_f32_e32 v225, v225, v224                             // 0000000059CC: 21C3C1E1
	v_mov_b32_dpp v224, v225 quad_perm:[2,3,0,1] row_mask:0xf bank_mask:0xf// 0000000059D0: 7FC002FA FF004EE1
	v_max_f32_e32 v225, v225, v224                             // 0000000059D8: 21C3C1E1
	v_mov_b32_dpp v224, v225 quad_perm:[1,0,3,2] row_mask:0xf bank_mask:0xf// 0000000059DC: 7FC002FA FF00B1E1
	v_max_f32_e32 v225, v225, v224                             // 0000000059E4: 21C3C1E1
	v_max_f32_e32 v223, v223, v225                             // 0000000059E8: 21BFC3DF
	v_mov_b32_e32 v225, v207                                   // 0000000059EC: 7FC203CF
	v_mov_b32_e32 v224, v225                                   // 0000000059F0: 7FC003E1
	v_mov_b32_dpp v224, v224 row_shr:8 row_mask:0xf bank_mask:0xc// 0000000059F4: 7FC002FA FC0118E0
	v_mov_b32_dpp v224, v225 row_shl:8 row_mask:0xf bank_mask:0x3// 0000000059FC: 7FC002FA F30108E1
	v_max_f32_e32 v225, v225, v224                             // 000000005A04: 21C3C1E1
	v_mov_b32_e32 v224, v225                                   // 000000005A08: 7FC003E1
	v_mov_b32_dpp v224, v224 row_shr:4 row_mask:0xf bank_mask:0xa// 000000005A0C: 7FC002FA FA0114E0
	v_mov_b32_dpp v224, v225 row_shl:4 row_mask:0xf bank_mask:0x5// 000000005A14: 7FC002FA F50104E1
	v_max_f32_e32 v225, v225, v224                             // 000000005A1C: 21C3C1E1
	v_mov_b32_dpp v224, v225 quad_perm:[2,3,0,1] row_mask:0xf bank_mask:0xf// 000000005A20: 7FC002FA FF004EE1
	v_max_f32_e32 v225, v225, v224                             // 000000005A28: 21C3C1E1
	v_mov_b32_dpp v224, v225 quad_perm:[1,0,3,2] row_mask:0xf bank_mask:0xf// 000000005A2C: 7FC002FA FF00B1E1
	v_max_f32_e32 v225, v225, v224                             // 000000005A34: 21C3C1E1
	v_max_f32_e32 v223, v223, v225                             // 000000005A38: 21BFC3DF
	v_mov_b32_e32 v225, v215                                   // 000000005A3C: 7FC203D7
	v_mov_b32_e32 v224, v225                                   // 000000005A40: 7FC003E1
	v_mov_b32_dpp v224, v224 row_shr:8 row_mask:0xf bank_mask:0xc// 000000005A44: 7FC002FA FC0118E0
	v_mov_b32_dpp v224, v225 row_shl:8 row_mask:0xf bank_mask:0x3// 000000005A4C: 7FC002FA F30108E1
	v_max_f32_e32 v225, v225, v224                             // 000000005A54: 21C3C1E1
	v_mov_b32_e32 v224, v225                                   // 000000005A58: 7FC003E1
	v_mov_b32_dpp v224, v224 row_shr:4 row_mask:0xf bank_mask:0xa// 000000005A5C: 7FC002FA FA0114E0
	v_mov_b32_dpp v224, v225 row_shl:4 row_mask:0xf bank_mask:0x5// 000000005A64: 7FC002FA F50104E1
	v_max_f32_e32 v225, v225, v224                             // 000000005A6C: 21C3C1E1
	v_mov_b32_dpp v224, v225 quad_perm:[2,3,0,1] row_mask:0xf bank_mask:0xf// 000000005A70: 7FC002FA FF004EE1
	v_max_f32_e32 v225, v225, v224                             // 000000005A78: 21C3C1E1
	v_mov_b32_dpp v224, v225 quad_perm:[1,0,3,2] row_mask:0xf bank_mask:0xf// 000000005A7C: 7FC002FA FF00B1E1
	v_max_f32_e32 v225, v225, v224                             // 000000005A84: 21C3C1E1
	v_max_f32_e32 v223, v223, v225                             // 000000005A88: 21BFC3DF
	v_max_f32_e32 v223, v39, v223                              // 000000005A8C: 21BFBF27
	v_sub_f32_e32 v55, v39, v223                               // 000000005A90: 086FBF27
	v_mul_f32_e32 v55, 0x3fb8aa3b, v55                         // 000000005A94: 106E6EFF 3FB8AA3B
	v_exp_f32_e32 v55, v55                                     // 000000005A9C: 7E6E4B37
	v_sub_f32_e32 v31, v31, v223                               // 000000005AA0: 083FBF1F
	v_mul_f32_e32 v31, 0x3fb8aa3b, v31                         // 000000005AA4: 103E3EFF 3FB8AA3B
	v_exp_f32_e32 v31, v31                                     // 000000005AAC: 7E3E4B1F
	v_sub_f32_e32 v199, v199, v223                             // 000000005AB0: 098FBFC7
	v_mul_f32_e32 v199, 0x3fb8aa3b, v199                       // 000000005AB4: 118F8EFF 3FB8AA3B
	v_exp_f32_e32 v199, v199                                   // 000000005ABC: 7F8E4BC7
	v_sub_f32_e32 v207, v207, v223                             // 000000005AC0: 099FBFCF
	v_mul_f32_e32 v207, 0x3fb8aa3b, v207                       // 000000005AC4: 119F9EFF 3FB8AA3B
	v_exp_f32_e32 v207, v207                                   // 000000005ACC: 7F9E4BCF
	v_sub_f32_e32 v215, v215, v223                             // 000000005AD0: 09AFBFD7
	v_mul_f32_e32 v215, 0x3fb8aa3b, v215                       // 000000005AD4: 11AFAEFF 3FB8AA3B
	v_exp_f32_e32 v215, v215                                   // 000000005ADC: 7FAE4BD7
	v_mov_b32_e32 v39, v223                                    // 000000005AE0: 7E4E03DF
	v_mov_b32_e32 v223, v31                                    // 000000005AE4: 7FBE031F
	v_mov_b32_e32 v224, v223                                   // 000000005AE8: 7FC003DF
	v_mov_b32_dpp v224, v224 row_shr:8 row_mask:0xf bank_mask:0xc// 000000005AEC: 7FC002FA FC0118E0
	v_mov_b32_dpp v224, v223 row_shl:8 row_mask:0xf bank_mask:0x3// 000000005AF4: 7FC002FA F30108DF
	v_add_f32_e32 v223, v223, v224                             // 000000005AFC: 07BFC1DF
	v_mov_b32_e32 v224, v223                                   // 000000005B00: 7FC003DF
	v_mov_b32_dpp v224, v224 row_shr:4 row_mask:0xf bank_mask:0xa// 000000005B04: 7FC002FA FA0114E0
	v_mov_b32_dpp v224, v223 row_shl:4 row_mask:0xf bank_mask:0x5// 000000005B0C: 7FC002FA F50104DF
	v_add_f32_e32 v223, v223, v224                             // 000000005B14: 07BFC1DF
	v_mov_b32_dpp v224, v223 quad_perm:[2,3,0,1] row_mask:0xf bank_mask:0xf// 000000005B18: 7FC002FA FF004EDF
	v_add_f32_e32 v223, v223, v224                             // 000000005B20: 07BFC1DF
	v_mov_b32_dpp v224, v223 quad_perm:[1,0,3,2] row_mask:0xf bank_mask:0xf// 000000005B24: 7FC002FA FF00B1DF
	v_add_f32_e32 v223, v223, v224                             // 000000005B2C: 07BFC1DF
	v_mov_b32_e32 v225, v199                                   // 000000005B30: 7FC203C7
	v_mov_b32_e32 v224, v225                                   // 000000005B34: 7FC003E1
	v_mov_b32_dpp v224, v224 row_shr:8 row_mask:0xf bank_mask:0xc// 000000005B38: 7FC002FA FC0118E0
	v_mov_b32_dpp v224, v225 row_shl:8 row_mask:0xf bank_mask:0x3// 000000005B40: 7FC002FA F30108E1
	v_add_f32_e32 v225, v225, v224                             // 000000005B48: 07C3C1E1
	v_mov_b32_e32 v224, v225                                   // 000000005B4C: 7FC003E1
	v_mov_b32_dpp v224, v224 row_shr:4 row_mask:0xf bank_mask:0xa// 000000005B50: 7FC002FA FA0114E0
	v_mov_b32_dpp v224, v225 row_shl:4 row_mask:0xf bank_mask:0x5// 000000005B58: 7FC002FA F50104E1
	v_add_f32_e32 v225, v225, v224                             // 000000005B60: 07C3C1E1
	v_mov_b32_dpp v224, v225 quad_perm:[2,3,0,1] row_mask:0xf bank_mask:0xf// 000000005B64: 7FC002FA FF004EE1
	v_add_f32_e32 v225, v225, v224                             // 000000005B6C: 07C3C1E1
	v_mov_b32_dpp v224, v225 quad_perm:[1,0,3,2] row_mask:0xf bank_mask:0xf// 000000005B70: 7FC002FA FF00B1E1
	v_add_f32_e32 v225, v225, v224                             // 000000005B78: 07C3C1E1
	v_add_f32_e32 v223, v223, v225                             // 000000005B7C: 07BFC3DF
	v_mov_b32_e32 v225, v207                                   // 000000005B80: 7FC203CF
	v_mov_b32_e32 v224, v225                                   // 000000005B84: 7FC003E1
	v_mov_b32_dpp v224, v224 row_shr:8 row_mask:0xf bank_mask:0xc// 000000005B88: 7FC002FA FC0118E0
	v_mov_b32_dpp v224, v225 row_shl:8 row_mask:0xf bank_mask:0x3// 000000005B90: 7FC002FA F30108E1
	v_add_f32_e32 v225, v225, v224                             // 000000005B98: 07C3C1E1
	v_mov_b32_e32 v224, v225                                   // 000000005B9C: 7FC003E1
	v_mov_b32_dpp v224, v224 row_shr:4 row_mask:0xf bank_mask:0xa// 000000005BA0: 7FC002FA FA0114E0
	v_mov_b32_dpp v224, v225 row_shl:4 row_mask:0xf bank_mask:0x5// 000000005BA8: 7FC002FA F50104E1
	v_add_f32_e32 v225, v225, v224                             // 000000005BB0: 07C3C1E1
	v_mov_b32_dpp v224, v225 quad_perm:[2,3,0,1] row_mask:0xf bank_mask:0xf// 000000005BB4: 7FC002FA FF004EE1
	v_add_f32_e32 v225, v225, v224                             // 000000005BBC: 07C3C1E1
	v_mov_b32_dpp v224, v225 quad_perm:[1,0,3,2] row_mask:0xf bank_mask:0xf// 000000005BC0: 7FC002FA FF00B1E1
	v_add_f32_e32 v225, v225, v224                             // 000000005BC8: 07C3C1E1
	v_add_f32_e32 v223, v223, v225                             // 000000005BCC: 07BFC3DF
	v_mov_b32_e32 v225, v215                                   // 000000005BD0: 7FC203D7
	v_mov_b32_e32 v224, v225                                   // 000000005BD4: 7FC003E1
	v_mov_b32_dpp v224, v224 row_shr:8 row_mask:0xf bank_mask:0xc// 000000005BD8: 7FC002FA FC0118E0
	v_mov_b32_dpp v224, v225 row_shl:8 row_mask:0xf bank_mask:0x3// 000000005BE0: 7FC002FA F30108E1
	v_add_f32_e32 v225, v225, v224                             // 000000005BE8: 07C3C1E1
	v_mov_b32_e32 v224, v225                                   // 000000005BEC: 7FC003E1
	v_mov_b32_dpp v224, v224 row_shr:4 row_mask:0xf bank_mask:0xa// 000000005BF0: 7FC002FA FA0114E0
	v_mov_b32_dpp v224, v225 row_shl:4 row_mask:0xf bank_mask:0x5// 000000005BF8: 7FC002FA F50104E1
	v_add_f32_e32 v225, v225, v224                             // 000000005C00: 07C3C1E1
	v_mov_b32_dpp v224, v225 quad_perm:[2,3,0,1] row_mask:0xf bank_mask:0xf// 000000005C04: 7FC002FA FF004EE1
	v_add_f32_e32 v225, v225, v224                             // 000000005C0C: 07C3C1E1
	v_mov_b32_dpp v224, v225 quad_perm:[1,0,3,2] row_mask:0xf bank_mask:0xf// 000000005C10: 7FC002FA FF00B1E1
	v_add_f32_e32 v225, v225, v224                             // 000000005C18: 07C3C1E1
	v_add_f32_e32 v223, v223, v225                             // 000000005C1C: 07BFC3DF
	v_mul_f32_e32 v47, v47, v55                                // 000000005C20: 105E6F2F
	v_add_f32_e32 v47, v47, v223                               // 000000005C24: 065FBF2F
	v_mul_f32_e32 v64, v64, v48                                // 000000005C28: 10806140
	v_mul_f32_e32 v65, v65, v49                                // 000000005C2C: 10826341
	v_mul_f32_e32 v66, v66, v50                                // 000000005C30: 10846542
	v_mul_f32_e32 v67, v67, v51                                // 000000005C34: 10866743
	v_mul_f32_e32 v68, v68, v52                                // 000000005C38: 10886944
	v_mul_f32_e32 v69, v69, v53                                // 000000005C3C: 108A6B45
	v_mul_f32_e32 v70, v70, v54                                // 000000005C40: 108C6D46
	v_mul_f32_e32 v71, v71, v55                                // 000000005C44: 108E6F47
	v_mul_f32_e32 v72, v72, v48                                // 000000005C48: 10906148
	v_mul_f32_e32 v73, v73, v49                                // 000000005C4C: 10926349
	v_mul_f32_e32 v74, v74, v50                                // 000000005C50: 1094654A
	v_mul_f32_e32 v75, v75, v51                                // 000000005C54: 1096674B
	v_mul_f32_e32 v76, v76, v52                                // 000000005C58: 1098694C
	v_mul_f32_e32 v77, v77, v53                                // 000000005C5C: 109A6B4D
	v_mul_f32_e32 v78, v78, v54                                // 000000005C60: 109C6D4E
	v_mul_f32_e32 v79, v79, v55                                // 000000005C64: 109E6F4F
	v_mul_f32_e32 v80, v80, v48                                // 000000005C68: 10A06150
	v_mul_f32_e32 v81, v81, v49                                // 000000005C6C: 10A26351
	v_mul_f32_e32 v82, v82, v50                                // 000000005C70: 10A46552
	v_mul_f32_e32 v83, v83, v51                                // 000000005C74: 10A66753
	v_mul_f32_e32 v84, v84, v52                                // 000000005C78: 10A86954
	v_mul_f32_e32 v85, v85, v53                                // 000000005C7C: 10AA6B55
	v_mul_f32_e32 v86, v86, v54                                // 000000005C80: 10AC6D56
	v_mul_f32_e32 v87, v87, v55                                // 000000005C84: 10AE6F57
	v_mul_f32_e32 v88, v88, v48                                // 000000005C88: 10B06158
	v_mul_f32_e32 v89, v89, v49                                // 000000005C8C: 10B26359
	v_mul_f32_e32 v90, v90, v50                                // 000000005C90: 10B4655A
	v_mul_f32_e32 v91, v91, v51                                // 000000005C94: 10B6675B
	v_mul_f32_e32 v92, v92, v52                                // 000000005C98: 10B8695C
	v_mul_f32_e32 v93, v93, v53                                // 000000005C9C: 10BA6B5D
	v_mul_f32_e32 v94, v94, v54                                // 000000005CA0: 10BC6D5E
	v_mul_f32_e32 v95, v95, v55                                // 000000005CA4: 10BE6F5F
	v_mul_f32_e32 v96, v96, v48                                // 000000005CA8: 10C06160
	v_mul_f32_e32 v97, v97, v49                                // 000000005CAC: 10C26361
	v_mul_f32_e32 v98, v98, v50                                // 000000005CB0: 10C46562
	v_mul_f32_e32 v99, v99, v51                                // 000000005CB4: 10C66763
	v_mul_f32_e32 v100, v100, v52                              // 000000005CB8: 10C86964
	v_mul_f32_e32 v101, v101, v53                              // 000000005CBC: 10CA6B65
	v_mul_f32_e32 v102, v102, v54                              // 000000005CC0: 10CC6D66
	v_mul_f32_e32 v103, v103, v55                              // 000000005CC4: 10CE6F67
	v_mul_f32_e32 v104, v104, v48                              // 000000005CC8: 10D06168
	v_mul_f32_e32 v105, v105, v49                              // 000000005CCC: 10D26369
	v_mul_f32_e32 v106, v106, v50                              // 000000005CD0: 10D4656A
	v_mul_f32_e32 v107, v107, v51                              // 000000005CD4: 10D6676B
	v_mul_f32_e32 v108, v108, v52                              // 000000005CD8: 10D8696C
	v_mul_f32_e32 v109, v109, v53                              // 000000005CDC: 10DA6B6D
	v_mul_f32_e32 v110, v110, v54                              // 000000005CE0: 10DC6D6E
	v_mul_f32_e32 v111, v111, v55                              // 000000005CE4: 10DE6F6F
	v_mul_f32_e32 v112, v112, v48                              // 000000005CE8: 10E06170
	v_mul_f32_e32 v113, v113, v49                              // 000000005CEC: 10E26371
	v_mul_f32_e32 v114, v114, v50                              // 000000005CF0: 10E46572
	v_mul_f32_e32 v115, v115, v51                              // 000000005CF4: 10E66773
	v_mul_f32_e32 v116, v116, v52                              // 000000005CF8: 10E86974
	v_mul_f32_e32 v117, v117, v53                              // 000000005CFC: 10EA6B75
	v_mul_f32_e32 v118, v118, v54                              // 000000005D00: 10EC6D76
	v_mul_f32_e32 v119, v119, v55                              // 000000005D04: 10EE6F77
	v_mul_f32_e32 v120, v120, v48                              // 000000005D08: 10F06178
	v_mul_f32_e32 v121, v121, v49                              // 000000005D0C: 10F26379
	v_mul_f32_e32 v122, v122, v50                              // 000000005D10: 10F4657A
	v_mul_f32_e32 v123, v123, v51                              // 000000005D14: 10F6677B
	v_mul_f32_e32 v124, v124, v52                              // 000000005D18: 10F8697C
	v_mul_f32_e32 v125, v125, v53                              // 000000005D1C: 10FA6B7D
	v_mul_f32_e32 v126, v126, v54                              // 000000005D20: 10FC6D7E
	v_mul_f32_e32 v127, v127, v55                              // 000000005D24: 10FE6F7F
	v_mul_f32_e32 v128, v128, v48                              // 000000005D28: 11006180
	v_mul_f32_e32 v129, v129, v49                              // 000000005D2C: 11026381
	v_mul_f32_e32 v130, v130, v50                              // 000000005D30: 11046582
	v_mul_f32_e32 v131, v131, v51                              // 000000005D34: 11066783
	v_mul_f32_e32 v132, v132, v52                              // 000000005D38: 11086984
	v_mul_f32_e32 v133, v133, v53                              // 000000005D3C: 110A6B85
	v_mul_f32_e32 v134, v134, v54                              // 000000005D40: 110C6D86
	v_mul_f32_e32 v135, v135, v55                              // 000000005D44: 110E6F87
	v_mul_f32_e32 v136, v136, v48                              // 000000005D48: 11106188
	v_mul_f32_e32 v137, v137, v49                              // 000000005D4C: 11126389
	v_mul_f32_e32 v138, v138, v50                              // 000000005D50: 1114658A
	v_mul_f32_e32 v139, v139, v51                              // 000000005D54: 1116678B
	v_mul_f32_e32 v140, v140, v52                              // 000000005D58: 1118698C
	v_mul_f32_e32 v141, v141, v53                              // 000000005D5C: 111A6B8D
	v_mul_f32_e32 v142, v142, v54                              // 000000005D60: 111C6D8E
	v_mul_f32_e32 v143, v143, v55                              // 000000005D64: 111E6F8F
	v_mul_f32_e32 v144, v144, v48                              // 000000005D68: 11206190
	v_mul_f32_e32 v145, v145, v49                              // 000000005D6C: 11226391
	v_mul_f32_e32 v146, v146, v50                              // 000000005D70: 11246592
	v_mul_f32_e32 v147, v147, v51                              // 000000005D74: 11266793
	v_mul_f32_e32 v148, v148, v52                              // 000000005D78: 11286994
	v_mul_f32_e32 v149, v149, v53                              // 000000005D7C: 112A6B95
	v_mul_f32_e32 v150, v150, v54                              // 000000005D80: 112C6D96
	v_mul_f32_e32 v151, v151, v55                              // 000000005D84: 112E6F97
	v_mul_f32_e32 v152, v152, v48                              // 000000005D88: 11306198
	v_mul_f32_e32 v153, v153, v49                              // 000000005D8C: 11326399
	v_mul_f32_e32 v154, v154, v50                              // 000000005D90: 1134659A
	v_mul_f32_e32 v155, v155, v51                              // 000000005D94: 1136679B
	v_mul_f32_e32 v156, v156, v52                              // 000000005D98: 1138699C
	v_mul_f32_e32 v157, v157, v53                              // 000000005D9C: 113A6B9D
	v_mul_f32_e32 v158, v158, v54                              // 000000005DA0: 113C6D9E
	v_mul_f32_e32 v159, v159, v55                              // 000000005DA4: 113E6F9F
	v_mul_f32_e32 v160, v160, v48                              // 000000005DA8: 114061A0
	v_mul_f32_e32 v161, v161, v49                              // 000000005DAC: 114263A1
	v_mul_f32_e32 v162, v162, v50                              // 000000005DB0: 114465A2
	v_mul_f32_e32 v163, v163, v51                              // 000000005DB4: 114667A3
	v_mul_f32_e32 v164, v164, v52                              // 000000005DB8: 114869A4
	v_mul_f32_e32 v165, v165, v53                              // 000000005DBC: 114A6BA5
	v_mul_f32_e32 v166, v166, v54                              // 000000005DC0: 114C6DA6
	v_mul_f32_e32 v167, v167, v55                              // 000000005DC4: 114E6FA7
	v_mul_f32_e32 v168, v168, v48                              // 000000005DC8: 115061A8
	v_mul_f32_e32 v169, v169, v49                              // 000000005DCC: 115263A9
	v_mul_f32_e32 v170, v170, v50                              // 000000005DD0: 115465AA
	v_mul_f32_e32 v171, v171, v51                              // 000000005DD4: 115667AB
	v_mul_f32_e32 v172, v172, v52                              // 000000005DD8: 115869AC
	v_mul_f32_e32 v173, v173, v53                              // 000000005DDC: 115A6BAD
	v_mul_f32_e32 v174, v174, v54                              // 000000005DE0: 115C6DAE
	v_mul_f32_e32 v175, v175, v55                              // 000000005DE4: 115E6FAF
	v_mul_f32_e32 v176, v176, v48                              // 000000005DE8: 116061B0
	v_mul_f32_e32 v177, v177, v49                              // 000000005DEC: 116263B1
	v_mul_f32_e32 v178, v178, v50                              // 000000005DF0: 116465B2
	v_mul_f32_e32 v179, v179, v51                              // 000000005DF4: 116667B3
	v_mul_f32_e32 v180, v180, v52                              // 000000005DF8: 116869B4
	v_mul_f32_e32 v181, v181, v53                              // 000000005DFC: 116A6BB5
	v_mul_f32_e32 v182, v182, v54                              // 000000005E00: 116C6DB6
	v_mul_f32_e32 v183, v183, v55                              // 000000005E04: 116E6FB7
	v_mul_f32_e32 v184, v184, v48                              // 000000005E08: 117061B8
	v_mul_f32_e32 v185, v185, v49                              // 000000005E0C: 117263B9
	v_mul_f32_e32 v186, v186, v50                              // 000000005E10: 117465BA
	v_mul_f32_e32 v187, v187, v51                              // 000000005E14: 117667BB
	v_mul_f32_e32 v188, v188, v52                              // 000000005E18: 117869BC
	v_mul_f32_e32 v189, v189, v53                              // 000000005E1C: 117A6BBD
	v_mul_f32_e32 v190, v190, v54                              // 000000005E20: 117C6DBE
	v_mul_f32_e32 v191, v191, v55                              // 000000005E24: 117E6FBF
	v_lshrrev_b32_e32 v238, 16, v24                            // 000000005E28: 33DC3090
	v_and_b32_e32 v238, 1, v238                                // 000000005E2C: 37DDDC81
	v_add_nc_u32_e32 v239, 0x7fff, v24                         // 000000005E30: 4BDE30FF 00007FFF
	v_add_nc_u32_e32 v239, v238, v239                          // 000000005E38: 4BDFDFEE
	v_lshrrev_b32_e32 v239, 16, v239                           // 000000005E3C: 33DFDE90
	ds_store_b16 v232, v239                                    // 000000005E40: D87C0000 0000EFE8
	v_lshrrev_b32_e32 v238, 16, v25                            // 000000005E48: 33DC3290
	v_and_b32_e32 v238, 1, v238                                // 000000005E4C: 37DDDC81
	v_add_nc_u32_e32 v239, 0x7fff, v25                         // 000000005E50: 4BDE32FF 00007FFF
	v_add_nc_u32_e32 v239, v238, v239                          // 000000005E58: 4BDFDFEE
	v_lshrrev_b32_e32 v239, 16, v239                           // 000000005E5C: 33DFDE90
	ds_store_b16 v232, v239 offset:256                         // 000000005E60: D87C0100 0000EFE8
	v_lshrrev_b32_e32 v238, 16, v26                            // 000000005E68: 33DC3490
	v_and_b32_e32 v238, 1, v238                                // 000000005E6C: 37DDDC81
	v_add_nc_u32_e32 v239, 0x7fff, v26                         // 000000005E70: 4BDE34FF 00007FFF
	v_add_nc_u32_e32 v239, v238, v239                          // 000000005E78: 4BDFDFEE
	v_lshrrev_b32_e32 v239, 16, v239                           // 000000005E7C: 33DFDE90
	ds_store_b16 v232, v239 offset:512                         // 000000005E80: D87C0200 0000EFE8
	v_lshrrev_b32_e32 v238, 16, v27                            // 000000005E88: 33DC3690
	v_and_b32_e32 v238, 1, v238                                // 000000005E8C: 37DDDC81
	v_add_nc_u32_e32 v239, 0x7fff, v27                         // 000000005E90: 4BDE36FF 00007FFF
	v_add_nc_u32_e32 v239, v238, v239                          // 000000005E98: 4BDFDFEE
	v_lshrrev_b32_e32 v239, 16, v239                           // 000000005E9C: 33DFDE90
	ds_store_b16 v232, v239 offset:768                         // 000000005EA0: D87C0300 0000EFE8
	v_lshrrev_b32_e32 v238, 16, v28                            // 000000005EA8: 33DC3890
	v_and_b32_e32 v238, 1, v238                                // 000000005EAC: 37DDDC81
	v_add_nc_u32_e32 v239, 0x7fff, v28                         // 000000005EB0: 4BDE38FF 00007FFF
	v_add_nc_u32_e32 v239, v238, v239                          // 000000005EB8: 4BDFDFEE
	v_lshrrev_b32_e32 v239, 16, v239                           // 000000005EBC: 33DFDE90
	ds_store_b16 v232, v239 offset:1024                        // 000000005EC0: D87C0400 0000EFE8
	v_lshrrev_b32_e32 v238, 16, v29                            // 000000005EC8: 33DC3A90
	v_and_b32_e32 v238, 1, v238                                // 000000005ECC: 37DDDC81
	v_add_nc_u32_e32 v239, 0x7fff, v29                         // 000000005ED0: 4BDE3AFF 00007FFF
	v_add_nc_u32_e32 v239, v238, v239                          // 000000005ED8: 4BDFDFEE
	v_lshrrev_b32_e32 v239, 16, v239                           // 000000005EDC: 33DFDE90
	ds_store_b16 v232, v239 offset:1280                        // 000000005EE0: D87C0500 0000EFE8
	v_lshrrev_b32_e32 v238, 16, v30                            // 000000005EE8: 33DC3C90
	v_and_b32_e32 v238, 1, v238                                // 000000005EEC: 37DDDC81
	v_add_nc_u32_e32 v239, 0x7fff, v30                         // 000000005EF0: 4BDE3CFF 00007FFF
	v_add_nc_u32_e32 v239, v238, v239                          // 000000005EF8: 4BDFDFEE
	v_lshrrev_b32_e32 v239, 16, v239                           // 000000005EFC: 33DFDE90
	ds_store_b16 v232, v239 offset:1536                        // 000000005F00: D87C0600 0000EFE8
	v_lshrrev_b32_e32 v238, 16, v31                            // 000000005F08: 33DC3E90
	v_and_b32_e32 v238, 1, v238                                // 000000005F0C: 37DDDC81
	v_add_nc_u32_e32 v239, 0x7fff, v31                         // 000000005F10: 4BDE3EFF 00007FFF
	v_add_nc_u32_e32 v239, v238, v239                          // 000000005F18: 4BDFDFEE
	v_lshrrev_b32_e32 v239, 16, v239                           // 000000005F1C: 33DFDE90
	ds_store_b16 v232, v239 offset:1792                        // 000000005F20: D87C0700 0000EFE8
	v_lshrrev_b32_e32 v238, 16, v192                           // 000000005F28: 33DD8090
	v_and_b32_e32 v238, 1, v238                                // 000000005F2C: 37DDDC81
	v_add_nc_u32_e32 v239, 0x7fff, v192                        // 000000005F30: 4BDF80FF 00007FFF
	v_add_nc_u32_e32 v239, v238, v239                          // 000000005F38: 4BDFDFEE
	v_lshrrev_b32_e32 v239, 16, v239                           // 000000005F3C: 33DFDE90
	ds_store_b16 v232, v239 offset:32                          // 000000005F40: D87C0020 0000EFE8
	v_lshrrev_b32_e32 v238, 16, v193                           // 000000005F48: 33DD8290
	v_and_b32_e32 v238, 1, v238                                // 000000005F4C: 37DDDC81
	v_add_nc_u32_e32 v239, 0x7fff, v193                        // 000000005F50: 4BDF82FF 00007FFF
	v_add_nc_u32_e32 v239, v238, v239                          // 000000005F58: 4BDFDFEE
	v_lshrrev_b32_e32 v239, 16, v239                           // 000000005F5C: 33DFDE90
	ds_store_b16 v232, v239 offset:288                         // 000000005F60: D87C0120 0000EFE8
	v_lshrrev_b32_e32 v238, 16, v194                           // 000000005F68: 33DD8490
	v_and_b32_e32 v238, 1, v238                                // 000000005F6C: 37DDDC81
	v_add_nc_u32_e32 v239, 0x7fff, v194                        // 000000005F70: 4BDF84FF 00007FFF
	v_add_nc_u32_e32 v239, v238, v239                          // 000000005F78: 4BDFDFEE
	v_lshrrev_b32_e32 v239, 16, v239                           // 000000005F7C: 33DFDE90
	ds_store_b16 v232, v239 offset:544                         // 000000005F80: D87C0220 0000EFE8
	v_lshrrev_b32_e32 v238, 16, v195                           // 000000005F88: 33DD8690
	v_and_b32_e32 v238, 1, v238                                // 000000005F8C: 37DDDC81
	v_add_nc_u32_e32 v239, 0x7fff, v195                        // 000000005F90: 4BDF86FF 00007FFF
	v_add_nc_u32_e32 v239, v238, v239                          // 000000005F98: 4BDFDFEE
	v_lshrrev_b32_e32 v239, 16, v239                           // 000000005F9C: 33DFDE90
	ds_store_b16 v232, v239 offset:800                         // 000000005FA0: D87C0320 0000EFE8
	v_lshrrev_b32_e32 v238, 16, v196                           // 000000005FA8: 33DD8890
	v_and_b32_e32 v238, 1, v238                                // 000000005FAC: 37DDDC81
	v_add_nc_u32_e32 v239, 0x7fff, v196                        // 000000005FB0: 4BDF88FF 00007FFF
	v_add_nc_u32_e32 v239, v238, v239                          // 000000005FB8: 4BDFDFEE
	v_lshrrev_b32_e32 v239, 16, v239                           // 000000005FBC: 33DFDE90
	ds_store_b16 v232, v239 offset:1056                        // 000000005FC0: D87C0420 0000EFE8
	v_lshrrev_b32_e32 v238, 16, v197                           // 000000005FC8: 33DD8A90
	v_and_b32_e32 v238, 1, v238                                // 000000005FCC: 37DDDC81
	v_add_nc_u32_e32 v239, 0x7fff, v197                        // 000000005FD0: 4BDF8AFF 00007FFF
	v_add_nc_u32_e32 v239, v238, v239                          // 000000005FD8: 4BDFDFEE
	v_lshrrev_b32_e32 v239, 16, v239                           // 000000005FDC: 33DFDE90
	ds_store_b16 v232, v239 offset:1312                        // 000000005FE0: D87C0520 0000EFE8
	v_lshrrev_b32_e32 v238, 16, v198                           // 000000005FE8: 33DD8C90
	v_and_b32_e32 v238, 1, v238                                // 000000005FEC: 37DDDC81
	v_add_nc_u32_e32 v239, 0x7fff, v198                        // 000000005FF0: 4BDF8CFF 00007FFF
	v_add_nc_u32_e32 v239, v238, v239                          // 000000005FF8: 4BDFDFEE
	v_lshrrev_b32_e32 v239, 16, v239                           // 000000005FFC: 33DFDE90
	ds_store_b16 v232, v239 offset:1568                        // 000000006000: D87C0620 0000EFE8
	v_lshrrev_b32_e32 v238, 16, v199                           // 000000006008: 33DD8E90
	v_and_b32_e32 v238, 1, v238                                // 00000000600C: 37DDDC81
	v_add_nc_u32_e32 v239, 0x7fff, v199                        // 000000006010: 4BDF8EFF 00007FFF
	v_add_nc_u32_e32 v239, v238, v239                          // 000000006018: 4BDFDFEE
	v_lshrrev_b32_e32 v239, 16, v239                           // 00000000601C: 33DFDE90
	ds_store_b16 v232, v239 offset:1824                        // 000000006020: D87C0720 0000EFE8
	v_lshrrev_b32_e32 v238, 16, v200                           // 000000006028: 33DD9090
	v_and_b32_e32 v238, 1, v238                                // 00000000602C: 37DDDC81
	v_add_nc_u32_e32 v239, 0x7fff, v200                        // 000000006030: 4BDF90FF 00007FFF
	v_add_nc_u32_e32 v239, v238, v239                          // 000000006038: 4BDFDFEE
	v_lshrrev_b32_e32 v239, 16, v239                           // 00000000603C: 33DFDE90
	ds_store_b16 v232, v239 offset:64                          // 000000006040: D87C0040 0000EFE8
	v_lshrrev_b32_e32 v238, 16, v201                           // 000000006048: 33DD9290
	v_and_b32_e32 v238, 1, v238                                // 00000000604C: 37DDDC81
	v_add_nc_u32_e32 v239, 0x7fff, v201                        // 000000006050: 4BDF92FF 00007FFF
	v_add_nc_u32_e32 v239, v238, v239                          // 000000006058: 4BDFDFEE
	v_lshrrev_b32_e32 v239, 16, v239                           // 00000000605C: 33DFDE90
	ds_store_b16 v232, v239 offset:320                         // 000000006060: D87C0140 0000EFE8
	v_lshrrev_b32_e32 v238, 16, v202                           // 000000006068: 33DD9490
	v_and_b32_e32 v238, 1, v238                                // 00000000606C: 37DDDC81
	v_add_nc_u32_e32 v239, 0x7fff, v202                        // 000000006070: 4BDF94FF 00007FFF
	v_add_nc_u32_e32 v239, v238, v239                          // 000000006078: 4BDFDFEE
	v_lshrrev_b32_e32 v239, 16, v239                           // 00000000607C: 33DFDE90
	ds_store_b16 v232, v239 offset:576                         // 000000006080: D87C0240 0000EFE8
	v_lshrrev_b32_e32 v238, 16, v203                           // 000000006088: 33DD9690
	v_and_b32_e32 v238, 1, v238                                // 00000000608C: 37DDDC81
	v_add_nc_u32_e32 v239, 0x7fff, v203                        // 000000006090: 4BDF96FF 00007FFF
	v_add_nc_u32_e32 v239, v238, v239                          // 000000006098: 4BDFDFEE
	v_lshrrev_b32_e32 v239, 16, v239                           // 00000000609C: 33DFDE90
	ds_store_b16 v232, v239 offset:832                         // 0000000060A0: D87C0340 0000EFE8
	v_lshrrev_b32_e32 v238, 16, v204                           // 0000000060A8: 33DD9890
	v_and_b32_e32 v238, 1, v238                                // 0000000060AC: 37DDDC81
	v_add_nc_u32_e32 v239, 0x7fff, v204                        // 0000000060B0: 4BDF98FF 00007FFF
	v_add_nc_u32_e32 v239, v238, v239                          // 0000000060B8: 4BDFDFEE
	v_lshrrev_b32_e32 v239, 16, v239                           // 0000000060BC: 33DFDE90
	ds_store_b16 v232, v239 offset:1088                        // 0000000060C0: D87C0440 0000EFE8
	v_lshrrev_b32_e32 v238, 16, v205                           // 0000000060C8: 33DD9A90
	v_and_b32_e32 v238, 1, v238                                // 0000000060CC: 37DDDC81
	v_add_nc_u32_e32 v239, 0x7fff, v205                        // 0000000060D0: 4BDF9AFF 00007FFF
	v_add_nc_u32_e32 v239, v238, v239                          // 0000000060D8: 4BDFDFEE
	v_lshrrev_b32_e32 v239, 16, v239                           // 0000000060DC: 33DFDE90
	ds_store_b16 v232, v239 offset:1344                        // 0000000060E0: D87C0540 0000EFE8
	v_lshrrev_b32_e32 v238, 16, v206                           // 0000000060E8: 33DD9C90
	v_and_b32_e32 v238, 1, v238                                // 0000000060EC: 37DDDC81
	v_add_nc_u32_e32 v239, 0x7fff, v206                        // 0000000060F0: 4BDF9CFF 00007FFF
	v_add_nc_u32_e32 v239, v238, v239                          // 0000000060F8: 4BDFDFEE
	v_lshrrev_b32_e32 v239, 16, v239                           // 0000000060FC: 33DFDE90
	ds_store_b16 v232, v239 offset:1600                        // 000000006100: D87C0640 0000EFE8
	v_lshrrev_b32_e32 v238, 16, v207                           // 000000006108: 33DD9E90
	v_and_b32_e32 v238, 1, v238                                // 00000000610C: 37DDDC81
	v_add_nc_u32_e32 v239, 0x7fff, v207                        // 000000006110: 4BDF9EFF 00007FFF
	v_add_nc_u32_e32 v239, v238, v239                          // 000000006118: 4BDFDFEE
	v_lshrrev_b32_e32 v239, 16, v239                           // 00000000611C: 33DFDE90
	ds_store_b16 v232, v239 offset:1856                        // 000000006120: D87C0740 0000EFE8
	v_lshrrev_b32_e32 v238, 16, v208                           // 000000006128: 33DDA090
	v_and_b32_e32 v238, 1, v238                                // 00000000612C: 37DDDC81
	v_add_nc_u32_e32 v239, 0x7fff, v208                        // 000000006130: 4BDFA0FF 00007FFF
	v_add_nc_u32_e32 v239, v238, v239                          // 000000006138: 4BDFDFEE
	v_lshrrev_b32_e32 v239, 16, v239                           // 00000000613C: 33DFDE90
	ds_store_b16 v232, v239 offset:96                          // 000000006140: D87C0060 0000EFE8
	v_lshrrev_b32_e32 v238, 16, v209                           // 000000006148: 33DDA290
	v_and_b32_e32 v238, 1, v238                                // 00000000614C: 37DDDC81
	v_add_nc_u32_e32 v239, 0x7fff, v209                        // 000000006150: 4BDFA2FF 00007FFF
	v_add_nc_u32_e32 v239, v238, v239                          // 000000006158: 4BDFDFEE
	v_lshrrev_b32_e32 v239, 16, v239                           // 00000000615C: 33DFDE90
	ds_store_b16 v232, v239 offset:352                         // 000000006160: D87C0160 0000EFE8
	v_lshrrev_b32_e32 v238, 16, v210                           // 000000006168: 33DDA490
	v_and_b32_e32 v238, 1, v238                                // 00000000616C: 37DDDC81
	v_add_nc_u32_e32 v239, 0x7fff, v210                        // 000000006170: 4BDFA4FF 00007FFF
	v_add_nc_u32_e32 v239, v238, v239                          // 000000006178: 4BDFDFEE
	v_lshrrev_b32_e32 v239, 16, v239                           // 00000000617C: 33DFDE90
	ds_store_b16 v232, v239 offset:608                         // 000000006180: D87C0260 0000EFE8
	v_lshrrev_b32_e32 v238, 16, v211                           // 000000006188: 33DDA690
	v_and_b32_e32 v238, 1, v238                                // 00000000618C: 37DDDC81
	v_add_nc_u32_e32 v239, 0x7fff, v211                        // 000000006190: 4BDFA6FF 00007FFF
	v_add_nc_u32_e32 v239, v238, v239                          // 000000006198: 4BDFDFEE
	v_lshrrev_b32_e32 v239, 16, v239                           // 00000000619C: 33DFDE90
	ds_store_b16 v232, v239 offset:864                         // 0000000061A0: D87C0360 0000EFE8
	v_lshrrev_b32_e32 v238, 16, v212                           // 0000000061A8: 33DDA890
	v_and_b32_e32 v238, 1, v238                                // 0000000061AC: 37DDDC81
	v_add_nc_u32_e32 v239, 0x7fff, v212                        // 0000000061B0: 4BDFA8FF 00007FFF
	v_add_nc_u32_e32 v239, v238, v239                          // 0000000061B8: 4BDFDFEE
	v_lshrrev_b32_e32 v239, 16, v239                           // 0000000061BC: 33DFDE90
	ds_store_b16 v232, v239 offset:1120                        // 0000000061C0: D87C0460 0000EFE8
	v_lshrrev_b32_e32 v238, 16, v213                           // 0000000061C8: 33DDAA90
	v_and_b32_e32 v238, 1, v238                                // 0000000061CC: 37DDDC81
	v_add_nc_u32_e32 v239, 0x7fff, v213                        // 0000000061D0: 4BDFAAFF 00007FFF
	v_add_nc_u32_e32 v239, v238, v239                          // 0000000061D8: 4BDFDFEE
	v_lshrrev_b32_e32 v239, 16, v239                           // 0000000061DC: 33DFDE90
	ds_store_b16 v232, v239 offset:1376                        // 0000000061E0: D87C0560 0000EFE8
	v_lshrrev_b32_e32 v238, 16, v214                           // 0000000061E8: 33DDAC90
	v_and_b32_e32 v238, 1, v238                                // 0000000061EC: 37DDDC81
	v_add_nc_u32_e32 v239, 0x7fff, v214                        // 0000000061F0: 4BDFACFF 00007FFF
	v_add_nc_u32_e32 v239, v238, v239                          // 0000000061F8: 4BDFDFEE
	v_lshrrev_b32_e32 v239, 16, v239                           // 0000000061FC: 33DFDE90
	ds_store_b16 v232, v239 offset:1632                        // 000000006200: D87C0660 0000EFE8
	v_lshrrev_b32_e32 v238, 16, v215                           // 000000006208: 33DDAE90
	v_and_b32_e32 v238, 1, v238                                // 00000000620C: 37DDDC81
	v_add_nc_u32_e32 v239, 0x7fff, v215                        // 000000006210: 4BDFAEFF 00007FFF
	v_add_nc_u32_e32 v239, v238, v239                          // 000000006218: 4BDFDFEE
	v_lshrrev_b32_e32 v239, 16, v239                           // 00000000621C: 33DFDE90
	ds_store_b16 v232, v239 offset:1888                        // 000000006220: D87C0760 0000EFE8
	s_waitcnt lgkmcnt(0)                                       // 000000006228: BF89FC07
	s_barrier                                                  // 00000000622C: BFBD0000
	s_cmp_eq_u32 s43, 0                                        // 000000006230: BF06802B
	s_cbranch_scc0 505                                         // 000000006234: BFA101F9 <extend_attention_wmma_n64_gfx1151+0x511c>
	s_cmp_lt_u32 s28, s19                                      // 000000006238: BF0A131C
	s_cbranch_scc0 246                                         // 00000000623C: BFA100F6 <extend_attention_wmma_n64_gfx1151+0x4d18>
	s_add_u32 s30, s28, s29                                    // 000000006240: 801E1D1C
	s_add_u32 s30, s30, 0                                      // 000000006244: 801E801E
	s_lshl_b32 s30, s30, 3                                     // 000000006248: 841E831E
	s_load_b64 s[44:45], s[16:17], s30                         // 00000000624C: F4040B08 3C000000
	s_load_b64 s[46:47], s[16:17], s30 offset:0x20             // 000000006254: F4040B88 3C000020
	s_load_b64 s[48:49], s[16:17], s30 offset:0x40             // 00000000625C: F4040C08 3C000040
	s_load_b64 s[50:51], s[16:17], s30 offset:0x60             // 000000006264: F4040C88 3C000060
	s_load_b64 s[52:53], s[16:17], s30 offset:0x80             // 00000000626C: F4040D08 3C000080
	s_load_b64 s[54:55], s[16:17], s30 offset:0xa0             // 000000006274: F4040D88 3C0000A0
	s_load_b64 s[56:57], s[16:17], s30 offset:0xc0             // 00000000627C: F4040E08 3C0000C0
	s_load_b64 s[58:59], s[16:17], s30 offset:0xe0             // 000000006284: F4040E88 3C0000E0
	s_load_b64 s[60:61], s[16:17], s30 offset:0x100            // 00000000628C: F4040F08 3C000100
	s_load_b64 s[62:63], s[16:17], s30 offset:0x120            // 000000006294: F4040F88 3C000120
	s_load_b64 s[64:65], s[16:17], s30 offset:0x140            // 00000000629C: F4041008 3C000140
	s_load_b64 s[66:67], s[16:17], s30 offset:0x160            // 0000000062A4: F4041088 3C000160
	s_load_b64 s[68:69], s[16:17], s30 offset:0x180            // 0000000062AC: F4041108 3C000180
	s_load_b64 s[70:71], s[16:17], s30 offset:0x1a0            // 0000000062B4: F4041188 3C0001A0
	s_load_b64 s[72:73], s[16:17], s30 offset:0x1c0            // 0000000062BC: F4041208 3C0001C0
	s_load_b64 s[74:75], s[16:17], s30 offset:0x1e0            // 0000000062C4: F4041288 3C0001E0
	s_waitcnt lgkmcnt(0)                                       // 0000000062CC: BF89FC07
	s_lshl_b32 s38, s44, 10                                    // 0000000062D0: 84268A2C
	s_add_u32 s38, s38, s25                                    // 0000000062D4: 80261926
	s_add_u32 s32, s14, s38                                    // 0000000062D8: 8020260E
	s_addc_u32 s33, s15, 0                                     // 0000000062DC: 8221800F
	global_load_b128 v[8:11], v229, s[32:33]                   // 0000000062E0: DC5E0000 082000E5
	s_lshl_b32 s38, s46, 10                                    // 0000000062E8: 84268A2E
	s_add_u32 s38, s38, s25                                    // 0000000062EC: 80261926
	s_add_u32 s32, s14, s38                                    // 0000000062F0: 8020260E
	s_addc_u32 s33, s15, 0                                     // 0000000062F4: 8221800F
	global_load_b128 v[12:15], v229, s[32:33]                  // 0000000062F8: DC5E0000 0C2000E5
	s_lshl_b32 s38, s48, 10                                    // 000000006300: 84268A30
	s_add_u32 s38, s38, s25                                    // 000000006304: 80261926
	s_add_u32 s32, s14, s38                                    // 000000006308: 8020260E
	s_addc_u32 s33, s15, 0                                     // 00000000630C: 8221800F
	global_load_b128 v[16:19], v229, s[32:33]                  // 000000006310: DC5E0000 102000E5
	s_lshl_b32 s38, s50, 10                                    // 000000006318: 84268A32
	s_add_u32 s38, s38, s25                                    // 00000000631C: 80261926
	s_add_u32 s32, s14, s38                                    // 000000006320: 8020260E
	s_addc_u32 s33, s15, 0                                     // 000000006324: 8221800F
	global_load_b128 v[20:23], v229, s[32:33]                  // 000000006328: DC5E0000 142000E5
	s_lshl_b32 s38, s52, 10                                    // 000000006330: 84268A34
	s_add_u32 s38, s38, s25                                    // 000000006334: 80261926
	s_add_u32 s32, s14, s38                                    // 000000006338: 8020260E
	s_addc_u32 s33, s15, 0                                     // 00000000633C: 8221800F
	global_load_b128 v[192:195], v229, s[32:33]                // 000000006340: DC5E0000 C02000E5
	s_lshl_b32 s38, s54, 10                                    // 000000006348: 84268A36
	s_add_u32 s38, s38, s25                                    // 00000000634C: 80261926
	s_add_u32 s32, s14, s38                                    // 000000006350: 8020260E
	s_addc_u32 s33, s15, 0                                     // 000000006354: 8221800F
	global_load_b128 v[196:199], v229, s[32:33]                // 000000006358: DC5E0000 C42000E5
	s_lshl_b32 s38, s56, 10                                    // 000000006360: 84268A38
	s_add_u32 s38, s38, s25                                    // 000000006364: 80261926
	s_add_u32 s32, s14, s38                                    // 000000006368: 8020260E
	s_addc_u32 s33, s15, 0                                     // 00000000636C: 8221800F
	global_load_b128 v[200:203], v229, s[32:33]                // 000000006370: DC5E0000 C82000E5
	s_lshl_b32 s38, s58, 10                                    // 000000006378: 84268A3A
	s_add_u32 s38, s38, s25                                    // 00000000637C: 80261926
	s_add_u32 s32, s14, s38                                    // 000000006380: 8020260E
	s_addc_u32 s33, s15, 0                                     // 000000006384: 8221800F
	global_load_b128 v[204:207], v229, s[32:33]                // 000000006388: DC5E0000 CC2000E5
	s_lshl_b32 s38, s60, 10                                    // 000000006390: 84268A3C
	s_add_u32 s38, s38, s25                                    // 000000006394: 80261926
	s_add_u32 s32, s14, s38                                    // 000000006398: 8020260E
	s_addc_u32 s33, s15, 0                                     // 00000000639C: 8221800F
	global_load_b128 v[208:211], v229, s[32:33]                // 0000000063A0: DC5E0000 D02000E5
	s_lshl_b32 s38, s62, 10                                    // 0000000063A8: 84268A3E
	s_add_u32 s38, s38, s25                                    // 0000000063AC: 80261926
	s_add_u32 s32, s14, s38                                    // 0000000063B0: 8020260E
	s_addc_u32 s33, s15, 0                                     // 0000000063B4: 8221800F
	global_load_b128 v[212:215], v229, s[32:33]                // 0000000063B8: DC5E0000 D42000E5
	s_lshl_b32 s38, s64, 10                                    // 0000000063C0: 84268A40
	s_add_u32 s38, s38, s25                                    // 0000000063C4: 80261926
	s_add_u32 s32, s14, s38                                    // 0000000063C8: 8020260E
	s_addc_u32 s33, s15, 0                                     // 0000000063CC: 8221800F
	global_load_b128 v[216:219], v229, s[32:33]                // 0000000063D0: DC5E0000 D82000E5
	s_lshl_b32 s38, s66, 10                                    // 0000000063D8: 84268A42
	s_add_u32 s38, s38, s25                                    // 0000000063DC: 80261926
	s_add_u32 s32, s14, s38                                    // 0000000063E0: 8020260E
	s_addc_u32 s33, s15, 0                                     // 0000000063E4: 8221800F
	global_load_b128 v[220:223], v229, s[32:33]                // 0000000063E8: DC5E0000 DC2000E5
	s_lshl_b32 s38, s68, 10                                    // 0000000063F0: 84268A44
	s_add_u32 s38, s38, s25                                    // 0000000063F4: 80261926
	s_add_u32 s32, s14, s38                                    // 0000000063F8: 8020260E
	s_addc_u32 s33, s15, 0                                     // 0000000063FC: 8221800F
	global_load_b128 v[231:234], v229, s[32:33]                // 000000006400: DC5E0000 E72000E5
	s_lshl_b32 s38, s70, 10                                    // 000000006408: 84268A46
	s_add_u32 s38, s38, s25                                    // 00000000640C: 80261926
	s_add_u32 s32, s14, s38                                    // 000000006410: 8020260E
	s_addc_u32 s33, s15, 0                                     // 000000006414: 8221800F
	global_load_b128 v[235:238], v229, s[32:33]                // 000000006418: DC5E0000 EB2000E5
	s_lshl_b32 s38, s72, 10                                    // 000000006420: 84268A48
	s_add_u32 s38, s38, s25                                    // 000000006424: 80261926
	s_add_u32 s32, s14, s38                                    // 000000006428: 8020260E
	s_addc_u32 s33, s15, 0                                     // 00000000642C: 8221800F
	global_load_b128 v[239:242], v229, s[32:33]                // 000000006430: DC5E0000 EF2000E5
	s_lshl_b32 s38, s74, 10                                    // 000000006438: 84268A4A
	s_add_u32 s38, s38, s25                                    // 00000000643C: 80261926
	s_add_u32 s32, s14, s38                                    // 000000006440: 8020260E
	s_addc_u32 s33, s15, 0                                     // 000000006444: 8221800F
	global_load_b128 v[243:246], v229, s[32:33]                // 000000006448: DC5E0000 F32000E5
	s_waitcnt vmcnt(0)                                         // 000000006450: BF8903F7
	s_add_u32 s39, s29, 0                                      // 000000006454: 8027801D
	s_lshl_b32 s39, s39, 9                                     // 000000006458: 84278927
	v_add_nc_u32_e32 v230, s39, v229                           // 00000000645C: 4BCDCA27
	v_add_nc_u32_e32 v230, 0x8000, v230                        // 000000006460: 4BCDCCFF 00008000
	ds_store_b128 v230, v[8:11]                                // 000000006468: DB7C0000 000008E6
	s_add_u32 s39, s29, 4                                      // 000000006470: 8027841D
	s_lshl_b32 s39, s39, 9                                     // 000000006474: 84278927
	v_add_nc_u32_e32 v230, s39, v229                           // 000000006478: 4BCDCA27
	v_add_nc_u32_e32 v230, 0x8000, v230                        // 00000000647C: 4BCDCCFF 00008000
	ds_store_b128 v230, v[12:15]                               // 000000006484: DB7C0000 00000CE6
	s_add_u32 s39, s29, 8                                      // 00000000648C: 8027881D
	s_lshl_b32 s39, s39, 9                                     // 000000006490: 84278927
	v_add_nc_u32_e32 v230, s39, v229                           // 000000006494: 4BCDCA27
	v_add_nc_u32_e32 v230, 0x8000, v230                        // 000000006498: 4BCDCCFF 00008000
	ds_store_b128 v230, v[16:19]                               // 0000000064A0: DB7C0000 000010E6
	s_add_u32 s39, s29, 12                                     // 0000000064A8: 80278C1D
	s_lshl_b32 s39, s39, 9                                     // 0000000064AC: 84278927
	v_add_nc_u32_e32 v230, s39, v229                           // 0000000064B0: 4BCDCA27
	v_add_nc_u32_e32 v230, 0x8000, v230                        // 0000000064B4: 4BCDCCFF 00008000
	ds_store_b128 v230, v[20:23]                               // 0000000064BC: DB7C0000 000014E6
	s_add_u32 s39, s29, 16                                     // 0000000064C4: 8027901D
	s_lshl_b32 s39, s39, 9                                     // 0000000064C8: 84278927
	v_add_nc_u32_e32 v230, s39, v229                           // 0000000064CC: 4BCDCA27
	v_add_nc_u32_e32 v230, 0x8000, v230                        // 0000000064D0: 4BCDCCFF 00008000
	ds_store_b128 v230, v[192:195]                             // 0000000064D8: DB7C0000 0000C0E6
	s_add_u32 s39, s29, 20                                     // 0000000064E0: 8027941D
	s_lshl_b32 s39, s39, 9                                     // 0000000064E4: 84278927
	v_add_nc_u32_e32 v230, s39, v229                           // 0000000064E8: 4BCDCA27
	v_add_nc_u32_e32 v230, 0x8000, v230                        // 0000000064EC: 4BCDCCFF 00008000
	ds_store_b128 v230, v[196:199]                             // 0000000064F4: DB7C0000 0000C4E6
	s_add_u32 s39, s29, 24                                     // 0000000064FC: 8027981D
	s_lshl_b32 s39, s39, 9                                     // 000000006500: 84278927
	v_add_nc_u32_e32 v230, s39, v229                           // 000000006504: 4BCDCA27
	v_add_nc_u32_e32 v230, 0x8000, v230                        // 000000006508: 4BCDCCFF 00008000
	ds_store_b128 v230, v[200:203]                             // 000000006510: DB7C0000 0000C8E6
	s_add_u32 s39, s29, 28                                     // 000000006518: 80279C1D
	s_lshl_b32 s39, s39, 9                                     // 00000000651C: 84278927
	v_add_nc_u32_e32 v230, s39, v229                           // 000000006520: 4BCDCA27
	v_add_nc_u32_e32 v230, 0x8000, v230                        // 000000006524: 4BCDCCFF 00008000
	ds_store_b128 v230, v[204:207]                             // 00000000652C: DB7C0000 0000CCE6
	s_add_u32 s39, s29, 32                                     // 000000006534: 8027A01D
	s_lshl_b32 s39, s39, 9                                     // 000000006538: 84278927
	v_add_nc_u32_e32 v230, s39, v229                           // 00000000653C: 4BCDCA27
	v_add_nc_u32_e32 v230, 0x8000, v230                        // 000000006540: 4BCDCCFF 00008000
	ds_store_b128 v230, v[208:211]                             // 000000006548: DB7C0000 0000D0E6
	s_add_u32 s39, s29, 36                                     // 000000006550: 8027A41D
	s_lshl_b32 s39, s39, 9                                     // 000000006554: 84278927
	v_add_nc_u32_e32 v230, s39, v229                           // 000000006558: 4BCDCA27
	v_add_nc_u32_e32 v230, 0x8000, v230                        // 00000000655C: 4BCDCCFF 00008000
	ds_store_b128 v230, v[212:215]                             // 000000006564: DB7C0000 0000D4E6
	s_add_u32 s39, s29, 40                                     // 00000000656C: 8027A81D
	s_lshl_b32 s39, s39, 9                                     // 000000006570: 84278927
	v_add_nc_u32_e32 v230, s39, v229                           // 000000006574: 4BCDCA27
	v_add_nc_u32_e32 v230, 0x8000, v230                        // 000000006578: 4BCDCCFF 00008000
	ds_store_b128 v230, v[216:219]                             // 000000006580: DB7C0000 0000D8E6
	s_add_u32 s39, s29, 44                                     // 000000006588: 8027AC1D
	s_lshl_b32 s39, s39, 9                                     // 00000000658C: 84278927
	v_add_nc_u32_e32 v230, s39, v229                           // 000000006590: 4BCDCA27
	v_add_nc_u32_e32 v230, 0x8000, v230                        // 000000006594: 4BCDCCFF 00008000
	ds_store_b128 v230, v[220:223]                             // 00000000659C: DB7C0000 0000DCE6
	s_add_u32 s39, s29, 48                                     // 0000000065A4: 8027B01D
	s_lshl_b32 s39, s39, 9                                     // 0000000065A8: 84278927
	v_add_nc_u32_e32 v230, s39, v229                           // 0000000065AC: 4BCDCA27
	v_add_nc_u32_e32 v230, 0x8000, v230                        // 0000000065B0: 4BCDCCFF 00008000
	ds_store_b128 v230, v[231:234]                             // 0000000065B8: DB7C0000 0000E7E6
	s_add_u32 s39, s29, 52                                     // 0000000065C0: 8027B41D
	s_lshl_b32 s39, s39, 9                                     // 0000000065C4: 84278927
	v_add_nc_u32_e32 v230, s39, v229                           // 0000000065C8: 4BCDCA27
	v_add_nc_u32_e32 v230, 0x8000, v230                        // 0000000065CC: 4BCDCCFF 00008000
	ds_store_b128 v230, v[235:238]                             // 0000000065D4: DB7C0000 0000EBE6
	s_add_u32 s39, s29, 56                                     // 0000000065DC: 8027B81D
	s_lshl_b32 s39, s39, 9                                     // 0000000065E0: 84278927
	v_add_nc_u32_e32 v230, s39, v229                           // 0000000065E4: 4BCDCA27
	v_add_nc_u32_e32 v230, 0x8000, v230                        // 0000000065E8: 4BCDCCFF 00008000
	ds_store_b128 v230, v[239:242]                             // 0000000065F0: DB7C0000 0000EFE6
	s_add_u32 s39, s29, 60                                     // 0000000065F8: 8027BC1D
	s_lshl_b32 s39, s39, 9                                     // 0000000065FC: 84278927
	v_add_nc_u32_e32 v230, s39, v229                           // 000000006600: 4BCDCA27
	v_add_nc_u32_e32 v230, 0x8000, v230                        // 000000006604: 4BCDCCFF 00008000
	ds_store_b128 v230, v[243:246]                             // 00000000660C: DB7C0000 0000F3E6
	s_branch 257                                               // 000000006614: BFA00101 <extend_attention_wmma_n64_gfx1151+0x511c>
	s_add_u32 s38, s28, s29                                    // 000000006618: 80261D1C
	s_add_u32 s38, s38, 0                                      // 00000000661C: 80268026
	s_sub_u32 s38, s38, s19                                    // 000000006620: 80A61326
	s_lshl_b32 s38, s38, 10                                    // 000000006624: 84268A26
	s_add_u32 s38, s38, s25                                    // 000000006628: 80261926
	s_add_u32 s32, s8, s38                                     // 00000000662C: 80202608
	s_addc_u32 s33, s9, 0                                      // 000000006630: 82218009
	global_load_b128 v[8:11], v229, s[32:33]                   // 000000006634: DC5E0000 082000E5
	s_add_u32 s38, s28, s29                                    // 00000000663C: 80261D1C
	s_add_u32 s38, s38, 4                                      // 000000006640: 80268426
	s_sub_u32 s38, s38, s19                                    // 000000006644: 80A61326
	s_lshl_b32 s38, s38, 10                                    // 000000006648: 84268A26
	s_add_u32 s38, s38, s25                                    // 00000000664C: 80261926
	s_add_u32 s32, s8, s38                                     // 000000006650: 80202608
	s_addc_u32 s33, s9, 0                                      // 000000006654: 82218009
	global_load_b128 v[12:15], v229, s[32:33]                  // 000000006658: DC5E0000 0C2000E5
	s_add_u32 s38, s28, s29                                    // 000000006660: 80261D1C
	s_add_u32 s38, s38, 8                                      // 000000006664: 80268826
	s_sub_u32 s38, s38, s19                                    // 000000006668: 80A61326
	s_lshl_b32 s38, s38, 10                                    // 00000000666C: 84268A26
	s_add_u32 s38, s38, s25                                    // 000000006670: 80261926
	s_add_u32 s32, s8, s38                                     // 000000006674: 80202608
	s_addc_u32 s33, s9, 0                                      // 000000006678: 82218009
	global_load_b128 v[16:19], v229, s[32:33]                  // 00000000667C: DC5E0000 102000E5
	s_add_u32 s38, s28, s29                                    // 000000006684: 80261D1C
	s_add_u32 s38, s38, 12                                     // 000000006688: 80268C26
	s_sub_u32 s38, s38, s19                                    // 00000000668C: 80A61326
	s_lshl_b32 s38, s38, 10                                    // 000000006690: 84268A26
	s_add_u32 s38, s38, s25                                    // 000000006694: 80261926
	s_add_u32 s32, s8, s38                                     // 000000006698: 80202608
	s_addc_u32 s33, s9, 0                                      // 00000000669C: 82218009
	global_load_b128 v[20:23], v229, s[32:33]                  // 0000000066A0: DC5E0000 142000E5
	s_add_u32 s38, s28, s29                                    // 0000000066A8: 80261D1C
	s_add_u32 s38, s38, 16                                     // 0000000066AC: 80269026
	s_sub_u32 s38, s38, s19                                    // 0000000066B0: 80A61326
	s_lshl_b32 s38, s38, 10                                    // 0000000066B4: 84268A26
	s_add_u32 s38, s38, s25                                    // 0000000066B8: 80261926
	s_add_u32 s32, s8, s38                                     // 0000000066BC: 80202608
	s_addc_u32 s33, s9, 0                                      // 0000000066C0: 82218009
	global_load_b128 v[192:195], v229, s[32:33]                // 0000000066C4: DC5E0000 C02000E5
	s_add_u32 s38, s28, s29                                    // 0000000066CC: 80261D1C
	s_add_u32 s38, s38, 20                                     // 0000000066D0: 80269426
	s_sub_u32 s38, s38, s19                                    // 0000000066D4: 80A61326
	s_lshl_b32 s38, s38, 10                                    // 0000000066D8: 84268A26
	s_add_u32 s38, s38, s25                                    // 0000000066DC: 80261926
	s_add_u32 s32, s8, s38                                     // 0000000066E0: 80202608
	s_addc_u32 s33, s9, 0                                      // 0000000066E4: 82218009
	global_load_b128 v[196:199], v229, s[32:33]                // 0000000066E8: DC5E0000 C42000E5
	s_add_u32 s38, s28, s29                                    // 0000000066F0: 80261D1C
	s_add_u32 s38, s38, 24                                     // 0000000066F4: 80269826
	s_sub_u32 s38, s38, s19                                    // 0000000066F8: 80A61326
	s_lshl_b32 s38, s38, 10                                    // 0000000066FC: 84268A26
	s_add_u32 s38, s38, s25                                    // 000000006700: 80261926
	s_add_u32 s32, s8, s38                                     // 000000006704: 80202608
	s_addc_u32 s33, s9, 0                                      // 000000006708: 82218009
	global_load_b128 v[200:203], v229, s[32:33]                // 00000000670C: DC5E0000 C82000E5
	s_add_u32 s38, s28, s29                                    // 000000006714: 80261D1C
	s_add_u32 s38, s38, 28                                     // 000000006718: 80269C26
	s_sub_u32 s38, s38, s19                                    // 00000000671C: 80A61326
	s_lshl_b32 s38, s38, 10                                    // 000000006720: 84268A26
	s_add_u32 s38, s38, s25                                    // 000000006724: 80261926
	s_add_u32 s32, s8, s38                                     // 000000006728: 80202608
	s_addc_u32 s33, s9, 0                                      // 00000000672C: 82218009
	global_load_b128 v[204:207], v229, s[32:33]                // 000000006730: DC5E0000 CC2000E5
	s_add_u32 s38, s28, s29                                    // 000000006738: 80261D1C
	s_add_u32 s38, s38, 32                                     // 00000000673C: 8026A026
	s_sub_u32 s38, s38, s19                                    // 000000006740: 80A61326
	s_lshl_b32 s38, s38, 10                                    // 000000006744: 84268A26
	s_add_u32 s38, s38, s25                                    // 000000006748: 80261926
	s_add_u32 s32, s8, s38                                     // 00000000674C: 80202608
	s_addc_u32 s33, s9, 0                                      // 000000006750: 82218009
	global_load_b128 v[208:211], v229, s[32:33]                // 000000006754: DC5E0000 D02000E5
	s_add_u32 s38, s28, s29                                    // 00000000675C: 80261D1C
	s_add_u32 s38, s38, 36                                     // 000000006760: 8026A426
	s_sub_u32 s38, s38, s19                                    // 000000006764: 80A61326
	s_lshl_b32 s38, s38, 10                                    // 000000006768: 84268A26
	s_add_u32 s38, s38, s25                                    // 00000000676C: 80261926
	s_add_u32 s32, s8, s38                                     // 000000006770: 80202608
	s_addc_u32 s33, s9, 0                                      // 000000006774: 82218009
	global_load_b128 v[212:215], v229, s[32:33]                // 000000006778: DC5E0000 D42000E5
	s_add_u32 s38, s28, s29                                    // 000000006780: 80261D1C
	s_add_u32 s38, s38, 40                                     // 000000006784: 8026A826
	s_sub_u32 s38, s38, s19                                    // 000000006788: 80A61326
	s_lshl_b32 s38, s38, 10                                    // 00000000678C: 84268A26
	s_add_u32 s38, s38, s25                                    // 000000006790: 80261926
	s_add_u32 s32, s8, s38                                     // 000000006794: 80202608
	s_addc_u32 s33, s9, 0                                      // 000000006798: 82218009
	global_load_b128 v[216:219], v229, s[32:33]                // 00000000679C: DC5E0000 D82000E5
	s_add_u32 s38, s28, s29                                    // 0000000067A4: 80261D1C
	s_add_u32 s38, s38, 44                                     // 0000000067A8: 8026AC26
	s_sub_u32 s38, s38, s19                                    // 0000000067AC: 80A61326
	s_lshl_b32 s38, s38, 10                                    // 0000000067B0: 84268A26
	s_add_u32 s38, s38, s25                                    // 0000000067B4: 80261926
	s_add_u32 s32, s8, s38                                     // 0000000067B8: 80202608
	s_addc_u32 s33, s9, 0                                      // 0000000067BC: 82218009
	global_load_b128 v[220:223], v229, s[32:33]                // 0000000067C0: DC5E0000 DC2000E5
	s_add_u32 s38, s28, s29                                    // 0000000067C8: 80261D1C
	s_add_u32 s38, s38, 48                                     // 0000000067CC: 8026B026
	s_sub_u32 s38, s38, s19                                    // 0000000067D0: 80A61326
	s_lshl_b32 s38, s38, 10                                    // 0000000067D4: 84268A26
	s_add_u32 s38, s38, s25                                    // 0000000067D8: 80261926
	s_add_u32 s32, s8, s38                                     // 0000000067DC: 80202608
	s_addc_u32 s33, s9, 0                                      // 0000000067E0: 82218009
	global_load_b128 v[231:234], v229, s[32:33]                // 0000000067E4: DC5E0000 E72000E5
	s_add_u32 s38, s28, s29                                    // 0000000067EC: 80261D1C
	s_add_u32 s38, s38, 52                                     // 0000000067F0: 8026B426
	s_sub_u32 s38, s38, s19                                    // 0000000067F4: 80A61326
	s_lshl_b32 s38, s38, 10                                    // 0000000067F8: 84268A26
	s_add_u32 s38, s38, s25                                    // 0000000067FC: 80261926
	s_add_u32 s32, s8, s38                                     // 000000006800: 80202608
	s_addc_u32 s33, s9, 0                                      // 000000006804: 82218009
	global_load_b128 v[235:238], v229, s[32:33]                // 000000006808: DC5E0000 EB2000E5
	s_add_u32 s38, s28, s29                                    // 000000006810: 80261D1C
	s_add_u32 s38, s38, 56                                     // 000000006814: 8026B826
	s_sub_u32 s38, s38, s19                                    // 000000006818: 80A61326
	s_lshl_b32 s38, s38, 10                                    // 00000000681C: 84268A26
	s_add_u32 s38, s38, s25                                    // 000000006820: 80261926
	s_add_u32 s32, s8, s38                                     // 000000006824: 80202608
	s_addc_u32 s33, s9, 0                                      // 000000006828: 82218009
	global_load_b128 v[239:242], v229, s[32:33]                // 00000000682C: DC5E0000 EF2000E5
	s_add_u32 s38, s28, s29                                    // 000000006834: 80261D1C
	s_add_u32 s38, s38, 60                                     // 000000006838: 8026BC26
	s_sub_u32 s38, s38, s19                                    // 00000000683C: 80A61326
	s_lshl_b32 s38, s38, 10                                    // 000000006840: 84268A26
	s_add_u32 s38, s38, s25                                    // 000000006844: 80261926
	s_add_u32 s32, s8, s38                                     // 000000006848: 80202608
	s_addc_u32 s33, s9, 0                                      // 00000000684C: 82218009
	global_load_b128 v[243:246], v229, s[32:33]                // 000000006850: DC5E0000 F32000E5
	s_waitcnt vmcnt(0)                                         // 000000006858: BF8903F7
	s_add_u32 s39, s29, 0                                      // 00000000685C: 8027801D
	s_lshl_b32 s39, s39, 9                                     // 000000006860: 84278927
	v_add_nc_u32_e32 v230, s39, v229                           // 000000006864: 4BCDCA27
	v_add_nc_u32_e32 v230, 0x8000, v230                        // 000000006868: 4BCDCCFF 00008000
	ds_store_b128 v230, v[8:11]                                // 000000006870: DB7C0000 000008E6
	s_add_u32 s39, s29, 4                                      // 000000006878: 8027841D
	s_lshl_b32 s39, s39, 9                                     // 00000000687C: 84278927
	v_add_nc_u32_e32 v230, s39, v229                           // 000000006880: 4BCDCA27
	v_add_nc_u32_e32 v230, 0x8000, v230                        // 000000006884: 4BCDCCFF 00008000
	ds_store_b128 v230, v[12:15]                               // 00000000688C: DB7C0000 00000CE6
	s_add_u32 s39, s29, 8                                      // 000000006894: 8027881D
	s_lshl_b32 s39, s39, 9                                     // 000000006898: 84278927
	v_add_nc_u32_e32 v230, s39, v229                           // 00000000689C: 4BCDCA27
	v_add_nc_u32_e32 v230, 0x8000, v230                        // 0000000068A0: 4BCDCCFF 00008000
	ds_store_b128 v230, v[16:19]                               // 0000000068A8: DB7C0000 000010E6
	s_add_u32 s39, s29, 12                                     // 0000000068B0: 80278C1D
	s_lshl_b32 s39, s39, 9                                     // 0000000068B4: 84278927
	v_add_nc_u32_e32 v230, s39, v229                           // 0000000068B8: 4BCDCA27
	v_add_nc_u32_e32 v230, 0x8000, v230                        // 0000000068BC: 4BCDCCFF 00008000
	ds_store_b128 v230, v[20:23]                               // 0000000068C4: DB7C0000 000014E6
	s_add_u32 s39, s29, 16                                     // 0000000068CC: 8027901D
	s_lshl_b32 s39, s39, 9                                     // 0000000068D0: 84278927
	v_add_nc_u32_e32 v230, s39, v229                           // 0000000068D4: 4BCDCA27
	v_add_nc_u32_e32 v230, 0x8000, v230                        // 0000000068D8: 4BCDCCFF 00008000
	ds_store_b128 v230, v[192:195]                             // 0000000068E0: DB7C0000 0000C0E6
	s_add_u32 s39, s29, 20                                     // 0000000068E8: 8027941D
	s_lshl_b32 s39, s39, 9                                     // 0000000068EC: 84278927
	v_add_nc_u32_e32 v230, s39, v229                           // 0000000068F0: 4BCDCA27
	v_add_nc_u32_e32 v230, 0x8000, v230                        // 0000000068F4: 4BCDCCFF 00008000
	ds_store_b128 v230, v[196:199]                             // 0000000068FC: DB7C0000 0000C4E6
	s_add_u32 s39, s29, 24                                     // 000000006904: 8027981D
	s_lshl_b32 s39, s39, 9                                     // 000000006908: 84278927
	v_add_nc_u32_e32 v230, s39, v229                           // 00000000690C: 4BCDCA27
	v_add_nc_u32_e32 v230, 0x8000, v230                        // 000000006910: 4BCDCCFF 00008000
	ds_store_b128 v230, v[200:203]                             // 000000006918: DB7C0000 0000C8E6
	s_add_u32 s39, s29, 28                                     // 000000006920: 80279C1D
	s_lshl_b32 s39, s39, 9                                     // 000000006924: 84278927
	v_add_nc_u32_e32 v230, s39, v229                           // 000000006928: 4BCDCA27
	v_add_nc_u32_e32 v230, 0x8000, v230                        // 00000000692C: 4BCDCCFF 00008000
	ds_store_b128 v230, v[204:207]                             // 000000006934: DB7C0000 0000CCE6
	s_add_u32 s39, s29, 32                                     // 00000000693C: 8027A01D
	s_lshl_b32 s39, s39, 9                                     // 000000006940: 84278927
	v_add_nc_u32_e32 v230, s39, v229                           // 000000006944: 4BCDCA27
	v_add_nc_u32_e32 v230, 0x8000, v230                        // 000000006948: 4BCDCCFF 00008000
	ds_store_b128 v230, v[208:211]                             // 000000006950: DB7C0000 0000D0E6
	s_add_u32 s39, s29, 36                                     // 000000006958: 8027A41D
	s_lshl_b32 s39, s39, 9                                     // 00000000695C: 84278927
	v_add_nc_u32_e32 v230, s39, v229                           // 000000006960: 4BCDCA27
	v_add_nc_u32_e32 v230, 0x8000, v230                        // 000000006964: 4BCDCCFF 00008000
	ds_store_b128 v230, v[212:215]                             // 00000000696C: DB7C0000 0000D4E6
	s_add_u32 s39, s29, 40                                     // 000000006974: 8027A81D
	s_lshl_b32 s39, s39, 9                                     // 000000006978: 84278927
	v_add_nc_u32_e32 v230, s39, v229                           // 00000000697C: 4BCDCA27
	v_add_nc_u32_e32 v230, 0x8000, v230                        // 000000006980: 4BCDCCFF 00008000
	ds_store_b128 v230, v[216:219]                             // 000000006988: DB7C0000 0000D8E6
	s_add_u32 s39, s29, 44                                     // 000000006990: 8027AC1D
	s_lshl_b32 s39, s39, 9                                     // 000000006994: 84278927
	v_add_nc_u32_e32 v230, s39, v229                           // 000000006998: 4BCDCA27
	v_add_nc_u32_e32 v230, 0x8000, v230                        // 00000000699C: 4BCDCCFF 00008000
	ds_store_b128 v230, v[220:223]                             // 0000000069A4: DB7C0000 0000DCE6
	s_add_u32 s39, s29, 48                                     // 0000000069AC: 8027B01D
	s_lshl_b32 s39, s39, 9                                     // 0000000069B0: 84278927
	v_add_nc_u32_e32 v230, s39, v229                           // 0000000069B4: 4BCDCA27
	v_add_nc_u32_e32 v230, 0x8000, v230                        // 0000000069B8: 4BCDCCFF 00008000
	ds_store_b128 v230, v[231:234]                             // 0000000069C0: DB7C0000 0000E7E6
	s_add_u32 s39, s29, 52                                     // 0000000069C8: 8027B41D
	s_lshl_b32 s39, s39, 9                                     // 0000000069CC: 84278927
	v_add_nc_u32_e32 v230, s39, v229                           // 0000000069D0: 4BCDCA27
	v_add_nc_u32_e32 v230, 0x8000, v230                        // 0000000069D4: 4BCDCCFF 00008000
	ds_store_b128 v230, v[235:238]                             // 0000000069DC: DB7C0000 0000EBE6
	s_add_u32 s39, s29, 56                                     // 0000000069E4: 8027B81D
	s_lshl_b32 s39, s39, 9                                     // 0000000069E8: 84278927
	v_add_nc_u32_e32 v230, s39, v229                           // 0000000069EC: 4BCDCA27
	v_add_nc_u32_e32 v230, 0x8000, v230                        // 0000000069F0: 4BCDCCFF 00008000
	ds_store_b128 v230, v[239:242]                             // 0000000069F8: DB7C0000 0000EFE6
	s_add_u32 s39, s29, 60                                     // 000000006A00: 8027BC1D
	s_lshl_b32 s39, s39, 9                                     // 000000006A04: 84278927
	v_add_nc_u32_e32 v230, s39, v229                           // 000000006A08: 4BCDCA27
	v_add_nc_u32_e32 v230, 0x8000, v230                        // 000000006A0C: 4BCDCCFF 00008000
	ds_store_b128 v230, v[243:246]                             // 000000006A14: DB7C0000 0000F3E6
	v_lshlrev_b32_e32 v231, 4, v2                              // 000000006A1C: 31CE0484
	v_add_nc_u32_e32 v231, s21, v231                           // 000000006A20: 4BCFCE15
	v_add_nc_u32_e32 v231, v231, v3                            // 000000006A24: 4BCE07E7
	v_lshlrev_b32_e32 v240, 13, v231                           // 000000006A28: 31E1CE8D
	v_add_nc_u32_e32 v240, s24, v240                           // 000000006A2C: 4BE1E018
	v_lshl_add_u32 v240, v4, 4, v240                           // 000000006A30: D64600F0 07C10904
	v_mov_b32_e32 v231, s43                                    // 000000006A38: 7FCE022B
	v_lshlrev_b32_e32 v231, 13, v231                           // 000000006A3C: 31CFCE8D
	v_lshl_add_u32 v231, v2, 11, v231                          // 000000006A40: D64600E7 079D1702
	v_lshl_add_u32 v232, v4, 7, v231                           // 000000006A48: D64600E8 079D0F04
	v_lshl_add_u32 v232, v3, 1, v232                           // 000000006A50: D64600E8 07A10303
	v_lshl_add_u32 v233, v3, 7, v231                           // 000000006A58: D64600E9 079D0F03
	v_lshlrev_b32_e32 v229, 4, v1                              // 000000006A60: 31CA0284
	v_lshl_add_u32 v233, v4, 4, v233                           // 000000006A64: D64600E9 07A50904
	s_waitcnt lgkmcnt(0)                                       // 000000006A6C: BF89FC07
	s_barrier                                                  // 000000006A70: BFBD0000
	ds_load_b128 v[8:11], v233                                 // 000000006A74: DBFC0000 080000E9
	s_waitcnt lgkmcnt(0)                                       // 000000006A7C: BF89FC07
	ds_swizzle_b32 v12, v8 offset:swizzle(SWAP,16)             // 000000006A80: D8D4401F 0C000008
	ds_swizzle_b32 v13, v9 offset:swizzle(SWAP,16)             // 000000006A88: D8D4401F 0D000009
	ds_swizzle_b32 v14, v10 offset:swizzle(SWAP,16)            // 000000006A90: D8D4401F 0E00000A
	ds_swizzle_b32 v15, v11 offset:swizzle(SWAP,16)            // 000000006A98: D8D4401F 0F00000B
	s_waitcnt lgkmcnt(0)                                       // 000000006AA0: BF89FC07
	v_lshlrev_b32_e32 v234, 12, v4                             // 000000006AA4: 31D4088C
	v_lshl_add_u32 v234, v3, 1, v234                           // 000000006AA8: D64600EA 07A90303
	v_add_nc_u32_e32 v234, 0x8000, v234                        // 000000006AB0: 4BD5D4FF 00008000
	ds_load_u16 v16, v234                                      // 000000006AB8: D8F00000 100000EA
	ds_load_u16_d16_hi v16, v234 offset:512                    // 000000006AC0: DA9C0200 100000EA
	ds_load_u16 v17, v234 offset:1024                          // 000000006AC8: D8F00400 110000EA
	ds_load_u16_d16_hi v17, v234 offset:1536                   // 000000006AD0: DA9C0600 110000EA
	ds_load_u16 v18, v234 offset:2048                          // 000000006AD8: D8F00800 120000EA
	ds_load_u16_d16_hi v18, v234 offset:2560                   // 000000006AE0: DA9C0A00 120000EA
	ds_load_u16 v19, v234 offset:3072                          // 000000006AE8: D8F00C00 130000EA
	ds_load_u16_d16_hi v19, v234 offset:3584                   // 000000006AF0: DA9C0E00 130000EA
	s_waitcnt lgkmcnt(0)                                       // 000000006AF8: BF89FC07
	ds_swizzle_b32 v20, v16 offset:swizzle(SWAP,16)            // 000000006AFC: D8D4401F 14000010
	ds_swizzle_b32 v21, v17 offset:swizzle(SWAP,16)            // 000000006B04: D8D4401F 15000011
	ds_swizzle_b32 v22, v18 offset:swizzle(SWAP,16)            // 000000006B0C: D8D4401F 16000012
	ds_swizzle_b32 v23, v19 offset:swizzle(SWAP,16)            // 000000006B14: D8D4401F 17000013
	s_waitcnt lgkmcnt(0)                                       // 000000006B1C: BF89FC07
	ds_load_u16 v225, v234 offset:32                           // 000000006B20: D8F00020 E10000EA
	ds_load_u16_d16_hi v225, v234 offset:544                   // 000000006B28: DA9C0220 E10000EA
	ds_load_u16 v226, v234 offset:1056                         // 000000006B30: D8F00420 E20000EA
	ds_load_u16_d16_hi v226, v234 offset:1568                  // 000000006B38: DA9C0620 E20000EA
	ds_load_u16 v227, v234 offset:2080                         // 000000006B40: D8F00820 E30000EA
	ds_load_u16_d16_hi v227, v234 offset:2592                  // 000000006B48: DA9C0A20 E30000EA
	ds_load_u16 v228, v234 offset:3104                         // 000000006B50: D8F00C20 E40000EA
	ds_load_u16_d16_hi v228, v234 offset:3616                  // 000000006B58: DA9C0E20 E40000EA
	v_wmma_f32_16x16x16_bf16 v[64:71], v[8:15], v[16:23], v[64:71]// 000000006B60: CC414040 1D022108
	s_waitcnt lgkmcnt(0)                                       // 000000006B68: BF89FC07
	ds_swizzle_b32 v229, v225 offset:swizzle(SWAP,16)          // 000000006B6C: D8D4401F E50000E1
	ds_swizzle_b32 v230, v226 offset:swizzle(SWAP,16)          // 000000006B74: D8D4401F E60000E2
	ds_swizzle_b32 v231, v227 offset:swizzle(SWAP,16)          // 000000006B7C: D8D4401F E70000E3
	ds_swizzle_b32 v232, v228 offset:swizzle(SWAP,16)          // 000000006B84: D8D4401F E80000E4
	s_waitcnt lgkmcnt(0)                                       // 000000006B8C: BF89FC07
	ds_load_u16 v16, v234 offset:64                            // 000000006B90: D8F00040 100000EA
	ds_load_u16_d16_hi v16, v234 offset:576                    // 000000006B98: DA9C0240 100000EA
	ds_load_u16 v17, v234 offset:1088                          // 000000006BA0: D8F00440 110000EA
	ds_load_u16_d16_hi v17, v234 offset:1600                   // 000000006BA8: DA9C0640 110000EA
	ds_load_u16 v18, v234 offset:2112                          // 000000006BB0: D8F00840 120000EA
	ds_load_u16_d16_hi v18, v234 offset:2624                   // 000000006BB8: DA9C0A40 120000EA
	ds_load_u16 v19, v234 offset:3136                          // 000000006BC0: D8F00C40 130000EA
	ds_load_u16_d16_hi v19, v234 offset:3648                   // 000000006BC8: DA9C0E40 130000EA
	v_wmma_f32_16x16x16_bf16 v[72:79], v[8:15], v[225:232], v[72:79]// 000000006BD0: CC414048 1D23C308
	s_waitcnt lgkmcnt(0)                                       // 000000006BD8: BF89FC07
	ds_swizzle_b32 v20, v16 offset:swizzle(SWAP,16)            // 000000006BDC: D8D4401F 14000010
	ds_swizzle_b32 v21, v17 offset:swizzle(SWAP,16)            // 000000006BE4: D8D4401F 15000011
	ds_swizzle_b32 v22, v18 offset:swizzle(SWAP,16)            // 000000006BEC: D8D4401F 16000012
	ds_swizzle_b32 v23, v19 offset:swizzle(SWAP,16)            // 000000006BF4: D8D4401F 17000013
	s_waitcnt lgkmcnt(0)                                       // 000000006BFC: BF89FC07
	ds_load_u16 v225, v234 offset:96                           // 000000006C00: D8F00060 E10000EA
	ds_load_u16_d16_hi v225, v234 offset:608                   // 000000006C08: DA9C0260 E10000EA
	ds_load_u16 v226, v234 offset:1120                         // 000000006C10: D8F00460 E20000EA
	ds_load_u16_d16_hi v226, v234 offset:1632                  // 000000006C18: DA9C0660 E20000EA
	ds_load_u16 v227, v234 offset:2144                         // 000000006C20: D8F00860 E30000EA
	ds_load_u16_d16_hi v227, v234 offset:2656                  // 000000006C28: DA9C0A60 E30000EA
	ds_load_u16 v228, v234 offset:3168                         // 000000006C30: D8F00C60 E40000EA
	ds_load_u16_d16_hi v228, v234 offset:3680                  // 000000006C38: DA9C0E60 E40000EA
	v_wmma_f32_16x16x16_bf16 v[80:87], v[8:15], v[16:23], v[80:87]// 000000006C40: CC414050 1D422108
	s_waitcnt lgkmcnt(0)                                       // 000000006C48: BF89FC07
	ds_swizzle_b32 v229, v225 offset:swizzle(SWAP,16)          // 000000006C4C: D8D4401F E50000E1
	ds_swizzle_b32 v230, v226 offset:swizzle(SWAP,16)          // 000000006C54: D8D4401F E60000E2
	ds_swizzle_b32 v231, v227 offset:swizzle(SWAP,16)          // 000000006C5C: D8D4401F E70000E3
	ds_swizzle_b32 v232, v228 offset:swizzle(SWAP,16)          // 000000006C64: D8D4401F E80000E4
	s_waitcnt lgkmcnt(0)                                       // 000000006C6C: BF89FC07
	ds_load_u16 v16, v234 offset:128                           // 000000006C70: D8F00080 100000EA
	ds_load_u16_d16_hi v16, v234 offset:640                    // 000000006C78: DA9C0280 100000EA
	ds_load_u16 v17, v234 offset:1152                          // 000000006C80: D8F00480 110000EA
	ds_load_u16_d16_hi v17, v234 offset:1664                   // 000000006C88: DA9C0680 110000EA
	ds_load_u16 v18, v234 offset:2176                          // 000000006C90: D8F00880 120000EA
	ds_load_u16_d16_hi v18, v234 offset:2688                   // 000000006C98: DA9C0A80 120000EA
	ds_load_u16 v19, v234 offset:3200                          // 000000006CA0: D8F00C80 130000EA
	ds_load_u16_d16_hi v19, v234 offset:3712                   // 000000006CA8: DA9C0E80 130000EA
	v_wmma_f32_16x16x16_bf16 v[88:95], v[8:15], v[225:232], v[88:95]// 000000006CB0: CC414058 1D63C308
	s_waitcnt lgkmcnt(0)                                       // 000000006CB8: BF89FC07
	ds_swizzle_b32 v20, v16 offset:swizzle(SWAP,16)            // 000000006CBC: D8D4401F 14000010
	ds_swizzle_b32 v21, v17 offset:swizzle(SWAP,16)            // 000000006CC4: D8D4401F 15000011
	ds_swizzle_b32 v22, v18 offset:swizzle(SWAP,16)            // 000000006CCC: D8D4401F 16000012
	ds_swizzle_b32 v23, v19 offset:swizzle(SWAP,16)            // 000000006CD4: D8D4401F 17000013
	s_waitcnt lgkmcnt(0)                                       // 000000006CDC: BF89FC07
	ds_load_u16 v225, v234 offset:160                          // 000000006CE0: D8F000A0 E10000EA
	ds_load_u16_d16_hi v225, v234 offset:672                   // 000000006CE8: DA9C02A0 E10000EA
	ds_load_u16 v226, v234 offset:1184                         // 000000006CF0: D8F004A0 E20000EA
	ds_load_u16_d16_hi v226, v234 offset:1696                  // 000000006CF8: DA9C06A0 E20000EA
	ds_load_u16 v227, v234 offset:2208                         // 000000006D00: D8F008A0 E30000EA
	ds_load_u16_d16_hi v227, v234 offset:2720                  // 000000006D08: DA9C0AA0 E30000EA
	ds_load_u16 v228, v234 offset:3232                         // 000000006D10: D8F00CA0 E40000EA
	ds_load_u16_d16_hi v228, v234 offset:3744                  // 000000006D18: DA9C0EA0 E40000EA
	v_wmma_f32_16x16x16_bf16 v[96:103], v[8:15], v[16:23], v[96:103]// 000000006D20: CC414060 1D822108
	s_waitcnt lgkmcnt(0)                                       // 000000006D28: BF89FC07
	ds_swizzle_b32 v229, v225 offset:swizzle(SWAP,16)          // 000000006D2C: D8D4401F E50000E1
	ds_swizzle_b32 v230, v226 offset:swizzle(SWAP,16)          // 000000006D34: D8D4401F E60000E2
	ds_swizzle_b32 v231, v227 offset:swizzle(SWAP,16)          // 000000006D3C: D8D4401F E70000E3
	ds_swizzle_b32 v232, v228 offset:swizzle(SWAP,16)          // 000000006D44: D8D4401F E80000E4
	s_waitcnt lgkmcnt(0)                                       // 000000006D4C: BF89FC07
	ds_load_u16 v16, v234 offset:192                           // 000000006D50: D8F000C0 100000EA
	ds_load_u16_d16_hi v16, v234 offset:704                    // 000000006D58: DA9C02C0 100000EA
	ds_load_u16 v17, v234 offset:1216                          // 000000006D60: D8F004C0 110000EA
	ds_load_u16_d16_hi v17, v234 offset:1728                   // 000000006D68: DA9C06C0 110000EA
	ds_load_u16 v18, v234 offset:2240                          // 000000006D70: D8F008C0 120000EA
	ds_load_u16_d16_hi v18, v234 offset:2752                   // 000000006D78: DA9C0AC0 120000EA
	ds_load_u16 v19, v234 offset:3264                          // 000000006D80: D8F00CC0 130000EA
	ds_load_u16_d16_hi v19, v234 offset:3776                   // 000000006D88: DA9C0EC0 130000EA
	v_wmma_f32_16x16x16_bf16 v[104:111], v[8:15], v[225:232], v[104:111]// 000000006D90: CC414068 1DA3C308
	s_waitcnt lgkmcnt(0)                                       // 000000006D98: BF89FC07
	ds_swizzle_b32 v20, v16 offset:swizzle(SWAP,16)            // 000000006D9C: D8D4401F 14000010
	ds_swizzle_b32 v21, v17 offset:swizzle(SWAP,16)            // 000000006DA4: D8D4401F 15000011
	ds_swizzle_b32 v22, v18 offset:swizzle(SWAP,16)            // 000000006DAC: D8D4401F 16000012
	ds_swizzle_b32 v23, v19 offset:swizzle(SWAP,16)            // 000000006DB4: D8D4401F 17000013
	s_waitcnt lgkmcnt(0)                                       // 000000006DBC: BF89FC07
	ds_load_u16 v225, v234 offset:224                          // 000000006DC0: D8F000E0 E10000EA
	ds_load_u16_d16_hi v225, v234 offset:736                   // 000000006DC8: DA9C02E0 E10000EA
	ds_load_u16 v226, v234 offset:1248                         // 000000006DD0: D8F004E0 E20000EA
	ds_load_u16_d16_hi v226, v234 offset:1760                  // 000000006DD8: DA9C06E0 E20000EA
	ds_load_u16 v227, v234 offset:2272                         // 000000006DE0: D8F008E0 E30000EA
	ds_load_u16_d16_hi v227, v234 offset:2784                  // 000000006DE8: DA9C0AE0 E30000EA
	ds_load_u16 v228, v234 offset:3296                         // 000000006DF0: D8F00CE0 E40000EA
	ds_load_u16_d16_hi v228, v234 offset:3808                  // 000000006DF8: DA9C0EE0 E40000EA
	v_wmma_f32_16x16x16_bf16 v[112:119], v[8:15], v[16:23], v[112:119]// 000000006E00: CC414070 1DC22108
	s_waitcnt lgkmcnt(0)                                       // 000000006E08: BF89FC07
	ds_swizzle_b32 v229, v225 offset:swizzle(SWAP,16)          // 000000006E0C: D8D4401F E50000E1
	ds_swizzle_b32 v230, v226 offset:swizzle(SWAP,16)          // 000000006E14: D8D4401F E60000E2
	ds_swizzle_b32 v231, v227 offset:swizzle(SWAP,16)          // 000000006E1C: D8D4401F E70000E3
	ds_swizzle_b32 v232, v228 offset:swizzle(SWAP,16)          // 000000006E24: D8D4401F E80000E4
	s_waitcnt lgkmcnt(0)                                       // 000000006E2C: BF89FC07
	ds_load_u16 v16, v234 offset:256                           // 000000006E30: D8F00100 100000EA
	ds_load_u16_d16_hi v16, v234 offset:768                    // 000000006E38: DA9C0300 100000EA
	ds_load_u16 v17, v234 offset:1280                          // 000000006E40: D8F00500 110000EA
	ds_load_u16_d16_hi v17, v234 offset:1792                   // 000000006E48: DA9C0700 110000EA
	ds_load_u16 v18, v234 offset:2304                          // 000000006E50: D8F00900 120000EA
	ds_load_u16_d16_hi v18, v234 offset:2816                   // 000000006E58: DA9C0B00 120000EA
	ds_load_u16 v19, v234 offset:3328                          // 000000006E60: D8F00D00 130000EA
	ds_load_u16_d16_hi v19, v234 offset:3840                   // 000000006E68: DA9C0F00 130000EA
	v_wmma_f32_16x16x16_bf16 v[120:127], v[8:15], v[225:232], v[120:127]// 000000006E70: CC414078 1DE3C308
	s_waitcnt lgkmcnt(0)                                       // 000000006E78: BF89FC07
	ds_swizzle_b32 v20, v16 offset:swizzle(SWAP,16)            // 000000006E7C: D8D4401F 14000010
	ds_swizzle_b32 v21, v17 offset:swizzle(SWAP,16)            // 000000006E84: D8D4401F 15000011
	ds_swizzle_b32 v22, v18 offset:swizzle(SWAP,16)            // 000000006E8C: D8D4401F 16000012
	ds_swizzle_b32 v23, v19 offset:swizzle(SWAP,16)            // 000000006E94: D8D4401F 17000013
	s_waitcnt lgkmcnt(0)                                       // 000000006E9C: BF89FC07
	ds_load_u16 v225, v234 offset:288                          // 000000006EA0: D8F00120 E10000EA
	ds_load_u16_d16_hi v225, v234 offset:800                   // 000000006EA8: DA9C0320 E10000EA
	ds_load_u16 v226, v234 offset:1312                         // 000000006EB0: D8F00520 E20000EA
	ds_load_u16_d16_hi v226, v234 offset:1824                  // 000000006EB8: DA9C0720 E20000EA
	ds_load_u16 v227, v234 offset:2336                         // 000000006EC0: D8F00920 E30000EA
	ds_load_u16_d16_hi v227, v234 offset:2848                  // 000000006EC8: DA9C0B20 E30000EA
	ds_load_u16 v228, v234 offset:3360                         // 000000006ED0: D8F00D20 E40000EA
	ds_load_u16_d16_hi v228, v234 offset:3872                  // 000000006ED8: DA9C0F20 E40000EA
	v_wmma_f32_16x16x16_bf16 v[128:135], v[8:15], v[16:23], v[128:135]// 000000006EE0: CC414080 1E022108
	s_waitcnt lgkmcnt(0)                                       // 000000006EE8: BF89FC07
	ds_swizzle_b32 v229, v225 offset:swizzle(SWAP,16)          // 000000006EEC: D8D4401F E50000E1
	ds_swizzle_b32 v230, v226 offset:swizzle(SWAP,16)          // 000000006EF4: D8D4401F E60000E2
	ds_swizzle_b32 v231, v227 offset:swizzle(SWAP,16)          // 000000006EFC: D8D4401F E70000E3
	ds_swizzle_b32 v232, v228 offset:swizzle(SWAP,16)          // 000000006F04: D8D4401F E80000E4
	s_waitcnt lgkmcnt(0)                                       // 000000006F0C: BF89FC07
	ds_load_u16 v16, v234 offset:320                           // 000000006F10: D8F00140 100000EA
	ds_load_u16_d16_hi v16, v234 offset:832                    // 000000006F18: DA9C0340 100000EA
	ds_load_u16 v17, v234 offset:1344                          // 000000006F20: D8F00540 110000EA
	ds_load_u16_d16_hi v17, v234 offset:1856                   // 000000006F28: DA9C0740 110000EA
	ds_load_u16 v18, v234 offset:2368                          // 000000006F30: D8F00940 120000EA
	ds_load_u16_d16_hi v18, v234 offset:2880                   // 000000006F38: DA9C0B40 120000EA
	ds_load_u16 v19, v234 offset:3392                          // 000000006F40: D8F00D40 130000EA
	ds_load_u16_d16_hi v19, v234 offset:3904                   // 000000006F48: DA9C0F40 130000EA
	v_wmma_f32_16x16x16_bf16 v[136:143], v[8:15], v[225:232], v[136:143]// 000000006F50: CC414088 1E23C308
	s_waitcnt lgkmcnt(0)                                       // 000000006F58: BF89FC07
	ds_swizzle_b32 v20, v16 offset:swizzle(SWAP,16)            // 000000006F5C: D8D4401F 14000010
	ds_swizzle_b32 v21, v17 offset:swizzle(SWAP,16)            // 000000006F64: D8D4401F 15000011
	ds_swizzle_b32 v22, v18 offset:swizzle(SWAP,16)            // 000000006F6C: D8D4401F 16000012
	ds_swizzle_b32 v23, v19 offset:swizzle(SWAP,16)            // 000000006F74: D8D4401F 17000013
	s_waitcnt lgkmcnt(0)                                       // 000000006F7C: BF89FC07
	ds_load_u16 v225, v234 offset:352                          // 000000006F80: D8F00160 E10000EA
	ds_load_u16_d16_hi v225, v234 offset:864                   // 000000006F88: DA9C0360 E10000EA
	ds_load_u16 v226, v234 offset:1376                         // 000000006F90: D8F00560 E20000EA
	ds_load_u16_d16_hi v226, v234 offset:1888                  // 000000006F98: DA9C0760 E20000EA
	ds_load_u16 v227, v234 offset:2400                         // 000000006FA0: D8F00960 E30000EA
	ds_load_u16_d16_hi v227, v234 offset:2912                  // 000000006FA8: DA9C0B60 E30000EA
	ds_load_u16 v228, v234 offset:3424                         // 000000006FB0: D8F00D60 E40000EA
	ds_load_u16_d16_hi v228, v234 offset:3936                  // 000000006FB8: DA9C0F60 E40000EA
	v_wmma_f32_16x16x16_bf16 v[144:151], v[8:15], v[16:23], v[144:151]// 000000006FC0: CC414090 1E422108
	s_waitcnt lgkmcnt(0)                                       // 000000006FC8: BF89FC07
	ds_swizzle_b32 v229, v225 offset:swizzle(SWAP,16)          // 000000006FCC: D8D4401F E50000E1
	ds_swizzle_b32 v230, v226 offset:swizzle(SWAP,16)          // 000000006FD4: D8D4401F E60000E2
	ds_swizzle_b32 v231, v227 offset:swizzle(SWAP,16)          // 000000006FDC: D8D4401F E70000E3
	ds_swizzle_b32 v232, v228 offset:swizzle(SWAP,16)          // 000000006FE4: D8D4401F E80000E4
	s_waitcnt lgkmcnt(0)                                       // 000000006FEC: BF89FC07
	ds_load_u16 v16, v234 offset:384                           // 000000006FF0: D8F00180 100000EA
	ds_load_u16_d16_hi v16, v234 offset:896                    // 000000006FF8: DA9C0380 100000EA
	ds_load_u16 v17, v234 offset:1408                          // 000000007000: D8F00580 110000EA
	ds_load_u16_d16_hi v17, v234 offset:1920                   // 000000007008: DA9C0780 110000EA
	ds_load_u16 v18, v234 offset:2432                          // 000000007010: D8F00980 120000EA
	ds_load_u16_d16_hi v18, v234 offset:2944                   // 000000007018: DA9C0B80 120000EA
	ds_load_u16 v19, v234 offset:3456                          // 000000007020: D8F00D80 130000EA
	ds_load_u16_d16_hi v19, v234 offset:3968                   // 000000007028: DA9C0F80 130000EA
	v_wmma_f32_16x16x16_bf16 v[152:159], v[8:15], v[225:232], v[152:159]// 000000007030: CC414098 1E63C308
	s_waitcnt lgkmcnt(0)                                       // 000000007038: BF89FC07
	ds_swizzle_b32 v20, v16 offset:swizzle(SWAP,16)            // 00000000703C: D8D4401F 14000010
	ds_swizzle_b32 v21, v17 offset:swizzle(SWAP,16)            // 000000007044: D8D4401F 15000011
	ds_swizzle_b32 v22, v18 offset:swizzle(SWAP,16)            // 00000000704C: D8D4401F 16000012
	ds_swizzle_b32 v23, v19 offset:swizzle(SWAP,16)            // 000000007054: D8D4401F 17000013
	s_waitcnt lgkmcnt(0)                                       // 00000000705C: BF89FC07
	ds_load_u16 v225, v234 offset:416                          // 000000007060: D8F001A0 E10000EA
	ds_load_u16_d16_hi v225, v234 offset:928                   // 000000007068: DA9C03A0 E10000EA
	ds_load_u16 v226, v234 offset:1440                         // 000000007070: D8F005A0 E20000EA
	ds_load_u16_d16_hi v226, v234 offset:1952                  // 000000007078: DA9C07A0 E20000EA
	ds_load_u16 v227, v234 offset:2464                         // 000000007080: D8F009A0 E30000EA
	ds_load_u16_d16_hi v227, v234 offset:2976                  // 000000007088: DA9C0BA0 E30000EA
	ds_load_u16 v228, v234 offset:3488                         // 000000007090: D8F00DA0 E40000EA
	ds_load_u16_d16_hi v228, v234 offset:4000                  // 000000007098: DA9C0FA0 E40000EA
	v_wmma_f32_16x16x16_bf16 v[160:167], v[8:15], v[16:23], v[160:167]// 0000000070A0: CC4140A0 1E822108
	s_waitcnt lgkmcnt(0)                                       // 0000000070A8: BF89FC07
	ds_swizzle_b32 v229, v225 offset:swizzle(SWAP,16)          // 0000000070AC: D8D4401F E50000E1
	ds_swizzle_b32 v230, v226 offset:swizzle(SWAP,16)          // 0000000070B4: D8D4401F E60000E2
	ds_swizzle_b32 v231, v227 offset:swizzle(SWAP,16)          // 0000000070BC: D8D4401F E70000E3
	ds_swizzle_b32 v232, v228 offset:swizzle(SWAP,16)          // 0000000070C4: D8D4401F E80000E4
	s_waitcnt lgkmcnt(0)                                       // 0000000070CC: BF89FC07
	ds_load_u16 v16, v234 offset:448                           // 0000000070D0: D8F001C0 100000EA
	ds_load_u16_d16_hi v16, v234 offset:960                    // 0000000070D8: DA9C03C0 100000EA
	ds_load_u16 v17, v234 offset:1472                          // 0000000070E0: D8F005C0 110000EA
	ds_load_u16_d16_hi v17, v234 offset:1984                   // 0000000070E8: DA9C07C0 110000EA
	ds_load_u16 v18, v234 offset:2496                          // 0000000070F0: D8F009C0 120000EA
	ds_load_u16_d16_hi v18, v234 offset:3008                   // 0000000070F8: DA9C0BC0 120000EA
	ds_load_u16 v19, v234 offset:3520                          // 000000007100: D8F00DC0 130000EA
	ds_load_u16_d16_hi v19, v234 offset:4032                   // 000000007108: DA9C0FC0 130000EA
	v_wmma_f32_16x16x16_bf16 v[168:175], v[8:15], v[225:232], v[168:175]// 000000007110: CC4140A8 1EA3C308
	s_waitcnt lgkmcnt(0)                                       // 000000007118: BF89FC07
	ds_swizzle_b32 v20, v16 offset:swizzle(SWAP,16)            // 00000000711C: D8D4401F 14000010
	ds_swizzle_b32 v21, v17 offset:swizzle(SWAP,16)            // 000000007124: D8D4401F 15000011
	ds_swizzle_b32 v22, v18 offset:swizzle(SWAP,16)            // 00000000712C: D8D4401F 16000012
	ds_swizzle_b32 v23, v19 offset:swizzle(SWAP,16)            // 000000007134: D8D4401F 17000013
	s_waitcnt lgkmcnt(0)                                       // 00000000713C: BF89FC07
	ds_load_u16 v225, v234 offset:480                          // 000000007140: D8F001E0 E10000EA
	ds_load_u16_d16_hi v225, v234 offset:992                   // 000000007148: DA9C03E0 E10000EA
	ds_load_u16 v226, v234 offset:1504                         // 000000007150: D8F005E0 E20000EA
	ds_load_u16_d16_hi v226, v234 offset:2016                  // 000000007158: DA9C07E0 E20000EA
	ds_load_u16 v227, v234 offset:2528                         // 000000007160: D8F009E0 E30000EA
	ds_load_u16_d16_hi v227, v234 offset:3040                  // 000000007168: DA9C0BE0 E30000EA
	ds_load_u16 v228, v234 offset:3552                         // 000000007170: D8F00DE0 E40000EA
	ds_load_u16_d16_hi v228, v234 offset:4064                  // 000000007178: DA9C0FE0 E40000EA
	v_wmma_f32_16x16x16_bf16 v[176:183], v[8:15], v[16:23], v[176:183]// 000000007180: CC4140B0 1EC22108
	s_waitcnt lgkmcnt(0)                                       // 000000007188: BF89FC07
	ds_swizzle_b32 v229, v225 offset:swizzle(SWAP,16)          // 00000000718C: D8D4401F E50000E1
	ds_swizzle_b32 v230, v226 offset:swizzle(SWAP,16)          // 000000007194: D8D4401F E60000E2
	ds_swizzle_b32 v231, v227 offset:swizzle(SWAP,16)          // 00000000719C: D8D4401F E70000E3
	ds_swizzle_b32 v232, v228 offset:swizzle(SWAP,16)          // 0000000071A4: D8D4401F E80000E4
	s_waitcnt lgkmcnt(0)                                       // 0000000071AC: BF89FC07
	v_wmma_f32_16x16x16_bf16 v[184:191], v[8:15], v[225:232], v[184:191]// 0000000071B0: CC4140B8 1EE3C308
	ds_load_b128 v[8:11], v233 offset:32                       // 0000000071B8: DBFC0020 080000E9
	s_waitcnt lgkmcnt(0)                                       // 0000000071C0: BF89FC07
	ds_swizzle_b32 v12, v8 offset:swizzle(SWAP,16)             // 0000000071C4: D8D4401F 0C000008
	ds_swizzle_b32 v13, v9 offset:swizzle(SWAP,16)             // 0000000071CC: D8D4401F 0D000009
	ds_swizzle_b32 v14, v10 offset:swizzle(SWAP,16)            // 0000000071D4: D8D4401F 0E00000A
	ds_swizzle_b32 v15, v11 offset:swizzle(SWAP,16)            // 0000000071DC: D8D4401F 0F00000B
	s_waitcnt lgkmcnt(0)                                       // 0000000071E4: BF89FC07
	v_lshlrev_b32_e32 v234, 12, v4                             // 0000000071E8: 31D4088C
	v_lshl_add_u32 v234, v3, 1, v234                           // 0000000071EC: D64600EA 07A90303
	v_add_nc_u32_e32 v234, 0xa000, v234                        // 0000000071F4: 4BD5D4FF 0000A000
	ds_load_u16 v16, v234                                      // 0000000071FC: D8F00000 100000EA
	ds_load_u16_d16_hi v16, v234 offset:512                    // 000000007204: DA9C0200 100000EA
	ds_load_u16 v17, v234 offset:1024                          // 00000000720C: D8F00400 110000EA
	ds_load_u16_d16_hi v17, v234 offset:1536                   // 000000007214: DA9C0600 110000EA
	ds_load_u16 v18, v234 offset:2048                          // 00000000721C: D8F00800 120000EA
	ds_load_u16_d16_hi v18, v234 offset:2560                   // 000000007224: DA9C0A00 120000EA
	ds_load_u16 v19, v234 offset:3072                          // 00000000722C: D8F00C00 130000EA
	ds_load_u16_d16_hi v19, v234 offset:3584                   // 000000007234: DA9C0E00 130000EA
	s_waitcnt lgkmcnt(0)                                       // 00000000723C: BF89FC07
	ds_swizzle_b32 v20, v16 offset:swizzle(SWAP,16)            // 000000007240: D8D4401F 14000010
	ds_swizzle_b32 v21, v17 offset:swizzle(SWAP,16)            // 000000007248: D8D4401F 15000011
	ds_swizzle_b32 v22, v18 offset:swizzle(SWAP,16)            // 000000007250: D8D4401F 16000012
	ds_swizzle_b32 v23, v19 offset:swizzle(SWAP,16)            // 000000007258: D8D4401F 17000013
	s_waitcnt lgkmcnt(0)                                       // 000000007260: BF89FC07
	ds_load_u16 v225, v234 offset:32                           // 000000007264: D8F00020 E10000EA
	ds_load_u16_d16_hi v225, v234 offset:544                   // 00000000726C: DA9C0220 E10000EA
	ds_load_u16 v226, v234 offset:1056                         // 000000007274: D8F00420 E20000EA
	ds_load_u16_d16_hi v226, v234 offset:1568                  // 00000000727C: DA9C0620 E20000EA
	ds_load_u16 v227, v234 offset:2080                         // 000000007284: D8F00820 E30000EA
	ds_load_u16_d16_hi v227, v234 offset:2592                  // 00000000728C: DA9C0A20 E30000EA
	ds_load_u16 v228, v234 offset:3104                         // 000000007294: D8F00C20 E40000EA
	ds_load_u16_d16_hi v228, v234 offset:3616                  // 00000000729C: DA9C0E20 E40000EA
	v_wmma_f32_16x16x16_bf16 v[64:71], v[8:15], v[16:23], v[64:71]// 0000000072A4: CC414040 1D022108
	s_waitcnt lgkmcnt(0)                                       // 0000000072AC: BF89FC07
	ds_swizzle_b32 v229, v225 offset:swizzle(SWAP,16)          // 0000000072B0: D8D4401F E50000E1
	ds_swizzle_b32 v230, v226 offset:swizzle(SWAP,16)          // 0000000072B8: D8D4401F E60000E2
	ds_swizzle_b32 v231, v227 offset:swizzle(SWAP,16)          // 0000000072C0: D8D4401F E70000E3
	ds_swizzle_b32 v232, v228 offset:swizzle(SWAP,16)          // 0000000072C8: D8D4401F E80000E4
	s_waitcnt lgkmcnt(0)                                       // 0000000072D0: BF89FC07
	ds_load_u16 v16, v234 offset:64                            // 0000000072D4: D8F00040 100000EA
	ds_load_u16_d16_hi v16, v234 offset:576                    // 0000000072DC: DA9C0240 100000EA
	ds_load_u16 v17, v234 offset:1088                          // 0000000072E4: D8F00440 110000EA
	ds_load_u16_d16_hi v17, v234 offset:1600                   // 0000000072EC: DA9C0640 110000EA
	ds_load_u16 v18, v234 offset:2112                          // 0000000072F4: D8F00840 120000EA
	ds_load_u16_d16_hi v18, v234 offset:2624                   // 0000000072FC: DA9C0A40 120000EA
	ds_load_u16 v19, v234 offset:3136                          // 000000007304: D8F00C40 130000EA
	ds_load_u16_d16_hi v19, v234 offset:3648                   // 00000000730C: DA9C0E40 130000EA
	v_wmma_f32_16x16x16_bf16 v[72:79], v[8:15], v[225:232], v[72:79]// 000000007314: CC414048 1D23C308
	s_waitcnt lgkmcnt(0)                                       // 00000000731C: BF89FC07
	ds_swizzle_b32 v20, v16 offset:swizzle(SWAP,16)            // 000000007320: D8D4401F 14000010
	ds_swizzle_b32 v21, v17 offset:swizzle(SWAP,16)            // 000000007328: D8D4401F 15000011
	ds_swizzle_b32 v22, v18 offset:swizzle(SWAP,16)            // 000000007330: D8D4401F 16000012
	ds_swizzle_b32 v23, v19 offset:swizzle(SWAP,16)            // 000000007338: D8D4401F 17000013
	s_waitcnt lgkmcnt(0)                                       // 000000007340: BF89FC07
	ds_load_u16 v225, v234 offset:96                           // 000000007344: D8F00060 E10000EA
	ds_load_u16_d16_hi v225, v234 offset:608                   // 00000000734C: DA9C0260 E10000EA
	ds_load_u16 v226, v234 offset:1120                         // 000000007354: D8F00460 E20000EA
	ds_load_u16_d16_hi v226, v234 offset:1632                  // 00000000735C: DA9C0660 E20000EA
	ds_load_u16 v227, v234 offset:2144                         // 000000007364: D8F00860 E30000EA
	ds_load_u16_d16_hi v227, v234 offset:2656                  // 00000000736C: DA9C0A60 E30000EA
	ds_load_u16 v228, v234 offset:3168                         // 000000007374: D8F00C60 E40000EA
	ds_load_u16_d16_hi v228, v234 offset:3680                  // 00000000737C: DA9C0E60 E40000EA
	v_wmma_f32_16x16x16_bf16 v[80:87], v[8:15], v[16:23], v[80:87]// 000000007384: CC414050 1D422108
	s_waitcnt lgkmcnt(0)                                       // 00000000738C: BF89FC07
	ds_swizzle_b32 v229, v225 offset:swizzle(SWAP,16)          // 000000007390: D8D4401F E50000E1
	ds_swizzle_b32 v230, v226 offset:swizzle(SWAP,16)          // 000000007398: D8D4401F E60000E2
	ds_swizzle_b32 v231, v227 offset:swizzle(SWAP,16)          // 0000000073A0: D8D4401F E70000E3
	ds_swizzle_b32 v232, v228 offset:swizzle(SWAP,16)          // 0000000073A8: D8D4401F E80000E4
	s_waitcnt lgkmcnt(0)                                       // 0000000073B0: BF89FC07
	ds_load_u16 v16, v234 offset:128                           // 0000000073B4: D8F00080 100000EA
	ds_load_u16_d16_hi v16, v234 offset:640                    // 0000000073BC: DA9C0280 100000EA
	ds_load_u16 v17, v234 offset:1152                          // 0000000073C4: D8F00480 110000EA
	ds_load_u16_d16_hi v17, v234 offset:1664                   // 0000000073CC: DA9C0680 110000EA
	ds_load_u16 v18, v234 offset:2176                          // 0000000073D4: D8F00880 120000EA
	ds_load_u16_d16_hi v18, v234 offset:2688                   // 0000000073DC: DA9C0A80 120000EA
	ds_load_u16 v19, v234 offset:3200                          // 0000000073E4: D8F00C80 130000EA
	ds_load_u16_d16_hi v19, v234 offset:3712                   // 0000000073EC: DA9C0E80 130000EA
	v_wmma_f32_16x16x16_bf16 v[88:95], v[8:15], v[225:232], v[88:95]// 0000000073F4: CC414058 1D63C308
	s_waitcnt lgkmcnt(0)                                       // 0000000073FC: BF89FC07
	ds_swizzle_b32 v20, v16 offset:swizzle(SWAP,16)            // 000000007400: D8D4401F 14000010
	ds_swizzle_b32 v21, v17 offset:swizzle(SWAP,16)            // 000000007408: D8D4401F 15000011
	ds_swizzle_b32 v22, v18 offset:swizzle(SWAP,16)            // 000000007410: D8D4401F 16000012
	ds_swizzle_b32 v23, v19 offset:swizzle(SWAP,16)            // 000000007418: D8D4401F 17000013
	s_waitcnt lgkmcnt(0)                                       // 000000007420: BF89FC07
	ds_load_u16 v225, v234 offset:160                          // 000000007424: D8F000A0 E10000EA
	ds_load_u16_d16_hi v225, v234 offset:672                   // 00000000742C: DA9C02A0 E10000EA
	ds_load_u16 v226, v234 offset:1184                         // 000000007434: D8F004A0 E20000EA
	ds_load_u16_d16_hi v226, v234 offset:1696                  // 00000000743C: DA9C06A0 E20000EA
	ds_load_u16 v227, v234 offset:2208                         // 000000007444: D8F008A0 E30000EA
	ds_load_u16_d16_hi v227, v234 offset:2720                  // 00000000744C: DA9C0AA0 E30000EA
	ds_load_u16 v228, v234 offset:3232                         // 000000007454: D8F00CA0 E40000EA
	ds_load_u16_d16_hi v228, v234 offset:3744                  // 00000000745C: DA9C0EA0 E40000EA
	v_wmma_f32_16x16x16_bf16 v[96:103], v[8:15], v[16:23], v[96:103]// 000000007464: CC414060 1D822108
	s_waitcnt lgkmcnt(0)                                       // 00000000746C: BF89FC07
	ds_swizzle_b32 v229, v225 offset:swizzle(SWAP,16)          // 000000007470: D8D4401F E50000E1
	ds_swizzle_b32 v230, v226 offset:swizzle(SWAP,16)          // 000000007478: D8D4401F E60000E2
	ds_swizzle_b32 v231, v227 offset:swizzle(SWAP,16)          // 000000007480: D8D4401F E70000E3
	ds_swizzle_b32 v232, v228 offset:swizzle(SWAP,16)          // 000000007488: D8D4401F E80000E4
	s_waitcnt lgkmcnt(0)                                       // 000000007490: BF89FC07
	ds_load_u16 v16, v234 offset:192                           // 000000007494: D8F000C0 100000EA
	ds_load_u16_d16_hi v16, v234 offset:704                    // 00000000749C: DA9C02C0 100000EA
	ds_load_u16 v17, v234 offset:1216                          // 0000000074A4: D8F004C0 110000EA
	ds_load_u16_d16_hi v17, v234 offset:1728                   // 0000000074AC: DA9C06C0 110000EA
	ds_load_u16 v18, v234 offset:2240                          // 0000000074B4: D8F008C0 120000EA
	ds_load_u16_d16_hi v18, v234 offset:2752                   // 0000000074BC: DA9C0AC0 120000EA
	ds_load_u16 v19, v234 offset:3264                          // 0000000074C4: D8F00CC0 130000EA
	ds_load_u16_d16_hi v19, v234 offset:3776                   // 0000000074CC: DA9C0EC0 130000EA
	v_wmma_f32_16x16x16_bf16 v[104:111], v[8:15], v[225:232], v[104:111]// 0000000074D4: CC414068 1DA3C308
	s_waitcnt lgkmcnt(0)                                       // 0000000074DC: BF89FC07
	ds_swizzle_b32 v20, v16 offset:swizzle(SWAP,16)            // 0000000074E0: D8D4401F 14000010
	ds_swizzle_b32 v21, v17 offset:swizzle(SWAP,16)            // 0000000074E8: D8D4401F 15000011
	ds_swizzle_b32 v22, v18 offset:swizzle(SWAP,16)            // 0000000074F0: D8D4401F 16000012
	ds_swizzle_b32 v23, v19 offset:swizzle(SWAP,16)            // 0000000074F8: D8D4401F 17000013
	s_waitcnt lgkmcnt(0)                                       // 000000007500: BF89FC07
	ds_load_u16 v225, v234 offset:224                          // 000000007504: D8F000E0 E10000EA
	ds_load_u16_d16_hi v225, v234 offset:736                   // 00000000750C: DA9C02E0 E10000EA
	ds_load_u16 v226, v234 offset:1248                         // 000000007514: D8F004E0 E20000EA
	ds_load_u16_d16_hi v226, v234 offset:1760                  // 00000000751C: DA9C06E0 E20000EA
	ds_load_u16 v227, v234 offset:2272                         // 000000007524: D8F008E0 E30000EA
	ds_load_u16_d16_hi v227, v234 offset:2784                  // 00000000752C: DA9C0AE0 E30000EA
	ds_load_u16 v228, v234 offset:3296                         // 000000007534: D8F00CE0 E40000EA
	ds_load_u16_d16_hi v228, v234 offset:3808                  // 00000000753C: DA9C0EE0 E40000EA
	v_wmma_f32_16x16x16_bf16 v[112:119], v[8:15], v[16:23], v[112:119]// 000000007544: CC414070 1DC22108
	s_waitcnt lgkmcnt(0)                                       // 00000000754C: BF89FC07
	ds_swizzle_b32 v229, v225 offset:swizzle(SWAP,16)          // 000000007550: D8D4401F E50000E1
	ds_swizzle_b32 v230, v226 offset:swizzle(SWAP,16)          // 000000007558: D8D4401F E60000E2
	ds_swizzle_b32 v231, v227 offset:swizzle(SWAP,16)          // 000000007560: D8D4401F E70000E3
	ds_swizzle_b32 v232, v228 offset:swizzle(SWAP,16)          // 000000007568: D8D4401F E80000E4
	s_waitcnt lgkmcnt(0)                                       // 000000007570: BF89FC07
	ds_load_u16 v16, v234 offset:256                           // 000000007574: D8F00100 100000EA
	ds_load_u16_d16_hi v16, v234 offset:768                    // 00000000757C: DA9C0300 100000EA
	ds_load_u16 v17, v234 offset:1280                          // 000000007584: D8F00500 110000EA
	ds_load_u16_d16_hi v17, v234 offset:1792                   // 00000000758C: DA9C0700 110000EA
	ds_load_u16 v18, v234 offset:2304                          // 000000007594: D8F00900 120000EA
	ds_load_u16_d16_hi v18, v234 offset:2816                   // 00000000759C: DA9C0B00 120000EA
	ds_load_u16 v19, v234 offset:3328                          // 0000000075A4: D8F00D00 130000EA
	ds_load_u16_d16_hi v19, v234 offset:3840                   // 0000000075AC: DA9C0F00 130000EA
	v_wmma_f32_16x16x16_bf16 v[120:127], v[8:15], v[225:232], v[120:127]// 0000000075B4: CC414078 1DE3C308
	s_waitcnt lgkmcnt(0)                                       // 0000000075BC: BF89FC07
	ds_swizzle_b32 v20, v16 offset:swizzle(SWAP,16)            // 0000000075C0: D8D4401F 14000010
	ds_swizzle_b32 v21, v17 offset:swizzle(SWAP,16)            // 0000000075C8: D8D4401F 15000011
	ds_swizzle_b32 v22, v18 offset:swizzle(SWAP,16)            // 0000000075D0: D8D4401F 16000012
	ds_swizzle_b32 v23, v19 offset:swizzle(SWAP,16)            // 0000000075D8: D8D4401F 17000013
	s_waitcnt lgkmcnt(0)                                       // 0000000075E0: BF89FC07
	ds_load_u16 v225, v234 offset:288                          // 0000000075E4: D8F00120 E10000EA
	ds_load_u16_d16_hi v225, v234 offset:800                   // 0000000075EC: DA9C0320 E10000EA
	ds_load_u16 v226, v234 offset:1312                         // 0000000075F4: D8F00520 E20000EA
	ds_load_u16_d16_hi v226, v234 offset:1824                  // 0000000075FC: DA9C0720 E20000EA
	ds_load_u16 v227, v234 offset:2336                         // 000000007604: D8F00920 E30000EA
	ds_load_u16_d16_hi v227, v234 offset:2848                  // 00000000760C: DA9C0B20 E30000EA
	ds_load_u16 v228, v234 offset:3360                         // 000000007614: D8F00D20 E40000EA
	ds_load_u16_d16_hi v228, v234 offset:3872                  // 00000000761C: DA9C0F20 E40000EA
	v_wmma_f32_16x16x16_bf16 v[128:135], v[8:15], v[16:23], v[128:135]// 000000007624: CC414080 1E022108
	s_waitcnt lgkmcnt(0)                                       // 00000000762C: BF89FC07
	ds_swizzle_b32 v229, v225 offset:swizzle(SWAP,16)          // 000000007630: D8D4401F E50000E1
	ds_swizzle_b32 v230, v226 offset:swizzle(SWAP,16)          // 000000007638: D8D4401F E60000E2
	ds_swizzle_b32 v231, v227 offset:swizzle(SWAP,16)          // 000000007640: D8D4401F E70000E3
	ds_swizzle_b32 v232, v228 offset:swizzle(SWAP,16)          // 000000007648: D8D4401F E80000E4
	s_waitcnt lgkmcnt(0)                                       // 000000007650: BF89FC07
	ds_load_u16 v16, v234 offset:320                           // 000000007654: D8F00140 100000EA
	ds_load_u16_d16_hi v16, v234 offset:832                    // 00000000765C: DA9C0340 100000EA
	ds_load_u16 v17, v234 offset:1344                          // 000000007664: D8F00540 110000EA
	ds_load_u16_d16_hi v17, v234 offset:1856                   // 00000000766C: DA9C0740 110000EA
	ds_load_u16 v18, v234 offset:2368                          // 000000007674: D8F00940 120000EA
	ds_load_u16_d16_hi v18, v234 offset:2880                   // 00000000767C: DA9C0B40 120000EA
	ds_load_u16 v19, v234 offset:3392                          // 000000007684: D8F00D40 130000EA
	ds_load_u16_d16_hi v19, v234 offset:3904                   // 00000000768C: DA9C0F40 130000EA
	v_wmma_f32_16x16x16_bf16 v[136:143], v[8:15], v[225:232], v[136:143]// 000000007694: CC414088 1E23C308
	s_waitcnt lgkmcnt(0)                                       // 00000000769C: BF89FC07
	ds_swizzle_b32 v20, v16 offset:swizzle(SWAP,16)            // 0000000076A0: D8D4401F 14000010
	ds_swizzle_b32 v21, v17 offset:swizzle(SWAP,16)            // 0000000076A8: D8D4401F 15000011
	ds_swizzle_b32 v22, v18 offset:swizzle(SWAP,16)            // 0000000076B0: D8D4401F 16000012
	ds_swizzle_b32 v23, v19 offset:swizzle(SWAP,16)            // 0000000076B8: D8D4401F 17000013
	s_waitcnt lgkmcnt(0)                                       // 0000000076C0: BF89FC07
	ds_load_u16 v225, v234 offset:352                          // 0000000076C4: D8F00160 E10000EA
	ds_load_u16_d16_hi v225, v234 offset:864                   // 0000000076CC: DA9C0360 E10000EA
	ds_load_u16 v226, v234 offset:1376                         // 0000000076D4: D8F00560 E20000EA
	ds_load_u16_d16_hi v226, v234 offset:1888                  // 0000000076DC: DA9C0760 E20000EA
	ds_load_u16 v227, v234 offset:2400                         // 0000000076E4: D8F00960 E30000EA
	ds_load_u16_d16_hi v227, v234 offset:2912                  // 0000000076EC: DA9C0B60 E30000EA
	ds_load_u16 v228, v234 offset:3424                         // 0000000076F4: D8F00D60 E40000EA
	ds_load_u16_d16_hi v228, v234 offset:3936                  // 0000000076FC: DA9C0F60 E40000EA
	v_wmma_f32_16x16x16_bf16 v[144:151], v[8:15], v[16:23], v[144:151]// 000000007704: CC414090 1E422108
	s_waitcnt lgkmcnt(0)                                       // 00000000770C: BF89FC07
	ds_swizzle_b32 v229, v225 offset:swizzle(SWAP,16)          // 000000007710: D8D4401F E50000E1
	ds_swizzle_b32 v230, v226 offset:swizzle(SWAP,16)          // 000000007718: D8D4401F E60000E2
	ds_swizzle_b32 v231, v227 offset:swizzle(SWAP,16)          // 000000007720: D8D4401F E70000E3
	ds_swizzle_b32 v232, v228 offset:swizzle(SWAP,16)          // 000000007728: D8D4401F E80000E4
	s_waitcnt lgkmcnt(0)                                       // 000000007730: BF89FC07
	ds_load_u16 v16, v234 offset:384                           // 000000007734: D8F00180 100000EA
	ds_load_u16_d16_hi v16, v234 offset:896                    // 00000000773C: DA9C0380 100000EA
	ds_load_u16 v17, v234 offset:1408                          // 000000007744: D8F00580 110000EA
	ds_load_u16_d16_hi v17, v234 offset:1920                   // 00000000774C: DA9C0780 110000EA
	ds_load_u16 v18, v234 offset:2432                          // 000000007754: D8F00980 120000EA
	ds_load_u16_d16_hi v18, v234 offset:2944                   // 00000000775C: DA9C0B80 120000EA
	ds_load_u16 v19, v234 offset:3456                          // 000000007764: D8F00D80 130000EA
	ds_load_u16_d16_hi v19, v234 offset:3968                   // 00000000776C: DA9C0F80 130000EA
	v_wmma_f32_16x16x16_bf16 v[152:159], v[8:15], v[225:232], v[152:159]// 000000007774: CC414098 1E63C308
	s_waitcnt lgkmcnt(0)                                       // 00000000777C: BF89FC07
	ds_swizzle_b32 v20, v16 offset:swizzle(SWAP,16)            // 000000007780: D8D4401F 14000010
	ds_swizzle_b32 v21, v17 offset:swizzle(SWAP,16)            // 000000007788: D8D4401F 15000011
	ds_swizzle_b32 v22, v18 offset:swizzle(SWAP,16)            // 000000007790: D8D4401F 16000012
	ds_swizzle_b32 v23, v19 offset:swizzle(SWAP,16)            // 000000007798: D8D4401F 17000013
	s_waitcnt lgkmcnt(0)                                       // 0000000077A0: BF89FC07
	ds_load_u16 v225, v234 offset:416                          // 0000000077A4: D8F001A0 E10000EA
	ds_load_u16_d16_hi v225, v234 offset:928                   // 0000000077AC: DA9C03A0 E10000EA
	ds_load_u16 v226, v234 offset:1440                         // 0000000077B4: D8F005A0 E20000EA
	ds_load_u16_d16_hi v226, v234 offset:1952                  // 0000000077BC: DA9C07A0 E20000EA
	ds_load_u16 v227, v234 offset:2464                         // 0000000077C4: D8F009A0 E30000EA
	ds_load_u16_d16_hi v227, v234 offset:2976                  // 0000000077CC: DA9C0BA0 E30000EA
	ds_load_u16 v228, v234 offset:3488                         // 0000000077D4: D8F00DA0 E40000EA
	ds_load_u16_d16_hi v228, v234 offset:4000                  // 0000000077DC: DA9C0FA0 E40000EA
	v_wmma_f32_16x16x16_bf16 v[160:167], v[8:15], v[16:23], v[160:167]// 0000000077E4: CC4140A0 1E822108
	s_waitcnt lgkmcnt(0)                                       // 0000000077EC: BF89FC07
	ds_swizzle_b32 v229, v225 offset:swizzle(SWAP,16)          // 0000000077F0: D8D4401F E50000E1
	ds_swizzle_b32 v230, v226 offset:swizzle(SWAP,16)          // 0000000077F8: D8D4401F E60000E2
	ds_swizzle_b32 v231, v227 offset:swizzle(SWAP,16)          // 000000007800: D8D4401F E70000E3
	ds_swizzle_b32 v232, v228 offset:swizzle(SWAP,16)          // 000000007808: D8D4401F E80000E4
	s_waitcnt lgkmcnt(0)                                       // 000000007810: BF89FC07
	ds_load_u16 v16, v234 offset:448                           // 000000007814: D8F001C0 100000EA
	ds_load_u16_d16_hi v16, v234 offset:960                    // 00000000781C: DA9C03C0 100000EA
	ds_load_u16 v17, v234 offset:1472                          // 000000007824: D8F005C0 110000EA
	ds_load_u16_d16_hi v17, v234 offset:1984                   // 00000000782C: DA9C07C0 110000EA
	ds_load_u16 v18, v234 offset:2496                          // 000000007834: D8F009C0 120000EA
	ds_load_u16_d16_hi v18, v234 offset:3008                   // 00000000783C: DA9C0BC0 120000EA
	ds_load_u16 v19, v234 offset:3520                          // 000000007844: D8F00DC0 130000EA
	ds_load_u16_d16_hi v19, v234 offset:4032                   // 00000000784C: DA9C0FC0 130000EA
	v_wmma_f32_16x16x16_bf16 v[168:175], v[8:15], v[225:232], v[168:175]// 000000007854: CC4140A8 1EA3C308
	s_waitcnt lgkmcnt(0)                                       // 00000000785C: BF89FC07
	ds_swizzle_b32 v20, v16 offset:swizzle(SWAP,16)            // 000000007860: D8D4401F 14000010
	ds_swizzle_b32 v21, v17 offset:swizzle(SWAP,16)            // 000000007868: D8D4401F 15000011
	ds_swizzle_b32 v22, v18 offset:swizzle(SWAP,16)            // 000000007870: D8D4401F 16000012
	ds_swizzle_b32 v23, v19 offset:swizzle(SWAP,16)            // 000000007878: D8D4401F 17000013
	s_waitcnt lgkmcnt(0)                                       // 000000007880: BF89FC07
	ds_load_u16 v225, v234 offset:480                          // 000000007884: D8F001E0 E10000EA
	ds_load_u16_d16_hi v225, v234 offset:992                   // 00000000788C: DA9C03E0 E10000EA
	ds_load_u16 v226, v234 offset:1504                         // 000000007894: D8F005E0 E20000EA
	ds_load_u16_d16_hi v226, v234 offset:2016                  // 00000000789C: DA9C07E0 E20000EA
	ds_load_u16 v227, v234 offset:2528                         // 0000000078A4: D8F009E0 E30000EA
	ds_load_u16_d16_hi v227, v234 offset:3040                  // 0000000078AC: DA9C0BE0 E30000EA
	ds_load_u16 v228, v234 offset:3552                         // 0000000078B4: D8F00DE0 E40000EA
	ds_load_u16_d16_hi v228, v234 offset:4064                  // 0000000078BC: DA9C0FE0 E40000EA
	v_wmma_f32_16x16x16_bf16 v[176:183], v[8:15], v[16:23], v[176:183]// 0000000078C4: CC4140B0 1EC22108
	s_waitcnt lgkmcnt(0)                                       // 0000000078CC: BF89FC07
	ds_swizzle_b32 v229, v225 offset:swizzle(SWAP,16)          // 0000000078D0: D8D4401F E50000E1
	ds_swizzle_b32 v230, v226 offset:swizzle(SWAP,16)          // 0000000078D8: D8D4401F E60000E2
	ds_swizzle_b32 v231, v227 offset:swizzle(SWAP,16)          // 0000000078E0: D8D4401F E70000E3
	ds_swizzle_b32 v232, v228 offset:swizzle(SWAP,16)          // 0000000078E8: D8D4401F E80000E4
	s_waitcnt lgkmcnt(0)                                       // 0000000078F0: BF89FC07
	v_wmma_f32_16x16x16_bf16 v[184:191], v[8:15], v[225:232], v[184:191]// 0000000078F4: CC4140B8 1EE3C308
	ds_load_b128 v[8:11], v233 offset:64                       // 0000000078FC: DBFC0040 080000E9
	s_waitcnt lgkmcnt(0)                                       // 000000007904: BF89FC07
	ds_swizzle_b32 v12, v8 offset:swizzle(SWAP,16)             // 000000007908: D8D4401F 0C000008
	ds_swizzle_b32 v13, v9 offset:swizzle(SWAP,16)             // 000000007910: D8D4401F 0D000009
	ds_swizzle_b32 v14, v10 offset:swizzle(SWAP,16)            // 000000007918: D8D4401F 0E00000A
	ds_swizzle_b32 v15, v11 offset:swizzle(SWAP,16)            // 000000007920: D8D4401F 0F00000B
	s_waitcnt lgkmcnt(0)                                       // 000000007928: BF89FC07
	v_lshlrev_b32_e32 v234, 12, v4                             // 00000000792C: 31D4088C
	v_lshl_add_u32 v234, v3, 1, v234                           // 000000007930: D64600EA 07A90303
	v_add_nc_u32_e32 v234, 0xc000, v234                        // 000000007938: 4BD5D4FF 0000C000
	ds_load_u16 v16, v234                                      // 000000007940: D8F00000 100000EA
	ds_load_u16_d16_hi v16, v234 offset:512                    // 000000007948: DA9C0200 100000EA
	ds_load_u16 v17, v234 offset:1024                          // 000000007950: D8F00400 110000EA
	ds_load_u16_d16_hi v17, v234 offset:1536                   // 000000007958: DA9C0600 110000EA
	ds_load_u16 v18, v234 offset:2048                          // 000000007960: D8F00800 120000EA
	ds_load_u16_d16_hi v18, v234 offset:2560                   // 000000007968: DA9C0A00 120000EA
	ds_load_u16 v19, v234 offset:3072                          // 000000007970: D8F00C00 130000EA
	ds_load_u16_d16_hi v19, v234 offset:3584                   // 000000007978: DA9C0E00 130000EA
	s_waitcnt lgkmcnt(0)                                       // 000000007980: BF89FC07
	ds_swizzle_b32 v20, v16 offset:swizzle(SWAP,16)            // 000000007984: D8D4401F 14000010
	ds_swizzle_b32 v21, v17 offset:swizzle(SWAP,16)            // 00000000798C: D8D4401F 15000011
	ds_swizzle_b32 v22, v18 offset:swizzle(SWAP,16)            // 000000007994: D8D4401F 16000012
	ds_swizzle_b32 v23, v19 offset:swizzle(SWAP,16)            // 00000000799C: D8D4401F 17000013
	s_waitcnt lgkmcnt(0)                                       // 0000000079A4: BF89FC07
	ds_load_u16 v225, v234 offset:32                           // 0000000079A8: D8F00020 E10000EA
	ds_load_u16_d16_hi v225, v234 offset:544                   // 0000000079B0: DA9C0220 E10000EA
	ds_load_u16 v226, v234 offset:1056                         // 0000000079B8: D8F00420 E20000EA
	ds_load_u16_d16_hi v226, v234 offset:1568                  // 0000000079C0: DA9C0620 E20000EA
	ds_load_u16 v227, v234 offset:2080                         // 0000000079C8: D8F00820 E30000EA
	ds_load_u16_d16_hi v227, v234 offset:2592                  // 0000000079D0: DA9C0A20 E30000EA
	ds_load_u16 v228, v234 offset:3104                         // 0000000079D8: D8F00C20 E40000EA
	ds_load_u16_d16_hi v228, v234 offset:3616                  // 0000000079E0: DA9C0E20 E40000EA
	v_wmma_f32_16x16x16_bf16 v[64:71], v[8:15], v[16:23], v[64:71]// 0000000079E8: CC414040 1D022108
	s_waitcnt lgkmcnt(0)                                       // 0000000079F0: BF89FC07
	ds_swizzle_b32 v229, v225 offset:swizzle(SWAP,16)          // 0000000079F4: D8D4401F E50000E1
	ds_swizzle_b32 v230, v226 offset:swizzle(SWAP,16)          // 0000000079FC: D8D4401F E60000E2
	ds_swizzle_b32 v231, v227 offset:swizzle(SWAP,16)          // 000000007A04: D8D4401F E70000E3
	ds_swizzle_b32 v232, v228 offset:swizzle(SWAP,16)          // 000000007A0C: D8D4401F E80000E4
	s_waitcnt lgkmcnt(0)                                       // 000000007A14: BF89FC07
	ds_load_u16 v16, v234 offset:64                            // 000000007A18: D8F00040 100000EA
	ds_load_u16_d16_hi v16, v234 offset:576                    // 000000007A20: DA9C0240 100000EA
	ds_load_u16 v17, v234 offset:1088                          // 000000007A28: D8F00440 110000EA
	ds_load_u16_d16_hi v17, v234 offset:1600                   // 000000007A30: DA9C0640 110000EA
	ds_load_u16 v18, v234 offset:2112                          // 000000007A38: D8F00840 120000EA
	ds_load_u16_d16_hi v18, v234 offset:2624                   // 000000007A40: DA9C0A40 120000EA
	ds_load_u16 v19, v234 offset:3136                          // 000000007A48: D8F00C40 130000EA
	ds_load_u16_d16_hi v19, v234 offset:3648                   // 000000007A50: DA9C0E40 130000EA
	v_wmma_f32_16x16x16_bf16 v[72:79], v[8:15], v[225:232], v[72:79]// 000000007A58: CC414048 1D23C308
	s_waitcnt lgkmcnt(0)                                       // 000000007A60: BF89FC07
	ds_swizzle_b32 v20, v16 offset:swizzle(SWAP,16)            // 000000007A64: D8D4401F 14000010
	ds_swizzle_b32 v21, v17 offset:swizzle(SWAP,16)            // 000000007A6C: D8D4401F 15000011
	ds_swizzle_b32 v22, v18 offset:swizzle(SWAP,16)            // 000000007A74: D8D4401F 16000012
	ds_swizzle_b32 v23, v19 offset:swizzle(SWAP,16)            // 000000007A7C: D8D4401F 17000013
	s_waitcnt lgkmcnt(0)                                       // 000000007A84: BF89FC07
	ds_load_u16 v225, v234 offset:96                           // 000000007A88: D8F00060 E10000EA
	ds_load_u16_d16_hi v225, v234 offset:608                   // 000000007A90: DA9C0260 E10000EA
	ds_load_u16 v226, v234 offset:1120                         // 000000007A98: D8F00460 E20000EA
	ds_load_u16_d16_hi v226, v234 offset:1632                  // 000000007AA0: DA9C0660 E20000EA
	ds_load_u16 v227, v234 offset:2144                         // 000000007AA8: D8F00860 E30000EA
	ds_load_u16_d16_hi v227, v234 offset:2656                  // 000000007AB0: DA9C0A60 E30000EA
	ds_load_u16 v228, v234 offset:3168                         // 000000007AB8: D8F00C60 E40000EA
	ds_load_u16_d16_hi v228, v234 offset:3680                  // 000000007AC0: DA9C0E60 E40000EA
	v_wmma_f32_16x16x16_bf16 v[80:87], v[8:15], v[16:23], v[80:87]// 000000007AC8: CC414050 1D422108
	s_waitcnt lgkmcnt(0)                                       // 000000007AD0: BF89FC07
	ds_swizzle_b32 v229, v225 offset:swizzle(SWAP,16)          // 000000007AD4: D8D4401F E50000E1
	ds_swizzle_b32 v230, v226 offset:swizzle(SWAP,16)          // 000000007ADC: D8D4401F E60000E2
	ds_swizzle_b32 v231, v227 offset:swizzle(SWAP,16)          // 000000007AE4: D8D4401F E70000E3
	ds_swizzle_b32 v232, v228 offset:swizzle(SWAP,16)          // 000000007AEC: D8D4401F E80000E4
	s_waitcnt lgkmcnt(0)                                       // 000000007AF4: BF89FC07
	ds_load_u16 v16, v234 offset:128                           // 000000007AF8: D8F00080 100000EA
	ds_load_u16_d16_hi v16, v234 offset:640                    // 000000007B00: DA9C0280 100000EA
	ds_load_u16 v17, v234 offset:1152                          // 000000007B08: D8F00480 110000EA
	ds_load_u16_d16_hi v17, v234 offset:1664                   // 000000007B10: DA9C0680 110000EA
	ds_load_u16 v18, v234 offset:2176                          // 000000007B18: D8F00880 120000EA
	ds_load_u16_d16_hi v18, v234 offset:2688                   // 000000007B20: DA9C0A80 120000EA
	ds_load_u16 v19, v234 offset:3200                          // 000000007B28: D8F00C80 130000EA
	ds_load_u16_d16_hi v19, v234 offset:3712                   // 000000007B30: DA9C0E80 130000EA
	v_wmma_f32_16x16x16_bf16 v[88:95], v[8:15], v[225:232], v[88:95]// 000000007B38: CC414058 1D63C308
	s_waitcnt lgkmcnt(0)                                       // 000000007B40: BF89FC07
	ds_swizzle_b32 v20, v16 offset:swizzle(SWAP,16)            // 000000007B44: D8D4401F 14000010
	ds_swizzle_b32 v21, v17 offset:swizzle(SWAP,16)            // 000000007B4C: D8D4401F 15000011
	ds_swizzle_b32 v22, v18 offset:swizzle(SWAP,16)            // 000000007B54: D8D4401F 16000012
	ds_swizzle_b32 v23, v19 offset:swizzle(SWAP,16)            // 000000007B5C: D8D4401F 17000013
	s_waitcnt lgkmcnt(0)                                       // 000000007B64: BF89FC07
	ds_load_u16 v225, v234 offset:160                          // 000000007B68: D8F000A0 E10000EA
	ds_load_u16_d16_hi v225, v234 offset:672                   // 000000007B70: DA9C02A0 E10000EA
	ds_load_u16 v226, v234 offset:1184                         // 000000007B78: D8F004A0 E20000EA
	ds_load_u16_d16_hi v226, v234 offset:1696                  // 000000007B80: DA9C06A0 E20000EA
	ds_load_u16 v227, v234 offset:2208                         // 000000007B88: D8F008A0 E30000EA
	ds_load_u16_d16_hi v227, v234 offset:2720                  // 000000007B90: DA9C0AA0 E30000EA
	ds_load_u16 v228, v234 offset:3232                         // 000000007B98: D8F00CA0 E40000EA
	ds_load_u16_d16_hi v228, v234 offset:3744                  // 000000007BA0: DA9C0EA0 E40000EA
	v_wmma_f32_16x16x16_bf16 v[96:103], v[8:15], v[16:23], v[96:103]// 000000007BA8: CC414060 1D822108
	s_waitcnt lgkmcnt(0)                                       // 000000007BB0: BF89FC07
	ds_swizzle_b32 v229, v225 offset:swizzle(SWAP,16)          // 000000007BB4: D8D4401F E50000E1
	ds_swizzle_b32 v230, v226 offset:swizzle(SWAP,16)          // 000000007BBC: D8D4401F E60000E2
	ds_swizzle_b32 v231, v227 offset:swizzle(SWAP,16)          // 000000007BC4: D8D4401F E70000E3
	ds_swizzle_b32 v232, v228 offset:swizzle(SWAP,16)          // 000000007BCC: D8D4401F E80000E4
	s_waitcnt lgkmcnt(0)                                       // 000000007BD4: BF89FC07
	ds_load_u16 v16, v234 offset:192                           // 000000007BD8: D8F000C0 100000EA
	ds_load_u16_d16_hi v16, v234 offset:704                    // 000000007BE0: DA9C02C0 100000EA
	ds_load_u16 v17, v234 offset:1216                          // 000000007BE8: D8F004C0 110000EA
	ds_load_u16_d16_hi v17, v234 offset:1728                   // 000000007BF0: DA9C06C0 110000EA
	ds_load_u16 v18, v234 offset:2240                          // 000000007BF8: D8F008C0 120000EA
	ds_load_u16_d16_hi v18, v234 offset:2752                   // 000000007C00: DA9C0AC0 120000EA
	ds_load_u16 v19, v234 offset:3264                          // 000000007C08: D8F00CC0 130000EA
	ds_load_u16_d16_hi v19, v234 offset:3776                   // 000000007C10: DA9C0EC0 130000EA
	v_wmma_f32_16x16x16_bf16 v[104:111], v[8:15], v[225:232], v[104:111]// 000000007C18: CC414068 1DA3C308
	s_waitcnt lgkmcnt(0)                                       // 000000007C20: BF89FC07
	ds_swizzle_b32 v20, v16 offset:swizzle(SWAP,16)            // 000000007C24: D8D4401F 14000010
	ds_swizzle_b32 v21, v17 offset:swizzle(SWAP,16)            // 000000007C2C: D8D4401F 15000011
	ds_swizzle_b32 v22, v18 offset:swizzle(SWAP,16)            // 000000007C34: D8D4401F 16000012
	ds_swizzle_b32 v23, v19 offset:swizzle(SWAP,16)            // 000000007C3C: D8D4401F 17000013
	s_waitcnt lgkmcnt(0)                                       // 000000007C44: BF89FC07
	ds_load_u16 v225, v234 offset:224                          // 000000007C48: D8F000E0 E10000EA
	ds_load_u16_d16_hi v225, v234 offset:736                   // 000000007C50: DA9C02E0 E10000EA
	ds_load_u16 v226, v234 offset:1248                         // 000000007C58: D8F004E0 E20000EA
	ds_load_u16_d16_hi v226, v234 offset:1760                  // 000000007C60: DA9C06E0 E20000EA
	ds_load_u16 v227, v234 offset:2272                         // 000000007C68: D8F008E0 E30000EA
	ds_load_u16_d16_hi v227, v234 offset:2784                  // 000000007C70: DA9C0AE0 E30000EA
	ds_load_u16 v228, v234 offset:3296                         // 000000007C78: D8F00CE0 E40000EA
	ds_load_u16_d16_hi v228, v234 offset:3808                  // 000000007C80: DA9C0EE0 E40000EA
	v_wmma_f32_16x16x16_bf16 v[112:119], v[8:15], v[16:23], v[112:119]// 000000007C88: CC414070 1DC22108
	s_waitcnt lgkmcnt(0)                                       // 000000007C90: BF89FC07
	ds_swizzle_b32 v229, v225 offset:swizzle(SWAP,16)          // 000000007C94: D8D4401F E50000E1
	ds_swizzle_b32 v230, v226 offset:swizzle(SWAP,16)          // 000000007C9C: D8D4401F E60000E2
	ds_swizzle_b32 v231, v227 offset:swizzle(SWAP,16)          // 000000007CA4: D8D4401F E70000E3
	ds_swizzle_b32 v232, v228 offset:swizzle(SWAP,16)          // 000000007CAC: D8D4401F E80000E4
	s_waitcnt lgkmcnt(0)                                       // 000000007CB4: BF89FC07
	ds_load_u16 v16, v234 offset:256                           // 000000007CB8: D8F00100 100000EA
	ds_load_u16_d16_hi v16, v234 offset:768                    // 000000007CC0: DA9C0300 100000EA
	ds_load_u16 v17, v234 offset:1280                          // 000000007CC8: D8F00500 110000EA
	ds_load_u16_d16_hi v17, v234 offset:1792                   // 000000007CD0: DA9C0700 110000EA
	ds_load_u16 v18, v234 offset:2304                          // 000000007CD8: D8F00900 120000EA
	ds_load_u16_d16_hi v18, v234 offset:2816                   // 000000007CE0: DA9C0B00 120000EA
	ds_load_u16 v19, v234 offset:3328                          // 000000007CE8: D8F00D00 130000EA
	ds_load_u16_d16_hi v19, v234 offset:3840                   // 000000007CF0: DA9C0F00 130000EA
	v_wmma_f32_16x16x16_bf16 v[120:127], v[8:15], v[225:232], v[120:127]// 000000007CF8: CC414078 1DE3C308
	s_waitcnt lgkmcnt(0)                                       // 000000007D00: BF89FC07
	ds_swizzle_b32 v20, v16 offset:swizzle(SWAP,16)            // 000000007D04: D8D4401F 14000010
	ds_swizzle_b32 v21, v17 offset:swizzle(SWAP,16)            // 000000007D0C: D8D4401F 15000011
	ds_swizzle_b32 v22, v18 offset:swizzle(SWAP,16)            // 000000007D14: D8D4401F 16000012
	ds_swizzle_b32 v23, v19 offset:swizzle(SWAP,16)            // 000000007D1C: D8D4401F 17000013
	s_waitcnt lgkmcnt(0)                                       // 000000007D24: BF89FC07
	ds_load_u16 v225, v234 offset:288                          // 000000007D28: D8F00120 E10000EA
	ds_load_u16_d16_hi v225, v234 offset:800                   // 000000007D30: DA9C0320 E10000EA
	ds_load_u16 v226, v234 offset:1312                         // 000000007D38: D8F00520 E20000EA
	ds_load_u16_d16_hi v226, v234 offset:1824                  // 000000007D40: DA9C0720 E20000EA
	ds_load_u16 v227, v234 offset:2336                         // 000000007D48: D8F00920 E30000EA
	ds_load_u16_d16_hi v227, v234 offset:2848                  // 000000007D50: DA9C0B20 E30000EA
	ds_load_u16 v228, v234 offset:3360                         // 000000007D58: D8F00D20 E40000EA
	ds_load_u16_d16_hi v228, v234 offset:3872                  // 000000007D60: DA9C0F20 E40000EA
	v_wmma_f32_16x16x16_bf16 v[128:135], v[8:15], v[16:23], v[128:135]// 000000007D68: CC414080 1E022108
	s_waitcnt lgkmcnt(0)                                       // 000000007D70: BF89FC07
	ds_swizzle_b32 v229, v225 offset:swizzle(SWAP,16)          // 000000007D74: D8D4401F E50000E1
	ds_swizzle_b32 v230, v226 offset:swizzle(SWAP,16)          // 000000007D7C: D8D4401F E60000E2
	ds_swizzle_b32 v231, v227 offset:swizzle(SWAP,16)          // 000000007D84: D8D4401F E70000E3
	ds_swizzle_b32 v232, v228 offset:swizzle(SWAP,16)          // 000000007D8C: D8D4401F E80000E4
	s_waitcnt lgkmcnt(0)                                       // 000000007D94: BF89FC07
	ds_load_u16 v16, v234 offset:320                           // 000000007D98: D8F00140 100000EA
	ds_load_u16_d16_hi v16, v234 offset:832                    // 000000007DA0: DA9C0340 100000EA
	ds_load_u16 v17, v234 offset:1344                          // 000000007DA8: D8F00540 110000EA
	ds_load_u16_d16_hi v17, v234 offset:1856                   // 000000007DB0: DA9C0740 110000EA
	ds_load_u16 v18, v234 offset:2368                          // 000000007DB8: D8F00940 120000EA
	ds_load_u16_d16_hi v18, v234 offset:2880                   // 000000007DC0: DA9C0B40 120000EA
	ds_load_u16 v19, v234 offset:3392                          // 000000007DC8: D8F00D40 130000EA
	ds_load_u16_d16_hi v19, v234 offset:3904                   // 000000007DD0: DA9C0F40 130000EA
	v_wmma_f32_16x16x16_bf16 v[136:143], v[8:15], v[225:232], v[136:143]// 000000007DD8: CC414088 1E23C308
	s_waitcnt lgkmcnt(0)                                       // 000000007DE0: BF89FC07
	ds_swizzle_b32 v20, v16 offset:swizzle(SWAP,16)            // 000000007DE4: D8D4401F 14000010
	ds_swizzle_b32 v21, v17 offset:swizzle(SWAP,16)            // 000000007DEC: D8D4401F 15000011
	ds_swizzle_b32 v22, v18 offset:swizzle(SWAP,16)            // 000000007DF4: D8D4401F 16000012
	ds_swizzle_b32 v23, v19 offset:swizzle(SWAP,16)            // 000000007DFC: D8D4401F 17000013
	s_waitcnt lgkmcnt(0)                                       // 000000007E04: BF89FC07
	ds_load_u16 v225, v234 offset:352                          // 000000007E08: D8F00160 E10000EA
	ds_load_u16_d16_hi v225, v234 offset:864                   // 000000007E10: DA9C0360 E10000EA
	ds_load_u16 v226, v234 offset:1376                         // 000000007E18: D8F00560 E20000EA
	ds_load_u16_d16_hi v226, v234 offset:1888                  // 000000007E20: DA9C0760 E20000EA
	ds_load_u16 v227, v234 offset:2400                         // 000000007E28: D8F00960 E30000EA
	ds_load_u16_d16_hi v227, v234 offset:2912                  // 000000007E30: DA9C0B60 E30000EA
	ds_load_u16 v228, v234 offset:3424                         // 000000007E38: D8F00D60 E40000EA
	ds_load_u16_d16_hi v228, v234 offset:3936                  // 000000007E40: DA9C0F60 E40000EA
	v_wmma_f32_16x16x16_bf16 v[144:151], v[8:15], v[16:23], v[144:151]// 000000007E48: CC414090 1E422108
	s_waitcnt lgkmcnt(0)                                       // 000000007E50: BF89FC07
	ds_swizzle_b32 v229, v225 offset:swizzle(SWAP,16)          // 000000007E54: D8D4401F E50000E1
	ds_swizzle_b32 v230, v226 offset:swizzle(SWAP,16)          // 000000007E5C: D8D4401F E60000E2
	ds_swizzle_b32 v231, v227 offset:swizzle(SWAP,16)          // 000000007E64: D8D4401F E70000E3
	ds_swizzle_b32 v232, v228 offset:swizzle(SWAP,16)          // 000000007E6C: D8D4401F E80000E4
	s_waitcnt lgkmcnt(0)                                       // 000000007E74: BF89FC07
	ds_load_u16 v16, v234 offset:384                           // 000000007E78: D8F00180 100000EA
	ds_load_u16_d16_hi v16, v234 offset:896                    // 000000007E80: DA9C0380 100000EA
	ds_load_u16 v17, v234 offset:1408                          // 000000007E88: D8F00580 110000EA
	ds_load_u16_d16_hi v17, v234 offset:1920                   // 000000007E90: DA9C0780 110000EA
	ds_load_u16 v18, v234 offset:2432                          // 000000007E98: D8F00980 120000EA
	ds_load_u16_d16_hi v18, v234 offset:2944                   // 000000007EA0: DA9C0B80 120000EA
	ds_load_u16 v19, v234 offset:3456                          // 000000007EA8: D8F00D80 130000EA
	ds_load_u16_d16_hi v19, v234 offset:3968                   // 000000007EB0: DA9C0F80 130000EA
	v_wmma_f32_16x16x16_bf16 v[152:159], v[8:15], v[225:232], v[152:159]// 000000007EB8: CC414098 1E63C308
	s_waitcnt lgkmcnt(0)                                       // 000000007EC0: BF89FC07
	ds_swizzle_b32 v20, v16 offset:swizzle(SWAP,16)            // 000000007EC4: D8D4401F 14000010
	ds_swizzle_b32 v21, v17 offset:swizzle(SWAP,16)            // 000000007ECC: D8D4401F 15000011
	ds_swizzle_b32 v22, v18 offset:swizzle(SWAP,16)            // 000000007ED4: D8D4401F 16000012
	ds_swizzle_b32 v23, v19 offset:swizzle(SWAP,16)            // 000000007EDC: D8D4401F 17000013
	s_waitcnt lgkmcnt(0)                                       // 000000007EE4: BF89FC07
	ds_load_u16 v225, v234 offset:416                          // 000000007EE8: D8F001A0 E10000EA
	ds_load_u16_d16_hi v225, v234 offset:928                   // 000000007EF0: DA9C03A0 E10000EA
	ds_load_u16 v226, v234 offset:1440                         // 000000007EF8: D8F005A0 E20000EA
	ds_load_u16_d16_hi v226, v234 offset:1952                  // 000000007F00: DA9C07A0 E20000EA
	ds_load_u16 v227, v234 offset:2464                         // 000000007F08: D8F009A0 E30000EA
	ds_load_u16_d16_hi v227, v234 offset:2976                  // 000000007F10: DA9C0BA0 E30000EA
	ds_load_u16 v228, v234 offset:3488                         // 000000007F18: D8F00DA0 E40000EA
	ds_load_u16_d16_hi v228, v234 offset:4000                  // 000000007F20: DA9C0FA0 E40000EA
	v_wmma_f32_16x16x16_bf16 v[160:167], v[8:15], v[16:23], v[160:167]// 000000007F28: CC4140A0 1E822108
	s_waitcnt lgkmcnt(0)                                       // 000000007F30: BF89FC07
	ds_swizzle_b32 v229, v225 offset:swizzle(SWAP,16)          // 000000007F34: D8D4401F E50000E1
	ds_swizzle_b32 v230, v226 offset:swizzle(SWAP,16)          // 000000007F3C: D8D4401F E60000E2
	ds_swizzle_b32 v231, v227 offset:swizzle(SWAP,16)          // 000000007F44: D8D4401F E70000E3
	ds_swizzle_b32 v232, v228 offset:swizzle(SWAP,16)          // 000000007F4C: D8D4401F E80000E4
	s_waitcnt lgkmcnt(0)                                       // 000000007F54: BF89FC07
	ds_load_u16 v16, v234 offset:448                           // 000000007F58: D8F001C0 100000EA
	ds_load_u16_d16_hi v16, v234 offset:960                    // 000000007F60: DA9C03C0 100000EA
	ds_load_u16 v17, v234 offset:1472                          // 000000007F68: D8F005C0 110000EA
	ds_load_u16_d16_hi v17, v234 offset:1984                   // 000000007F70: DA9C07C0 110000EA
	ds_load_u16 v18, v234 offset:2496                          // 000000007F78: D8F009C0 120000EA
	ds_load_u16_d16_hi v18, v234 offset:3008                   // 000000007F80: DA9C0BC0 120000EA
	ds_load_u16 v19, v234 offset:3520                          // 000000007F88: D8F00DC0 130000EA
	ds_load_u16_d16_hi v19, v234 offset:4032                   // 000000007F90: DA9C0FC0 130000EA
	v_wmma_f32_16x16x16_bf16 v[168:175], v[8:15], v[225:232], v[168:175]// 000000007F98: CC4140A8 1EA3C308
	s_waitcnt lgkmcnt(0)                                       // 000000007FA0: BF89FC07
	ds_swizzle_b32 v20, v16 offset:swizzle(SWAP,16)            // 000000007FA4: D8D4401F 14000010
	ds_swizzle_b32 v21, v17 offset:swizzle(SWAP,16)            // 000000007FAC: D8D4401F 15000011
	ds_swizzle_b32 v22, v18 offset:swizzle(SWAP,16)            // 000000007FB4: D8D4401F 16000012
	ds_swizzle_b32 v23, v19 offset:swizzle(SWAP,16)            // 000000007FBC: D8D4401F 17000013
	s_waitcnt lgkmcnt(0)                                       // 000000007FC4: BF89FC07
	ds_load_u16 v225, v234 offset:480                          // 000000007FC8: D8F001E0 E10000EA
	ds_load_u16_d16_hi v225, v234 offset:992                   // 000000007FD0: DA9C03E0 E10000EA
	ds_load_u16 v226, v234 offset:1504                         // 000000007FD8: D8F005E0 E20000EA
	ds_load_u16_d16_hi v226, v234 offset:2016                  // 000000007FE0: DA9C07E0 E20000EA
	ds_load_u16 v227, v234 offset:2528                         // 000000007FE8: D8F009E0 E30000EA
	ds_load_u16_d16_hi v227, v234 offset:3040                  // 000000007FF0: DA9C0BE0 E30000EA
	ds_load_u16 v228, v234 offset:3552                         // 000000007FF8: D8F00DE0 E40000EA
	ds_load_u16_d16_hi v228, v234 offset:4064                  // 000000008000: DA9C0FE0 E40000EA
	v_wmma_f32_16x16x16_bf16 v[176:183], v[8:15], v[16:23], v[176:183]// 000000008008: CC4140B0 1EC22108
	s_waitcnt lgkmcnt(0)                                       // 000000008010: BF89FC07
	ds_swizzle_b32 v229, v225 offset:swizzle(SWAP,16)          // 000000008014: D8D4401F E50000E1
	ds_swizzle_b32 v230, v226 offset:swizzle(SWAP,16)          // 00000000801C: D8D4401F E60000E2
	ds_swizzle_b32 v231, v227 offset:swizzle(SWAP,16)          // 000000008024: D8D4401F E70000E3
	ds_swizzle_b32 v232, v228 offset:swizzle(SWAP,16)          // 00000000802C: D8D4401F E80000E4
	s_waitcnt lgkmcnt(0)                                       // 000000008034: BF89FC07
	v_wmma_f32_16x16x16_bf16 v[184:191], v[8:15], v[225:232], v[184:191]// 000000008038: CC4140B8 1EE3C308
	ds_load_b128 v[8:11], v233 offset:96                       // 000000008040: DBFC0060 080000E9
	s_waitcnt lgkmcnt(0)                                       // 000000008048: BF89FC07
	ds_swizzle_b32 v12, v8 offset:swizzle(SWAP,16)             // 00000000804C: D8D4401F 0C000008
	ds_swizzle_b32 v13, v9 offset:swizzle(SWAP,16)             // 000000008054: D8D4401F 0D000009
	ds_swizzle_b32 v14, v10 offset:swizzle(SWAP,16)            // 00000000805C: D8D4401F 0E00000A
	ds_swizzle_b32 v15, v11 offset:swizzle(SWAP,16)            // 000000008064: D8D4401F 0F00000B
	s_waitcnt lgkmcnt(0)                                       // 00000000806C: BF89FC07
	v_lshlrev_b32_e32 v234, 12, v4                             // 000000008070: 31D4088C
	v_lshl_add_u32 v234, v3, 1, v234                           // 000000008074: D64600EA 07A90303
	v_add_nc_u32_e32 v234, 0xe000, v234                        // 00000000807C: 4BD5D4FF 0000E000
	ds_load_u16 v16, v234                                      // 000000008084: D8F00000 100000EA
	ds_load_u16_d16_hi v16, v234 offset:512                    // 00000000808C: DA9C0200 100000EA
	ds_load_u16 v17, v234 offset:1024                          // 000000008094: D8F00400 110000EA
	ds_load_u16_d16_hi v17, v234 offset:1536                   // 00000000809C: DA9C0600 110000EA
	ds_load_u16 v18, v234 offset:2048                          // 0000000080A4: D8F00800 120000EA
	ds_load_u16_d16_hi v18, v234 offset:2560                   // 0000000080AC: DA9C0A00 120000EA
	ds_load_u16 v19, v234 offset:3072                          // 0000000080B4: D8F00C00 130000EA
	ds_load_u16_d16_hi v19, v234 offset:3584                   // 0000000080BC: DA9C0E00 130000EA
	s_waitcnt lgkmcnt(0)                                       // 0000000080C4: BF89FC07
	ds_swizzle_b32 v20, v16 offset:swizzle(SWAP,16)            // 0000000080C8: D8D4401F 14000010
	ds_swizzle_b32 v21, v17 offset:swizzle(SWAP,16)            // 0000000080D0: D8D4401F 15000011
	ds_swizzle_b32 v22, v18 offset:swizzle(SWAP,16)            // 0000000080D8: D8D4401F 16000012
	ds_swizzle_b32 v23, v19 offset:swizzle(SWAP,16)            // 0000000080E0: D8D4401F 17000013
	s_waitcnt lgkmcnt(0)                                       // 0000000080E8: BF89FC07
	ds_load_u16 v225, v234 offset:32                           // 0000000080EC: D8F00020 E10000EA
	ds_load_u16_d16_hi v225, v234 offset:544                   // 0000000080F4: DA9C0220 E10000EA
	ds_load_u16 v226, v234 offset:1056                         // 0000000080FC: D8F00420 E20000EA
	ds_load_u16_d16_hi v226, v234 offset:1568                  // 000000008104: DA9C0620 E20000EA
	ds_load_u16 v227, v234 offset:2080                         // 00000000810C: D8F00820 E30000EA
	ds_load_u16_d16_hi v227, v234 offset:2592                  // 000000008114: DA9C0A20 E30000EA
	ds_load_u16 v228, v234 offset:3104                         // 00000000811C: D8F00C20 E40000EA
	ds_load_u16_d16_hi v228, v234 offset:3616                  // 000000008124: DA9C0E20 E40000EA
	v_wmma_f32_16x16x16_bf16 v[64:71], v[8:15], v[16:23], v[64:71]// 00000000812C: CC414040 1D022108
	s_waitcnt lgkmcnt(0)                                       // 000000008134: BF89FC07
	ds_swizzle_b32 v229, v225 offset:swizzle(SWAP,16)          // 000000008138: D8D4401F E50000E1
	ds_swizzle_b32 v230, v226 offset:swizzle(SWAP,16)          // 000000008140: D8D4401F E60000E2
	ds_swizzle_b32 v231, v227 offset:swizzle(SWAP,16)          // 000000008148: D8D4401F E70000E3
	ds_swizzle_b32 v232, v228 offset:swizzle(SWAP,16)          // 000000008150: D8D4401F E80000E4
	s_waitcnt lgkmcnt(0)                                       // 000000008158: BF89FC07
	ds_load_u16 v16, v234 offset:64                            // 00000000815C: D8F00040 100000EA
	ds_load_u16_d16_hi v16, v234 offset:576                    // 000000008164: DA9C0240 100000EA
	ds_load_u16 v17, v234 offset:1088                          // 00000000816C: D8F00440 110000EA
	ds_load_u16_d16_hi v17, v234 offset:1600                   // 000000008174: DA9C0640 110000EA
	ds_load_u16 v18, v234 offset:2112                          // 00000000817C: D8F00840 120000EA
	ds_load_u16_d16_hi v18, v234 offset:2624                   // 000000008184: DA9C0A40 120000EA
	ds_load_u16 v19, v234 offset:3136                          // 00000000818C: D8F00C40 130000EA
	ds_load_u16_d16_hi v19, v234 offset:3648                   // 000000008194: DA9C0E40 130000EA
	v_wmma_f32_16x16x16_bf16 v[72:79], v[8:15], v[225:232], v[72:79]// 00000000819C: CC414048 1D23C308
	s_waitcnt lgkmcnt(0)                                       // 0000000081A4: BF89FC07
	ds_swizzle_b32 v20, v16 offset:swizzle(SWAP,16)            // 0000000081A8: D8D4401F 14000010
	ds_swizzle_b32 v21, v17 offset:swizzle(SWAP,16)            // 0000000081B0: D8D4401F 15000011
	ds_swizzle_b32 v22, v18 offset:swizzle(SWAP,16)            // 0000000081B8: D8D4401F 16000012
	ds_swizzle_b32 v23, v19 offset:swizzle(SWAP,16)            // 0000000081C0: D8D4401F 17000013
	s_waitcnt lgkmcnt(0)                                       // 0000000081C8: BF89FC07
	ds_load_u16 v225, v234 offset:96                           // 0000000081CC: D8F00060 E10000EA
	ds_load_u16_d16_hi v225, v234 offset:608                   // 0000000081D4: DA9C0260 E10000EA
	ds_load_u16 v226, v234 offset:1120                         // 0000000081DC: D8F00460 E20000EA
	ds_load_u16_d16_hi v226, v234 offset:1632                  // 0000000081E4: DA9C0660 E20000EA
	ds_load_u16 v227, v234 offset:2144                         // 0000000081EC: D8F00860 E30000EA
	ds_load_u16_d16_hi v227, v234 offset:2656                  // 0000000081F4: DA9C0A60 E30000EA
	ds_load_u16 v228, v234 offset:3168                         // 0000000081FC: D8F00C60 E40000EA
	ds_load_u16_d16_hi v228, v234 offset:3680                  // 000000008204: DA9C0E60 E40000EA
	v_wmma_f32_16x16x16_bf16 v[80:87], v[8:15], v[16:23], v[80:87]// 00000000820C: CC414050 1D422108
	s_waitcnt lgkmcnt(0)                                       // 000000008214: BF89FC07
	ds_swizzle_b32 v229, v225 offset:swizzle(SWAP,16)          // 000000008218: D8D4401F E50000E1
	ds_swizzle_b32 v230, v226 offset:swizzle(SWAP,16)          // 000000008220: D8D4401F E60000E2
	ds_swizzle_b32 v231, v227 offset:swizzle(SWAP,16)          // 000000008228: D8D4401F E70000E3
	ds_swizzle_b32 v232, v228 offset:swizzle(SWAP,16)          // 000000008230: D8D4401F E80000E4
	s_waitcnt lgkmcnt(0)                                       // 000000008238: BF89FC07
	ds_load_u16 v16, v234 offset:128                           // 00000000823C: D8F00080 100000EA
	ds_load_u16_d16_hi v16, v234 offset:640                    // 000000008244: DA9C0280 100000EA
	ds_load_u16 v17, v234 offset:1152                          // 00000000824C: D8F00480 110000EA
	ds_load_u16_d16_hi v17, v234 offset:1664                   // 000000008254: DA9C0680 110000EA
	ds_load_u16 v18, v234 offset:2176                          // 00000000825C: D8F00880 120000EA
	ds_load_u16_d16_hi v18, v234 offset:2688                   // 000000008264: DA9C0A80 120000EA
	ds_load_u16 v19, v234 offset:3200                          // 00000000826C: D8F00C80 130000EA
	ds_load_u16_d16_hi v19, v234 offset:3712                   // 000000008274: DA9C0E80 130000EA
	v_wmma_f32_16x16x16_bf16 v[88:95], v[8:15], v[225:232], v[88:95]// 00000000827C: CC414058 1D63C308
	s_waitcnt lgkmcnt(0)                                       // 000000008284: BF89FC07
	ds_swizzle_b32 v20, v16 offset:swizzle(SWAP,16)            // 000000008288: D8D4401F 14000010
	ds_swizzle_b32 v21, v17 offset:swizzle(SWAP,16)            // 000000008290: D8D4401F 15000011
	ds_swizzle_b32 v22, v18 offset:swizzle(SWAP,16)            // 000000008298: D8D4401F 16000012
	ds_swizzle_b32 v23, v19 offset:swizzle(SWAP,16)            // 0000000082A0: D8D4401F 17000013
	s_waitcnt lgkmcnt(0)                                       // 0000000082A8: BF89FC07
	ds_load_u16 v225, v234 offset:160                          // 0000000082AC: D8F000A0 E10000EA
	ds_load_u16_d16_hi v225, v234 offset:672                   // 0000000082B4: DA9C02A0 E10000EA
	ds_load_u16 v226, v234 offset:1184                         // 0000000082BC: D8F004A0 E20000EA
	ds_load_u16_d16_hi v226, v234 offset:1696                  // 0000000082C4: DA9C06A0 E20000EA
	ds_load_u16 v227, v234 offset:2208                         // 0000000082CC: D8F008A0 E30000EA
	ds_load_u16_d16_hi v227, v234 offset:2720                  // 0000000082D4: DA9C0AA0 E30000EA
	ds_load_u16 v228, v234 offset:3232                         // 0000000082DC: D8F00CA0 E40000EA
	ds_load_u16_d16_hi v228, v234 offset:3744                  // 0000000082E4: DA9C0EA0 E40000EA
	v_wmma_f32_16x16x16_bf16 v[96:103], v[8:15], v[16:23], v[96:103]// 0000000082EC: CC414060 1D822108
	s_waitcnt lgkmcnt(0)                                       // 0000000082F4: BF89FC07
	ds_swizzle_b32 v229, v225 offset:swizzle(SWAP,16)          // 0000000082F8: D8D4401F E50000E1
	ds_swizzle_b32 v230, v226 offset:swizzle(SWAP,16)          // 000000008300: D8D4401F E60000E2
	ds_swizzle_b32 v231, v227 offset:swizzle(SWAP,16)          // 000000008308: D8D4401F E70000E3
	ds_swizzle_b32 v232, v228 offset:swizzle(SWAP,16)          // 000000008310: D8D4401F E80000E4
	s_waitcnt lgkmcnt(0)                                       // 000000008318: BF89FC07
	ds_load_u16 v16, v234 offset:192                           // 00000000831C: D8F000C0 100000EA
	ds_load_u16_d16_hi v16, v234 offset:704                    // 000000008324: DA9C02C0 100000EA
	ds_load_u16 v17, v234 offset:1216                          // 00000000832C: D8F004C0 110000EA
	ds_load_u16_d16_hi v17, v234 offset:1728                   // 000000008334: DA9C06C0 110000EA
	ds_load_u16 v18, v234 offset:2240                          // 00000000833C: D8F008C0 120000EA
	ds_load_u16_d16_hi v18, v234 offset:2752                   // 000000008344: DA9C0AC0 120000EA
	ds_load_u16 v19, v234 offset:3264                          // 00000000834C: D8F00CC0 130000EA
	ds_load_u16_d16_hi v19, v234 offset:3776                   // 000000008354: DA9C0EC0 130000EA
	v_wmma_f32_16x16x16_bf16 v[104:111], v[8:15], v[225:232], v[104:111]// 00000000835C: CC414068 1DA3C308
	s_waitcnt lgkmcnt(0)                                       // 000000008364: BF89FC07
	ds_swizzle_b32 v20, v16 offset:swizzle(SWAP,16)            // 000000008368: D8D4401F 14000010
	ds_swizzle_b32 v21, v17 offset:swizzle(SWAP,16)            // 000000008370: D8D4401F 15000011
	ds_swizzle_b32 v22, v18 offset:swizzle(SWAP,16)            // 000000008378: D8D4401F 16000012
	ds_swizzle_b32 v23, v19 offset:swizzle(SWAP,16)            // 000000008380: D8D4401F 17000013
	s_waitcnt lgkmcnt(0)                                       // 000000008388: BF89FC07
	ds_load_u16 v225, v234 offset:224                          // 00000000838C: D8F000E0 E10000EA
	ds_load_u16_d16_hi v225, v234 offset:736                   // 000000008394: DA9C02E0 E10000EA
	ds_load_u16 v226, v234 offset:1248                         // 00000000839C: D8F004E0 E20000EA
	ds_load_u16_d16_hi v226, v234 offset:1760                  // 0000000083A4: DA9C06E0 E20000EA
	ds_load_u16 v227, v234 offset:2272                         // 0000000083AC: D8F008E0 E30000EA
	ds_load_u16_d16_hi v227, v234 offset:2784                  // 0000000083B4: DA9C0AE0 E30000EA
	ds_load_u16 v228, v234 offset:3296                         // 0000000083BC: D8F00CE0 E40000EA
	ds_load_u16_d16_hi v228, v234 offset:3808                  // 0000000083C4: DA9C0EE0 E40000EA
	v_wmma_f32_16x16x16_bf16 v[112:119], v[8:15], v[16:23], v[112:119]// 0000000083CC: CC414070 1DC22108
	s_waitcnt lgkmcnt(0)                                       // 0000000083D4: BF89FC07
	ds_swizzle_b32 v229, v225 offset:swizzle(SWAP,16)          // 0000000083D8: D8D4401F E50000E1
	ds_swizzle_b32 v230, v226 offset:swizzle(SWAP,16)          // 0000000083E0: D8D4401F E60000E2
	ds_swizzle_b32 v231, v227 offset:swizzle(SWAP,16)          // 0000000083E8: D8D4401F E70000E3
	ds_swizzle_b32 v232, v228 offset:swizzle(SWAP,16)          // 0000000083F0: D8D4401F E80000E4
	s_waitcnt lgkmcnt(0)                                       // 0000000083F8: BF89FC07
	ds_load_u16 v16, v234 offset:256                           // 0000000083FC: D8F00100 100000EA
	ds_load_u16_d16_hi v16, v234 offset:768                    // 000000008404: DA9C0300 100000EA
	ds_load_u16 v17, v234 offset:1280                          // 00000000840C: D8F00500 110000EA
	ds_load_u16_d16_hi v17, v234 offset:1792                   // 000000008414: DA9C0700 110000EA
	ds_load_u16 v18, v234 offset:2304                          // 00000000841C: D8F00900 120000EA
	ds_load_u16_d16_hi v18, v234 offset:2816                   // 000000008424: DA9C0B00 120000EA
	ds_load_u16 v19, v234 offset:3328                          // 00000000842C: D8F00D00 130000EA
	ds_load_u16_d16_hi v19, v234 offset:3840                   // 000000008434: DA9C0F00 130000EA
	v_wmma_f32_16x16x16_bf16 v[120:127], v[8:15], v[225:232], v[120:127]// 00000000843C: CC414078 1DE3C308
	s_waitcnt lgkmcnt(0)                                       // 000000008444: BF89FC07
	ds_swizzle_b32 v20, v16 offset:swizzle(SWAP,16)            // 000000008448: D8D4401F 14000010
	ds_swizzle_b32 v21, v17 offset:swizzle(SWAP,16)            // 000000008450: D8D4401F 15000011
	ds_swizzle_b32 v22, v18 offset:swizzle(SWAP,16)            // 000000008458: D8D4401F 16000012
	ds_swizzle_b32 v23, v19 offset:swizzle(SWAP,16)            // 000000008460: D8D4401F 17000013
	s_waitcnt lgkmcnt(0)                                       // 000000008468: BF89FC07
	ds_load_u16 v225, v234 offset:288                          // 00000000846C: D8F00120 E10000EA
	ds_load_u16_d16_hi v225, v234 offset:800                   // 000000008474: DA9C0320 E10000EA
	ds_load_u16 v226, v234 offset:1312                         // 00000000847C: D8F00520 E20000EA
	ds_load_u16_d16_hi v226, v234 offset:1824                  // 000000008484: DA9C0720 E20000EA
	ds_load_u16 v227, v234 offset:2336                         // 00000000848C: D8F00920 E30000EA
	ds_load_u16_d16_hi v227, v234 offset:2848                  // 000000008494: DA9C0B20 E30000EA
	ds_load_u16 v228, v234 offset:3360                         // 00000000849C: D8F00D20 E40000EA
	ds_load_u16_d16_hi v228, v234 offset:3872                  // 0000000084A4: DA9C0F20 E40000EA
	v_wmma_f32_16x16x16_bf16 v[128:135], v[8:15], v[16:23], v[128:135]// 0000000084AC: CC414080 1E022108
	s_waitcnt lgkmcnt(0)                                       // 0000000084B4: BF89FC07
	ds_swizzle_b32 v229, v225 offset:swizzle(SWAP,16)          // 0000000084B8: D8D4401F E50000E1
	ds_swizzle_b32 v230, v226 offset:swizzle(SWAP,16)          // 0000000084C0: D8D4401F E60000E2
	ds_swizzle_b32 v231, v227 offset:swizzle(SWAP,16)          // 0000000084C8: D8D4401F E70000E3
	ds_swizzle_b32 v232, v228 offset:swizzle(SWAP,16)          // 0000000084D0: D8D4401F E80000E4
	s_waitcnt lgkmcnt(0)                                       // 0000000084D8: BF89FC07
	ds_load_u16 v16, v234 offset:320                           // 0000000084DC: D8F00140 100000EA
	ds_load_u16_d16_hi v16, v234 offset:832                    // 0000000084E4: DA9C0340 100000EA
	ds_load_u16 v17, v234 offset:1344                          // 0000000084EC: D8F00540 110000EA
	ds_load_u16_d16_hi v17, v234 offset:1856                   // 0000000084F4: DA9C0740 110000EA
	ds_load_u16 v18, v234 offset:2368                          // 0000000084FC: D8F00940 120000EA
	ds_load_u16_d16_hi v18, v234 offset:2880                   // 000000008504: DA9C0B40 120000EA
	ds_load_u16 v19, v234 offset:3392                          // 00000000850C: D8F00D40 130000EA
	ds_load_u16_d16_hi v19, v234 offset:3904                   // 000000008514: DA9C0F40 130000EA
	v_wmma_f32_16x16x16_bf16 v[136:143], v[8:15], v[225:232], v[136:143]// 00000000851C: CC414088 1E23C308
	s_waitcnt lgkmcnt(0)                                       // 000000008524: BF89FC07
	ds_swizzle_b32 v20, v16 offset:swizzle(SWAP,16)            // 000000008528: D8D4401F 14000010
	ds_swizzle_b32 v21, v17 offset:swizzle(SWAP,16)            // 000000008530: D8D4401F 15000011
	ds_swizzle_b32 v22, v18 offset:swizzle(SWAP,16)            // 000000008538: D8D4401F 16000012
	ds_swizzle_b32 v23, v19 offset:swizzle(SWAP,16)            // 000000008540: D8D4401F 17000013
	s_waitcnt lgkmcnt(0)                                       // 000000008548: BF89FC07
	ds_load_u16 v225, v234 offset:352                          // 00000000854C: D8F00160 E10000EA
	ds_load_u16_d16_hi v225, v234 offset:864                   // 000000008554: DA9C0360 E10000EA
	ds_load_u16 v226, v234 offset:1376                         // 00000000855C: D8F00560 E20000EA
	ds_load_u16_d16_hi v226, v234 offset:1888                  // 000000008564: DA9C0760 E20000EA
	ds_load_u16 v227, v234 offset:2400                         // 00000000856C: D8F00960 E30000EA
	ds_load_u16_d16_hi v227, v234 offset:2912                  // 000000008574: DA9C0B60 E30000EA
	ds_load_u16 v228, v234 offset:3424                         // 00000000857C: D8F00D60 E40000EA
	ds_load_u16_d16_hi v228, v234 offset:3936                  // 000000008584: DA9C0F60 E40000EA
	v_wmma_f32_16x16x16_bf16 v[144:151], v[8:15], v[16:23], v[144:151]// 00000000858C: CC414090 1E422108
	s_waitcnt lgkmcnt(0)                                       // 000000008594: BF89FC07
	ds_swizzle_b32 v229, v225 offset:swizzle(SWAP,16)          // 000000008598: D8D4401F E50000E1
	ds_swizzle_b32 v230, v226 offset:swizzle(SWAP,16)          // 0000000085A0: D8D4401F E60000E2
	ds_swizzle_b32 v231, v227 offset:swizzle(SWAP,16)          // 0000000085A8: D8D4401F E70000E3
	ds_swizzle_b32 v232, v228 offset:swizzle(SWAP,16)          // 0000000085B0: D8D4401F E80000E4
	s_waitcnt lgkmcnt(0)                                       // 0000000085B8: BF89FC07
	ds_load_u16 v16, v234 offset:384                           // 0000000085BC: D8F00180 100000EA
	ds_load_u16_d16_hi v16, v234 offset:896                    // 0000000085C4: DA9C0380 100000EA
	ds_load_u16 v17, v234 offset:1408                          // 0000000085CC: D8F00580 110000EA
	ds_load_u16_d16_hi v17, v234 offset:1920                   // 0000000085D4: DA9C0780 110000EA
	ds_load_u16 v18, v234 offset:2432                          // 0000000085DC: D8F00980 120000EA
	ds_load_u16_d16_hi v18, v234 offset:2944                   // 0000000085E4: DA9C0B80 120000EA
	ds_load_u16 v19, v234 offset:3456                          // 0000000085EC: D8F00D80 130000EA
	ds_load_u16_d16_hi v19, v234 offset:3968                   // 0000000085F4: DA9C0F80 130000EA
	v_wmma_f32_16x16x16_bf16 v[152:159], v[8:15], v[225:232], v[152:159]// 0000000085FC: CC414098 1E63C308
	s_waitcnt lgkmcnt(0)                                       // 000000008604: BF89FC07
	ds_swizzle_b32 v20, v16 offset:swizzle(SWAP,16)            // 000000008608: D8D4401F 14000010
	ds_swizzle_b32 v21, v17 offset:swizzle(SWAP,16)            // 000000008610: D8D4401F 15000011
	ds_swizzle_b32 v22, v18 offset:swizzle(SWAP,16)            // 000000008618: D8D4401F 16000012
	ds_swizzle_b32 v23, v19 offset:swizzle(SWAP,16)            // 000000008620: D8D4401F 17000013
	s_waitcnt lgkmcnt(0)                                       // 000000008628: BF89FC07
	ds_load_u16 v225, v234 offset:416                          // 00000000862C: D8F001A0 E10000EA
	ds_load_u16_d16_hi v225, v234 offset:928                   // 000000008634: DA9C03A0 E10000EA
	ds_load_u16 v226, v234 offset:1440                         // 00000000863C: D8F005A0 E20000EA
	ds_load_u16_d16_hi v226, v234 offset:1952                  // 000000008644: DA9C07A0 E20000EA
	ds_load_u16 v227, v234 offset:2464                         // 00000000864C: D8F009A0 E30000EA
	ds_load_u16_d16_hi v227, v234 offset:2976                  // 000000008654: DA9C0BA0 E30000EA
	ds_load_u16 v228, v234 offset:3488                         // 00000000865C: D8F00DA0 E40000EA
	ds_load_u16_d16_hi v228, v234 offset:4000                  // 000000008664: DA9C0FA0 E40000EA
	v_wmma_f32_16x16x16_bf16 v[160:167], v[8:15], v[16:23], v[160:167]// 00000000866C: CC4140A0 1E822108
	s_waitcnt lgkmcnt(0)                                       // 000000008674: BF89FC07
	ds_swizzle_b32 v229, v225 offset:swizzle(SWAP,16)          // 000000008678: D8D4401F E50000E1
	ds_swizzle_b32 v230, v226 offset:swizzle(SWAP,16)          // 000000008680: D8D4401F E60000E2
	ds_swizzle_b32 v231, v227 offset:swizzle(SWAP,16)          // 000000008688: D8D4401F E70000E3
	ds_swizzle_b32 v232, v228 offset:swizzle(SWAP,16)          // 000000008690: D8D4401F E80000E4
	s_waitcnt lgkmcnt(0)                                       // 000000008698: BF89FC07
	ds_load_u16 v16, v234 offset:448                           // 00000000869C: D8F001C0 100000EA
	ds_load_u16_d16_hi v16, v234 offset:960                    // 0000000086A4: DA9C03C0 100000EA
	ds_load_u16 v17, v234 offset:1472                          // 0000000086AC: D8F005C0 110000EA
	ds_load_u16_d16_hi v17, v234 offset:1984                   // 0000000086B4: DA9C07C0 110000EA
	ds_load_u16 v18, v234 offset:2496                          // 0000000086BC: D8F009C0 120000EA
	ds_load_u16_d16_hi v18, v234 offset:3008                   // 0000000086C4: DA9C0BC0 120000EA
	ds_load_u16 v19, v234 offset:3520                          // 0000000086CC: D8F00DC0 130000EA
	ds_load_u16_d16_hi v19, v234 offset:4032                   // 0000000086D4: DA9C0FC0 130000EA
	v_wmma_f32_16x16x16_bf16 v[168:175], v[8:15], v[225:232], v[168:175]// 0000000086DC: CC4140A8 1EA3C308
	s_waitcnt lgkmcnt(0)                                       // 0000000086E4: BF89FC07
	ds_swizzle_b32 v20, v16 offset:swizzle(SWAP,16)            // 0000000086E8: D8D4401F 14000010
	ds_swizzle_b32 v21, v17 offset:swizzle(SWAP,16)            // 0000000086F0: D8D4401F 15000011
	ds_swizzle_b32 v22, v18 offset:swizzle(SWAP,16)            // 0000000086F8: D8D4401F 16000012
	ds_swizzle_b32 v23, v19 offset:swizzle(SWAP,16)            // 000000008700: D8D4401F 17000013
	s_waitcnt lgkmcnt(0)                                       // 000000008708: BF89FC07
	ds_load_u16 v225, v234 offset:480                          // 00000000870C: D8F001E0 E10000EA
	ds_load_u16_d16_hi v225, v234 offset:992                   // 000000008714: DA9C03E0 E10000EA
	ds_load_u16 v226, v234 offset:1504                         // 00000000871C: D8F005E0 E20000EA
	ds_load_u16_d16_hi v226, v234 offset:2016                  // 000000008724: DA9C07E0 E20000EA
	ds_load_u16 v227, v234 offset:2528                         // 00000000872C: D8F009E0 E30000EA
	ds_load_u16_d16_hi v227, v234 offset:3040                  // 000000008734: DA9C0BE0 E30000EA
	ds_load_u16 v228, v234 offset:3552                         // 00000000873C: D8F00DE0 E40000EA
	ds_load_u16_d16_hi v228, v234 offset:4064                  // 000000008744: DA9C0FE0 E40000EA
	v_wmma_f32_16x16x16_bf16 v[176:183], v[8:15], v[16:23], v[176:183]// 00000000874C: CC4140B0 1EC22108
	s_waitcnt lgkmcnt(0)                                       // 000000008754: BF89FC07
	ds_swizzle_b32 v229, v225 offset:swizzle(SWAP,16)          // 000000008758: D8D4401F E50000E1
	ds_swizzle_b32 v230, v226 offset:swizzle(SWAP,16)          // 000000008760: D8D4401F E60000E2
	ds_swizzle_b32 v231, v227 offset:swizzle(SWAP,16)          // 000000008768: D8D4401F E70000E3
	ds_swizzle_b32 v232, v228 offset:swizzle(SWAP,16)          // 000000008770: D8D4401F E80000E4
	s_waitcnt lgkmcnt(0)                                       // 000000008778: BF89FC07
	v_wmma_f32_16x16x16_bf16 v[184:191], v[8:15], v[225:232], v[184:191]// 00000000877C: CC4140B8 1EE3C308
	v_lshlrev_b32_e32 v229, 4, v1                              // 000000008784: 31CA0284
	s_add_u32 s28, s28, 64                                     // 000000008788: 801CC01C
	s_cmp_lt_u32 s28, s27                                      // 00000000878C: BF0A1B1C
	s_cbranch_scc1 58667                                       // 000000008790: BFA2E52B <extend_attention_wmma_n64_gfx1151+0x340>
	v_rcp_f32_e32 v56, v40                                     // 000000008794: 7E705528
	v_rcp_f32_e32 v57, v41                                     // 000000008798: 7E725529
	v_rcp_f32_e32 v58, v42                                     // 00000000879C: 7E74552A
	v_rcp_f32_e32 v59, v43                                     // 0000000087A0: 7E76552B
	v_rcp_f32_e32 v60, v44                                     // 0000000087A4: 7E78552C
	v_rcp_f32_e32 v61, v45                                     // 0000000087A8: 7E7A552D
	v_rcp_f32_e32 v62, v46                                     // 0000000087AC: 7E7C552E
	v_rcp_f32_e32 v63, v47                                     // 0000000087B0: 7E7E552F
	v_mul_f32_e32 v238, v64, v56                               // 0000000087B4: 11DC7140
	v_lshrrev_b32_e32 v239, 16, v238                           // 0000000087B8: 33DFDC90
	v_and_b32_e32 v239, 1, v239                                // 0000000087BC: 37DFDE81
	v_add_nc_u32_e32 v240, 0x7fff, v238                        // 0000000087C0: 4BE1DCFF 00007FFF
	v_add_nc_u32_e32 v240, v239, v240                          // 0000000087C8: 4BE1E1EF
	v_lshrrev_b32_e32 v240, 16, v240                           // 0000000087CC: 33E1E090
	v_add_nc_u32_e32 v241, 0, v6                               // 0000000087D0: 4BE20C80
	v_lshlrev_b32_e32 v242, 13, v241                           // 0000000087D4: 31E5E28D
	v_add_nc_u32_e32 v242, s24, v242                           // 0000000087D8: 4BE5E418
	v_lshl_add_u32 v242, v3, 1, v242                           // 0000000087DC: D64600F2 07C90303
	v_add_nc_u32_e32 v242, 0, v242                             // 0000000087E4: 4BE5E480
	v_cmp_gt_u32_e32 vcc_lo, s18, v241                         // 0000000087E8: 7C99E212
	s_and_saveexec_b32 s42, vcc_lo                             // 0000000087EC: BEAA206A
	global_store_b16 v242, v240, s[10:11]                      // 0000000087F0: DC660000 000AF0F2
	s_mov_b32 exec_lo, s42                                     // 0000000087F8: BEFE002A
	v_mul_f32_e32 v238, v65, v57                               // 0000000087FC: 11DC7341
	v_lshrrev_b32_e32 v239, 16, v238                           // 000000008800: 33DFDC90
	v_and_b32_e32 v239, 1, v239                                // 000000008804: 37DFDE81
	v_add_nc_u32_e32 v240, 0x7fff, v238                        // 000000008808: 4BE1DCFF 00007FFF
	v_add_nc_u32_e32 v240, v239, v240                          // 000000008810: 4BE1E1EF
	v_lshrrev_b32_e32 v240, 16, v240                           // 000000008814: 33E1E090
	v_add_nc_u32_e32 v241, 2, v6                               // 000000008818: 4BE20C82
	v_lshlrev_b32_e32 v242, 13, v241                           // 00000000881C: 31E5E28D
	v_add_nc_u32_e32 v242, s24, v242                           // 000000008820: 4BE5E418
	v_lshl_add_u32 v242, v3, 1, v242                           // 000000008824: D64600F2 07C90303
	v_add_nc_u32_e32 v242, 0, v242                             // 00000000882C: 4BE5E480
	v_cmp_gt_u32_e32 vcc_lo, s18, v241                         // 000000008830: 7C99E212
	s_and_saveexec_b32 s42, vcc_lo                             // 000000008834: BEAA206A
	global_store_b16 v242, v240, s[10:11]                      // 000000008838: DC660000 000AF0F2
	s_mov_b32 exec_lo, s42                                     // 000000008840: BEFE002A
	v_mul_f32_e32 v238, v66, v58                               // 000000008844: 11DC7542
	v_lshrrev_b32_e32 v239, 16, v238                           // 000000008848: 33DFDC90
	v_and_b32_e32 v239, 1, v239                                // 00000000884C: 37DFDE81
	v_add_nc_u32_e32 v240, 0x7fff, v238                        // 000000008850: 4BE1DCFF 00007FFF
	v_add_nc_u32_e32 v240, v239, v240                          // 000000008858: 4BE1E1EF
	v_lshrrev_b32_e32 v240, 16, v240                           // 00000000885C: 33E1E090
	v_add_nc_u32_e32 v241, 4, v6                               // 000000008860: 4BE20C84
	v_lshlrev_b32_e32 v242, 13, v241                           // 000000008864: 31E5E28D
	v_add_nc_u32_e32 v242, s24, v242                           // 000000008868: 4BE5E418
	v_lshl_add_u32 v242, v3, 1, v242                           // 00000000886C: D64600F2 07C90303
	v_add_nc_u32_e32 v242, 0, v242                             // 000000008874: 4BE5E480
	v_cmp_gt_u32_e32 vcc_lo, s18, v241                         // 000000008878: 7C99E212
	s_and_saveexec_b32 s42, vcc_lo                             // 00000000887C: BEAA206A
	global_store_b16 v242, v240, s[10:11]                      // 000000008880: DC660000 000AF0F2
	s_mov_b32 exec_lo, s42                                     // 000000008888: BEFE002A
	v_mul_f32_e32 v238, v67, v59                               // 00000000888C: 11DC7743
	v_lshrrev_b32_e32 v239, 16, v238                           // 000000008890: 33DFDC90
	v_and_b32_e32 v239, 1, v239                                // 000000008894: 37DFDE81
	v_add_nc_u32_e32 v240, 0x7fff, v238                        // 000000008898: 4BE1DCFF 00007FFF
	v_add_nc_u32_e32 v240, v239, v240                          // 0000000088A0: 4BE1E1EF
	v_lshrrev_b32_e32 v240, 16, v240                           // 0000000088A4: 33E1E090
	v_add_nc_u32_e32 v241, 6, v6                               // 0000000088A8: 4BE20C86
	v_lshlrev_b32_e32 v242, 13, v241                           // 0000000088AC: 31E5E28D
	v_add_nc_u32_e32 v242, s24, v242                           // 0000000088B0: 4BE5E418
	v_lshl_add_u32 v242, v3, 1, v242                           // 0000000088B4: D64600F2 07C90303
	v_add_nc_u32_e32 v242, 0, v242                             // 0000000088BC: 4BE5E480
	v_cmp_gt_u32_e32 vcc_lo, s18, v241                         // 0000000088C0: 7C99E212
	s_and_saveexec_b32 s42, vcc_lo                             // 0000000088C4: BEAA206A
	global_store_b16 v242, v240, s[10:11]                      // 0000000088C8: DC660000 000AF0F2
	s_mov_b32 exec_lo, s42                                     // 0000000088D0: BEFE002A
	v_mul_f32_e32 v238, v68, v60                               // 0000000088D4: 11DC7944
	v_lshrrev_b32_e32 v239, 16, v238                           // 0000000088D8: 33DFDC90
	v_and_b32_e32 v239, 1, v239                                // 0000000088DC: 37DFDE81
	v_add_nc_u32_e32 v240, 0x7fff, v238                        // 0000000088E0: 4BE1DCFF 00007FFF
	v_add_nc_u32_e32 v240, v239, v240                          // 0000000088E8: 4BE1E1EF
	v_lshrrev_b32_e32 v240, 16, v240                           // 0000000088EC: 33E1E090
	v_add_nc_u32_e32 v241, 8, v6                               // 0000000088F0: 4BE20C88
	v_lshlrev_b32_e32 v242, 13, v241                           // 0000000088F4: 31E5E28D
	v_add_nc_u32_e32 v242, s24, v242                           // 0000000088F8: 4BE5E418
	v_lshl_add_u32 v242, v3, 1, v242                           // 0000000088FC: D64600F2 07C90303
	v_add_nc_u32_e32 v242, 0, v242                             // 000000008904: 4BE5E480
	v_cmp_gt_u32_e32 vcc_lo, s18, v241                         // 000000008908: 7C99E212
	s_and_saveexec_b32 s42, vcc_lo                             // 00000000890C: BEAA206A
	global_store_b16 v242, v240, s[10:11]                      // 000000008910: DC660000 000AF0F2
	s_mov_b32 exec_lo, s42                                     // 000000008918: BEFE002A
	v_mul_f32_e32 v238, v69, v61                               // 00000000891C: 11DC7B45
	v_lshrrev_b32_e32 v239, 16, v238                           // 000000008920: 33DFDC90
	v_and_b32_e32 v239, 1, v239                                // 000000008924: 37DFDE81
	v_add_nc_u32_e32 v240, 0x7fff, v238                        // 000000008928: 4BE1DCFF 00007FFF
	v_add_nc_u32_e32 v240, v239, v240                          // 000000008930: 4BE1E1EF
	v_lshrrev_b32_e32 v240, 16, v240                           // 000000008934: 33E1E090
	v_add_nc_u32_e32 v241, 10, v6                              // 000000008938: 4BE20C8A
	v_lshlrev_b32_e32 v242, 13, v241                           // 00000000893C: 31E5E28D
	v_add_nc_u32_e32 v242, s24, v242                           // 000000008940: 4BE5E418
	v_lshl_add_u32 v242, v3, 1, v242                           // 000000008944: D64600F2 07C90303
	v_add_nc_u32_e32 v242, 0, v242                             // 00000000894C: 4BE5E480
	v_cmp_gt_u32_e32 vcc_lo, s18, v241                         // 000000008950: 7C99E212
	s_and_saveexec_b32 s42, vcc_lo                             // 000000008954: BEAA206A
	global_store_b16 v242, v240, s[10:11]                      // 000000008958: DC660000 000AF0F2
	s_mov_b32 exec_lo, s42                                     // 000000008960: BEFE002A
	v_mul_f32_e32 v238, v70, v62                               // 000000008964: 11DC7D46
	v_lshrrev_b32_e32 v239, 16, v238                           // 000000008968: 33DFDC90
	v_and_b32_e32 v239, 1, v239                                // 00000000896C: 37DFDE81
	v_add_nc_u32_e32 v240, 0x7fff, v238                        // 000000008970: 4BE1DCFF 00007FFF
	v_add_nc_u32_e32 v240, v239, v240                          // 000000008978: 4BE1E1EF
	v_lshrrev_b32_e32 v240, 16, v240                           // 00000000897C: 33E1E090
	v_add_nc_u32_e32 v241, 12, v6                              // 000000008980: 4BE20C8C
	v_lshlrev_b32_e32 v242, 13, v241                           // 000000008984: 31E5E28D
	v_add_nc_u32_e32 v242, s24, v242                           // 000000008988: 4BE5E418
	v_lshl_add_u32 v242, v3, 1, v242                           // 00000000898C: D64600F2 07C90303
	v_add_nc_u32_e32 v242, 0, v242                             // 000000008994: 4BE5E480
	v_cmp_gt_u32_e32 vcc_lo, s18, v241                         // 000000008998: 7C99E212
	s_and_saveexec_b32 s42, vcc_lo                             // 00000000899C: BEAA206A
	global_store_b16 v242, v240, s[10:11]                      // 0000000089A0: DC660000 000AF0F2
	s_mov_b32 exec_lo, s42                                     // 0000000089A8: BEFE002A
	v_mul_f32_e32 v238, v71, v63                               // 0000000089AC: 11DC7F47
	v_lshrrev_b32_e32 v239, 16, v238                           // 0000000089B0: 33DFDC90
	v_and_b32_e32 v239, 1, v239                                // 0000000089B4: 37DFDE81
	v_add_nc_u32_e32 v240, 0x7fff, v238                        // 0000000089B8: 4BE1DCFF 00007FFF
	v_add_nc_u32_e32 v240, v239, v240                          // 0000000089C0: 4BE1E1EF
	v_lshrrev_b32_e32 v240, 16, v240                           // 0000000089C4: 33E1E090
	v_add_nc_u32_e32 v241, 14, v6                              // 0000000089C8: 4BE20C8E
	v_lshlrev_b32_e32 v242, 13, v241                           // 0000000089CC: 31E5E28D
	v_add_nc_u32_e32 v242, s24, v242                           // 0000000089D0: 4BE5E418
	v_lshl_add_u32 v242, v3, 1, v242                           // 0000000089D4: D64600F2 07C90303
	v_add_nc_u32_e32 v242, 0, v242                             // 0000000089DC: 4BE5E480
	v_cmp_gt_u32_e32 vcc_lo, s18, v241                         // 0000000089E0: 7C99E212
	s_and_saveexec_b32 s42, vcc_lo                             // 0000000089E4: BEAA206A
	global_store_b16 v242, v240, s[10:11]                      // 0000000089E8: DC660000 000AF0F2
	s_mov_b32 exec_lo, s42                                     // 0000000089F0: BEFE002A
	v_mul_f32_e32 v238, v72, v56                               // 0000000089F4: 11DC7148
	v_lshrrev_b32_e32 v239, 16, v238                           // 0000000089F8: 33DFDC90
	v_and_b32_e32 v239, 1, v239                                // 0000000089FC: 37DFDE81
	v_add_nc_u32_e32 v240, 0x7fff, v238                        // 000000008A00: 4BE1DCFF 00007FFF
	v_add_nc_u32_e32 v240, v239, v240                          // 000000008A08: 4BE1E1EF
	v_lshrrev_b32_e32 v240, 16, v240                           // 000000008A0C: 33E1E090
	v_add_nc_u32_e32 v241, 0, v6                               // 000000008A10: 4BE20C80
	v_lshlrev_b32_e32 v242, 13, v241                           // 000000008A14: 31E5E28D
	v_add_nc_u32_e32 v242, s24, v242                           // 000000008A18: 4BE5E418
	v_lshl_add_u32 v242, v3, 1, v242                           // 000000008A1C: D64600F2 07C90303
	v_add_nc_u32_e32 v242, 32, v242                            // 000000008A24: 4BE5E4A0
	v_cmp_gt_u32_e32 vcc_lo, s18, v241                         // 000000008A28: 7C99E212
	s_and_saveexec_b32 s42, vcc_lo                             // 000000008A2C: BEAA206A
	global_store_b16 v242, v240, s[10:11]                      // 000000008A30: DC660000 000AF0F2
	s_mov_b32 exec_lo, s42                                     // 000000008A38: BEFE002A
	v_mul_f32_e32 v238, v73, v57                               // 000000008A3C: 11DC7349
	v_lshrrev_b32_e32 v239, 16, v238                           // 000000008A40: 33DFDC90
	v_and_b32_e32 v239, 1, v239                                // 000000008A44: 37DFDE81
	v_add_nc_u32_e32 v240, 0x7fff, v238                        // 000000008A48: 4BE1DCFF 00007FFF
	v_add_nc_u32_e32 v240, v239, v240                          // 000000008A50: 4BE1E1EF
	v_lshrrev_b32_e32 v240, 16, v240                           // 000000008A54: 33E1E090
	v_add_nc_u32_e32 v241, 2, v6                               // 000000008A58: 4BE20C82
	v_lshlrev_b32_e32 v242, 13, v241                           // 000000008A5C: 31E5E28D
	v_add_nc_u32_e32 v242, s24, v242                           // 000000008A60: 4BE5E418
	v_lshl_add_u32 v242, v3, 1, v242                           // 000000008A64: D64600F2 07C90303
	v_add_nc_u32_e32 v242, 32, v242                            // 000000008A6C: 4BE5E4A0
	v_cmp_gt_u32_e32 vcc_lo, s18, v241                         // 000000008A70: 7C99E212
	s_and_saveexec_b32 s42, vcc_lo                             // 000000008A74: BEAA206A
	global_store_b16 v242, v240, s[10:11]                      // 000000008A78: DC660000 000AF0F2
	s_mov_b32 exec_lo, s42                                     // 000000008A80: BEFE002A
	v_mul_f32_e32 v238, v74, v58                               // 000000008A84: 11DC754A
	v_lshrrev_b32_e32 v239, 16, v238                           // 000000008A88: 33DFDC90
	v_and_b32_e32 v239, 1, v239                                // 000000008A8C: 37DFDE81
	v_add_nc_u32_e32 v240, 0x7fff, v238                        // 000000008A90: 4BE1DCFF 00007FFF
	v_add_nc_u32_e32 v240, v239, v240                          // 000000008A98: 4BE1E1EF
	v_lshrrev_b32_e32 v240, 16, v240                           // 000000008A9C: 33E1E090
	v_add_nc_u32_e32 v241, 4, v6                               // 000000008AA0: 4BE20C84
	v_lshlrev_b32_e32 v242, 13, v241                           // 000000008AA4: 31E5E28D
	v_add_nc_u32_e32 v242, s24, v242                           // 000000008AA8: 4BE5E418
	v_lshl_add_u32 v242, v3, 1, v242                           // 000000008AAC: D64600F2 07C90303
	v_add_nc_u32_e32 v242, 32, v242                            // 000000008AB4: 4BE5E4A0
	v_cmp_gt_u32_e32 vcc_lo, s18, v241                         // 000000008AB8: 7C99E212
	s_and_saveexec_b32 s42, vcc_lo                             // 000000008ABC: BEAA206A
	global_store_b16 v242, v240, s[10:11]                      // 000000008AC0: DC660000 000AF0F2
	s_mov_b32 exec_lo, s42                                     // 000000008AC8: BEFE002A
	v_mul_f32_e32 v238, v75, v59                               // 000000008ACC: 11DC774B
	v_lshrrev_b32_e32 v239, 16, v238                           // 000000008AD0: 33DFDC90
	v_and_b32_e32 v239, 1, v239                                // 000000008AD4: 37DFDE81
	v_add_nc_u32_e32 v240, 0x7fff, v238                        // 000000008AD8: 4BE1DCFF 00007FFF
	v_add_nc_u32_e32 v240, v239, v240                          // 000000008AE0: 4BE1E1EF
	v_lshrrev_b32_e32 v240, 16, v240                           // 000000008AE4: 33E1E090
	v_add_nc_u32_e32 v241, 6, v6                               // 000000008AE8: 4BE20C86
	v_lshlrev_b32_e32 v242, 13, v241                           // 000000008AEC: 31E5E28D
	v_add_nc_u32_e32 v242, s24, v242                           // 000000008AF0: 4BE5E418
	v_lshl_add_u32 v242, v3, 1, v242                           // 000000008AF4: D64600F2 07C90303
	v_add_nc_u32_e32 v242, 32, v242                            // 000000008AFC: 4BE5E4A0
	v_cmp_gt_u32_e32 vcc_lo, s18, v241                         // 000000008B00: 7C99E212
	s_and_saveexec_b32 s42, vcc_lo                             // 000000008B04: BEAA206A
	global_store_b16 v242, v240, s[10:11]                      // 000000008B08: DC660000 000AF0F2
	s_mov_b32 exec_lo, s42                                     // 000000008B10: BEFE002A
	v_mul_f32_e32 v238, v76, v60                               // 000000008B14: 11DC794C
	v_lshrrev_b32_e32 v239, 16, v238                           // 000000008B18: 33DFDC90
	v_and_b32_e32 v239, 1, v239                                // 000000008B1C: 37DFDE81
	v_add_nc_u32_e32 v240, 0x7fff, v238                        // 000000008B20: 4BE1DCFF 00007FFF
	v_add_nc_u32_e32 v240, v239, v240                          // 000000008B28: 4BE1E1EF
	v_lshrrev_b32_e32 v240, 16, v240                           // 000000008B2C: 33E1E090
	v_add_nc_u32_e32 v241, 8, v6                               // 000000008B30: 4BE20C88
	v_lshlrev_b32_e32 v242, 13, v241                           // 000000008B34: 31E5E28D
	v_add_nc_u32_e32 v242, s24, v242                           // 000000008B38: 4BE5E418
	v_lshl_add_u32 v242, v3, 1, v242                           // 000000008B3C: D64600F2 07C90303
	v_add_nc_u32_e32 v242, 32, v242                            // 000000008B44: 4BE5E4A0
	v_cmp_gt_u32_e32 vcc_lo, s18, v241                         // 000000008B48: 7C99E212
	s_and_saveexec_b32 s42, vcc_lo                             // 000000008B4C: BEAA206A
	global_store_b16 v242, v240, s[10:11]                      // 000000008B50: DC660000 000AF0F2
	s_mov_b32 exec_lo, s42                                     // 000000008B58: BEFE002A
	v_mul_f32_e32 v238, v77, v61                               // 000000008B5C: 11DC7B4D
	v_lshrrev_b32_e32 v239, 16, v238                           // 000000008B60: 33DFDC90
	v_and_b32_e32 v239, 1, v239                                // 000000008B64: 37DFDE81
	v_add_nc_u32_e32 v240, 0x7fff, v238                        // 000000008B68: 4BE1DCFF 00007FFF
	v_add_nc_u32_e32 v240, v239, v240                          // 000000008B70: 4BE1E1EF
	v_lshrrev_b32_e32 v240, 16, v240                           // 000000008B74: 33E1E090
	v_add_nc_u32_e32 v241, 10, v6                              // 000000008B78: 4BE20C8A
	v_lshlrev_b32_e32 v242, 13, v241                           // 000000008B7C: 31E5E28D
	v_add_nc_u32_e32 v242, s24, v242                           // 000000008B80: 4BE5E418
	v_lshl_add_u32 v242, v3, 1, v242                           // 000000008B84: D64600F2 07C90303
	v_add_nc_u32_e32 v242, 32, v242                            // 000000008B8C: 4BE5E4A0
	v_cmp_gt_u32_e32 vcc_lo, s18, v241                         // 000000008B90: 7C99E212
	s_and_saveexec_b32 s42, vcc_lo                             // 000000008B94: BEAA206A
	global_store_b16 v242, v240, s[10:11]                      // 000000008B98: DC660000 000AF0F2
	s_mov_b32 exec_lo, s42                                     // 000000008BA0: BEFE002A
	v_mul_f32_e32 v238, v78, v62                               // 000000008BA4: 11DC7D4E
	v_lshrrev_b32_e32 v239, 16, v238                           // 000000008BA8: 33DFDC90
	v_and_b32_e32 v239, 1, v239                                // 000000008BAC: 37DFDE81
	v_add_nc_u32_e32 v240, 0x7fff, v238                        // 000000008BB0: 4BE1DCFF 00007FFF
	v_add_nc_u32_e32 v240, v239, v240                          // 000000008BB8: 4BE1E1EF
	v_lshrrev_b32_e32 v240, 16, v240                           // 000000008BBC: 33E1E090
	v_add_nc_u32_e32 v241, 12, v6                              // 000000008BC0: 4BE20C8C
	v_lshlrev_b32_e32 v242, 13, v241                           // 000000008BC4: 31E5E28D
	v_add_nc_u32_e32 v242, s24, v242                           // 000000008BC8: 4BE5E418
	v_lshl_add_u32 v242, v3, 1, v242                           // 000000008BCC: D64600F2 07C90303
	v_add_nc_u32_e32 v242, 32, v242                            // 000000008BD4: 4BE5E4A0
	v_cmp_gt_u32_e32 vcc_lo, s18, v241                         // 000000008BD8: 7C99E212
	s_and_saveexec_b32 s42, vcc_lo                             // 000000008BDC: BEAA206A
	global_store_b16 v242, v240, s[10:11]                      // 000000008BE0: DC660000 000AF0F2
	s_mov_b32 exec_lo, s42                                     // 000000008BE8: BEFE002A
	v_mul_f32_e32 v238, v79, v63                               // 000000008BEC: 11DC7F4F
	v_lshrrev_b32_e32 v239, 16, v238                           // 000000008BF0: 33DFDC90
	v_and_b32_e32 v239, 1, v239                                // 000000008BF4: 37DFDE81
	v_add_nc_u32_e32 v240, 0x7fff, v238                        // 000000008BF8: 4BE1DCFF 00007FFF
	v_add_nc_u32_e32 v240, v239, v240                          // 000000008C00: 4BE1E1EF
	v_lshrrev_b32_e32 v240, 16, v240                           // 000000008C04: 33E1E090
	v_add_nc_u32_e32 v241, 14, v6                              // 000000008C08: 4BE20C8E
	v_lshlrev_b32_e32 v242, 13, v241                           // 000000008C0C: 31E5E28D
	v_add_nc_u32_e32 v242, s24, v242                           // 000000008C10: 4BE5E418
	v_lshl_add_u32 v242, v3, 1, v242                           // 000000008C14: D64600F2 07C90303
	v_add_nc_u32_e32 v242, 32, v242                            // 000000008C1C: 4BE5E4A0
	v_cmp_gt_u32_e32 vcc_lo, s18, v241                         // 000000008C20: 7C99E212
	s_and_saveexec_b32 s42, vcc_lo                             // 000000008C24: BEAA206A
	global_store_b16 v242, v240, s[10:11]                      // 000000008C28: DC660000 000AF0F2
	s_mov_b32 exec_lo, s42                                     // 000000008C30: BEFE002A
	v_mul_f32_e32 v238, v80, v56                               // 000000008C34: 11DC7150
	v_lshrrev_b32_e32 v239, 16, v238                           // 000000008C38: 33DFDC90
	v_and_b32_e32 v239, 1, v239                                // 000000008C3C: 37DFDE81
	v_add_nc_u32_e32 v240, 0x7fff, v238                        // 000000008C40: 4BE1DCFF 00007FFF
	v_add_nc_u32_e32 v240, v239, v240                          // 000000008C48: 4BE1E1EF
	v_lshrrev_b32_e32 v240, 16, v240                           // 000000008C4C: 33E1E090
	v_add_nc_u32_e32 v241, 0, v6                               // 000000008C50: 4BE20C80
	v_lshlrev_b32_e32 v242, 13, v241                           // 000000008C54: 31E5E28D
	v_add_nc_u32_e32 v242, s24, v242                           // 000000008C58: 4BE5E418
	v_lshl_add_u32 v242, v3, 1, v242                           // 000000008C5C: D64600F2 07C90303
	v_add_nc_u32_e32 v242, 64, v242                            // 000000008C64: 4BE5E4C0
	v_cmp_gt_u32_e32 vcc_lo, s18, v241                         // 000000008C68: 7C99E212
	s_and_saveexec_b32 s42, vcc_lo                             // 000000008C6C: BEAA206A
	global_store_b16 v242, v240, s[10:11]                      // 000000008C70: DC660000 000AF0F2
	s_mov_b32 exec_lo, s42                                     // 000000008C78: BEFE002A
	v_mul_f32_e32 v238, v81, v57                               // 000000008C7C: 11DC7351
	v_lshrrev_b32_e32 v239, 16, v238                           // 000000008C80: 33DFDC90
	v_and_b32_e32 v239, 1, v239                                // 000000008C84: 37DFDE81
	v_add_nc_u32_e32 v240, 0x7fff, v238                        // 000000008C88: 4BE1DCFF 00007FFF
	v_add_nc_u32_e32 v240, v239, v240                          // 000000008C90: 4BE1E1EF
	v_lshrrev_b32_e32 v240, 16, v240                           // 000000008C94: 33E1E090
	v_add_nc_u32_e32 v241, 2, v6                               // 000000008C98: 4BE20C82
	v_lshlrev_b32_e32 v242, 13, v241                           // 000000008C9C: 31E5E28D
	v_add_nc_u32_e32 v242, s24, v242                           // 000000008CA0: 4BE5E418
	v_lshl_add_u32 v242, v3, 1, v242                           // 000000008CA4: D64600F2 07C90303
	v_add_nc_u32_e32 v242, 64, v242                            // 000000008CAC: 4BE5E4C0
	v_cmp_gt_u32_e32 vcc_lo, s18, v241                         // 000000008CB0: 7C99E212
	s_and_saveexec_b32 s42, vcc_lo                             // 000000008CB4: BEAA206A
	global_store_b16 v242, v240, s[10:11]                      // 000000008CB8: DC660000 000AF0F2
	s_mov_b32 exec_lo, s42                                     // 000000008CC0: BEFE002A
	v_mul_f32_e32 v238, v82, v58                               // 000000008CC4: 11DC7552
	v_lshrrev_b32_e32 v239, 16, v238                           // 000000008CC8: 33DFDC90
	v_and_b32_e32 v239, 1, v239                                // 000000008CCC: 37DFDE81
	v_add_nc_u32_e32 v240, 0x7fff, v238                        // 000000008CD0: 4BE1DCFF 00007FFF
	v_add_nc_u32_e32 v240, v239, v240                          // 000000008CD8: 4BE1E1EF
	v_lshrrev_b32_e32 v240, 16, v240                           // 000000008CDC: 33E1E090
	v_add_nc_u32_e32 v241, 4, v6                               // 000000008CE0: 4BE20C84
	v_lshlrev_b32_e32 v242, 13, v241                           // 000000008CE4: 31E5E28D
	v_add_nc_u32_e32 v242, s24, v242                           // 000000008CE8: 4BE5E418
	v_lshl_add_u32 v242, v3, 1, v242                           // 000000008CEC: D64600F2 07C90303
	v_add_nc_u32_e32 v242, 64, v242                            // 000000008CF4: 4BE5E4C0
	v_cmp_gt_u32_e32 vcc_lo, s18, v241                         // 000000008CF8: 7C99E212
	s_and_saveexec_b32 s42, vcc_lo                             // 000000008CFC: BEAA206A
	global_store_b16 v242, v240, s[10:11]                      // 000000008D00: DC660000 000AF0F2
	s_mov_b32 exec_lo, s42                                     // 000000008D08: BEFE002A
	v_mul_f32_e32 v238, v83, v59                               // 000000008D0C: 11DC7753
	v_lshrrev_b32_e32 v239, 16, v238                           // 000000008D10: 33DFDC90
	v_and_b32_e32 v239, 1, v239                                // 000000008D14: 37DFDE81
	v_add_nc_u32_e32 v240, 0x7fff, v238                        // 000000008D18: 4BE1DCFF 00007FFF
	v_add_nc_u32_e32 v240, v239, v240                          // 000000008D20: 4BE1E1EF
	v_lshrrev_b32_e32 v240, 16, v240                           // 000000008D24: 33E1E090
	v_add_nc_u32_e32 v241, 6, v6                               // 000000008D28: 4BE20C86
	v_lshlrev_b32_e32 v242, 13, v241                           // 000000008D2C: 31E5E28D
	v_add_nc_u32_e32 v242, s24, v242                           // 000000008D30: 4BE5E418
	v_lshl_add_u32 v242, v3, 1, v242                           // 000000008D34: D64600F2 07C90303
	v_add_nc_u32_e32 v242, 64, v242                            // 000000008D3C: 4BE5E4C0
	v_cmp_gt_u32_e32 vcc_lo, s18, v241                         // 000000008D40: 7C99E212
	s_and_saveexec_b32 s42, vcc_lo                             // 000000008D44: BEAA206A
	global_store_b16 v242, v240, s[10:11]                      // 000000008D48: DC660000 000AF0F2
	s_mov_b32 exec_lo, s42                                     // 000000008D50: BEFE002A
	v_mul_f32_e32 v238, v84, v60                               // 000000008D54: 11DC7954
	v_lshrrev_b32_e32 v239, 16, v238                           // 000000008D58: 33DFDC90
	v_and_b32_e32 v239, 1, v239                                // 000000008D5C: 37DFDE81
	v_add_nc_u32_e32 v240, 0x7fff, v238                        // 000000008D60: 4BE1DCFF 00007FFF
	v_add_nc_u32_e32 v240, v239, v240                          // 000000008D68: 4BE1E1EF
	v_lshrrev_b32_e32 v240, 16, v240                           // 000000008D6C: 33E1E090
	v_add_nc_u32_e32 v241, 8, v6                               // 000000008D70: 4BE20C88
	v_lshlrev_b32_e32 v242, 13, v241                           // 000000008D74: 31E5E28D
	v_add_nc_u32_e32 v242, s24, v242                           // 000000008D78: 4BE5E418
	v_lshl_add_u32 v242, v3, 1, v242                           // 000000008D7C: D64600F2 07C90303
	v_add_nc_u32_e32 v242, 64, v242                            // 000000008D84: 4BE5E4C0
	v_cmp_gt_u32_e32 vcc_lo, s18, v241                         // 000000008D88: 7C99E212
	s_and_saveexec_b32 s42, vcc_lo                             // 000000008D8C: BEAA206A
	global_store_b16 v242, v240, s[10:11]                      // 000000008D90: DC660000 000AF0F2
	s_mov_b32 exec_lo, s42                                     // 000000008D98: BEFE002A
	v_mul_f32_e32 v238, v85, v61                               // 000000008D9C: 11DC7B55
	v_lshrrev_b32_e32 v239, 16, v238                           // 000000008DA0: 33DFDC90
	v_and_b32_e32 v239, 1, v239                                // 000000008DA4: 37DFDE81
	v_add_nc_u32_e32 v240, 0x7fff, v238                        // 000000008DA8: 4BE1DCFF 00007FFF
	v_add_nc_u32_e32 v240, v239, v240                          // 000000008DB0: 4BE1E1EF
	v_lshrrev_b32_e32 v240, 16, v240                           // 000000008DB4: 33E1E090
	v_add_nc_u32_e32 v241, 10, v6                              // 000000008DB8: 4BE20C8A
	v_lshlrev_b32_e32 v242, 13, v241                           // 000000008DBC: 31E5E28D
	v_add_nc_u32_e32 v242, s24, v242                           // 000000008DC0: 4BE5E418
	v_lshl_add_u32 v242, v3, 1, v242                           // 000000008DC4: D64600F2 07C90303
	v_add_nc_u32_e32 v242, 64, v242                            // 000000008DCC: 4BE5E4C0
	v_cmp_gt_u32_e32 vcc_lo, s18, v241                         // 000000008DD0: 7C99E212
	s_and_saveexec_b32 s42, vcc_lo                             // 000000008DD4: BEAA206A
	global_store_b16 v242, v240, s[10:11]                      // 000000008DD8: DC660000 000AF0F2
	s_mov_b32 exec_lo, s42                                     // 000000008DE0: BEFE002A
	v_mul_f32_e32 v238, v86, v62                               // 000000008DE4: 11DC7D56
	v_lshrrev_b32_e32 v239, 16, v238                           // 000000008DE8: 33DFDC90
	v_and_b32_e32 v239, 1, v239                                // 000000008DEC: 37DFDE81
	v_add_nc_u32_e32 v240, 0x7fff, v238                        // 000000008DF0: 4BE1DCFF 00007FFF
	v_add_nc_u32_e32 v240, v239, v240                          // 000000008DF8: 4BE1E1EF
	v_lshrrev_b32_e32 v240, 16, v240                           // 000000008DFC: 33E1E090
	v_add_nc_u32_e32 v241, 12, v6                              // 000000008E00: 4BE20C8C
	v_lshlrev_b32_e32 v242, 13, v241                           // 000000008E04: 31E5E28D
	v_add_nc_u32_e32 v242, s24, v242                           // 000000008E08: 4BE5E418
	v_lshl_add_u32 v242, v3, 1, v242                           // 000000008E0C: D64600F2 07C90303
	v_add_nc_u32_e32 v242, 64, v242                            // 000000008E14: 4BE5E4C0
	v_cmp_gt_u32_e32 vcc_lo, s18, v241                         // 000000008E18: 7C99E212
	s_and_saveexec_b32 s42, vcc_lo                             // 000000008E1C: BEAA206A
	global_store_b16 v242, v240, s[10:11]                      // 000000008E20: DC660000 000AF0F2
	s_mov_b32 exec_lo, s42                                     // 000000008E28: BEFE002A
	v_mul_f32_e32 v238, v87, v63                               // 000000008E2C: 11DC7F57
	v_lshrrev_b32_e32 v239, 16, v238                           // 000000008E30: 33DFDC90
	v_and_b32_e32 v239, 1, v239                                // 000000008E34: 37DFDE81
	v_add_nc_u32_e32 v240, 0x7fff, v238                        // 000000008E38: 4BE1DCFF 00007FFF
	v_add_nc_u32_e32 v240, v239, v240                          // 000000008E40: 4BE1E1EF
	v_lshrrev_b32_e32 v240, 16, v240                           // 000000008E44: 33E1E090
	v_add_nc_u32_e32 v241, 14, v6                              // 000000008E48: 4BE20C8E
	v_lshlrev_b32_e32 v242, 13, v241                           // 000000008E4C: 31E5E28D
	v_add_nc_u32_e32 v242, s24, v242                           // 000000008E50: 4BE5E418
	v_lshl_add_u32 v242, v3, 1, v242                           // 000000008E54: D64600F2 07C90303
	v_add_nc_u32_e32 v242, 64, v242                            // 000000008E5C: 4BE5E4C0
	v_cmp_gt_u32_e32 vcc_lo, s18, v241                         // 000000008E60: 7C99E212
	s_and_saveexec_b32 s42, vcc_lo                             // 000000008E64: BEAA206A
	global_store_b16 v242, v240, s[10:11]                      // 000000008E68: DC660000 000AF0F2
	s_mov_b32 exec_lo, s42                                     // 000000008E70: BEFE002A
	v_mul_f32_e32 v238, v88, v56                               // 000000008E74: 11DC7158
	v_lshrrev_b32_e32 v239, 16, v238                           // 000000008E78: 33DFDC90
	v_and_b32_e32 v239, 1, v239                                // 000000008E7C: 37DFDE81
	v_add_nc_u32_e32 v240, 0x7fff, v238                        // 000000008E80: 4BE1DCFF 00007FFF
	v_add_nc_u32_e32 v240, v239, v240                          // 000000008E88: 4BE1E1EF
	v_lshrrev_b32_e32 v240, 16, v240                           // 000000008E8C: 33E1E090
	v_add_nc_u32_e32 v241, 0, v6                               // 000000008E90: 4BE20C80
	v_lshlrev_b32_e32 v242, 13, v241                           // 000000008E94: 31E5E28D
	v_add_nc_u32_e32 v242, s24, v242                           // 000000008E98: 4BE5E418
	v_lshl_add_u32 v242, v3, 1, v242                           // 000000008E9C: D64600F2 07C90303
	v_add_nc_u32_e32 v242, 0x60, v242                          // 000000008EA4: 4BE5E4FF 00000060
	v_cmp_gt_u32_e32 vcc_lo, s18, v241                         // 000000008EAC: 7C99E212
	s_and_saveexec_b32 s42, vcc_lo                             // 000000008EB0: BEAA206A
	global_store_b16 v242, v240, s[10:11]                      // 000000008EB4: DC660000 000AF0F2
	s_mov_b32 exec_lo, s42                                     // 000000008EBC: BEFE002A
	v_mul_f32_e32 v238, v89, v57                               // 000000008EC0: 11DC7359
	v_lshrrev_b32_e32 v239, 16, v238                           // 000000008EC4: 33DFDC90
	v_and_b32_e32 v239, 1, v239                                // 000000008EC8: 37DFDE81
	v_add_nc_u32_e32 v240, 0x7fff, v238                        // 000000008ECC: 4BE1DCFF 00007FFF
	v_add_nc_u32_e32 v240, v239, v240                          // 000000008ED4: 4BE1E1EF
	v_lshrrev_b32_e32 v240, 16, v240                           // 000000008ED8: 33E1E090
	v_add_nc_u32_e32 v241, 2, v6                               // 000000008EDC: 4BE20C82
	v_lshlrev_b32_e32 v242, 13, v241                           // 000000008EE0: 31E5E28D
	v_add_nc_u32_e32 v242, s24, v242                           // 000000008EE4: 4BE5E418
	v_lshl_add_u32 v242, v3, 1, v242                           // 000000008EE8: D64600F2 07C90303
	v_add_nc_u32_e32 v242, 0x60, v242                          // 000000008EF0: 4BE5E4FF 00000060
	v_cmp_gt_u32_e32 vcc_lo, s18, v241                         // 000000008EF8: 7C99E212
	s_and_saveexec_b32 s42, vcc_lo                             // 000000008EFC: BEAA206A
	global_store_b16 v242, v240, s[10:11]                      // 000000008F00: DC660000 000AF0F2
	s_mov_b32 exec_lo, s42                                     // 000000008F08: BEFE002A
	v_mul_f32_e32 v238, v90, v58                               // 000000008F0C: 11DC755A
	v_lshrrev_b32_e32 v239, 16, v238                           // 000000008F10: 33DFDC90
	v_and_b32_e32 v239, 1, v239                                // 000000008F14: 37DFDE81
	v_add_nc_u32_e32 v240, 0x7fff, v238                        // 000000008F18: 4BE1DCFF 00007FFF
	v_add_nc_u32_e32 v240, v239, v240                          // 000000008F20: 4BE1E1EF
	v_lshrrev_b32_e32 v240, 16, v240                           // 000000008F24: 33E1E090
	v_add_nc_u32_e32 v241, 4, v6                               // 000000008F28: 4BE20C84
	v_lshlrev_b32_e32 v242, 13, v241                           // 000000008F2C: 31E5E28D
	v_add_nc_u32_e32 v242, s24, v242                           // 000000008F30: 4BE5E418
	v_lshl_add_u32 v242, v3, 1, v242                           // 000000008F34: D64600F2 07C90303
	v_add_nc_u32_e32 v242, 0x60, v242                          // 000000008F3C: 4BE5E4FF 00000060
	v_cmp_gt_u32_e32 vcc_lo, s18, v241                         // 000000008F44: 7C99E212
	s_and_saveexec_b32 s42, vcc_lo                             // 000000008F48: BEAA206A
	global_store_b16 v242, v240, s[10:11]                      // 000000008F4C: DC660000 000AF0F2
	s_mov_b32 exec_lo, s42                                     // 000000008F54: BEFE002A
	v_mul_f32_e32 v238, v91, v59                               // 000000008F58: 11DC775B
	v_lshrrev_b32_e32 v239, 16, v238                           // 000000008F5C: 33DFDC90
	v_and_b32_e32 v239, 1, v239                                // 000000008F60: 37DFDE81
	v_add_nc_u32_e32 v240, 0x7fff, v238                        // 000000008F64: 4BE1DCFF 00007FFF
	v_add_nc_u32_e32 v240, v239, v240                          // 000000008F6C: 4BE1E1EF
	v_lshrrev_b32_e32 v240, 16, v240                           // 000000008F70: 33E1E090
	v_add_nc_u32_e32 v241, 6, v6                               // 000000008F74: 4BE20C86
	v_lshlrev_b32_e32 v242, 13, v241                           // 000000008F78: 31E5E28D
	v_add_nc_u32_e32 v242, s24, v242                           // 000000008F7C: 4BE5E418
	v_lshl_add_u32 v242, v3, 1, v242                           // 000000008F80: D64600F2 07C90303
	v_add_nc_u32_e32 v242, 0x60, v242                          // 000000008F88: 4BE5E4FF 00000060
	v_cmp_gt_u32_e32 vcc_lo, s18, v241                         // 000000008F90: 7C99E212
	s_and_saveexec_b32 s42, vcc_lo                             // 000000008F94: BEAA206A
	global_store_b16 v242, v240, s[10:11]                      // 000000008F98: DC660000 000AF0F2
	s_mov_b32 exec_lo, s42                                     // 000000008FA0: BEFE002A
	v_mul_f32_e32 v238, v92, v60                               // 000000008FA4: 11DC795C
	v_lshrrev_b32_e32 v239, 16, v238                           // 000000008FA8: 33DFDC90
	v_and_b32_e32 v239, 1, v239                                // 000000008FAC: 37DFDE81
	v_add_nc_u32_e32 v240, 0x7fff, v238                        // 000000008FB0: 4BE1DCFF 00007FFF
	v_add_nc_u32_e32 v240, v239, v240                          // 000000008FB8: 4BE1E1EF
	v_lshrrev_b32_e32 v240, 16, v240                           // 000000008FBC: 33E1E090
	v_add_nc_u32_e32 v241, 8, v6                               // 000000008FC0: 4BE20C88
	v_lshlrev_b32_e32 v242, 13, v241                           // 000000008FC4: 31E5E28D
	v_add_nc_u32_e32 v242, s24, v242                           // 000000008FC8: 4BE5E418
	v_lshl_add_u32 v242, v3, 1, v242                           // 000000008FCC: D64600F2 07C90303
	v_add_nc_u32_e32 v242, 0x60, v242                          // 000000008FD4: 4BE5E4FF 00000060
	v_cmp_gt_u32_e32 vcc_lo, s18, v241                         // 000000008FDC: 7C99E212
	s_and_saveexec_b32 s42, vcc_lo                             // 000000008FE0: BEAA206A
	global_store_b16 v242, v240, s[10:11]                      // 000000008FE4: DC660000 000AF0F2
	s_mov_b32 exec_lo, s42                                     // 000000008FEC: BEFE002A
	v_mul_f32_e32 v238, v93, v61                               // 000000008FF0: 11DC7B5D
	v_lshrrev_b32_e32 v239, 16, v238                           // 000000008FF4: 33DFDC90
	v_and_b32_e32 v239, 1, v239                                // 000000008FF8: 37DFDE81
	v_add_nc_u32_e32 v240, 0x7fff, v238                        // 000000008FFC: 4BE1DCFF 00007FFF
	v_add_nc_u32_e32 v240, v239, v240                          // 000000009004: 4BE1E1EF
	v_lshrrev_b32_e32 v240, 16, v240                           // 000000009008: 33E1E090
	v_add_nc_u32_e32 v241, 10, v6                              // 00000000900C: 4BE20C8A
	v_lshlrev_b32_e32 v242, 13, v241                           // 000000009010: 31E5E28D
	v_add_nc_u32_e32 v242, s24, v242                           // 000000009014: 4BE5E418
	v_lshl_add_u32 v242, v3, 1, v242                           // 000000009018: D64600F2 07C90303
	v_add_nc_u32_e32 v242, 0x60, v242                          // 000000009020: 4BE5E4FF 00000060
	v_cmp_gt_u32_e32 vcc_lo, s18, v241                         // 000000009028: 7C99E212
	s_and_saveexec_b32 s42, vcc_lo                             // 00000000902C: BEAA206A
	global_store_b16 v242, v240, s[10:11]                      // 000000009030: DC660000 000AF0F2
	s_mov_b32 exec_lo, s42                                     // 000000009038: BEFE002A
	v_mul_f32_e32 v238, v94, v62                               // 00000000903C: 11DC7D5E
	v_lshrrev_b32_e32 v239, 16, v238                           // 000000009040: 33DFDC90
	v_and_b32_e32 v239, 1, v239                                // 000000009044: 37DFDE81
	v_add_nc_u32_e32 v240, 0x7fff, v238                        // 000000009048: 4BE1DCFF 00007FFF
	v_add_nc_u32_e32 v240, v239, v240                          // 000000009050: 4BE1E1EF
	v_lshrrev_b32_e32 v240, 16, v240                           // 000000009054: 33E1E090
	v_add_nc_u32_e32 v241, 12, v6                              // 000000009058: 4BE20C8C
	v_lshlrev_b32_e32 v242, 13, v241                           // 00000000905C: 31E5E28D
	v_add_nc_u32_e32 v242, s24, v242                           // 000000009060: 4BE5E418
	v_lshl_add_u32 v242, v3, 1, v242                           // 000000009064: D64600F2 07C90303
	v_add_nc_u32_e32 v242, 0x60, v242                          // 00000000906C: 4BE5E4FF 00000060
	v_cmp_gt_u32_e32 vcc_lo, s18, v241                         // 000000009074: 7C99E212
	s_and_saveexec_b32 s42, vcc_lo                             // 000000009078: BEAA206A
	global_store_b16 v242, v240, s[10:11]                      // 00000000907C: DC660000 000AF0F2
	s_mov_b32 exec_lo, s42                                     // 000000009084: BEFE002A
	v_mul_f32_e32 v238, v95, v63                               // 000000009088: 11DC7F5F
	v_lshrrev_b32_e32 v239, 16, v238                           // 00000000908C: 33DFDC90
	v_and_b32_e32 v239, 1, v239                                // 000000009090: 37DFDE81
	v_add_nc_u32_e32 v240, 0x7fff, v238                        // 000000009094: 4BE1DCFF 00007FFF
	v_add_nc_u32_e32 v240, v239, v240                          // 00000000909C: 4BE1E1EF
	v_lshrrev_b32_e32 v240, 16, v240                           // 0000000090A0: 33E1E090
	v_add_nc_u32_e32 v241, 14, v6                              // 0000000090A4: 4BE20C8E
	v_lshlrev_b32_e32 v242, 13, v241                           // 0000000090A8: 31E5E28D
	v_add_nc_u32_e32 v242, s24, v242                           // 0000000090AC: 4BE5E418
	v_lshl_add_u32 v242, v3, 1, v242                           // 0000000090B0: D64600F2 07C90303
	v_add_nc_u32_e32 v242, 0x60, v242                          // 0000000090B8: 4BE5E4FF 00000060
	v_cmp_gt_u32_e32 vcc_lo, s18, v241                         // 0000000090C0: 7C99E212
	s_and_saveexec_b32 s42, vcc_lo                             // 0000000090C4: BEAA206A
	global_store_b16 v242, v240, s[10:11]                      // 0000000090C8: DC660000 000AF0F2
	s_mov_b32 exec_lo, s42                                     // 0000000090D0: BEFE002A
	v_mul_f32_e32 v238, v96, v56                               // 0000000090D4: 11DC7160
	v_lshrrev_b32_e32 v239, 16, v238                           // 0000000090D8: 33DFDC90
	v_and_b32_e32 v239, 1, v239                                // 0000000090DC: 37DFDE81
	v_add_nc_u32_e32 v240, 0x7fff, v238                        // 0000000090E0: 4BE1DCFF 00007FFF
	v_add_nc_u32_e32 v240, v239, v240                          // 0000000090E8: 4BE1E1EF
	v_lshrrev_b32_e32 v240, 16, v240                           // 0000000090EC: 33E1E090
	v_add_nc_u32_e32 v241, 0, v6                               // 0000000090F0: 4BE20C80
	v_lshlrev_b32_e32 v242, 13, v241                           // 0000000090F4: 31E5E28D
	v_add_nc_u32_e32 v242, s24, v242                           // 0000000090F8: 4BE5E418
	v_lshl_add_u32 v242, v3, 1, v242                           // 0000000090FC: D64600F2 07C90303
	v_add_nc_u32_e32 v242, 0x80, v242                          // 000000009104: 4BE5E4FF 00000080
	v_cmp_gt_u32_e32 vcc_lo, s18, v241                         // 00000000910C: 7C99E212
	s_and_saveexec_b32 s42, vcc_lo                             // 000000009110: BEAA206A
	global_store_b16 v242, v240, s[10:11]                      // 000000009114: DC660000 000AF0F2
	s_mov_b32 exec_lo, s42                                     // 00000000911C: BEFE002A
	v_mul_f32_e32 v238, v97, v57                               // 000000009120: 11DC7361
	v_lshrrev_b32_e32 v239, 16, v238                           // 000000009124: 33DFDC90
	v_and_b32_e32 v239, 1, v239                                // 000000009128: 37DFDE81
	v_add_nc_u32_e32 v240, 0x7fff, v238                        // 00000000912C: 4BE1DCFF 00007FFF
	v_add_nc_u32_e32 v240, v239, v240                          // 000000009134: 4BE1E1EF
	v_lshrrev_b32_e32 v240, 16, v240                           // 000000009138: 33E1E090
	v_add_nc_u32_e32 v241, 2, v6                               // 00000000913C: 4BE20C82
	v_lshlrev_b32_e32 v242, 13, v241                           // 000000009140: 31E5E28D
	v_add_nc_u32_e32 v242, s24, v242                           // 000000009144: 4BE5E418
	v_lshl_add_u32 v242, v3, 1, v242                           // 000000009148: D64600F2 07C90303
	v_add_nc_u32_e32 v242, 0x80, v242                          // 000000009150: 4BE5E4FF 00000080
	v_cmp_gt_u32_e32 vcc_lo, s18, v241                         // 000000009158: 7C99E212
	s_and_saveexec_b32 s42, vcc_lo                             // 00000000915C: BEAA206A
	global_store_b16 v242, v240, s[10:11]                      // 000000009160: DC660000 000AF0F2
	s_mov_b32 exec_lo, s42                                     // 000000009168: BEFE002A
	v_mul_f32_e32 v238, v98, v58                               // 00000000916C: 11DC7562
	v_lshrrev_b32_e32 v239, 16, v238                           // 000000009170: 33DFDC90
	v_and_b32_e32 v239, 1, v239                                // 000000009174: 37DFDE81
	v_add_nc_u32_e32 v240, 0x7fff, v238                        // 000000009178: 4BE1DCFF 00007FFF
	v_add_nc_u32_e32 v240, v239, v240                          // 000000009180: 4BE1E1EF
	v_lshrrev_b32_e32 v240, 16, v240                           // 000000009184: 33E1E090
	v_add_nc_u32_e32 v241, 4, v6                               // 000000009188: 4BE20C84
	v_lshlrev_b32_e32 v242, 13, v241                           // 00000000918C: 31E5E28D
	v_add_nc_u32_e32 v242, s24, v242                           // 000000009190: 4BE5E418
	v_lshl_add_u32 v242, v3, 1, v242                           // 000000009194: D64600F2 07C90303
	v_add_nc_u32_e32 v242, 0x80, v242                          // 00000000919C: 4BE5E4FF 00000080
	v_cmp_gt_u32_e32 vcc_lo, s18, v241                         // 0000000091A4: 7C99E212
	s_and_saveexec_b32 s42, vcc_lo                             // 0000000091A8: BEAA206A
	global_store_b16 v242, v240, s[10:11]                      // 0000000091AC: DC660000 000AF0F2
	s_mov_b32 exec_lo, s42                                     // 0000000091B4: BEFE002A
	v_mul_f32_e32 v238, v99, v59                               // 0000000091B8: 11DC7763
	v_lshrrev_b32_e32 v239, 16, v238                           // 0000000091BC: 33DFDC90
	v_and_b32_e32 v239, 1, v239                                // 0000000091C0: 37DFDE81
	v_add_nc_u32_e32 v240, 0x7fff, v238                        // 0000000091C4: 4BE1DCFF 00007FFF
	v_add_nc_u32_e32 v240, v239, v240                          // 0000000091CC: 4BE1E1EF
	v_lshrrev_b32_e32 v240, 16, v240                           // 0000000091D0: 33E1E090
	v_add_nc_u32_e32 v241, 6, v6                               // 0000000091D4: 4BE20C86
	v_lshlrev_b32_e32 v242, 13, v241                           // 0000000091D8: 31E5E28D
	v_add_nc_u32_e32 v242, s24, v242                           // 0000000091DC: 4BE5E418
	v_lshl_add_u32 v242, v3, 1, v242                           // 0000000091E0: D64600F2 07C90303
	v_add_nc_u32_e32 v242, 0x80, v242                          // 0000000091E8: 4BE5E4FF 00000080
	v_cmp_gt_u32_e32 vcc_lo, s18, v241                         // 0000000091F0: 7C99E212
	s_and_saveexec_b32 s42, vcc_lo                             // 0000000091F4: BEAA206A
	global_store_b16 v242, v240, s[10:11]                      // 0000000091F8: DC660000 000AF0F2
	s_mov_b32 exec_lo, s42                                     // 000000009200: BEFE002A
	v_mul_f32_e32 v238, v100, v60                              // 000000009204: 11DC7964
	v_lshrrev_b32_e32 v239, 16, v238                           // 000000009208: 33DFDC90
	v_and_b32_e32 v239, 1, v239                                // 00000000920C: 37DFDE81
	v_add_nc_u32_e32 v240, 0x7fff, v238                        // 000000009210: 4BE1DCFF 00007FFF
	v_add_nc_u32_e32 v240, v239, v240                          // 000000009218: 4BE1E1EF
	v_lshrrev_b32_e32 v240, 16, v240                           // 00000000921C: 33E1E090
	v_add_nc_u32_e32 v241, 8, v6                               // 000000009220: 4BE20C88
	v_lshlrev_b32_e32 v242, 13, v241                           // 000000009224: 31E5E28D
	v_add_nc_u32_e32 v242, s24, v242                           // 000000009228: 4BE5E418
	v_lshl_add_u32 v242, v3, 1, v242                           // 00000000922C: D64600F2 07C90303
	v_add_nc_u32_e32 v242, 0x80, v242                          // 000000009234: 4BE5E4FF 00000080
	v_cmp_gt_u32_e32 vcc_lo, s18, v241                         // 00000000923C: 7C99E212
	s_and_saveexec_b32 s42, vcc_lo                             // 000000009240: BEAA206A
	global_store_b16 v242, v240, s[10:11]                      // 000000009244: DC660000 000AF0F2
	s_mov_b32 exec_lo, s42                                     // 00000000924C: BEFE002A
	v_mul_f32_e32 v238, v101, v61                              // 000000009250: 11DC7B65
	v_lshrrev_b32_e32 v239, 16, v238                           // 000000009254: 33DFDC90
	v_and_b32_e32 v239, 1, v239                                // 000000009258: 37DFDE81
	v_add_nc_u32_e32 v240, 0x7fff, v238                        // 00000000925C: 4BE1DCFF 00007FFF
	v_add_nc_u32_e32 v240, v239, v240                          // 000000009264: 4BE1E1EF
	v_lshrrev_b32_e32 v240, 16, v240                           // 000000009268: 33E1E090
	v_add_nc_u32_e32 v241, 10, v6                              // 00000000926C: 4BE20C8A
	v_lshlrev_b32_e32 v242, 13, v241                           // 000000009270: 31E5E28D
	v_add_nc_u32_e32 v242, s24, v242                           // 000000009274: 4BE5E418
	v_lshl_add_u32 v242, v3, 1, v242                           // 000000009278: D64600F2 07C90303
	v_add_nc_u32_e32 v242, 0x80, v242                          // 000000009280: 4BE5E4FF 00000080
	v_cmp_gt_u32_e32 vcc_lo, s18, v241                         // 000000009288: 7C99E212
	s_and_saveexec_b32 s42, vcc_lo                             // 00000000928C: BEAA206A
	global_store_b16 v242, v240, s[10:11]                      // 000000009290: DC660000 000AF0F2
	s_mov_b32 exec_lo, s42                                     // 000000009298: BEFE002A
	v_mul_f32_e32 v238, v102, v62                              // 00000000929C: 11DC7D66
	v_lshrrev_b32_e32 v239, 16, v238                           // 0000000092A0: 33DFDC90
	v_and_b32_e32 v239, 1, v239                                // 0000000092A4: 37DFDE81
	v_add_nc_u32_e32 v240, 0x7fff, v238                        // 0000000092A8: 4BE1DCFF 00007FFF
	v_add_nc_u32_e32 v240, v239, v240                          // 0000000092B0: 4BE1E1EF
	v_lshrrev_b32_e32 v240, 16, v240                           // 0000000092B4: 33E1E090
	v_add_nc_u32_e32 v241, 12, v6                              // 0000000092B8: 4BE20C8C
	v_lshlrev_b32_e32 v242, 13, v241                           // 0000000092BC: 31E5E28D
	v_add_nc_u32_e32 v242, s24, v242                           // 0000000092C0: 4BE5E418
	v_lshl_add_u32 v242, v3, 1, v242                           // 0000000092C4: D64600F2 07C90303
	v_add_nc_u32_e32 v242, 0x80, v242                          // 0000000092CC: 4BE5E4FF 00000080
	v_cmp_gt_u32_e32 vcc_lo, s18, v241                         // 0000000092D4: 7C99E212
	s_and_saveexec_b32 s42, vcc_lo                             // 0000000092D8: BEAA206A
	global_store_b16 v242, v240, s[10:11]                      // 0000000092DC: DC660000 000AF0F2
	s_mov_b32 exec_lo, s42                                     // 0000000092E4: BEFE002A
	v_mul_f32_e32 v238, v103, v63                              // 0000000092E8: 11DC7F67
	v_lshrrev_b32_e32 v239, 16, v238                           // 0000000092EC: 33DFDC90
	v_and_b32_e32 v239, 1, v239                                // 0000000092F0: 37DFDE81
	v_add_nc_u32_e32 v240, 0x7fff, v238                        // 0000000092F4: 4BE1DCFF 00007FFF
	v_add_nc_u32_e32 v240, v239, v240                          // 0000000092FC: 4BE1E1EF
	v_lshrrev_b32_e32 v240, 16, v240                           // 000000009300: 33E1E090
	v_add_nc_u32_e32 v241, 14, v6                              // 000000009304: 4BE20C8E
	v_lshlrev_b32_e32 v242, 13, v241                           // 000000009308: 31E5E28D
	v_add_nc_u32_e32 v242, s24, v242                           // 00000000930C: 4BE5E418
	v_lshl_add_u32 v242, v3, 1, v242                           // 000000009310: D64600F2 07C90303
	v_add_nc_u32_e32 v242, 0x80, v242                          // 000000009318: 4BE5E4FF 00000080
	v_cmp_gt_u32_e32 vcc_lo, s18, v241                         // 000000009320: 7C99E212
	s_and_saveexec_b32 s42, vcc_lo                             // 000000009324: BEAA206A
	global_store_b16 v242, v240, s[10:11]                      // 000000009328: DC660000 000AF0F2
	s_mov_b32 exec_lo, s42                                     // 000000009330: BEFE002A
	v_mul_f32_e32 v238, v104, v56                              // 000000009334: 11DC7168
	v_lshrrev_b32_e32 v239, 16, v238                           // 000000009338: 33DFDC90
	v_and_b32_e32 v239, 1, v239                                // 00000000933C: 37DFDE81
	v_add_nc_u32_e32 v240, 0x7fff, v238                        // 000000009340: 4BE1DCFF 00007FFF
	v_add_nc_u32_e32 v240, v239, v240                          // 000000009348: 4BE1E1EF
	v_lshrrev_b32_e32 v240, 16, v240                           // 00000000934C: 33E1E090
	v_add_nc_u32_e32 v241, 0, v6                               // 000000009350: 4BE20C80
	v_lshlrev_b32_e32 v242, 13, v241                           // 000000009354: 31E5E28D
	v_add_nc_u32_e32 v242, s24, v242                           // 000000009358: 4BE5E418
	v_lshl_add_u32 v242, v3, 1, v242                           // 00000000935C: D64600F2 07C90303
	v_add_nc_u32_e32 v242, 0xa0, v242                          // 000000009364: 4BE5E4FF 000000A0
	v_cmp_gt_u32_e32 vcc_lo, s18, v241                         // 00000000936C: 7C99E212
	s_and_saveexec_b32 s42, vcc_lo                             // 000000009370: BEAA206A
	global_store_b16 v242, v240, s[10:11]                      // 000000009374: DC660000 000AF0F2
	s_mov_b32 exec_lo, s42                                     // 00000000937C: BEFE002A
	v_mul_f32_e32 v238, v105, v57                              // 000000009380: 11DC7369
	v_lshrrev_b32_e32 v239, 16, v238                           // 000000009384: 33DFDC90
	v_and_b32_e32 v239, 1, v239                                // 000000009388: 37DFDE81
	v_add_nc_u32_e32 v240, 0x7fff, v238                        // 00000000938C: 4BE1DCFF 00007FFF
	v_add_nc_u32_e32 v240, v239, v240                          // 000000009394: 4BE1E1EF
	v_lshrrev_b32_e32 v240, 16, v240                           // 000000009398: 33E1E090
	v_add_nc_u32_e32 v241, 2, v6                               // 00000000939C: 4BE20C82
	v_lshlrev_b32_e32 v242, 13, v241                           // 0000000093A0: 31E5E28D
	v_add_nc_u32_e32 v242, s24, v242                           // 0000000093A4: 4BE5E418
	v_lshl_add_u32 v242, v3, 1, v242                           // 0000000093A8: D64600F2 07C90303
	v_add_nc_u32_e32 v242, 0xa0, v242                          // 0000000093B0: 4BE5E4FF 000000A0
	v_cmp_gt_u32_e32 vcc_lo, s18, v241                         // 0000000093B8: 7C99E212
	s_and_saveexec_b32 s42, vcc_lo                             // 0000000093BC: BEAA206A
	global_store_b16 v242, v240, s[10:11]                      // 0000000093C0: DC660000 000AF0F2
	s_mov_b32 exec_lo, s42                                     // 0000000093C8: BEFE002A
	v_mul_f32_e32 v238, v106, v58                              // 0000000093CC: 11DC756A
	v_lshrrev_b32_e32 v239, 16, v238                           // 0000000093D0: 33DFDC90
	v_and_b32_e32 v239, 1, v239                                // 0000000093D4: 37DFDE81
	v_add_nc_u32_e32 v240, 0x7fff, v238                        // 0000000093D8: 4BE1DCFF 00007FFF
	v_add_nc_u32_e32 v240, v239, v240                          // 0000000093E0: 4BE1E1EF
	v_lshrrev_b32_e32 v240, 16, v240                           // 0000000093E4: 33E1E090
	v_add_nc_u32_e32 v241, 4, v6                               // 0000000093E8: 4BE20C84
	v_lshlrev_b32_e32 v242, 13, v241                           // 0000000093EC: 31E5E28D
	v_add_nc_u32_e32 v242, s24, v242                           // 0000000093F0: 4BE5E418
	v_lshl_add_u32 v242, v3, 1, v242                           // 0000000093F4: D64600F2 07C90303
	v_add_nc_u32_e32 v242, 0xa0, v242                          // 0000000093FC: 4BE5E4FF 000000A0
	v_cmp_gt_u32_e32 vcc_lo, s18, v241                         // 000000009404: 7C99E212
	s_and_saveexec_b32 s42, vcc_lo                             // 000000009408: BEAA206A
	global_store_b16 v242, v240, s[10:11]                      // 00000000940C: DC660000 000AF0F2
	s_mov_b32 exec_lo, s42                                     // 000000009414: BEFE002A
	v_mul_f32_e32 v238, v107, v59                              // 000000009418: 11DC776B
	v_lshrrev_b32_e32 v239, 16, v238                           // 00000000941C: 33DFDC90
	v_and_b32_e32 v239, 1, v239                                // 000000009420: 37DFDE81
	v_add_nc_u32_e32 v240, 0x7fff, v238                        // 000000009424: 4BE1DCFF 00007FFF
	v_add_nc_u32_e32 v240, v239, v240                          // 00000000942C: 4BE1E1EF
	v_lshrrev_b32_e32 v240, 16, v240                           // 000000009430: 33E1E090
	v_add_nc_u32_e32 v241, 6, v6                               // 000000009434: 4BE20C86
	v_lshlrev_b32_e32 v242, 13, v241                           // 000000009438: 31E5E28D
	v_add_nc_u32_e32 v242, s24, v242                           // 00000000943C: 4BE5E418
	v_lshl_add_u32 v242, v3, 1, v242                           // 000000009440: D64600F2 07C90303
	v_add_nc_u32_e32 v242, 0xa0, v242                          // 000000009448: 4BE5E4FF 000000A0
	v_cmp_gt_u32_e32 vcc_lo, s18, v241                         // 000000009450: 7C99E212
	s_and_saveexec_b32 s42, vcc_lo                             // 000000009454: BEAA206A
	global_store_b16 v242, v240, s[10:11]                      // 000000009458: DC660000 000AF0F2
	s_mov_b32 exec_lo, s42                                     // 000000009460: BEFE002A
	v_mul_f32_e32 v238, v108, v60                              // 000000009464: 11DC796C
	v_lshrrev_b32_e32 v239, 16, v238                           // 000000009468: 33DFDC90
	v_and_b32_e32 v239, 1, v239                                // 00000000946C: 37DFDE81
	v_add_nc_u32_e32 v240, 0x7fff, v238                        // 000000009470: 4BE1DCFF 00007FFF
	v_add_nc_u32_e32 v240, v239, v240                          // 000000009478: 4BE1E1EF
	v_lshrrev_b32_e32 v240, 16, v240                           // 00000000947C: 33E1E090
	v_add_nc_u32_e32 v241, 8, v6                               // 000000009480: 4BE20C88
	v_lshlrev_b32_e32 v242, 13, v241                           // 000000009484: 31E5E28D
	v_add_nc_u32_e32 v242, s24, v242                           // 000000009488: 4BE5E418
	v_lshl_add_u32 v242, v3, 1, v242                           // 00000000948C: D64600F2 07C90303
	v_add_nc_u32_e32 v242, 0xa0, v242                          // 000000009494: 4BE5E4FF 000000A0
	v_cmp_gt_u32_e32 vcc_lo, s18, v241                         // 00000000949C: 7C99E212
	s_and_saveexec_b32 s42, vcc_lo                             // 0000000094A0: BEAA206A
	global_store_b16 v242, v240, s[10:11]                      // 0000000094A4: DC660000 000AF0F2
	s_mov_b32 exec_lo, s42                                     // 0000000094AC: BEFE002A
	v_mul_f32_e32 v238, v109, v61                              // 0000000094B0: 11DC7B6D
	v_lshrrev_b32_e32 v239, 16, v238                           // 0000000094B4: 33DFDC90
	v_and_b32_e32 v239, 1, v239                                // 0000000094B8: 37DFDE81
	v_add_nc_u32_e32 v240, 0x7fff, v238                        // 0000000094BC: 4BE1DCFF 00007FFF
	v_add_nc_u32_e32 v240, v239, v240                          // 0000000094C4: 4BE1E1EF
	v_lshrrev_b32_e32 v240, 16, v240                           // 0000000094C8: 33E1E090
	v_add_nc_u32_e32 v241, 10, v6                              // 0000000094CC: 4BE20C8A
	v_lshlrev_b32_e32 v242, 13, v241                           // 0000000094D0: 31E5E28D
	v_add_nc_u32_e32 v242, s24, v242                           // 0000000094D4: 4BE5E418
	v_lshl_add_u32 v242, v3, 1, v242                           // 0000000094D8: D64600F2 07C90303
	v_add_nc_u32_e32 v242, 0xa0, v242                          // 0000000094E0: 4BE5E4FF 000000A0
	v_cmp_gt_u32_e32 vcc_lo, s18, v241                         // 0000000094E8: 7C99E212
	s_and_saveexec_b32 s42, vcc_lo                             // 0000000094EC: BEAA206A
	global_store_b16 v242, v240, s[10:11]                      // 0000000094F0: DC660000 000AF0F2
	s_mov_b32 exec_lo, s42                                     // 0000000094F8: BEFE002A
	v_mul_f32_e32 v238, v110, v62                              // 0000000094FC: 11DC7D6E
	v_lshrrev_b32_e32 v239, 16, v238                           // 000000009500: 33DFDC90
	v_and_b32_e32 v239, 1, v239                                // 000000009504: 37DFDE81
	v_add_nc_u32_e32 v240, 0x7fff, v238                        // 000000009508: 4BE1DCFF 00007FFF
	v_add_nc_u32_e32 v240, v239, v240                          // 000000009510: 4BE1E1EF
	v_lshrrev_b32_e32 v240, 16, v240                           // 000000009514: 33E1E090
	v_add_nc_u32_e32 v241, 12, v6                              // 000000009518: 4BE20C8C
	v_lshlrev_b32_e32 v242, 13, v241                           // 00000000951C: 31E5E28D
	v_add_nc_u32_e32 v242, s24, v242                           // 000000009520: 4BE5E418
	v_lshl_add_u32 v242, v3, 1, v242                           // 000000009524: D64600F2 07C90303
	v_add_nc_u32_e32 v242, 0xa0, v242                          // 00000000952C: 4BE5E4FF 000000A0
	v_cmp_gt_u32_e32 vcc_lo, s18, v241                         // 000000009534: 7C99E212
	s_and_saveexec_b32 s42, vcc_lo                             // 000000009538: BEAA206A
	global_store_b16 v242, v240, s[10:11]                      // 00000000953C: DC660000 000AF0F2
	s_mov_b32 exec_lo, s42                                     // 000000009544: BEFE002A
	v_mul_f32_e32 v238, v111, v63                              // 000000009548: 11DC7F6F
	v_lshrrev_b32_e32 v239, 16, v238                           // 00000000954C: 33DFDC90
	v_and_b32_e32 v239, 1, v239                                // 000000009550: 37DFDE81
	v_add_nc_u32_e32 v240, 0x7fff, v238                        // 000000009554: 4BE1DCFF 00007FFF
	v_add_nc_u32_e32 v240, v239, v240                          // 00000000955C: 4BE1E1EF
	v_lshrrev_b32_e32 v240, 16, v240                           // 000000009560: 33E1E090
	v_add_nc_u32_e32 v241, 14, v6                              // 000000009564: 4BE20C8E
	v_lshlrev_b32_e32 v242, 13, v241                           // 000000009568: 31E5E28D
	v_add_nc_u32_e32 v242, s24, v242                           // 00000000956C: 4BE5E418
	v_lshl_add_u32 v242, v3, 1, v242                           // 000000009570: D64600F2 07C90303
	v_add_nc_u32_e32 v242, 0xa0, v242                          // 000000009578: 4BE5E4FF 000000A0
	v_cmp_gt_u32_e32 vcc_lo, s18, v241                         // 000000009580: 7C99E212
	s_and_saveexec_b32 s42, vcc_lo                             // 000000009584: BEAA206A
	global_store_b16 v242, v240, s[10:11]                      // 000000009588: DC660000 000AF0F2
	s_mov_b32 exec_lo, s42                                     // 000000009590: BEFE002A
	v_mul_f32_e32 v238, v112, v56                              // 000000009594: 11DC7170
	v_lshrrev_b32_e32 v239, 16, v238                           // 000000009598: 33DFDC90
	v_and_b32_e32 v239, 1, v239                                // 00000000959C: 37DFDE81
	v_add_nc_u32_e32 v240, 0x7fff, v238                        // 0000000095A0: 4BE1DCFF 00007FFF
	v_add_nc_u32_e32 v240, v239, v240                          // 0000000095A8: 4BE1E1EF
	v_lshrrev_b32_e32 v240, 16, v240                           // 0000000095AC: 33E1E090
	v_add_nc_u32_e32 v241, 0, v6                               // 0000000095B0: 4BE20C80
	v_lshlrev_b32_e32 v242, 13, v241                           // 0000000095B4: 31E5E28D
	v_add_nc_u32_e32 v242, s24, v242                           // 0000000095B8: 4BE5E418
	v_lshl_add_u32 v242, v3, 1, v242                           // 0000000095BC: D64600F2 07C90303
	v_add_nc_u32_e32 v242, 0xc0, v242                          // 0000000095C4: 4BE5E4FF 000000C0
	v_cmp_gt_u32_e32 vcc_lo, s18, v241                         // 0000000095CC: 7C99E212
	s_and_saveexec_b32 s42, vcc_lo                             // 0000000095D0: BEAA206A
	global_store_b16 v242, v240, s[10:11]                      // 0000000095D4: DC660000 000AF0F2
	s_mov_b32 exec_lo, s42                                     // 0000000095DC: BEFE002A
	v_mul_f32_e32 v238, v113, v57                              // 0000000095E0: 11DC7371
	v_lshrrev_b32_e32 v239, 16, v238                           // 0000000095E4: 33DFDC90
	v_and_b32_e32 v239, 1, v239                                // 0000000095E8: 37DFDE81
	v_add_nc_u32_e32 v240, 0x7fff, v238                        // 0000000095EC: 4BE1DCFF 00007FFF
	v_add_nc_u32_e32 v240, v239, v240                          // 0000000095F4: 4BE1E1EF
	v_lshrrev_b32_e32 v240, 16, v240                           // 0000000095F8: 33E1E090
	v_add_nc_u32_e32 v241, 2, v6                               // 0000000095FC: 4BE20C82
	v_lshlrev_b32_e32 v242, 13, v241                           // 000000009600: 31E5E28D
	v_add_nc_u32_e32 v242, s24, v242                           // 000000009604: 4BE5E418
	v_lshl_add_u32 v242, v3, 1, v242                           // 000000009608: D64600F2 07C90303
	v_add_nc_u32_e32 v242, 0xc0, v242                          // 000000009610: 4BE5E4FF 000000C0
	v_cmp_gt_u32_e32 vcc_lo, s18, v241                         // 000000009618: 7C99E212
	s_and_saveexec_b32 s42, vcc_lo                             // 00000000961C: BEAA206A
	global_store_b16 v242, v240, s[10:11]                      // 000000009620: DC660000 000AF0F2
	s_mov_b32 exec_lo, s42                                     // 000000009628: BEFE002A
	v_mul_f32_e32 v238, v114, v58                              // 00000000962C: 11DC7572
	v_lshrrev_b32_e32 v239, 16, v238                           // 000000009630: 33DFDC90
	v_and_b32_e32 v239, 1, v239                                // 000000009634: 37DFDE81
	v_add_nc_u32_e32 v240, 0x7fff, v238                        // 000000009638: 4BE1DCFF 00007FFF
	v_add_nc_u32_e32 v240, v239, v240                          // 000000009640: 4BE1E1EF
	v_lshrrev_b32_e32 v240, 16, v240                           // 000000009644: 33E1E090
	v_add_nc_u32_e32 v241, 4, v6                               // 000000009648: 4BE20C84
	v_lshlrev_b32_e32 v242, 13, v241                           // 00000000964C: 31E5E28D
	v_add_nc_u32_e32 v242, s24, v242                           // 000000009650: 4BE5E418
	v_lshl_add_u32 v242, v3, 1, v242                           // 000000009654: D64600F2 07C90303
	v_add_nc_u32_e32 v242, 0xc0, v242                          // 00000000965C: 4BE5E4FF 000000C0
	v_cmp_gt_u32_e32 vcc_lo, s18, v241                         // 000000009664: 7C99E212
	s_and_saveexec_b32 s42, vcc_lo                             // 000000009668: BEAA206A
	global_store_b16 v242, v240, s[10:11]                      // 00000000966C: DC660000 000AF0F2
	s_mov_b32 exec_lo, s42                                     // 000000009674: BEFE002A
	v_mul_f32_e32 v238, v115, v59                              // 000000009678: 11DC7773
	v_lshrrev_b32_e32 v239, 16, v238                           // 00000000967C: 33DFDC90
	v_and_b32_e32 v239, 1, v239                                // 000000009680: 37DFDE81
	v_add_nc_u32_e32 v240, 0x7fff, v238                        // 000000009684: 4BE1DCFF 00007FFF
	v_add_nc_u32_e32 v240, v239, v240                          // 00000000968C: 4BE1E1EF
	v_lshrrev_b32_e32 v240, 16, v240                           // 000000009690: 33E1E090
	v_add_nc_u32_e32 v241, 6, v6                               // 000000009694: 4BE20C86
	v_lshlrev_b32_e32 v242, 13, v241                           // 000000009698: 31E5E28D
	v_add_nc_u32_e32 v242, s24, v242                           // 00000000969C: 4BE5E418
	v_lshl_add_u32 v242, v3, 1, v242                           // 0000000096A0: D64600F2 07C90303
	v_add_nc_u32_e32 v242, 0xc0, v242                          // 0000000096A8: 4BE5E4FF 000000C0
	v_cmp_gt_u32_e32 vcc_lo, s18, v241                         // 0000000096B0: 7C99E212
	s_and_saveexec_b32 s42, vcc_lo                             // 0000000096B4: BEAA206A
	global_store_b16 v242, v240, s[10:11]                      // 0000000096B8: DC660000 000AF0F2
	s_mov_b32 exec_lo, s42                                     // 0000000096C0: BEFE002A
	v_mul_f32_e32 v238, v116, v60                              // 0000000096C4: 11DC7974
	v_lshrrev_b32_e32 v239, 16, v238                           // 0000000096C8: 33DFDC90
	v_and_b32_e32 v239, 1, v239                                // 0000000096CC: 37DFDE81
	v_add_nc_u32_e32 v240, 0x7fff, v238                        // 0000000096D0: 4BE1DCFF 00007FFF
	v_add_nc_u32_e32 v240, v239, v240                          // 0000000096D8: 4BE1E1EF
	v_lshrrev_b32_e32 v240, 16, v240                           // 0000000096DC: 33E1E090
	v_add_nc_u32_e32 v241, 8, v6                               // 0000000096E0: 4BE20C88
	v_lshlrev_b32_e32 v242, 13, v241                           // 0000000096E4: 31E5E28D
	v_add_nc_u32_e32 v242, s24, v242                           // 0000000096E8: 4BE5E418
	v_lshl_add_u32 v242, v3, 1, v242                           // 0000000096EC: D64600F2 07C90303
	v_add_nc_u32_e32 v242, 0xc0, v242                          // 0000000096F4: 4BE5E4FF 000000C0
	v_cmp_gt_u32_e32 vcc_lo, s18, v241                         // 0000000096FC: 7C99E212
	s_and_saveexec_b32 s42, vcc_lo                             // 000000009700: BEAA206A
	global_store_b16 v242, v240, s[10:11]                      // 000000009704: DC660000 000AF0F2
	s_mov_b32 exec_lo, s42                                     // 00000000970C: BEFE002A
	v_mul_f32_e32 v238, v117, v61                              // 000000009710: 11DC7B75
	v_lshrrev_b32_e32 v239, 16, v238                           // 000000009714: 33DFDC90
	v_and_b32_e32 v239, 1, v239                                // 000000009718: 37DFDE81
	v_add_nc_u32_e32 v240, 0x7fff, v238                        // 00000000971C: 4BE1DCFF 00007FFF
	v_add_nc_u32_e32 v240, v239, v240                          // 000000009724: 4BE1E1EF
	v_lshrrev_b32_e32 v240, 16, v240                           // 000000009728: 33E1E090
	v_add_nc_u32_e32 v241, 10, v6                              // 00000000972C: 4BE20C8A
	v_lshlrev_b32_e32 v242, 13, v241                           // 000000009730: 31E5E28D
	v_add_nc_u32_e32 v242, s24, v242                           // 000000009734: 4BE5E418
	v_lshl_add_u32 v242, v3, 1, v242                           // 000000009738: D64600F2 07C90303
	v_add_nc_u32_e32 v242, 0xc0, v242                          // 000000009740: 4BE5E4FF 000000C0
	v_cmp_gt_u32_e32 vcc_lo, s18, v241                         // 000000009748: 7C99E212
	s_and_saveexec_b32 s42, vcc_lo                             // 00000000974C: BEAA206A
	global_store_b16 v242, v240, s[10:11]                      // 000000009750: DC660000 000AF0F2
	s_mov_b32 exec_lo, s42                                     // 000000009758: BEFE002A
	v_mul_f32_e32 v238, v118, v62                              // 00000000975C: 11DC7D76
	v_lshrrev_b32_e32 v239, 16, v238                           // 000000009760: 33DFDC90
	v_and_b32_e32 v239, 1, v239                                // 000000009764: 37DFDE81
	v_add_nc_u32_e32 v240, 0x7fff, v238                        // 000000009768: 4BE1DCFF 00007FFF
	v_add_nc_u32_e32 v240, v239, v240                          // 000000009770: 4BE1E1EF
	v_lshrrev_b32_e32 v240, 16, v240                           // 000000009774: 33E1E090
	v_add_nc_u32_e32 v241, 12, v6                              // 000000009778: 4BE20C8C
	v_lshlrev_b32_e32 v242, 13, v241                           // 00000000977C: 31E5E28D
	v_add_nc_u32_e32 v242, s24, v242                           // 000000009780: 4BE5E418
	v_lshl_add_u32 v242, v3, 1, v242                           // 000000009784: D64600F2 07C90303
	v_add_nc_u32_e32 v242, 0xc0, v242                          // 00000000978C: 4BE5E4FF 000000C0
	v_cmp_gt_u32_e32 vcc_lo, s18, v241                         // 000000009794: 7C99E212
	s_and_saveexec_b32 s42, vcc_lo                             // 000000009798: BEAA206A
	global_store_b16 v242, v240, s[10:11]                      // 00000000979C: DC660000 000AF0F2
	s_mov_b32 exec_lo, s42                                     // 0000000097A4: BEFE002A
	v_mul_f32_e32 v238, v119, v63                              // 0000000097A8: 11DC7F77
	v_lshrrev_b32_e32 v239, 16, v238                           // 0000000097AC: 33DFDC90
	v_and_b32_e32 v239, 1, v239                                // 0000000097B0: 37DFDE81
	v_add_nc_u32_e32 v240, 0x7fff, v238                        // 0000000097B4: 4BE1DCFF 00007FFF
	v_add_nc_u32_e32 v240, v239, v240                          // 0000000097BC: 4BE1E1EF
	v_lshrrev_b32_e32 v240, 16, v240                           // 0000000097C0: 33E1E090
	v_add_nc_u32_e32 v241, 14, v6                              // 0000000097C4: 4BE20C8E
	v_lshlrev_b32_e32 v242, 13, v241                           // 0000000097C8: 31E5E28D
	v_add_nc_u32_e32 v242, s24, v242                           // 0000000097CC: 4BE5E418
	v_lshl_add_u32 v242, v3, 1, v242                           // 0000000097D0: D64600F2 07C90303
	v_add_nc_u32_e32 v242, 0xc0, v242                          // 0000000097D8: 4BE5E4FF 000000C0
	v_cmp_gt_u32_e32 vcc_lo, s18, v241                         // 0000000097E0: 7C99E212
	s_and_saveexec_b32 s42, vcc_lo                             // 0000000097E4: BEAA206A
	global_store_b16 v242, v240, s[10:11]                      // 0000000097E8: DC660000 000AF0F2
	s_mov_b32 exec_lo, s42                                     // 0000000097F0: BEFE002A
	v_mul_f32_e32 v238, v120, v56                              // 0000000097F4: 11DC7178
	v_lshrrev_b32_e32 v239, 16, v238                           // 0000000097F8: 33DFDC90
	v_and_b32_e32 v239, 1, v239                                // 0000000097FC: 37DFDE81
	v_add_nc_u32_e32 v240, 0x7fff, v238                        // 000000009800: 4BE1DCFF 00007FFF
	v_add_nc_u32_e32 v240, v239, v240                          // 000000009808: 4BE1E1EF
	v_lshrrev_b32_e32 v240, 16, v240                           // 00000000980C: 33E1E090
	v_add_nc_u32_e32 v241, 0, v6                               // 000000009810: 4BE20C80
	v_lshlrev_b32_e32 v242, 13, v241                           // 000000009814: 31E5E28D
	v_add_nc_u32_e32 v242, s24, v242                           // 000000009818: 4BE5E418
	v_lshl_add_u32 v242, v3, 1, v242                           // 00000000981C: D64600F2 07C90303
	v_add_nc_u32_e32 v242, 0xe0, v242                          // 000000009824: 4BE5E4FF 000000E0
	v_cmp_gt_u32_e32 vcc_lo, s18, v241                         // 00000000982C: 7C99E212
	s_and_saveexec_b32 s42, vcc_lo                             // 000000009830: BEAA206A
	global_store_b16 v242, v240, s[10:11]                      // 000000009834: DC660000 000AF0F2
	s_mov_b32 exec_lo, s42                                     // 00000000983C: BEFE002A
	v_mul_f32_e32 v238, v121, v57                              // 000000009840: 11DC7379
	v_lshrrev_b32_e32 v239, 16, v238                           // 000000009844: 33DFDC90
	v_and_b32_e32 v239, 1, v239                                // 000000009848: 37DFDE81
	v_add_nc_u32_e32 v240, 0x7fff, v238                        // 00000000984C: 4BE1DCFF 00007FFF
	v_add_nc_u32_e32 v240, v239, v240                          // 000000009854: 4BE1E1EF
	v_lshrrev_b32_e32 v240, 16, v240                           // 000000009858: 33E1E090
	v_add_nc_u32_e32 v241, 2, v6                               // 00000000985C: 4BE20C82
	v_lshlrev_b32_e32 v242, 13, v241                           // 000000009860: 31E5E28D
	v_add_nc_u32_e32 v242, s24, v242                           // 000000009864: 4BE5E418
	v_lshl_add_u32 v242, v3, 1, v242                           // 000000009868: D64600F2 07C90303
	v_add_nc_u32_e32 v242, 0xe0, v242                          // 000000009870: 4BE5E4FF 000000E0
	v_cmp_gt_u32_e32 vcc_lo, s18, v241                         // 000000009878: 7C99E212
	s_and_saveexec_b32 s42, vcc_lo                             // 00000000987C: BEAA206A
	global_store_b16 v242, v240, s[10:11]                      // 000000009880: DC660000 000AF0F2
	s_mov_b32 exec_lo, s42                                     // 000000009888: BEFE002A
	v_mul_f32_e32 v238, v122, v58                              // 00000000988C: 11DC757A
	v_lshrrev_b32_e32 v239, 16, v238                           // 000000009890: 33DFDC90
	v_and_b32_e32 v239, 1, v239                                // 000000009894: 37DFDE81
	v_add_nc_u32_e32 v240, 0x7fff, v238                        // 000000009898: 4BE1DCFF 00007FFF
	v_add_nc_u32_e32 v240, v239, v240                          // 0000000098A0: 4BE1E1EF
	v_lshrrev_b32_e32 v240, 16, v240                           // 0000000098A4: 33E1E090
	v_add_nc_u32_e32 v241, 4, v6                               // 0000000098A8: 4BE20C84
	v_lshlrev_b32_e32 v242, 13, v241                           // 0000000098AC: 31E5E28D
	v_add_nc_u32_e32 v242, s24, v242                           // 0000000098B0: 4BE5E418
	v_lshl_add_u32 v242, v3, 1, v242                           // 0000000098B4: D64600F2 07C90303
	v_add_nc_u32_e32 v242, 0xe0, v242                          // 0000000098BC: 4BE5E4FF 000000E0
	v_cmp_gt_u32_e32 vcc_lo, s18, v241                         // 0000000098C4: 7C99E212
	s_and_saveexec_b32 s42, vcc_lo                             // 0000000098C8: BEAA206A
	global_store_b16 v242, v240, s[10:11]                      // 0000000098CC: DC660000 000AF0F2
	s_mov_b32 exec_lo, s42                                     // 0000000098D4: BEFE002A
	v_mul_f32_e32 v238, v123, v59                              // 0000000098D8: 11DC777B
	v_lshrrev_b32_e32 v239, 16, v238                           // 0000000098DC: 33DFDC90
	v_and_b32_e32 v239, 1, v239                                // 0000000098E0: 37DFDE81
	v_add_nc_u32_e32 v240, 0x7fff, v238                        // 0000000098E4: 4BE1DCFF 00007FFF
	v_add_nc_u32_e32 v240, v239, v240                          // 0000000098EC: 4BE1E1EF
	v_lshrrev_b32_e32 v240, 16, v240                           // 0000000098F0: 33E1E090
	v_add_nc_u32_e32 v241, 6, v6                               // 0000000098F4: 4BE20C86
	v_lshlrev_b32_e32 v242, 13, v241                           // 0000000098F8: 31E5E28D
	v_add_nc_u32_e32 v242, s24, v242                           // 0000000098FC: 4BE5E418
	v_lshl_add_u32 v242, v3, 1, v242                           // 000000009900: D64600F2 07C90303
	v_add_nc_u32_e32 v242, 0xe0, v242                          // 000000009908: 4BE5E4FF 000000E0
	v_cmp_gt_u32_e32 vcc_lo, s18, v241                         // 000000009910: 7C99E212
	s_and_saveexec_b32 s42, vcc_lo                             // 000000009914: BEAA206A
	global_store_b16 v242, v240, s[10:11]                      // 000000009918: DC660000 000AF0F2
	s_mov_b32 exec_lo, s42                                     // 000000009920: BEFE002A
	v_mul_f32_e32 v238, v124, v60                              // 000000009924: 11DC797C
	v_lshrrev_b32_e32 v239, 16, v238                           // 000000009928: 33DFDC90
	v_and_b32_e32 v239, 1, v239                                // 00000000992C: 37DFDE81
	v_add_nc_u32_e32 v240, 0x7fff, v238                        // 000000009930: 4BE1DCFF 00007FFF
	v_add_nc_u32_e32 v240, v239, v240                          // 000000009938: 4BE1E1EF
	v_lshrrev_b32_e32 v240, 16, v240                           // 00000000993C: 33E1E090
	v_add_nc_u32_e32 v241, 8, v6                               // 000000009940: 4BE20C88
	v_lshlrev_b32_e32 v242, 13, v241                           // 000000009944: 31E5E28D
	v_add_nc_u32_e32 v242, s24, v242                           // 000000009948: 4BE5E418
	v_lshl_add_u32 v242, v3, 1, v242                           // 00000000994C: D64600F2 07C90303
	v_add_nc_u32_e32 v242, 0xe0, v242                          // 000000009954: 4BE5E4FF 000000E0
	v_cmp_gt_u32_e32 vcc_lo, s18, v241                         // 00000000995C: 7C99E212
	s_and_saveexec_b32 s42, vcc_lo                             // 000000009960: BEAA206A
	global_store_b16 v242, v240, s[10:11]                      // 000000009964: DC660000 000AF0F2
	s_mov_b32 exec_lo, s42                                     // 00000000996C: BEFE002A
	v_mul_f32_e32 v238, v125, v61                              // 000000009970: 11DC7B7D
	v_lshrrev_b32_e32 v239, 16, v238                           // 000000009974: 33DFDC90
	v_and_b32_e32 v239, 1, v239                                // 000000009978: 37DFDE81
	v_add_nc_u32_e32 v240, 0x7fff, v238                        // 00000000997C: 4BE1DCFF 00007FFF
	v_add_nc_u32_e32 v240, v239, v240                          // 000000009984: 4BE1E1EF
	v_lshrrev_b32_e32 v240, 16, v240                           // 000000009988: 33E1E090
	v_add_nc_u32_e32 v241, 10, v6                              // 00000000998C: 4BE20C8A
	v_lshlrev_b32_e32 v242, 13, v241                           // 000000009990: 31E5E28D
	v_add_nc_u32_e32 v242, s24, v242                           // 000000009994: 4BE5E418
	v_lshl_add_u32 v242, v3, 1, v242                           // 000000009998: D64600F2 07C90303
	v_add_nc_u32_e32 v242, 0xe0, v242                          // 0000000099A0: 4BE5E4FF 000000E0
	v_cmp_gt_u32_e32 vcc_lo, s18, v241                         // 0000000099A8: 7C99E212
	s_and_saveexec_b32 s42, vcc_lo                             // 0000000099AC: BEAA206A
	global_store_b16 v242, v240, s[10:11]                      // 0000000099B0: DC660000 000AF0F2
	s_mov_b32 exec_lo, s42                                     // 0000000099B8: BEFE002A
	v_mul_f32_e32 v238, v126, v62                              // 0000000099BC: 11DC7D7E
	v_lshrrev_b32_e32 v239, 16, v238                           // 0000000099C0: 33DFDC90
	v_and_b32_e32 v239, 1, v239                                // 0000000099C4: 37DFDE81
	v_add_nc_u32_e32 v240, 0x7fff, v238                        // 0000000099C8: 4BE1DCFF 00007FFF
	v_add_nc_u32_e32 v240, v239, v240                          // 0000000099D0: 4BE1E1EF
	v_lshrrev_b32_e32 v240, 16, v240                           // 0000000099D4: 33E1E090
	v_add_nc_u32_e32 v241, 12, v6                              // 0000000099D8: 4BE20C8C
	v_lshlrev_b32_e32 v242, 13, v241                           // 0000000099DC: 31E5E28D
	v_add_nc_u32_e32 v242, s24, v242                           // 0000000099E0: 4BE5E418
	v_lshl_add_u32 v242, v3, 1, v242                           // 0000000099E4: D64600F2 07C90303
	v_add_nc_u32_e32 v242, 0xe0, v242                          // 0000000099EC: 4BE5E4FF 000000E0
	v_cmp_gt_u32_e32 vcc_lo, s18, v241                         // 0000000099F4: 7C99E212
	s_and_saveexec_b32 s42, vcc_lo                             // 0000000099F8: BEAA206A
	global_store_b16 v242, v240, s[10:11]                      // 0000000099FC: DC660000 000AF0F2
	s_mov_b32 exec_lo, s42                                     // 000000009A04: BEFE002A
	v_mul_f32_e32 v238, v127, v63                              // 000000009A08: 11DC7F7F
	v_lshrrev_b32_e32 v239, 16, v238                           // 000000009A0C: 33DFDC90
	v_and_b32_e32 v239, 1, v239                                // 000000009A10: 37DFDE81
	v_add_nc_u32_e32 v240, 0x7fff, v238                        // 000000009A14: 4BE1DCFF 00007FFF
	v_add_nc_u32_e32 v240, v239, v240                          // 000000009A1C: 4BE1E1EF
	v_lshrrev_b32_e32 v240, 16, v240                           // 000000009A20: 33E1E090
	v_add_nc_u32_e32 v241, 14, v6                              // 000000009A24: 4BE20C8E
	v_lshlrev_b32_e32 v242, 13, v241                           // 000000009A28: 31E5E28D
	v_add_nc_u32_e32 v242, s24, v242                           // 000000009A2C: 4BE5E418
	v_lshl_add_u32 v242, v3, 1, v242                           // 000000009A30: D64600F2 07C90303
	v_add_nc_u32_e32 v242, 0xe0, v242                          // 000000009A38: 4BE5E4FF 000000E0
	v_cmp_gt_u32_e32 vcc_lo, s18, v241                         // 000000009A40: 7C99E212
	s_and_saveexec_b32 s42, vcc_lo                             // 000000009A44: BEAA206A
	global_store_b16 v242, v240, s[10:11]                      // 000000009A48: DC660000 000AF0F2
	s_mov_b32 exec_lo, s42                                     // 000000009A50: BEFE002A
	v_mul_f32_e32 v238, v128, v56                              // 000000009A54: 11DC7180
	v_lshrrev_b32_e32 v239, 16, v238                           // 000000009A58: 33DFDC90
	v_and_b32_e32 v239, 1, v239                                // 000000009A5C: 37DFDE81
	v_add_nc_u32_e32 v240, 0x7fff, v238                        // 000000009A60: 4BE1DCFF 00007FFF
	v_add_nc_u32_e32 v240, v239, v240                          // 000000009A68: 4BE1E1EF
	v_lshrrev_b32_e32 v240, 16, v240                           // 000000009A6C: 33E1E090
	v_add_nc_u32_e32 v241, 0, v6                               // 000000009A70: 4BE20C80
	v_lshlrev_b32_e32 v242, 13, v241                           // 000000009A74: 31E5E28D
	v_add_nc_u32_e32 v242, s24, v242                           // 000000009A78: 4BE5E418
	v_lshl_add_u32 v242, v3, 1, v242                           // 000000009A7C: D64600F2 07C90303
	v_add_nc_u32_e32 v242, 0x100, v242                         // 000000009A84: 4BE5E4FF 00000100
	v_cmp_gt_u32_e32 vcc_lo, s18, v241                         // 000000009A8C: 7C99E212
	s_and_saveexec_b32 s42, vcc_lo                             // 000000009A90: BEAA206A
	global_store_b16 v242, v240, s[10:11]                      // 000000009A94: DC660000 000AF0F2
	s_mov_b32 exec_lo, s42                                     // 000000009A9C: BEFE002A
	v_mul_f32_e32 v238, v129, v57                              // 000000009AA0: 11DC7381
	v_lshrrev_b32_e32 v239, 16, v238                           // 000000009AA4: 33DFDC90
	v_and_b32_e32 v239, 1, v239                                // 000000009AA8: 37DFDE81
	v_add_nc_u32_e32 v240, 0x7fff, v238                        // 000000009AAC: 4BE1DCFF 00007FFF
	v_add_nc_u32_e32 v240, v239, v240                          // 000000009AB4: 4BE1E1EF
	v_lshrrev_b32_e32 v240, 16, v240                           // 000000009AB8: 33E1E090
	v_add_nc_u32_e32 v241, 2, v6                               // 000000009ABC: 4BE20C82
	v_lshlrev_b32_e32 v242, 13, v241                           // 000000009AC0: 31E5E28D
	v_add_nc_u32_e32 v242, s24, v242                           // 000000009AC4: 4BE5E418
	v_lshl_add_u32 v242, v3, 1, v242                           // 000000009AC8: D64600F2 07C90303
	v_add_nc_u32_e32 v242, 0x100, v242                         // 000000009AD0: 4BE5E4FF 00000100
	v_cmp_gt_u32_e32 vcc_lo, s18, v241                         // 000000009AD8: 7C99E212
	s_and_saveexec_b32 s42, vcc_lo                             // 000000009ADC: BEAA206A
	global_store_b16 v242, v240, s[10:11]                      // 000000009AE0: DC660000 000AF0F2
	s_mov_b32 exec_lo, s42                                     // 000000009AE8: BEFE002A
	v_mul_f32_e32 v238, v130, v58                              // 000000009AEC: 11DC7582
	v_lshrrev_b32_e32 v239, 16, v238                           // 000000009AF0: 33DFDC90
	v_and_b32_e32 v239, 1, v239                                // 000000009AF4: 37DFDE81
	v_add_nc_u32_e32 v240, 0x7fff, v238                        // 000000009AF8: 4BE1DCFF 00007FFF
	v_add_nc_u32_e32 v240, v239, v240                          // 000000009B00: 4BE1E1EF
	v_lshrrev_b32_e32 v240, 16, v240                           // 000000009B04: 33E1E090
	v_add_nc_u32_e32 v241, 4, v6                               // 000000009B08: 4BE20C84
	v_lshlrev_b32_e32 v242, 13, v241                           // 000000009B0C: 31E5E28D
	v_add_nc_u32_e32 v242, s24, v242                           // 000000009B10: 4BE5E418
	v_lshl_add_u32 v242, v3, 1, v242                           // 000000009B14: D64600F2 07C90303
	v_add_nc_u32_e32 v242, 0x100, v242                         // 000000009B1C: 4BE5E4FF 00000100
	v_cmp_gt_u32_e32 vcc_lo, s18, v241                         // 000000009B24: 7C99E212
	s_and_saveexec_b32 s42, vcc_lo                             // 000000009B28: BEAA206A
	global_store_b16 v242, v240, s[10:11]                      // 000000009B2C: DC660000 000AF0F2
	s_mov_b32 exec_lo, s42                                     // 000000009B34: BEFE002A
	v_mul_f32_e32 v238, v131, v59                              // 000000009B38: 11DC7783
	v_lshrrev_b32_e32 v239, 16, v238                           // 000000009B3C: 33DFDC90
	v_and_b32_e32 v239, 1, v239                                // 000000009B40: 37DFDE81
	v_add_nc_u32_e32 v240, 0x7fff, v238                        // 000000009B44: 4BE1DCFF 00007FFF
	v_add_nc_u32_e32 v240, v239, v240                          // 000000009B4C: 4BE1E1EF
	v_lshrrev_b32_e32 v240, 16, v240                           // 000000009B50: 33E1E090
	v_add_nc_u32_e32 v241, 6, v6                               // 000000009B54: 4BE20C86
	v_lshlrev_b32_e32 v242, 13, v241                           // 000000009B58: 31E5E28D
	v_add_nc_u32_e32 v242, s24, v242                           // 000000009B5C: 4BE5E418
	v_lshl_add_u32 v242, v3, 1, v242                           // 000000009B60: D64600F2 07C90303
	v_add_nc_u32_e32 v242, 0x100, v242                         // 000000009B68: 4BE5E4FF 00000100
	v_cmp_gt_u32_e32 vcc_lo, s18, v241                         // 000000009B70: 7C99E212
	s_and_saveexec_b32 s42, vcc_lo                             // 000000009B74: BEAA206A
	global_store_b16 v242, v240, s[10:11]                      // 000000009B78: DC660000 000AF0F2
	s_mov_b32 exec_lo, s42                                     // 000000009B80: BEFE002A
	v_mul_f32_e32 v238, v132, v60                              // 000000009B84: 11DC7984
	v_lshrrev_b32_e32 v239, 16, v238                           // 000000009B88: 33DFDC90
	v_and_b32_e32 v239, 1, v239                                // 000000009B8C: 37DFDE81
	v_add_nc_u32_e32 v240, 0x7fff, v238                        // 000000009B90: 4BE1DCFF 00007FFF
	v_add_nc_u32_e32 v240, v239, v240                          // 000000009B98: 4BE1E1EF
	v_lshrrev_b32_e32 v240, 16, v240                           // 000000009B9C: 33E1E090
	v_add_nc_u32_e32 v241, 8, v6                               // 000000009BA0: 4BE20C88
	v_lshlrev_b32_e32 v242, 13, v241                           // 000000009BA4: 31E5E28D
	v_add_nc_u32_e32 v242, s24, v242                           // 000000009BA8: 4BE5E418
	v_lshl_add_u32 v242, v3, 1, v242                           // 000000009BAC: D64600F2 07C90303
	v_add_nc_u32_e32 v242, 0x100, v242                         // 000000009BB4: 4BE5E4FF 00000100
	v_cmp_gt_u32_e32 vcc_lo, s18, v241                         // 000000009BBC: 7C99E212
	s_and_saveexec_b32 s42, vcc_lo                             // 000000009BC0: BEAA206A
	global_store_b16 v242, v240, s[10:11]                      // 000000009BC4: DC660000 000AF0F2
	s_mov_b32 exec_lo, s42                                     // 000000009BCC: BEFE002A
	v_mul_f32_e32 v238, v133, v61                              // 000000009BD0: 11DC7B85
	v_lshrrev_b32_e32 v239, 16, v238                           // 000000009BD4: 33DFDC90
	v_and_b32_e32 v239, 1, v239                                // 000000009BD8: 37DFDE81
	v_add_nc_u32_e32 v240, 0x7fff, v238                        // 000000009BDC: 4BE1DCFF 00007FFF
	v_add_nc_u32_e32 v240, v239, v240                          // 000000009BE4: 4BE1E1EF
	v_lshrrev_b32_e32 v240, 16, v240                           // 000000009BE8: 33E1E090
	v_add_nc_u32_e32 v241, 10, v6                              // 000000009BEC: 4BE20C8A
	v_lshlrev_b32_e32 v242, 13, v241                           // 000000009BF0: 31E5E28D
	v_add_nc_u32_e32 v242, s24, v242                           // 000000009BF4: 4BE5E418
	v_lshl_add_u32 v242, v3, 1, v242                           // 000000009BF8: D64600F2 07C90303
	v_add_nc_u32_e32 v242, 0x100, v242                         // 000000009C00: 4BE5E4FF 00000100
	v_cmp_gt_u32_e32 vcc_lo, s18, v241                         // 000000009C08: 7C99E212
	s_and_saveexec_b32 s42, vcc_lo                             // 000000009C0C: BEAA206A
	global_store_b16 v242, v240, s[10:11]                      // 000000009C10: DC660000 000AF0F2
	s_mov_b32 exec_lo, s42                                     // 000000009C18: BEFE002A
	v_mul_f32_e32 v238, v134, v62                              // 000000009C1C: 11DC7D86
	v_lshrrev_b32_e32 v239, 16, v238                           // 000000009C20: 33DFDC90
	v_and_b32_e32 v239, 1, v239                                // 000000009C24: 37DFDE81
	v_add_nc_u32_e32 v240, 0x7fff, v238                        // 000000009C28: 4BE1DCFF 00007FFF
	v_add_nc_u32_e32 v240, v239, v240                          // 000000009C30: 4BE1E1EF
	v_lshrrev_b32_e32 v240, 16, v240                           // 000000009C34: 33E1E090
	v_add_nc_u32_e32 v241, 12, v6                              // 000000009C38: 4BE20C8C
	v_lshlrev_b32_e32 v242, 13, v241                           // 000000009C3C: 31E5E28D
	v_add_nc_u32_e32 v242, s24, v242                           // 000000009C40: 4BE5E418
	v_lshl_add_u32 v242, v3, 1, v242                           // 000000009C44: D64600F2 07C90303
	v_add_nc_u32_e32 v242, 0x100, v242                         // 000000009C4C: 4BE5E4FF 00000100
	v_cmp_gt_u32_e32 vcc_lo, s18, v241                         // 000000009C54: 7C99E212
	s_and_saveexec_b32 s42, vcc_lo                             // 000000009C58: BEAA206A
	global_store_b16 v242, v240, s[10:11]                      // 000000009C5C: DC660000 000AF0F2
	s_mov_b32 exec_lo, s42                                     // 000000009C64: BEFE002A
	v_mul_f32_e32 v238, v135, v63                              // 000000009C68: 11DC7F87
	v_lshrrev_b32_e32 v239, 16, v238                           // 000000009C6C: 33DFDC90
	v_and_b32_e32 v239, 1, v239                                // 000000009C70: 37DFDE81
	v_add_nc_u32_e32 v240, 0x7fff, v238                        // 000000009C74: 4BE1DCFF 00007FFF
	v_add_nc_u32_e32 v240, v239, v240                          // 000000009C7C: 4BE1E1EF
	v_lshrrev_b32_e32 v240, 16, v240                           // 000000009C80: 33E1E090
	v_add_nc_u32_e32 v241, 14, v6                              // 000000009C84: 4BE20C8E
	v_lshlrev_b32_e32 v242, 13, v241                           // 000000009C88: 31E5E28D
	v_add_nc_u32_e32 v242, s24, v242                           // 000000009C8C: 4BE5E418
	v_lshl_add_u32 v242, v3, 1, v242                           // 000000009C90: D64600F2 07C90303
	v_add_nc_u32_e32 v242, 0x100, v242                         // 000000009C98: 4BE5E4FF 00000100
	v_cmp_gt_u32_e32 vcc_lo, s18, v241                         // 000000009CA0: 7C99E212
	s_and_saveexec_b32 s42, vcc_lo                             // 000000009CA4: BEAA206A
	global_store_b16 v242, v240, s[10:11]                      // 000000009CA8: DC660000 000AF0F2
	s_mov_b32 exec_lo, s42                                     // 000000009CB0: BEFE002A
	v_mul_f32_e32 v238, v136, v56                              // 000000009CB4: 11DC7188
	v_lshrrev_b32_e32 v239, 16, v238                           // 000000009CB8: 33DFDC90
	v_and_b32_e32 v239, 1, v239                                // 000000009CBC: 37DFDE81
	v_add_nc_u32_e32 v240, 0x7fff, v238                        // 000000009CC0: 4BE1DCFF 00007FFF
	v_add_nc_u32_e32 v240, v239, v240                          // 000000009CC8: 4BE1E1EF
	v_lshrrev_b32_e32 v240, 16, v240                           // 000000009CCC: 33E1E090
	v_add_nc_u32_e32 v241, 0, v6                               // 000000009CD0: 4BE20C80
	v_lshlrev_b32_e32 v242, 13, v241                           // 000000009CD4: 31E5E28D
	v_add_nc_u32_e32 v242, s24, v242                           // 000000009CD8: 4BE5E418
	v_lshl_add_u32 v242, v3, 1, v242                           // 000000009CDC: D64600F2 07C90303
	v_add_nc_u32_e32 v242, 0x120, v242                         // 000000009CE4: 4BE5E4FF 00000120
	v_cmp_gt_u32_e32 vcc_lo, s18, v241                         // 000000009CEC: 7C99E212
	s_and_saveexec_b32 s42, vcc_lo                             // 000000009CF0: BEAA206A
	global_store_b16 v242, v240, s[10:11]                      // 000000009CF4: DC660000 000AF0F2
	s_mov_b32 exec_lo, s42                                     // 000000009CFC: BEFE002A
	v_mul_f32_e32 v238, v137, v57                              // 000000009D00: 11DC7389
	v_lshrrev_b32_e32 v239, 16, v238                           // 000000009D04: 33DFDC90
	v_and_b32_e32 v239, 1, v239                                // 000000009D08: 37DFDE81
	v_add_nc_u32_e32 v240, 0x7fff, v238                        // 000000009D0C: 4BE1DCFF 00007FFF
	v_add_nc_u32_e32 v240, v239, v240                          // 000000009D14: 4BE1E1EF
	v_lshrrev_b32_e32 v240, 16, v240                           // 000000009D18: 33E1E090
	v_add_nc_u32_e32 v241, 2, v6                               // 000000009D1C: 4BE20C82
	v_lshlrev_b32_e32 v242, 13, v241                           // 000000009D20: 31E5E28D
	v_add_nc_u32_e32 v242, s24, v242                           // 000000009D24: 4BE5E418
	v_lshl_add_u32 v242, v3, 1, v242                           // 000000009D28: D64600F2 07C90303
	v_add_nc_u32_e32 v242, 0x120, v242                         // 000000009D30: 4BE5E4FF 00000120
	v_cmp_gt_u32_e32 vcc_lo, s18, v241                         // 000000009D38: 7C99E212
	s_and_saveexec_b32 s42, vcc_lo                             // 000000009D3C: BEAA206A
	global_store_b16 v242, v240, s[10:11]                      // 000000009D40: DC660000 000AF0F2
	s_mov_b32 exec_lo, s42                                     // 000000009D48: BEFE002A
	v_mul_f32_e32 v238, v138, v58                              // 000000009D4C: 11DC758A
	v_lshrrev_b32_e32 v239, 16, v238                           // 000000009D50: 33DFDC90
	v_and_b32_e32 v239, 1, v239                                // 000000009D54: 37DFDE81
	v_add_nc_u32_e32 v240, 0x7fff, v238                        // 000000009D58: 4BE1DCFF 00007FFF
	v_add_nc_u32_e32 v240, v239, v240                          // 000000009D60: 4BE1E1EF
	v_lshrrev_b32_e32 v240, 16, v240                           // 000000009D64: 33E1E090
	v_add_nc_u32_e32 v241, 4, v6                               // 000000009D68: 4BE20C84
	v_lshlrev_b32_e32 v242, 13, v241                           // 000000009D6C: 31E5E28D
	v_add_nc_u32_e32 v242, s24, v242                           // 000000009D70: 4BE5E418
	v_lshl_add_u32 v242, v3, 1, v242                           // 000000009D74: D64600F2 07C90303
	v_add_nc_u32_e32 v242, 0x120, v242                         // 000000009D7C: 4BE5E4FF 00000120
	v_cmp_gt_u32_e32 vcc_lo, s18, v241                         // 000000009D84: 7C99E212
	s_and_saveexec_b32 s42, vcc_lo                             // 000000009D88: BEAA206A
	global_store_b16 v242, v240, s[10:11]                      // 000000009D8C: DC660000 000AF0F2
	s_mov_b32 exec_lo, s42                                     // 000000009D94: BEFE002A
	v_mul_f32_e32 v238, v139, v59                              // 000000009D98: 11DC778B
	v_lshrrev_b32_e32 v239, 16, v238                           // 000000009D9C: 33DFDC90
	v_and_b32_e32 v239, 1, v239                                // 000000009DA0: 37DFDE81
	v_add_nc_u32_e32 v240, 0x7fff, v238                        // 000000009DA4: 4BE1DCFF 00007FFF
	v_add_nc_u32_e32 v240, v239, v240                          // 000000009DAC: 4BE1E1EF
	v_lshrrev_b32_e32 v240, 16, v240                           // 000000009DB0: 33E1E090
	v_add_nc_u32_e32 v241, 6, v6                               // 000000009DB4: 4BE20C86
	v_lshlrev_b32_e32 v242, 13, v241                           // 000000009DB8: 31E5E28D
	v_add_nc_u32_e32 v242, s24, v242                           // 000000009DBC: 4BE5E418
	v_lshl_add_u32 v242, v3, 1, v242                           // 000000009DC0: D64600F2 07C90303
	v_add_nc_u32_e32 v242, 0x120, v242                         // 000000009DC8: 4BE5E4FF 00000120
	v_cmp_gt_u32_e32 vcc_lo, s18, v241                         // 000000009DD0: 7C99E212
	s_and_saveexec_b32 s42, vcc_lo                             // 000000009DD4: BEAA206A
	global_store_b16 v242, v240, s[10:11]                      // 000000009DD8: DC660000 000AF0F2
	s_mov_b32 exec_lo, s42                                     // 000000009DE0: BEFE002A
	v_mul_f32_e32 v238, v140, v60                              // 000000009DE4: 11DC798C
	v_lshrrev_b32_e32 v239, 16, v238                           // 000000009DE8: 33DFDC90
	v_and_b32_e32 v239, 1, v239                                // 000000009DEC: 37DFDE81
	v_add_nc_u32_e32 v240, 0x7fff, v238                        // 000000009DF0: 4BE1DCFF 00007FFF
	v_add_nc_u32_e32 v240, v239, v240                          // 000000009DF8: 4BE1E1EF
	v_lshrrev_b32_e32 v240, 16, v240                           // 000000009DFC: 33E1E090
	v_add_nc_u32_e32 v241, 8, v6                               // 000000009E00: 4BE20C88
	v_lshlrev_b32_e32 v242, 13, v241                           // 000000009E04: 31E5E28D
	v_add_nc_u32_e32 v242, s24, v242                           // 000000009E08: 4BE5E418
	v_lshl_add_u32 v242, v3, 1, v242                           // 000000009E0C: D64600F2 07C90303
	v_add_nc_u32_e32 v242, 0x120, v242                         // 000000009E14: 4BE5E4FF 00000120
	v_cmp_gt_u32_e32 vcc_lo, s18, v241                         // 000000009E1C: 7C99E212
	s_and_saveexec_b32 s42, vcc_lo                             // 000000009E20: BEAA206A
	global_store_b16 v242, v240, s[10:11]                      // 000000009E24: DC660000 000AF0F2
	s_mov_b32 exec_lo, s42                                     // 000000009E2C: BEFE002A
	v_mul_f32_e32 v238, v141, v61                              // 000000009E30: 11DC7B8D
	v_lshrrev_b32_e32 v239, 16, v238                           // 000000009E34: 33DFDC90
	v_and_b32_e32 v239, 1, v239                                // 000000009E38: 37DFDE81
	v_add_nc_u32_e32 v240, 0x7fff, v238                        // 000000009E3C: 4BE1DCFF 00007FFF
	v_add_nc_u32_e32 v240, v239, v240                          // 000000009E44: 4BE1E1EF
	v_lshrrev_b32_e32 v240, 16, v240                           // 000000009E48: 33E1E090
	v_add_nc_u32_e32 v241, 10, v6                              // 000000009E4C: 4BE20C8A
	v_lshlrev_b32_e32 v242, 13, v241                           // 000000009E50: 31E5E28D
	v_add_nc_u32_e32 v242, s24, v242                           // 000000009E54: 4BE5E418
	v_lshl_add_u32 v242, v3, 1, v242                           // 000000009E58: D64600F2 07C90303
	v_add_nc_u32_e32 v242, 0x120, v242                         // 000000009E60: 4BE5E4FF 00000120
	v_cmp_gt_u32_e32 vcc_lo, s18, v241                         // 000000009E68: 7C99E212
	s_and_saveexec_b32 s42, vcc_lo                             // 000000009E6C: BEAA206A
	global_store_b16 v242, v240, s[10:11]                      // 000000009E70: DC660000 000AF0F2
	s_mov_b32 exec_lo, s42                                     // 000000009E78: BEFE002A
	v_mul_f32_e32 v238, v142, v62                              // 000000009E7C: 11DC7D8E
	v_lshrrev_b32_e32 v239, 16, v238                           // 000000009E80: 33DFDC90
	v_and_b32_e32 v239, 1, v239                                // 000000009E84: 37DFDE81
	v_add_nc_u32_e32 v240, 0x7fff, v238                        // 000000009E88: 4BE1DCFF 00007FFF
	v_add_nc_u32_e32 v240, v239, v240                          // 000000009E90: 4BE1E1EF
	v_lshrrev_b32_e32 v240, 16, v240                           // 000000009E94: 33E1E090
	v_add_nc_u32_e32 v241, 12, v6                              // 000000009E98: 4BE20C8C
	v_lshlrev_b32_e32 v242, 13, v241                           // 000000009E9C: 31E5E28D
	v_add_nc_u32_e32 v242, s24, v242                           // 000000009EA0: 4BE5E418
	v_lshl_add_u32 v242, v3, 1, v242                           // 000000009EA4: D64600F2 07C90303
	v_add_nc_u32_e32 v242, 0x120, v242                         // 000000009EAC: 4BE5E4FF 00000120
	v_cmp_gt_u32_e32 vcc_lo, s18, v241                         // 000000009EB4: 7C99E212
	s_and_saveexec_b32 s42, vcc_lo                             // 000000009EB8: BEAA206A
	global_store_b16 v242, v240, s[10:11]                      // 000000009EBC: DC660000 000AF0F2
	s_mov_b32 exec_lo, s42                                     // 000000009EC4: BEFE002A
	v_mul_f32_e32 v238, v143, v63                              // 000000009EC8: 11DC7F8F
	v_lshrrev_b32_e32 v239, 16, v238                           // 000000009ECC: 33DFDC90
	v_and_b32_e32 v239, 1, v239                                // 000000009ED0: 37DFDE81
	v_add_nc_u32_e32 v240, 0x7fff, v238                        // 000000009ED4: 4BE1DCFF 00007FFF
	v_add_nc_u32_e32 v240, v239, v240                          // 000000009EDC: 4BE1E1EF
	v_lshrrev_b32_e32 v240, 16, v240                           // 000000009EE0: 33E1E090
	v_add_nc_u32_e32 v241, 14, v6                              // 000000009EE4: 4BE20C8E
	v_lshlrev_b32_e32 v242, 13, v241                           // 000000009EE8: 31E5E28D
	v_add_nc_u32_e32 v242, s24, v242                           // 000000009EEC: 4BE5E418
	v_lshl_add_u32 v242, v3, 1, v242                           // 000000009EF0: D64600F2 07C90303
	v_add_nc_u32_e32 v242, 0x120, v242                         // 000000009EF8: 4BE5E4FF 00000120
	v_cmp_gt_u32_e32 vcc_lo, s18, v241                         // 000000009F00: 7C99E212
	s_and_saveexec_b32 s42, vcc_lo                             // 000000009F04: BEAA206A
	global_store_b16 v242, v240, s[10:11]                      // 000000009F08: DC660000 000AF0F2
	s_mov_b32 exec_lo, s42                                     // 000000009F10: BEFE002A
	v_mul_f32_e32 v238, v144, v56                              // 000000009F14: 11DC7190
	v_lshrrev_b32_e32 v239, 16, v238                           // 000000009F18: 33DFDC90
	v_and_b32_e32 v239, 1, v239                                // 000000009F1C: 37DFDE81
	v_add_nc_u32_e32 v240, 0x7fff, v238                        // 000000009F20: 4BE1DCFF 00007FFF
	v_add_nc_u32_e32 v240, v239, v240                          // 000000009F28: 4BE1E1EF
	v_lshrrev_b32_e32 v240, 16, v240                           // 000000009F2C: 33E1E090
	v_add_nc_u32_e32 v241, 0, v6                               // 000000009F30: 4BE20C80
	v_lshlrev_b32_e32 v242, 13, v241                           // 000000009F34: 31E5E28D
	v_add_nc_u32_e32 v242, s24, v242                           // 000000009F38: 4BE5E418
	v_lshl_add_u32 v242, v3, 1, v242                           // 000000009F3C: D64600F2 07C90303
	v_add_nc_u32_e32 v242, 0x140, v242                         // 000000009F44: 4BE5E4FF 00000140
	v_cmp_gt_u32_e32 vcc_lo, s18, v241                         // 000000009F4C: 7C99E212
	s_and_saveexec_b32 s42, vcc_lo                             // 000000009F50: BEAA206A
	global_store_b16 v242, v240, s[10:11]                      // 000000009F54: DC660000 000AF0F2
	s_mov_b32 exec_lo, s42                                     // 000000009F5C: BEFE002A
	v_mul_f32_e32 v238, v145, v57                              // 000000009F60: 11DC7391
	v_lshrrev_b32_e32 v239, 16, v238                           // 000000009F64: 33DFDC90
	v_and_b32_e32 v239, 1, v239                                // 000000009F68: 37DFDE81
	v_add_nc_u32_e32 v240, 0x7fff, v238                        // 000000009F6C: 4BE1DCFF 00007FFF
	v_add_nc_u32_e32 v240, v239, v240                          // 000000009F74: 4BE1E1EF
	v_lshrrev_b32_e32 v240, 16, v240                           // 000000009F78: 33E1E090
	v_add_nc_u32_e32 v241, 2, v6                               // 000000009F7C: 4BE20C82
	v_lshlrev_b32_e32 v242, 13, v241                           // 000000009F80: 31E5E28D
	v_add_nc_u32_e32 v242, s24, v242                           // 000000009F84: 4BE5E418
	v_lshl_add_u32 v242, v3, 1, v242                           // 000000009F88: D64600F2 07C90303
	v_add_nc_u32_e32 v242, 0x140, v242                         // 000000009F90: 4BE5E4FF 00000140
	v_cmp_gt_u32_e32 vcc_lo, s18, v241                         // 000000009F98: 7C99E212
	s_and_saveexec_b32 s42, vcc_lo                             // 000000009F9C: BEAA206A
	global_store_b16 v242, v240, s[10:11]                      // 000000009FA0: DC660000 000AF0F2
	s_mov_b32 exec_lo, s42                                     // 000000009FA8: BEFE002A
	v_mul_f32_e32 v238, v146, v58                              // 000000009FAC: 11DC7592
	v_lshrrev_b32_e32 v239, 16, v238                           // 000000009FB0: 33DFDC90
	v_and_b32_e32 v239, 1, v239                                // 000000009FB4: 37DFDE81
	v_add_nc_u32_e32 v240, 0x7fff, v238                        // 000000009FB8: 4BE1DCFF 00007FFF
	v_add_nc_u32_e32 v240, v239, v240                          // 000000009FC0: 4BE1E1EF
	v_lshrrev_b32_e32 v240, 16, v240                           // 000000009FC4: 33E1E090
	v_add_nc_u32_e32 v241, 4, v6                               // 000000009FC8: 4BE20C84
	v_lshlrev_b32_e32 v242, 13, v241                           // 000000009FCC: 31E5E28D
	v_add_nc_u32_e32 v242, s24, v242                           // 000000009FD0: 4BE5E418
	v_lshl_add_u32 v242, v3, 1, v242                           // 000000009FD4: D64600F2 07C90303
	v_add_nc_u32_e32 v242, 0x140, v242                         // 000000009FDC: 4BE5E4FF 00000140
	v_cmp_gt_u32_e32 vcc_lo, s18, v241                         // 000000009FE4: 7C99E212
	s_and_saveexec_b32 s42, vcc_lo                             // 000000009FE8: BEAA206A
	global_store_b16 v242, v240, s[10:11]                      // 000000009FEC: DC660000 000AF0F2
	s_mov_b32 exec_lo, s42                                     // 000000009FF4: BEFE002A
	v_mul_f32_e32 v238, v147, v59                              // 000000009FF8: 11DC7793
	v_lshrrev_b32_e32 v239, 16, v238                           // 000000009FFC: 33DFDC90
	v_and_b32_e32 v239, 1, v239                                // 00000000A000: 37DFDE81
	v_add_nc_u32_e32 v240, 0x7fff, v238                        // 00000000A004: 4BE1DCFF 00007FFF
	v_add_nc_u32_e32 v240, v239, v240                          // 00000000A00C: 4BE1E1EF
	v_lshrrev_b32_e32 v240, 16, v240                           // 00000000A010: 33E1E090
	v_add_nc_u32_e32 v241, 6, v6                               // 00000000A014: 4BE20C86
	v_lshlrev_b32_e32 v242, 13, v241                           // 00000000A018: 31E5E28D
	v_add_nc_u32_e32 v242, s24, v242                           // 00000000A01C: 4BE5E418
	v_lshl_add_u32 v242, v3, 1, v242                           // 00000000A020: D64600F2 07C90303
	v_add_nc_u32_e32 v242, 0x140, v242                         // 00000000A028: 4BE5E4FF 00000140
	v_cmp_gt_u32_e32 vcc_lo, s18, v241                         // 00000000A030: 7C99E212
	s_and_saveexec_b32 s42, vcc_lo                             // 00000000A034: BEAA206A
	global_store_b16 v242, v240, s[10:11]                      // 00000000A038: DC660000 000AF0F2
	s_mov_b32 exec_lo, s42                                     // 00000000A040: BEFE002A
	v_mul_f32_e32 v238, v148, v60                              // 00000000A044: 11DC7994
	v_lshrrev_b32_e32 v239, 16, v238                           // 00000000A048: 33DFDC90
	v_and_b32_e32 v239, 1, v239                                // 00000000A04C: 37DFDE81
	v_add_nc_u32_e32 v240, 0x7fff, v238                        // 00000000A050: 4BE1DCFF 00007FFF
	v_add_nc_u32_e32 v240, v239, v240                          // 00000000A058: 4BE1E1EF
	v_lshrrev_b32_e32 v240, 16, v240                           // 00000000A05C: 33E1E090
	v_add_nc_u32_e32 v241, 8, v6                               // 00000000A060: 4BE20C88
	v_lshlrev_b32_e32 v242, 13, v241                           // 00000000A064: 31E5E28D
	v_add_nc_u32_e32 v242, s24, v242                           // 00000000A068: 4BE5E418
	v_lshl_add_u32 v242, v3, 1, v242                           // 00000000A06C: D64600F2 07C90303
	v_add_nc_u32_e32 v242, 0x140, v242                         // 00000000A074: 4BE5E4FF 00000140
	v_cmp_gt_u32_e32 vcc_lo, s18, v241                         // 00000000A07C: 7C99E212
	s_and_saveexec_b32 s42, vcc_lo                             // 00000000A080: BEAA206A
	global_store_b16 v242, v240, s[10:11]                      // 00000000A084: DC660000 000AF0F2
	s_mov_b32 exec_lo, s42                                     // 00000000A08C: BEFE002A
	v_mul_f32_e32 v238, v149, v61                              // 00000000A090: 11DC7B95
	v_lshrrev_b32_e32 v239, 16, v238                           // 00000000A094: 33DFDC90
	v_and_b32_e32 v239, 1, v239                                // 00000000A098: 37DFDE81
	v_add_nc_u32_e32 v240, 0x7fff, v238                        // 00000000A09C: 4BE1DCFF 00007FFF
	v_add_nc_u32_e32 v240, v239, v240                          // 00000000A0A4: 4BE1E1EF
	v_lshrrev_b32_e32 v240, 16, v240                           // 00000000A0A8: 33E1E090
	v_add_nc_u32_e32 v241, 10, v6                              // 00000000A0AC: 4BE20C8A
	v_lshlrev_b32_e32 v242, 13, v241                           // 00000000A0B0: 31E5E28D
	v_add_nc_u32_e32 v242, s24, v242                           // 00000000A0B4: 4BE5E418
	v_lshl_add_u32 v242, v3, 1, v242                           // 00000000A0B8: D64600F2 07C90303
	v_add_nc_u32_e32 v242, 0x140, v242                         // 00000000A0C0: 4BE5E4FF 00000140
	v_cmp_gt_u32_e32 vcc_lo, s18, v241                         // 00000000A0C8: 7C99E212
	s_and_saveexec_b32 s42, vcc_lo                             // 00000000A0CC: BEAA206A
	global_store_b16 v242, v240, s[10:11]                      // 00000000A0D0: DC660000 000AF0F2
	s_mov_b32 exec_lo, s42                                     // 00000000A0D8: BEFE002A
	v_mul_f32_e32 v238, v150, v62                              // 00000000A0DC: 11DC7D96
	v_lshrrev_b32_e32 v239, 16, v238                           // 00000000A0E0: 33DFDC90
	v_and_b32_e32 v239, 1, v239                                // 00000000A0E4: 37DFDE81
	v_add_nc_u32_e32 v240, 0x7fff, v238                        // 00000000A0E8: 4BE1DCFF 00007FFF
	v_add_nc_u32_e32 v240, v239, v240                          // 00000000A0F0: 4BE1E1EF
	v_lshrrev_b32_e32 v240, 16, v240                           // 00000000A0F4: 33E1E090
	v_add_nc_u32_e32 v241, 12, v6                              // 00000000A0F8: 4BE20C8C
	v_lshlrev_b32_e32 v242, 13, v241                           // 00000000A0FC: 31E5E28D
	v_add_nc_u32_e32 v242, s24, v242                           // 00000000A100: 4BE5E418
	v_lshl_add_u32 v242, v3, 1, v242                           // 00000000A104: D64600F2 07C90303
	v_add_nc_u32_e32 v242, 0x140, v242                         // 00000000A10C: 4BE5E4FF 00000140
	v_cmp_gt_u32_e32 vcc_lo, s18, v241                         // 00000000A114: 7C99E212
	s_and_saveexec_b32 s42, vcc_lo                             // 00000000A118: BEAA206A
	global_store_b16 v242, v240, s[10:11]                      // 00000000A11C: DC660000 000AF0F2
	s_mov_b32 exec_lo, s42                                     // 00000000A124: BEFE002A
	v_mul_f32_e32 v238, v151, v63                              // 00000000A128: 11DC7F97
	v_lshrrev_b32_e32 v239, 16, v238                           // 00000000A12C: 33DFDC90
	v_and_b32_e32 v239, 1, v239                                // 00000000A130: 37DFDE81
	v_add_nc_u32_e32 v240, 0x7fff, v238                        // 00000000A134: 4BE1DCFF 00007FFF
	v_add_nc_u32_e32 v240, v239, v240                          // 00000000A13C: 4BE1E1EF
	v_lshrrev_b32_e32 v240, 16, v240                           // 00000000A140: 33E1E090
	v_add_nc_u32_e32 v241, 14, v6                              // 00000000A144: 4BE20C8E
	v_lshlrev_b32_e32 v242, 13, v241                           // 00000000A148: 31E5E28D
	v_add_nc_u32_e32 v242, s24, v242                           // 00000000A14C: 4BE5E418
	v_lshl_add_u32 v242, v3, 1, v242                           // 00000000A150: D64600F2 07C90303
	v_add_nc_u32_e32 v242, 0x140, v242                         // 00000000A158: 4BE5E4FF 00000140
	v_cmp_gt_u32_e32 vcc_lo, s18, v241                         // 00000000A160: 7C99E212
	s_and_saveexec_b32 s42, vcc_lo                             // 00000000A164: BEAA206A
	global_store_b16 v242, v240, s[10:11]                      // 00000000A168: DC660000 000AF0F2
	s_mov_b32 exec_lo, s42                                     // 00000000A170: BEFE002A
	v_mul_f32_e32 v238, v152, v56                              // 00000000A174: 11DC7198
	v_lshrrev_b32_e32 v239, 16, v238                           // 00000000A178: 33DFDC90
	v_and_b32_e32 v239, 1, v239                                // 00000000A17C: 37DFDE81
	v_add_nc_u32_e32 v240, 0x7fff, v238                        // 00000000A180: 4BE1DCFF 00007FFF
	v_add_nc_u32_e32 v240, v239, v240                          // 00000000A188: 4BE1E1EF
	v_lshrrev_b32_e32 v240, 16, v240                           // 00000000A18C: 33E1E090
	v_add_nc_u32_e32 v241, 0, v6                               // 00000000A190: 4BE20C80
	v_lshlrev_b32_e32 v242, 13, v241                           // 00000000A194: 31E5E28D
	v_add_nc_u32_e32 v242, s24, v242                           // 00000000A198: 4BE5E418
	v_lshl_add_u32 v242, v3, 1, v242                           // 00000000A19C: D64600F2 07C90303
	v_add_nc_u32_e32 v242, 0x160, v242                         // 00000000A1A4: 4BE5E4FF 00000160
	v_cmp_gt_u32_e32 vcc_lo, s18, v241                         // 00000000A1AC: 7C99E212
	s_and_saveexec_b32 s42, vcc_lo                             // 00000000A1B0: BEAA206A
	global_store_b16 v242, v240, s[10:11]                      // 00000000A1B4: DC660000 000AF0F2
	s_mov_b32 exec_lo, s42                                     // 00000000A1BC: BEFE002A
	v_mul_f32_e32 v238, v153, v57                              // 00000000A1C0: 11DC7399
	v_lshrrev_b32_e32 v239, 16, v238                           // 00000000A1C4: 33DFDC90
	v_and_b32_e32 v239, 1, v239                                // 00000000A1C8: 37DFDE81
	v_add_nc_u32_e32 v240, 0x7fff, v238                        // 00000000A1CC: 4BE1DCFF 00007FFF
	v_add_nc_u32_e32 v240, v239, v240                          // 00000000A1D4: 4BE1E1EF
	v_lshrrev_b32_e32 v240, 16, v240                           // 00000000A1D8: 33E1E090
	v_add_nc_u32_e32 v241, 2, v6                               // 00000000A1DC: 4BE20C82
	v_lshlrev_b32_e32 v242, 13, v241                           // 00000000A1E0: 31E5E28D
	v_add_nc_u32_e32 v242, s24, v242                           // 00000000A1E4: 4BE5E418
	v_lshl_add_u32 v242, v3, 1, v242                           // 00000000A1E8: D64600F2 07C90303
	v_add_nc_u32_e32 v242, 0x160, v242                         // 00000000A1F0: 4BE5E4FF 00000160
	v_cmp_gt_u32_e32 vcc_lo, s18, v241                         // 00000000A1F8: 7C99E212
	s_and_saveexec_b32 s42, vcc_lo                             // 00000000A1FC: BEAA206A
	global_store_b16 v242, v240, s[10:11]                      // 00000000A200: DC660000 000AF0F2
	s_mov_b32 exec_lo, s42                                     // 00000000A208: BEFE002A
	v_mul_f32_e32 v238, v154, v58                              // 00000000A20C: 11DC759A
	v_lshrrev_b32_e32 v239, 16, v238                           // 00000000A210: 33DFDC90
	v_and_b32_e32 v239, 1, v239                                // 00000000A214: 37DFDE81
	v_add_nc_u32_e32 v240, 0x7fff, v238                        // 00000000A218: 4BE1DCFF 00007FFF
	v_add_nc_u32_e32 v240, v239, v240                          // 00000000A220: 4BE1E1EF
	v_lshrrev_b32_e32 v240, 16, v240                           // 00000000A224: 33E1E090
	v_add_nc_u32_e32 v241, 4, v6                               // 00000000A228: 4BE20C84
	v_lshlrev_b32_e32 v242, 13, v241                           // 00000000A22C: 31E5E28D
	v_add_nc_u32_e32 v242, s24, v242                           // 00000000A230: 4BE5E418
	v_lshl_add_u32 v242, v3, 1, v242                           // 00000000A234: D64600F2 07C90303
	v_add_nc_u32_e32 v242, 0x160, v242                         // 00000000A23C: 4BE5E4FF 00000160
	v_cmp_gt_u32_e32 vcc_lo, s18, v241                         // 00000000A244: 7C99E212
	s_and_saveexec_b32 s42, vcc_lo                             // 00000000A248: BEAA206A
	global_store_b16 v242, v240, s[10:11]                      // 00000000A24C: DC660000 000AF0F2
	s_mov_b32 exec_lo, s42                                     // 00000000A254: BEFE002A
	v_mul_f32_e32 v238, v155, v59                              // 00000000A258: 11DC779B
	v_lshrrev_b32_e32 v239, 16, v238                           // 00000000A25C: 33DFDC90
	v_and_b32_e32 v239, 1, v239                                // 00000000A260: 37DFDE81
	v_add_nc_u32_e32 v240, 0x7fff, v238                        // 00000000A264: 4BE1DCFF 00007FFF
	v_add_nc_u32_e32 v240, v239, v240                          // 00000000A26C: 4BE1E1EF
	v_lshrrev_b32_e32 v240, 16, v240                           // 00000000A270: 33E1E090
	v_add_nc_u32_e32 v241, 6, v6                               // 00000000A274: 4BE20C86
	v_lshlrev_b32_e32 v242, 13, v241                           // 00000000A278: 31E5E28D
	v_add_nc_u32_e32 v242, s24, v242                           // 00000000A27C: 4BE5E418
	v_lshl_add_u32 v242, v3, 1, v242                           // 00000000A280: D64600F2 07C90303
	v_add_nc_u32_e32 v242, 0x160, v242                         // 00000000A288: 4BE5E4FF 00000160
	v_cmp_gt_u32_e32 vcc_lo, s18, v241                         // 00000000A290: 7C99E212
	s_and_saveexec_b32 s42, vcc_lo                             // 00000000A294: BEAA206A
	global_store_b16 v242, v240, s[10:11]                      // 00000000A298: DC660000 000AF0F2
	s_mov_b32 exec_lo, s42                                     // 00000000A2A0: BEFE002A
	v_mul_f32_e32 v238, v156, v60                              // 00000000A2A4: 11DC799C
	v_lshrrev_b32_e32 v239, 16, v238                           // 00000000A2A8: 33DFDC90
	v_and_b32_e32 v239, 1, v239                                // 00000000A2AC: 37DFDE81
	v_add_nc_u32_e32 v240, 0x7fff, v238                        // 00000000A2B0: 4BE1DCFF 00007FFF
	v_add_nc_u32_e32 v240, v239, v240                          // 00000000A2B8: 4BE1E1EF
	v_lshrrev_b32_e32 v240, 16, v240                           // 00000000A2BC: 33E1E090
	v_add_nc_u32_e32 v241, 8, v6                               // 00000000A2C0: 4BE20C88
	v_lshlrev_b32_e32 v242, 13, v241                           // 00000000A2C4: 31E5E28D
	v_add_nc_u32_e32 v242, s24, v242                           // 00000000A2C8: 4BE5E418
	v_lshl_add_u32 v242, v3, 1, v242                           // 00000000A2CC: D64600F2 07C90303
	v_add_nc_u32_e32 v242, 0x160, v242                         // 00000000A2D4: 4BE5E4FF 00000160
	v_cmp_gt_u32_e32 vcc_lo, s18, v241                         // 00000000A2DC: 7C99E212
	s_and_saveexec_b32 s42, vcc_lo                             // 00000000A2E0: BEAA206A
	global_store_b16 v242, v240, s[10:11]                      // 00000000A2E4: DC660000 000AF0F2
	s_mov_b32 exec_lo, s42                                     // 00000000A2EC: BEFE002A
	v_mul_f32_e32 v238, v157, v61                              // 00000000A2F0: 11DC7B9D
	v_lshrrev_b32_e32 v239, 16, v238                           // 00000000A2F4: 33DFDC90
	v_and_b32_e32 v239, 1, v239                                // 00000000A2F8: 37DFDE81
	v_add_nc_u32_e32 v240, 0x7fff, v238                        // 00000000A2FC: 4BE1DCFF 00007FFF
	v_add_nc_u32_e32 v240, v239, v240                          // 00000000A304: 4BE1E1EF
	v_lshrrev_b32_e32 v240, 16, v240                           // 00000000A308: 33E1E090
	v_add_nc_u32_e32 v241, 10, v6                              // 00000000A30C: 4BE20C8A
	v_lshlrev_b32_e32 v242, 13, v241                           // 00000000A310: 31E5E28D
	v_add_nc_u32_e32 v242, s24, v242                           // 00000000A314: 4BE5E418
	v_lshl_add_u32 v242, v3, 1, v242                           // 00000000A318: D64600F2 07C90303
	v_add_nc_u32_e32 v242, 0x160, v242                         // 00000000A320: 4BE5E4FF 00000160
	v_cmp_gt_u32_e32 vcc_lo, s18, v241                         // 00000000A328: 7C99E212
	s_and_saveexec_b32 s42, vcc_lo                             // 00000000A32C: BEAA206A
	global_store_b16 v242, v240, s[10:11]                      // 00000000A330: DC660000 000AF0F2
	s_mov_b32 exec_lo, s42                                     // 00000000A338: BEFE002A
	v_mul_f32_e32 v238, v158, v62                              // 00000000A33C: 11DC7D9E
	v_lshrrev_b32_e32 v239, 16, v238                           // 00000000A340: 33DFDC90
	v_and_b32_e32 v239, 1, v239                                // 00000000A344: 37DFDE81
	v_add_nc_u32_e32 v240, 0x7fff, v238                        // 00000000A348: 4BE1DCFF 00007FFF
	v_add_nc_u32_e32 v240, v239, v240                          // 00000000A350: 4BE1E1EF
	v_lshrrev_b32_e32 v240, 16, v240                           // 00000000A354: 33E1E090
	v_add_nc_u32_e32 v241, 12, v6                              // 00000000A358: 4BE20C8C
	v_lshlrev_b32_e32 v242, 13, v241                           // 00000000A35C: 31E5E28D
	v_add_nc_u32_e32 v242, s24, v242                           // 00000000A360: 4BE5E418
	v_lshl_add_u32 v242, v3, 1, v242                           // 00000000A364: D64600F2 07C90303
	v_add_nc_u32_e32 v242, 0x160, v242                         // 00000000A36C: 4BE5E4FF 00000160
	v_cmp_gt_u32_e32 vcc_lo, s18, v241                         // 00000000A374: 7C99E212
	s_and_saveexec_b32 s42, vcc_lo                             // 00000000A378: BEAA206A
	global_store_b16 v242, v240, s[10:11]                      // 00000000A37C: DC660000 000AF0F2
	s_mov_b32 exec_lo, s42                                     // 00000000A384: BEFE002A
	v_mul_f32_e32 v238, v159, v63                              // 00000000A388: 11DC7F9F
	v_lshrrev_b32_e32 v239, 16, v238                           // 00000000A38C: 33DFDC90
	v_and_b32_e32 v239, 1, v239                                // 00000000A390: 37DFDE81
	v_add_nc_u32_e32 v240, 0x7fff, v238                        // 00000000A394: 4BE1DCFF 00007FFF
	v_add_nc_u32_e32 v240, v239, v240                          // 00000000A39C: 4BE1E1EF
	v_lshrrev_b32_e32 v240, 16, v240                           // 00000000A3A0: 33E1E090
	v_add_nc_u32_e32 v241, 14, v6                              // 00000000A3A4: 4BE20C8E
	v_lshlrev_b32_e32 v242, 13, v241                           // 00000000A3A8: 31E5E28D
	v_add_nc_u32_e32 v242, s24, v242                           // 00000000A3AC: 4BE5E418
	v_lshl_add_u32 v242, v3, 1, v242                           // 00000000A3B0: D64600F2 07C90303
	v_add_nc_u32_e32 v242, 0x160, v242                         // 00000000A3B8: 4BE5E4FF 00000160
	v_cmp_gt_u32_e32 vcc_lo, s18, v241                         // 00000000A3C0: 7C99E212
	s_and_saveexec_b32 s42, vcc_lo                             // 00000000A3C4: BEAA206A
	global_store_b16 v242, v240, s[10:11]                      // 00000000A3C8: DC660000 000AF0F2
	s_mov_b32 exec_lo, s42                                     // 00000000A3D0: BEFE002A
	v_mul_f32_e32 v238, v160, v56                              // 00000000A3D4: 11DC71A0
	v_lshrrev_b32_e32 v239, 16, v238                           // 00000000A3D8: 33DFDC90
	v_and_b32_e32 v239, 1, v239                                // 00000000A3DC: 37DFDE81
	v_add_nc_u32_e32 v240, 0x7fff, v238                        // 00000000A3E0: 4BE1DCFF 00007FFF
	v_add_nc_u32_e32 v240, v239, v240                          // 00000000A3E8: 4BE1E1EF
	v_lshrrev_b32_e32 v240, 16, v240                           // 00000000A3EC: 33E1E090
	v_add_nc_u32_e32 v241, 0, v6                               // 00000000A3F0: 4BE20C80
	v_lshlrev_b32_e32 v242, 13, v241                           // 00000000A3F4: 31E5E28D
	v_add_nc_u32_e32 v242, s24, v242                           // 00000000A3F8: 4BE5E418
	v_lshl_add_u32 v242, v3, 1, v242                           // 00000000A3FC: D64600F2 07C90303
	v_add_nc_u32_e32 v242, 0x180, v242                         // 00000000A404: 4BE5E4FF 00000180
	v_cmp_gt_u32_e32 vcc_lo, s18, v241                         // 00000000A40C: 7C99E212
	s_and_saveexec_b32 s42, vcc_lo                             // 00000000A410: BEAA206A
	global_store_b16 v242, v240, s[10:11]                      // 00000000A414: DC660000 000AF0F2
	s_mov_b32 exec_lo, s42                                     // 00000000A41C: BEFE002A
	v_mul_f32_e32 v238, v161, v57                              // 00000000A420: 11DC73A1
	v_lshrrev_b32_e32 v239, 16, v238                           // 00000000A424: 33DFDC90
	v_and_b32_e32 v239, 1, v239                                // 00000000A428: 37DFDE81
	v_add_nc_u32_e32 v240, 0x7fff, v238                        // 00000000A42C: 4BE1DCFF 00007FFF
	v_add_nc_u32_e32 v240, v239, v240                          // 00000000A434: 4BE1E1EF
	v_lshrrev_b32_e32 v240, 16, v240                           // 00000000A438: 33E1E090
	v_add_nc_u32_e32 v241, 2, v6                               // 00000000A43C: 4BE20C82
	v_lshlrev_b32_e32 v242, 13, v241                           // 00000000A440: 31E5E28D
	v_add_nc_u32_e32 v242, s24, v242                           // 00000000A444: 4BE5E418
	v_lshl_add_u32 v242, v3, 1, v242                           // 00000000A448: D64600F2 07C90303
	v_add_nc_u32_e32 v242, 0x180, v242                         // 00000000A450: 4BE5E4FF 00000180
	v_cmp_gt_u32_e32 vcc_lo, s18, v241                         // 00000000A458: 7C99E212
	s_and_saveexec_b32 s42, vcc_lo                             // 00000000A45C: BEAA206A
	global_store_b16 v242, v240, s[10:11]                      // 00000000A460: DC660000 000AF0F2
	s_mov_b32 exec_lo, s42                                     // 00000000A468: BEFE002A
	v_mul_f32_e32 v238, v162, v58                              // 00000000A46C: 11DC75A2
	v_lshrrev_b32_e32 v239, 16, v238                           // 00000000A470: 33DFDC90
	v_and_b32_e32 v239, 1, v239                                // 00000000A474: 37DFDE81
	v_add_nc_u32_e32 v240, 0x7fff, v238                        // 00000000A478: 4BE1DCFF 00007FFF
	v_add_nc_u32_e32 v240, v239, v240                          // 00000000A480: 4BE1E1EF
	v_lshrrev_b32_e32 v240, 16, v240                           // 00000000A484: 33E1E090
	v_add_nc_u32_e32 v241, 4, v6                               // 00000000A488: 4BE20C84
	v_lshlrev_b32_e32 v242, 13, v241                           // 00000000A48C: 31E5E28D
	v_add_nc_u32_e32 v242, s24, v242                           // 00000000A490: 4BE5E418
	v_lshl_add_u32 v242, v3, 1, v242                           // 00000000A494: D64600F2 07C90303
	v_add_nc_u32_e32 v242, 0x180, v242                         // 00000000A49C: 4BE5E4FF 00000180
	v_cmp_gt_u32_e32 vcc_lo, s18, v241                         // 00000000A4A4: 7C99E212
	s_and_saveexec_b32 s42, vcc_lo                             // 00000000A4A8: BEAA206A
	global_store_b16 v242, v240, s[10:11]                      // 00000000A4AC: DC660000 000AF0F2
	s_mov_b32 exec_lo, s42                                     // 00000000A4B4: BEFE002A
	v_mul_f32_e32 v238, v163, v59                              // 00000000A4B8: 11DC77A3
	v_lshrrev_b32_e32 v239, 16, v238                           // 00000000A4BC: 33DFDC90
	v_and_b32_e32 v239, 1, v239                                // 00000000A4C0: 37DFDE81
	v_add_nc_u32_e32 v240, 0x7fff, v238                        // 00000000A4C4: 4BE1DCFF 00007FFF
	v_add_nc_u32_e32 v240, v239, v240                          // 00000000A4CC: 4BE1E1EF
	v_lshrrev_b32_e32 v240, 16, v240                           // 00000000A4D0: 33E1E090
	v_add_nc_u32_e32 v241, 6, v6                               // 00000000A4D4: 4BE20C86
	v_lshlrev_b32_e32 v242, 13, v241                           // 00000000A4D8: 31E5E28D
	v_add_nc_u32_e32 v242, s24, v242                           // 00000000A4DC: 4BE5E418
	v_lshl_add_u32 v242, v3, 1, v242                           // 00000000A4E0: D64600F2 07C90303
	v_add_nc_u32_e32 v242, 0x180, v242                         // 00000000A4E8: 4BE5E4FF 00000180
	v_cmp_gt_u32_e32 vcc_lo, s18, v241                         // 00000000A4F0: 7C99E212
	s_and_saveexec_b32 s42, vcc_lo                             // 00000000A4F4: BEAA206A
	global_store_b16 v242, v240, s[10:11]                      // 00000000A4F8: DC660000 000AF0F2
	s_mov_b32 exec_lo, s42                                     // 00000000A500: BEFE002A
	v_mul_f32_e32 v238, v164, v60                              // 00000000A504: 11DC79A4
	v_lshrrev_b32_e32 v239, 16, v238                           // 00000000A508: 33DFDC90
	v_and_b32_e32 v239, 1, v239                                // 00000000A50C: 37DFDE81
	v_add_nc_u32_e32 v240, 0x7fff, v238                        // 00000000A510: 4BE1DCFF 00007FFF
	v_add_nc_u32_e32 v240, v239, v240                          // 00000000A518: 4BE1E1EF
	v_lshrrev_b32_e32 v240, 16, v240                           // 00000000A51C: 33E1E090
	v_add_nc_u32_e32 v241, 8, v6                               // 00000000A520: 4BE20C88
	v_lshlrev_b32_e32 v242, 13, v241                           // 00000000A524: 31E5E28D
	v_add_nc_u32_e32 v242, s24, v242                           // 00000000A528: 4BE5E418
	v_lshl_add_u32 v242, v3, 1, v242                           // 00000000A52C: D64600F2 07C90303
	v_add_nc_u32_e32 v242, 0x180, v242                         // 00000000A534: 4BE5E4FF 00000180
	v_cmp_gt_u32_e32 vcc_lo, s18, v241                         // 00000000A53C: 7C99E212
	s_and_saveexec_b32 s42, vcc_lo                             // 00000000A540: BEAA206A
	global_store_b16 v242, v240, s[10:11]                      // 00000000A544: DC660000 000AF0F2
	s_mov_b32 exec_lo, s42                                     // 00000000A54C: BEFE002A
	v_mul_f32_e32 v238, v165, v61                              // 00000000A550: 11DC7BA5
	v_lshrrev_b32_e32 v239, 16, v238                           // 00000000A554: 33DFDC90
	v_and_b32_e32 v239, 1, v239                                // 00000000A558: 37DFDE81
	v_add_nc_u32_e32 v240, 0x7fff, v238                        // 00000000A55C: 4BE1DCFF 00007FFF
	v_add_nc_u32_e32 v240, v239, v240                          // 00000000A564: 4BE1E1EF
	v_lshrrev_b32_e32 v240, 16, v240                           // 00000000A568: 33E1E090
	v_add_nc_u32_e32 v241, 10, v6                              // 00000000A56C: 4BE20C8A
	v_lshlrev_b32_e32 v242, 13, v241                           // 00000000A570: 31E5E28D
	v_add_nc_u32_e32 v242, s24, v242                           // 00000000A574: 4BE5E418
	v_lshl_add_u32 v242, v3, 1, v242                           // 00000000A578: D64600F2 07C90303
	v_add_nc_u32_e32 v242, 0x180, v242                         // 00000000A580: 4BE5E4FF 00000180
	v_cmp_gt_u32_e32 vcc_lo, s18, v241                         // 00000000A588: 7C99E212
	s_and_saveexec_b32 s42, vcc_lo                             // 00000000A58C: BEAA206A
	global_store_b16 v242, v240, s[10:11]                      // 00000000A590: DC660000 000AF0F2
	s_mov_b32 exec_lo, s42                                     // 00000000A598: BEFE002A
	v_mul_f32_e32 v238, v166, v62                              // 00000000A59C: 11DC7DA6
	v_lshrrev_b32_e32 v239, 16, v238                           // 00000000A5A0: 33DFDC90
	v_and_b32_e32 v239, 1, v239                                // 00000000A5A4: 37DFDE81
	v_add_nc_u32_e32 v240, 0x7fff, v238                        // 00000000A5A8: 4BE1DCFF 00007FFF
	v_add_nc_u32_e32 v240, v239, v240                          // 00000000A5B0: 4BE1E1EF
	v_lshrrev_b32_e32 v240, 16, v240                           // 00000000A5B4: 33E1E090
	v_add_nc_u32_e32 v241, 12, v6                              // 00000000A5B8: 4BE20C8C
	v_lshlrev_b32_e32 v242, 13, v241                           // 00000000A5BC: 31E5E28D
	v_add_nc_u32_e32 v242, s24, v242                           // 00000000A5C0: 4BE5E418
	v_lshl_add_u32 v242, v3, 1, v242                           // 00000000A5C4: D64600F2 07C90303
	v_add_nc_u32_e32 v242, 0x180, v242                         // 00000000A5CC: 4BE5E4FF 00000180
	v_cmp_gt_u32_e32 vcc_lo, s18, v241                         // 00000000A5D4: 7C99E212
	s_and_saveexec_b32 s42, vcc_lo                             // 00000000A5D8: BEAA206A
	global_store_b16 v242, v240, s[10:11]                      // 00000000A5DC: DC660000 000AF0F2
	s_mov_b32 exec_lo, s42                                     // 00000000A5E4: BEFE002A
	v_mul_f32_e32 v238, v167, v63                              // 00000000A5E8: 11DC7FA7
	v_lshrrev_b32_e32 v239, 16, v238                           // 00000000A5EC: 33DFDC90
	v_and_b32_e32 v239, 1, v239                                // 00000000A5F0: 37DFDE81
	v_add_nc_u32_e32 v240, 0x7fff, v238                        // 00000000A5F4: 4BE1DCFF 00007FFF
	v_add_nc_u32_e32 v240, v239, v240                          // 00000000A5FC: 4BE1E1EF
	v_lshrrev_b32_e32 v240, 16, v240                           // 00000000A600: 33E1E090
	v_add_nc_u32_e32 v241, 14, v6                              // 00000000A604: 4BE20C8E
	v_lshlrev_b32_e32 v242, 13, v241                           // 00000000A608: 31E5E28D
	v_add_nc_u32_e32 v242, s24, v242                           // 00000000A60C: 4BE5E418
	v_lshl_add_u32 v242, v3, 1, v242                           // 00000000A610: D64600F2 07C90303
	v_add_nc_u32_e32 v242, 0x180, v242                         // 00000000A618: 4BE5E4FF 00000180
	v_cmp_gt_u32_e32 vcc_lo, s18, v241                         // 00000000A620: 7C99E212
	s_and_saveexec_b32 s42, vcc_lo                             // 00000000A624: BEAA206A
	global_store_b16 v242, v240, s[10:11]                      // 00000000A628: DC660000 000AF0F2
	s_mov_b32 exec_lo, s42                                     // 00000000A630: BEFE002A
	v_mul_f32_e32 v238, v168, v56                              // 00000000A634: 11DC71A8
	v_lshrrev_b32_e32 v239, 16, v238                           // 00000000A638: 33DFDC90
	v_and_b32_e32 v239, 1, v239                                // 00000000A63C: 37DFDE81
	v_add_nc_u32_e32 v240, 0x7fff, v238                        // 00000000A640: 4BE1DCFF 00007FFF
	v_add_nc_u32_e32 v240, v239, v240                          // 00000000A648: 4BE1E1EF
	v_lshrrev_b32_e32 v240, 16, v240                           // 00000000A64C: 33E1E090
	v_add_nc_u32_e32 v241, 0, v6                               // 00000000A650: 4BE20C80
	v_lshlrev_b32_e32 v242, 13, v241                           // 00000000A654: 31E5E28D
	v_add_nc_u32_e32 v242, s24, v242                           // 00000000A658: 4BE5E418
	v_lshl_add_u32 v242, v3, 1, v242                           // 00000000A65C: D64600F2 07C90303
	v_add_nc_u32_e32 v242, 0x1a0, v242                         // 00000000A664: 4BE5E4FF 000001A0
	v_cmp_gt_u32_e32 vcc_lo, s18, v241                         // 00000000A66C: 7C99E212
	s_and_saveexec_b32 s42, vcc_lo                             // 00000000A670: BEAA206A
	global_store_b16 v242, v240, s[10:11]                      // 00000000A674: DC660000 000AF0F2
	s_mov_b32 exec_lo, s42                                     // 00000000A67C: BEFE002A
	v_mul_f32_e32 v238, v169, v57                              // 00000000A680: 11DC73A9
	v_lshrrev_b32_e32 v239, 16, v238                           // 00000000A684: 33DFDC90
	v_and_b32_e32 v239, 1, v239                                // 00000000A688: 37DFDE81
	v_add_nc_u32_e32 v240, 0x7fff, v238                        // 00000000A68C: 4BE1DCFF 00007FFF
	v_add_nc_u32_e32 v240, v239, v240                          // 00000000A694: 4BE1E1EF
	v_lshrrev_b32_e32 v240, 16, v240                           // 00000000A698: 33E1E090
	v_add_nc_u32_e32 v241, 2, v6                               // 00000000A69C: 4BE20C82
	v_lshlrev_b32_e32 v242, 13, v241                           // 00000000A6A0: 31E5E28D
	v_add_nc_u32_e32 v242, s24, v242                           // 00000000A6A4: 4BE5E418
	v_lshl_add_u32 v242, v3, 1, v242                           // 00000000A6A8: D64600F2 07C90303
	v_add_nc_u32_e32 v242, 0x1a0, v242                         // 00000000A6B0: 4BE5E4FF 000001A0
	v_cmp_gt_u32_e32 vcc_lo, s18, v241                         // 00000000A6B8: 7C99E212
	s_and_saveexec_b32 s42, vcc_lo                             // 00000000A6BC: BEAA206A
	global_store_b16 v242, v240, s[10:11]                      // 00000000A6C0: DC660000 000AF0F2
	s_mov_b32 exec_lo, s42                                     // 00000000A6C8: BEFE002A
	v_mul_f32_e32 v238, v170, v58                              // 00000000A6CC: 11DC75AA
	v_lshrrev_b32_e32 v239, 16, v238                           // 00000000A6D0: 33DFDC90
	v_and_b32_e32 v239, 1, v239                                // 00000000A6D4: 37DFDE81
	v_add_nc_u32_e32 v240, 0x7fff, v238                        // 00000000A6D8: 4BE1DCFF 00007FFF
	v_add_nc_u32_e32 v240, v239, v240                          // 00000000A6E0: 4BE1E1EF
	v_lshrrev_b32_e32 v240, 16, v240                           // 00000000A6E4: 33E1E090
	v_add_nc_u32_e32 v241, 4, v6                               // 00000000A6E8: 4BE20C84
	v_lshlrev_b32_e32 v242, 13, v241                           // 00000000A6EC: 31E5E28D
	v_add_nc_u32_e32 v242, s24, v242                           // 00000000A6F0: 4BE5E418
	v_lshl_add_u32 v242, v3, 1, v242                           // 00000000A6F4: D64600F2 07C90303
	v_add_nc_u32_e32 v242, 0x1a0, v242                         // 00000000A6FC: 4BE5E4FF 000001A0
	v_cmp_gt_u32_e32 vcc_lo, s18, v241                         // 00000000A704: 7C99E212
	s_and_saveexec_b32 s42, vcc_lo                             // 00000000A708: BEAA206A
	global_store_b16 v242, v240, s[10:11]                      // 00000000A70C: DC660000 000AF0F2
	s_mov_b32 exec_lo, s42                                     // 00000000A714: BEFE002A
	v_mul_f32_e32 v238, v171, v59                              // 00000000A718: 11DC77AB
	v_lshrrev_b32_e32 v239, 16, v238                           // 00000000A71C: 33DFDC90
	v_and_b32_e32 v239, 1, v239                                // 00000000A720: 37DFDE81
	v_add_nc_u32_e32 v240, 0x7fff, v238                        // 00000000A724: 4BE1DCFF 00007FFF
	v_add_nc_u32_e32 v240, v239, v240                          // 00000000A72C: 4BE1E1EF
	v_lshrrev_b32_e32 v240, 16, v240                           // 00000000A730: 33E1E090
	v_add_nc_u32_e32 v241, 6, v6                               // 00000000A734: 4BE20C86
	v_lshlrev_b32_e32 v242, 13, v241                           // 00000000A738: 31E5E28D
	v_add_nc_u32_e32 v242, s24, v242                           // 00000000A73C: 4BE5E418
	v_lshl_add_u32 v242, v3, 1, v242                           // 00000000A740: D64600F2 07C90303
	v_add_nc_u32_e32 v242, 0x1a0, v242                         // 00000000A748: 4BE5E4FF 000001A0
	v_cmp_gt_u32_e32 vcc_lo, s18, v241                         // 00000000A750: 7C99E212
	s_and_saveexec_b32 s42, vcc_lo                             // 00000000A754: BEAA206A
	global_store_b16 v242, v240, s[10:11]                      // 00000000A758: DC660000 000AF0F2
	s_mov_b32 exec_lo, s42                                     // 00000000A760: BEFE002A
	v_mul_f32_e32 v238, v172, v60                              // 00000000A764: 11DC79AC
	v_lshrrev_b32_e32 v239, 16, v238                           // 00000000A768: 33DFDC90
	v_and_b32_e32 v239, 1, v239                                // 00000000A76C: 37DFDE81
	v_add_nc_u32_e32 v240, 0x7fff, v238                        // 00000000A770: 4BE1DCFF 00007FFF
	v_add_nc_u32_e32 v240, v239, v240                          // 00000000A778: 4BE1E1EF
	v_lshrrev_b32_e32 v240, 16, v240                           // 00000000A77C: 33E1E090
	v_add_nc_u32_e32 v241, 8, v6                               // 00000000A780: 4BE20C88
	v_lshlrev_b32_e32 v242, 13, v241                           // 00000000A784: 31E5E28D
	v_add_nc_u32_e32 v242, s24, v242                           // 00000000A788: 4BE5E418
	v_lshl_add_u32 v242, v3, 1, v242                           // 00000000A78C: D64600F2 07C90303
	v_add_nc_u32_e32 v242, 0x1a0, v242                         // 00000000A794: 4BE5E4FF 000001A0
	v_cmp_gt_u32_e32 vcc_lo, s18, v241                         // 00000000A79C: 7C99E212
	s_and_saveexec_b32 s42, vcc_lo                             // 00000000A7A0: BEAA206A
	global_store_b16 v242, v240, s[10:11]                      // 00000000A7A4: DC660000 000AF0F2
	s_mov_b32 exec_lo, s42                                     // 00000000A7AC: BEFE002A
	v_mul_f32_e32 v238, v173, v61                              // 00000000A7B0: 11DC7BAD
	v_lshrrev_b32_e32 v239, 16, v238                           // 00000000A7B4: 33DFDC90
	v_and_b32_e32 v239, 1, v239                                // 00000000A7B8: 37DFDE81
	v_add_nc_u32_e32 v240, 0x7fff, v238                        // 00000000A7BC: 4BE1DCFF 00007FFF
	v_add_nc_u32_e32 v240, v239, v240                          // 00000000A7C4: 4BE1E1EF
	v_lshrrev_b32_e32 v240, 16, v240                           // 00000000A7C8: 33E1E090
	v_add_nc_u32_e32 v241, 10, v6                              // 00000000A7CC: 4BE20C8A
	v_lshlrev_b32_e32 v242, 13, v241                           // 00000000A7D0: 31E5E28D
	v_add_nc_u32_e32 v242, s24, v242                           // 00000000A7D4: 4BE5E418
	v_lshl_add_u32 v242, v3, 1, v242                           // 00000000A7D8: D64600F2 07C90303
	v_add_nc_u32_e32 v242, 0x1a0, v242                         // 00000000A7E0: 4BE5E4FF 000001A0
	v_cmp_gt_u32_e32 vcc_lo, s18, v241                         // 00000000A7E8: 7C99E212
	s_and_saveexec_b32 s42, vcc_lo                             // 00000000A7EC: BEAA206A
	global_store_b16 v242, v240, s[10:11]                      // 00000000A7F0: DC660000 000AF0F2
	s_mov_b32 exec_lo, s42                                     // 00000000A7F8: BEFE002A
	v_mul_f32_e32 v238, v174, v62                              // 00000000A7FC: 11DC7DAE
	v_lshrrev_b32_e32 v239, 16, v238                           // 00000000A800: 33DFDC90
	v_and_b32_e32 v239, 1, v239                                // 00000000A804: 37DFDE81
	v_add_nc_u32_e32 v240, 0x7fff, v238                        // 00000000A808: 4BE1DCFF 00007FFF
	v_add_nc_u32_e32 v240, v239, v240                          // 00000000A810: 4BE1E1EF
	v_lshrrev_b32_e32 v240, 16, v240                           // 00000000A814: 33E1E090
	v_add_nc_u32_e32 v241, 12, v6                              // 00000000A818: 4BE20C8C
	v_lshlrev_b32_e32 v242, 13, v241                           // 00000000A81C: 31E5E28D
	v_add_nc_u32_e32 v242, s24, v242                           // 00000000A820: 4BE5E418
	v_lshl_add_u32 v242, v3, 1, v242                           // 00000000A824: D64600F2 07C90303
	v_add_nc_u32_e32 v242, 0x1a0, v242                         // 00000000A82C: 4BE5E4FF 000001A0
	v_cmp_gt_u32_e32 vcc_lo, s18, v241                         // 00000000A834: 7C99E212
	s_and_saveexec_b32 s42, vcc_lo                             // 00000000A838: BEAA206A
	global_store_b16 v242, v240, s[10:11]                      // 00000000A83C: DC660000 000AF0F2
	s_mov_b32 exec_lo, s42                                     // 00000000A844: BEFE002A
	v_mul_f32_e32 v238, v175, v63                              // 00000000A848: 11DC7FAF
	v_lshrrev_b32_e32 v239, 16, v238                           // 00000000A84C: 33DFDC90
	v_and_b32_e32 v239, 1, v239                                // 00000000A850: 37DFDE81
	v_add_nc_u32_e32 v240, 0x7fff, v238                        // 00000000A854: 4BE1DCFF 00007FFF
	v_add_nc_u32_e32 v240, v239, v240                          // 00000000A85C: 4BE1E1EF
	v_lshrrev_b32_e32 v240, 16, v240                           // 00000000A860: 33E1E090
	v_add_nc_u32_e32 v241, 14, v6                              // 00000000A864: 4BE20C8E
	v_lshlrev_b32_e32 v242, 13, v241                           // 00000000A868: 31E5E28D
	v_add_nc_u32_e32 v242, s24, v242                           // 00000000A86C: 4BE5E418
	v_lshl_add_u32 v242, v3, 1, v242                           // 00000000A870: D64600F2 07C90303
	v_add_nc_u32_e32 v242, 0x1a0, v242                         // 00000000A878: 4BE5E4FF 000001A0
	v_cmp_gt_u32_e32 vcc_lo, s18, v241                         // 00000000A880: 7C99E212
	s_and_saveexec_b32 s42, vcc_lo                             // 00000000A884: BEAA206A
	global_store_b16 v242, v240, s[10:11]                      // 00000000A888: DC660000 000AF0F2
	s_mov_b32 exec_lo, s42                                     // 00000000A890: BEFE002A
	v_mul_f32_e32 v238, v176, v56                              // 00000000A894: 11DC71B0
	v_lshrrev_b32_e32 v239, 16, v238                           // 00000000A898: 33DFDC90
	v_and_b32_e32 v239, 1, v239                                // 00000000A89C: 37DFDE81
	v_add_nc_u32_e32 v240, 0x7fff, v238                        // 00000000A8A0: 4BE1DCFF 00007FFF
	v_add_nc_u32_e32 v240, v239, v240                          // 00000000A8A8: 4BE1E1EF
	v_lshrrev_b32_e32 v240, 16, v240                           // 00000000A8AC: 33E1E090
	v_add_nc_u32_e32 v241, 0, v6                               // 00000000A8B0: 4BE20C80
	v_lshlrev_b32_e32 v242, 13, v241                           // 00000000A8B4: 31E5E28D
	v_add_nc_u32_e32 v242, s24, v242                           // 00000000A8B8: 4BE5E418
	v_lshl_add_u32 v242, v3, 1, v242                           // 00000000A8BC: D64600F2 07C90303
	v_add_nc_u32_e32 v242, 0x1c0, v242                         // 00000000A8C4: 4BE5E4FF 000001C0
	v_cmp_gt_u32_e32 vcc_lo, s18, v241                         // 00000000A8CC: 7C99E212
	s_and_saveexec_b32 s42, vcc_lo                             // 00000000A8D0: BEAA206A
	global_store_b16 v242, v240, s[10:11]                      // 00000000A8D4: DC660000 000AF0F2
	s_mov_b32 exec_lo, s42                                     // 00000000A8DC: BEFE002A
	v_mul_f32_e32 v238, v177, v57                              // 00000000A8E0: 11DC73B1
	v_lshrrev_b32_e32 v239, 16, v238                           // 00000000A8E4: 33DFDC90
	v_and_b32_e32 v239, 1, v239                                // 00000000A8E8: 37DFDE81
	v_add_nc_u32_e32 v240, 0x7fff, v238                        // 00000000A8EC: 4BE1DCFF 00007FFF
	v_add_nc_u32_e32 v240, v239, v240                          // 00000000A8F4: 4BE1E1EF
	v_lshrrev_b32_e32 v240, 16, v240                           // 00000000A8F8: 33E1E090
	v_add_nc_u32_e32 v241, 2, v6                               // 00000000A8FC: 4BE20C82
	v_lshlrev_b32_e32 v242, 13, v241                           // 00000000A900: 31E5E28D
	v_add_nc_u32_e32 v242, s24, v242                           // 00000000A904: 4BE5E418
	v_lshl_add_u32 v242, v3, 1, v242                           // 00000000A908: D64600F2 07C90303
	v_add_nc_u32_e32 v242, 0x1c0, v242                         // 00000000A910: 4BE5E4FF 000001C0
	v_cmp_gt_u32_e32 vcc_lo, s18, v241                         // 00000000A918: 7C99E212
	s_and_saveexec_b32 s42, vcc_lo                             // 00000000A91C: BEAA206A
	global_store_b16 v242, v240, s[10:11]                      // 00000000A920: DC660000 000AF0F2
	s_mov_b32 exec_lo, s42                                     // 00000000A928: BEFE002A
	v_mul_f32_e32 v238, v178, v58                              // 00000000A92C: 11DC75B2
	v_lshrrev_b32_e32 v239, 16, v238                           // 00000000A930: 33DFDC90
	v_and_b32_e32 v239, 1, v239                                // 00000000A934: 37DFDE81
	v_add_nc_u32_e32 v240, 0x7fff, v238                        // 00000000A938: 4BE1DCFF 00007FFF
	v_add_nc_u32_e32 v240, v239, v240                          // 00000000A940: 4BE1E1EF
	v_lshrrev_b32_e32 v240, 16, v240                           // 00000000A944: 33E1E090
	v_add_nc_u32_e32 v241, 4, v6                               // 00000000A948: 4BE20C84
	v_lshlrev_b32_e32 v242, 13, v241                           // 00000000A94C: 31E5E28D
	v_add_nc_u32_e32 v242, s24, v242                           // 00000000A950: 4BE5E418
	v_lshl_add_u32 v242, v3, 1, v242                           // 00000000A954: D64600F2 07C90303
	v_add_nc_u32_e32 v242, 0x1c0, v242                         // 00000000A95C: 4BE5E4FF 000001C0
	v_cmp_gt_u32_e32 vcc_lo, s18, v241                         // 00000000A964: 7C99E212
	s_and_saveexec_b32 s42, vcc_lo                             // 00000000A968: BEAA206A
	global_store_b16 v242, v240, s[10:11]                      // 00000000A96C: DC660000 000AF0F2
	s_mov_b32 exec_lo, s42                                     // 00000000A974: BEFE002A
	v_mul_f32_e32 v238, v179, v59                              // 00000000A978: 11DC77B3
	v_lshrrev_b32_e32 v239, 16, v238                           // 00000000A97C: 33DFDC90
	v_and_b32_e32 v239, 1, v239                                // 00000000A980: 37DFDE81
	v_add_nc_u32_e32 v240, 0x7fff, v238                        // 00000000A984: 4BE1DCFF 00007FFF
	v_add_nc_u32_e32 v240, v239, v240                          // 00000000A98C: 4BE1E1EF
	v_lshrrev_b32_e32 v240, 16, v240                           // 00000000A990: 33E1E090
	v_add_nc_u32_e32 v241, 6, v6                               // 00000000A994: 4BE20C86
	v_lshlrev_b32_e32 v242, 13, v241                           // 00000000A998: 31E5E28D
	v_add_nc_u32_e32 v242, s24, v242                           // 00000000A99C: 4BE5E418
	v_lshl_add_u32 v242, v3, 1, v242                           // 00000000A9A0: D64600F2 07C90303
	v_add_nc_u32_e32 v242, 0x1c0, v242                         // 00000000A9A8: 4BE5E4FF 000001C0
	v_cmp_gt_u32_e32 vcc_lo, s18, v241                         // 00000000A9B0: 7C99E212
	s_and_saveexec_b32 s42, vcc_lo                             // 00000000A9B4: BEAA206A
	global_store_b16 v242, v240, s[10:11]                      // 00000000A9B8: DC660000 000AF0F2
	s_mov_b32 exec_lo, s42                                     // 00000000A9C0: BEFE002A
	v_mul_f32_e32 v238, v180, v60                              // 00000000A9C4: 11DC79B4
	v_lshrrev_b32_e32 v239, 16, v238                           // 00000000A9C8: 33DFDC90
	v_and_b32_e32 v239, 1, v239                                // 00000000A9CC: 37DFDE81
	v_add_nc_u32_e32 v240, 0x7fff, v238                        // 00000000A9D0: 4BE1DCFF 00007FFF
	v_add_nc_u32_e32 v240, v239, v240                          // 00000000A9D8: 4BE1E1EF
	v_lshrrev_b32_e32 v240, 16, v240                           // 00000000A9DC: 33E1E090
	v_add_nc_u32_e32 v241, 8, v6                               // 00000000A9E0: 4BE20C88
	v_lshlrev_b32_e32 v242, 13, v241                           // 00000000A9E4: 31E5E28D
	v_add_nc_u32_e32 v242, s24, v242                           // 00000000A9E8: 4BE5E418
	v_lshl_add_u32 v242, v3, 1, v242                           // 00000000A9EC: D64600F2 07C90303
	v_add_nc_u32_e32 v242, 0x1c0, v242                         // 00000000A9F4: 4BE5E4FF 000001C0
	v_cmp_gt_u32_e32 vcc_lo, s18, v241                         // 00000000A9FC: 7C99E212
	s_and_saveexec_b32 s42, vcc_lo                             // 00000000AA00: BEAA206A
	global_store_b16 v242, v240, s[10:11]                      // 00000000AA04: DC660000 000AF0F2
	s_mov_b32 exec_lo, s42                                     // 00000000AA0C: BEFE002A
	v_mul_f32_e32 v238, v181, v61                              // 00000000AA10: 11DC7BB5
	v_lshrrev_b32_e32 v239, 16, v238                           // 00000000AA14: 33DFDC90
	v_and_b32_e32 v239, 1, v239                                // 00000000AA18: 37DFDE81
	v_add_nc_u32_e32 v240, 0x7fff, v238                        // 00000000AA1C: 4BE1DCFF 00007FFF
	v_add_nc_u32_e32 v240, v239, v240                          // 00000000AA24: 4BE1E1EF
	v_lshrrev_b32_e32 v240, 16, v240                           // 00000000AA28: 33E1E090
	v_add_nc_u32_e32 v241, 10, v6                              // 00000000AA2C: 4BE20C8A
	v_lshlrev_b32_e32 v242, 13, v241                           // 00000000AA30: 31E5E28D
	v_add_nc_u32_e32 v242, s24, v242                           // 00000000AA34: 4BE5E418
	v_lshl_add_u32 v242, v3, 1, v242                           // 00000000AA38: D64600F2 07C90303
	v_add_nc_u32_e32 v242, 0x1c0, v242                         // 00000000AA40: 4BE5E4FF 000001C0
	v_cmp_gt_u32_e32 vcc_lo, s18, v241                         // 00000000AA48: 7C99E212
	s_and_saveexec_b32 s42, vcc_lo                             // 00000000AA4C: BEAA206A
	global_store_b16 v242, v240, s[10:11]                      // 00000000AA50: DC660000 000AF0F2
	s_mov_b32 exec_lo, s42                                     // 00000000AA58: BEFE002A
	v_mul_f32_e32 v238, v182, v62                              // 00000000AA5C: 11DC7DB6
	v_lshrrev_b32_e32 v239, 16, v238                           // 00000000AA60: 33DFDC90
	v_and_b32_e32 v239, 1, v239                                // 00000000AA64: 37DFDE81
	v_add_nc_u32_e32 v240, 0x7fff, v238                        // 00000000AA68: 4BE1DCFF 00007FFF
	v_add_nc_u32_e32 v240, v239, v240                          // 00000000AA70: 4BE1E1EF
	v_lshrrev_b32_e32 v240, 16, v240                           // 00000000AA74: 33E1E090
	v_add_nc_u32_e32 v241, 12, v6                              // 00000000AA78: 4BE20C8C
	v_lshlrev_b32_e32 v242, 13, v241                           // 00000000AA7C: 31E5E28D
	v_add_nc_u32_e32 v242, s24, v242                           // 00000000AA80: 4BE5E418
	v_lshl_add_u32 v242, v3, 1, v242                           // 00000000AA84: D64600F2 07C90303
	v_add_nc_u32_e32 v242, 0x1c0, v242                         // 00000000AA8C: 4BE5E4FF 000001C0
	v_cmp_gt_u32_e32 vcc_lo, s18, v241                         // 00000000AA94: 7C99E212
	s_and_saveexec_b32 s42, vcc_lo                             // 00000000AA98: BEAA206A
	global_store_b16 v242, v240, s[10:11]                      // 00000000AA9C: DC660000 000AF0F2
	s_mov_b32 exec_lo, s42                                     // 00000000AAA4: BEFE002A
	v_mul_f32_e32 v238, v183, v63                              // 00000000AAA8: 11DC7FB7
	v_lshrrev_b32_e32 v239, 16, v238                           // 00000000AAAC: 33DFDC90
	v_and_b32_e32 v239, 1, v239                                // 00000000AAB0: 37DFDE81
	v_add_nc_u32_e32 v240, 0x7fff, v238                        // 00000000AAB4: 4BE1DCFF 00007FFF
	v_add_nc_u32_e32 v240, v239, v240                          // 00000000AABC: 4BE1E1EF
	v_lshrrev_b32_e32 v240, 16, v240                           // 00000000AAC0: 33E1E090
	v_add_nc_u32_e32 v241, 14, v6                              // 00000000AAC4: 4BE20C8E
	v_lshlrev_b32_e32 v242, 13, v241                           // 00000000AAC8: 31E5E28D
	v_add_nc_u32_e32 v242, s24, v242                           // 00000000AACC: 4BE5E418
	v_lshl_add_u32 v242, v3, 1, v242                           // 00000000AAD0: D64600F2 07C90303
	v_add_nc_u32_e32 v242, 0x1c0, v242                         // 00000000AAD8: 4BE5E4FF 000001C0
	v_cmp_gt_u32_e32 vcc_lo, s18, v241                         // 00000000AAE0: 7C99E212
	s_and_saveexec_b32 s42, vcc_lo                             // 00000000AAE4: BEAA206A
	global_store_b16 v242, v240, s[10:11]                      // 00000000AAE8: DC660000 000AF0F2
	s_mov_b32 exec_lo, s42                                     // 00000000AAF0: BEFE002A
	v_mul_f32_e32 v238, v184, v56                              // 00000000AAF4: 11DC71B8
	v_lshrrev_b32_e32 v239, 16, v238                           // 00000000AAF8: 33DFDC90
	v_and_b32_e32 v239, 1, v239                                // 00000000AAFC: 37DFDE81
	v_add_nc_u32_e32 v240, 0x7fff, v238                        // 00000000AB00: 4BE1DCFF 00007FFF
	v_add_nc_u32_e32 v240, v239, v240                          // 00000000AB08: 4BE1E1EF
	v_lshrrev_b32_e32 v240, 16, v240                           // 00000000AB0C: 33E1E090
	v_add_nc_u32_e32 v241, 0, v6                               // 00000000AB10: 4BE20C80
	v_lshlrev_b32_e32 v242, 13, v241                           // 00000000AB14: 31E5E28D
	v_add_nc_u32_e32 v242, s24, v242                           // 00000000AB18: 4BE5E418
	v_lshl_add_u32 v242, v3, 1, v242                           // 00000000AB1C: D64600F2 07C90303
	v_add_nc_u32_e32 v242, 0x1e0, v242                         // 00000000AB24: 4BE5E4FF 000001E0
	v_cmp_gt_u32_e32 vcc_lo, s18, v241                         // 00000000AB2C: 7C99E212
	s_and_saveexec_b32 s42, vcc_lo                             // 00000000AB30: BEAA206A
	global_store_b16 v242, v240, s[10:11]                      // 00000000AB34: DC660000 000AF0F2
	s_mov_b32 exec_lo, s42                                     // 00000000AB3C: BEFE002A
	v_mul_f32_e32 v238, v185, v57                              // 00000000AB40: 11DC73B9
	v_lshrrev_b32_e32 v239, 16, v238                           // 00000000AB44: 33DFDC90
	v_and_b32_e32 v239, 1, v239                                // 00000000AB48: 37DFDE81
	v_add_nc_u32_e32 v240, 0x7fff, v238                        // 00000000AB4C: 4BE1DCFF 00007FFF
	v_add_nc_u32_e32 v240, v239, v240                          // 00000000AB54: 4BE1E1EF
	v_lshrrev_b32_e32 v240, 16, v240                           // 00000000AB58: 33E1E090
	v_add_nc_u32_e32 v241, 2, v6                               // 00000000AB5C: 4BE20C82
	v_lshlrev_b32_e32 v242, 13, v241                           // 00000000AB60: 31E5E28D
	v_add_nc_u32_e32 v242, s24, v242                           // 00000000AB64: 4BE5E418
	v_lshl_add_u32 v242, v3, 1, v242                           // 00000000AB68: D64600F2 07C90303
	v_add_nc_u32_e32 v242, 0x1e0, v242                         // 00000000AB70: 4BE5E4FF 000001E0
	v_cmp_gt_u32_e32 vcc_lo, s18, v241                         // 00000000AB78: 7C99E212
	s_and_saveexec_b32 s42, vcc_lo                             // 00000000AB7C: BEAA206A
	global_store_b16 v242, v240, s[10:11]                      // 00000000AB80: DC660000 000AF0F2
	s_mov_b32 exec_lo, s42                                     // 00000000AB88: BEFE002A
	v_mul_f32_e32 v238, v186, v58                              // 00000000AB8C: 11DC75BA
	v_lshrrev_b32_e32 v239, 16, v238                           // 00000000AB90: 33DFDC90
	v_and_b32_e32 v239, 1, v239                                // 00000000AB94: 37DFDE81
	v_add_nc_u32_e32 v240, 0x7fff, v238                        // 00000000AB98: 4BE1DCFF 00007FFF
	v_add_nc_u32_e32 v240, v239, v240                          // 00000000ABA0: 4BE1E1EF
	v_lshrrev_b32_e32 v240, 16, v240                           // 00000000ABA4: 33E1E090
	v_add_nc_u32_e32 v241, 4, v6                               // 00000000ABA8: 4BE20C84
	v_lshlrev_b32_e32 v242, 13, v241                           // 00000000ABAC: 31E5E28D
	v_add_nc_u32_e32 v242, s24, v242                           // 00000000ABB0: 4BE5E418
	v_lshl_add_u32 v242, v3, 1, v242                           // 00000000ABB4: D64600F2 07C90303
	v_add_nc_u32_e32 v242, 0x1e0, v242                         // 00000000ABBC: 4BE5E4FF 000001E0
	v_cmp_gt_u32_e32 vcc_lo, s18, v241                         // 00000000ABC4: 7C99E212
	s_and_saveexec_b32 s42, vcc_lo                             // 00000000ABC8: BEAA206A
	global_store_b16 v242, v240, s[10:11]                      // 00000000ABCC: DC660000 000AF0F2
	s_mov_b32 exec_lo, s42                                     // 00000000ABD4: BEFE002A
	v_mul_f32_e32 v238, v187, v59                              // 00000000ABD8: 11DC77BB
	v_lshrrev_b32_e32 v239, 16, v238                           // 00000000ABDC: 33DFDC90
	v_and_b32_e32 v239, 1, v239                                // 00000000ABE0: 37DFDE81
	v_add_nc_u32_e32 v240, 0x7fff, v238                        // 00000000ABE4: 4BE1DCFF 00007FFF
	v_add_nc_u32_e32 v240, v239, v240                          // 00000000ABEC: 4BE1E1EF
	v_lshrrev_b32_e32 v240, 16, v240                           // 00000000ABF0: 33E1E090
	v_add_nc_u32_e32 v241, 6, v6                               // 00000000ABF4: 4BE20C86
	v_lshlrev_b32_e32 v242, 13, v241                           // 00000000ABF8: 31E5E28D
	v_add_nc_u32_e32 v242, s24, v242                           // 00000000ABFC: 4BE5E418
	v_lshl_add_u32 v242, v3, 1, v242                           // 00000000AC00: D64600F2 07C90303
	v_add_nc_u32_e32 v242, 0x1e0, v242                         // 00000000AC08: 4BE5E4FF 000001E0
	v_cmp_gt_u32_e32 vcc_lo, s18, v241                         // 00000000AC10: 7C99E212
	s_and_saveexec_b32 s42, vcc_lo                             // 00000000AC14: BEAA206A
	global_store_b16 v242, v240, s[10:11]                      // 00000000AC18: DC660000 000AF0F2
	s_mov_b32 exec_lo, s42                                     // 00000000AC20: BEFE002A
	v_mul_f32_e32 v238, v188, v60                              // 00000000AC24: 11DC79BC
	v_lshrrev_b32_e32 v239, 16, v238                           // 00000000AC28: 33DFDC90
	v_and_b32_e32 v239, 1, v239                                // 00000000AC2C: 37DFDE81
	v_add_nc_u32_e32 v240, 0x7fff, v238                        // 00000000AC30: 4BE1DCFF 00007FFF
	v_add_nc_u32_e32 v240, v239, v240                          // 00000000AC38: 4BE1E1EF
	v_lshrrev_b32_e32 v240, 16, v240                           // 00000000AC3C: 33E1E090
	v_add_nc_u32_e32 v241, 8, v6                               // 00000000AC40: 4BE20C88
	v_lshlrev_b32_e32 v242, 13, v241                           // 00000000AC44: 31E5E28D
	v_add_nc_u32_e32 v242, s24, v242                           // 00000000AC48: 4BE5E418
	v_lshl_add_u32 v242, v3, 1, v242                           // 00000000AC4C: D64600F2 07C90303
	v_add_nc_u32_e32 v242, 0x1e0, v242                         // 00000000AC54: 4BE5E4FF 000001E0
	v_cmp_gt_u32_e32 vcc_lo, s18, v241                         // 00000000AC5C: 7C99E212
	s_and_saveexec_b32 s42, vcc_lo                             // 00000000AC60: BEAA206A
	global_store_b16 v242, v240, s[10:11]                      // 00000000AC64: DC660000 000AF0F2
	s_mov_b32 exec_lo, s42                                     // 00000000AC6C: BEFE002A
	v_mul_f32_e32 v238, v189, v61                              // 00000000AC70: 11DC7BBD
	v_lshrrev_b32_e32 v239, 16, v238                           // 00000000AC74: 33DFDC90
	v_and_b32_e32 v239, 1, v239                                // 00000000AC78: 37DFDE81
	v_add_nc_u32_e32 v240, 0x7fff, v238                        // 00000000AC7C: 4BE1DCFF 00007FFF
	v_add_nc_u32_e32 v240, v239, v240                          // 00000000AC84: 4BE1E1EF
	v_lshrrev_b32_e32 v240, 16, v240                           // 00000000AC88: 33E1E090
	v_add_nc_u32_e32 v241, 10, v6                              // 00000000AC8C: 4BE20C8A
	v_lshlrev_b32_e32 v242, 13, v241                           // 00000000AC90: 31E5E28D
	v_add_nc_u32_e32 v242, s24, v242                           // 00000000AC94: 4BE5E418
	v_lshl_add_u32 v242, v3, 1, v242                           // 00000000AC98: D64600F2 07C90303
	v_add_nc_u32_e32 v242, 0x1e0, v242                         // 00000000ACA0: 4BE5E4FF 000001E0
	v_cmp_gt_u32_e32 vcc_lo, s18, v241                         // 00000000ACA8: 7C99E212
	s_and_saveexec_b32 s42, vcc_lo                             // 00000000ACAC: BEAA206A
	global_store_b16 v242, v240, s[10:11]                      // 00000000ACB0: DC660000 000AF0F2
	s_mov_b32 exec_lo, s42                                     // 00000000ACB8: BEFE002A
	v_mul_f32_e32 v238, v190, v62                              // 00000000ACBC: 11DC7DBE
	v_lshrrev_b32_e32 v239, 16, v238                           // 00000000ACC0: 33DFDC90
	v_and_b32_e32 v239, 1, v239                                // 00000000ACC4: 37DFDE81
	v_add_nc_u32_e32 v240, 0x7fff, v238                        // 00000000ACC8: 4BE1DCFF 00007FFF
	v_add_nc_u32_e32 v240, v239, v240                          // 00000000ACD0: 4BE1E1EF
	v_lshrrev_b32_e32 v240, 16, v240                           // 00000000ACD4: 33E1E090
	v_add_nc_u32_e32 v241, 12, v6                              // 00000000ACD8: 4BE20C8C
	v_lshlrev_b32_e32 v242, 13, v241                           // 00000000ACDC: 31E5E28D
	v_add_nc_u32_e32 v242, s24, v242                           // 00000000ACE0: 4BE5E418
	v_lshl_add_u32 v242, v3, 1, v242                           // 00000000ACE4: D64600F2 07C90303
	v_add_nc_u32_e32 v242, 0x1e0, v242                         // 00000000ACEC: 4BE5E4FF 000001E0
	v_cmp_gt_u32_e32 vcc_lo, s18, v241                         // 00000000ACF4: 7C99E212
	s_and_saveexec_b32 s42, vcc_lo                             // 00000000ACF8: BEAA206A
	global_store_b16 v242, v240, s[10:11]                      // 00000000ACFC: DC660000 000AF0F2
	s_mov_b32 exec_lo, s42                                     // 00000000AD04: BEFE002A
	v_mul_f32_e32 v238, v191, v63                              // 00000000AD08: 11DC7FBF
	v_lshrrev_b32_e32 v239, 16, v238                           // 00000000AD0C: 33DFDC90
	v_and_b32_e32 v239, 1, v239                                // 00000000AD10: 37DFDE81
	v_add_nc_u32_e32 v240, 0x7fff, v238                        // 00000000AD14: 4BE1DCFF 00007FFF
	v_add_nc_u32_e32 v240, v239, v240                          // 00000000AD1C: 4BE1E1EF
	v_lshrrev_b32_e32 v240, 16, v240                           // 00000000AD20: 33E1E090
	v_add_nc_u32_e32 v241, 14, v6                              // 00000000AD24: 4BE20C8E
	v_lshlrev_b32_e32 v242, 13, v241                           // 00000000AD28: 31E5E28D
	v_add_nc_u32_e32 v242, s24, v242                           // 00000000AD2C: 4BE5E418
	v_lshl_add_u32 v242, v3, 1, v242                           // 00000000AD30: D64600F2 07C90303
	v_add_nc_u32_e32 v242, 0x1e0, v242                         // 00000000AD38: 4BE5E4FF 000001E0
	v_cmp_gt_u32_e32 vcc_lo, s18, v241                         // 00000000AD40: 7C99E212
	s_and_saveexec_b32 s42, vcc_lo                             // 00000000AD44: BEAA206A
	global_store_b16 v242, v240, s[10:11]                      // 00000000AD48: DC660000 000AF0F2
	s_mov_b32 exec_lo, s42                                     // 00000000AD50: BEFE002A
	s_endpgm                                                   // 00000000AD54: BFB00000
