
/root/netra-mxfp4-gfx1151/build/experiments/gdn-chunk-o-pipe8-ab/old/gdn_chunk_o_bv32_gfx1151.hsaco:	file format elf64-amdgpu

Disassembly of section .text:

0000000000001900 <gdn_chunk_o_bv32_gfx1151>:
	s_mov_b32 s26, s4                                          // 000000001900: BE9A0004
	s_clause 0x4                                               // 000000001904: BF850004
	s_load_b128 s[8:11], s[0:1], null                          // 000000001908: F4080200 F8000000
	s_load_b128 s[12:15], s[0:1], 0x10                         // 000000001910: F4080300 F8000010
	s_load_b128 s[16:19], s[0:1], 0x20                         // 000000001918: F4080400 F8000020
	s_load_b128 s[20:23], s[0:1], 0x30                         // 000000001920: F4080500 F8000030
	s_load_b64 s[24:25], s[0:1], 0x40                          // 000000001928: F4040600 F8000040
	s_waitcnt lgkmcnt(0)                                       // 000000001930: BF89FC07
	s_lshr_b32 s27, s26, 1                                     // 000000001934: 851B811A
	s_and_b32 s43, s3, 1                                       // 000000001938: 8B2B8103
	s_lshr_b32 s44, s3, 1                                      // 00000000193C: 852C8103
	s_lshl_b32 s45, s43, 5                                     // 000000001940: 842D852B
	s_lshl_b32 s28, s44, 6                                     // 000000001944: 841C862C
	s_add_u32 s28, s28, s45                                    // 000000001948: 801C2D1C
	s_lshl_b32 s29, s27, 8                                     // 00000000194C: 841D881B
	s_lshl_b32 s30, s44, 20                                    // 000000001950: 841E942C
	s_lshl_b32 s31, s26, 15                                    // 000000001954: 841F8F1A
	s_add_u32 s30, s30, s31                                    // 000000001958: 801E1F1E
	s_lshl_b32 s31, s2, 13                                     // 00000000195C: 841F8D02
	s_add_u32 s30, s30, s31                                    // 000000001960: 801E1F1E
	s_lshl_b32 s31, s44, 6                                     // 000000001964: 841F862C
	v_and_b32_e32 v1, 31, v0                                   // 000000001968: 3602009F
	v_lshrrev_b32_e32 v2, 5, v0                                // 00000000196C: 32040085
	v_and_b32_e32 v3, 15, v0                                   // 000000001970: 3606008F
	v_lshrrev_b32_e32 v4, 4, v1                                // 000000001974: 32080284
	v_and_b32_e32 v200, 15, v0                                 // 000000001978: 3790008F
	v_lshrrev_b32_e32 v201, 4, v0                              // 00000000197C: 33920084
	v_add_nc_u32_e32 v202, 0, v201                             // 000000001980: 4B959280
	v_add_nc_u32_e32 v203, s28, v202                           // 000000001984: 4B97941C
	v_lshlrev_b32_e32 v204, 12, v203                           // 000000001988: 3199968C
	v_add_nc_u32_e32 v204, s29, v204                           // 00000000198C: 4B99981D
	v_lshl_add_u32 v204, v200, 4, v204                         // 000000001990: D64600CC 073109C8
	global_load_b128 v[208:211], v204, s[8:9]                  // 000000001998: DC5E0000 D00800CC
	s_waitcnt vmcnt(0)                                         // 0000000019A0: BF8903F7
	v_lshlrev_b32_e32 v205, 8, v202                            // 0000000019A4: 319B9488
	v_lshl_add_u32 v205, v200, 4, v205                         // 0000000019A8: D64600CD 073509C8
	ds_store_b128 v205, v[208:211]                             // 0000000019B0: DB7C0000 0000D0CD
	v_add_nc_u32_e32 v202, 4, v201                             // 0000000019B8: 4B959284
	v_add_nc_u32_e32 v203, s28, v202                           // 0000000019BC: 4B97941C
	v_lshlrev_b32_e32 v204, 12, v203                           // 0000000019C0: 3199968C
	v_add_nc_u32_e32 v204, s29, v204                           // 0000000019C4: 4B99981D
	v_lshl_add_u32 v204, v200, 4, v204                         // 0000000019C8: D64600CC 073109C8
	global_load_b128 v[208:211], v204, s[8:9]                  // 0000000019D0: DC5E0000 D00800CC
	s_waitcnt vmcnt(0)                                         // 0000000019D8: BF8903F7
	v_lshlrev_b32_e32 v205, 8, v202                            // 0000000019DC: 319B9488
	v_lshl_add_u32 v205, v200, 4, v205                         // 0000000019E0: D64600CD 073509C8
	ds_store_b128 v205, v[208:211]                             // 0000000019E8: DB7C0000 0000D0CD
	v_add_nc_u32_e32 v202, 8, v201                             // 0000000019F0: 4B959288
	v_add_nc_u32_e32 v203, s28, v202                           // 0000000019F4: 4B97941C
	v_lshlrev_b32_e32 v204, 12, v203                           // 0000000019F8: 3199968C
	v_add_nc_u32_e32 v204, s29, v204                           // 0000000019FC: 4B99981D
	v_lshl_add_u32 v204, v200, 4, v204                         // 000000001A00: D64600CC 073109C8
	global_load_b128 v[208:211], v204, s[8:9]                  // 000000001A08: DC5E0000 D00800CC
	s_waitcnt vmcnt(0)                                         // 000000001A10: BF8903F7
	v_lshlrev_b32_e32 v205, 8, v202                            // 000000001A14: 319B9488
	v_lshl_add_u32 v205, v200, 4, v205                         // 000000001A18: D64600CD 073509C8
	ds_store_b128 v205, v[208:211]                             // 000000001A20: DB7C0000 0000D0CD
	v_add_nc_u32_e32 v202, 12, v201                            // 000000001A28: 4B95928C
	v_add_nc_u32_e32 v203, s28, v202                           // 000000001A2C: 4B97941C
	v_lshlrev_b32_e32 v204, 12, v203                           // 000000001A30: 3199968C
	v_add_nc_u32_e32 v204, s29, v204                           // 000000001A34: 4B99981D
	v_lshl_add_u32 v204, v200, 4, v204                         // 000000001A38: D64600CC 073109C8
	global_load_b128 v[208:211], v204, s[8:9]                  // 000000001A40: DC5E0000 D00800CC
	s_waitcnt vmcnt(0)                                         // 000000001A48: BF8903F7
	v_lshlrev_b32_e32 v205, 8, v202                            // 000000001A4C: 319B9488
	v_lshl_add_u32 v205, v200, 4, v205                         // 000000001A50: D64600CD 073509C8
	ds_store_b128 v205, v[208:211]                             // 000000001A58: DB7C0000 0000D0CD
	v_add_nc_u32_e32 v202, 16, v201                            // 000000001A60: 4B959290
	v_add_nc_u32_e32 v203, s28, v202                           // 000000001A64: 4B97941C
	v_lshlrev_b32_e32 v204, 12, v203                           // 000000001A68: 3199968C
	v_add_nc_u32_e32 v204, s29, v204                           // 000000001A6C: 4B99981D
	v_lshl_add_u32 v204, v200, 4, v204                         // 000000001A70: D64600CC 073109C8
	global_load_b128 v[208:211], v204, s[8:9]                  // 000000001A78: DC5E0000 D00800CC
	s_waitcnt vmcnt(0)                                         // 000000001A80: BF8903F7
	v_lshlrev_b32_e32 v205, 8, v202                            // 000000001A84: 319B9488
	v_lshl_add_u32 v205, v200, 4, v205                         // 000000001A88: D64600CD 073509C8
	ds_store_b128 v205, v[208:211]                             // 000000001A90: DB7C0000 0000D0CD
	v_add_nc_u32_e32 v202, 20, v201                            // 000000001A98: 4B959294
	v_add_nc_u32_e32 v203, s28, v202                           // 000000001A9C: 4B97941C
	v_lshlrev_b32_e32 v204, 12, v203                           // 000000001AA0: 3199968C
	v_add_nc_u32_e32 v204, s29, v204                           // 000000001AA4: 4B99981D
	v_lshl_add_u32 v204, v200, 4, v204                         // 000000001AA8: D64600CC 073109C8
	global_load_b128 v[208:211], v204, s[8:9]                  // 000000001AB0: DC5E0000 D00800CC
	s_waitcnt vmcnt(0)                                         // 000000001AB8: BF8903F7
	v_lshlrev_b32_e32 v205, 8, v202                            // 000000001ABC: 319B9488
	v_lshl_add_u32 v205, v200, 4, v205                         // 000000001AC0: D64600CD 073509C8
	ds_store_b128 v205, v[208:211]                             // 000000001AC8: DB7C0000 0000D0CD
	v_add_nc_u32_e32 v202, 24, v201                            // 000000001AD0: 4B959298
	v_add_nc_u32_e32 v203, s28, v202                           // 000000001AD4: 4B97941C
	v_lshlrev_b32_e32 v204, 12, v203                           // 000000001AD8: 3199968C
	v_add_nc_u32_e32 v204, s29, v204                           // 000000001ADC: 4B99981D
	v_lshl_add_u32 v204, v200, 4, v204                         // 000000001AE0: D64600CC 073109C8
	global_load_b128 v[208:211], v204, s[8:9]                  // 000000001AE8: DC5E0000 D00800CC
	s_waitcnt vmcnt(0)                                         // 000000001AF0: BF8903F7
	v_lshlrev_b32_e32 v205, 8, v202                            // 000000001AF4: 319B9488
	v_lshl_add_u32 v205, v200, 4, v205                         // 000000001AF8: D64600CD 073509C8
	ds_store_b128 v205, v[208:211]                             // 000000001B00: DB7C0000 0000D0CD
	v_add_nc_u32_e32 v202, 28, v201                            // 000000001B08: 4B95929C
	v_add_nc_u32_e32 v203, s28, v202                           // 000000001B0C: 4B97941C
	v_lshlrev_b32_e32 v204, 12, v203                           // 000000001B10: 3199968C
	v_add_nc_u32_e32 v204, s29, v204                           // 000000001B14: 4B99981D
	v_lshl_add_u32 v204, v200, 4, v204                         // 000000001B18: D64600CC 073109C8
	global_load_b128 v[208:211], v204, s[8:9]                  // 000000001B20: DC5E0000 D00800CC
	s_waitcnt vmcnt(0)                                         // 000000001B28: BF8903F7
	v_lshlrev_b32_e32 v205, 8, v202                            // 000000001B2C: 319B9488
	v_lshl_add_u32 v205, v200, 4, v205                         // 000000001B30: D64600CD 073509C8
	ds_store_b128 v205, v[208:211]                             // 000000001B38: DB7C0000 0000D0CD
	v_add_nc_u32_e32 v202, 0, v201                             // 000000001B40: 4B959280
	v_lshlrev_b32_e32 v204, 8, v202                            // 000000001B44: 31999488
	v_add_nc_u32_e32 v204, s30, v204                           // 000000001B48: 4B99981E
	v_lshl_add_u32 v204, v200, 4, v204                         // 000000001B4C: D64600CC 073109C8
	global_load_b128 v[208:211], v204, s[14:15]                // 000000001B54: DC5E0000 D00E00CC
	s_waitcnt vmcnt(0)                                         // 000000001B5C: BF8903F7
	v_lshlrev_b32_e32 v205, 8, v202                            // 000000001B60: 319B9488
	v_lshl_add_u32 v205, v200, 4, v205                         // 000000001B64: D64600CD 073509C8
	v_add_nc_u32_e32 v205, 0x2000, v205                        // 000000001B6C: 4B9B9AFF 00002000
	ds_store_b128 v205, v[208:211]                             // 000000001B74: DB7C0000 0000D0CD
	v_add_nc_u32_e32 v202, 4, v201                             // 000000001B7C: 4B959284
	v_lshlrev_b32_e32 v204, 8, v202                            // 000000001B80: 31999488
	v_add_nc_u32_e32 v204, s30, v204                           // 000000001B84: 4B99981E
	v_lshl_add_u32 v204, v200, 4, v204                         // 000000001B88: D64600CC 073109C8
	global_load_b128 v[208:211], v204, s[14:15]                // 000000001B90: DC5E0000 D00E00CC
	s_waitcnt vmcnt(0)                                         // 000000001B98: BF8903F7
	v_lshlrev_b32_e32 v205, 8, v202                            // 000000001B9C: 319B9488
	v_lshl_add_u32 v205, v200, 4, v205                         // 000000001BA0: D64600CD 073509C8
	v_add_nc_u32_e32 v205, 0x2000, v205                        // 000000001BA8: 4B9B9AFF 00002000
	ds_store_b128 v205, v[208:211]                             // 000000001BB0: DB7C0000 0000D0CD
	v_add_nc_u32_e32 v202, 8, v201                             // 000000001BB8: 4B959288
	v_lshlrev_b32_e32 v204, 8, v202                            // 000000001BBC: 31999488
	v_add_nc_u32_e32 v204, s30, v204                           // 000000001BC0: 4B99981E
	v_lshl_add_u32 v204, v200, 4, v204                         // 000000001BC4: D64600CC 073109C8
	global_load_b128 v[208:211], v204, s[14:15]                // 000000001BCC: DC5E0000 D00E00CC
	s_waitcnt vmcnt(0)                                         // 000000001BD4: BF8903F7
	v_lshlrev_b32_e32 v205, 8, v202                            // 000000001BD8: 319B9488
	v_lshl_add_u32 v205, v200, 4, v205                         // 000000001BDC: D64600CD 073509C8
	v_add_nc_u32_e32 v205, 0x2000, v205                        // 000000001BE4: 4B9B9AFF 00002000
	ds_store_b128 v205, v[208:211]                             // 000000001BEC: DB7C0000 0000D0CD
	v_add_nc_u32_e32 v202, 12, v201                            // 000000001BF4: 4B95928C
	v_lshlrev_b32_e32 v204, 8, v202                            // 000000001BF8: 31999488
	v_add_nc_u32_e32 v204, s30, v204                           // 000000001BFC: 4B99981E
	v_lshl_add_u32 v204, v200, 4, v204                         // 000000001C00: D64600CC 073109C8
	global_load_b128 v[208:211], v204, s[14:15]                // 000000001C08: DC5E0000 D00E00CC
	s_waitcnt vmcnt(0)                                         // 000000001C10: BF8903F7
	v_lshlrev_b32_e32 v205, 8, v202                            // 000000001C14: 319B9488
	v_lshl_add_u32 v205, v200, 4, v205                         // 000000001C18: D64600CD 073509C8
	v_add_nc_u32_e32 v205, 0x2000, v205                        // 000000001C20: 4B9B9AFF 00002000
	ds_store_b128 v205, v[208:211]                             // 000000001C28: DB7C0000 0000D0CD
	v_add_nc_u32_e32 v202, 16, v201                            // 000000001C30: 4B959290
	v_lshlrev_b32_e32 v204, 8, v202                            // 000000001C34: 31999488
	v_add_nc_u32_e32 v204, s30, v204                           // 000000001C38: 4B99981E
	v_lshl_add_u32 v204, v200, 4, v204                         // 000000001C3C: D64600CC 073109C8
	global_load_b128 v[208:211], v204, s[14:15]                // 000000001C44: DC5E0000 D00E00CC
	s_waitcnt vmcnt(0)                                         // 000000001C4C: BF8903F7
	v_lshlrev_b32_e32 v205, 8, v202                            // 000000001C50: 319B9488
	v_lshl_add_u32 v205, v200, 4, v205                         // 000000001C54: D64600CD 073509C8
	v_add_nc_u32_e32 v205, 0x2000, v205                        // 000000001C5C: 4B9B9AFF 00002000
	ds_store_b128 v205, v[208:211]                             // 000000001C64: DB7C0000 0000D0CD
	v_add_nc_u32_e32 v202, 20, v201                            // 000000001C6C: 4B959294
	v_lshlrev_b32_e32 v204, 8, v202                            // 000000001C70: 31999488
	v_add_nc_u32_e32 v204, s30, v204                           // 000000001C74: 4B99981E
	v_lshl_add_u32 v204, v200, 4, v204                         // 000000001C78: D64600CC 073109C8
	global_load_b128 v[208:211], v204, s[14:15]                // 000000001C80: DC5E0000 D00E00CC
	s_waitcnt vmcnt(0)                                         // 000000001C88: BF8903F7
	v_lshlrev_b32_e32 v205, 8, v202                            // 000000001C8C: 319B9488
	v_lshl_add_u32 v205, v200, 4, v205                         // 000000001C90: D64600CD 073509C8
	v_add_nc_u32_e32 v205, 0x2000, v205                        // 000000001C98: 4B9B9AFF 00002000
	ds_store_b128 v205, v[208:211]                             // 000000001CA0: DB7C0000 0000D0CD
	v_add_nc_u32_e32 v202, 24, v201                            // 000000001CA8: 4B959298
	v_lshlrev_b32_e32 v204, 8, v202                            // 000000001CAC: 31999488
	v_add_nc_u32_e32 v204, s30, v204                           // 000000001CB0: 4B99981E
	v_lshl_add_u32 v204, v200, 4, v204                         // 000000001CB4: D64600CC 073109C8
	global_load_b128 v[208:211], v204, s[14:15]                // 000000001CBC: DC5E0000 D00E00CC
	s_waitcnt vmcnt(0)                                         // 000000001CC4: BF8903F7
	v_lshlrev_b32_e32 v205, 8, v202                            // 000000001CC8: 319B9488
	v_lshl_add_u32 v205, v200, 4, v205                         // 000000001CCC: D64600CD 073509C8
	v_add_nc_u32_e32 v205, 0x2000, v205                        // 000000001CD4: 4B9B9AFF 00002000
	ds_store_b128 v205, v[208:211]                             // 000000001CDC: DB7C0000 0000D0CD
	v_add_nc_u32_e32 v202, 28, v201                            // 000000001CE4: 4B95929C
	v_lshlrev_b32_e32 v204, 8, v202                            // 000000001CE8: 31999488
	v_add_nc_u32_e32 v204, s30, v204                           // 000000001CEC: 4B99981E
	v_lshl_add_u32 v204, v200, 4, v204                         // 000000001CF0: D64600CC 073109C8
	global_load_b128 v[208:211], v204, s[14:15]                // 000000001CF8: DC5E0000 D00E00CC
	s_waitcnt vmcnt(0)                                         // 000000001D00: BF8903F7
	v_lshlrev_b32_e32 v205, 8, v202                            // 000000001D04: 319B9488
	v_lshl_add_u32 v205, v200, 4, v205                         // 000000001D08: D64600CD 073509C8
	v_add_nc_u32_e32 v205, 0x2000, v205                        // 000000001D10: 4B9B9AFF 00002000
	ds_store_b128 v205, v[208:211]                             // 000000001D18: DB7C0000 0000D0CD
	v_add_nc_u32_e32 v202, s31, v0                             // 000000001D20: 4B94001F
	v_lshlrev_b32_e32 v204, 7, v202                            // 000000001D24: 31999487
	v_lshl_add_u32 v204, s26, 2, v204                          // 000000001D28: D64600CC 0731041A
	global_load_b32 v208, v204, s[16:17]                       // 000000001D30: DC520000 D01000CC
	s_waitcnt vmcnt(0)                                         // 000000001D38: BF8903F7
	v_lshlrev_b32_e32 v205, 2, v0                              // 000000001D3C: 319A0082
	v_add_nc_u32_e32 v205, 0x4000, v205                        // 000000001D40: 4B9B9AFF 00004000
	ds_store_b32 v205, v208                                    // 000000001D48: D8340000 0000D0CD
	s_waitcnt lgkmcnt(0)                                       // 000000001D50: BF89FC07
	s_barrier                                                  // 000000001D54: BFBD0000
	v_mov_b32_e32 v64, 0                                       // 000000001D58: 7E800280
	v_mov_b32_e32 v65, 0                                       // 000000001D5C: 7E820280
	v_mov_b32_e32 v66, 0                                       // 000000001D60: 7E840280
	v_mov_b32_e32 v67, 0                                       // 000000001D64: 7E860280
	v_mov_b32_e32 v68, 0                                       // 000000001D68: 7E880280
	v_mov_b32_e32 v69, 0                                       // 000000001D6C: 7E8A0280
	v_mov_b32_e32 v70, 0                                       // 000000001D70: 7E8C0280
	v_mov_b32_e32 v71, 0                                       // 000000001D74: 7E8E0280
	v_mov_b32_e32 v72, 0                                       // 000000001D78: 7E900280
	v_mov_b32_e32 v73, 0                                       // 000000001D7C: 7E920280
	v_mov_b32_e32 v74, 0                                       // 000000001D80: 7E940280
	v_mov_b32_e32 v75, 0                                       // 000000001D84: 7E960280
	v_mov_b32_e32 v76, 0                                       // 000000001D88: 7E980280
	v_mov_b32_e32 v77, 0                                       // 000000001D8C: 7E9A0280
	v_mov_b32_e32 v78, 0                                       // 000000001D90: 7E9C0280
	v_mov_b32_e32 v79, 0                                       // 000000001D94: 7E9E0280
	v_lshlrev_b32_e32 v5, 12, v2                               // 000000001D98: 300A048C
	v_lshl_add_u32 v5, v3, 8, v5                               // 000000001D9C: D6460005 04151103
	v_lshl_add_u32 v5, v4, 4, v5                               // 000000001DA4: D6460005 04150904
	ds_load_b128 v[8:11], v5                                   // 000000001DAC: DBFC0000 08000005
	s_waitcnt lgkmcnt(0)                                       // 000000001DB4: BF89FC07
	ds_swizzle_b32 v12, v8 offset:swizzle(SWAP,16)             // 000000001DB8: D8D4401F 0C000008
	ds_swizzle_b32 v13, v9 offset:swizzle(SWAP,16)             // 000000001DC0: D8D4401F 0D000009
	ds_swizzle_b32 v14, v10 offset:swizzle(SWAP,16)            // 000000001DC8: D8D4401F 0E00000A
	ds_swizzle_b32 v15, v11 offset:swizzle(SWAP,16)            // 000000001DD0: D8D4401F 0F00000B
	s_waitcnt lgkmcnt(0)                                       // 000000001DD8: BF89FC07
	v_lshlrev_b32_e32 v206, 8, v3                              // 000000001DDC: 319C0688
	v_lshl_add_u32 v206, v4, 4, v206                           // 000000001DE0: D64600CE 07390904
	v_add_nc_u32_e32 v206, 0x2000, v206                        // 000000001DE8: 4B9D9CFF 00002000
	ds_load_b128 v[16:19], v206                                // 000000001DF0: DBFC0000 100000CE
	s_waitcnt lgkmcnt(0)                                       // 000000001DF8: BF89FC07
	ds_swizzle_b32 v20, v16 offset:swizzle(SWAP,16)            // 000000001DFC: D8D4401F 14000010
	ds_swizzle_b32 v21, v17 offset:swizzle(SWAP,16)            // 000000001E04: D8D4401F 15000011
	ds_swizzle_b32 v22, v18 offset:swizzle(SWAP,16)            // 000000001E0C: D8D4401F 16000012
	ds_swizzle_b32 v23, v19 offset:swizzle(SWAP,16)            // 000000001E14: D8D4401F 17000013
	s_waitcnt lgkmcnt(0)                                       // 000000001E1C: BF89FC07
	v_wmma_f32_16x16x16_bf16 v[64:71], v[8:15], v[16:23], v[64:71]// 000000001E20: CC414040 1D022108
	v_add_nc_u32_e32 v206, 0x1000, v206                        // 000000001E28: 4B9D9CFF 00001000
	ds_load_b128 v[16:19], v206                                // 000000001E30: DBFC0000 100000CE
	s_waitcnt lgkmcnt(0)                                       // 000000001E38: BF89FC07
	ds_swizzle_b32 v20, v16 offset:swizzle(SWAP,16)            // 000000001E3C: D8D4401F 14000010
	ds_swizzle_b32 v21, v17 offset:swizzle(SWAP,16)            // 000000001E44: D8D4401F 15000011
	ds_swizzle_b32 v22, v18 offset:swizzle(SWAP,16)            // 000000001E4C: D8D4401F 16000012
	ds_swizzle_b32 v23, v19 offset:swizzle(SWAP,16)            // 000000001E54: D8D4401F 17000013
	s_waitcnt lgkmcnt(0)                                       // 000000001E5C: BF89FC07
	v_wmma_f32_16x16x16_bf16 v[72:79], v[8:15], v[16:23], v[72:79]// 000000001E60: CC414048 1D222108
	ds_load_b128 v[8:11], v5 offset:32                         // 000000001E68: DBFC0020 08000005
	s_waitcnt lgkmcnt(0)                                       // 000000001E70: BF89FC07
	ds_swizzle_b32 v12, v8 offset:swizzle(SWAP,16)             // 000000001E74: D8D4401F 0C000008
	ds_swizzle_b32 v13, v9 offset:swizzle(SWAP,16)             // 000000001E7C: D8D4401F 0D000009
	ds_swizzle_b32 v14, v10 offset:swizzle(SWAP,16)            // 000000001E84: D8D4401F 0E00000A
	ds_swizzle_b32 v15, v11 offset:swizzle(SWAP,16)            // 000000001E8C: D8D4401F 0F00000B
	s_waitcnt lgkmcnt(0)                                       // 000000001E94: BF89FC07
	v_lshlrev_b32_e32 v206, 8, v3                              // 000000001E98: 319C0688
	v_lshl_add_u32 v206, v4, 4, v206                           // 000000001E9C: D64600CE 07390904
	v_add_nc_u32_e32 v206, 0x2020, v206                        // 000000001EA4: 4B9D9CFF 00002020
	ds_load_b128 v[16:19], v206                                // 000000001EAC: DBFC0000 100000CE
	s_waitcnt lgkmcnt(0)                                       // 000000001EB4: BF89FC07
	ds_swizzle_b32 v20, v16 offset:swizzle(SWAP,16)            // 000000001EB8: D8D4401F 14000010
	ds_swizzle_b32 v21, v17 offset:swizzle(SWAP,16)            // 000000001EC0: D8D4401F 15000011
	ds_swizzle_b32 v22, v18 offset:swizzle(SWAP,16)            // 000000001EC8: D8D4401F 16000012
	ds_swizzle_b32 v23, v19 offset:swizzle(SWAP,16)            // 000000001ED0: D8D4401F 17000013
	s_waitcnt lgkmcnt(0)                                       // 000000001ED8: BF89FC07
	v_wmma_f32_16x16x16_bf16 v[64:71], v[8:15], v[16:23], v[64:71]// 000000001EDC: CC414040 1D022108
	v_add_nc_u32_e32 v206, 0x1000, v206                        // 000000001EE4: 4B9D9CFF 00001000
	ds_load_b128 v[16:19], v206                                // 000000001EEC: DBFC0000 100000CE
	s_waitcnt lgkmcnt(0)                                       // 000000001EF4: BF89FC07
	ds_swizzle_b32 v20, v16 offset:swizzle(SWAP,16)            // 000000001EF8: D8D4401F 14000010
	ds_swizzle_b32 v21, v17 offset:swizzle(SWAP,16)            // 000000001F00: D8D4401F 15000011
	ds_swizzle_b32 v22, v18 offset:swizzle(SWAP,16)            // 000000001F08: D8D4401F 16000012
	ds_swizzle_b32 v23, v19 offset:swizzle(SWAP,16)            // 000000001F10: D8D4401F 17000013
	s_waitcnt lgkmcnt(0)                                       // 000000001F18: BF89FC07
	v_wmma_f32_16x16x16_bf16 v[72:79], v[8:15], v[16:23], v[72:79]// 000000001F1C: CC414048 1D222108
	ds_load_b128 v[8:11], v5 offset:64                         // 000000001F24: DBFC0040 08000005
	s_waitcnt lgkmcnt(0)                                       // 000000001F2C: BF89FC07
	ds_swizzle_b32 v12, v8 offset:swizzle(SWAP,16)             // 000000001F30: D8D4401F 0C000008
	ds_swizzle_b32 v13, v9 offset:swizzle(SWAP,16)             // 000000001F38: D8D4401F 0D000009
	ds_swizzle_b32 v14, v10 offset:swizzle(SWAP,16)            // 000000001F40: D8D4401F 0E00000A
	ds_swizzle_b32 v15, v11 offset:swizzle(SWAP,16)            // 000000001F48: D8D4401F 0F00000B
	s_waitcnt lgkmcnt(0)                                       // 000000001F50: BF89FC07
	v_lshlrev_b32_e32 v206, 8, v3                              // 000000001F54: 319C0688
	v_lshl_add_u32 v206, v4, 4, v206                           // 000000001F58: D64600CE 07390904
	v_add_nc_u32_e32 v206, 0x2040, v206                        // 000000001F60: 4B9D9CFF 00002040
	ds_load_b128 v[16:19], v206                                // 000000001F68: DBFC0000 100000CE
	s_waitcnt lgkmcnt(0)                                       // 000000001F70: BF89FC07
	ds_swizzle_b32 v20, v16 offset:swizzle(SWAP,16)            // 000000001F74: D8D4401F 14000010
	ds_swizzle_b32 v21, v17 offset:swizzle(SWAP,16)            // 000000001F7C: D8D4401F 15000011
	ds_swizzle_b32 v22, v18 offset:swizzle(SWAP,16)            // 000000001F84: D8D4401F 16000012
	ds_swizzle_b32 v23, v19 offset:swizzle(SWAP,16)            // 000000001F8C: D8D4401F 17000013
	s_waitcnt lgkmcnt(0)                                       // 000000001F94: BF89FC07
	v_wmma_f32_16x16x16_bf16 v[64:71], v[8:15], v[16:23], v[64:71]// 000000001F98: CC414040 1D022108
	v_add_nc_u32_e32 v206, 0x1000, v206                        // 000000001FA0: 4B9D9CFF 00001000
	ds_load_b128 v[16:19], v206                                // 000000001FA8: DBFC0000 100000CE
	s_waitcnt lgkmcnt(0)                                       // 000000001FB0: BF89FC07
	ds_swizzle_b32 v20, v16 offset:swizzle(SWAP,16)            // 000000001FB4: D8D4401F 14000010
	ds_swizzle_b32 v21, v17 offset:swizzle(SWAP,16)            // 000000001FBC: D8D4401F 15000011
	ds_swizzle_b32 v22, v18 offset:swizzle(SWAP,16)            // 000000001FC4: D8D4401F 16000012
	ds_swizzle_b32 v23, v19 offset:swizzle(SWAP,16)            // 000000001FCC: D8D4401F 17000013
	s_waitcnt lgkmcnt(0)                                       // 000000001FD4: BF89FC07
	v_wmma_f32_16x16x16_bf16 v[72:79], v[8:15], v[16:23], v[72:79]// 000000001FD8: CC414048 1D222108
	ds_load_b128 v[8:11], v5 offset:96                         // 000000001FE0: DBFC0060 08000005
	s_waitcnt lgkmcnt(0)                                       // 000000001FE8: BF89FC07
	ds_swizzle_b32 v12, v8 offset:swizzle(SWAP,16)             // 000000001FEC: D8D4401F 0C000008
	ds_swizzle_b32 v13, v9 offset:swizzle(SWAP,16)             // 000000001FF4: D8D4401F 0D000009
	ds_swizzle_b32 v14, v10 offset:swizzle(SWAP,16)            // 000000001FFC: D8D4401F 0E00000A
	ds_swizzle_b32 v15, v11 offset:swizzle(SWAP,16)            // 000000002004: D8D4401F 0F00000B
	s_waitcnt lgkmcnt(0)                                       // 00000000200C: BF89FC07
	v_lshlrev_b32_e32 v206, 8, v3                              // 000000002010: 319C0688
	v_lshl_add_u32 v206, v4, 4, v206                           // 000000002014: D64600CE 07390904
	v_add_nc_u32_e32 v206, 0x2060, v206                        // 00000000201C: 4B9D9CFF 00002060
	ds_load_b128 v[16:19], v206                                // 000000002024: DBFC0000 100000CE
	s_waitcnt lgkmcnt(0)                                       // 00000000202C: BF89FC07
	ds_swizzle_b32 v20, v16 offset:swizzle(SWAP,16)            // 000000002030: D8D4401F 14000010
	ds_swizzle_b32 v21, v17 offset:swizzle(SWAP,16)            // 000000002038: D8D4401F 15000011
	ds_swizzle_b32 v22, v18 offset:swizzle(SWAP,16)            // 000000002040: D8D4401F 16000012
	ds_swizzle_b32 v23, v19 offset:swizzle(SWAP,16)            // 000000002048: D8D4401F 17000013
	s_waitcnt lgkmcnt(0)                                       // 000000002050: BF89FC07
	v_wmma_f32_16x16x16_bf16 v[64:71], v[8:15], v[16:23], v[64:71]// 000000002054: CC414040 1D022108
	v_add_nc_u32_e32 v206, 0x1000, v206                        // 00000000205C: 4B9D9CFF 00001000
	ds_load_b128 v[16:19], v206                                // 000000002064: DBFC0000 100000CE
	s_waitcnt lgkmcnt(0)                                       // 00000000206C: BF89FC07
	ds_swizzle_b32 v20, v16 offset:swizzle(SWAP,16)            // 000000002070: D8D4401F 14000010
	ds_swizzle_b32 v21, v17 offset:swizzle(SWAP,16)            // 000000002078: D8D4401F 15000011
	ds_swizzle_b32 v22, v18 offset:swizzle(SWAP,16)            // 000000002080: D8D4401F 16000012
	ds_swizzle_b32 v23, v19 offset:swizzle(SWAP,16)            // 000000002088: D8D4401F 17000013
	s_waitcnt lgkmcnt(0)                                       // 000000002090: BF89FC07
	v_wmma_f32_16x16x16_bf16 v[72:79], v[8:15], v[16:23], v[72:79]// 000000002094: CC414048 1D222108
	ds_load_b128 v[8:11], v5 offset:128                        // 00000000209C: DBFC0080 08000005
	s_waitcnt lgkmcnt(0)                                       // 0000000020A4: BF89FC07
	ds_swizzle_b32 v12, v8 offset:swizzle(SWAP,16)             // 0000000020A8: D8D4401F 0C000008
	ds_swizzle_b32 v13, v9 offset:swizzle(SWAP,16)             // 0000000020B0: D8D4401F 0D000009
	ds_swizzle_b32 v14, v10 offset:swizzle(SWAP,16)            // 0000000020B8: D8D4401F 0E00000A
	ds_swizzle_b32 v15, v11 offset:swizzle(SWAP,16)            // 0000000020C0: D8D4401F 0F00000B
	s_waitcnt lgkmcnt(0)                                       // 0000000020C8: BF89FC07
	v_lshlrev_b32_e32 v206, 8, v3                              // 0000000020CC: 319C0688
	v_lshl_add_u32 v206, v4, 4, v206                           // 0000000020D0: D64600CE 07390904
	v_add_nc_u32_e32 v206, 0x2080, v206                        // 0000000020D8: 4B9D9CFF 00002080
	ds_load_b128 v[16:19], v206                                // 0000000020E0: DBFC0000 100000CE
	s_waitcnt lgkmcnt(0)                                       // 0000000020E8: BF89FC07
	ds_swizzle_b32 v20, v16 offset:swizzle(SWAP,16)            // 0000000020EC: D8D4401F 14000010
	ds_swizzle_b32 v21, v17 offset:swizzle(SWAP,16)            // 0000000020F4: D8D4401F 15000011
	ds_swizzle_b32 v22, v18 offset:swizzle(SWAP,16)            // 0000000020FC: D8D4401F 16000012
	ds_swizzle_b32 v23, v19 offset:swizzle(SWAP,16)            // 000000002104: D8D4401F 17000013
	s_waitcnt lgkmcnt(0)                                       // 00000000210C: BF89FC07
	v_wmma_f32_16x16x16_bf16 v[64:71], v[8:15], v[16:23], v[64:71]// 000000002110: CC414040 1D022108
	v_add_nc_u32_e32 v206, 0x1000, v206                        // 000000002118: 4B9D9CFF 00001000
	ds_load_b128 v[16:19], v206                                // 000000002120: DBFC0000 100000CE
	s_waitcnt lgkmcnt(0)                                       // 000000002128: BF89FC07
	ds_swizzle_b32 v20, v16 offset:swizzle(SWAP,16)            // 00000000212C: D8D4401F 14000010
	ds_swizzle_b32 v21, v17 offset:swizzle(SWAP,16)            // 000000002134: D8D4401F 15000011
	ds_swizzle_b32 v22, v18 offset:swizzle(SWAP,16)            // 00000000213C: D8D4401F 16000012
	ds_swizzle_b32 v23, v19 offset:swizzle(SWAP,16)            // 000000002144: D8D4401F 17000013
	s_waitcnt lgkmcnt(0)                                       // 00000000214C: BF89FC07
	v_wmma_f32_16x16x16_bf16 v[72:79], v[8:15], v[16:23], v[72:79]// 000000002150: CC414048 1D222108
	ds_load_b128 v[8:11], v5 offset:160                        // 000000002158: DBFC00A0 08000005
	s_waitcnt lgkmcnt(0)                                       // 000000002160: BF89FC07
	ds_swizzle_b32 v12, v8 offset:swizzle(SWAP,16)             // 000000002164: D8D4401F 0C000008
	ds_swizzle_b32 v13, v9 offset:swizzle(SWAP,16)             // 00000000216C: D8D4401F 0D000009
	ds_swizzle_b32 v14, v10 offset:swizzle(SWAP,16)            // 000000002174: D8D4401F 0E00000A
	ds_swizzle_b32 v15, v11 offset:swizzle(SWAP,16)            // 00000000217C: D8D4401F 0F00000B
	s_waitcnt lgkmcnt(0)                                       // 000000002184: BF89FC07
	v_lshlrev_b32_e32 v206, 8, v3                              // 000000002188: 319C0688
	v_lshl_add_u32 v206, v4, 4, v206                           // 00000000218C: D64600CE 07390904
	v_add_nc_u32_e32 v206, 0x20a0, v206                        // 000000002194: 4B9D9CFF 000020A0
	ds_load_b128 v[16:19], v206                                // 00000000219C: DBFC0000 100000CE
	s_waitcnt lgkmcnt(0)                                       // 0000000021A4: BF89FC07
	ds_swizzle_b32 v20, v16 offset:swizzle(SWAP,16)            // 0000000021A8: D8D4401F 14000010
	ds_swizzle_b32 v21, v17 offset:swizzle(SWAP,16)            // 0000000021B0: D8D4401F 15000011
	ds_swizzle_b32 v22, v18 offset:swizzle(SWAP,16)            // 0000000021B8: D8D4401F 16000012
	ds_swizzle_b32 v23, v19 offset:swizzle(SWAP,16)            // 0000000021C0: D8D4401F 17000013
	s_waitcnt lgkmcnt(0)                                       // 0000000021C8: BF89FC07
	v_wmma_f32_16x16x16_bf16 v[64:71], v[8:15], v[16:23], v[64:71]// 0000000021CC: CC414040 1D022108
	v_add_nc_u32_e32 v206, 0x1000, v206                        // 0000000021D4: 4B9D9CFF 00001000
	ds_load_b128 v[16:19], v206                                // 0000000021DC: DBFC0000 100000CE
	s_waitcnt lgkmcnt(0)                                       // 0000000021E4: BF89FC07
	ds_swizzle_b32 v20, v16 offset:swizzle(SWAP,16)            // 0000000021E8: D8D4401F 14000010
	ds_swizzle_b32 v21, v17 offset:swizzle(SWAP,16)            // 0000000021F0: D8D4401F 15000011
	ds_swizzle_b32 v22, v18 offset:swizzle(SWAP,16)            // 0000000021F8: D8D4401F 16000012
	ds_swizzle_b32 v23, v19 offset:swizzle(SWAP,16)            // 000000002200: D8D4401F 17000013
	s_waitcnt lgkmcnt(0)                                       // 000000002208: BF89FC07
	v_wmma_f32_16x16x16_bf16 v[72:79], v[8:15], v[16:23], v[72:79]// 00000000220C: CC414048 1D222108
	ds_load_b128 v[8:11], v5 offset:192                        // 000000002214: DBFC00C0 08000005
	s_waitcnt lgkmcnt(0)                                       // 00000000221C: BF89FC07
	ds_swizzle_b32 v12, v8 offset:swizzle(SWAP,16)             // 000000002220: D8D4401F 0C000008
	ds_swizzle_b32 v13, v9 offset:swizzle(SWAP,16)             // 000000002228: D8D4401F 0D000009
	ds_swizzle_b32 v14, v10 offset:swizzle(SWAP,16)            // 000000002230: D8D4401F 0E00000A
	ds_swizzle_b32 v15, v11 offset:swizzle(SWAP,16)            // 000000002238: D8D4401F 0F00000B
	s_waitcnt lgkmcnt(0)                                       // 000000002240: BF89FC07
	v_lshlrev_b32_e32 v206, 8, v3                              // 000000002244: 319C0688
	v_lshl_add_u32 v206, v4, 4, v206                           // 000000002248: D64600CE 07390904
	v_add_nc_u32_e32 v206, 0x20c0, v206                        // 000000002250: 4B9D9CFF 000020C0
	ds_load_b128 v[16:19], v206                                // 000000002258: DBFC0000 100000CE
	s_waitcnt lgkmcnt(0)                                       // 000000002260: BF89FC07
	ds_swizzle_b32 v20, v16 offset:swizzle(SWAP,16)            // 000000002264: D8D4401F 14000010
	ds_swizzle_b32 v21, v17 offset:swizzle(SWAP,16)            // 00000000226C: D8D4401F 15000011
	ds_swizzle_b32 v22, v18 offset:swizzle(SWAP,16)            // 000000002274: D8D4401F 16000012
	ds_swizzle_b32 v23, v19 offset:swizzle(SWAP,16)            // 00000000227C: D8D4401F 17000013
	s_waitcnt lgkmcnt(0)                                       // 000000002284: BF89FC07
	v_wmma_f32_16x16x16_bf16 v[64:71], v[8:15], v[16:23], v[64:71]// 000000002288: CC414040 1D022108
	v_add_nc_u32_e32 v206, 0x1000, v206                        // 000000002290: 4B9D9CFF 00001000
	ds_load_b128 v[16:19], v206                                // 000000002298: DBFC0000 100000CE
	s_waitcnt lgkmcnt(0)                                       // 0000000022A0: BF89FC07
	ds_swizzle_b32 v20, v16 offset:swizzle(SWAP,16)            // 0000000022A4: D8D4401F 14000010
	ds_swizzle_b32 v21, v17 offset:swizzle(SWAP,16)            // 0000000022AC: D8D4401F 15000011
	ds_swizzle_b32 v22, v18 offset:swizzle(SWAP,16)            // 0000000022B4: D8D4401F 16000012
	ds_swizzle_b32 v23, v19 offset:swizzle(SWAP,16)            // 0000000022BC: D8D4401F 17000013
	s_waitcnt lgkmcnt(0)                                       // 0000000022C4: BF89FC07
	v_wmma_f32_16x16x16_bf16 v[72:79], v[8:15], v[16:23], v[72:79]// 0000000022C8: CC414048 1D222108
	ds_load_b128 v[8:11], v5 offset:224                        // 0000000022D0: DBFC00E0 08000005
	s_waitcnt lgkmcnt(0)                                       // 0000000022D8: BF89FC07
	ds_swizzle_b32 v12, v8 offset:swizzle(SWAP,16)             // 0000000022DC: D8D4401F 0C000008
	ds_swizzle_b32 v13, v9 offset:swizzle(SWAP,16)             // 0000000022E4: D8D4401F 0D000009
	ds_swizzle_b32 v14, v10 offset:swizzle(SWAP,16)            // 0000000022EC: D8D4401F 0E00000A
	ds_swizzle_b32 v15, v11 offset:swizzle(SWAP,16)            // 0000000022F4: D8D4401F 0F00000B
	s_waitcnt lgkmcnt(0)                                       // 0000000022FC: BF89FC07
	v_lshlrev_b32_e32 v206, 8, v3                              // 000000002300: 319C0688
	v_lshl_add_u32 v206, v4, 4, v206                           // 000000002304: D64600CE 07390904
	v_add_nc_u32_e32 v206, 0x20e0, v206                        // 00000000230C: 4B9D9CFF 000020E0
	ds_load_b128 v[16:19], v206                                // 000000002314: DBFC0000 100000CE
	s_waitcnt lgkmcnt(0)                                       // 00000000231C: BF89FC07
	ds_swizzle_b32 v20, v16 offset:swizzle(SWAP,16)            // 000000002320: D8D4401F 14000010
	ds_swizzle_b32 v21, v17 offset:swizzle(SWAP,16)            // 000000002328: D8D4401F 15000011
	ds_swizzle_b32 v22, v18 offset:swizzle(SWAP,16)            // 000000002330: D8D4401F 16000012
	ds_swizzle_b32 v23, v19 offset:swizzle(SWAP,16)            // 000000002338: D8D4401F 17000013
	s_waitcnt lgkmcnt(0)                                       // 000000002340: BF89FC07
	v_wmma_f32_16x16x16_bf16 v[64:71], v[8:15], v[16:23], v[64:71]// 000000002344: CC414040 1D022108
	v_add_nc_u32_e32 v206, 0x1000, v206                        // 00000000234C: 4B9D9CFF 00001000
	ds_load_b128 v[16:19], v206                                // 000000002354: DBFC0000 100000CE
	s_waitcnt lgkmcnt(0)                                       // 00000000235C: BF89FC07
	ds_swizzle_b32 v20, v16 offset:swizzle(SWAP,16)            // 000000002360: D8D4401F 14000010
	ds_swizzle_b32 v21, v17 offset:swizzle(SWAP,16)            // 000000002368: D8D4401F 15000011
	ds_swizzle_b32 v22, v18 offset:swizzle(SWAP,16)            // 000000002370: D8D4401F 16000012
	ds_swizzle_b32 v23, v19 offset:swizzle(SWAP,16)            // 000000002378: D8D4401F 17000013
	s_waitcnt lgkmcnt(0)                                       // 000000002380: BF89FC07
	v_wmma_f32_16x16x16_bf16 v[72:79], v[8:15], v[16:23], v[72:79]// 000000002384: CC414048 1D222108
	v_lshlrev_b32_e32 v206, 4, v2                              // 00000000238C: 319C0484
	v_add_nc_u32_e32 v206, v4, v206                            // 000000002390: 4B9D9D04
	v_add_nc_u32_e32 v206, 0, v206                             // 000000002394: 4B9D9C80
	v_add_nc_u32_e32 v206, s45, v206                           // 000000002398: 4B9D9C2D
	v_lshlrev_b32_e32 v206, 2, v206                            // 00000000239C: 319D9C82
	v_add_nc_u32_e32 v206, 0x4000, v206                        // 0000000023A0: 4B9D9CFF 00004000
	ds_load_b32 v208, v206                                     // 0000000023A8: D8D80000 D00000CE
	s_waitcnt lgkmcnt(0)                                       // 0000000023B0: BF89FC07
	v_mul_f32_e32 v208, 0x3fb8aa3b, v208                       // 0000000023B4: 11A1A0FF 3FB8AA3B
	v_exp_f32_e32 v208, v208                                   // 0000000023BC: 7FA04BD0
	v_mul_f32_e32 v64, v64, v208                               // 0000000023C0: 1081A140
	v_mul_f32_e32 v72, v72, v208                               // 0000000023C4: 1091A148
	v_lshlrev_b32_e32 v206, 4, v2                              // 0000000023C8: 319C0484
	v_add_nc_u32_e32 v206, v4, v206                            // 0000000023CC: 4B9D9D04
	v_add_nc_u32_e32 v206, 2, v206                             // 0000000023D0: 4B9D9C82
	v_add_nc_u32_e32 v206, s45, v206                           // 0000000023D4: 4B9D9C2D
	v_lshlrev_b32_e32 v206, 2, v206                            // 0000000023D8: 319D9C82
	v_add_nc_u32_e32 v206, 0x4000, v206                        // 0000000023DC: 4B9D9CFF 00004000
	ds_load_b32 v208, v206                                     // 0000000023E4: D8D80000 D00000CE
	s_waitcnt lgkmcnt(0)                                       // 0000000023EC: BF89FC07
	v_mul_f32_e32 v208, 0x3fb8aa3b, v208                       // 0000000023F0: 11A1A0FF 3FB8AA3B
	v_exp_f32_e32 v208, v208                                   // 0000000023F8: 7FA04BD0
	v_mul_f32_e32 v65, v65, v208                               // 0000000023FC: 1083A141
	v_mul_f32_e32 v73, v73, v208                               // 000000002400: 1093A149
	v_lshlrev_b32_e32 v206, 4, v2                              // 000000002404: 319C0484
	v_add_nc_u32_e32 v206, v4, v206                            // 000000002408: 4B9D9D04
	v_add_nc_u32_e32 v206, 4, v206                             // 00000000240C: 4B9D9C84
	v_add_nc_u32_e32 v206, s45, v206                           // 000000002410: 4B9D9C2D
	v_lshlrev_b32_e32 v206, 2, v206                            // 000000002414: 319D9C82
	v_add_nc_u32_e32 v206, 0x4000, v206                        // 000000002418: 4B9D9CFF 00004000
	ds_load_b32 v208, v206                                     // 000000002420: D8D80000 D00000CE
	s_waitcnt lgkmcnt(0)                                       // 000000002428: BF89FC07
	v_mul_f32_e32 v208, 0x3fb8aa3b, v208                       // 00000000242C: 11A1A0FF 3FB8AA3B
	v_exp_f32_e32 v208, v208                                   // 000000002434: 7FA04BD0
	v_mul_f32_e32 v66, v66, v208                               // 000000002438: 1085A142
	v_mul_f32_e32 v74, v74, v208                               // 00000000243C: 1095A14A
	v_lshlrev_b32_e32 v206, 4, v2                              // 000000002440: 319C0484
	v_add_nc_u32_e32 v206, v4, v206                            // 000000002444: 4B9D9D04
	v_add_nc_u32_e32 v206, 6, v206                             // 000000002448: 4B9D9C86
	v_add_nc_u32_e32 v206, s45, v206                           // 00000000244C: 4B9D9C2D
	v_lshlrev_b32_e32 v206, 2, v206                            // 000000002450: 319D9C82
	v_add_nc_u32_e32 v206, 0x4000, v206                        // 000000002454: 4B9D9CFF 00004000
	ds_load_b32 v208, v206                                     // 00000000245C: D8D80000 D00000CE
	s_waitcnt lgkmcnt(0)                                       // 000000002464: BF89FC07
	v_mul_f32_e32 v208, 0x3fb8aa3b, v208                       // 000000002468: 11A1A0FF 3FB8AA3B
	v_exp_f32_e32 v208, v208                                   // 000000002470: 7FA04BD0
	v_mul_f32_e32 v67, v67, v208                               // 000000002474: 1087A143
	v_mul_f32_e32 v75, v75, v208                               // 000000002478: 1097A14B
	v_lshlrev_b32_e32 v206, 4, v2                              // 00000000247C: 319C0484
	v_add_nc_u32_e32 v206, v4, v206                            // 000000002480: 4B9D9D04
	v_add_nc_u32_e32 v206, 8, v206                             // 000000002484: 4B9D9C88
	v_add_nc_u32_e32 v206, s45, v206                           // 000000002488: 4B9D9C2D
	v_lshlrev_b32_e32 v206, 2, v206                            // 00000000248C: 319D9C82
	v_add_nc_u32_e32 v206, 0x4000, v206                        // 000000002490: 4B9D9CFF 00004000
	ds_load_b32 v208, v206                                     // 000000002498: D8D80000 D00000CE
	s_waitcnt lgkmcnt(0)                                       // 0000000024A0: BF89FC07
	v_mul_f32_e32 v208, 0x3fb8aa3b, v208                       // 0000000024A4: 11A1A0FF 3FB8AA3B
	v_exp_f32_e32 v208, v208                                   // 0000000024AC: 7FA04BD0
	v_mul_f32_e32 v68, v68, v208                               // 0000000024B0: 1089A144
	v_mul_f32_e32 v76, v76, v208                               // 0000000024B4: 1099A14C
	v_lshlrev_b32_e32 v206, 4, v2                              // 0000000024B8: 319C0484
	v_add_nc_u32_e32 v206, v4, v206                            // 0000000024BC: 4B9D9D04
	v_add_nc_u32_e32 v206, 10, v206                            // 0000000024C0: 4B9D9C8A
	v_add_nc_u32_e32 v206, s45, v206                           // 0000000024C4: 4B9D9C2D
	v_lshlrev_b32_e32 v206, 2, v206                            // 0000000024C8: 319D9C82
	v_add_nc_u32_e32 v206, 0x4000, v206                        // 0000000024CC: 4B9D9CFF 00004000
	ds_load_b32 v208, v206                                     // 0000000024D4: D8D80000 D00000CE
	s_waitcnt lgkmcnt(0)                                       // 0000000024DC: BF89FC07
	v_mul_f32_e32 v208, 0x3fb8aa3b, v208                       // 0000000024E0: 11A1A0FF 3FB8AA3B
	v_exp_f32_e32 v208, v208                                   // 0000000024E8: 7FA04BD0
	v_mul_f32_e32 v69, v69, v208                               // 0000000024EC: 108BA145
	v_mul_f32_e32 v77, v77, v208                               // 0000000024F0: 109BA14D
	v_lshlrev_b32_e32 v206, 4, v2                              // 0000000024F4: 319C0484
	v_add_nc_u32_e32 v206, v4, v206                            // 0000000024F8: 4B9D9D04
	v_add_nc_u32_e32 v206, 12, v206                            // 0000000024FC: 4B9D9C8C
	v_add_nc_u32_e32 v206, s45, v206                           // 000000002500: 4B9D9C2D
	v_lshlrev_b32_e32 v206, 2, v206                            // 000000002504: 319D9C82
	v_add_nc_u32_e32 v206, 0x4000, v206                        // 000000002508: 4B9D9CFF 00004000
	ds_load_b32 v208, v206                                     // 000000002510: D8D80000 D00000CE
	s_waitcnt lgkmcnt(0)                                       // 000000002518: BF89FC07
	v_mul_f32_e32 v208, 0x3fb8aa3b, v208                       // 00000000251C: 11A1A0FF 3FB8AA3B
	v_exp_f32_e32 v208, v208                                   // 000000002524: 7FA04BD0
	v_mul_f32_e32 v70, v70, v208                               // 000000002528: 108DA146
	v_mul_f32_e32 v78, v78, v208                               // 00000000252C: 109DA14E
	v_lshlrev_b32_e32 v206, 4, v2                              // 000000002530: 319C0484
	v_add_nc_u32_e32 v206, v4, v206                            // 000000002534: 4B9D9D04
	v_add_nc_u32_e32 v206, 14, v206                            // 000000002538: 4B9D9C8E
	v_add_nc_u32_e32 v206, s45, v206                           // 00000000253C: 4B9D9C2D
	v_lshlrev_b32_e32 v206, 2, v206                            // 000000002540: 319D9C82
	v_add_nc_u32_e32 v206, 0x4000, v206                        // 000000002544: 4B9D9CFF 00004000
	ds_load_b32 v208, v206                                     // 00000000254C: D8D80000 D00000CE
	s_waitcnt lgkmcnt(0)                                       // 000000002554: BF89FC07
	v_mul_f32_e32 v208, 0x3fb8aa3b, v208                       // 000000002558: 11A1A0FF 3FB8AA3B
	v_exp_f32_e32 v208, v208                                   // 000000002560: 7FA04BD0
	v_mul_f32_e32 v71, v71, v208                               // 000000002564: 108FA147
	v_mul_f32_e32 v79, v79, v208                               // 000000002568: 109FA14F
	s_barrier                                                  // 00000000256C: BFBD0000
	v_add_nc_u32_e32 v202, 0, v201                             // 000000002570: 4B959280
	v_add_nc_u32_e32 v203, s31, v202                           // 000000002574: 4B97941F
	v_lshlrev_b32_e32 v204, 12, v203                           // 000000002578: 3199968C
	v_add_nc_u32_e32 v204, s29, v204                           // 00000000257C: 4B99981D
	v_lshl_add_u32 v204, v200, 4, v204                         // 000000002580: D64600CC 073109C8
	global_load_b128 v[208:211], v204, s[10:11]                // 000000002588: DC5E0000 D00A00CC
	s_waitcnt vmcnt(0)                                         // 000000002590: BF8903F7
	v_lshlrev_b32_e32 v205, 8, v202                            // 000000002594: 319B9488
	v_lshl_add_u32 v205, v200, 4, v205                         // 000000002598: D64600CD 073509C8
	v_add_nc_u32_e32 v205, 0x2000, v205                        // 0000000025A0: 4B9B9AFF 00002000
	ds_store_b128 v205, v[208:211]                             // 0000000025A8: DB7C0000 0000D0CD
	v_add_nc_u32_e32 v202, 4, v201                             // 0000000025B0: 4B959284
	v_add_nc_u32_e32 v203, s31, v202                           // 0000000025B4: 4B97941F
	v_lshlrev_b32_e32 v204, 12, v203                           // 0000000025B8: 3199968C
	v_add_nc_u32_e32 v204, s29, v204                           // 0000000025BC: 4B99981D
	v_lshl_add_u32 v204, v200, 4, v204                         // 0000000025C0: D64600CC 073109C8
	global_load_b128 v[208:211], v204, s[10:11]                // 0000000025C8: DC5E0000 D00A00CC
	s_waitcnt vmcnt(0)                                         // 0000000025D0: BF8903F7
	v_lshlrev_b32_e32 v205, 8, v202                            // 0000000025D4: 319B9488
	v_lshl_add_u32 v205, v200, 4, v205                         // 0000000025D8: D64600CD 073509C8
	v_add_nc_u32_e32 v205, 0x2000, v205                        // 0000000025E0: 4B9B9AFF 00002000
	ds_store_b128 v205, v[208:211]                             // 0000000025E8: DB7C0000 0000D0CD
	v_add_nc_u32_e32 v202, 8, v201                             // 0000000025F0: 4B959288
	v_add_nc_u32_e32 v203, s31, v202                           // 0000000025F4: 4B97941F
	v_lshlrev_b32_e32 v204, 12, v203                           // 0000000025F8: 3199968C
	v_add_nc_u32_e32 v204, s29, v204                           // 0000000025FC: 4B99981D
	v_lshl_add_u32 v204, v200, 4, v204                         // 000000002600: D64600CC 073109C8
	global_load_b128 v[208:211], v204, s[10:11]                // 000000002608: DC5E0000 D00A00CC
	s_waitcnt vmcnt(0)                                         // 000000002610: BF8903F7
	v_lshlrev_b32_e32 v205, 8, v202                            // 000000002614: 319B9488
	v_lshl_add_u32 v205, v200, 4, v205                         // 000000002618: D64600CD 073509C8
	v_add_nc_u32_e32 v205, 0x2000, v205                        // 000000002620: 4B9B9AFF 00002000
	ds_store_b128 v205, v[208:211]                             // 000000002628: DB7C0000 0000D0CD
	v_add_nc_u32_e32 v202, 12, v201                            // 000000002630: 4B95928C
	v_add_nc_u32_e32 v203, s31, v202                           // 000000002634: 4B97941F
	v_lshlrev_b32_e32 v204, 12, v203                           // 000000002638: 3199968C
	v_add_nc_u32_e32 v204, s29, v204                           // 00000000263C: 4B99981D
	v_lshl_add_u32 v204, v200, 4, v204                         // 000000002640: D64600CC 073109C8
	global_load_b128 v[208:211], v204, s[10:11]                // 000000002648: DC5E0000 D00A00CC
	s_waitcnt vmcnt(0)                                         // 000000002650: BF8903F7
	v_lshlrev_b32_e32 v205, 8, v202                            // 000000002654: 319B9488
	v_lshl_add_u32 v205, v200, 4, v205                         // 000000002658: D64600CD 073509C8
	v_add_nc_u32_e32 v205, 0x2000, v205                        // 000000002660: 4B9B9AFF 00002000
	ds_store_b128 v205, v[208:211]                             // 000000002668: DB7C0000 0000D0CD
	v_add_nc_u32_e32 v202, 16, v201                            // 000000002670: 4B959290
	v_add_nc_u32_e32 v203, s31, v202                           // 000000002674: 4B97941F
	v_lshlrev_b32_e32 v204, 12, v203                           // 000000002678: 3199968C
	v_add_nc_u32_e32 v204, s29, v204                           // 00000000267C: 4B99981D
	v_lshl_add_u32 v204, v200, 4, v204                         // 000000002680: D64600CC 073109C8
	global_load_b128 v[208:211], v204, s[10:11]                // 000000002688: DC5E0000 D00A00CC
	s_waitcnt vmcnt(0)                                         // 000000002690: BF8903F7
	v_lshlrev_b32_e32 v205, 8, v202                            // 000000002694: 319B9488
	v_lshl_add_u32 v205, v200, 4, v205                         // 000000002698: D64600CD 073509C8
	v_add_nc_u32_e32 v205, 0x2000, v205                        // 0000000026A0: 4B9B9AFF 00002000
	ds_store_b128 v205, v[208:211]                             // 0000000026A8: DB7C0000 0000D0CD
	v_add_nc_u32_e32 v202, 20, v201                            // 0000000026B0: 4B959294
	v_add_nc_u32_e32 v203, s31, v202                           // 0000000026B4: 4B97941F
	v_lshlrev_b32_e32 v204, 12, v203                           // 0000000026B8: 3199968C
	v_add_nc_u32_e32 v204, s29, v204                           // 0000000026BC: 4B99981D
	v_lshl_add_u32 v204, v200, 4, v204                         // 0000000026C0: D64600CC 073109C8
	global_load_b128 v[208:211], v204, s[10:11]                // 0000000026C8: DC5E0000 D00A00CC
	s_waitcnt vmcnt(0)                                         // 0000000026D0: BF8903F7
	v_lshlrev_b32_e32 v205, 8, v202                            // 0000000026D4: 319B9488
	v_lshl_add_u32 v205, v200, 4, v205                         // 0000000026D8: D64600CD 073509C8
	v_add_nc_u32_e32 v205, 0x2000, v205                        // 0000000026E0: 4B9B9AFF 00002000
	ds_store_b128 v205, v[208:211]                             // 0000000026E8: DB7C0000 0000D0CD
	v_add_nc_u32_e32 v202, 24, v201                            // 0000000026F0: 4B959298
	v_add_nc_u32_e32 v203, s31, v202                           // 0000000026F4: 4B97941F
	v_lshlrev_b32_e32 v204, 12, v203                           // 0000000026F8: 3199968C
	v_add_nc_u32_e32 v204, s29, v204                           // 0000000026FC: 4B99981D
	v_lshl_add_u32 v204, v200, 4, v204                         // 000000002700: D64600CC 073109C8
	global_load_b128 v[208:211], v204, s[10:11]                // 000000002708: DC5E0000 D00A00CC
	s_waitcnt vmcnt(0)                                         // 000000002710: BF8903F7
	v_lshlrev_b32_e32 v205, 8, v202                            // 000000002714: 319B9488
	v_lshl_add_u32 v205, v200, 4, v205                         // 000000002718: D64600CD 073509C8
	v_add_nc_u32_e32 v205, 0x2000, v205                        // 000000002720: 4B9B9AFF 00002000
	ds_store_b128 v205, v[208:211]                             // 000000002728: DB7C0000 0000D0CD
	v_add_nc_u32_e32 v202, 28, v201                            // 000000002730: 4B95929C
	v_add_nc_u32_e32 v203, s31, v202                           // 000000002734: 4B97941F
	v_lshlrev_b32_e32 v204, 12, v203                           // 000000002738: 3199968C
	v_add_nc_u32_e32 v204, s29, v204                           // 00000000273C: 4B99981D
	v_lshl_add_u32 v204, v200, 4, v204                         // 000000002740: D64600CC 073109C8
	global_load_b128 v[208:211], v204, s[10:11]                // 000000002748: DC5E0000 D00A00CC
	s_waitcnt vmcnt(0)                                         // 000000002750: BF8903F7
	v_lshlrev_b32_e32 v205, 8, v202                            // 000000002754: 319B9488
	v_lshl_add_u32 v205, v200, 4, v205                         // 000000002758: D64600CD 073509C8
	v_add_nc_u32_e32 v205, 0x2000, v205                        // 000000002760: 4B9B9AFF 00002000
	ds_store_b128 v205, v[208:211]                             // 000000002768: DB7C0000 0000D0CD
	v_add_nc_u32_e32 v202, 32, v201                            // 000000002770: 4B9592A0
	v_add_nc_u32_e32 v203, s31, v202                           // 000000002774: 4B97941F
	v_lshlrev_b32_e32 v204, 12, v203                           // 000000002778: 3199968C
	v_add_nc_u32_e32 v204, s29, v204                           // 00000000277C: 4B99981D
	v_lshl_add_u32 v204, v200, 4, v204                         // 000000002780: D64600CC 073109C8
	global_load_b128 v[208:211], v204, s[10:11]                // 000000002788: DC5E0000 D00A00CC
	s_waitcnt vmcnt(0)                                         // 000000002790: BF8903F7
	v_lshlrev_b32_e32 v205, 8, v202                            // 000000002794: 319B9488
	v_lshl_add_u32 v205, v200, 4, v205                         // 000000002798: D64600CD 073509C8
	v_add_nc_u32_e32 v205, 0x2000, v205                        // 0000000027A0: 4B9B9AFF 00002000
	ds_store_b128 v205, v[208:211]                             // 0000000027A8: DB7C0000 0000D0CD
	v_add_nc_u32_e32 v202, 36, v201                            // 0000000027B0: 4B9592A4
	v_add_nc_u32_e32 v203, s31, v202                           // 0000000027B4: 4B97941F
	v_lshlrev_b32_e32 v204, 12, v203                           // 0000000027B8: 3199968C
	v_add_nc_u32_e32 v204, s29, v204                           // 0000000027BC: 4B99981D
	v_lshl_add_u32 v204, v200, 4, v204                         // 0000000027C0: D64600CC 073109C8
	global_load_b128 v[208:211], v204, s[10:11]                // 0000000027C8: DC5E0000 D00A00CC
	s_waitcnt vmcnt(0)                                         // 0000000027D0: BF8903F7
	v_lshlrev_b32_e32 v205, 8, v202                            // 0000000027D4: 319B9488
	v_lshl_add_u32 v205, v200, 4, v205                         // 0000000027D8: D64600CD 073509C8
	v_add_nc_u32_e32 v205, 0x2000, v205                        // 0000000027E0: 4B9B9AFF 00002000
	ds_store_b128 v205, v[208:211]                             // 0000000027E8: DB7C0000 0000D0CD
	v_add_nc_u32_e32 v202, 40, v201                            // 0000000027F0: 4B9592A8
	v_add_nc_u32_e32 v203, s31, v202                           // 0000000027F4: 4B97941F
	v_lshlrev_b32_e32 v204, 12, v203                           // 0000000027F8: 3199968C
	v_add_nc_u32_e32 v204, s29, v204                           // 0000000027FC: 4B99981D
	v_lshl_add_u32 v204, v200, 4, v204                         // 000000002800: D64600CC 073109C8
	global_load_b128 v[208:211], v204, s[10:11]                // 000000002808: DC5E0000 D00A00CC
	s_waitcnt vmcnt(0)                                         // 000000002810: BF8903F7
	v_lshlrev_b32_e32 v205, 8, v202                            // 000000002814: 319B9488
	v_lshl_add_u32 v205, v200, 4, v205                         // 000000002818: D64600CD 073509C8
	v_add_nc_u32_e32 v205, 0x2000, v205                        // 000000002820: 4B9B9AFF 00002000
	ds_store_b128 v205, v[208:211]                             // 000000002828: DB7C0000 0000D0CD
	v_add_nc_u32_e32 v202, 44, v201                            // 000000002830: 4B9592AC
	v_add_nc_u32_e32 v203, s31, v202                           // 000000002834: 4B97941F
	v_lshlrev_b32_e32 v204, 12, v203                           // 000000002838: 3199968C
	v_add_nc_u32_e32 v204, s29, v204                           // 00000000283C: 4B99981D
	v_lshl_add_u32 v204, v200, 4, v204                         // 000000002840: D64600CC 073109C8
	global_load_b128 v[208:211], v204, s[10:11]                // 000000002848: DC5E0000 D00A00CC
	s_waitcnt vmcnt(0)                                         // 000000002850: BF8903F7
	v_lshlrev_b32_e32 v205, 8, v202                            // 000000002854: 319B9488
	v_lshl_add_u32 v205, v200, 4, v205                         // 000000002858: D64600CD 073509C8
	v_add_nc_u32_e32 v205, 0x2000, v205                        // 000000002860: 4B9B9AFF 00002000
	ds_store_b128 v205, v[208:211]                             // 000000002868: DB7C0000 0000D0CD
	v_add_nc_u32_e32 v202, 48, v201                            // 000000002870: 4B9592B0
	v_add_nc_u32_e32 v203, s31, v202                           // 000000002874: 4B97941F
	v_lshlrev_b32_e32 v204, 12, v203                           // 000000002878: 3199968C
	v_add_nc_u32_e32 v204, s29, v204                           // 00000000287C: 4B99981D
	v_lshl_add_u32 v204, v200, 4, v204                         // 000000002880: D64600CC 073109C8
	global_load_b128 v[208:211], v204, s[10:11]                // 000000002888: DC5E0000 D00A00CC
	s_waitcnt vmcnt(0)                                         // 000000002890: BF8903F7
	v_lshlrev_b32_e32 v205, 8, v202                            // 000000002894: 319B9488
	v_lshl_add_u32 v205, v200, 4, v205                         // 000000002898: D64600CD 073509C8
	v_add_nc_u32_e32 v205, 0x2000, v205                        // 0000000028A0: 4B9B9AFF 00002000
	ds_store_b128 v205, v[208:211]                             // 0000000028A8: DB7C0000 0000D0CD
	v_add_nc_u32_e32 v202, 52, v201                            // 0000000028B0: 4B9592B4
	v_add_nc_u32_e32 v203, s31, v202                           // 0000000028B4: 4B97941F
	v_lshlrev_b32_e32 v204, 12, v203                           // 0000000028B8: 3199968C
	v_add_nc_u32_e32 v204, s29, v204                           // 0000000028BC: 4B99981D
	v_lshl_add_u32 v204, v200, 4, v204                         // 0000000028C0: D64600CC 073109C8
	global_load_b128 v[208:211], v204, s[10:11]                // 0000000028C8: DC5E0000 D00A00CC
	s_waitcnt vmcnt(0)                                         // 0000000028D0: BF8903F7
	v_lshlrev_b32_e32 v205, 8, v202                            // 0000000028D4: 319B9488
	v_lshl_add_u32 v205, v200, 4, v205                         // 0000000028D8: D64600CD 073509C8
	v_add_nc_u32_e32 v205, 0x2000, v205                        // 0000000028E0: 4B9B9AFF 00002000
	ds_store_b128 v205, v[208:211]                             // 0000000028E8: DB7C0000 0000D0CD
	v_add_nc_u32_e32 v202, 56, v201                            // 0000000028F0: 4B9592B8
	v_add_nc_u32_e32 v203, s31, v202                           // 0000000028F4: 4B97941F
	v_lshlrev_b32_e32 v204, 12, v203                           // 0000000028F8: 3199968C
	v_add_nc_u32_e32 v204, s29, v204                           // 0000000028FC: 4B99981D
	v_lshl_add_u32 v204, v200, 4, v204                         // 000000002900: D64600CC 073109C8
	global_load_b128 v[208:211], v204, s[10:11]                // 000000002908: DC5E0000 D00A00CC
	s_waitcnt vmcnt(0)                                         // 000000002910: BF8903F7
	v_lshlrev_b32_e32 v205, 8, v202                            // 000000002914: 319B9488
	v_lshl_add_u32 v205, v200, 4, v205                         // 000000002918: D64600CD 073509C8
	v_add_nc_u32_e32 v205, 0x2000, v205                        // 000000002920: 4B9B9AFF 00002000
	ds_store_b128 v205, v[208:211]                             // 000000002928: DB7C0000 0000D0CD
	v_add_nc_u32_e32 v202, 60, v201                            // 000000002930: 4B9592BC
	v_add_nc_u32_e32 v203, s31, v202                           // 000000002934: 4B97941F
	v_lshlrev_b32_e32 v204, 12, v203                           // 000000002938: 3199968C
	v_add_nc_u32_e32 v204, s29, v204                           // 00000000293C: 4B99981D
	v_lshl_add_u32 v204, v200, 4, v204                         // 000000002940: D64600CC 073109C8
	global_load_b128 v[208:211], v204, s[10:11]                // 000000002948: DC5E0000 D00A00CC
	s_waitcnt vmcnt(0)                                         // 000000002950: BF8903F7
	v_lshlrev_b32_e32 v205, 8, v202                            // 000000002954: 319B9488
	v_lshl_add_u32 v205, v200, 4, v205                         // 000000002958: D64600CD 073509C8
	v_add_nc_u32_e32 v205, 0x2000, v205                        // 000000002960: 4B9B9AFF 00002000
	ds_store_b128 v205, v[208:211]                             // 000000002968: DB7C0000 0000D0CD
	s_waitcnt lgkmcnt(0)                                       // 000000002970: BF89FC07
	s_barrier                                                  // 000000002974: BFBD0000
	v_mov_b32_e32 v24, 0                                       // 000000002978: 7E300280
	v_mov_b32_e32 v25, 0                                       // 00000000297C: 7E320280
	v_mov_b32_e32 v26, 0                                       // 000000002980: 7E340280
	v_mov_b32_e32 v27, 0                                       // 000000002984: 7E360280
	v_mov_b32_e32 v28, 0                                       // 000000002988: 7E380280
	v_mov_b32_e32 v29, 0                                       // 00000000298C: 7E3A0280
	v_mov_b32_e32 v30, 0                                       // 000000002990: 7E3C0280
	v_mov_b32_e32 v31, 0                                       // 000000002994: 7E3E0280
	v_mov_b32_e32 v32, 0                                       // 000000002998: 7E400280
	v_mov_b32_e32 v33, 0                                       // 00000000299C: 7E420280
	v_mov_b32_e32 v34, 0                                       // 0000000029A0: 7E440280
	v_mov_b32_e32 v35, 0                                       // 0000000029A4: 7E460280
	v_mov_b32_e32 v36, 0                                       // 0000000029A8: 7E480280
	v_mov_b32_e32 v37, 0                                       // 0000000029AC: 7E4A0280
	v_mov_b32_e32 v38, 0                                       // 0000000029B0: 7E4C0280
	v_mov_b32_e32 v39, 0                                       // 0000000029B4: 7E4E0280
	v_mov_b32_e32 v40, 0                                       // 0000000029B8: 7E500280
	v_mov_b32_e32 v41, 0                                       // 0000000029BC: 7E520280
	v_mov_b32_e32 v42, 0                                       // 0000000029C0: 7E540280
	v_mov_b32_e32 v43, 0                                       // 0000000029C4: 7E560280
	v_mov_b32_e32 v44, 0                                       // 0000000029C8: 7E580280
	v_mov_b32_e32 v45, 0                                       // 0000000029CC: 7E5A0280
	v_mov_b32_e32 v46, 0                                       // 0000000029D0: 7E5C0280
	v_mov_b32_e32 v47, 0                                       // 0000000029D4: 7E5E0280
	v_mov_b32_e32 v48, 0                                       // 0000000029D8: 7E600280
	v_mov_b32_e32 v49, 0                                       // 0000000029DC: 7E620280
	v_mov_b32_e32 v50, 0                                       // 0000000029E0: 7E640280
	v_mov_b32_e32 v51, 0                                       // 0000000029E4: 7E660280
	v_mov_b32_e32 v52, 0                                       // 0000000029E8: 7E680280
	v_mov_b32_e32 v53, 0                                       // 0000000029EC: 7E6A0280
	v_mov_b32_e32 v54, 0                                       // 0000000029F0: 7E6C0280
	v_mov_b32_e32 v55, 0                                       // 0000000029F4: 7E6E0280
	ds_load_b128 v[8:11], v5                                   // 0000000029F8: DBFC0000 08000005
	s_waitcnt lgkmcnt(0)                                       // 000000002A00: BF89FC07
	ds_swizzle_b32 v12, v8 offset:swizzle(SWAP,16)             // 000000002A04: D8D4401F 0C000008
	ds_swizzle_b32 v13, v9 offset:swizzle(SWAP,16)             // 000000002A0C: D8D4401F 0D000009
	ds_swizzle_b32 v14, v10 offset:swizzle(SWAP,16)            // 000000002A14: D8D4401F 0E00000A
	ds_swizzle_b32 v15, v11 offset:swizzle(SWAP,16)            // 000000002A1C: D8D4401F 0F00000B
	s_waitcnt lgkmcnt(0)                                       // 000000002A24: BF89FC07
	v_lshlrev_b32_e32 v206, 8, v3                              // 000000002A28: 319C0688
	v_lshl_add_u32 v206, v4, 4, v206                           // 000000002A2C: D64600CE 07390904
	v_add_nc_u32_e32 v206, 0x2000, v206                        // 000000002A34: 4B9D9CFF 00002000
	ds_load_b128 v[16:19], v206                                // 000000002A3C: DBFC0000 100000CE
	s_waitcnt lgkmcnt(0)                                       // 000000002A44: BF89FC07
	ds_swizzle_b32 v20, v16 offset:swizzle(SWAP,16)            // 000000002A48: D8D4401F 14000010
	ds_swizzle_b32 v21, v17 offset:swizzle(SWAP,16)            // 000000002A50: D8D4401F 15000011
	ds_swizzle_b32 v22, v18 offset:swizzle(SWAP,16)            // 000000002A58: D8D4401F 16000012
	ds_swizzle_b32 v23, v19 offset:swizzle(SWAP,16)            // 000000002A60: D8D4401F 17000013
	s_waitcnt lgkmcnt(0)                                       // 000000002A68: BF89FC07
	v_wmma_f32_16x16x16_bf16 v[24:31], v[8:15], v[16:23], v[24:31]// 000000002A6C: CC414018 1C622108
	v_lshlrev_b32_e32 v206, 8, v3                              // 000000002A74: 319C0688
	v_lshl_add_u32 v206, v4, 4, v206                           // 000000002A78: D64600CE 07390904
	v_add_nc_u32_e32 v206, 0x3000, v206                        // 000000002A80: 4B9D9CFF 00003000
	ds_load_b128 v[16:19], v206                                // 000000002A88: DBFC0000 100000CE
	s_waitcnt lgkmcnt(0)                                       // 000000002A90: BF89FC07
	ds_swizzle_b32 v20, v16 offset:swizzle(SWAP,16)            // 000000002A94: D8D4401F 14000010
	ds_swizzle_b32 v21, v17 offset:swizzle(SWAP,16)            // 000000002A9C: D8D4401F 15000011
	ds_swizzle_b32 v22, v18 offset:swizzle(SWAP,16)            // 000000002AA4: D8D4401F 16000012
	ds_swizzle_b32 v23, v19 offset:swizzle(SWAP,16)            // 000000002AAC: D8D4401F 17000013
	s_waitcnt lgkmcnt(0)                                       // 000000002AB4: BF89FC07
	v_wmma_f32_16x16x16_bf16 v[32:39], v[8:15], v[16:23], v[32:39]// 000000002AB8: CC414020 1C822108
	v_lshlrev_b32_e32 v206, 8, v3                              // 000000002AC0: 319C0688
	v_lshl_add_u32 v206, v4, 4, v206                           // 000000002AC4: D64600CE 07390904
	v_add_nc_u32_e32 v206, 0x4000, v206                        // 000000002ACC: 4B9D9CFF 00004000
	ds_load_b128 v[16:19], v206                                // 000000002AD4: DBFC0000 100000CE
	s_waitcnt lgkmcnt(0)                                       // 000000002ADC: BF89FC07
	ds_swizzle_b32 v20, v16 offset:swizzle(SWAP,16)            // 000000002AE0: D8D4401F 14000010
	ds_swizzle_b32 v21, v17 offset:swizzle(SWAP,16)            // 000000002AE8: D8D4401F 15000011
	ds_swizzle_b32 v22, v18 offset:swizzle(SWAP,16)            // 000000002AF0: D8D4401F 16000012
	ds_swizzle_b32 v23, v19 offset:swizzle(SWAP,16)            // 000000002AF8: D8D4401F 17000013
	s_waitcnt lgkmcnt(0)                                       // 000000002B00: BF89FC07
	v_wmma_f32_16x16x16_bf16 v[40:47], v[8:15], v[16:23], v[40:47]// 000000002B04: CC414028 1CA22108
	v_lshlrev_b32_e32 v206, 8, v3                              // 000000002B0C: 319C0688
	v_lshl_add_u32 v206, v4, 4, v206                           // 000000002B10: D64600CE 07390904
	v_add_nc_u32_e32 v206, 0x5000, v206                        // 000000002B18: 4B9D9CFF 00005000
	ds_load_b128 v[16:19], v206                                // 000000002B20: DBFC0000 100000CE
	s_waitcnt lgkmcnt(0)                                       // 000000002B28: BF89FC07
	ds_swizzle_b32 v20, v16 offset:swizzle(SWAP,16)            // 000000002B2C: D8D4401F 14000010
	ds_swizzle_b32 v21, v17 offset:swizzle(SWAP,16)            // 000000002B34: D8D4401F 15000011
	ds_swizzle_b32 v22, v18 offset:swizzle(SWAP,16)            // 000000002B3C: D8D4401F 16000012
	ds_swizzle_b32 v23, v19 offset:swizzle(SWAP,16)            // 000000002B44: D8D4401F 17000013
	s_waitcnt lgkmcnt(0)                                       // 000000002B4C: BF89FC07
	v_wmma_f32_16x16x16_bf16 v[48:55], v[8:15], v[16:23], v[48:55]// 000000002B50: CC414030 1CC22108
	ds_load_b128 v[8:11], v5 offset:32                         // 000000002B58: DBFC0020 08000005
	s_waitcnt lgkmcnt(0)                                       // 000000002B60: BF89FC07
	ds_swizzle_b32 v12, v8 offset:swizzle(SWAP,16)             // 000000002B64: D8D4401F 0C000008
	ds_swizzle_b32 v13, v9 offset:swizzle(SWAP,16)             // 000000002B6C: D8D4401F 0D000009
	ds_swizzle_b32 v14, v10 offset:swizzle(SWAP,16)            // 000000002B74: D8D4401F 0E00000A
	ds_swizzle_b32 v15, v11 offset:swizzle(SWAP,16)            // 000000002B7C: D8D4401F 0F00000B
	s_waitcnt lgkmcnt(0)                                       // 000000002B84: BF89FC07
	v_lshlrev_b32_e32 v206, 8, v3                              // 000000002B88: 319C0688
	v_lshl_add_u32 v206, v4, 4, v206                           // 000000002B8C: D64600CE 07390904
	v_add_nc_u32_e32 v206, 0x2020, v206                        // 000000002B94: 4B9D9CFF 00002020
	ds_load_b128 v[16:19], v206                                // 000000002B9C: DBFC0000 100000CE
	s_waitcnt lgkmcnt(0)                                       // 000000002BA4: BF89FC07
	ds_swizzle_b32 v20, v16 offset:swizzle(SWAP,16)            // 000000002BA8: D8D4401F 14000010
	ds_swizzle_b32 v21, v17 offset:swizzle(SWAP,16)            // 000000002BB0: D8D4401F 15000011
	ds_swizzle_b32 v22, v18 offset:swizzle(SWAP,16)            // 000000002BB8: D8D4401F 16000012
	ds_swizzle_b32 v23, v19 offset:swizzle(SWAP,16)            // 000000002BC0: D8D4401F 17000013
	s_waitcnt lgkmcnt(0)                                       // 000000002BC8: BF89FC07
	v_wmma_f32_16x16x16_bf16 v[24:31], v[8:15], v[16:23], v[24:31]// 000000002BCC: CC414018 1C622108
	v_lshlrev_b32_e32 v206, 8, v3                              // 000000002BD4: 319C0688
	v_lshl_add_u32 v206, v4, 4, v206                           // 000000002BD8: D64600CE 07390904
	v_add_nc_u32_e32 v206, 0x3020, v206                        // 000000002BE0: 4B9D9CFF 00003020
	ds_load_b128 v[16:19], v206                                // 000000002BE8: DBFC0000 100000CE
	s_waitcnt lgkmcnt(0)                                       // 000000002BF0: BF89FC07
	ds_swizzle_b32 v20, v16 offset:swizzle(SWAP,16)            // 000000002BF4: D8D4401F 14000010
	ds_swizzle_b32 v21, v17 offset:swizzle(SWAP,16)            // 000000002BFC: D8D4401F 15000011
	ds_swizzle_b32 v22, v18 offset:swizzle(SWAP,16)            // 000000002C04: D8D4401F 16000012
	ds_swizzle_b32 v23, v19 offset:swizzle(SWAP,16)            // 000000002C0C: D8D4401F 17000013
	s_waitcnt lgkmcnt(0)                                       // 000000002C14: BF89FC07
	v_wmma_f32_16x16x16_bf16 v[32:39], v[8:15], v[16:23], v[32:39]// 000000002C18: CC414020 1C822108
	v_lshlrev_b32_e32 v206, 8, v3                              // 000000002C20: 319C0688
	v_lshl_add_u32 v206, v4, 4, v206                           // 000000002C24: D64600CE 07390904
	v_add_nc_u32_e32 v206, 0x4020, v206                        // 000000002C2C: 4B9D9CFF 00004020
	ds_load_b128 v[16:19], v206                                // 000000002C34: DBFC0000 100000CE
	s_waitcnt lgkmcnt(0)                                       // 000000002C3C: BF89FC07
	ds_swizzle_b32 v20, v16 offset:swizzle(SWAP,16)            // 000000002C40: D8D4401F 14000010
	ds_swizzle_b32 v21, v17 offset:swizzle(SWAP,16)            // 000000002C48: D8D4401F 15000011
	ds_swizzle_b32 v22, v18 offset:swizzle(SWAP,16)            // 000000002C50: D8D4401F 16000012
	ds_swizzle_b32 v23, v19 offset:swizzle(SWAP,16)            // 000000002C58: D8D4401F 17000013
	s_waitcnt lgkmcnt(0)                                       // 000000002C60: BF89FC07
	v_wmma_f32_16x16x16_bf16 v[40:47], v[8:15], v[16:23], v[40:47]// 000000002C64: CC414028 1CA22108
	v_lshlrev_b32_e32 v206, 8, v3                              // 000000002C6C: 319C0688
	v_lshl_add_u32 v206, v4, 4, v206                           // 000000002C70: D64600CE 07390904
	v_add_nc_u32_e32 v206, 0x5020, v206                        // 000000002C78: 4B9D9CFF 00005020
	ds_load_b128 v[16:19], v206                                // 000000002C80: DBFC0000 100000CE
	s_waitcnt lgkmcnt(0)                                       // 000000002C88: BF89FC07
	ds_swizzle_b32 v20, v16 offset:swizzle(SWAP,16)            // 000000002C8C: D8D4401F 14000010
	ds_swizzle_b32 v21, v17 offset:swizzle(SWAP,16)            // 000000002C94: D8D4401F 15000011
	ds_swizzle_b32 v22, v18 offset:swizzle(SWAP,16)            // 000000002C9C: D8D4401F 16000012
	ds_swizzle_b32 v23, v19 offset:swizzle(SWAP,16)            // 000000002CA4: D8D4401F 17000013
	s_waitcnt lgkmcnt(0)                                       // 000000002CAC: BF89FC07
	v_wmma_f32_16x16x16_bf16 v[48:55], v[8:15], v[16:23], v[48:55]// 000000002CB0: CC414030 1CC22108
	ds_load_b128 v[8:11], v5 offset:64                         // 000000002CB8: DBFC0040 08000005
	s_waitcnt lgkmcnt(0)                                       // 000000002CC0: BF89FC07
	ds_swizzle_b32 v12, v8 offset:swizzle(SWAP,16)             // 000000002CC4: D8D4401F 0C000008
	ds_swizzle_b32 v13, v9 offset:swizzle(SWAP,16)             // 000000002CCC: D8D4401F 0D000009
	ds_swizzle_b32 v14, v10 offset:swizzle(SWAP,16)            // 000000002CD4: D8D4401F 0E00000A
	ds_swizzle_b32 v15, v11 offset:swizzle(SWAP,16)            // 000000002CDC: D8D4401F 0F00000B
	s_waitcnt lgkmcnt(0)                                       // 000000002CE4: BF89FC07
	v_lshlrev_b32_e32 v206, 8, v3                              // 000000002CE8: 319C0688
	v_lshl_add_u32 v206, v4, 4, v206                           // 000000002CEC: D64600CE 07390904
	v_add_nc_u32_e32 v206, 0x2040, v206                        // 000000002CF4: 4B9D9CFF 00002040
	ds_load_b128 v[16:19], v206                                // 000000002CFC: DBFC0000 100000CE
	s_waitcnt lgkmcnt(0)                                       // 000000002D04: BF89FC07
	ds_swizzle_b32 v20, v16 offset:swizzle(SWAP,16)            // 000000002D08: D8D4401F 14000010
	ds_swizzle_b32 v21, v17 offset:swizzle(SWAP,16)            // 000000002D10: D8D4401F 15000011
	ds_swizzle_b32 v22, v18 offset:swizzle(SWAP,16)            // 000000002D18: D8D4401F 16000012
	ds_swizzle_b32 v23, v19 offset:swizzle(SWAP,16)            // 000000002D20: D8D4401F 17000013
	s_waitcnt lgkmcnt(0)                                       // 000000002D28: BF89FC07
	v_wmma_f32_16x16x16_bf16 v[24:31], v[8:15], v[16:23], v[24:31]// 000000002D2C: CC414018 1C622108
	v_lshlrev_b32_e32 v206, 8, v3                              // 000000002D34: 319C0688
	v_lshl_add_u32 v206, v4, 4, v206                           // 000000002D38: D64600CE 07390904
	v_add_nc_u32_e32 v206, 0x3040, v206                        // 000000002D40: 4B9D9CFF 00003040
	ds_load_b128 v[16:19], v206                                // 000000002D48: DBFC0000 100000CE
	s_waitcnt lgkmcnt(0)                                       // 000000002D50: BF89FC07
	ds_swizzle_b32 v20, v16 offset:swizzle(SWAP,16)            // 000000002D54: D8D4401F 14000010
	ds_swizzle_b32 v21, v17 offset:swizzle(SWAP,16)            // 000000002D5C: D8D4401F 15000011
	ds_swizzle_b32 v22, v18 offset:swizzle(SWAP,16)            // 000000002D64: D8D4401F 16000012
	ds_swizzle_b32 v23, v19 offset:swizzle(SWAP,16)            // 000000002D6C: D8D4401F 17000013
	s_waitcnt lgkmcnt(0)                                       // 000000002D74: BF89FC07
	v_wmma_f32_16x16x16_bf16 v[32:39], v[8:15], v[16:23], v[32:39]// 000000002D78: CC414020 1C822108
	v_lshlrev_b32_e32 v206, 8, v3                              // 000000002D80: 319C0688
	v_lshl_add_u32 v206, v4, 4, v206                           // 000000002D84: D64600CE 07390904
	v_add_nc_u32_e32 v206, 0x4040, v206                        // 000000002D8C: 4B9D9CFF 00004040
	ds_load_b128 v[16:19], v206                                // 000000002D94: DBFC0000 100000CE
	s_waitcnt lgkmcnt(0)                                       // 000000002D9C: BF89FC07
	ds_swizzle_b32 v20, v16 offset:swizzle(SWAP,16)            // 000000002DA0: D8D4401F 14000010
	ds_swizzle_b32 v21, v17 offset:swizzle(SWAP,16)            // 000000002DA8: D8D4401F 15000011
	ds_swizzle_b32 v22, v18 offset:swizzle(SWAP,16)            // 000000002DB0: D8D4401F 16000012
	ds_swizzle_b32 v23, v19 offset:swizzle(SWAP,16)            // 000000002DB8: D8D4401F 17000013
	s_waitcnt lgkmcnt(0)                                       // 000000002DC0: BF89FC07
	v_wmma_f32_16x16x16_bf16 v[40:47], v[8:15], v[16:23], v[40:47]// 000000002DC4: CC414028 1CA22108
	v_lshlrev_b32_e32 v206, 8, v3                              // 000000002DCC: 319C0688
	v_lshl_add_u32 v206, v4, 4, v206                           // 000000002DD0: D64600CE 07390904
	v_add_nc_u32_e32 v206, 0x5040, v206                        // 000000002DD8: 4B9D9CFF 00005040
	ds_load_b128 v[16:19], v206                                // 000000002DE0: DBFC0000 100000CE
	s_waitcnt lgkmcnt(0)                                       // 000000002DE8: BF89FC07
	ds_swizzle_b32 v20, v16 offset:swizzle(SWAP,16)            // 000000002DEC: D8D4401F 14000010
	ds_swizzle_b32 v21, v17 offset:swizzle(SWAP,16)            // 000000002DF4: D8D4401F 15000011
	ds_swizzle_b32 v22, v18 offset:swizzle(SWAP,16)            // 000000002DFC: D8D4401F 16000012
	ds_swizzle_b32 v23, v19 offset:swizzle(SWAP,16)            // 000000002E04: D8D4401F 17000013
	s_waitcnt lgkmcnt(0)                                       // 000000002E0C: BF89FC07
	v_wmma_f32_16x16x16_bf16 v[48:55], v[8:15], v[16:23], v[48:55]// 000000002E10: CC414030 1CC22108
	ds_load_b128 v[8:11], v5 offset:96                         // 000000002E18: DBFC0060 08000005
	s_waitcnt lgkmcnt(0)                                       // 000000002E20: BF89FC07
	ds_swizzle_b32 v12, v8 offset:swizzle(SWAP,16)             // 000000002E24: D8D4401F 0C000008
	ds_swizzle_b32 v13, v9 offset:swizzle(SWAP,16)             // 000000002E2C: D8D4401F 0D000009
	ds_swizzle_b32 v14, v10 offset:swizzle(SWAP,16)            // 000000002E34: D8D4401F 0E00000A
	ds_swizzle_b32 v15, v11 offset:swizzle(SWAP,16)            // 000000002E3C: D8D4401F 0F00000B
	s_waitcnt lgkmcnt(0)                                       // 000000002E44: BF89FC07
	v_lshlrev_b32_e32 v206, 8, v3                              // 000000002E48: 319C0688
	v_lshl_add_u32 v206, v4, 4, v206                           // 000000002E4C: D64600CE 07390904
	v_add_nc_u32_e32 v206, 0x2060, v206                        // 000000002E54: 4B9D9CFF 00002060
	ds_load_b128 v[16:19], v206                                // 000000002E5C: DBFC0000 100000CE
	s_waitcnt lgkmcnt(0)                                       // 000000002E64: BF89FC07
	ds_swizzle_b32 v20, v16 offset:swizzle(SWAP,16)            // 000000002E68: D8D4401F 14000010
	ds_swizzle_b32 v21, v17 offset:swizzle(SWAP,16)            // 000000002E70: D8D4401F 15000011
	ds_swizzle_b32 v22, v18 offset:swizzle(SWAP,16)            // 000000002E78: D8D4401F 16000012
	ds_swizzle_b32 v23, v19 offset:swizzle(SWAP,16)            // 000000002E80: D8D4401F 17000013
	s_waitcnt lgkmcnt(0)                                       // 000000002E88: BF89FC07
	v_wmma_f32_16x16x16_bf16 v[24:31], v[8:15], v[16:23], v[24:31]// 000000002E8C: CC414018 1C622108
	v_lshlrev_b32_e32 v206, 8, v3                              // 000000002E94: 319C0688
	v_lshl_add_u32 v206, v4, 4, v206                           // 000000002E98: D64600CE 07390904
	v_add_nc_u32_e32 v206, 0x3060, v206                        // 000000002EA0: 4B9D9CFF 00003060
	ds_load_b128 v[16:19], v206                                // 000000002EA8: DBFC0000 100000CE
	s_waitcnt lgkmcnt(0)                                       // 000000002EB0: BF89FC07
	ds_swizzle_b32 v20, v16 offset:swizzle(SWAP,16)            // 000000002EB4: D8D4401F 14000010
	ds_swizzle_b32 v21, v17 offset:swizzle(SWAP,16)            // 000000002EBC: D8D4401F 15000011
	ds_swizzle_b32 v22, v18 offset:swizzle(SWAP,16)            // 000000002EC4: D8D4401F 16000012
	ds_swizzle_b32 v23, v19 offset:swizzle(SWAP,16)            // 000000002ECC: D8D4401F 17000013
	s_waitcnt lgkmcnt(0)                                       // 000000002ED4: BF89FC07
	v_wmma_f32_16x16x16_bf16 v[32:39], v[8:15], v[16:23], v[32:39]// 000000002ED8: CC414020 1C822108
	v_lshlrev_b32_e32 v206, 8, v3                              // 000000002EE0: 319C0688
	v_lshl_add_u32 v206, v4, 4, v206                           // 000000002EE4: D64600CE 07390904
	v_add_nc_u32_e32 v206, 0x4060, v206                        // 000000002EEC: 4B9D9CFF 00004060
	ds_load_b128 v[16:19], v206                                // 000000002EF4: DBFC0000 100000CE
	s_waitcnt lgkmcnt(0)                                       // 000000002EFC: BF89FC07
	ds_swizzle_b32 v20, v16 offset:swizzle(SWAP,16)            // 000000002F00: D8D4401F 14000010
	ds_swizzle_b32 v21, v17 offset:swizzle(SWAP,16)            // 000000002F08: D8D4401F 15000011
	ds_swizzle_b32 v22, v18 offset:swizzle(SWAP,16)            // 000000002F10: D8D4401F 16000012
	ds_swizzle_b32 v23, v19 offset:swizzle(SWAP,16)            // 000000002F18: D8D4401F 17000013
	s_waitcnt lgkmcnt(0)                                       // 000000002F20: BF89FC07
	v_wmma_f32_16x16x16_bf16 v[40:47], v[8:15], v[16:23], v[40:47]// 000000002F24: CC414028 1CA22108
	v_lshlrev_b32_e32 v206, 8, v3                              // 000000002F2C: 319C0688
	v_lshl_add_u32 v206, v4, 4, v206                           // 000000002F30: D64600CE 07390904
	v_add_nc_u32_e32 v206, 0x5060, v206                        // 000000002F38: 4B9D9CFF 00005060
	ds_load_b128 v[16:19], v206                                // 000000002F40: DBFC0000 100000CE
	s_waitcnt lgkmcnt(0)                                       // 000000002F48: BF89FC07
	ds_swizzle_b32 v20, v16 offset:swizzle(SWAP,16)            // 000000002F4C: D8D4401F 14000010
	ds_swizzle_b32 v21, v17 offset:swizzle(SWAP,16)            // 000000002F54: D8D4401F 15000011
	ds_swizzle_b32 v22, v18 offset:swizzle(SWAP,16)            // 000000002F5C: D8D4401F 16000012
	ds_swizzle_b32 v23, v19 offset:swizzle(SWAP,16)            // 000000002F64: D8D4401F 17000013
	s_waitcnt lgkmcnt(0)                                       // 000000002F6C: BF89FC07
	v_wmma_f32_16x16x16_bf16 v[48:55], v[8:15], v[16:23], v[48:55]// 000000002F70: CC414030 1CC22108
	ds_load_b128 v[8:11], v5 offset:128                        // 000000002F78: DBFC0080 08000005
	s_waitcnt lgkmcnt(0)                                       // 000000002F80: BF89FC07
	ds_swizzle_b32 v12, v8 offset:swizzle(SWAP,16)             // 000000002F84: D8D4401F 0C000008
	ds_swizzle_b32 v13, v9 offset:swizzle(SWAP,16)             // 000000002F8C: D8D4401F 0D000009
	ds_swizzle_b32 v14, v10 offset:swizzle(SWAP,16)            // 000000002F94: D8D4401F 0E00000A
	ds_swizzle_b32 v15, v11 offset:swizzle(SWAP,16)            // 000000002F9C: D8D4401F 0F00000B
	s_waitcnt lgkmcnt(0)                                       // 000000002FA4: BF89FC07
	v_lshlrev_b32_e32 v206, 8, v3                              // 000000002FA8: 319C0688
	v_lshl_add_u32 v206, v4, 4, v206                           // 000000002FAC: D64600CE 07390904
	v_add_nc_u32_e32 v206, 0x2080, v206                        // 000000002FB4: 4B9D9CFF 00002080
	ds_load_b128 v[16:19], v206                                // 000000002FBC: DBFC0000 100000CE
	s_waitcnt lgkmcnt(0)                                       // 000000002FC4: BF89FC07
	ds_swizzle_b32 v20, v16 offset:swizzle(SWAP,16)            // 000000002FC8: D8D4401F 14000010
	ds_swizzle_b32 v21, v17 offset:swizzle(SWAP,16)            // 000000002FD0: D8D4401F 15000011
	ds_swizzle_b32 v22, v18 offset:swizzle(SWAP,16)            // 000000002FD8: D8D4401F 16000012
	ds_swizzle_b32 v23, v19 offset:swizzle(SWAP,16)            // 000000002FE0: D8D4401F 17000013
	s_waitcnt lgkmcnt(0)                                       // 000000002FE8: BF89FC07
	v_wmma_f32_16x16x16_bf16 v[24:31], v[8:15], v[16:23], v[24:31]// 000000002FEC: CC414018 1C622108
	v_lshlrev_b32_e32 v206, 8, v3                              // 000000002FF4: 319C0688
	v_lshl_add_u32 v206, v4, 4, v206                           // 000000002FF8: D64600CE 07390904
	v_add_nc_u32_e32 v206, 0x3080, v206                        // 000000003000: 4B9D9CFF 00003080
	ds_load_b128 v[16:19], v206                                // 000000003008: DBFC0000 100000CE
	s_waitcnt lgkmcnt(0)                                       // 000000003010: BF89FC07
	ds_swizzle_b32 v20, v16 offset:swizzle(SWAP,16)            // 000000003014: D8D4401F 14000010
	ds_swizzle_b32 v21, v17 offset:swizzle(SWAP,16)            // 00000000301C: D8D4401F 15000011
	ds_swizzle_b32 v22, v18 offset:swizzle(SWAP,16)            // 000000003024: D8D4401F 16000012
	ds_swizzle_b32 v23, v19 offset:swizzle(SWAP,16)            // 00000000302C: D8D4401F 17000013
	s_waitcnt lgkmcnt(0)                                       // 000000003034: BF89FC07
	v_wmma_f32_16x16x16_bf16 v[32:39], v[8:15], v[16:23], v[32:39]// 000000003038: CC414020 1C822108
	v_lshlrev_b32_e32 v206, 8, v3                              // 000000003040: 319C0688
	v_lshl_add_u32 v206, v4, 4, v206                           // 000000003044: D64600CE 07390904
	v_add_nc_u32_e32 v206, 0x4080, v206                        // 00000000304C: 4B9D9CFF 00004080
	ds_load_b128 v[16:19], v206                                // 000000003054: DBFC0000 100000CE
	s_waitcnt lgkmcnt(0)                                       // 00000000305C: BF89FC07
	ds_swizzle_b32 v20, v16 offset:swizzle(SWAP,16)            // 000000003060: D8D4401F 14000010
	ds_swizzle_b32 v21, v17 offset:swizzle(SWAP,16)            // 000000003068: D8D4401F 15000011
	ds_swizzle_b32 v22, v18 offset:swizzle(SWAP,16)            // 000000003070: D8D4401F 16000012
	ds_swizzle_b32 v23, v19 offset:swizzle(SWAP,16)            // 000000003078: D8D4401F 17000013
	s_waitcnt lgkmcnt(0)                                       // 000000003080: BF89FC07
	v_wmma_f32_16x16x16_bf16 v[40:47], v[8:15], v[16:23], v[40:47]// 000000003084: CC414028 1CA22108
	v_lshlrev_b32_e32 v206, 8, v3                              // 00000000308C: 319C0688
	v_lshl_add_u32 v206, v4, 4, v206                           // 000000003090: D64600CE 07390904
	v_add_nc_u32_e32 v206, 0x5080, v206                        // 000000003098: 4B9D9CFF 00005080
	ds_load_b128 v[16:19], v206                                // 0000000030A0: DBFC0000 100000CE
	s_waitcnt lgkmcnt(0)                                       // 0000000030A8: BF89FC07
	ds_swizzle_b32 v20, v16 offset:swizzle(SWAP,16)            // 0000000030AC: D8D4401F 14000010
	ds_swizzle_b32 v21, v17 offset:swizzle(SWAP,16)            // 0000000030B4: D8D4401F 15000011
	ds_swizzle_b32 v22, v18 offset:swizzle(SWAP,16)            // 0000000030BC: D8D4401F 16000012
	ds_swizzle_b32 v23, v19 offset:swizzle(SWAP,16)            // 0000000030C4: D8D4401F 17000013
	s_waitcnt lgkmcnt(0)                                       // 0000000030CC: BF89FC07
	v_wmma_f32_16x16x16_bf16 v[48:55], v[8:15], v[16:23], v[48:55]// 0000000030D0: CC414030 1CC22108
	ds_load_b128 v[8:11], v5 offset:160                        // 0000000030D8: DBFC00A0 08000005
	s_waitcnt lgkmcnt(0)                                       // 0000000030E0: BF89FC07
	ds_swizzle_b32 v12, v8 offset:swizzle(SWAP,16)             // 0000000030E4: D8D4401F 0C000008
	ds_swizzle_b32 v13, v9 offset:swizzle(SWAP,16)             // 0000000030EC: D8D4401F 0D000009
	ds_swizzle_b32 v14, v10 offset:swizzle(SWAP,16)            // 0000000030F4: D8D4401F 0E00000A
	ds_swizzle_b32 v15, v11 offset:swizzle(SWAP,16)            // 0000000030FC: D8D4401F 0F00000B
	s_waitcnt lgkmcnt(0)                                       // 000000003104: BF89FC07
	v_lshlrev_b32_e32 v206, 8, v3                              // 000000003108: 319C0688
	v_lshl_add_u32 v206, v4, 4, v206                           // 00000000310C: D64600CE 07390904
	v_add_nc_u32_e32 v206, 0x20a0, v206                        // 000000003114: 4B9D9CFF 000020A0
	ds_load_b128 v[16:19], v206                                // 00000000311C: DBFC0000 100000CE
	s_waitcnt lgkmcnt(0)                                       // 000000003124: BF89FC07
	ds_swizzle_b32 v20, v16 offset:swizzle(SWAP,16)            // 000000003128: D8D4401F 14000010
	ds_swizzle_b32 v21, v17 offset:swizzle(SWAP,16)            // 000000003130: D8D4401F 15000011
	ds_swizzle_b32 v22, v18 offset:swizzle(SWAP,16)            // 000000003138: D8D4401F 16000012
	ds_swizzle_b32 v23, v19 offset:swizzle(SWAP,16)            // 000000003140: D8D4401F 17000013
	s_waitcnt lgkmcnt(0)                                       // 000000003148: BF89FC07
	v_wmma_f32_16x16x16_bf16 v[24:31], v[8:15], v[16:23], v[24:31]// 00000000314C: CC414018 1C622108
	v_lshlrev_b32_e32 v206, 8, v3                              // 000000003154: 319C0688
	v_lshl_add_u32 v206, v4, 4, v206                           // 000000003158: D64600CE 07390904
	v_add_nc_u32_e32 v206, 0x30a0, v206                        // 000000003160: 4B9D9CFF 000030A0
	ds_load_b128 v[16:19], v206                                // 000000003168: DBFC0000 100000CE
	s_waitcnt lgkmcnt(0)                                       // 000000003170: BF89FC07
	ds_swizzle_b32 v20, v16 offset:swizzle(SWAP,16)            // 000000003174: D8D4401F 14000010
	ds_swizzle_b32 v21, v17 offset:swizzle(SWAP,16)            // 00000000317C: D8D4401F 15000011
	ds_swizzle_b32 v22, v18 offset:swizzle(SWAP,16)            // 000000003184: D8D4401F 16000012
	ds_swizzle_b32 v23, v19 offset:swizzle(SWAP,16)            // 00000000318C: D8D4401F 17000013
	s_waitcnt lgkmcnt(0)                                       // 000000003194: BF89FC07
	v_wmma_f32_16x16x16_bf16 v[32:39], v[8:15], v[16:23], v[32:39]// 000000003198: CC414020 1C822108
	v_lshlrev_b32_e32 v206, 8, v3                              // 0000000031A0: 319C0688
	v_lshl_add_u32 v206, v4, 4, v206                           // 0000000031A4: D64600CE 07390904
	v_add_nc_u32_e32 v206, 0x40a0, v206                        // 0000000031AC: 4B9D9CFF 000040A0
	ds_load_b128 v[16:19], v206                                // 0000000031B4: DBFC0000 100000CE
	s_waitcnt lgkmcnt(0)                                       // 0000000031BC: BF89FC07
	ds_swizzle_b32 v20, v16 offset:swizzle(SWAP,16)            // 0000000031C0: D8D4401F 14000010
	ds_swizzle_b32 v21, v17 offset:swizzle(SWAP,16)            // 0000000031C8: D8D4401F 15000011
	ds_swizzle_b32 v22, v18 offset:swizzle(SWAP,16)            // 0000000031D0: D8D4401F 16000012
	ds_swizzle_b32 v23, v19 offset:swizzle(SWAP,16)            // 0000000031D8: D8D4401F 17000013
	s_waitcnt lgkmcnt(0)                                       // 0000000031E0: BF89FC07
	v_wmma_f32_16x16x16_bf16 v[40:47], v[8:15], v[16:23], v[40:47]// 0000000031E4: CC414028 1CA22108
	v_lshlrev_b32_e32 v206, 8, v3                              // 0000000031EC: 319C0688
	v_lshl_add_u32 v206, v4, 4, v206                           // 0000000031F0: D64600CE 07390904
	v_add_nc_u32_e32 v206, 0x50a0, v206                        // 0000000031F8: 4B9D9CFF 000050A0
	ds_load_b128 v[16:19], v206                                // 000000003200: DBFC0000 100000CE
	s_waitcnt lgkmcnt(0)                                       // 000000003208: BF89FC07
	ds_swizzle_b32 v20, v16 offset:swizzle(SWAP,16)            // 00000000320C: D8D4401F 14000010
	ds_swizzle_b32 v21, v17 offset:swizzle(SWAP,16)            // 000000003214: D8D4401F 15000011
	ds_swizzle_b32 v22, v18 offset:swizzle(SWAP,16)            // 00000000321C: D8D4401F 16000012
	ds_swizzle_b32 v23, v19 offset:swizzle(SWAP,16)            // 000000003224: D8D4401F 17000013
	s_waitcnt lgkmcnt(0)                                       // 00000000322C: BF89FC07
	v_wmma_f32_16x16x16_bf16 v[48:55], v[8:15], v[16:23], v[48:55]// 000000003230: CC414030 1CC22108
	ds_load_b128 v[8:11], v5 offset:192                        // 000000003238: DBFC00C0 08000005
	s_waitcnt lgkmcnt(0)                                       // 000000003240: BF89FC07
	ds_swizzle_b32 v12, v8 offset:swizzle(SWAP,16)             // 000000003244: D8D4401F 0C000008
	ds_swizzle_b32 v13, v9 offset:swizzle(SWAP,16)             // 00000000324C: D8D4401F 0D000009
	ds_swizzle_b32 v14, v10 offset:swizzle(SWAP,16)            // 000000003254: D8D4401F 0E00000A
	ds_swizzle_b32 v15, v11 offset:swizzle(SWAP,16)            // 00000000325C: D8D4401F 0F00000B
	s_waitcnt lgkmcnt(0)                                       // 000000003264: BF89FC07
	v_lshlrev_b32_e32 v206, 8, v3                              // 000000003268: 319C0688
	v_lshl_add_u32 v206, v4, 4, v206                           // 00000000326C: D64600CE 07390904
	v_add_nc_u32_e32 v206, 0x20c0, v206                        // 000000003274: 4B9D9CFF 000020C0
	ds_load_b128 v[16:19], v206                                // 00000000327C: DBFC0000 100000CE
	s_waitcnt lgkmcnt(0)                                       // 000000003284: BF89FC07
	ds_swizzle_b32 v20, v16 offset:swizzle(SWAP,16)            // 000000003288: D8D4401F 14000010
	ds_swizzle_b32 v21, v17 offset:swizzle(SWAP,16)            // 000000003290: D8D4401F 15000011
	ds_swizzle_b32 v22, v18 offset:swizzle(SWAP,16)            // 000000003298: D8D4401F 16000012
	ds_swizzle_b32 v23, v19 offset:swizzle(SWAP,16)            // 0000000032A0: D8D4401F 17000013
	s_waitcnt lgkmcnt(0)                                       // 0000000032A8: BF89FC07
	v_wmma_f32_16x16x16_bf16 v[24:31], v[8:15], v[16:23], v[24:31]// 0000000032AC: CC414018 1C622108
	v_lshlrev_b32_e32 v206, 8, v3                              // 0000000032B4: 319C0688
	v_lshl_add_u32 v206, v4, 4, v206                           // 0000000032B8: D64600CE 07390904
	v_add_nc_u32_e32 v206, 0x30c0, v206                        // 0000000032C0: 4B9D9CFF 000030C0
	ds_load_b128 v[16:19], v206                                // 0000000032C8: DBFC0000 100000CE
	s_waitcnt lgkmcnt(0)                                       // 0000000032D0: BF89FC07
	ds_swizzle_b32 v20, v16 offset:swizzle(SWAP,16)            // 0000000032D4: D8D4401F 14000010
	ds_swizzle_b32 v21, v17 offset:swizzle(SWAP,16)            // 0000000032DC: D8D4401F 15000011
	ds_swizzle_b32 v22, v18 offset:swizzle(SWAP,16)            // 0000000032E4: D8D4401F 16000012
	ds_swizzle_b32 v23, v19 offset:swizzle(SWAP,16)            // 0000000032EC: D8D4401F 17000013
	s_waitcnt lgkmcnt(0)                                       // 0000000032F4: BF89FC07
	v_wmma_f32_16x16x16_bf16 v[32:39], v[8:15], v[16:23], v[32:39]// 0000000032F8: CC414020 1C822108
	v_lshlrev_b32_e32 v206, 8, v3                              // 000000003300: 319C0688
	v_lshl_add_u32 v206, v4, 4, v206                           // 000000003304: D64600CE 07390904
	v_add_nc_u32_e32 v206, 0x40c0, v206                        // 00000000330C: 4B9D9CFF 000040C0
	ds_load_b128 v[16:19], v206                                // 000000003314: DBFC0000 100000CE
	s_waitcnt lgkmcnt(0)                                       // 00000000331C: BF89FC07
	ds_swizzle_b32 v20, v16 offset:swizzle(SWAP,16)            // 000000003320: D8D4401F 14000010
	ds_swizzle_b32 v21, v17 offset:swizzle(SWAP,16)            // 000000003328: D8D4401F 15000011
	ds_swizzle_b32 v22, v18 offset:swizzle(SWAP,16)            // 000000003330: D8D4401F 16000012
	ds_swizzle_b32 v23, v19 offset:swizzle(SWAP,16)            // 000000003338: D8D4401F 17000013
	s_waitcnt lgkmcnt(0)                                       // 000000003340: BF89FC07
	v_wmma_f32_16x16x16_bf16 v[40:47], v[8:15], v[16:23], v[40:47]// 000000003344: CC414028 1CA22108
	v_lshlrev_b32_e32 v206, 8, v3                              // 00000000334C: 319C0688
	v_lshl_add_u32 v206, v4, 4, v206                           // 000000003350: D64600CE 07390904
	v_add_nc_u32_e32 v206, 0x50c0, v206                        // 000000003358: 4B9D9CFF 000050C0
	ds_load_b128 v[16:19], v206                                // 000000003360: DBFC0000 100000CE
	s_waitcnt lgkmcnt(0)                                       // 000000003368: BF89FC07
	ds_swizzle_b32 v20, v16 offset:swizzle(SWAP,16)            // 00000000336C: D8D4401F 14000010
	ds_swizzle_b32 v21, v17 offset:swizzle(SWAP,16)            // 000000003374: D8D4401F 15000011
	ds_swizzle_b32 v22, v18 offset:swizzle(SWAP,16)            // 00000000337C: D8D4401F 16000012
	ds_swizzle_b32 v23, v19 offset:swizzle(SWAP,16)            // 000000003384: D8D4401F 17000013
	s_waitcnt lgkmcnt(0)                                       // 00000000338C: BF89FC07
	v_wmma_f32_16x16x16_bf16 v[48:55], v[8:15], v[16:23], v[48:55]// 000000003390: CC414030 1CC22108
	ds_load_b128 v[8:11], v5 offset:224                        // 000000003398: DBFC00E0 08000005
	s_waitcnt lgkmcnt(0)                                       // 0000000033A0: BF89FC07
	ds_swizzle_b32 v12, v8 offset:swizzle(SWAP,16)             // 0000000033A4: D8D4401F 0C000008
	ds_swizzle_b32 v13, v9 offset:swizzle(SWAP,16)             // 0000000033AC: D8D4401F 0D000009
	ds_swizzle_b32 v14, v10 offset:swizzle(SWAP,16)            // 0000000033B4: D8D4401F 0E00000A
	ds_swizzle_b32 v15, v11 offset:swizzle(SWAP,16)            // 0000000033BC: D8D4401F 0F00000B
	s_waitcnt lgkmcnt(0)                                       // 0000000033C4: BF89FC07
	v_lshlrev_b32_e32 v206, 8, v3                              // 0000000033C8: 319C0688
	v_lshl_add_u32 v206, v4, 4, v206                           // 0000000033CC: D64600CE 07390904
	v_add_nc_u32_e32 v206, 0x20e0, v206                        // 0000000033D4: 4B9D9CFF 000020E0
	ds_load_b128 v[16:19], v206                                // 0000000033DC: DBFC0000 100000CE
	s_waitcnt lgkmcnt(0)                                       // 0000000033E4: BF89FC07
	ds_swizzle_b32 v20, v16 offset:swizzle(SWAP,16)            // 0000000033E8: D8D4401F 14000010
	ds_swizzle_b32 v21, v17 offset:swizzle(SWAP,16)            // 0000000033F0: D8D4401F 15000011
	ds_swizzle_b32 v22, v18 offset:swizzle(SWAP,16)            // 0000000033F8: D8D4401F 16000012
	ds_swizzle_b32 v23, v19 offset:swizzle(SWAP,16)            // 000000003400: D8D4401F 17000013
	s_waitcnt lgkmcnt(0)                                       // 000000003408: BF89FC07
	v_wmma_f32_16x16x16_bf16 v[24:31], v[8:15], v[16:23], v[24:31]// 00000000340C: CC414018 1C622108
	v_lshlrev_b32_e32 v206, 8, v3                              // 000000003414: 319C0688
	v_lshl_add_u32 v206, v4, 4, v206                           // 000000003418: D64600CE 07390904
	v_add_nc_u32_e32 v206, 0x30e0, v206                        // 000000003420: 4B9D9CFF 000030E0
	ds_load_b128 v[16:19], v206                                // 000000003428: DBFC0000 100000CE
	s_waitcnt lgkmcnt(0)                                       // 000000003430: BF89FC07
	ds_swizzle_b32 v20, v16 offset:swizzle(SWAP,16)            // 000000003434: D8D4401F 14000010
	ds_swizzle_b32 v21, v17 offset:swizzle(SWAP,16)            // 00000000343C: D8D4401F 15000011
	ds_swizzle_b32 v22, v18 offset:swizzle(SWAP,16)            // 000000003444: D8D4401F 16000012
	ds_swizzle_b32 v23, v19 offset:swizzle(SWAP,16)            // 00000000344C: D8D4401F 17000013
	s_waitcnt lgkmcnt(0)                                       // 000000003454: BF89FC07
	v_wmma_f32_16x16x16_bf16 v[32:39], v[8:15], v[16:23], v[32:39]// 000000003458: CC414020 1C822108
	v_lshlrev_b32_e32 v206, 8, v3                              // 000000003460: 319C0688
	v_lshl_add_u32 v206, v4, 4, v206                           // 000000003464: D64600CE 07390904
	v_add_nc_u32_e32 v206, 0x40e0, v206                        // 00000000346C: 4B9D9CFF 000040E0
	ds_load_b128 v[16:19], v206                                // 000000003474: DBFC0000 100000CE
	s_waitcnt lgkmcnt(0)                                       // 00000000347C: BF89FC07
	ds_swizzle_b32 v20, v16 offset:swizzle(SWAP,16)            // 000000003480: D8D4401F 14000010
	ds_swizzle_b32 v21, v17 offset:swizzle(SWAP,16)            // 000000003488: D8D4401F 15000011
	ds_swizzle_b32 v22, v18 offset:swizzle(SWAP,16)            // 000000003490: D8D4401F 16000012
	ds_swizzle_b32 v23, v19 offset:swizzle(SWAP,16)            // 000000003498: D8D4401F 17000013
	s_waitcnt lgkmcnt(0)                                       // 0000000034A0: BF89FC07
	v_wmma_f32_16x16x16_bf16 v[40:47], v[8:15], v[16:23], v[40:47]// 0000000034A4: CC414028 1CA22108
	v_lshlrev_b32_e32 v206, 8, v3                              // 0000000034AC: 319C0688
	v_lshl_add_u32 v206, v4, 4, v206                           // 0000000034B0: D64600CE 07390904
	v_add_nc_u32_e32 v206, 0x50e0, v206                        // 0000000034B8: 4B9D9CFF 000050E0
	ds_load_b128 v[16:19], v206                                // 0000000034C0: DBFC0000 100000CE
	s_waitcnt lgkmcnt(0)                                       // 0000000034C8: BF89FC07
	ds_swizzle_b32 v20, v16 offset:swizzle(SWAP,16)            // 0000000034CC: D8D4401F 14000010
	ds_swizzle_b32 v21, v17 offset:swizzle(SWAP,16)            // 0000000034D4: D8D4401F 15000011
	ds_swizzle_b32 v22, v18 offset:swizzle(SWAP,16)            // 0000000034DC: D8D4401F 16000012
	ds_swizzle_b32 v23, v19 offset:swizzle(SWAP,16)            // 0000000034E4: D8D4401F 17000013
	s_waitcnt lgkmcnt(0)                                       // 0000000034EC: BF89FC07
	v_wmma_f32_16x16x16_bf16 v[48:55], v[8:15], v[16:23], v[48:55]// 0000000034F0: CC414030 1CC22108
	v_add_nc_u32_e32 v202, s31, v0                             // 0000000034F8: 4B94001F
	v_lshlrev_b32_e32 v204, 7, v202                            // 0000000034FC: 31999487
	v_lshl_add_u32 v204, s26, 2, v204                          // 000000003500: D64600CC 0731041A
	global_load_b32 v208, v204, s[16:17]                       // 000000003508: DC520000 D01000CC
	s_waitcnt vmcnt(0)                                         // 000000003510: BF8903F7
	v_lshlrev_b32_e32 v205, 2, v0                              // 000000003514: 319A0082
	v_add_nc_u32_e32 v205, 0x6000, v205                        // 000000003518: 4B9B9AFF 00006000
	ds_store_b32 v205, v208                                    // 000000003520: D8340000 0000D0CD
	s_waitcnt lgkmcnt(0)                                       // 000000003528: BF89FC07
	s_barrier                                                  // 00000000352C: BFBD0000
	v_add_nc_u32_e32 v206, 0, v3                               // 000000003530: 4B9C0680
	v_lshlrev_b32_e32 v206, 2, v206                            // 000000003534: 319D9C82
	v_add_nc_u32_e32 v206, 0x6000, v206                        // 000000003538: 4B9D9CFF 00006000
	ds_load_b32 v80, v206                                      // 000000003540: D8D80000 500000CE
	v_add_nc_u32_e32 v206, 16, v3                              // 000000003548: 4B9C0690
	v_lshlrev_b32_e32 v206, 2, v206                            // 00000000354C: 319D9C82
	v_add_nc_u32_e32 v206, 0x6000, v206                        // 000000003550: 4B9D9CFF 00006000
	ds_load_b32 v81, v206                                      // 000000003558: D8D80000 510000CE
	v_add_nc_u32_e32 v206, 32, v3                              // 000000003560: 4B9C06A0
	v_lshlrev_b32_e32 v206, 2, v206                            // 000000003564: 319D9C82
	v_add_nc_u32_e32 v206, 0x6000, v206                        // 000000003568: 4B9D9CFF 00006000
	ds_load_b32 v82, v206                                      // 000000003570: D8D80000 520000CE
	v_add_nc_u32_e32 v206, 48, v3                              // 000000003578: 4B9C06B0
	v_lshlrev_b32_e32 v206, 2, v206                            // 00000000357C: 319D9C82
	v_add_nc_u32_e32 v206, 0x6000, v206                        // 000000003580: 4B9D9CFF 00006000
	ds_load_b32 v83, v206                                      // 000000003588: D8D80000 530000CE
	v_lshlrev_b32_e32 v206, 4, v2                              // 000000003590: 319C0484
	v_add_nc_u32_e32 v206, v4, v206                            // 000000003594: 4B9D9D04
	v_add_nc_u32_e32 v206, 0, v206                             // 000000003598: 4B9D9C80
	v_add_nc_u32_e32 v206, s45, v206                           // 00000000359C: 4B9D9C2D
	v_lshlrev_b32_e32 v206, 2, v206                            // 0000000035A0: 319D9C82
	v_add_nc_u32_e32 v206, 0x6000, v206                        // 0000000035A4: 4B9D9CFF 00006000
	ds_load_b32 v84, v206                                      // 0000000035AC: D8D80000 540000CE
	v_lshlrev_b32_e32 v206, 4, v2                              // 0000000035B4: 319C0484
	v_add_nc_u32_e32 v206, v4, v206                            // 0000000035B8: 4B9D9D04
	v_add_nc_u32_e32 v206, 2, v206                             // 0000000035BC: 4B9D9C82
	v_add_nc_u32_e32 v206, s45, v206                           // 0000000035C0: 4B9D9C2D
	v_lshlrev_b32_e32 v206, 2, v206                            // 0000000035C4: 319D9C82
	v_add_nc_u32_e32 v206, 0x6000, v206                        // 0000000035C8: 4B9D9CFF 00006000
	ds_load_b32 v85, v206                                      // 0000000035D0: D8D80000 550000CE
	v_lshlrev_b32_e32 v206, 4, v2                              // 0000000035D8: 319C0484
	v_add_nc_u32_e32 v206, v4, v206                            // 0000000035DC: 4B9D9D04
	v_add_nc_u32_e32 v206, 4, v206                             // 0000000035E0: 4B9D9C84
	v_add_nc_u32_e32 v206, s45, v206                           // 0000000035E4: 4B9D9C2D
	v_lshlrev_b32_e32 v206, 2, v206                            // 0000000035E8: 319D9C82
	v_add_nc_u32_e32 v206, 0x6000, v206                        // 0000000035EC: 4B9D9CFF 00006000
	ds_load_b32 v86, v206                                      // 0000000035F4: D8D80000 560000CE
	v_lshlrev_b32_e32 v206, 4, v2                              // 0000000035FC: 319C0484
	v_add_nc_u32_e32 v206, v4, v206                            // 000000003600: 4B9D9D04
	v_add_nc_u32_e32 v206, 6, v206                             // 000000003604: 4B9D9C86
	v_add_nc_u32_e32 v206, s45, v206                           // 000000003608: 4B9D9C2D
	v_lshlrev_b32_e32 v206, 2, v206                            // 00000000360C: 319D9C82
	v_add_nc_u32_e32 v206, 0x6000, v206                        // 000000003610: 4B9D9CFF 00006000
	ds_load_b32 v87, v206                                      // 000000003618: D8D80000 570000CE
	v_lshlrev_b32_e32 v206, 4, v2                              // 000000003620: 319C0484
	v_add_nc_u32_e32 v206, v4, v206                            // 000000003624: 4B9D9D04
	v_add_nc_u32_e32 v206, 8, v206                             // 000000003628: 4B9D9C88
	v_add_nc_u32_e32 v206, s45, v206                           // 00000000362C: 4B9D9C2D
	v_lshlrev_b32_e32 v206, 2, v206                            // 000000003630: 319D9C82
	v_add_nc_u32_e32 v206, 0x6000, v206                        // 000000003634: 4B9D9CFF 00006000
	ds_load_b32 v88, v206                                      // 00000000363C: D8D80000 580000CE
	v_lshlrev_b32_e32 v206, 4, v2                              // 000000003644: 319C0484
	v_add_nc_u32_e32 v206, v4, v206                            // 000000003648: 4B9D9D04
	v_add_nc_u32_e32 v206, 10, v206                            // 00000000364C: 4B9D9C8A
	v_add_nc_u32_e32 v206, s45, v206                           // 000000003650: 4B9D9C2D
	v_lshlrev_b32_e32 v206, 2, v206                            // 000000003654: 319D9C82
	v_add_nc_u32_e32 v206, 0x6000, v206                        // 000000003658: 4B9D9CFF 00006000
	ds_load_b32 v89, v206                                      // 000000003660: D8D80000 590000CE
	v_lshlrev_b32_e32 v206, 4, v2                              // 000000003668: 319C0484
	v_add_nc_u32_e32 v206, v4, v206                            // 00000000366C: 4B9D9D04
	v_add_nc_u32_e32 v206, 12, v206                            // 000000003670: 4B9D9C8C
	v_add_nc_u32_e32 v206, s45, v206                           // 000000003674: 4B9D9C2D
	v_lshlrev_b32_e32 v206, 2, v206                            // 000000003678: 319D9C82
	v_add_nc_u32_e32 v206, 0x6000, v206                        // 00000000367C: 4B9D9CFF 00006000
	ds_load_b32 v90, v206                                      // 000000003684: D8D80000 5A0000CE
	v_lshlrev_b32_e32 v206, 4, v2                              // 00000000368C: 319C0484
	v_add_nc_u32_e32 v206, v4, v206                            // 000000003690: 4B9D9D04
	v_add_nc_u32_e32 v206, 14, v206                            // 000000003694: 4B9D9C8E
	v_add_nc_u32_e32 v206, s45, v206                           // 000000003698: 4B9D9C2D
	v_lshlrev_b32_e32 v206, 2, v206                            // 00000000369C: 319D9C82
	v_add_nc_u32_e32 v206, 0x6000, v206                        // 0000000036A0: 4B9D9CFF 00006000
	ds_load_b32 v91, v206                                      // 0000000036A8: D8D80000 5B0000CE
	s_waitcnt lgkmcnt(0)                                       // 0000000036B0: BF89FC07
	v_mov_b32_e32 v98, 0                                       // 0000000036B4: 7EC40280
	v_sub_f32_e32 v92, v84, v80                                // 0000000036B8: 08B8A154
	v_cmp_le_f32_e32 vcc_lo, v92, v98                          // 0000000036BC: 7C26C55C
	v_cndmask_b32_e32 v92, 0xff800000, v92, vcc_lo             // 0000000036C0: 02B8B8FF FF800000
	v_mul_f32_e32 v92, 0x3fb8aa3b, v92                         // 0000000036C8: 10B8B8FF 3FB8AA3B
	v_exp_f32_e32 v92, v92                                     // 0000000036D0: 7EB84B5C
	v_lshlrev_b32_e32 v93, 4, v2                               // 0000000036D4: 30BA0484
	v_add_nc_u32_e32 v93, v4, v93                              // 0000000036D8: 4ABABB04
	v_add_nc_u32_e32 v93, 0, v93                               // 0000000036DC: 4ABABA80
	v_add_nc_u32_e32 v93, s45, v93                             // 0000000036E0: 4ABABA2D
	v_add_nc_u32_e32 v94, 0, v3                                // 0000000036E4: 4ABC0680
	v_cmp_le_u32_e32 vcc_lo, v94, v93                          // 0000000036E8: 7C96BB5E
	v_cndmask_b32_e32 v92, 0, v92, vcc_lo                      // 0000000036EC: 02B8B880
	v_mul_f32_e32 v24, v24, v92                                // 0000000036F0: 1030B918
	v_lshrrev_b32_e32 v95, 16, v24                             // 0000000036F4: 32BE3090
	v_and_b32_e32 v95, 1, v95                                  // 0000000036F8: 36BEBE81
	v_add_nc_u32_e32 v96, 0x7fff, v24                          // 0000000036FC: 4AC030FF 00007FFF
	v_add_nc_u32_e32 v96, v95, v96                             // 000000003704: 4AC0C15F
	v_lshrrev_b32_e32 v96, 16, v96                             // 000000003708: 32C0C090
	v_lshlrev_b32_e32 v97, 11, v2                              // 00000000370C: 30C2048B
	v_lshl_add_u32 v97, v4, 7, v97                             // 000000003710: D6460061 05850F04
	v_lshl_add_u32 v97, v3, 1, v97                             // 000000003718: D6460061 05850303
	ds_store_b16 v97, v96                                      // 000000003720: D87C0000 00006061
	v_sub_f32_e32 v92, v85, v80                                // 000000003728: 08B8A155
	v_cmp_le_f32_e32 vcc_lo, v92, v98                          // 00000000372C: 7C26C55C
	v_cndmask_b32_e32 v92, 0xff800000, v92, vcc_lo             // 000000003730: 02B8B8FF FF800000
	v_mul_f32_e32 v92, 0x3fb8aa3b, v92                         // 000000003738: 10B8B8FF 3FB8AA3B
	v_exp_f32_e32 v92, v92                                     // 000000003740: 7EB84B5C
	v_lshlrev_b32_e32 v93, 4, v2                               // 000000003744: 30BA0484
	v_add_nc_u32_e32 v93, v4, v93                              // 000000003748: 4ABABB04
	v_add_nc_u32_e32 v93, 2, v93                               // 00000000374C: 4ABABA82
	v_add_nc_u32_e32 v93, s45, v93                             // 000000003750: 4ABABA2D
	v_add_nc_u32_e32 v94, 0, v3                                // 000000003754: 4ABC0680
	v_cmp_le_u32_e32 vcc_lo, v94, v93                          // 000000003758: 7C96BB5E
	v_cndmask_b32_e32 v92, 0, v92, vcc_lo                      // 00000000375C: 02B8B880
	v_mul_f32_e32 v25, v25, v92                                // 000000003760: 1032B919
	v_lshrrev_b32_e32 v95, 16, v25                             // 000000003764: 32BE3290
	v_and_b32_e32 v95, 1, v95                                  // 000000003768: 36BEBE81
	v_add_nc_u32_e32 v96, 0x7fff, v25                          // 00000000376C: 4AC032FF 00007FFF
	v_add_nc_u32_e32 v96, v95, v96                             // 000000003774: 4AC0C15F
	v_lshrrev_b32_e32 v96, 16, v96                             // 000000003778: 32C0C090
	v_lshlrev_b32_e32 v97, 11, v2                              // 00000000377C: 30C2048B
	v_lshl_add_u32 v97, v4, 7, v97                             // 000000003780: D6460061 05850F04
	v_lshl_add_u32 v97, v3, 1, v97                             // 000000003788: D6460061 05850303
	ds_store_b16 v97, v96 offset:256                           // 000000003790: D87C0100 00006061
	v_sub_f32_e32 v92, v86, v80                                // 000000003798: 08B8A156
	v_cmp_le_f32_e32 vcc_lo, v92, v98                          // 00000000379C: 7C26C55C
	v_cndmask_b32_e32 v92, 0xff800000, v92, vcc_lo             // 0000000037A0: 02B8B8FF FF800000
	v_mul_f32_e32 v92, 0x3fb8aa3b, v92                         // 0000000037A8: 10B8B8FF 3FB8AA3B
	v_exp_f32_e32 v92, v92                                     // 0000000037B0: 7EB84B5C
	v_lshlrev_b32_e32 v93, 4, v2                               // 0000000037B4: 30BA0484
	v_add_nc_u32_e32 v93, v4, v93                              // 0000000037B8: 4ABABB04
	v_add_nc_u32_e32 v93, 4, v93                               // 0000000037BC: 4ABABA84
	v_add_nc_u32_e32 v93, s45, v93                             // 0000000037C0: 4ABABA2D
	v_add_nc_u32_e32 v94, 0, v3                                // 0000000037C4: 4ABC0680
	v_cmp_le_u32_e32 vcc_lo, v94, v93                          // 0000000037C8: 7C96BB5E
	v_cndmask_b32_e32 v92, 0, v92, vcc_lo                      // 0000000037CC: 02B8B880
	v_mul_f32_e32 v26, v26, v92                                // 0000000037D0: 1034B91A
	v_lshrrev_b32_e32 v95, 16, v26                             // 0000000037D4: 32BE3490
	v_and_b32_e32 v95, 1, v95                                  // 0000000037D8: 36BEBE81
	v_add_nc_u32_e32 v96, 0x7fff, v26                          // 0000000037DC: 4AC034FF 00007FFF
	v_add_nc_u32_e32 v96, v95, v96                             // 0000000037E4: 4AC0C15F
	v_lshrrev_b32_e32 v96, 16, v96                             // 0000000037E8: 32C0C090
	v_lshlrev_b32_e32 v97, 11, v2                              // 0000000037EC: 30C2048B
	v_lshl_add_u32 v97, v4, 7, v97                             // 0000000037F0: D6460061 05850F04
	v_lshl_add_u32 v97, v3, 1, v97                             // 0000000037F8: D6460061 05850303
	ds_store_b16 v97, v96 offset:512                           // 000000003800: D87C0200 00006061
	v_sub_f32_e32 v92, v87, v80                                // 000000003808: 08B8A157
	v_cmp_le_f32_e32 vcc_lo, v92, v98                          // 00000000380C: 7C26C55C
	v_cndmask_b32_e32 v92, 0xff800000, v92, vcc_lo             // 000000003810: 02B8B8FF FF800000
	v_mul_f32_e32 v92, 0x3fb8aa3b, v92                         // 000000003818: 10B8B8FF 3FB8AA3B
	v_exp_f32_e32 v92, v92                                     // 000000003820: 7EB84B5C
	v_lshlrev_b32_e32 v93, 4, v2                               // 000000003824: 30BA0484
	v_add_nc_u32_e32 v93, v4, v93                              // 000000003828: 4ABABB04
	v_add_nc_u32_e32 v93, 6, v93                               // 00000000382C: 4ABABA86
	v_add_nc_u32_e32 v93, s45, v93                             // 000000003830: 4ABABA2D
	v_add_nc_u32_e32 v94, 0, v3                                // 000000003834: 4ABC0680
	v_cmp_le_u32_e32 vcc_lo, v94, v93                          // 000000003838: 7C96BB5E
	v_cndmask_b32_e32 v92, 0, v92, vcc_lo                      // 00000000383C: 02B8B880
	v_mul_f32_e32 v27, v27, v92                                // 000000003840: 1036B91B
	v_lshrrev_b32_e32 v95, 16, v27                             // 000000003844: 32BE3690
	v_and_b32_e32 v95, 1, v95                                  // 000000003848: 36BEBE81
	v_add_nc_u32_e32 v96, 0x7fff, v27                          // 00000000384C: 4AC036FF 00007FFF
	v_add_nc_u32_e32 v96, v95, v96                             // 000000003854: 4AC0C15F
	v_lshrrev_b32_e32 v96, 16, v96                             // 000000003858: 32C0C090
	v_lshlrev_b32_e32 v97, 11, v2                              // 00000000385C: 30C2048B
	v_lshl_add_u32 v97, v4, 7, v97                             // 000000003860: D6460061 05850F04
	v_lshl_add_u32 v97, v3, 1, v97                             // 000000003868: D6460061 05850303
	ds_store_b16 v97, v96 offset:768                           // 000000003870: D87C0300 00006061
	v_sub_f32_e32 v92, v88, v80                                // 000000003878: 08B8A158
	v_cmp_le_f32_e32 vcc_lo, v92, v98                          // 00000000387C: 7C26C55C
	v_cndmask_b32_e32 v92, 0xff800000, v92, vcc_lo             // 000000003880: 02B8B8FF FF800000
	v_mul_f32_e32 v92, 0x3fb8aa3b, v92                         // 000000003888: 10B8B8FF 3FB8AA3B
	v_exp_f32_e32 v92, v92                                     // 000000003890: 7EB84B5C
	v_lshlrev_b32_e32 v93, 4, v2                               // 000000003894: 30BA0484
	v_add_nc_u32_e32 v93, v4, v93                              // 000000003898: 4ABABB04
	v_add_nc_u32_e32 v93, 8, v93                               // 00000000389C: 4ABABA88
	v_add_nc_u32_e32 v93, s45, v93                             // 0000000038A0: 4ABABA2D
	v_add_nc_u32_e32 v94, 0, v3                                // 0000000038A4: 4ABC0680
	v_cmp_le_u32_e32 vcc_lo, v94, v93                          // 0000000038A8: 7C96BB5E
	v_cndmask_b32_e32 v92, 0, v92, vcc_lo                      // 0000000038AC: 02B8B880
	v_mul_f32_e32 v28, v28, v92                                // 0000000038B0: 1038B91C
	v_lshrrev_b32_e32 v95, 16, v28                             // 0000000038B4: 32BE3890
	v_and_b32_e32 v95, 1, v95                                  // 0000000038B8: 36BEBE81
	v_add_nc_u32_e32 v96, 0x7fff, v28                          // 0000000038BC: 4AC038FF 00007FFF
	v_add_nc_u32_e32 v96, v95, v96                             // 0000000038C4: 4AC0C15F
	v_lshrrev_b32_e32 v96, 16, v96                             // 0000000038C8: 32C0C090
	v_lshlrev_b32_e32 v97, 11, v2                              // 0000000038CC: 30C2048B
	v_lshl_add_u32 v97, v4, 7, v97                             // 0000000038D0: D6460061 05850F04
	v_lshl_add_u32 v97, v3, 1, v97                             // 0000000038D8: D6460061 05850303
	ds_store_b16 v97, v96 offset:1024                          // 0000000038E0: D87C0400 00006061
	v_sub_f32_e32 v92, v89, v80                                // 0000000038E8: 08B8A159
	v_cmp_le_f32_e32 vcc_lo, v92, v98                          // 0000000038EC: 7C26C55C
	v_cndmask_b32_e32 v92, 0xff800000, v92, vcc_lo             // 0000000038F0: 02B8B8FF FF800000
	v_mul_f32_e32 v92, 0x3fb8aa3b, v92                         // 0000000038F8: 10B8B8FF 3FB8AA3B
	v_exp_f32_e32 v92, v92                                     // 000000003900: 7EB84B5C
	v_lshlrev_b32_e32 v93, 4, v2                               // 000000003904: 30BA0484
	v_add_nc_u32_e32 v93, v4, v93                              // 000000003908: 4ABABB04
	v_add_nc_u32_e32 v93, 10, v93                              // 00000000390C: 4ABABA8A
	v_add_nc_u32_e32 v93, s45, v93                             // 000000003910: 4ABABA2D
	v_add_nc_u32_e32 v94, 0, v3                                // 000000003914: 4ABC0680
	v_cmp_le_u32_e32 vcc_lo, v94, v93                          // 000000003918: 7C96BB5E
	v_cndmask_b32_e32 v92, 0, v92, vcc_lo                      // 00000000391C: 02B8B880
	v_mul_f32_e32 v29, v29, v92                                // 000000003920: 103AB91D
	v_lshrrev_b32_e32 v95, 16, v29                             // 000000003924: 32BE3A90
	v_and_b32_e32 v95, 1, v95                                  // 000000003928: 36BEBE81
	v_add_nc_u32_e32 v96, 0x7fff, v29                          // 00000000392C: 4AC03AFF 00007FFF
	v_add_nc_u32_e32 v96, v95, v96                             // 000000003934: 4AC0C15F
	v_lshrrev_b32_e32 v96, 16, v96                             // 000000003938: 32C0C090
	v_lshlrev_b32_e32 v97, 11, v2                              // 00000000393C: 30C2048B
	v_lshl_add_u32 v97, v4, 7, v97                             // 000000003940: D6460061 05850F04
	v_lshl_add_u32 v97, v3, 1, v97                             // 000000003948: D6460061 05850303
	ds_store_b16 v97, v96 offset:1280                          // 000000003950: D87C0500 00006061
	v_sub_f32_e32 v92, v90, v80                                // 000000003958: 08B8A15A
	v_cmp_le_f32_e32 vcc_lo, v92, v98                          // 00000000395C: 7C26C55C
	v_cndmask_b32_e32 v92, 0xff800000, v92, vcc_lo             // 000000003960: 02B8B8FF FF800000
	v_mul_f32_e32 v92, 0x3fb8aa3b, v92                         // 000000003968: 10B8B8FF 3FB8AA3B
	v_exp_f32_e32 v92, v92                                     // 000000003970: 7EB84B5C
	v_lshlrev_b32_e32 v93, 4, v2                               // 000000003974: 30BA0484
	v_add_nc_u32_e32 v93, v4, v93                              // 000000003978: 4ABABB04
	v_add_nc_u32_e32 v93, 12, v93                              // 00000000397C: 4ABABA8C
	v_add_nc_u32_e32 v93, s45, v93                             // 000000003980: 4ABABA2D
	v_add_nc_u32_e32 v94, 0, v3                                // 000000003984: 4ABC0680
	v_cmp_le_u32_e32 vcc_lo, v94, v93                          // 000000003988: 7C96BB5E
	v_cndmask_b32_e32 v92, 0, v92, vcc_lo                      // 00000000398C: 02B8B880
	v_mul_f32_e32 v30, v30, v92                                // 000000003990: 103CB91E
	v_lshrrev_b32_e32 v95, 16, v30                             // 000000003994: 32BE3C90
	v_and_b32_e32 v95, 1, v95                                  // 000000003998: 36BEBE81
	v_add_nc_u32_e32 v96, 0x7fff, v30                          // 00000000399C: 4AC03CFF 00007FFF
	v_add_nc_u32_e32 v96, v95, v96                             // 0000000039A4: 4AC0C15F
	v_lshrrev_b32_e32 v96, 16, v96                             // 0000000039A8: 32C0C090
	v_lshlrev_b32_e32 v97, 11, v2                              // 0000000039AC: 30C2048B
	v_lshl_add_u32 v97, v4, 7, v97                             // 0000000039B0: D6460061 05850F04
	v_lshl_add_u32 v97, v3, 1, v97                             // 0000000039B8: D6460061 05850303
	ds_store_b16 v97, v96 offset:1536                          // 0000000039C0: D87C0600 00006061
	v_sub_f32_e32 v92, v91, v80                                // 0000000039C8: 08B8A15B
	v_cmp_le_f32_e32 vcc_lo, v92, v98                          // 0000000039CC: 7C26C55C
	v_cndmask_b32_e32 v92, 0xff800000, v92, vcc_lo             // 0000000039D0: 02B8B8FF FF800000
	v_mul_f32_e32 v92, 0x3fb8aa3b, v92                         // 0000000039D8: 10B8B8FF 3FB8AA3B
	v_exp_f32_e32 v92, v92                                     // 0000000039E0: 7EB84B5C
	v_lshlrev_b32_e32 v93, 4, v2                               // 0000000039E4: 30BA0484
	v_add_nc_u32_e32 v93, v4, v93                              // 0000000039E8: 4ABABB04
	v_add_nc_u32_e32 v93, 14, v93                              // 0000000039EC: 4ABABA8E
	v_add_nc_u32_e32 v93, s45, v93                             // 0000000039F0: 4ABABA2D
	v_add_nc_u32_e32 v94, 0, v3                                // 0000000039F4: 4ABC0680
	v_cmp_le_u32_e32 vcc_lo, v94, v93                          // 0000000039F8: 7C96BB5E
	v_cndmask_b32_e32 v92, 0, v92, vcc_lo                      // 0000000039FC: 02B8B880
	v_mul_f32_e32 v31, v31, v92                                // 000000003A00: 103EB91F
	v_lshrrev_b32_e32 v95, 16, v31                             // 000000003A04: 32BE3E90
	v_and_b32_e32 v95, 1, v95                                  // 000000003A08: 36BEBE81
	v_add_nc_u32_e32 v96, 0x7fff, v31                          // 000000003A0C: 4AC03EFF 00007FFF
	v_add_nc_u32_e32 v96, v95, v96                             // 000000003A14: 4AC0C15F
	v_lshrrev_b32_e32 v96, 16, v96                             // 000000003A18: 32C0C090
	v_lshlrev_b32_e32 v97, 11, v2                              // 000000003A1C: 30C2048B
	v_lshl_add_u32 v97, v4, 7, v97                             // 000000003A20: D6460061 05850F04
	v_lshl_add_u32 v97, v3, 1, v97                             // 000000003A28: D6460061 05850303
	ds_store_b16 v97, v96 offset:1792                          // 000000003A30: D87C0700 00006061
	v_sub_f32_e32 v92, v84, v81                                // 000000003A38: 08B8A354
	v_cmp_le_f32_e32 vcc_lo, v92, v98                          // 000000003A3C: 7C26C55C
	v_cndmask_b32_e32 v92, 0xff800000, v92, vcc_lo             // 000000003A40: 02B8B8FF FF800000
	v_mul_f32_e32 v92, 0x3fb8aa3b, v92                         // 000000003A48: 10B8B8FF 3FB8AA3B
	v_exp_f32_e32 v92, v92                                     // 000000003A50: 7EB84B5C
	v_lshlrev_b32_e32 v93, 4, v2                               // 000000003A54: 30BA0484
	v_add_nc_u32_e32 v93, v4, v93                              // 000000003A58: 4ABABB04
	v_add_nc_u32_e32 v93, 0, v93                               // 000000003A5C: 4ABABA80
	v_add_nc_u32_e32 v93, s45, v93                             // 000000003A60: 4ABABA2D
	v_add_nc_u32_e32 v94, 16, v3                               // 000000003A64: 4ABC0690
	v_cmp_le_u32_e32 vcc_lo, v94, v93                          // 000000003A68: 7C96BB5E
	v_cndmask_b32_e32 v92, 0, v92, vcc_lo                      // 000000003A6C: 02B8B880
	v_mul_f32_e32 v32, v32, v92                                // 000000003A70: 1040B920
	v_lshrrev_b32_e32 v95, 16, v32                             // 000000003A74: 32BE4090
	v_and_b32_e32 v95, 1, v95                                  // 000000003A78: 36BEBE81
	v_add_nc_u32_e32 v96, 0x7fff, v32                          // 000000003A7C: 4AC040FF 00007FFF
	v_add_nc_u32_e32 v96, v95, v96                             // 000000003A84: 4AC0C15F
	v_lshrrev_b32_e32 v96, 16, v96                             // 000000003A88: 32C0C090
	v_lshlrev_b32_e32 v97, 11, v2                              // 000000003A8C: 30C2048B
	v_lshl_add_u32 v97, v4, 7, v97                             // 000000003A90: D6460061 05850F04
	v_lshl_add_u32 v97, v3, 1, v97                             // 000000003A98: D6460061 05850303
	ds_store_b16 v97, v96 offset:32                            // 000000003AA0: D87C0020 00006061
	v_sub_f32_e32 v92, v85, v81                                // 000000003AA8: 08B8A355
	v_cmp_le_f32_e32 vcc_lo, v92, v98                          // 000000003AAC: 7C26C55C
	v_cndmask_b32_e32 v92, 0xff800000, v92, vcc_lo             // 000000003AB0: 02B8B8FF FF800000
	v_mul_f32_e32 v92, 0x3fb8aa3b, v92                         // 000000003AB8: 10B8B8FF 3FB8AA3B
	v_exp_f32_e32 v92, v92                                     // 000000003AC0: 7EB84B5C
	v_lshlrev_b32_e32 v93, 4, v2                               // 000000003AC4: 30BA0484
	v_add_nc_u32_e32 v93, v4, v93                              // 000000003AC8: 4ABABB04
	v_add_nc_u32_e32 v93, 2, v93                               // 000000003ACC: 4ABABA82
	v_add_nc_u32_e32 v93, s45, v93                             // 000000003AD0: 4ABABA2D
	v_add_nc_u32_e32 v94, 16, v3                               // 000000003AD4: 4ABC0690
	v_cmp_le_u32_e32 vcc_lo, v94, v93                          // 000000003AD8: 7C96BB5E
	v_cndmask_b32_e32 v92, 0, v92, vcc_lo                      // 000000003ADC: 02B8B880
	v_mul_f32_e32 v33, v33, v92                                // 000000003AE0: 1042B921
	v_lshrrev_b32_e32 v95, 16, v33                             // 000000003AE4: 32BE4290
	v_and_b32_e32 v95, 1, v95                                  // 000000003AE8: 36BEBE81
	v_add_nc_u32_e32 v96, 0x7fff, v33                          // 000000003AEC: 4AC042FF 00007FFF
	v_add_nc_u32_e32 v96, v95, v96                             // 000000003AF4: 4AC0C15F
	v_lshrrev_b32_e32 v96, 16, v96                             // 000000003AF8: 32C0C090
	v_lshlrev_b32_e32 v97, 11, v2                              // 000000003AFC: 30C2048B
	v_lshl_add_u32 v97, v4, 7, v97                             // 000000003B00: D6460061 05850F04
	v_lshl_add_u32 v97, v3, 1, v97                             // 000000003B08: D6460061 05850303
	ds_store_b16 v97, v96 offset:288                           // 000000003B10: D87C0120 00006061
	v_sub_f32_e32 v92, v86, v81                                // 000000003B18: 08B8A356
	v_cmp_le_f32_e32 vcc_lo, v92, v98                          // 000000003B1C: 7C26C55C
	v_cndmask_b32_e32 v92, 0xff800000, v92, vcc_lo             // 000000003B20: 02B8B8FF FF800000
	v_mul_f32_e32 v92, 0x3fb8aa3b, v92                         // 000000003B28: 10B8B8FF 3FB8AA3B
	v_exp_f32_e32 v92, v92                                     // 000000003B30: 7EB84B5C
	v_lshlrev_b32_e32 v93, 4, v2                               // 000000003B34: 30BA0484
	v_add_nc_u32_e32 v93, v4, v93                              // 000000003B38: 4ABABB04
	v_add_nc_u32_e32 v93, 4, v93                               // 000000003B3C: 4ABABA84
	v_add_nc_u32_e32 v93, s45, v93                             // 000000003B40: 4ABABA2D
	v_add_nc_u32_e32 v94, 16, v3                               // 000000003B44: 4ABC0690
	v_cmp_le_u32_e32 vcc_lo, v94, v93                          // 000000003B48: 7C96BB5E
	v_cndmask_b32_e32 v92, 0, v92, vcc_lo                      // 000000003B4C: 02B8B880
	v_mul_f32_e32 v34, v34, v92                                // 000000003B50: 1044B922
	v_lshrrev_b32_e32 v95, 16, v34                             // 000000003B54: 32BE4490
	v_and_b32_e32 v95, 1, v95                                  // 000000003B58: 36BEBE81
	v_add_nc_u32_e32 v96, 0x7fff, v34                          // 000000003B5C: 4AC044FF 00007FFF
	v_add_nc_u32_e32 v96, v95, v96                             // 000000003B64: 4AC0C15F
	v_lshrrev_b32_e32 v96, 16, v96                             // 000000003B68: 32C0C090
	v_lshlrev_b32_e32 v97, 11, v2                              // 000000003B6C: 30C2048B
	v_lshl_add_u32 v97, v4, 7, v97                             // 000000003B70: D6460061 05850F04
	v_lshl_add_u32 v97, v3, 1, v97                             // 000000003B78: D6460061 05850303
	ds_store_b16 v97, v96 offset:544                           // 000000003B80: D87C0220 00006061
	v_sub_f32_e32 v92, v87, v81                                // 000000003B88: 08B8A357
	v_cmp_le_f32_e32 vcc_lo, v92, v98                          // 000000003B8C: 7C26C55C
	v_cndmask_b32_e32 v92, 0xff800000, v92, vcc_lo             // 000000003B90: 02B8B8FF FF800000
	v_mul_f32_e32 v92, 0x3fb8aa3b, v92                         // 000000003B98: 10B8B8FF 3FB8AA3B
	v_exp_f32_e32 v92, v92                                     // 000000003BA0: 7EB84B5C
	v_lshlrev_b32_e32 v93, 4, v2                               // 000000003BA4: 30BA0484
	v_add_nc_u32_e32 v93, v4, v93                              // 000000003BA8: 4ABABB04
	v_add_nc_u32_e32 v93, 6, v93                               // 000000003BAC: 4ABABA86
	v_add_nc_u32_e32 v93, s45, v93                             // 000000003BB0: 4ABABA2D
	v_add_nc_u32_e32 v94, 16, v3                               // 000000003BB4: 4ABC0690
	v_cmp_le_u32_e32 vcc_lo, v94, v93                          // 000000003BB8: 7C96BB5E
	v_cndmask_b32_e32 v92, 0, v92, vcc_lo                      // 000000003BBC: 02B8B880
	v_mul_f32_e32 v35, v35, v92                                // 000000003BC0: 1046B923
	v_lshrrev_b32_e32 v95, 16, v35                             // 000000003BC4: 32BE4690
	v_and_b32_e32 v95, 1, v95                                  // 000000003BC8: 36BEBE81
	v_add_nc_u32_e32 v96, 0x7fff, v35                          // 000000003BCC: 4AC046FF 00007FFF
	v_add_nc_u32_e32 v96, v95, v96                             // 000000003BD4: 4AC0C15F
	v_lshrrev_b32_e32 v96, 16, v96                             // 000000003BD8: 32C0C090
	v_lshlrev_b32_e32 v97, 11, v2                              // 000000003BDC: 30C2048B
	v_lshl_add_u32 v97, v4, 7, v97                             // 000000003BE0: D6460061 05850F04
	v_lshl_add_u32 v97, v3, 1, v97                             // 000000003BE8: D6460061 05850303
	ds_store_b16 v97, v96 offset:800                           // 000000003BF0: D87C0320 00006061
	v_sub_f32_e32 v92, v88, v81                                // 000000003BF8: 08B8A358
	v_cmp_le_f32_e32 vcc_lo, v92, v98                          // 000000003BFC: 7C26C55C
	v_cndmask_b32_e32 v92, 0xff800000, v92, vcc_lo             // 000000003C00: 02B8B8FF FF800000
	v_mul_f32_e32 v92, 0x3fb8aa3b, v92                         // 000000003C08: 10B8B8FF 3FB8AA3B
	v_exp_f32_e32 v92, v92                                     // 000000003C10: 7EB84B5C
	v_lshlrev_b32_e32 v93, 4, v2                               // 000000003C14: 30BA0484
	v_add_nc_u32_e32 v93, v4, v93                              // 000000003C18: 4ABABB04
	v_add_nc_u32_e32 v93, 8, v93                               // 000000003C1C: 4ABABA88
	v_add_nc_u32_e32 v93, s45, v93                             // 000000003C20: 4ABABA2D
	v_add_nc_u32_e32 v94, 16, v3                               // 000000003C24: 4ABC0690
	v_cmp_le_u32_e32 vcc_lo, v94, v93                          // 000000003C28: 7C96BB5E
	v_cndmask_b32_e32 v92, 0, v92, vcc_lo                      // 000000003C2C: 02B8B880
	v_mul_f32_e32 v36, v36, v92                                // 000000003C30: 1048B924
	v_lshrrev_b32_e32 v95, 16, v36                             // 000000003C34: 32BE4890
	v_and_b32_e32 v95, 1, v95                                  // 000000003C38: 36BEBE81
	v_add_nc_u32_e32 v96, 0x7fff, v36                          // 000000003C3C: 4AC048FF 00007FFF
	v_add_nc_u32_e32 v96, v95, v96                             // 000000003C44: 4AC0C15F
	v_lshrrev_b32_e32 v96, 16, v96                             // 000000003C48: 32C0C090
	v_lshlrev_b32_e32 v97, 11, v2                              // 000000003C4C: 30C2048B
	v_lshl_add_u32 v97, v4, 7, v97                             // 000000003C50: D6460061 05850F04
	v_lshl_add_u32 v97, v3, 1, v97                             // 000000003C58: D6460061 05850303
	ds_store_b16 v97, v96 offset:1056                          // 000000003C60: D87C0420 00006061
	v_sub_f32_e32 v92, v89, v81                                // 000000003C68: 08B8A359
	v_cmp_le_f32_e32 vcc_lo, v92, v98                          // 000000003C6C: 7C26C55C
	v_cndmask_b32_e32 v92, 0xff800000, v92, vcc_lo             // 000000003C70: 02B8B8FF FF800000
	v_mul_f32_e32 v92, 0x3fb8aa3b, v92                         // 000000003C78: 10B8B8FF 3FB8AA3B
	v_exp_f32_e32 v92, v92                                     // 000000003C80: 7EB84B5C
	v_lshlrev_b32_e32 v93, 4, v2                               // 000000003C84: 30BA0484
	v_add_nc_u32_e32 v93, v4, v93                              // 000000003C88: 4ABABB04
	v_add_nc_u32_e32 v93, 10, v93                              // 000000003C8C: 4ABABA8A
	v_add_nc_u32_e32 v93, s45, v93                             // 000000003C90: 4ABABA2D
	v_add_nc_u32_e32 v94, 16, v3                               // 000000003C94: 4ABC0690
	v_cmp_le_u32_e32 vcc_lo, v94, v93                          // 000000003C98: 7C96BB5E
	v_cndmask_b32_e32 v92, 0, v92, vcc_lo                      // 000000003C9C: 02B8B880
	v_mul_f32_e32 v37, v37, v92                                // 000000003CA0: 104AB925
	v_lshrrev_b32_e32 v95, 16, v37                             // 000000003CA4: 32BE4A90
	v_and_b32_e32 v95, 1, v95                                  // 000000003CA8: 36BEBE81
	v_add_nc_u32_e32 v96, 0x7fff, v37                          // 000000003CAC: 4AC04AFF 00007FFF
	v_add_nc_u32_e32 v96, v95, v96                             // 000000003CB4: 4AC0C15F
	v_lshrrev_b32_e32 v96, 16, v96                             // 000000003CB8: 32C0C090
	v_lshlrev_b32_e32 v97, 11, v2                              // 000000003CBC: 30C2048B
	v_lshl_add_u32 v97, v4, 7, v97                             // 000000003CC0: D6460061 05850F04
	v_lshl_add_u32 v97, v3, 1, v97                             // 000000003CC8: D6460061 05850303
	ds_store_b16 v97, v96 offset:1312                          // 000000003CD0: D87C0520 00006061
	v_sub_f32_e32 v92, v90, v81                                // 000000003CD8: 08B8A35A
	v_cmp_le_f32_e32 vcc_lo, v92, v98                          // 000000003CDC: 7C26C55C
	v_cndmask_b32_e32 v92, 0xff800000, v92, vcc_lo             // 000000003CE0: 02B8B8FF FF800000
	v_mul_f32_e32 v92, 0x3fb8aa3b, v92                         // 000000003CE8: 10B8B8FF 3FB8AA3B
	v_exp_f32_e32 v92, v92                                     // 000000003CF0: 7EB84B5C
	v_lshlrev_b32_e32 v93, 4, v2                               // 000000003CF4: 30BA0484
	v_add_nc_u32_e32 v93, v4, v93                              // 000000003CF8: 4ABABB04
	v_add_nc_u32_e32 v93, 12, v93                              // 000000003CFC: 4ABABA8C
	v_add_nc_u32_e32 v93, s45, v93                             // 000000003D00: 4ABABA2D
	v_add_nc_u32_e32 v94, 16, v3                               // 000000003D04: 4ABC0690
	v_cmp_le_u32_e32 vcc_lo, v94, v93                          // 000000003D08: 7C96BB5E
	v_cndmask_b32_e32 v92, 0, v92, vcc_lo                      // 000000003D0C: 02B8B880
	v_mul_f32_e32 v38, v38, v92                                // 000000003D10: 104CB926
	v_lshrrev_b32_e32 v95, 16, v38                             // 000000003D14: 32BE4C90
	v_and_b32_e32 v95, 1, v95                                  // 000000003D18: 36BEBE81
	v_add_nc_u32_e32 v96, 0x7fff, v38                          // 000000003D1C: 4AC04CFF 00007FFF
	v_add_nc_u32_e32 v96, v95, v96                             // 000000003D24: 4AC0C15F
	v_lshrrev_b32_e32 v96, 16, v96                             // 000000003D28: 32C0C090
	v_lshlrev_b32_e32 v97, 11, v2                              // 000000003D2C: 30C2048B
	v_lshl_add_u32 v97, v4, 7, v97                             // 000000003D30: D6460061 05850F04
	v_lshl_add_u32 v97, v3, 1, v97                             // 000000003D38: D6460061 05850303
	ds_store_b16 v97, v96 offset:1568                          // 000000003D40: D87C0620 00006061
	v_sub_f32_e32 v92, v91, v81                                // 000000003D48: 08B8A35B
	v_cmp_le_f32_e32 vcc_lo, v92, v98                          // 000000003D4C: 7C26C55C
	v_cndmask_b32_e32 v92, 0xff800000, v92, vcc_lo             // 000000003D50: 02B8B8FF FF800000
	v_mul_f32_e32 v92, 0x3fb8aa3b, v92                         // 000000003D58: 10B8B8FF 3FB8AA3B
	v_exp_f32_e32 v92, v92                                     // 000000003D60: 7EB84B5C
	v_lshlrev_b32_e32 v93, 4, v2                               // 000000003D64: 30BA0484
	v_add_nc_u32_e32 v93, v4, v93                              // 000000003D68: 4ABABB04
	v_add_nc_u32_e32 v93, 14, v93                              // 000000003D6C: 4ABABA8E
	v_add_nc_u32_e32 v93, s45, v93                             // 000000003D70: 4ABABA2D
	v_add_nc_u32_e32 v94, 16, v3                               // 000000003D74: 4ABC0690
	v_cmp_le_u32_e32 vcc_lo, v94, v93                          // 000000003D78: 7C96BB5E
	v_cndmask_b32_e32 v92, 0, v92, vcc_lo                      // 000000003D7C: 02B8B880
	v_mul_f32_e32 v39, v39, v92                                // 000000003D80: 104EB927
	v_lshrrev_b32_e32 v95, 16, v39                             // 000000003D84: 32BE4E90
	v_and_b32_e32 v95, 1, v95                                  // 000000003D88: 36BEBE81
	v_add_nc_u32_e32 v96, 0x7fff, v39                          // 000000003D8C: 4AC04EFF 00007FFF
	v_add_nc_u32_e32 v96, v95, v96                             // 000000003D94: 4AC0C15F
	v_lshrrev_b32_e32 v96, 16, v96                             // 000000003D98: 32C0C090
	v_lshlrev_b32_e32 v97, 11, v2                              // 000000003D9C: 30C2048B
	v_lshl_add_u32 v97, v4, 7, v97                             // 000000003DA0: D6460061 05850F04
	v_lshl_add_u32 v97, v3, 1, v97                             // 000000003DA8: D6460061 05850303
	ds_store_b16 v97, v96 offset:1824                          // 000000003DB0: D87C0720 00006061
	v_sub_f32_e32 v92, v84, v82                                // 000000003DB8: 08B8A554
	v_cmp_le_f32_e32 vcc_lo, v92, v98                          // 000000003DBC: 7C26C55C
	v_cndmask_b32_e32 v92, 0xff800000, v92, vcc_lo             // 000000003DC0: 02B8B8FF FF800000
	v_mul_f32_e32 v92, 0x3fb8aa3b, v92                         // 000000003DC8: 10B8B8FF 3FB8AA3B
	v_exp_f32_e32 v92, v92                                     // 000000003DD0: 7EB84B5C
	v_lshlrev_b32_e32 v93, 4, v2                               // 000000003DD4: 30BA0484
	v_add_nc_u32_e32 v93, v4, v93                              // 000000003DD8: 4ABABB04
	v_add_nc_u32_e32 v93, 0, v93                               // 000000003DDC: 4ABABA80
	v_add_nc_u32_e32 v93, s45, v93                             // 000000003DE0: 4ABABA2D
	v_add_nc_u32_e32 v94, 32, v3                               // 000000003DE4: 4ABC06A0
	v_cmp_le_u32_e32 vcc_lo, v94, v93                          // 000000003DE8: 7C96BB5E
	v_cndmask_b32_e32 v92, 0, v92, vcc_lo                      // 000000003DEC: 02B8B880
	v_mul_f32_e32 v40, v40, v92                                // 000000003DF0: 1050B928
	v_lshrrev_b32_e32 v95, 16, v40                             // 000000003DF4: 32BE5090
	v_and_b32_e32 v95, 1, v95                                  // 000000003DF8: 36BEBE81
	v_add_nc_u32_e32 v96, 0x7fff, v40                          // 000000003DFC: 4AC050FF 00007FFF
	v_add_nc_u32_e32 v96, v95, v96                             // 000000003E04: 4AC0C15F
	v_lshrrev_b32_e32 v96, 16, v96                             // 000000003E08: 32C0C090
	v_lshlrev_b32_e32 v97, 11, v2                              // 000000003E0C: 30C2048B
	v_lshl_add_u32 v97, v4, 7, v97                             // 000000003E10: D6460061 05850F04
	v_lshl_add_u32 v97, v3, 1, v97                             // 000000003E18: D6460061 05850303
	ds_store_b16 v97, v96 offset:64                            // 000000003E20: D87C0040 00006061
	v_sub_f32_e32 v92, v85, v82                                // 000000003E28: 08B8A555
	v_cmp_le_f32_e32 vcc_lo, v92, v98                          // 000000003E2C: 7C26C55C
	v_cndmask_b32_e32 v92, 0xff800000, v92, vcc_lo             // 000000003E30: 02B8B8FF FF800000
	v_mul_f32_e32 v92, 0x3fb8aa3b, v92                         // 000000003E38: 10B8B8FF 3FB8AA3B
	v_exp_f32_e32 v92, v92                                     // 000000003E40: 7EB84B5C
	v_lshlrev_b32_e32 v93, 4, v2                               // 000000003E44: 30BA0484
	v_add_nc_u32_e32 v93, v4, v93                              // 000000003E48: 4ABABB04
	v_add_nc_u32_e32 v93, 2, v93                               // 000000003E4C: 4ABABA82
	v_add_nc_u32_e32 v93, s45, v93                             // 000000003E50: 4ABABA2D
	v_add_nc_u32_e32 v94, 32, v3                               // 000000003E54: 4ABC06A0
	v_cmp_le_u32_e32 vcc_lo, v94, v93                          // 000000003E58: 7C96BB5E
	v_cndmask_b32_e32 v92, 0, v92, vcc_lo                      // 000000003E5C: 02B8B880
	v_mul_f32_e32 v41, v41, v92                                // 000000003E60: 1052B929
	v_lshrrev_b32_e32 v95, 16, v41                             // 000000003E64: 32BE5290
	v_and_b32_e32 v95, 1, v95                                  // 000000003E68: 36BEBE81
	v_add_nc_u32_e32 v96, 0x7fff, v41                          // 000000003E6C: 4AC052FF 00007FFF
	v_add_nc_u32_e32 v96, v95, v96                             // 000000003E74: 4AC0C15F
	v_lshrrev_b32_e32 v96, 16, v96                             // 000000003E78: 32C0C090
	v_lshlrev_b32_e32 v97, 11, v2                              // 000000003E7C: 30C2048B
	v_lshl_add_u32 v97, v4, 7, v97                             // 000000003E80: D6460061 05850F04
	v_lshl_add_u32 v97, v3, 1, v97                             // 000000003E88: D6460061 05850303
	ds_store_b16 v97, v96 offset:320                           // 000000003E90: D87C0140 00006061
	v_sub_f32_e32 v92, v86, v82                                // 000000003E98: 08B8A556
	v_cmp_le_f32_e32 vcc_lo, v92, v98                          // 000000003E9C: 7C26C55C
	v_cndmask_b32_e32 v92, 0xff800000, v92, vcc_lo             // 000000003EA0: 02B8B8FF FF800000
	v_mul_f32_e32 v92, 0x3fb8aa3b, v92                         // 000000003EA8: 10B8B8FF 3FB8AA3B
	v_exp_f32_e32 v92, v92                                     // 000000003EB0: 7EB84B5C
	v_lshlrev_b32_e32 v93, 4, v2                               // 000000003EB4: 30BA0484
	v_add_nc_u32_e32 v93, v4, v93                              // 000000003EB8: 4ABABB04
	v_add_nc_u32_e32 v93, 4, v93                               // 000000003EBC: 4ABABA84
	v_add_nc_u32_e32 v93, s45, v93                             // 000000003EC0: 4ABABA2D
	v_add_nc_u32_e32 v94, 32, v3                               // 000000003EC4: 4ABC06A0
	v_cmp_le_u32_e32 vcc_lo, v94, v93                          // 000000003EC8: 7C96BB5E
	v_cndmask_b32_e32 v92, 0, v92, vcc_lo                      // 000000003ECC: 02B8B880
	v_mul_f32_e32 v42, v42, v92                                // 000000003ED0: 1054B92A
	v_lshrrev_b32_e32 v95, 16, v42                             // 000000003ED4: 32BE5490
	v_and_b32_e32 v95, 1, v95                                  // 000000003ED8: 36BEBE81
	v_add_nc_u32_e32 v96, 0x7fff, v42                          // 000000003EDC: 4AC054FF 00007FFF
	v_add_nc_u32_e32 v96, v95, v96                             // 000000003EE4: 4AC0C15F
	v_lshrrev_b32_e32 v96, 16, v96                             // 000000003EE8: 32C0C090
	v_lshlrev_b32_e32 v97, 11, v2                              // 000000003EEC: 30C2048B
	v_lshl_add_u32 v97, v4, 7, v97                             // 000000003EF0: D6460061 05850F04
	v_lshl_add_u32 v97, v3, 1, v97                             // 000000003EF8: D6460061 05850303
	ds_store_b16 v97, v96 offset:576                           // 000000003F00: D87C0240 00006061
	v_sub_f32_e32 v92, v87, v82                                // 000000003F08: 08B8A557
	v_cmp_le_f32_e32 vcc_lo, v92, v98                          // 000000003F0C: 7C26C55C
	v_cndmask_b32_e32 v92, 0xff800000, v92, vcc_lo             // 000000003F10: 02B8B8FF FF800000
	v_mul_f32_e32 v92, 0x3fb8aa3b, v92                         // 000000003F18: 10B8B8FF 3FB8AA3B
	v_exp_f32_e32 v92, v92                                     // 000000003F20: 7EB84B5C
	v_lshlrev_b32_e32 v93, 4, v2                               // 000000003F24: 30BA0484
	v_add_nc_u32_e32 v93, v4, v93                              // 000000003F28: 4ABABB04
	v_add_nc_u32_e32 v93, 6, v93                               // 000000003F2C: 4ABABA86
	v_add_nc_u32_e32 v93, s45, v93                             // 000000003F30: 4ABABA2D
	v_add_nc_u32_e32 v94, 32, v3                               // 000000003F34: 4ABC06A0
	v_cmp_le_u32_e32 vcc_lo, v94, v93                          // 000000003F38: 7C96BB5E
	v_cndmask_b32_e32 v92, 0, v92, vcc_lo                      // 000000003F3C: 02B8B880
	v_mul_f32_e32 v43, v43, v92                                // 000000003F40: 1056B92B
	v_lshrrev_b32_e32 v95, 16, v43                             // 000000003F44: 32BE5690
	v_and_b32_e32 v95, 1, v95                                  // 000000003F48: 36BEBE81
	v_add_nc_u32_e32 v96, 0x7fff, v43                          // 000000003F4C: 4AC056FF 00007FFF
	v_add_nc_u32_e32 v96, v95, v96                             // 000000003F54: 4AC0C15F
	v_lshrrev_b32_e32 v96, 16, v96                             // 000000003F58: 32C0C090
	v_lshlrev_b32_e32 v97, 11, v2                              // 000000003F5C: 30C2048B
	v_lshl_add_u32 v97, v4, 7, v97                             // 000000003F60: D6460061 05850F04
	v_lshl_add_u32 v97, v3, 1, v97                             // 000000003F68: D6460061 05850303
	ds_store_b16 v97, v96 offset:832                           // 000000003F70: D87C0340 00006061
	v_sub_f32_e32 v92, v88, v82                                // 000000003F78: 08B8A558
	v_cmp_le_f32_e32 vcc_lo, v92, v98                          // 000000003F7C: 7C26C55C
	v_cndmask_b32_e32 v92, 0xff800000, v92, vcc_lo             // 000000003F80: 02B8B8FF FF800000
	v_mul_f32_e32 v92, 0x3fb8aa3b, v92                         // 000000003F88: 10B8B8FF 3FB8AA3B
	v_exp_f32_e32 v92, v92                                     // 000000003F90: 7EB84B5C
	v_lshlrev_b32_e32 v93, 4, v2                               // 000000003F94: 30BA0484
	v_add_nc_u32_e32 v93, v4, v93                              // 000000003F98: 4ABABB04
	v_add_nc_u32_e32 v93, 8, v93                               // 000000003F9C: 4ABABA88
	v_add_nc_u32_e32 v93, s45, v93                             // 000000003FA0: 4ABABA2D
	v_add_nc_u32_e32 v94, 32, v3                               // 000000003FA4: 4ABC06A0
	v_cmp_le_u32_e32 vcc_lo, v94, v93                          // 000000003FA8: 7C96BB5E
	v_cndmask_b32_e32 v92, 0, v92, vcc_lo                      // 000000003FAC: 02B8B880
	v_mul_f32_e32 v44, v44, v92                                // 000000003FB0: 1058B92C
	v_lshrrev_b32_e32 v95, 16, v44                             // 000000003FB4: 32BE5890
	v_and_b32_e32 v95, 1, v95                                  // 000000003FB8: 36BEBE81
	v_add_nc_u32_e32 v96, 0x7fff, v44                          // 000000003FBC: 4AC058FF 00007FFF
	v_add_nc_u32_e32 v96, v95, v96                             // 000000003FC4: 4AC0C15F
	v_lshrrev_b32_e32 v96, 16, v96                             // 000000003FC8: 32C0C090
	v_lshlrev_b32_e32 v97, 11, v2                              // 000000003FCC: 30C2048B
	v_lshl_add_u32 v97, v4, 7, v97                             // 000000003FD0: D6460061 05850F04
	v_lshl_add_u32 v97, v3, 1, v97                             // 000000003FD8: D6460061 05850303
	ds_store_b16 v97, v96 offset:1088                          // 000000003FE0: D87C0440 00006061
	v_sub_f32_e32 v92, v89, v82                                // 000000003FE8: 08B8A559
	v_cmp_le_f32_e32 vcc_lo, v92, v98                          // 000000003FEC: 7C26C55C
	v_cndmask_b32_e32 v92, 0xff800000, v92, vcc_lo             // 000000003FF0: 02B8B8FF FF800000
	v_mul_f32_e32 v92, 0x3fb8aa3b, v92                         // 000000003FF8: 10B8B8FF 3FB8AA3B
	v_exp_f32_e32 v92, v92                                     // 000000004000: 7EB84B5C
	v_lshlrev_b32_e32 v93, 4, v2                               // 000000004004: 30BA0484
	v_add_nc_u32_e32 v93, v4, v93                              // 000000004008: 4ABABB04
	v_add_nc_u32_e32 v93, 10, v93                              // 00000000400C: 4ABABA8A
	v_add_nc_u32_e32 v93, s45, v93                             // 000000004010: 4ABABA2D
	v_add_nc_u32_e32 v94, 32, v3                               // 000000004014: 4ABC06A0
	v_cmp_le_u32_e32 vcc_lo, v94, v93                          // 000000004018: 7C96BB5E
	v_cndmask_b32_e32 v92, 0, v92, vcc_lo                      // 00000000401C: 02B8B880
	v_mul_f32_e32 v45, v45, v92                                // 000000004020: 105AB92D
	v_lshrrev_b32_e32 v95, 16, v45                             // 000000004024: 32BE5A90
	v_and_b32_e32 v95, 1, v95                                  // 000000004028: 36BEBE81
	v_add_nc_u32_e32 v96, 0x7fff, v45                          // 00000000402C: 4AC05AFF 00007FFF
	v_add_nc_u32_e32 v96, v95, v96                             // 000000004034: 4AC0C15F
	v_lshrrev_b32_e32 v96, 16, v96                             // 000000004038: 32C0C090
	v_lshlrev_b32_e32 v97, 11, v2                              // 00000000403C: 30C2048B
	v_lshl_add_u32 v97, v4, 7, v97                             // 000000004040: D6460061 05850F04
	v_lshl_add_u32 v97, v3, 1, v97                             // 000000004048: D6460061 05850303
	ds_store_b16 v97, v96 offset:1344                          // 000000004050: D87C0540 00006061
	v_sub_f32_e32 v92, v90, v82                                // 000000004058: 08B8A55A
	v_cmp_le_f32_e32 vcc_lo, v92, v98                          // 00000000405C: 7C26C55C
	v_cndmask_b32_e32 v92, 0xff800000, v92, vcc_lo             // 000000004060: 02B8B8FF FF800000
	v_mul_f32_e32 v92, 0x3fb8aa3b, v92                         // 000000004068: 10B8B8FF 3FB8AA3B
	v_exp_f32_e32 v92, v92                                     // 000000004070: 7EB84B5C
	v_lshlrev_b32_e32 v93, 4, v2                               // 000000004074: 30BA0484
	v_add_nc_u32_e32 v93, v4, v93                              // 000000004078: 4ABABB04
	v_add_nc_u32_e32 v93, 12, v93                              // 00000000407C: 4ABABA8C
	v_add_nc_u32_e32 v93, s45, v93                             // 000000004080: 4ABABA2D
	v_add_nc_u32_e32 v94, 32, v3                               // 000000004084: 4ABC06A0
	v_cmp_le_u32_e32 vcc_lo, v94, v93                          // 000000004088: 7C96BB5E
	v_cndmask_b32_e32 v92, 0, v92, vcc_lo                      // 00000000408C: 02B8B880
	v_mul_f32_e32 v46, v46, v92                                // 000000004090: 105CB92E
	v_lshrrev_b32_e32 v95, 16, v46                             // 000000004094: 32BE5C90
	v_and_b32_e32 v95, 1, v95                                  // 000000004098: 36BEBE81
	v_add_nc_u32_e32 v96, 0x7fff, v46                          // 00000000409C: 4AC05CFF 00007FFF
	v_add_nc_u32_e32 v96, v95, v96                             // 0000000040A4: 4AC0C15F
	v_lshrrev_b32_e32 v96, 16, v96                             // 0000000040A8: 32C0C090
	v_lshlrev_b32_e32 v97, 11, v2                              // 0000000040AC: 30C2048B
	v_lshl_add_u32 v97, v4, 7, v97                             // 0000000040B0: D6460061 05850F04
	v_lshl_add_u32 v97, v3, 1, v97                             // 0000000040B8: D6460061 05850303
	ds_store_b16 v97, v96 offset:1600                          // 0000000040C0: D87C0640 00006061
	v_sub_f32_e32 v92, v91, v82                                // 0000000040C8: 08B8A55B
	v_cmp_le_f32_e32 vcc_lo, v92, v98                          // 0000000040CC: 7C26C55C
	v_cndmask_b32_e32 v92, 0xff800000, v92, vcc_lo             // 0000000040D0: 02B8B8FF FF800000
	v_mul_f32_e32 v92, 0x3fb8aa3b, v92                         // 0000000040D8: 10B8B8FF 3FB8AA3B
	v_exp_f32_e32 v92, v92                                     // 0000000040E0: 7EB84B5C
	v_lshlrev_b32_e32 v93, 4, v2                               // 0000000040E4: 30BA0484
	v_add_nc_u32_e32 v93, v4, v93                              // 0000000040E8: 4ABABB04
	v_add_nc_u32_e32 v93, 14, v93                              // 0000000040EC: 4ABABA8E
	v_add_nc_u32_e32 v93, s45, v93                             // 0000000040F0: 4ABABA2D
	v_add_nc_u32_e32 v94, 32, v3                               // 0000000040F4: 4ABC06A0
	v_cmp_le_u32_e32 vcc_lo, v94, v93                          // 0000000040F8: 7C96BB5E
	v_cndmask_b32_e32 v92, 0, v92, vcc_lo                      // 0000000040FC: 02B8B880
	v_mul_f32_e32 v47, v47, v92                                // 000000004100: 105EB92F
	v_lshrrev_b32_e32 v95, 16, v47                             // 000000004104: 32BE5E90
	v_and_b32_e32 v95, 1, v95                                  // 000000004108: 36BEBE81
	v_add_nc_u32_e32 v96, 0x7fff, v47                          // 00000000410C: 4AC05EFF 00007FFF
	v_add_nc_u32_e32 v96, v95, v96                             // 000000004114: 4AC0C15F
	v_lshrrev_b32_e32 v96, 16, v96                             // 000000004118: 32C0C090
	v_lshlrev_b32_e32 v97, 11, v2                              // 00000000411C: 30C2048B
	v_lshl_add_u32 v97, v4, 7, v97                             // 000000004120: D6460061 05850F04
	v_lshl_add_u32 v97, v3, 1, v97                             // 000000004128: D6460061 05850303
	ds_store_b16 v97, v96 offset:1856                          // 000000004130: D87C0740 00006061
	v_sub_f32_e32 v92, v84, v83                                // 000000004138: 08B8A754
	v_cmp_le_f32_e32 vcc_lo, v92, v98                          // 00000000413C: 7C26C55C
	v_cndmask_b32_e32 v92, 0xff800000, v92, vcc_lo             // 000000004140: 02B8B8FF FF800000
	v_mul_f32_e32 v92, 0x3fb8aa3b, v92                         // 000000004148: 10B8B8FF 3FB8AA3B
	v_exp_f32_e32 v92, v92                                     // 000000004150: 7EB84B5C
	v_lshlrev_b32_e32 v93, 4, v2                               // 000000004154: 30BA0484
	v_add_nc_u32_e32 v93, v4, v93                              // 000000004158: 4ABABB04
	v_add_nc_u32_e32 v93, 0, v93                               // 00000000415C: 4ABABA80
	v_add_nc_u32_e32 v93, s45, v93                             // 000000004160: 4ABABA2D
	v_add_nc_u32_e32 v94, 48, v3                               // 000000004164: 4ABC06B0
	v_cmp_le_u32_e32 vcc_lo, v94, v93                          // 000000004168: 7C96BB5E
	v_cndmask_b32_e32 v92, 0, v92, vcc_lo                      // 00000000416C: 02B8B880
	v_mul_f32_e32 v48, v48, v92                                // 000000004170: 1060B930
	v_lshrrev_b32_e32 v95, 16, v48                             // 000000004174: 32BE6090
	v_and_b32_e32 v95, 1, v95                                  // 000000004178: 36BEBE81
	v_add_nc_u32_e32 v96, 0x7fff, v48                          // 00000000417C: 4AC060FF 00007FFF
	v_add_nc_u32_e32 v96, v95, v96                             // 000000004184: 4AC0C15F
	v_lshrrev_b32_e32 v96, 16, v96                             // 000000004188: 32C0C090
	v_lshlrev_b32_e32 v97, 11, v2                              // 00000000418C: 30C2048B
	v_lshl_add_u32 v97, v4, 7, v97                             // 000000004190: D6460061 05850F04
	v_lshl_add_u32 v97, v3, 1, v97                             // 000000004198: D6460061 05850303
	ds_store_b16 v97, v96 offset:96                            // 0000000041A0: D87C0060 00006061
	v_sub_f32_e32 v92, v85, v83                                // 0000000041A8: 08B8A755
	v_cmp_le_f32_e32 vcc_lo, v92, v98                          // 0000000041AC: 7C26C55C
	v_cndmask_b32_e32 v92, 0xff800000, v92, vcc_lo             // 0000000041B0: 02B8B8FF FF800000
	v_mul_f32_e32 v92, 0x3fb8aa3b, v92                         // 0000000041B8: 10B8B8FF 3FB8AA3B
	v_exp_f32_e32 v92, v92                                     // 0000000041C0: 7EB84B5C
	v_lshlrev_b32_e32 v93, 4, v2                               // 0000000041C4: 30BA0484
	v_add_nc_u32_e32 v93, v4, v93                              // 0000000041C8: 4ABABB04
	v_add_nc_u32_e32 v93, 2, v93                               // 0000000041CC: 4ABABA82
	v_add_nc_u32_e32 v93, s45, v93                             // 0000000041D0: 4ABABA2D
	v_add_nc_u32_e32 v94, 48, v3                               // 0000000041D4: 4ABC06B0
	v_cmp_le_u32_e32 vcc_lo, v94, v93                          // 0000000041D8: 7C96BB5E
	v_cndmask_b32_e32 v92, 0, v92, vcc_lo                      // 0000000041DC: 02B8B880
	v_mul_f32_e32 v49, v49, v92                                // 0000000041E0: 1062B931
	v_lshrrev_b32_e32 v95, 16, v49                             // 0000000041E4: 32BE6290
	v_and_b32_e32 v95, 1, v95                                  // 0000000041E8: 36BEBE81
	v_add_nc_u32_e32 v96, 0x7fff, v49                          // 0000000041EC: 4AC062FF 00007FFF
	v_add_nc_u32_e32 v96, v95, v96                             // 0000000041F4: 4AC0C15F
	v_lshrrev_b32_e32 v96, 16, v96                             // 0000000041F8: 32C0C090
	v_lshlrev_b32_e32 v97, 11, v2                              // 0000000041FC: 30C2048B
	v_lshl_add_u32 v97, v4, 7, v97                             // 000000004200: D6460061 05850F04
	v_lshl_add_u32 v97, v3, 1, v97                             // 000000004208: D6460061 05850303
	ds_store_b16 v97, v96 offset:352                           // 000000004210: D87C0160 00006061
	v_sub_f32_e32 v92, v86, v83                                // 000000004218: 08B8A756
	v_cmp_le_f32_e32 vcc_lo, v92, v98                          // 00000000421C: 7C26C55C
	v_cndmask_b32_e32 v92, 0xff800000, v92, vcc_lo             // 000000004220: 02B8B8FF FF800000
	v_mul_f32_e32 v92, 0x3fb8aa3b, v92                         // 000000004228: 10B8B8FF 3FB8AA3B
	v_exp_f32_e32 v92, v92                                     // 000000004230: 7EB84B5C
	v_lshlrev_b32_e32 v93, 4, v2                               // 000000004234: 30BA0484
	v_add_nc_u32_e32 v93, v4, v93                              // 000000004238: 4ABABB04
	v_add_nc_u32_e32 v93, 4, v93                               // 00000000423C: 4ABABA84
	v_add_nc_u32_e32 v93, s45, v93                             // 000000004240: 4ABABA2D
	v_add_nc_u32_e32 v94, 48, v3                               // 000000004244: 4ABC06B0
	v_cmp_le_u32_e32 vcc_lo, v94, v93                          // 000000004248: 7C96BB5E
	v_cndmask_b32_e32 v92, 0, v92, vcc_lo                      // 00000000424C: 02B8B880
	v_mul_f32_e32 v50, v50, v92                                // 000000004250: 1064B932
	v_lshrrev_b32_e32 v95, 16, v50                             // 000000004254: 32BE6490
	v_and_b32_e32 v95, 1, v95                                  // 000000004258: 36BEBE81
	v_add_nc_u32_e32 v96, 0x7fff, v50                          // 00000000425C: 4AC064FF 00007FFF
	v_add_nc_u32_e32 v96, v95, v96                             // 000000004264: 4AC0C15F
	v_lshrrev_b32_e32 v96, 16, v96                             // 000000004268: 32C0C090
	v_lshlrev_b32_e32 v97, 11, v2                              // 00000000426C: 30C2048B
	v_lshl_add_u32 v97, v4, 7, v97                             // 000000004270: D6460061 05850F04
	v_lshl_add_u32 v97, v3, 1, v97                             // 000000004278: D6460061 05850303
	ds_store_b16 v97, v96 offset:608                           // 000000004280: D87C0260 00006061
	v_sub_f32_e32 v92, v87, v83                                // 000000004288: 08B8A757
	v_cmp_le_f32_e32 vcc_lo, v92, v98                          // 00000000428C: 7C26C55C
	v_cndmask_b32_e32 v92, 0xff800000, v92, vcc_lo             // 000000004290: 02B8B8FF FF800000
	v_mul_f32_e32 v92, 0x3fb8aa3b, v92                         // 000000004298: 10B8B8FF 3FB8AA3B
	v_exp_f32_e32 v92, v92                                     // 0000000042A0: 7EB84B5C
	v_lshlrev_b32_e32 v93, 4, v2                               // 0000000042A4: 30BA0484
	v_add_nc_u32_e32 v93, v4, v93                              // 0000000042A8: 4ABABB04
	v_add_nc_u32_e32 v93, 6, v93                               // 0000000042AC: 4ABABA86
	v_add_nc_u32_e32 v93, s45, v93                             // 0000000042B0: 4ABABA2D
	v_add_nc_u32_e32 v94, 48, v3                               // 0000000042B4: 4ABC06B0
	v_cmp_le_u32_e32 vcc_lo, v94, v93                          // 0000000042B8: 7C96BB5E
	v_cndmask_b32_e32 v92, 0, v92, vcc_lo                      // 0000000042BC: 02B8B880
	v_mul_f32_e32 v51, v51, v92                                // 0000000042C0: 1066B933
	v_lshrrev_b32_e32 v95, 16, v51                             // 0000000042C4: 32BE6690
	v_and_b32_e32 v95, 1, v95                                  // 0000000042C8: 36BEBE81
	v_add_nc_u32_e32 v96, 0x7fff, v51                          // 0000000042CC: 4AC066FF 00007FFF
	v_add_nc_u32_e32 v96, v95, v96                             // 0000000042D4: 4AC0C15F
	v_lshrrev_b32_e32 v96, 16, v96                             // 0000000042D8: 32C0C090
	v_lshlrev_b32_e32 v97, 11, v2                              // 0000000042DC: 30C2048B
	v_lshl_add_u32 v97, v4, 7, v97                             // 0000000042E0: D6460061 05850F04
	v_lshl_add_u32 v97, v3, 1, v97                             // 0000000042E8: D6460061 05850303
	ds_store_b16 v97, v96 offset:864                           // 0000000042F0: D87C0360 00006061
	v_sub_f32_e32 v92, v88, v83                                // 0000000042F8: 08B8A758
	v_cmp_le_f32_e32 vcc_lo, v92, v98                          // 0000000042FC: 7C26C55C
	v_cndmask_b32_e32 v92, 0xff800000, v92, vcc_lo             // 000000004300: 02B8B8FF FF800000
	v_mul_f32_e32 v92, 0x3fb8aa3b, v92                         // 000000004308: 10B8B8FF 3FB8AA3B
	v_exp_f32_e32 v92, v92                                     // 000000004310: 7EB84B5C
	v_lshlrev_b32_e32 v93, 4, v2                               // 000000004314: 30BA0484
	v_add_nc_u32_e32 v93, v4, v93                              // 000000004318: 4ABABB04
	v_add_nc_u32_e32 v93, 8, v93                               // 00000000431C: 4ABABA88
	v_add_nc_u32_e32 v93, s45, v93                             // 000000004320: 4ABABA2D
	v_add_nc_u32_e32 v94, 48, v3                               // 000000004324: 4ABC06B0
	v_cmp_le_u32_e32 vcc_lo, v94, v93                          // 000000004328: 7C96BB5E
	v_cndmask_b32_e32 v92, 0, v92, vcc_lo                      // 00000000432C: 02B8B880
	v_mul_f32_e32 v52, v52, v92                                // 000000004330: 1068B934
	v_lshrrev_b32_e32 v95, 16, v52                             // 000000004334: 32BE6890
	v_and_b32_e32 v95, 1, v95                                  // 000000004338: 36BEBE81
	v_add_nc_u32_e32 v96, 0x7fff, v52                          // 00000000433C: 4AC068FF 00007FFF
	v_add_nc_u32_e32 v96, v95, v96                             // 000000004344: 4AC0C15F
	v_lshrrev_b32_e32 v96, 16, v96                             // 000000004348: 32C0C090
	v_lshlrev_b32_e32 v97, 11, v2                              // 00000000434C: 30C2048B
	v_lshl_add_u32 v97, v4, 7, v97                             // 000000004350: D6460061 05850F04
	v_lshl_add_u32 v97, v3, 1, v97                             // 000000004358: D6460061 05850303
	ds_store_b16 v97, v96 offset:1120                          // 000000004360: D87C0460 00006061
	v_sub_f32_e32 v92, v89, v83                                // 000000004368: 08B8A759
	v_cmp_le_f32_e32 vcc_lo, v92, v98                          // 00000000436C: 7C26C55C
	v_cndmask_b32_e32 v92, 0xff800000, v92, vcc_lo             // 000000004370: 02B8B8FF FF800000
	v_mul_f32_e32 v92, 0x3fb8aa3b, v92                         // 000000004378: 10B8B8FF 3FB8AA3B
	v_exp_f32_e32 v92, v92                                     // 000000004380: 7EB84B5C
	v_lshlrev_b32_e32 v93, 4, v2                               // 000000004384: 30BA0484
	v_add_nc_u32_e32 v93, v4, v93                              // 000000004388: 4ABABB04
	v_add_nc_u32_e32 v93, 10, v93                              // 00000000438C: 4ABABA8A
	v_add_nc_u32_e32 v93, s45, v93                             // 000000004390: 4ABABA2D
	v_add_nc_u32_e32 v94, 48, v3                               // 000000004394: 4ABC06B0
	v_cmp_le_u32_e32 vcc_lo, v94, v93                          // 000000004398: 7C96BB5E
	v_cndmask_b32_e32 v92, 0, v92, vcc_lo                      // 00000000439C: 02B8B880
	v_mul_f32_e32 v53, v53, v92                                // 0000000043A0: 106AB935
	v_lshrrev_b32_e32 v95, 16, v53                             // 0000000043A4: 32BE6A90
	v_and_b32_e32 v95, 1, v95                                  // 0000000043A8: 36BEBE81
	v_add_nc_u32_e32 v96, 0x7fff, v53                          // 0000000043AC: 4AC06AFF 00007FFF
	v_add_nc_u32_e32 v96, v95, v96                             // 0000000043B4: 4AC0C15F
	v_lshrrev_b32_e32 v96, 16, v96                             // 0000000043B8: 32C0C090
	v_lshlrev_b32_e32 v97, 11, v2                              // 0000000043BC: 30C2048B
	v_lshl_add_u32 v97, v4, 7, v97                             // 0000000043C0: D6460061 05850F04
	v_lshl_add_u32 v97, v3, 1, v97                             // 0000000043C8: D6460061 05850303
	ds_store_b16 v97, v96 offset:1376                          // 0000000043D0: D87C0560 00006061
	v_sub_f32_e32 v92, v90, v83                                // 0000000043D8: 08B8A75A
	v_cmp_le_f32_e32 vcc_lo, v92, v98                          // 0000000043DC: 7C26C55C
	v_cndmask_b32_e32 v92, 0xff800000, v92, vcc_lo             // 0000000043E0: 02B8B8FF FF800000
	v_mul_f32_e32 v92, 0x3fb8aa3b, v92                         // 0000000043E8: 10B8B8FF 3FB8AA3B
	v_exp_f32_e32 v92, v92                                     // 0000000043F0: 7EB84B5C
	v_lshlrev_b32_e32 v93, 4, v2                               // 0000000043F4: 30BA0484
	v_add_nc_u32_e32 v93, v4, v93                              // 0000000043F8: 4ABABB04
	v_add_nc_u32_e32 v93, 12, v93                              // 0000000043FC: 4ABABA8C
	v_add_nc_u32_e32 v93, s45, v93                             // 000000004400: 4ABABA2D
	v_add_nc_u32_e32 v94, 48, v3                               // 000000004404: 4ABC06B0
	v_cmp_le_u32_e32 vcc_lo, v94, v93                          // 000000004408: 7C96BB5E
	v_cndmask_b32_e32 v92, 0, v92, vcc_lo                      // 00000000440C: 02B8B880
	v_mul_f32_e32 v54, v54, v92                                // 000000004410: 106CB936
	v_lshrrev_b32_e32 v95, 16, v54                             // 000000004414: 32BE6C90
	v_and_b32_e32 v95, 1, v95                                  // 000000004418: 36BEBE81
	v_add_nc_u32_e32 v96, 0x7fff, v54                          // 00000000441C: 4AC06CFF 00007FFF
	v_add_nc_u32_e32 v96, v95, v96                             // 000000004424: 4AC0C15F
	v_lshrrev_b32_e32 v96, 16, v96                             // 000000004428: 32C0C090
	v_lshlrev_b32_e32 v97, 11, v2                              // 00000000442C: 30C2048B
	v_lshl_add_u32 v97, v4, 7, v97                             // 000000004430: D6460061 05850F04
	v_lshl_add_u32 v97, v3, 1, v97                             // 000000004438: D6460061 05850303
	ds_store_b16 v97, v96 offset:1632                          // 000000004440: D87C0660 00006061
	v_sub_f32_e32 v92, v91, v83                                // 000000004448: 08B8A75B
	v_cmp_le_f32_e32 vcc_lo, v92, v98                          // 00000000444C: 7C26C55C
	v_cndmask_b32_e32 v92, 0xff800000, v92, vcc_lo             // 000000004450: 02B8B8FF FF800000
	v_mul_f32_e32 v92, 0x3fb8aa3b, v92                         // 000000004458: 10B8B8FF 3FB8AA3B
	v_exp_f32_e32 v92, v92                                     // 000000004460: 7EB84B5C
	v_lshlrev_b32_e32 v93, 4, v2                               // 000000004464: 30BA0484
	v_add_nc_u32_e32 v93, v4, v93                              // 000000004468: 4ABABB04
	v_add_nc_u32_e32 v93, 14, v93                              // 00000000446C: 4ABABA8E
	v_add_nc_u32_e32 v93, s45, v93                             // 000000004470: 4ABABA2D
	v_add_nc_u32_e32 v94, 48, v3                               // 000000004474: 4ABC06B0
	v_cmp_le_u32_e32 vcc_lo, v94, v93                          // 000000004478: 7C96BB5E
	v_cndmask_b32_e32 v92, 0, v92, vcc_lo                      // 00000000447C: 02B8B880
	v_mul_f32_e32 v55, v55, v92                                // 000000004480: 106EB937
	v_lshrrev_b32_e32 v95, 16, v55                             // 000000004484: 32BE6E90
	v_and_b32_e32 v95, 1, v95                                  // 000000004488: 36BEBE81
	v_add_nc_u32_e32 v96, 0x7fff, v55                          // 00000000448C: 4AC06EFF 00007FFF
	v_add_nc_u32_e32 v96, v95, v96                             // 000000004494: 4AC0C15F
	v_lshrrev_b32_e32 v96, 16, v96                             // 000000004498: 32C0C090
	v_lshlrev_b32_e32 v97, 11, v2                              // 00000000449C: 30C2048B
	v_lshl_add_u32 v97, v4, 7, v97                             // 0000000044A0: D6460061 05850F04
	v_lshl_add_u32 v97, v3, 1, v97                             // 0000000044A8: D6460061 05850303
	ds_store_b16 v97, v96 offset:1888                          // 0000000044B0: D87C0760 00006061
	s_waitcnt lgkmcnt(0)                                       // 0000000044B8: BF89FC07
	s_barrier                                                  // 0000000044BC: BFBD0000
	v_and_b32_e32 v200, 3, v0                                  // 0000000044C0: 37900083
	v_lshrrev_b32_e32 v201, 2, v0                              // 0000000044C4: 33920082
	v_add_nc_u32_e32 v202, 0, v201                             // 0000000044C8: 4B959280
	v_add_nc_u32_e32 v203, s31, v202                           // 0000000044CC: 4B97941F
	v_lshlrev_b32_e32 v204, 13, v203                           // 0000000044D0: 3199968D
	v_lshl_add_u32 v204, s26, 8, v204                          // 0000000044D4: D64600CC 0731101A
	v_lshl_add_u32 v204, s2, 6, v204                           // 0000000044DC: D64600CC 07310C02
	v_lshl_add_u32 v204, v200, 4, v204                         // 0000000044E4: D64600CC 073109C8
	global_load_b128 v[208:211], v204, s[12:13]                // 0000000044EC: DC5E0000 D00C00CC
	s_waitcnt vmcnt(0)                                         // 0000000044F4: BF8903F7
	v_lshlrev_b32_e32 v205, 6, v202                            // 0000000044F8: 319B9486
	v_lshl_add_u32 v205, v200, 4, v205                         // 0000000044FC: D64600CD 073509C8
	v_add_nc_u32_e32 v205, 0x2000, v205                        // 000000004504: 4B9B9AFF 00002000
	ds_store_b128 v205, v[208:211]                             // 00000000450C: DB7C0000 0000D0CD
	v_add_nc_u32_e32 v202, 16, v201                            // 000000004514: 4B959290
	v_add_nc_u32_e32 v203, s31, v202                           // 000000004518: 4B97941F
	v_lshlrev_b32_e32 v204, 13, v203                           // 00000000451C: 3199968D
	v_lshl_add_u32 v204, s26, 8, v204                          // 000000004520: D64600CC 0731101A
	v_lshl_add_u32 v204, s2, 6, v204                           // 000000004528: D64600CC 07310C02
	v_lshl_add_u32 v204, v200, 4, v204                         // 000000004530: D64600CC 073109C8
	global_load_b128 v[208:211], v204, s[12:13]                // 000000004538: DC5E0000 D00C00CC
	s_waitcnt vmcnt(0)                                         // 000000004540: BF8903F7
	v_lshlrev_b32_e32 v205, 6, v202                            // 000000004544: 319B9486
	v_lshl_add_u32 v205, v200, 4, v205                         // 000000004548: D64600CD 073509C8
	v_add_nc_u32_e32 v205, 0x2000, v205                        // 000000004550: 4B9B9AFF 00002000
	ds_store_b128 v205, v[208:211]                             // 000000004558: DB7C0000 0000D0CD
	v_add_nc_u32_e32 v202, 32, v201                            // 000000004560: 4B9592A0
	v_add_nc_u32_e32 v203, s31, v202                           // 000000004564: 4B97941F
	v_lshlrev_b32_e32 v204, 13, v203                           // 000000004568: 3199968D
	v_lshl_add_u32 v204, s26, 8, v204                          // 00000000456C: D64600CC 0731101A
	v_lshl_add_u32 v204, s2, 6, v204                           // 000000004574: D64600CC 07310C02
	v_lshl_add_u32 v204, v200, 4, v204                         // 00000000457C: D64600CC 073109C8
	global_load_b128 v[208:211], v204, s[12:13]                // 000000004584: DC5E0000 D00C00CC
	s_waitcnt vmcnt(0)                                         // 00000000458C: BF8903F7
	v_lshlrev_b32_e32 v205, 6, v202                            // 000000004590: 319B9486
	v_lshl_add_u32 v205, v200, 4, v205                         // 000000004594: D64600CD 073509C8
	v_add_nc_u32_e32 v205, 0x2000, v205                        // 00000000459C: 4B9B9AFF 00002000
	ds_store_b128 v205, v[208:211]                             // 0000000045A4: DB7C0000 0000D0CD
	v_add_nc_u32_e32 v202, 48, v201                            // 0000000045AC: 4B9592B0
	v_add_nc_u32_e32 v203, s31, v202                           // 0000000045B0: 4B97941F
	v_lshlrev_b32_e32 v204, 13, v203                           // 0000000045B4: 3199968D
	v_lshl_add_u32 v204, s26, 8, v204                          // 0000000045B8: D64600CC 0731101A
	v_lshl_add_u32 v204, s2, 6, v204                           // 0000000045C0: D64600CC 07310C02
	v_lshl_add_u32 v204, v200, 4, v204                         // 0000000045C8: D64600CC 073109C8
	global_load_b128 v[208:211], v204, s[12:13]                // 0000000045D0: DC5E0000 D00C00CC
	s_waitcnt vmcnt(0)                                         // 0000000045D8: BF8903F7
	v_lshlrev_b32_e32 v205, 6, v202                            // 0000000045DC: 319B9486
	v_lshl_add_u32 v205, v200, 4, v205                         // 0000000045E0: D64600CD 073509C8
	v_add_nc_u32_e32 v205, 0x2000, v205                        // 0000000045E8: 4B9B9AFF 00002000
	ds_store_b128 v205, v[208:211]                             // 0000000045F0: DB7C0000 0000D0CD
	s_waitcnt lgkmcnt(0)                                       // 0000000045F8: BF89FC07
	s_barrier                                                  // 0000000045FC: BFBD0000
	v_lshlrev_b32_e32 v7, 11, v2                               // 000000004600: 300E048B
	v_lshl_add_u32 v7, v3, 7, v7                               // 000000004604: D6460007 041D0F03
	v_lshl_add_u32 v7, v4, 4, v7                               // 00000000460C: D6460007 041D0904
	ds_load_b128 v[8:11], v7                                   // 000000004614: DBFC0000 08000007
	s_waitcnt lgkmcnt(0)                                       // 00000000461C: BF89FC07
	ds_swizzle_b32 v12, v8 offset:swizzle(SWAP,16)             // 000000004620: D8D4401F 0C000008
	ds_swizzle_b32 v13, v9 offset:swizzle(SWAP,16)             // 000000004628: D8D4401F 0D000009
	ds_swizzle_b32 v14, v10 offset:swizzle(SWAP,16)            // 000000004630: D8D4401F 0E00000A
	ds_swizzle_b32 v15, v11 offset:swizzle(SWAP,16)            // 000000004638: D8D4401F 0F00000B
	s_waitcnt lgkmcnt(0)                                       // 000000004640: BF89FC07
	v_lshlrev_b32_e32 v206, 9, v4                              // 000000004644: 319C0889
	v_lshl_add_u32 v206, v3, 1, v206                           // 000000004648: D64600CE 07390303
	v_add_nc_u32_e32 v206, 0x2000, v206                        // 000000004650: 4B9D9CFF 00002000
	ds_load_u16 v16, v206                                      // 000000004658: D8F00000 100000CE
	ds_load_u16_d16_hi v16, v206 offset:64                     // 000000004660: DA9C0040 100000CE
	ds_load_u16 v17, v206 offset:128                           // 000000004668: D8F00080 110000CE
	ds_load_u16_d16_hi v17, v206 offset:192                    // 000000004670: DA9C00C0 110000CE
	ds_load_u16 v18, v206 offset:256                           // 000000004678: D8F00100 120000CE
	ds_load_u16_d16_hi v18, v206 offset:320                    // 000000004680: DA9C0140 120000CE
	ds_load_u16 v19, v206 offset:384                           // 000000004688: D8F00180 130000CE
	ds_load_u16_d16_hi v19, v206 offset:448                    // 000000004690: DA9C01C0 130000CE
	s_waitcnt lgkmcnt(0)                                       // 000000004698: BF89FC07
	ds_swizzle_b32 v20, v16 offset:swizzle(SWAP,16)            // 00000000469C: D8D4401F 14000010
	ds_swizzle_b32 v21, v17 offset:swizzle(SWAP,16)            // 0000000046A4: D8D4401F 15000011
	ds_swizzle_b32 v22, v18 offset:swizzle(SWAP,16)            // 0000000046AC: D8D4401F 16000012
	ds_swizzle_b32 v23, v19 offset:swizzle(SWAP,16)            // 0000000046B4: D8D4401F 17000013
	s_waitcnt lgkmcnt(0)                                       // 0000000046BC: BF89FC07
	v_wmma_f32_16x16x16_bf16 v[64:71], v[8:15], v[16:23], v[64:71]// 0000000046C0: CC414040 1D022108
	v_lshlrev_b32_e32 v206, 9, v4                              // 0000000046C8: 319C0889
	v_lshl_add_u32 v206, v3, 1, v206                           // 0000000046CC: D64600CE 07390303
	v_add_nc_u32_e32 v206, 0x2020, v206                        // 0000000046D4: 4B9D9CFF 00002020
	ds_load_u16 v16, v206                                      // 0000000046DC: D8F00000 100000CE
	ds_load_u16_d16_hi v16, v206 offset:64                     // 0000000046E4: DA9C0040 100000CE
	ds_load_u16 v17, v206 offset:128                           // 0000000046EC: D8F00080 110000CE
	ds_load_u16_d16_hi v17, v206 offset:192                    // 0000000046F4: DA9C00C0 110000CE
	ds_load_u16 v18, v206 offset:256                           // 0000000046FC: D8F00100 120000CE
	ds_load_u16_d16_hi v18, v206 offset:320                    // 000000004704: DA9C0140 120000CE
	ds_load_u16 v19, v206 offset:384                           // 00000000470C: D8F00180 130000CE
	ds_load_u16_d16_hi v19, v206 offset:448                    // 000000004714: DA9C01C0 130000CE
	s_waitcnt lgkmcnt(0)                                       // 00000000471C: BF89FC07
	ds_swizzle_b32 v20, v16 offset:swizzle(SWAP,16)            // 000000004720: D8D4401F 14000010
	ds_swizzle_b32 v21, v17 offset:swizzle(SWAP,16)            // 000000004728: D8D4401F 15000011
	ds_swizzle_b32 v22, v18 offset:swizzle(SWAP,16)            // 000000004730: D8D4401F 16000012
	ds_swizzle_b32 v23, v19 offset:swizzle(SWAP,16)            // 000000004738: D8D4401F 17000013
	s_waitcnt lgkmcnt(0)                                       // 000000004740: BF89FC07
	v_wmma_f32_16x16x16_bf16 v[72:79], v[8:15], v[16:23], v[72:79]// 000000004744: CC414048 1D222108
	ds_load_b128 v[8:11], v7 offset:32                         // 00000000474C: DBFC0020 08000007
	s_waitcnt lgkmcnt(0)                                       // 000000004754: BF89FC07
	ds_swizzle_b32 v12, v8 offset:swizzle(SWAP,16)             // 000000004758: D8D4401F 0C000008
	ds_swizzle_b32 v13, v9 offset:swizzle(SWAP,16)             // 000000004760: D8D4401F 0D000009
	ds_swizzle_b32 v14, v10 offset:swizzle(SWAP,16)            // 000000004768: D8D4401F 0E00000A
	ds_swizzle_b32 v15, v11 offset:swizzle(SWAP,16)            // 000000004770: D8D4401F 0F00000B
	s_waitcnt lgkmcnt(0)                                       // 000000004778: BF89FC07
	v_lshlrev_b32_e32 v206, 9, v4                              // 00000000477C: 319C0889
	v_lshl_add_u32 v206, v3, 1, v206                           // 000000004780: D64600CE 07390303
	v_add_nc_u32_e32 v206, 0x2400, v206                        // 000000004788: 4B9D9CFF 00002400
	ds_load_u16 v16, v206                                      // 000000004790: D8F00000 100000CE
	ds_load_u16_d16_hi v16, v206 offset:64                     // 000000004798: DA9C0040 100000CE
	ds_load_u16 v17, v206 offset:128                           // 0000000047A0: D8F00080 110000CE
	ds_load_u16_d16_hi v17, v206 offset:192                    // 0000000047A8: DA9C00C0 110000CE
	ds_load_u16 v18, v206 offset:256                           // 0000000047B0: D8F00100 120000CE
	ds_load_u16_d16_hi v18, v206 offset:320                    // 0000000047B8: DA9C0140 120000CE
	ds_load_u16 v19, v206 offset:384                           // 0000000047C0: D8F00180 130000CE
	ds_load_u16_d16_hi v19, v206 offset:448                    // 0000000047C8: DA9C01C0 130000CE
	s_waitcnt lgkmcnt(0)                                       // 0000000047D0: BF89FC07
	ds_swizzle_b32 v20, v16 offset:swizzle(SWAP,16)            // 0000000047D4: D8D4401F 14000010
	ds_swizzle_b32 v21, v17 offset:swizzle(SWAP,16)            // 0000000047DC: D8D4401F 15000011
	ds_swizzle_b32 v22, v18 offset:swizzle(SWAP,16)            // 0000000047E4: D8D4401F 16000012
	ds_swizzle_b32 v23, v19 offset:swizzle(SWAP,16)            // 0000000047EC: D8D4401F 17000013
	s_waitcnt lgkmcnt(0)                                       // 0000000047F4: BF89FC07
	v_wmma_f32_16x16x16_bf16 v[64:71], v[8:15], v[16:23], v[64:71]// 0000000047F8: CC414040 1D022108
	v_lshlrev_b32_e32 v206, 9, v4                              // 000000004800: 319C0889
	v_lshl_add_u32 v206, v3, 1, v206                           // 000000004804: D64600CE 07390303
	v_add_nc_u32_e32 v206, 0x2420, v206                        // 00000000480C: 4B9D9CFF 00002420
	ds_load_u16 v16, v206                                      // 000000004814: D8F00000 100000CE
	ds_load_u16_d16_hi v16, v206 offset:64                     // 00000000481C: DA9C0040 100000CE
	ds_load_u16 v17, v206 offset:128                           // 000000004824: D8F00080 110000CE
	ds_load_u16_d16_hi v17, v206 offset:192                    // 00000000482C: DA9C00C0 110000CE
	ds_load_u16 v18, v206 offset:256                           // 000000004834: D8F00100 120000CE
	ds_load_u16_d16_hi v18, v206 offset:320                    // 00000000483C: DA9C0140 120000CE
	ds_load_u16 v19, v206 offset:384                           // 000000004844: D8F00180 130000CE
	ds_load_u16_d16_hi v19, v206 offset:448                    // 00000000484C: DA9C01C0 130000CE
	s_waitcnt lgkmcnt(0)                                       // 000000004854: BF89FC07
	ds_swizzle_b32 v20, v16 offset:swizzle(SWAP,16)            // 000000004858: D8D4401F 14000010
	ds_swizzle_b32 v21, v17 offset:swizzle(SWAP,16)            // 000000004860: D8D4401F 15000011
	ds_swizzle_b32 v22, v18 offset:swizzle(SWAP,16)            // 000000004868: D8D4401F 16000012
	ds_swizzle_b32 v23, v19 offset:swizzle(SWAP,16)            // 000000004870: D8D4401F 17000013
	s_waitcnt lgkmcnt(0)                                       // 000000004878: BF89FC07
	v_wmma_f32_16x16x16_bf16 v[72:79], v[8:15], v[16:23], v[72:79]// 00000000487C: CC414048 1D222108
	ds_load_b128 v[8:11], v7 offset:64                         // 000000004884: DBFC0040 08000007
	s_waitcnt lgkmcnt(0)                                       // 00000000488C: BF89FC07
	ds_swizzle_b32 v12, v8 offset:swizzle(SWAP,16)             // 000000004890: D8D4401F 0C000008
	ds_swizzle_b32 v13, v9 offset:swizzle(SWAP,16)             // 000000004898: D8D4401F 0D000009
	ds_swizzle_b32 v14, v10 offset:swizzle(SWAP,16)            // 0000000048A0: D8D4401F 0E00000A
	ds_swizzle_b32 v15, v11 offset:swizzle(SWAP,16)            // 0000000048A8: D8D4401F 0F00000B
	s_waitcnt lgkmcnt(0)                                       // 0000000048B0: BF89FC07
	v_lshlrev_b32_e32 v206, 9, v4                              // 0000000048B4: 319C0889
	v_lshl_add_u32 v206, v3, 1, v206                           // 0000000048B8: D64600CE 07390303
	v_add_nc_u32_e32 v206, 0x2800, v206                        // 0000000048C0: 4B9D9CFF 00002800
	ds_load_u16 v16, v206                                      // 0000000048C8: D8F00000 100000CE
	ds_load_u16_d16_hi v16, v206 offset:64                     // 0000000048D0: DA9C0040 100000CE
	ds_load_u16 v17, v206 offset:128                           // 0000000048D8: D8F00080 110000CE
	ds_load_u16_d16_hi v17, v206 offset:192                    // 0000000048E0: DA9C00C0 110000CE
	ds_load_u16 v18, v206 offset:256                           // 0000000048E8: D8F00100 120000CE
	ds_load_u16_d16_hi v18, v206 offset:320                    // 0000000048F0: DA9C0140 120000CE
	ds_load_u16 v19, v206 offset:384                           // 0000000048F8: D8F00180 130000CE
	ds_load_u16_d16_hi v19, v206 offset:448                    // 000000004900: DA9C01C0 130000CE
	s_waitcnt lgkmcnt(0)                                       // 000000004908: BF89FC07
	ds_swizzle_b32 v20, v16 offset:swizzle(SWAP,16)            // 00000000490C: D8D4401F 14000010
	ds_swizzle_b32 v21, v17 offset:swizzle(SWAP,16)            // 000000004914: D8D4401F 15000011
	ds_swizzle_b32 v22, v18 offset:swizzle(SWAP,16)            // 00000000491C: D8D4401F 16000012
	ds_swizzle_b32 v23, v19 offset:swizzle(SWAP,16)            // 000000004924: D8D4401F 17000013
	s_waitcnt lgkmcnt(0)                                       // 00000000492C: BF89FC07
	v_wmma_f32_16x16x16_bf16 v[64:71], v[8:15], v[16:23], v[64:71]// 000000004930: CC414040 1D022108
	v_lshlrev_b32_e32 v206, 9, v4                              // 000000004938: 319C0889
	v_lshl_add_u32 v206, v3, 1, v206                           // 00000000493C: D64600CE 07390303
	v_add_nc_u32_e32 v206, 0x2820, v206                        // 000000004944: 4B9D9CFF 00002820
	ds_load_u16 v16, v206                                      // 00000000494C: D8F00000 100000CE
	ds_load_u16_d16_hi v16, v206 offset:64                     // 000000004954: DA9C0040 100000CE
	ds_load_u16 v17, v206 offset:128                           // 00000000495C: D8F00080 110000CE
	ds_load_u16_d16_hi v17, v206 offset:192                    // 000000004964: DA9C00C0 110000CE
	ds_load_u16 v18, v206 offset:256                           // 00000000496C: D8F00100 120000CE
	ds_load_u16_d16_hi v18, v206 offset:320                    // 000000004974: DA9C0140 120000CE
	ds_load_u16 v19, v206 offset:384                           // 00000000497C: D8F00180 130000CE
	ds_load_u16_d16_hi v19, v206 offset:448                    // 000000004984: DA9C01C0 130000CE
	s_waitcnt lgkmcnt(0)                                       // 00000000498C: BF89FC07
	ds_swizzle_b32 v20, v16 offset:swizzle(SWAP,16)            // 000000004990: D8D4401F 14000010
	ds_swizzle_b32 v21, v17 offset:swizzle(SWAP,16)            // 000000004998: D8D4401F 15000011
	ds_swizzle_b32 v22, v18 offset:swizzle(SWAP,16)            // 0000000049A0: D8D4401F 16000012
	ds_swizzle_b32 v23, v19 offset:swizzle(SWAP,16)            // 0000000049A8: D8D4401F 17000013
	s_waitcnt lgkmcnt(0)                                       // 0000000049B0: BF89FC07
	v_wmma_f32_16x16x16_bf16 v[72:79], v[8:15], v[16:23], v[72:79]// 0000000049B4: CC414048 1D222108
	ds_load_b128 v[8:11], v7 offset:96                         // 0000000049BC: DBFC0060 08000007
	s_waitcnt lgkmcnt(0)                                       // 0000000049C4: BF89FC07
	ds_swizzle_b32 v12, v8 offset:swizzle(SWAP,16)             // 0000000049C8: D8D4401F 0C000008
	ds_swizzle_b32 v13, v9 offset:swizzle(SWAP,16)             // 0000000049D0: D8D4401F 0D000009
	ds_swizzle_b32 v14, v10 offset:swizzle(SWAP,16)            // 0000000049D8: D8D4401F 0E00000A
	ds_swizzle_b32 v15, v11 offset:swizzle(SWAP,16)            // 0000000049E0: D8D4401F 0F00000B
	s_waitcnt lgkmcnt(0)                                       // 0000000049E8: BF89FC07
	v_lshlrev_b32_e32 v206, 9, v4                              // 0000000049EC: 319C0889
	v_lshl_add_u32 v206, v3, 1, v206                           // 0000000049F0: D64600CE 07390303
	v_add_nc_u32_e32 v206, 0x2c00, v206                        // 0000000049F8: 4B9D9CFF 00002C00
	ds_load_u16 v16, v206                                      // 000000004A00: D8F00000 100000CE
	ds_load_u16_d16_hi v16, v206 offset:64                     // 000000004A08: DA9C0040 100000CE
	ds_load_u16 v17, v206 offset:128                           // 000000004A10: D8F00080 110000CE
	ds_load_u16_d16_hi v17, v206 offset:192                    // 000000004A18: DA9C00C0 110000CE
	ds_load_u16 v18, v206 offset:256                           // 000000004A20: D8F00100 120000CE
	ds_load_u16_d16_hi v18, v206 offset:320                    // 000000004A28: DA9C0140 120000CE
	ds_load_u16 v19, v206 offset:384                           // 000000004A30: D8F00180 130000CE
	ds_load_u16_d16_hi v19, v206 offset:448                    // 000000004A38: DA9C01C0 130000CE
	s_waitcnt lgkmcnt(0)                                       // 000000004A40: BF89FC07
	ds_swizzle_b32 v20, v16 offset:swizzle(SWAP,16)            // 000000004A44: D8D4401F 14000010
	ds_swizzle_b32 v21, v17 offset:swizzle(SWAP,16)            // 000000004A4C: D8D4401F 15000011
	ds_swizzle_b32 v22, v18 offset:swizzle(SWAP,16)            // 000000004A54: D8D4401F 16000012
	ds_swizzle_b32 v23, v19 offset:swizzle(SWAP,16)            // 000000004A5C: D8D4401F 17000013
	s_waitcnt lgkmcnt(0)                                       // 000000004A64: BF89FC07
	v_wmma_f32_16x16x16_bf16 v[64:71], v[8:15], v[16:23], v[64:71]// 000000004A68: CC414040 1D022108
	v_lshlrev_b32_e32 v206, 9, v4                              // 000000004A70: 319C0889
	v_lshl_add_u32 v206, v3, 1, v206                           // 000000004A74: D64600CE 07390303
	v_add_nc_u32_e32 v206, 0x2c20, v206                        // 000000004A7C: 4B9D9CFF 00002C20
	ds_load_u16 v16, v206                                      // 000000004A84: D8F00000 100000CE
	ds_load_u16_d16_hi v16, v206 offset:64                     // 000000004A8C: DA9C0040 100000CE
	ds_load_u16 v17, v206 offset:128                           // 000000004A94: D8F00080 110000CE
	ds_load_u16_d16_hi v17, v206 offset:192                    // 000000004A9C: DA9C00C0 110000CE
	ds_load_u16 v18, v206 offset:256                           // 000000004AA4: D8F00100 120000CE
	ds_load_u16_d16_hi v18, v206 offset:320                    // 000000004AAC: DA9C0140 120000CE
	ds_load_u16 v19, v206 offset:384                           // 000000004AB4: D8F00180 130000CE
	ds_load_u16_d16_hi v19, v206 offset:448                    // 000000004ABC: DA9C01C0 130000CE
	s_waitcnt lgkmcnt(0)                                       // 000000004AC4: BF89FC07
	ds_swizzle_b32 v20, v16 offset:swizzle(SWAP,16)            // 000000004AC8: D8D4401F 14000010
	ds_swizzle_b32 v21, v17 offset:swizzle(SWAP,16)            // 000000004AD0: D8D4401F 15000011
	ds_swizzle_b32 v22, v18 offset:swizzle(SWAP,16)            // 000000004AD8: D8D4401F 16000012
	ds_swizzle_b32 v23, v19 offset:swizzle(SWAP,16)            // 000000004AE0: D8D4401F 17000013
	s_waitcnt lgkmcnt(0)                                       // 000000004AE8: BF89FC07
	v_wmma_f32_16x16x16_bf16 v[72:79], v[8:15], v[16:23], v[72:79]// 000000004AEC: CC414048 1D222108
	v_mul_f32_e32 v64, s24, v64                                // 000000004AF4: 10808018
	v_mul_f32_e32 v65, s24, v65                                // 000000004AF8: 10828218
	v_mul_f32_e32 v66, s24, v66                                // 000000004AFC: 10848418
	v_mul_f32_e32 v67, s24, v67                                // 000000004B00: 10868618
	v_mul_f32_e32 v68, s24, v68                                // 000000004B04: 10888818
	v_mul_f32_e32 v69, s24, v69                                // 000000004B08: 108A8A18
	v_mul_f32_e32 v70, s24, v70                                // 000000004B0C: 108C8C18
	v_mul_f32_e32 v71, s24, v71                                // 000000004B10: 108E8E18
	v_mul_f32_e32 v72, s24, v72                                // 000000004B14: 10909018
	v_mul_f32_e32 v73, s24, v73                                // 000000004B18: 10929218
	v_mul_f32_e32 v74, s24, v74                                // 000000004B1C: 10949418
	v_mul_f32_e32 v75, s24, v75                                // 000000004B20: 10969618
	v_mul_f32_e32 v76, s24, v76                                // 000000004B24: 10989818
	v_mul_f32_e32 v77, s24, v77                                // 000000004B28: 109A9A18
	v_mul_f32_e32 v78, s24, v78                                // 000000004B2C: 109C9C18
	v_mul_f32_e32 v79, s24, v79                                // 000000004B30: 109E9E18
	v_lshlrev_b32_e32 v6, 4, v2                                // 000000004B34: 300C0484
	v_add_nc_u32_e32 v6, v6, v4                                // 000000004B38: 4A0C0906
	v_lshrrev_b32_e32 v208, 16, v64                            // 000000004B3C: 33A08090
	v_and_b32_e32 v208, 1, v208                                // 000000004B40: 37A1A081
	v_add_nc_u32_e32 v209, 0x7fff, v64                         // 000000004B44: 4BA280FF 00007FFF
	v_add_nc_u32_e32 v209, v208, v209                          // 000000004B4C: 4BA3A3D0
	v_lshrrev_b32_e32 v209, 16, v209                           // 000000004B50: 33A3A290
	v_add_nc_u32_e32 v202, 0, v6                               // 000000004B54: 4B940C80
	v_add_nc_u32_e32 v202, s28, v202                           // 000000004B58: 4B95941C
	v_lshlrev_b32_e32 v204, 13, v202                           // 000000004B5C: 3199948D
	v_lshl_add_u32 v204, s26, 8, v204                          // 000000004B60: D64600CC 0731101A
	v_lshl_add_u32 v204, s2, 6, v204                           // 000000004B68: D64600CC 07310C02
	v_lshl_add_u32 v204, v3, 1, v204                           // 000000004B70: D64600CC 07310303
	v_add_nc_u32_e32 v204, 0, v204                             // 000000004B78: 4B999880
	global_store_b16 v204, v209, s[18:19]                      // 000000004B7C: DC660000 0012D1CC
	v_lshrrev_b32_e32 v208, 16, v65                            // 000000004B84: 33A08290
	v_and_b32_e32 v208, 1, v208                                // 000000004B88: 37A1A081
	v_add_nc_u32_e32 v209, 0x7fff, v65                         // 000000004B8C: 4BA282FF 00007FFF
	v_add_nc_u32_e32 v209, v208, v209                          // 000000004B94: 4BA3A3D0
	v_lshrrev_b32_e32 v209, 16, v209                           // 000000004B98: 33A3A290
	v_add_nc_u32_e32 v202, 2, v6                               // 000000004B9C: 4B940C82
	v_add_nc_u32_e32 v202, s28, v202                           // 000000004BA0: 4B95941C
	v_lshlrev_b32_e32 v204, 13, v202                           // 000000004BA4: 3199948D
	v_lshl_add_u32 v204, s26, 8, v204                          // 000000004BA8: D64600CC 0731101A
	v_lshl_add_u32 v204, s2, 6, v204                           // 000000004BB0: D64600CC 07310C02
	v_lshl_add_u32 v204, v3, 1, v204                           // 000000004BB8: D64600CC 07310303
	v_add_nc_u32_e32 v204, 0, v204                             // 000000004BC0: 4B999880
	global_store_b16 v204, v209, s[18:19]                      // 000000004BC4: DC660000 0012D1CC
	v_lshrrev_b32_e32 v208, 16, v66                            // 000000004BCC: 33A08490
	v_and_b32_e32 v208, 1, v208                                // 000000004BD0: 37A1A081
	v_add_nc_u32_e32 v209, 0x7fff, v66                         // 000000004BD4: 4BA284FF 00007FFF
	v_add_nc_u32_e32 v209, v208, v209                          // 000000004BDC: 4BA3A3D0
	v_lshrrev_b32_e32 v209, 16, v209                           // 000000004BE0: 33A3A290
	v_add_nc_u32_e32 v202, 4, v6                               // 000000004BE4: 4B940C84
	v_add_nc_u32_e32 v202, s28, v202                           // 000000004BE8: 4B95941C
	v_lshlrev_b32_e32 v204, 13, v202                           // 000000004BEC: 3199948D
	v_lshl_add_u32 v204, s26, 8, v204                          // 000000004BF0: D64600CC 0731101A
	v_lshl_add_u32 v204, s2, 6, v204                           // 000000004BF8: D64600CC 07310C02
	v_lshl_add_u32 v204, v3, 1, v204                           // 000000004C00: D64600CC 07310303
	v_add_nc_u32_e32 v204, 0, v204                             // 000000004C08: 4B999880
	global_store_b16 v204, v209, s[18:19]                      // 000000004C0C: DC660000 0012D1CC
	v_lshrrev_b32_e32 v208, 16, v67                            // 000000004C14: 33A08690
	v_and_b32_e32 v208, 1, v208                                // 000000004C18: 37A1A081
	v_add_nc_u32_e32 v209, 0x7fff, v67                         // 000000004C1C: 4BA286FF 00007FFF
	v_add_nc_u32_e32 v209, v208, v209                          // 000000004C24: 4BA3A3D0
	v_lshrrev_b32_e32 v209, 16, v209                           // 000000004C28: 33A3A290
	v_add_nc_u32_e32 v202, 6, v6                               // 000000004C2C: 4B940C86
	v_add_nc_u32_e32 v202, s28, v202                           // 000000004C30: 4B95941C
	v_lshlrev_b32_e32 v204, 13, v202                           // 000000004C34: 3199948D
	v_lshl_add_u32 v204, s26, 8, v204                          // 000000004C38: D64600CC 0731101A
	v_lshl_add_u32 v204, s2, 6, v204                           // 000000004C40: D64600CC 07310C02
	v_lshl_add_u32 v204, v3, 1, v204                           // 000000004C48: D64600CC 07310303
	v_add_nc_u32_e32 v204, 0, v204                             // 000000004C50: 4B999880
	global_store_b16 v204, v209, s[18:19]                      // 000000004C54: DC660000 0012D1CC
	v_lshrrev_b32_e32 v208, 16, v68                            // 000000004C5C: 33A08890
	v_and_b32_e32 v208, 1, v208                                // 000000004C60: 37A1A081
	v_add_nc_u32_e32 v209, 0x7fff, v68                         // 000000004C64: 4BA288FF 00007FFF
	v_add_nc_u32_e32 v209, v208, v209                          // 000000004C6C: 4BA3A3D0
	v_lshrrev_b32_e32 v209, 16, v209                           // 000000004C70: 33A3A290
	v_add_nc_u32_e32 v202, 8, v6                               // 000000004C74: 4B940C88
	v_add_nc_u32_e32 v202, s28, v202                           // 000000004C78: 4B95941C
	v_lshlrev_b32_e32 v204, 13, v202                           // 000000004C7C: 3199948D
	v_lshl_add_u32 v204, s26, 8, v204                          // 000000004C80: D64600CC 0731101A
	v_lshl_add_u32 v204, s2, 6, v204                           // 000000004C88: D64600CC 07310C02
	v_lshl_add_u32 v204, v3, 1, v204                           // 000000004C90: D64600CC 07310303
	v_add_nc_u32_e32 v204, 0, v204                             // 000000004C98: 4B999880
	global_store_b16 v204, v209, s[18:19]                      // 000000004C9C: DC660000 0012D1CC
	v_lshrrev_b32_e32 v208, 16, v69                            // 000000004CA4: 33A08A90
	v_and_b32_e32 v208, 1, v208                                // 000000004CA8: 37A1A081
	v_add_nc_u32_e32 v209, 0x7fff, v69                         // 000000004CAC: 4BA28AFF 00007FFF
	v_add_nc_u32_e32 v209, v208, v209                          // 000000004CB4: 4BA3A3D0
	v_lshrrev_b32_e32 v209, 16, v209                           // 000000004CB8: 33A3A290
	v_add_nc_u32_e32 v202, 10, v6                              // 000000004CBC: 4B940C8A
	v_add_nc_u32_e32 v202, s28, v202                           // 000000004CC0: 4B95941C
	v_lshlrev_b32_e32 v204, 13, v202                           // 000000004CC4: 3199948D
	v_lshl_add_u32 v204, s26, 8, v204                          // 000000004CC8: D64600CC 0731101A
	v_lshl_add_u32 v204, s2, 6, v204                           // 000000004CD0: D64600CC 07310C02
	v_lshl_add_u32 v204, v3, 1, v204                           // 000000004CD8: D64600CC 07310303
	v_add_nc_u32_e32 v204, 0, v204                             // 000000004CE0: 4B999880
	global_store_b16 v204, v209, s[18:19]                      // 000000004CE4: DC660000 0012D1CC
	v_lshrrev_b32_e32 v208, 16, v70                            // 000000004CEC: 33A08C90
	v_and_b32_e32 v208, 1, v208                                // 000000004CF0: 37A1A081
	v_add_nc_u32_e32 v209, 0x7fff, v70                         // 000000004CF4: 4BA28CFF 00007FFF
	v_add_nc_u32_e32 v209, v208, v209                          // 000000004CFC: 4BA3A3D0
	v_lshrrev_b32_e32 v209, 16, v209                           // 000000004D00: 33A3A290
	v_add_nc_u32_e32 v202, 12, v6                              // 000000004D04: 4B940C8C
	v_add_nc_u32_e32 v202, s28, v202                           // 000000004D08: 4B95941C
	v_lshlrev_b32_e32 v204, 13, v202                           // 000000004D0C: 3199948D
	v_lshl_add_u32 v204, s26, 8, v204                          // 000000004D10: D64600CC 0731101A
	v_lshl_add_u32 v204, s2, 6, v204                           // 000000004D18: D64600CC 07310C02
	v_lshl_add_u32 v204, v3, 1, v204                           // 000000004D20: D64600CC 07310303
	v_add_nc_u32_e32 v204, 0, v204                             // 000000004D28: 4B999880
	global_store_b16 v204, v209, s[18:19]                      // 000000004D2C: DC660000 0012D1CC
	v_lshrrev_b32_e32 v208, 16, v71                            // 000000004D34: 33A08E90
	v_and_b32_e32 v208, 1, v208                                // 000000004D38: 37A1A081
	v_add_nc_u32_e32 v209, 0x7fff, v71                         // 000000004D3C: 4BA28EFF 00007FFF
	v_add_nc_u32_e32 v209, v208, v209                          // 000000004D44: 4BA3A3D0
	v_lshrrev_b32_e32 v209, 16, v209                           // 000000004D48: 33A3A290
	v_add_nc_u32_e32 v202, 14, v6                              // 000000004D4C: 4B940C8E
	v_add_nc_u32_e32 v202, s28, v202                           // 000000004D50: 4B95941C
	v_lshlrev_b32_e32 v204, 13, v202                           // 000000004D54: 3199948D
	v_lshl_add_u32 v204, s26, 8, v204                          // 000000004D58: D64600CC 0731101A
	v_lshl_add_u32 v204, s2, 6, v204                           // 000000004D60: D64600CC 07310C02
	v_lshl_add_u32 v204, v3, 1, v204                           // 000000004D68: D64600CC 07310303
	v_add_nc_u32_e32 v204, 0, v204                             // 000000004D70: 4B999880
	global_store_b16 v204, v209, s[18:19]                      // 000000004D74: DC660000 0012D1CC
	v_lshrrev_b32_e32 v208, 16, v72                            // 000000004D7C: 33A09090
	v_and_b32_e32 v208, 1, v208                                // 000000004D80: 37A1A081
	v_add_nc_u32_e32 v209, 0x7fff, v72                         // 000000004D84: 4BA290FF 00007FFF
	v_add_nc_u32_e32 v209, v208, v209                          // 000000004D8C: 4BA3A3D0
	v_lshrrev_b32_e32 v209, 16, v209                           // 000000004D90: 33A3A290
	v_add_nc_u32_e32 v202, 0, v6                               // 000000004D94: 4B940C80
	v_add_nc_u32_e32 v202, s28, v202                           // 000000004D98: 4B95941C
	v_lshlrev_b32_e32 v204, 13, v202                           // 000000004D9C: 3199948D
	v_lshl_add_u32 v204, s26, 8, v204                          // 000000004DA0: D64600CC 0731101A
	v_lshl_add_u32 v204, s2, 6, v204                           // 000000004DA8: D64600CC 07310C02
	v_lshl_add_u32 v204, v3, 1, v204                           // 000000004DB0: D64600CC 07310303
	v_add_nc_u32_e32 v204, 32, v204                            // 000000004DB8: 4B9998A0
	global_store_b16 v204, v209, s[18:19]                      // 000000004DBC: DC660000 0012D1CC
	v_lshrrev_b32_e32 v208, 16, v73                            // 000000004DC4: 33A09290
	v_and_b32_e32 v208, 1, v208                                // 000000004DC8: 37A1A081
	v_add_nc_u32_e32 v209, 0x7fff, v73                         // 000000004DCC: 4BA292FF 00007FFF
	v_add_nc_u32_e32 v209, v208, v209                          // 000000004DD4: 4BA3A3D0
	v_lshrrev_b32_e32 v209, 16, v209                           // 000000004DD8: 33A3A290
	v_add_nc_u32_e32 v202, 2, v6                               // 000000004DDC: 4B940C82
	v_add_nc_u32_e32 v202, s28, v202                           // 000000004DE0: 4B95941C
	v_lshlrev_b32_e32 v204, 13, v202                           // 000000004DE4: 3199948D
	v_lshl_add_u32 v204, s26, 8, v204                          // 000000004DE8: D64600CC 0731101A
	v_lshl_add_u32 v204, s2, 6, v204                           // 000000004DF0: D64600CC 07310C02
	v_lshl_add_u32 v204, v3, 1, v204                           // 000000004DF8: D64600CC 07310303
	v_add_nc_u32_e32 v204, 32, v204                            // 000000004E00: 4B9998A0
	global_store_b16 v204, v209, s[18:19]                      // 000000004E04: DC660000 0012D1CC
	v_lshrrev_b32_e32 v208, 16, v74                            // 000000004E0C: 33A09490
	v_and_b32_e32 v208, 1, v208                                // 000000004E10: 37A1A081
	v_add_nc_u32_e32 v209, 0x7fff, v74                         // 000000004E14: 4BA294FF 00007FFF
	v_add_nc_u32_e32 v209, v208, v209                          // 000000004E1C: 4BA3A3D0
	v_lshrrev_b32_e32 v209, 16, v209                           // 000000004E20: 33A3A290
	v_add_nc_u32_e32 v202, 4, v6                               // 000000004E24: 4B940C84
	v_add_nc_u32_e32 v202, s28, v202                           // 000000004E28: 4B95941C
	v_lshlrev_b32_e32 v204, 13, v202                           // 000000004E2C: 3199948D
	v_lshl_add_u32 v204, s26, 8, v204                          // 000000004E30: D64600CC 0731101A
	v_lshl_add_u32 v204, s2, 6, v204                           // 000000004E38: D64600CC 07310C02
	v_lshl_add_u32 v204, v3, 1, v204                           // 000000004E40: D64600CC 07310303
	v_add_nc_u32_e32 v204, 32, v204                            // 000000004E48: 4B9998A0
	global_store_b16 v204, v209, s[18:19]                      // 000000004E4C: DC660000 0012D1CC
	v_lshrrev_b32_e32 v208, 16, v75                            // 000000004E54: 33A09690
	v_and_b32_e32 v208, 1, v208                                // 000000004E58: 37A1A081
	v_add_nc_u32_e32 v209, 0x7fff, v75                         // 000000004E5C: 4BA296FF 00007FFF
	v_add_nc_u32_e32 v209, v208, v209                          // 000000004E64: 4BA3A3D0
	v_lshrrev_b32_e32 v209, 16, v209                           // 000000004E68: 33A3A290
	v_add_nc_u32_e32 v202, 6, v6                               // 000000004E6C: 4B940C86
	v_add_nc_u32_e32 v202, s28, v202                           // 000000004E70: 4B95941C
	v_lshlrev_b32_e32 v204, 13, v202                           // 000000004E74: 3199948D
	v_lshl_add_u32 v204, s26, 8, v204                          // 000000004E78: D64600CC 0731101A
	v_lshl_add_u32 v204, s2, 6, v204                           // 000000004E80: D64600CC 07310C02
	v_lshl_add_u32 v204, v3, 1, v204                           // 000000004E88: D64600CC 07310303
	v_add_nc_u32_e32 v204, 32, v204                            // 000000004E90: 4B9998A0
	global_store_b16 v204, v209, s[18:19]                      // 000000004E94: DC660000 0012D1CC
	v_lshrrev_b32_e32 v208, 16, v76                            // 000000004E9C: 33A09890
	v_and_b32_e32 v208, 1, v208                                // 000000004EA0: 37A1A081
	v_add_nc_u32_e32 v209, 0x7fff, v76                         // 000000004EA4: 4BA298FF 00007FFF
	v_add_nc_u32_e32 v209, v208, v209                          // 000000004EAC: 4BA3A3D0
	v_lshrrev_b32_e32 v209, 16, v209                           // 000000004EB0: 33A3A290
	v_add_nc_u32_e32 v202, 8, v6                               // 000000004EB4: 4B940C88
	v_add_nc_u32_e32 v202, s28, v202                           // 000000004EB8: 4B95941C
	v_lshlrev_b32_e32 v204, 13, v202                           // 000000004EBC: 3199948D
	v_lshl_add_u32 v204, s26, 8, v204                          // 000000004EC0: D64600CC 0731101A
	v_lshl_add_u32 v204, s2, 6, v204                           // 000000004EC8: D64600CC 07310C02
	v_lshl_add_u32 v204, v3, 1, v204                           // 000000004ED0: D64600CC 07310303
	v_add_nc_u32_e32 v204, 32, v204                            // 000000004ED8: 4B9998A0
	global_store_b16 v204, v209, s[18:19]                      // 000000004EDC: DC660000 0012D1CC
	v_lshrrev_b32_e32 v208, 16, v77                            // 000000004EE4: 33A09A90
	v_and_b32_e32 v208, 1, v208                                // 000000004EE8: 37A1A081
	v_add_nc_u32_e32 v209, 0x7fff, v77                         // 000000004EEC: 4BA29AFF 00007FFF
	v_add_nc_u32_e32 v209, v208, v209                          // 000000004EF4: 4BA3A3D0
	v_lshrrev_b32_e32 v209, 16, v209                           // 000000004EF8: 33A3A290
	v_add_nc_u32_e32 v202, 10, v6                              // 000000004EFC: 4B940C8A
	v_add_nc_u32_e32 v202, s28, v202                           // 000000004F00: 4B95941C
	v_lshlrev_b32_e32 v204, 13, v202                           // 000000004F04: 3199948D
	v_lshl_add_u32 v204, s26, 8, v204                          // 000000004F08: D64600CC 0731101A
	v_lshl_add_u32 v204, s2, 6, v204                           // 000000004F10: D64600CC 07310C02
	v_lshl_add_u32 v204, v3, 1, v204                           // 000000004F18: D64600CC 07310303
	v_add_nc_u32_e32 v204, 32, v204                            // 000000004F20: 4B9998A0
	global_store_b16 v204, v209, s[18:19]                      // 000000004F24: DC660000 0012D1CC
	v_lshrrev_b32_e32 v208, 16, v78                            // 000000004F2C: 33A09C90
	v_and_b32_e32 v208, 1, v208                                // 000000004F30: 37A1A081
	v_add_nc_u32_e32 v209, 0x7fff, v78                         // 000000004F34: 4BA29CFF 00007FFF
	v_add_nc_u32_e32 v209, v208, v209                          // 000000004F3C: 4BA3A3D0
	v_lshrrev_b32_e32 v209, 16, v209                           // 000000004F40: 33A3A290
	v_add_nc_u32_e32 v202, 12, v6                              // 000000004F44: 4B940C8C
	v_add_nc_u32_e32 v202, s28, v202                           // 000000004F48: 4B95941C
	v_lshlrev_b32_e32 v204, 13, v202                           // 000000004F4C: 3199948D
	v_lshl_add_u32 v204, s26, 8, v204                          // 000000004F50: D64600CC 0731101A
	v_lshl_add_u32 v204, s2, 6, v204                           // 000000004F58: D64600CC 07310C02
	v_lshl_add_u32 v204, v3, 1, v204                           // 000000004F60: D64600CC 07310303
	v_add_nc_u32_e32 v204, 32, v204                            // 000000004F68: 4B9998A0
	global_store_b16 v204, v209, s[18:19]                      // 000000004F6C: DC660000 0012D1CC
	v_lshrrev_b32_e32 v208, 16, v79                            // 000000004F74: 33A09E90
	v_and_b32_e32 v208, 1, v208                                // 000000004F78: 37A1A081
	v_add_nc_u32_e32 v209, 0x7fff, v79                         // 000000004F7C: 4BA29EFF 00007FFF
	v_add_nc_u32_e32 v209, v208, v209                          // 000000004F84: 4BA3A3D0
	v_lshrrev_b32_e32 v209, 16, v209                           // 000000004F88: 33A3A290
	v_add_nc_u32_e32 v202, 14, v6                              // 000000004F8C: 4B940C8E
	v_add_nc_u32_e32 v202, s28, v202                           // 000000004F90: 4B95941C
	v_lshlrev_b32_e32 v204, 13, v202                           // 000000004F94: 3199948D
	v_lshl_add_u32 v204, s26, 8, v204                          // 000000004F98: D64600CC 0731101A
	v_lshl_add_u32 v204, s2, 6, v204                           // 000000004FA0: D64600CC 07310C02
	v_lshl_add_u32 v204, v3, 1, v204                           // 000000004FA8: D64600CC 07310303
	v_add_nc_u32_e32 v204, 32, v204                            // 000000004FB0: 4B9998A0
	global_store_b16 v204, v209, s[18:19]                      // 000000004FB4: DC660000 0012D1CC
	s_endpgm                                                   // 000000004FBC: BFB00000
